<gameList>
<game><path>./Sam Coupé DSK//home/runner/rom/TOSEC/MGT/Sam Coupe/Games/[DSK]/Adventures Of Captain Comic, The (19xx)(Lars).zip</path><name>/home/runner/rom/TOSEC/MGT/Sam Coupe/Games/[DSK]/Adventures Of Captain Comic, The (19xx)(Lars)</name><image>~/../thumbs/MGT - Sam Coupe/Named_Snaps//home/runner/rom/TOSEC/MGT/Sam Coupe/Games/[DSK]/Adventures Of Captain Comic, The (19xx)(Lars).png</image><titleshot>~/../thumbs/MGT - Sam Coupe/Named_Titles//home/runner/rom/TOSEC/MGT/Sam Coupe/Games/[DSK]/Adventures Of Captain Comic, The (19xx)(Lars).png</titleshot><thumbnail>~/../thumbs/MGT - Sam Coupe/Named_Boxarts//home/runner/rom/TOSEC/MGT/Sam Coupe/Games/[DSK]/Adventures Of Captain Comic, The (19xx)(Lars).png</thumbnail><marquee>~/../thumbs/MGT - Sam Coupe/Named_Logos//home/runner/rom/TOSEC/MGT/Sam Coupe/Games/[DSK]/Adventures Of Captain Comic, The (19xx)(Lars).png</marquee></game>
<game><path>./Sam Coupé DSK//home/runner/rom/TOSEC/MGT/Sam Coupe/Games/[DSK]/Blokker (1995)(McGreal, Stephen).zip</path><name>/home/runner/rom/TOSEC/MGT/Sam Coupe/Games/[DSK]/Blokker (1995)(McGreal, Stephen)</name><image>~/../thumbs/MGT - Sam Coupe/Named_Snaps//home/runner/rom/TOSEC/MGT/Sam Coupe/Games/[DSK]/Blokker (1995)(McGreal, Stephen).png</image><titleshot>~/../thumbs/MGT - Sam Coupe/Named_Titles//home/runner/rom/TOSEC/MGT/Sam Coupe/Games/[DSK]/Blokker (1995)(McGreal, Stephen).png</titleshot><thumbnail>~/../thumbs/MGT - Sam Coupe/Named_Boxarts//home/runner/rom/TOSEC/MGT/Sam Coupe/Games/[DSK]/Blokker (1995)(McGreal, Stephen).png</thumbnail><marquee>~/../thumbs/MGT - Sam Coupe/Named_Logos//home/runner/rom/TOSEC/MGT/Sam Coupe/Games/[DSK]/Blokker (1995)(McGreal, Stephen).png</marquee></game>
<game><path>./Sam Coupé DSK//home/runner/rom/TOSEC/MGT/Sam Coupe/Games/[DSK]/Boing! (1992)(Noesis Software).zip</path><name>/home/runner/rom/TOSEC/MGT/Sam Coupe/Games/[DSK]/Boing! (1992)(Noesis Software)</name><image>~/../thumbs/MGT - Sam Coupe/Named_Snaps//home/runner/rom/TOSEC/MGT/Sam Coupe/Games/[DSK]/Boing! (1992)(Noesis Software).png</image><titleshot>~/../thumbs/MGT - Sam Coupe/Named_Titles//home/runner/rom/TOSEC/MGT/Sam Coupe/Games/[DSK]/Boing! (1992)(Noesis Software).png</titleshot><thumbnail>~/../thumbs/MGT - Sam Coupe/Named_Boxarts//home/runner/rom/TOSEC/MGT/Sam Coupe/Games/[DSK]/Boing! (1992)(Noesis Software).png</thumbnail><marquee>~/../thumbs/MGT - Sam Coupe/Named_Logos//home/runner/rom/TOSEC/MGT/Sam Coupe/Games/[DSK]/Boing! (1992)(Noesis Software).png</marquee></game>
<game><path>./Sam Coupé DSK//home/runner/rom/TOSEC/MGT/Sam Coupe/Games/[DSK]/Cross Bomber (2021-05-13)(Caruso, Fabrizio).zip</path><name>/home/runner/rom/TOSEC/MGT/Sam Coupe/Games/[DSK]/Cross Bomber (2021-05-13)(Caruso, Fabrizio)</name><image>~/../thumbs/MGT - Sam Coupe/Named_Snaps//home/runner/rom/TOSEC/MGT/Sam Coupe/Games/[DSK]/Cross Bomber (2021-05-13)(Caruso, Fabrizio).png</image><titleshot>~/../thumbs/MGT - Sam Coupe/Named_Titles//home/runner/rom/TOSEC/MGT/Sam Coupe/Games/[DSK]/Cross Bomber (2021-05-13)(Caruso, Fabrizio).png</titleshot><thumbnail>~/../thumbs/MGT - Sam Coupe/Named_Boxarts//home/runner/rom/TOSEC/MGT/Sam Coupe/Games/[DSK]/Cross Bomber (2021-05-13)(Caruso, Fabrizio).png</thumbnail><marquee>~/../thumbs/MGT - Sam Coupe/Named_Logos//home/runner/rom/TOSEC/MGT/Sam Coupe/Games/[DSK]/Cross Bomber (2021-05-13)(Caruso, Fabrizio).png</marquee></game>
<game><path>./Sam Coupé DSK//home/runner/rom/TOSEC/MGT/Sam Coupe/Games/[DSK]/Cross Chase (2018-04-15)(Caruso, Fabrizio).zip</path><name>/home/runner/rom/TOSEC/MGT/Sam Coupe/Games/[DSK]/Cross Chase (2018-04-15)(Caruso, Fabrizio)</name><image>~/../thumbs/MGT - Sam Coupe/Named_Snaps//home/runner/rom/TOSEC/MGT/Sam Coupe/Games/[DSK]/Cross Chase (2018-04-15)(Caruso, Fabrizio).png</image><titleshot>~/../thumbs/MGT - Sam Coupe/Named_Titles//home/runner/rom/TOSEC/MGT/Sam Coupe/Games/[DSK]/Cross Chase (2018-04-15)(Caruso, Fabrizio).png</titleshot><thumbnail>~/../thumbs/MGT - Sam Coupe/Named_Boxarts//home/runner/rom/TOSEC/MGT/Sam Coupe/Games/[DSK]/Cross Chase (2018-04-15)(Caruso, Fabrizio).png</thumbnail><marquee>~/../thumbs/MGT - Sam Coupe/Named_Logos//home/runner/rom/TOSEC/MGT/Sam Coupe/Games/[DSK]/Cross Chase (2018-04-15)(Caruso, Fabrizio).png</marquee></game>
<game><path>./Sam Coupé DSK//home/runner/rom/TOSEC/MGT/Sam Coupe/Games/[DSK]/Cross Chase (2018-05-19)(Caruso, Fabrizio).zip</path><name>/home/runner/rom/TOSEC/MGT/Sam Coupe/Games/[DSK]/Cross Chase (2018-05-19)(Caruso, Fabrizio)</name><image>~/../thumbs/MGT - Sam Coupe/Named_Snaps//home/runner/rom/TOSEC/MGT/Sam Coupe/Games/[DSK]/Cross Chase (2018-05-19)(Caruso, Fabrizio).png</image><titleshot>~/../thumbs/MGT - Sam Coupe/Named_Titles//home/runner/rom/TOSEC/MGT/Sam Coupe/Games/[DSK]/Cross Chase (2018-05-19)(Caruso, Fabrizio).png</titleshot><thumbnail>~/../thumbs/MGT - Sam Coupe/Named_Boxarts//home/runner/rom/TOSEC/MGT/Sam Coupe/Games/[DSK]/Cross Chase (2018-05-19)(Caruso, Fabrizio).png</thumbnail><marquee>~/../thumbs/MGT - Sam Coupe/Named_Logos//home/runner/rom/TOSEC/MGT/Sam Coupe/Games/[DSK]/Cross Chase (2018-05-19)(Caruso, Fabrizio).png</marquee></game>
<game><path>./Sam Coupé DSK//home/runner/rom/TOSEC/MGT/Sam Coupe/Games/[DSK]/Cross Chase (2018-07-19)(Caruso, Fabrizio).zip</path><name>/home/runner/rom/TOSEC/MGT/Sam Coupe/Games/[DSK]/Cross Chase (2018-07-19)(Caruso, Fabrizio)</name><image>~/../thumbs/MGT - Sam Coupe/Named_Snaps//home/runner/rom/TOSEC/MGT/Sam Coupe/Games/[DSK]/Cross Chase (2018-07-19)(Caruso, Fabrizio).png</image><titleshot>~/../thumbs/MGT - Sam Coupe/Named_Titles//home/runner/rom/TOSEC/MGT/Sam Coupe/Games/[DSK]/Cross Chase (2018-07-19)(Caruso, Fabrizio).png</titleshot><thumbnail>~/../thumbs/MGT - Sam Coupe/Named_Boxarts//home/runner/rom/TOSEC/MGT/Sam Coupe/Games/[DSK]/Cross Chase (2018-07-19)(Caruso, Fabrizio).png</thumbnail><marquee>~/../thumbs/MGT - Sam Coupe/Named_Logos//home/runner/rom/TOSEC/MGT/Sam Coupe/Games/[DSK]/Cross Chase (2018-07-19)(Caruso, Fabrizio).png</marquee></game>
<game><path>./Sam Coupé DSK//home/runner/rom/TOSEC/MGT/Sam Coupe/Games/[DSK]/Cross Chase (2018-08-04)(Caruso, Fabrizio).zip</path><name>/home/runner/rom/TOSEC/MGT/Sam Coupe/Games/[DSK]/Cross Chase (2018-08-04)(Caruso, Fabrizio)</name><image>~/../thumbs/MGT - Sam Coupe/Named_Snaps//home/runner/rom/TOSEC/MGT/Sam Coupe/Games/[DSK]/Cross Chase (2018-08-04)(Caruso, Fabrizio).png</image><titleshot>~/../thumbs/MGT - Sam Coupe/Named_Titles//home/runner/rom/TOSEC/MGT/Sam Coupe/Games/[DSK]/Cross Chase (2018-08-04)(Caruso, Fabrizio).png</titleshot><thumbnail>~/../thumbs/MGT - Sam Coupe/Named_Boxarts//home/runner/rom/TOSEC/MGT/Sam Coupe/Games/[DSK]/Cross Chase (2018-08-04)(Caruso, Fabrizio).png</thumbnail><marquee>~/../thumbs/MGT - Sam Coupe/Named_Logos//home/runner/rom/TOSEC/MGT/Sam Coupe/Games/[DSK]/Cross Chase (2018-08-04)(Caruso, Fabrizio).png</marquee></game>
<game><path>./Sam Coupé DSK//home/runner/rom/TOSEC/MGT/Sam Coupe/Games/[DSK]/Cross Chase (2018-10-29)(Caruso, Fabrizio).zip</path><name>/home/runner/rom/TOSEC/MGT/Sam Coupe/Games/[DSK]/Cross Chase (2018-10-29)(Caruso, Fabrizio)</name><image>~/../thumbs/MGT - Sam Coupe/Named_Snaps//home/runner/rom/TOSEC/MGT/Sam Coupe/Games/[DSK]/Cross Chase (2018-10-29)(Caruso, Fabrizio).png</image><titleshot>~/../thumbs/MGT - Sam Coupe/Named_Titles//home/runner/rom/TOSEC/MGT/Sam Coupe/Games/[DSK]/Cross Chase (2018-10-29)(Caruso, Fabrizio).png</titleshot><thumbnail>~/../thumbs/MGT - Sam Coupe/Named_Boxarts//home/runner/rom/TOSEC/MGT/Sam Coupe/Games/[DSK]/Cross Chase (2018-10-29)(Caruso, Fabrizio).png</thumbnail><marquee>~/../thumbs/MGT - Sam Coupe/Named_Logos//home/runner/rom/TOSEC/MGT/Sam Coupe/Games/[DSK]/Cross Chase (2018-10-29)(Caruso, Fabrizio).png</marquee></game>
<game><path>./Sam Coupé DSK//home/runner/rom/TOSEC/MGT/Sam Coupe/Games/[DSK]/Cross Chase (2020-04-02)(Caruso, Fabrizio).zip</path><name>/home/runner/rom/TOSEC/MGT/Sam Coupe/Games/[DSK]/Cross Chase (2020-04-02)(Caruso, Fabrizio)</name><image>~/../thumbs/MGT - Sam Coupe/Named_Snaps//home/runner/rom/TOSEC/MGT/Sam Coupe/Games/[DSK]/Cross Chase (2020-04-02)(Caruso, Fabrizio).png</image><titleshot>~/../thumbs/MGT - Sam Coupe/Named_Titles//home/runner/rom/TOSEC/MGT/Sam Coupe/Games/[DSK]/Cross Chase (2020-04-02)(Caruso, Fabrizio).png</titleshot><thumbnail>~/../thumbs/MGT - Sam Coupe/Named_Boxarts//home/runner/rom/TOSEC/MGT/Sam Coupe/Games/[DSK]/Cross Chase (2020-04-02)(Caruso, Fabrizio).png</thumbnail><marquee>~/../thumbs/MGT - Sam Coupe/Named_Logos//home/runner/rom/TOSEC/MGT/Sam Coupe/Games/[DSK]/Cross Chase (2020-04-02)(Caruso, Fabrizio).png</marquee></game>
<game><path>./Sam Coupé DSK//home/runner/rom/TOSEC/MGT/Sam Coupe/Games/[DSK]/Cross Chase (2021-05-13)(Caruso, Fabrizio).zip</path><name>/home/runner/rom/TOSEC/MGT/Sam Coupe/Games/[DSK]/Cross Chase (2021-05-13)(Caruso, Fabrizio)</name><image>~/../thumbs/MGT - Sam Coupe/Named_Snaps//home/runner/rom/TOSEC/MGT/Sam Coupe/Games/[DSK]/Cross Chase (2021-05-13)(Caruso, Fabrizio).png</image><titleshot>~/../thumbs/MGT - Sam Coupe/Named_Titles//home/runner/rom/TOSEC/MGT/Sam Coupe/Games/[DSK]/Cross Chase (2021-05-13)(Caruso, Fabrizio).png</titleshot><thumbnail>~/../thumbs/MGT - Sam Coupe/Named_Boxarts//home/runner/rom/TOSEC/MGT/Sam Coupe/Games/[DSK]/Cross Chase (2021-05-13)(Caruso, Fabrizio).png</thumbnail><marquee>~/../thumbs/MGT - Sam Coupe/Named_Logos//home/runner/rom/TOSEC/MGT/Sam Coupe/Games/[DSK]/Cross Chase (2021-05-13)(Caruso, Fabrizio).png</marquee></game>
<game><path>./Sam Coupé DSK//home/runner/rom/TOSEC/MGT/Sam Coupe/Games/[DSK]/Cross Horde v1.0 (2021-05-01)(Caruso, Fabrizio).zip</path><name>/home/runner/rom/TOSEC/MGT/Sam Coupe/Games/[DSK]/Cross Horde v1.0 (2021-05-01)(Caruso, Fabrizio)</name><image>~/../thumbs/MGT - Sam Coupe/Named_Snaps//home/runner/rom/TOSEC/MGT/Sam Coupe/Games/[DSK]/Cross Horde v1.0 (2021-05-01)(Caruso, Fabrizio).png</image><titleshot>~/../thumbs/MGT - Sam Coupe/Named_Titles//home/runner/rom/TOSEC/MGT/Sam Coupe/Games/[DSK]/Cross Horde v1.0 (2021-05-01)(Caruso, Fabrizio).png</titleshot><thumbnail>~/../thumbs/MGT - Sam Coupe/Named_Boxarts//home/runner/rom/TOSEC/MGT/Sam Coupe/Games/[DSK]/Cross Horde v1.0 (2021-05-01)(Caruso, Fabrizio).png</thumbnail><marquee>~/../thumbs/MGT - Sam Coupe/Named_Logos//home/runner/rom/TOSEC/MGT/Sam Coupe/Games/[DSK]/Cross Horde v1.0 (2021-05-01)(Caruso, Fabrizio).png</marquee></game>
<game><path>./Sam Coupé DSK//home/runner/rom/TOSEC/MGT/Sam Coupe/Games/[DSK]/Cross Shoot (2021-05-13)(Caruso, Fabrizio).zip</path><name>/home/runner/rom/TOSEC/MGT/Sam Coupe/Games/[DSK]/Cross Shoot (2021-05-13)(Caruso, Fabrizio)</name><image>~/../thumbs/MGT - Sam Coupe/Named_Snaps//home/runner/rom/TOSEC/MGT/Sam Coupe/Games/[DSK]/Cross Shoot (2021-05-13)(Caruso, Fabrizio).png</image><titleshot>~/../thumbs/MGT - Sam Coupe/Named_Titles//home/runner/rom/TOSEC/MGT/Sam Coupe/Games/[DSK]/Cross Shoot (2021-05-13)(Caruso, Fabrizio).png</titleshot><thumbnail>~/../thumbs/MGT - Sam Coupe/Named_Boxarts//home/runner/rom/TOSEC/MGT/Sam Coupe/Games/[DSK]/Cross Shoot (2021-05-13)(Caruso, Fabrizio).png</thumbnail><marquee>~/../thumbs/MGT - Sam Coupe/Named_Logos//home/runner/rom/TOSEC/MGT/Sam Coupe/Games/[DSK]/Cross Shoot (2021-05-13)(Caruso, Fabrizio).png</marquee></game>
<game><path>./Sam Coupé DSK//home/runner/rom/TOSEC/MGT/Sam Coupe/Games/[DSK]/Cross Snake v2.0 (2020-12-31)(Caruso, Fabrizio).zip</path><name>/home/runner/rom/TOSEC/MGT/Sam Coupe/Games/[DSK]/Cross Snake v2.0 (2020-12-31)(Caruso, Fabrizio)</name><image>~/../thumbs/MGT - Sam Coupe/Named_Snaps//home/runner/rom/TOSEC/MGT/Sam Coupe/Games/[DSK]/Cross Snake v2.0 (2020-12-31)(Caruso, Fabrizio).png</image><titleshot>~/../thumbs/MGT - Sam Coupe/Named_Titles//home/runner/rom/TOSEC/MGT/Sam Coupe/Games/[DSK]/Cross Snake v2.0 (2020-12-31)(Caruso, Fabrizio).png</titleshot><thumbnail>~/../thumbs/MGT - Sam Coupe/Named_Boxarts//home/runner/rom/TOSEC/MGT/Sam Coupe/Games/[DSK]/Cross Snake v2.0 (2020-12-31)(Caruso, Fabrizio).png</thumbnail><marquee>~/../thumbs/MGT - Sam Coupe/Named_Logos//home/runner/rom/TOSEC/MGT/Sam Coupe/Games/[DSK]/Cross Snake v2.0 (2020-12-31)(Caruso, Fabrizio).png</marquee></game>
<game><path>./Sam Coupé DSK//home/runner/rom/TOSEC/MGT/Sam Coupe/Games/[DSK]/Curse of the Serpent's Eye (1994)(Dream World Adventures).zip</path><name>/home/runner/rom/TOSEC/MGT/Sam Coupe/Games/[DSK]/Curse of the Serpent's Eye (1994)(Dream World Adventures)</name><image>~/../thumbs/MGT - Sam Coupe/Named_Snaps//home/runner/rom/TOSEC/MGT/Sam Coupe/Games/[DSK]/Curse of the Serpent's Eye (1994)(Dream World Adventures).png</image><titleshot>~/../thumbs/MGT - Sam Coupe/Named_Titles//home/runner/rom/TOSEC/MGT/Sam Coupe/Games/[DSK]/Curse of the Serpent's Eye (1994)(Dream World Adventures).png</titleshot><thumbnail>~/../thumbs/MGT - Sam Coupe/Named_Boxarts//home/runner/rom/TOSEC/MGT/Sam Coupe/Games/[DSK]/Curse of the Serpent's Eye (1994)(Dream World Adventures).png</thumbnail><marquee>~/../thumbs/MGT - Sam Coupe/Named_Logos//home/runner/rom/TOSEC/MGT/Sam Coupe/Games/[DSK]/Curse of the Serpent's Eye (1994)(Dream World Adventures).png</marquee></game>
<game><path>./Sam Coupé DSK//home/runner/rom/TOSEC/MGT/Sam Coupe/Games/[DSK]/Curse of the Serpent's Eye (1994)(Dream World Adventures)[a2].zip</path><name>/home/runner/rom/TOSEC/MGT/Sam Coupe/Games/[DSK]/Curse of the Serpent's Eye (1994)(Dream World Adventures)[a2]</name><image>~/../thumbs/MGT - Sam Coupe/Named_Snaps//home/runner/rom/TOSEC/MGT/Sam Coupe/Games/[DSK]/Curse of the Serpent's Eye (1994)(Dream World Adventures)[a2].png</image><titleshot>~/../thumbs/MGT - Sam Coupe/Named_Titles//home/runner/rom/TOSEC/MGT/Sam Coupe/Games/[DSK]/Curse of the Serpent's Eye (1994)(Dream World Adventures)[a2].png</titleshot><thumbnail>~/../thumbs/MGT - Sam Coupe/Named_Boxarts//home/runner/rom/TOSEC/MGT/Sam Coupe/Games/[DSK]/Curse of the Serpent's Eye (1994)(Dream World Adventures)[a2].png</thumbnail><marquee>~/../thumbs/MGT - Sam Coupe/Named_Logos//home/runner/rom/TOSEC/MGT/Sam Coupe/Games/[DSK]/Curse of the Serpent's Eye (1994)(Dream World Adventures)[a2].png</marquee><hidden>true</hidden></game>
<game><path>./Sam Coupé DSK//home/runner/rom/TOSEC/MGT/Sam Coupe/Games/[DSK]/Curse of the Serpent's Eye (1994)(Dream World Adventures)[a3].zip</path><name>/home/runner/rom/TOSEC/MGT/Sam Coupe/Games/[DSK]/Curse of the Serpent's Eye (1994)(Dream World Adventures)[a3]</name><image>~/../thumbs/MGT - Sam Coupe/Named_Snaps//home/runner/rom/TOSEC/MGT/Sam Coupe/Games/[DSK]/Curse of the Serpent's Eye (1994)(Dream World Adventures)[a3].png</image><titleshot>~/../thumbs/MGT - Sam Coupe/Named_Titles//home/runner/rom/TOSEC/MGT/Sam Coupe/Games/[DSK]/Curse of the Serpent's Eye (1994)(Dream World Adventures)[a3].png</titleshot><thumbnail>~/../thumbs/MGT - Sam Coupe/Named_Boxarts//home/runner/rom/TOSEC/MGT/Sam Coupe/Games/[DSK]/Curse of the Serpent's Eye (1994)(Dream World Adventures)[a3].png</thumbnail><marquee>~/../thumbs/MGT - Sam Coupe/Named_Logos//home/runner/rom/TOSEC/MGT/Sam Coupe/Games/[DSK]/Curse of the Serpent's Eye (1994)(Dream World Adventures)[a3].png</marquee><hidden>true</hidden></game>
<game><path>./Sam Coupé DSK//home/runner/rom/TOSEC/MGT/Sam Coupe/Games/[DSK]/Curse of the Serpent's Eye (1994)(Dream World Adventures)[a4].zip</path><name>/home/runner/rom/TOSEC/MGT/Sam Coupe/Games/[DSK]/Curse of the Serpent's Eye (1994)(Dream World Adventures)[a4]</name><image>~/../thumbs/MGT - Sam Coupe/Named_Snaps//home/runner/rom/TOSEC/MGT/Sam Coupe/Games/[DSK]/Curse of the Serpent's Eye (1994)(Dream World Adventures)[a4].png</image><titleshot>~/../thumbs/MGT - Sam Coupe/Named_Titles//home/runner/rom/TOSEC/MGT/Sam Coupe/Games/[DSK]/Curse of the Serpent's Eye (1994)(Dream World Adventures)[a4].png</titleshot><thumbnail>~/../thumbs/MGT - Sam Coupe/Named_Boxarts//home/runner/rom/TOSEC/MGT/Sam Coupe/Games/[DSK]/Curse of the Serpent's Eye (1994)(Dream World Adventures)[a4].png</thumbnail><marquee>~/../thumbs/MGT - Sam Coupe/Named_Logos//home/runner/rom/TOSEC/MGT/Sam Coupe/Games/[DSK]/Curse of the Serpent's Eye (1994)(Dream World Adventures)[a4].png</marquee><hidden>true</hidden></game>
<game><path>./Sam Coupé DSK//home/runner/rom/TOSEC/MGT/Sam Coupe/Games/[DSK]/Curse of the Serpent's Eye (1994)(Dream World Adventures)[a].zip</path><name>/home/runner/rom/TOSEC/MGT/Sam Coupe/Games/[DSK]/Curse of the Serpent's Eye (1994)(Dream World Adventures)[a]</name><image>~/../thumbs/MGT - Sam Coupe/Named_Snaps//home/runner/rom/TOSEC/MGT/Sam Coupe/Games/[DSK]/Curse of the Serpent's Eye (1994)(Dream World Adventures)[a].png</image><titleshot>~/../thumbs/MGT - Sam Coupe/Named_Titles//home/runner/rom/TOSEC/MGT/Sam Coupe/Games/[DSK]/Curse of the Serpent's Eye (1994)(Dream World Adventures)[a].png</titleshot><thumbnail>~/../thumbs/MGT - Sam Coupe/Named_Boxarts//home/runner/rom/TOSEC/MGT/Sam Coupe/Games/[DSK]/Curse of the Serpent's Eye (1994)(Dream World Adventures)[a].png</thumbnail><marquee>~/../thumbs/MGT - Sam Coupe/Named_Logos//home/runner/rom/TOSEC/MGT/Sam Coupe/Games/[DSK]/Curse of the Serpent's Eye (1994)(Dream World Adventures)[a].png</marquee><hidden>true</hidden></game>
<game><path>./Sam Coupé DSK//home/runner/rom/TOSEC/MGT/Sam Coupe/Games/[DSK]/Defender (1998)(Persona - Digital Reality).zip</path><name>/home/runner/rom/TOSEC/MGT/Sam Coupe/Games/[DSK]/Defender (1998)(Persona - Digital Reality)</name><image>~/../thumbs/MGT - Sam Coupe/Named_Snaps//home/runner/rom/TOSEC/MGT/Sam Coupe/Games/[DSK]/Defender (1998)(Persona - Digital Reality).png</image><titleshot>~/../thumbs/MGT - Sam Coupe/Named_Titles//home/runner/rom/TOSEC/MGT/Sam Coupe/Games/[DSK]/Defender (1998)(Persona - Digital Reality).png</titleshot><thumbnail>~/../thumbs/MGT - Sam Coupe/Named_Boxarts//home/runner/rom/TOSEC/MGT/Sam Coupe/Games/[DSK]/Defender (1998)(Persona - Digital Reality).png</thumbnail><marquee>~/../thumbs/MGT - Sam Coupe/Named_Logos//home/runner/rom/TOSEC/MGT/Sam Coupe/Games/[DSK]/Defender (1998)(Persona - Digital Reality).png</marquee></game>
<game><path>./Sam Coupé DSK//home/runner/rom/TOSEC/MGT/Sam Coupe/Games/[DSK]/Dino Sourcerer (1993)(Softdisk Inc.).zip</path><name>/home/runner/rom/TOSEC/MGT/Sam Coupe/Games/[DSK]/Dino Sourcerer (1993)(Softdisk Inc.)</name><image>~/../thumbs/MGT - Sam Coupe/Named_Snaps//home/runner/rom/TOSEC/MGT/Sam Coupe/Games/[DSK]/Dino Sourcerer (1993)(Softdisk Inc.).png</image><titleshot>~/../thumbs/MGT - Sam Coupe/Named_Titles//home/runner/rom/TOSEC/MGT/Sam Coupe/Games/[DSK]/Dino Sourcerer (1993)(Softdisk Inc.).png</titleshot><thumbnail>~/../thumbs/MGT - Sam Coupe/Named_Boxarts//home/runner/rom/TOSEC/MGT/Sam Coupe/Games/[DSK]/Dino Sourcerer (1993)(Softdisk Inc.).png</thumbnail><marquee>~/../thumbs/MGT - Sam Coupe/Named_Logos//home/runner/rom/TOSEC/MGT/Sam Coupe/Games/[DSK]/Dino Sourcerer (1993)(Softdisk Inc.).png</marquee></game>
<game><path>./Sam Coupé DSK//home/runner/rom/TOSEC/MGT/Sam Coupe/Games/[DSK]/Domino Box (1997)(Supplement Software).zip</path><name>/home/runner/rom/TOSEC/MGT/Sam Coupe/Games/[DSK]/Domino Box (1997)(Supplement Software)</name><image>~/../thumbs/MGT - Sam Coupe/Named_Snaps//home/runner/rom/TOSEC/MGT/Sam Coupe/Games/[DSK]/Domino Box (1997)(Supplement Software).png</image><titleshot>~/../thumbs/MGT - Sam Coupe/Named_Titles//home/runner/rom/TOSEC/MGT/Sam Coupe/Games/[DSK]/Domino Box (1997)(Supplement Software).png</titleshot><thumbnail>~/../thumbs/MGT - Sam Coupe/Named_Boxarts//home/runner/rom/TOSEC/MGT/Sam Coupe/Games/[DSK]/Domino Box (1997)(Supplement Software).png</thumbnail><marquee>~/../thumbs/MGT - Sam Coupe/Named_Logos//home/runner/rom/TOSEC/MGT/Sam Coupe/Games/[DSK]/Domino Box (1997)(Supplement Software).png</marquee></game>
<game><path>./Sam Coupé DSK//home/runner/rom/TOSEC/MGT/Sam Coupe/Games/[DSK]/Football League Manager (1994)(Key Software - FRED Publishing).zip</path><name>/home/runner/rom/TOSEC/MGT/Sam Coupe/Games/[DSK]/Football League Manager (1994)(Key Software - FRED Publishing)</name><image>~/../thumbs/MGT - Sam Coupe/Named_Snaps//home/runner/rom/TOSEC/MGT/Sam Coupe/Games/[DSK]/Football League Manager (1994)(Key Software - FRED Publishing).png</image><titleshot>~/../thumbs/MGT - Sam Coupe/Named_Titles//home/runner/rom/TOSEC/MGT/Sam Coupe/Games/[DSK]/Football League Manager (1994)(Key Software - FRED Publishing).png</titleshot><thumbnail>~/../thumbs/MGT - Sam Coupe/Named_Boxarts//home/runner/rom/TOSEC/MGT/Sam Coupe/Games/[DSK]/Football League Manager (1994)(Key Software - FRED Publishing).png</thumbnail><marquee>~/../thumbs/MGT - Sam Coupe/Named_Logos//home/runner/rom/TOSEC/MGT/Sam Coupe/Games/[DSK]/Football League Manager (1994)(Key Software - FRED Publishing).png</marquee></game>
<game><path>./Sam Coupé DSK//home/runner/rom/TOSEC/MGT/Sam Coupe/Games/[DSK]/Golden Sword of Bhakhor, The (1997)(Persona).zip</path><name>/home/runner/rom/TOSEC/MGT/Sam Coupe/Games/[DSK]/Golden Sword of Bhakhor, The (1997)(Persona)</name><image>~/../thumbs/MGT - Sam Coupe/Named_Snaps//home/runner/rom/TOSEC/MGT/Sam Coupe/Games/[DSK]/Golden Sword of Bhakhor, The (1997)(Persona).png</image><titleshot>~/../thumbs/MGT - Sam Coupe/Named_Titles//home/runner/rom/TOSEC/MGT/Sam Coupe/Games/[DSK]/Golden Sword of Bhakhor, The (1997)(Persona).png</titleshot><thumbnail>~/../thumbs/MGT - Sam Coupe/Named_Boxarts//home/runner/rom/TOSEC/MGT/Sam Coupe/Games/[DSK]/Golden Sword of Bhakhor, The (1997)(Persona).png</thumbnail><marquee>~/../thumbs/MGT - Sam Coupe/Named_Logos//home/runner/rom/TOSEC/MGT/Sam Coupe/Games/[DSK]/Golden Sword of Bhakhor, The (1997)(Persona).png</marquee></game>
<game><path>./Sam Coupé DSK//home/runner/rom/TOSEC/MGT/Sam Coupe/Games/[DSK]/Manic Miner (1992)(Revelation Software).zip</path><name>/home/runner/rom/TOSEC/MGT/Sam Coupe/Games/[DSK]/Manic Miner (1992)(Revelation Software)</name><image>~/../thumbs/MGT - Sam Coupe/Named_Snaps//home/runner/rom/TOSEC/MGT/Sam Coupe/Games/[DSK]/Manic Miner (1992)(Revelation Software).png</image><titleshot>~/../thumbs/MGT - Sam Coupe/Named_Titles//home/runner/rom/TOSEC/MGT/Sam Coupe/Games/[DSK]/Manic Miner (1992)(Revelation Software).png</titleshot><thumbnail>~/../thumbs/MGT - Sam Coupe/Named_Boxarts//home/runner/rom/TOSEC/MGT/Sam Coupe/Games/[DSK]/Manic Miner (1992)(Revelation Software).png</thumbnail><marquee>~/../thumbs/MGT - Sam Coupe/Named_Logos//home/runner/rom/TOSEC/MGT/Sam Coupe/Games/[DSK]/Manic Miner (1992)(Revelation Software).png</marquee></game>
<game><path>./Sam Coupé DSK//home/runner/rom/TOSEC/MGT/Sam Coupe/Games/[DSK]/Ore Warz II (1990)(McGugan, William).zip</path><name>/home/runner/rom/TOSEC/MGT/Sam Coupe/Games/[DSK]/Ore Warz II (1990)(McGugan, William)</name><image>~/../thumbs/MGT - Sam Coupe/Named_Snaps//home/runner/rom/TOSEC/MGT/Sam Coupe/Games/[DSK]/Ore Warz II (1990)(McGugan, William).png</image><titleshot>~/../thumbs/MGT - Sam Coupe/Named_Titles//home/runner/rom/TOSEC/MGT/Sam Coupe/Games/[DSK]/Ore Warz II (1990)(McGugan, William).png</titleshot><thumbnail>~/../thumbs/MGT - Sam Coupe/Named_Boxarts//home/runner/rom/TOSEC/MGT/Sam Coupe/Games/[DSK]/Ore Warz II (1990)(McGugan, William).png</thumbnail><marquee>~/../thumbs/MGT - Sam Coupe/Named_Logos//home/runner/rom/TOSEC/MGT/Sam Coupe/Games/[DSK]/Ore Warz II (1990)(McGugan, William).png</marquee></game>
<game><path>./Sam Coupé DSK//home/runner/rom/TOSEC/MGT/Sam Coupe/Games/[DSK]/Park DBS (19xx)(-).zip</path><name>/home/runner/rom/TOSEC/MGT/Sam Coupe/Games/[DSK]/Park DBS (19xx)(-)</name><image>~/../thumbs/MGT - Sam Coupe/Named_Snaps//home/runner/rom/TOSEC/MGT/Sam Coupe/Games/[DSK]/Park DBS (19xx)(-).png</image><titleshot>~/../thumbs/MGT - Sam Coupe/Named_Titles//home/runner/rom/TOSEC/MGT/Sam Coupe/Games/[DSK]/Park DBS (19xx)(-).png</titleshot><thumbnail>~/../thumbs/MGT - Sam Coupe/Named_Boxarts//home/runner/rom/TOSEC/MGT/Sam Coupe/Games/[DSK]/Park DBS (19xx)(-).png</thumbnail><marquee>~/../thumbs/MGT - Sam Coupe/Named_Logos//home/runner/rom/TOSEC/MGT/Sam Coupe/Games/[DSK]/Park DBS (19xx)(-).png</marquee></game>
<game><path>./Sam Coupé DSK//home/runner/rom/TOSEC/MGT/Sam Coupe/Games/[DSK]/Poker 18 SamCoupe 512k (19xx)(Supplement Software).zip</path><name>/home/runner/rom/TOSEC/MGT/Sam Coupe/Games/[DSK]/Poker 18 SamCoupe 512k (19xx)(Supplement Software)</name><image>~/../thumbs/MGT - Sam Coupe/Named_Snaps//home/runner/rom/TOSEC/MGT/Sam Coupe/Games/[DSK]/Poker 18 SamCoupe 512k (19xx)(Supplement Software).png</image><titleshot>~/../thumbs/MGT - Sam Coupe/Named_Titles//home/runner/rom/TOSEC/MGT/Sam Coupe/Games/[DSK]/Poker 18 SamCoupe 512k (19xx)(Supplement Software).png</titleshot><thumbnail>~/../thumbs/MGT - Sam Coupe/Named_Boxarts//home/runner/rom/TOSEC/MGT/Sam Coupe/Games/[DSK]/Poker 18 SamCoupe 512k (19xx)(Supplement Software).png</thumbnail><marquee>~/../thumbs/MGT - Sam Coupe/Named_Logos//home/runner/rom/TOSEC/MGT/Sam Coupe/Games/[DSK]/Poker 18 SamCoupe 512k (19xx)(Supplement Software).png</marquee></game>
<game><path>./Sam Coupé DSK//home/runner/rom/TOSEC/MGT/Sam Coupe/Games/[DSK]/Prince of Persia (19xx)(Revelation).zip</path><name>/home/runner/rom/TOSEC/MGT/Sam Coupe/Games/[DSK]/Prince of Persia (19xx)(Revelation)</name><image>~/../thumbs/MGT - Sam Coupe/Named_Snaps//home/runner/rom/TOSEC/MGT/Sam Coupe/Games/[DSK]/Prince of Persia (19xx)(Revelation).png</image><titleshot>~/../thumbs/MGT - Sam Coupe/Named_Titles//home/runner/rom/TOSEC/MGT/Sam Coupe/Games/[DSK]/Prince of Persia (19xx)(Revelation).png</titleshot><thumbnail>~/../thumbs/MGT - Sam Coupe/Named_Boxarts//home/runner/rom/TOSEC/MGT/Sam Coupe/Games/[DSK]/Prince of Persia (19xx)(Revelation).png</thumbnail><marquee>~/../thumbs/MGT - Sam Coupe/Named_Logos//home/runner/rom/TOSEC/MGT/Sam Coupe/Games/[DSK]/Prince of Persia (19xx)(Revelation).png</marquee></game>
<game><path>./Sam Coupé DSK//home/runner/rom/TOSEC/MGT/Sam Coupe/Games/[DSK]/Sam Cards (1994)(Daton).zip</path><name>/home/runner/rom/TOSEC/MGT/Sam Coupe/Games/[DSK]/Sam Cards (1994)(Daton)</name><image>~/../thumbs/MGT - Sam Coupe/Named_Snaps//home/runner/rom/TOSEC/MGT/Sam Coupe/Games/[DSK]/Sam Cards (1994)(Daton).png</image><titleshot>~/../thumbs/MGT - Sam Coupe/Named_Titles//home/runner/rom/TOSEC/MGT/Sam Coupe/Games/[DSK]/Sam Cards (1994)(Daton).png</titleshot><thumbnail>~/../thumbs/MGT - Sam Coupe/Named_Boxarts//home/runner/rom/TOSEC/MGT/Sam Coupe/Games/[DSK]/Sam Cards (1994)(Daton).png</thumbnail><marquee>~/../thumbs/MGT - Sam Coupe/Named_Logos//home/runner/rom/TOSEC/MGT/Sam Coupe/Games/[DSK]/Sam Cards (1994)(Daton).png</marquee></game>
<game><path>./Sam Coupé DSK//home/runner/rom/TOSEC/MGT/Sam Coupe/Games/[DSK]/Sam X (19xx)(Supplement Software).zip</path><name>/home/runner/rom/TOSEC/MGT/Sam Coupe/Games/[DSK]/Sam X (19xx)(Supplement Software)</name><image>~/../thumbs/MGT - Sam Coupe/Named_Snaps//home/runner/rom/TOSEC/MGT/Sam Coupe/Games/[DSK]/Sam X (19xx)(Supplement Software).png</image><titleshot>~/../thumbs/MGT - Sam Coupe/Named_Titles//home/runner/rom/TOSEC/MGT/Sam Coupe/Games/[DSK]/Sam X (19xx)(Supplement Software).png</titleshot><thumbnail>~/../thumbs/MGT - Sam Coupe/Named_Boxarts//home/runner/rom/TOSEC/MGT/Sam Coupe/Games/[DSK]/Sam X (19xx)(Supplement Software).png</thumbnail><marquee>~/../thumbs/MGT - Sam Coupe/Named_Logos//home/runner/rom/TOSEC/MGT/Sam Coupe/Games/[DSK]/Sam X (19xx)(Supplement Software).png</marquee></game>
<game><path>./Sam Coupé DSK//home/runner/rom/TOSEC/MGT/Sam Coupe/Games/[DSK]/Shanghai (1990)(Fuxsoft).zip</path><name>/home/runner/rom/TOSEC/MGT/Sam Coupe/Games/[DSK]/Shanghai (1990)(Fuxsoft)</name><image>~/../thumbs/MGT - Sam Coupe/Named_Snaps//home/runner/rom/TOSEC/MGT/Sam Coupe/Games/[DSK]/Shanghai (1990)(Fuxsoft).png</image><titleshot>~/../thumbs/MGT - Sam Coupe/Named_Titles//home/runner/rom/TOSEC/MGT/Sam Coupe/Games/[DSK]/Shanghai (1990)(Fuxsoft).png</titleshot><thumbnail>~/../thumbs/MGT - Sam Coupe/Named_Boxarts//home/runner/rom/TOSEC/MGT/Sam Coupe/Games/[DSK]/Shanghai (1990)(Fuxsoft).png</thumbnail><marquee>~/../thumbs/MGT - Sam Coupe/Named_Logos//home/runner/rom/TOSEC/MGT/Sam Coupe/Games/[DSK]/Shanghai (1990)(Fuxsoft).png</marquee></game>
<game><path>./Sam Coupé DSK//home/runner/rom/TOSEC/MGT/Sam Coupe/Games/[DSK]/Shuriken (2023-06-30)(Caruso, Fabrizio).zip</path><name>/home/runner/rom/TOSEC/MGT/Sam Coupe/Games/[DSK]/Shuriken (2023-06-30)(Caruso, Fabrizio)</name><image>~/../thumbs/MGT - Sam Coupe/Named_Snaps//home/runner/rom/TOSEC/MGT/Sam Coupe/Games/[DSK]/Shuriken (2023-06-30)(Caruso, Fabrizio).png</image><titleshot>~/../thumbs/MGT - Sam Coupe/Named_Titles//home/runner/rom/TOSEC/MGT/Sam Coupe/Games/[DSK]/Shuriken (2023-06-30)(Caruso, Fabrizio).png</titleshot><thumbnail>~/../thumbs/MGT - Sam Coupe/Named_Boxarts//home/runner/rom/TOSEC/MGT/Sam Coupe/Games/[DSK]/Shuriken (2023-06-30)(Caruso, Fabrizio).png</thumbnail><marquee>~/../thumbs/MGT - Sam Coupe/Named_Logos//home/runner/rom/TOSEC/MGT/Sam Coupe/Games/[DSK]/Shuriken (2023-06-30)(Caruso, Fabrizio).png</marquee></game>
<game><path>./Sam Coupé DSK//home/runner/rom/TOSEC/MGT/Sam Coupe/Games/[DSK]/SoulMagician (1992)(Pc-Act).zip</path><name>/home/runner/rom/TOSEC/MGT/Sam Coupe/Games/[DSK]/SoulMagician (1992)(Pc-Act)</name><image>~/../thumbs/MGT - Sam Coupe/Named_Snaps//home/runner/rom/TOSEC/MGT/Sam Coupe/Games/[DSK]/SoulMagician (1992)(Pc-Act).png</image><titleshot>~/../thumbs/MGT - Sam Coupe/Named_Titles//home/runner/rom/TOSEC/MGT/Sam Coupe/Games/[DSK]/SoulMagician (1992)(Pc-Act).png</titleshot><thumbnail>~/../thumbs/MGT - Sam Coupe/Named_Boxarts//home/runner/rom/TOSEC/MGT/Sam Coupe/Games/[DSK]/SoulMagician (1992)(Pc-Act).png</thumbnail><marquee>~/../thumbs/MGT - Sam Coupe/Named_Logos//home/runner/rom/TOSEC/MGT/Sam Coupe/Games/[DSK]/SoulMagician (1992)(Pc-Act).png</marquee></game>
<game><path>./Sam Coupé DSK//home/runner/rom/TOSEC/MGT/Sam Coupe/Games/[DSK]/Stinger (2023-10-08)(Caruso, Fabrizio).zip</path><name>/home/runner/rom/TOSEC/MGT/Sam Coupe/Games/[DSK]/Stinger (2023-10-08)(Caruso, Fabrizio)</name><image>~/../thumbs/MGT - Sam Coupe/Named_Snaps//home/runner/rom/TOSEC/MGT/Sam Coupe/Games/[DSK]/Stinger (2023-10-08)(Caruso, Fabrizio).png</image><titleshot>~/../thumbs/MGT - Sam Coupe/Named_Titles//home/runner/rom/TOSEC/MGT/Sam Coupe/Games/[DSK]/Stinger (2023-10-08)(Caruso, Fabrizio).png</titleshot><thumbnail>~/../thumbs/MGT - Sam Coupe/Named_Boxarts//home/runner/rom/TOSEC/MGT/Sam Coupe/Games/[DSK]/Stinger (2023-10-08)(Caruso, Fabrizio).png</thumbnail><marquee>~/../thumbs/MGT - Sam Coupe/Named_Logos//home/runner/rom/TOSEC/MGT/Sam Coupe/Games/[DSK]/Stinger (2023-10-08)(Caruso, Fabrizio).png</marquee></game>
<game><path>./Sam Coupé DSK//home/runner/rom/TOSEC/MGT/Sam Coupe/Games/[DSK]/Tetris (1990)(Lord Insanity).zip</path><name>/home/runner/rom/TOSEC/MGT/Sam Coupe/Games/[DSK]/Tetris (1990)(Lord Insanity)</name><image>~/../thumbs/MGT - Sam Coupe/Named_Snaps//home/runner/rom/TOSEC/MGT/Sam Coupe/Games/[DSK]/Tetris (1990)(Lord Insanity).png</image><titleshot>~/../thumbs/MGT - Sam Coupe/Named_Titles//home/runner/rom/TOSEC/MGT/Sam Coupe/Games/[DSK]/Tetris (1990)(Lord Insanity).png</titleshot><thumbnail>~/../thumbs/MGT - Sam Coupe/Named_Boxarts//home/runner/rom/TOSEC/MGT/Sam Coupe/Games/[DSK]/Tetris (1990)(Lord Insanity).png</thumbnail><marquee>~/../thumbs/MGT - Sam Coupe/Named_Logos//home/runner/rom/TOSEC/MGT/Sam Coupe/Games/[DSK]/Tetris (1990)(Lord Insanity).png</marquee></game>
<game><path>./Sam Coupé DSK//home/runner/rom/TOSEC/MGT/Sam Coupe/Games/[DSK]/Triltex (1991)(Fred Software).zip</path><name>/home/runner/rom/TOSEC/MGT/Sam Coupe/Games/[DSK]/Triltex (1991)(Fred Software)</name><image>~/../thumbs/MGT - Sam Coupe/Named_Snaps//home/runner/rom/TOSEC/MGT/Sam Coupe/Games/[DSK]/Triltex (1991)(Fred Software).png</image><titleshot>~/../thumbs/MGT - Sam Coupe/Named_Titles//home/runner/rom/TOSEC/MGT/Sam Coupe/Games/[DSK]/Triltex (1991)(Fred Software).png</titleshot><thumbnail>~/../thumbs/MGT - Sam Coupe/Named_Boxarts//home/runner/rom/TOSEC/MGT/Sam Coupe/Games/[DSK]/Triltex (1991)(Fred Software).png</thumbnail><marquee>~/../thumbs/MGT - Sam Coupe/Named_Logos//home/runner/rom/TOSEC/MGT/Sam Coupe/Games/[DSK]/Triltex (1991)(Fred Software).png</marquee></game>
<game><path>./Sam Coupé DSK//home/runner/rom/TOSEC/MGT/Sam Coupe/Games/[DSK]/ZZZ-UNK-explosion#zx spectrum 48 emulator + commander (1996).zip</path><name>/home/runner/rom/TOSEC/MGT/Sam Coupe/Games/[DSK]/ZZZ-UNK-explosion#zx spectrum 48 emulator + commander (1996)</name><image>~/../thumbs/MGT - Sam Coupe/Named_Snaps//home/runner/rom/TOSEC/MGT/Sam Coupe/Games/[DSK]/ZZZ-UNK-explosion#zx spectrum 48 emulator + commander (1996).png</image><titleshot>~/../thumbs/MGT - Sam Coupe/Named_Titles//home/runner/rom/TOSEC/MGT/Sam Coupe/Games/[DSK]/ZZZ-UNK-explosion#zx spectrum 48 emulator + commander (1996).png</titleshot><thumbnail>~/../thumbs/MGT - Sam Coupe/Named_Boxarts//home/runner/rom/TOSEC/MGT/Sam Coupe/Games/[DSK]/ZZZ-UNK-explosion#zx spectrum 48 emulator + commander (1996).png</thumbnail><marquee>~/../thumbs/MGT - Sam Coupe/Named_Logos//home/runner/rom/TOSEC/MGT/Sam Coupe/Games/[DSK]/ZZZ-UNK-explosion#zx spectrum 48 emulator + commander (1996).png</marquee></game>
<game><path>./Sam Coupé DSK//home/runner/rom/TOSEC/MGT/Sam Coupe/Games/[DSK]/ZZZ-UNK-lemmings raw data disk 2 (1992) (dma-chris white).zip</path><name>/home/runner/rom/TOSEC/MGT/Sam Coupe/Games/[DSK]/ZZZ-UNK-lemmings raw data disk 2 (1992) (dma-chris white)</name><image>~/../thumbs/MGT - Sam Coupe/Named_Snaps//home/runner/rom/TOSEC/MGT/Sam Coupe/Games/[DSK]/ZZZ-UNK-lemmings raw data disk 2 (1992) (dma-chris white).png</image><titleshot>~/../thumbs/MGT - Sam Coupe/Named_Titles//home/runner/rom/TOSEC/MGT/Sam Coupe/Games/[DSK]/ZZZ-UNK-lemmings raw data disk 2 (1992) (dma-chris white).png</titleshot><thumbnail>~/../thumbs/MGT - Sam Coupe/Named_Boxarts//home/runner/rom/TOSEC/MGT/Sam Coupe/Games/[DSK]/ZZZ-UNK-lemmings raw data disk 2 (1992) (dma-chris white).png</thumbnail><marquee>~/../thumbs/MGT - Sam Coupe/Named_Logos//home/runner/rom/TOSEC/MGT/Sam Coupe/Games/[DSK]/ZZZ-UNK-lemmings raw data disk 2 (1992) (dma-chris white).png</marquee></game>
<game><path>./Sam Coupé DSK//home/runner/rom/TOSEC/MGT/Sam Coupe/Games/[DSK]/ZZZ-UNK-lemmings raw data disk 3 (1992) (dma-chris white).zip</path><name>/home/runner/rom/TOSEC/MGT/Sam Coupe/Games/[DSK]/ZZZ-UNK-lemmings raw data disk 3 (1992) (dma-chris white)</name><image>~/../thumbs/MGT - Sam Coupe/Named_Snaps//home/runner/rom/TOSEC/MGT/Sam Coupe/Games/[DSK]/ZZZ-UNK-lemmings raw data disk 3 (1992) (dma-chris white).png</image><titleshot>~/../thumbs/MGT - Sam Coupe/Named_Titles//home/runner/rom/TOSEC/MGT/Sam Coupe/Games/[DSK]/ZZZ-UNK-lemmings raw data disk 3 (1992) (dma-chris white).png</titleshot><thumbnail>~/../thumbs/MGT - Sam Coupe/Named_Boxarts//home/runner/rom/TOSEC/MGT/Sam Coupe/Games/[DSK]/ZZZ-UNK-lemmings raw data disk 3 (1992) (dma-chris white).png</thumbnail><marquee>~/../thumbs/MGT - Sam Coupe/Named_Logos//home/runner/rom/TOSEC/MGT/Sam Coupe/Games/[DSK]/ZZZ-UNK-lemmings raw data disk 3 (1992) (dma-chris white).png</marquee></game>
<game><path>./Sam Coupé DSK//home/runner/rom/TOSEC/MGT/Sam Coupe/Games/[DSK]/ZZZ-UNK-lemmings#assemble disk 1 (19xx) (chris white).zip</path><name>/home/runner/rom/TOSEC/MGT/Sam Coupe/Games/[DSK]/ZZZ-UNK-lemmings#assemble disk 1 (19xx) (chris white)</name><image>~/../thumbs/MGT - Sam Coupe/Named_Snaps//home/runner/rom/TOSEC/MGT/Sam Coupe/Games/[DSK]/ZZZ-UNK-lemmings#assemble disk 1 (19xx) (chris white).png</image><titleshot>~/../thumbs/MGT - Sam Coupe/Named_Titles//home/runner/rom/TOSEC/MGT/Sam Coupe/Games/[DSK]/ZZZ-UNK-lemmings#assemble disk 1 (19xx) (chris white).png</titleshot><thumbnail>~/../thumbs/MGT - Sam Coupe/Named_Boxarts//home/runner/rom/TOSEC/MGT/Sam Coupe/Games/[DSK]/ZZZ-UNK-lemmings#assemble disk 1 (19xx) (chris white).png</thumbnail><marquee>~/../thumbs/MGT - Sam Coupe/Named_Logos//home/runner/rom/TOSEC/MGT/Sam Coupe/Games/[DSK]/ZZZ-UNK-lemmings#assemble disk 1 (19xx) (chris white).png</marquee></game>
<game><path>./Sam Coupé DSK//home/runner/rom/TOSEC/MGT/Sam Coupe/Games/[DSK]/ZZZ-UNK-lemmings#dos test side 1 (19xx) (chris white).zip</path><name>/home/runner/rom/TOSEC/MGT/Sam Coupe/Games/[DSK]/ZZZ-UNK-lemmings#dos test side 1 (19xx) (chris white)</name><image>~/../thumbs/MGT - Sam Coupe/Named_Snaps//home/runner/rom/TOSEC/MGT/Sam Coupe/Games/[DSK]/ZZZ-UNK-lemmings#dos test side 1 (19xx) (chris white).png</image><titleshot>~/../thumbs/MGT - Sam Coupe/Named_Titles//home/runner/rom/TOSEC/MGT/Sam Coupe/Games/[DSK]/ZZZ-UNK-lemmings#dos test side 1 (19xx) (chris white).png</titleshot><thumbnail>~/../thumbs/MGT - Sam Coupe/Named_Boxarts//home/runner/rom/TOSEC/MGT/Sam Coupe/Games/[DSK]/ZZZ-UNK-lemmings#dos test side 1 (19xx) (chris white).png</thumbnail><marquee>~/../thumbs/MGT - Sam Coupe/Named_Logos//home/runner/rom/TOSEC/MGT/Sam Coupe/Games/[DSK]/ZZZ-UNK-lemmings#dos test side 1 (19xx) (chris white).png</marquee></game>
<game><path>./Sam Coupé DSK//home/runner/rom/TOSEC/MGT/Sam Coupe/Games/[DSK]/ZZZ-UNK-lemmings#dos test side 2 (19xx) (chris white).zip</path><name>/home/runner/rom/TOSEC/MGT/Sam Coupe/Games/[DSK]/ZZZ-UNK-lemmings#dos test side 2 (19xx) (chris white)</name><image>~/../thumbs/MGT - Sam Coupe/Named_Snaps//home/runner/rom/TOSEC/MGT/Sam Coupe/Games/[DSK]/ZZZ-UNK-lemmings#dos test side 2 (19xx) (chris white).png</image><titleshot>~/../thumbs/MGT - Sam Coupe/Named_Titles//home/runner/rom/TOSEC/MGT/Sam Coupe/Games/[DSK]/ZZZ-UNK-lemmings#dos test side 2 (19xx) (chris white).png</titleshot><thumbnail>~/../thumbs/MGT - Sam Coupe/Named_Boxarts//home/runner/rom/TOSEC/MGT/Sam Coupe/Games/[DSK]/ZZZ-UNK-lemmings#dos test side 2 (19xx) (chris white).png</thumbnail><marquee>~/../thumbs/MGT - Sam Coupe/Named_Logos//home/runner/rom/TOSEC/MGT/Sam Coupe/Games/[DSK]/ZZZ-UNK-lemmings#dos test side 2 (19xx) (chris white).png</marquee></game>
<game><path>./Sam Coupé DSK//home/runner/rom/TOSEC/MGT/Sam Coupe/Games/[DSK]/ZZZ-UNK-lemmings#front end gfx (19xx) (chris white).zip</path><name>/home/runner/rom/TOSEC/MGT/Sam Coupe/Games/[DSK]/ZZZ-UNK-lemmings#front end gfx (19xx) (chris white)</name><image>~/../thumbs/MGT - Sam Coupe/Named_Snaps//home/runner/rom/TOSEC/MGT/Sam Coupe/Games/[DSK]/ZZZ-UNK-lemmings#front end gfx (19xx) (chris white).png</image><titleshot>~/../thumbs/MGT - Sam Coupe/Named_Titles//home/runner/rom/TOSEC/MGT/Sam Coupe/Games/[DSK]/ZZZ-UNK-lemmings#front end gfx (19xx) (chris white).png</titleshot><thumbnail>~/../thumbs/MGT - Sam Coupe/Named_Boxarts//home/runner/rom/TOSEC/MGT/Sam Coupe/Games/[DSK]/ZZZ-UNK-lemmings#front end gfx (19xx) (chris white).png</thumbnail><marquee>~/../thumbs/MGT - Sam Coupe/Named_Logos//home/runner/rom/TOSEC/MGT/Sam Coupe/Games/[DSK]/ZZZ-UNK-lemmings#front end gfx (19xx) (chris white).png</marquee></game>
<game><path>./Sam Coupé DSK//home/runner/rom/TOSEC/MGT/Sam Coupe/Games/[DSK]/ZZZ-UNK-lemmings#gfx iff 1 (19xx) (chris white).zip</path><name>/home/runner/rom/TOSEC/MGT/Sam Coupe/Games/[DSK]/ZZZ-UNK-lemmings#gfx iff 1 (19xx) (chris white)</name><image>~/../thumbs/MGT - Sam Coupe/Named_Snaps//home/runner/rom/TOSEC/MGT/Sam Coupe/Games/[DSK]/ZZZ-UNK-lemmings#gfx iff 1 (19xx) (chris white).png</image><titleshot>~/../thumbs/MGT - Sam Coupe/Named_Titles//home/runner/rom/TOSEC/MGT/Sam Coupe/Games/[DSK]/ZZZ-UNK-lemmings#gfx iff 1 (19xx) (chris white).png</titleshot><thumbnail>~/../thumbs/MGT - Sam Coupe/Named_Boxarts//home/runner/rom/TOSEC/MGT/Sam Coupe/Games/[DSK]/ZZZ-UNK-lemmings#gfx iff 1 (19xx) (chris white).png</thumbnail><marquee>~/../thumbs/MGT - Sam Coupe/Named_Logos//home/runner/rom/TOSEC/MGT/Sam Coupe/Games/[DSK]/ZZZ-UNK-lemmings#gfx iff 1 (19xx) (chris white).png</marquee></game>
<game><path>./Sam Coupé DSK//home/runner/rom/TOSEC/MGT/Sam Coupe/Games/[DSK]/ZZZ-UNK-lemmings#gfx iff 2 (19xx) (chris white).zip</path><name>/home/runner/rom/TOSEC/MGT/Sam Coupe/Games/[DSK]/ZZZ-UNK-lemmings#gfx iff 2 (19xx) (chris white)</name><image>~/../thumbs/MGT - Sam Coupe/Named_Snaps//home/runner/rom/TOSEC/MGT/Sam Coupe/Games/[DSK]/ZZZ-UNK-lemmings#gfx iff 2 (19xx) (chris white).png</image><titleshot>~/../thumbs/MGT - Sam Coupe/Named_Titles//home/runner/rom/TOSEC/MGT/Sam Coupe/Games/[DSK]/ZZZ-UNK-lemmings#gfx iff 2 (19xx) (chris white).png</titleshot><thumbnail>~/../thumbs/MGT - Sam Coupe/Named_Boxarts//home/runner/rom/TOSEC/MGT/Sam Coupe/Games/[DSK]/ZZZ-UNK-lemmings#gfx iff 2 (19xx) (chris white).png</thumbnail><marquee>~/../thumbs/MGT - Sam Coupe/Named_Logos//home/runner/rom/TOSEC/MGT/Sam Coupe/Games/[DSK]/ZZZ-UNK-lemmings#gfx iff 2 (19xx) (chris white).png</marquee></game>
<game><path>./Sam Coupé DSK//home/runner/rom/TOSEC/MGT/Sam Coupe/Games/[DSK]/ZZZ-UNK-lemmings#stuff from dma (19xx) (chris white).zip</path><name>/home/runner/rom/TOSEC/MGT/Sam Coupe/Games/[DSK]/ZZZ-UNK-lemmings#stuff from dma (19xx) (chris white)</name><image>~/../thumbs/MGT - Sam Coupe/Named_Snaps//home/runner/rom/TOSEC/MGT/Sam Coupe/Games/[DSK]/ZZZ-UNK-lemmings#stuff from dma (19xx) (chris white).png</image><titleshot>~/../thumbs/MGT - Sam Coupe/Named_Titles//home/runner/rom/TOSEC/MGT/Sam Coupe/Games/[DSK]/ZZZ-UNK-lemmings#stuff from dma (19xx) (chris white).png</titleshot><thumbnail>~/../thumbs/MGT - Sam Coupe/Named_Boxarts//home/runner/rom/TOSEC/MGT/Sam Coupe/Games/[DSK]/ZZZ-UNK-lemmings#stuff from dma (19xx) (chris white).png</thumbnail><marquee>~/../thumbs/MGT - Sam Coupe/Named_Logos//home/runner/rom/TOSEC/MGT/Sam Coupe/Games/[DSK]/ZZZ-UNK-lemmings#stuff from dma (19xx) (chris white).png</marquee></game>
<game><path>./Sam Coupé DSK//home/runner/rom/TOSEC/MGT/Sam Coupe/Games/[DSK]/ZZZ-UNK-prince of persia demo (1990) (revelation-chris white) [a].zip</path><name>/home/runner/rom/TOSEC/MGT/Sam Coupe/Games/[DSK]/ZZZ-UNK-prince of persia demo (1990) (revelation-chris white) [a]</name><image>~/../thumbs/MGT - Sam Coupe/Named_Snaps//home/runner/rom/TOSEC/MGT/Sam Coupe/Games/[DSK]/ZZZ-UNK-prince of persia demo (1990) (revelation-chris white) [a].png</image><titleshot>~/../thumbs/MGT - Sam Coupe/Named_Titles//home/runner/rom/TOSEC/MGT/Sam Coupe/Games/[DSK]/ZZZ-UNK-prince of persia demo (1990) (revelation-chris white) [a].png</titleshot><thumbnail>~/../thumbs/MGT - Sam Coupe/Named_Boxarts//home/runner/rom/TOSEC/MGT/Sam Coupe/Games/[DSK]/ZZZ-UNK-prince of persia demo (1990) (revelation-chris white) [a].png</thumbnail><marquee>~/../thumbs/MGT - Sam Coupe/Named_Logos//home/runner/rom/TOSEC/MGT/Sam Coupe/Games/[DSK]/ZZZ-UNK-prince of persia demo (1990) (revelation-chris white) [a].png</marquee><hidden>true</hidden></game>
<game><path>./Sam Coupé DSK//home/runner/rom/TOSEC/MGT/Sam Coupe/Games/[DSK]/ZZZ-UNK-prince of persia demo.tap.zip</path><name>/home/runner/rom/TOSEC/MGT/Sam Coupe/Games/[DSK]/ZZZ-UNK-prince of persia demo.tap</name><image>~/../thumbs/MGT - Sam Coupe/Named_Snaps//home/runner/rom/TOSEC/MGT/Sam Coupe/Games/[DSK]/ZZZ-UNK-prince of persia demo.tap.png</image><titleshot>~/../thumbs/MGT - Sam Coupe/Named_Titles//home/runner/rom/TOSEC/MGT/Sam Coupe/Games/[DSK]/ZZZ-UNK-prince of persia demo.tap.png</titleshot><thumbnail>~/../thumbs/MGT - Sam Coupe/Named_Boxarts//home/runner/rom/TOSEC/MGT/Sam Coupe/Games/[DSK]/ZZZ-UNK-prince of persia demo.tap.png</thumbnail><marquee>~/../thumbs/MGT - Sam Coupe/Named_Logos//home/runner/rom/TOSEC/MGT/Sam Coupe/Games/[DSK]/ZZZ-UNK-prince of persia demo.tap.png</marquee></game>
<game><path>./Sam Coupé DSK//home/runner/rom/TOSEC/MGT/Sam Coupe/Games/[DSK]/ZZZ-UNK-prince of persia#assemble disk (1990) (chris white).zip</path><name>/home/runner/rom/TOSEC/MGT/Sam Coupe/Games/[DSK]/ZZZ-UNK-prince of persia#assemble disk (1990) (chris white)</name><image>~/../thumbs/MGT - Sam Coupe/Named_Snaps//home/runner/rom/TOSEC/MGT/Sam Coupe/Games/[DSK]/ZZZ-UNK-prince of persia#assemble disk (1990) (chris white).png</image><titleshot>~/../thumbs/MGT - Sam Coupe/Named_Titles//home/runner/rom/TOSEC/MGT/Sam Coupe/Games/[DSK]/ZZZ-UNK-prince of persia#assemble disk (1990) (chris white).png</titleshot><thumbnail>~/../thumbs/MGT - Sam Coupe/Named_Boxarts//home/runner/rom/TOSEC/MGT/Sam Coupe/Games/[DSK]/ZZZ-UNK-prince of persia#assemble disk (1990) (chris white).png</thumbnail><marquee>~/../thumbs/MGT - Sam Coupe/Named_Logos//home/runner/rom/TOSEC/MGT/Sam Coupe/Games/[DSK]/ZZZ-UNK-prince of persia#assemble disk (1990) (chris white).png</marquee></game>
<game><path>./Sam Coupé DSK//home/runner/rom/TOSEC/MGT/Sam Coupe/Games/[DSK]/ZZZ-UNK-prince of persia#assembly & pokers (1990) (chris white).zip</path><name>/home/runner/rom/TOSEC/MGT/Sam Coupe/Games/[DSK]/ZZZ-UNK-prince of persia#assembly & pokers (1990) (chris white)</name><image>~/../thumbs/MGT - Sam Coupe/Named_Snaps//home/runner/rom/TOSEC/MGT/Sam Coupe/Games/[DSK]/ZZZ-UNK-prince of persia#assembly & pokers (1990) (chris white).png</image><titleshot>~/../thumbs/MGT - Sam Coupe/Named_Titles//home/runner/rom/TOSEC/MGT/Sam Coupe/Games/[DSK]/ZZZ-UNK-prince of persia#assembly & pokers (1990) (chris white).png</titleshot><thumbnail>~/../thumbs/MGT - Sam Coupe/Named_Boxarts//home/runner/rom/TOSEC/MGT/Sam Coupe/Games/[DSK]/ZZZ-UNK-prince of persia#assembly & pokers (1990) (chris white).png</thumbnail><marquee>~/../thumbs/MGT - Sam Coupe/Named_Logos//home/runner/rom/TOSEC/MGT/Sam Coupe/Games/[DSK]/ZZZ-UNK-prince of persia#assembly & pokers (1990) (chris white).png</marquee></game>
<game><path>./Sam Coupé DSK//home/runner/rom/TOSEC/MGT/Sam Coupe/Games/[DSK]/ZZZ-UNK-prince of persia#screens 1 (1990) (chris white) [a].zip</path><name>/home/runner/rom/TOSEC/MGT/Sam Coupe/Games/[DSK]/ZZZ-UNK-prince of persia#screens 1 (1990) (chris white) [a]</name><image>~/../thumbs/MGT - Sam Coupe/Named_Snaps//home/runner/rom/TOSEC/MGT/Sam Coupe/Games/[DSK]/ZZZ-UNK-prince of persia#screens 1 (1990) (chris white) [a].png</image><titleshot>~/../thumbs/MGT - Sam Coupe/Named_Titles//home/runner/rom/TOSEC/MGT/Sam Coupe/Games/[DSK]/ZZZ-UNK-prince of persia#screens 1 (1990) (chris white) [a].png</titleshot><thumbnail>~/../thumbs/MGT - Sam Coupe/Named_Boxarts//home/runner/rom/TOSEC/MGT/Sam Coupe/Games/[DSK]/ZZZ-UNK-prince of persia#screens 1 (1990) (chris white) [a].png</thumbnail><marquee>~/../thumbs/MGT - Sam Coupe/Named_Logos//home/runner/rom/TOSEC/MGT/Sam Coupe/Games/[DSK]/ZZZ-UNK-prince of persia#screens 1 (1990) (chris white) [a].png</marquee><hidden>true</hidden></game>
<game><path>./Sam Coupé DSK//home/runner/rom/TOSEC/MGT/Sam Coupe/Games/[DSK]/ZZZ-UNK-prince of persia#screens 1 (1990) (chris white).zip</path><name>/home/runner/rom/TOSEC/MGT/Sam Coupe/Games/[DSK]/ZZZ-UNK-prince of persia#screens 1 (1990) (chris white)</name><image>~/../thumbs/MGT - Sam Coupe/Named_Snaps//home/runner/rom/TOSEC/MGT/Sam Coupe/Games/[DSK]/ZZZ-UNK-prince of persia#screens 1 (1990) (chris white).png</image><titleshot>~/../thumbs/MGT - Sam Coupe/Named_Titles//home/runner/rom/TOSEC/MGT/Sam Coupe/Games/[DSK]/ZZZ-UNK-prince of persia#screens 1 (1990) (chris white).png</titleshot><thumbnail>~/../thumbs/MGT - Sam Coupe/Named_Boxarts//home/runner/rom/TOSEC/MGT/Sam Coupe/Games/[DSK]/ZZZ-UNK-prince of persia#screens 1 (1990) (chris white).png</thumbnail><marquee>~/../thumbs/MGT - Sam Coupe/Named_Logos//home/runner/rom/TOSEC/MGT/Sam Coupe/Games/[DSK]/ZZZ-UNK-prince of persia#screens 1 (1990) (chris white).png</marquee></game>
<game><path>./Sam Coupé DSK//home/runner/rom/TOSEC/MGT/Sam Coupe/Games/[DSK]/ZZZ-UNK-prince of persia#screens 2 (1990) (chris white).zip</path><name>/home/runner/rom/TOSEC/MGT/Sam Coupe/Games/[DSK]/ZZZ-UNK-prince of persia#screens 2 (1990) (chris white)</name><image>~/../thumbs/MGT - Sam Coupe/Named_Snaps//home/runner/rom/TOSEC/MGT/Sam Coupe/Games/[DSK]/ZZZ-UNK-prince of persia#screens 2 (1990) (chris white).png</image><titleshot>~/../thumbs/MGT - Sam Coupe/Named_Titles//home/runner/rom/TOSEC/MGT/Sam Coupe/Games/[DSK]/ZZZ-UNK-prince of persia#screens 2 (1990) (chris white).png</titleshot><thumbnail>~/../thumbs/MGT - Sam Coupe/Named_Boxarts//home/runner/rom/TOSEC/MGT/Sam Coupe/Games/[DSK]/ZZZ-UNK-prince of persia#screens 2 (1990) (chris white).png</thumbnail><marquee>~/../thumbs/MGT - Sam Coupe/Named_Logos//home/runner/rom/TOSEC/MGT/Sam Coupe/Games/[DSK]/ZZZ-UNK-prince of persia#screens 2 (1990) (chris white).png</marquee></game>
<game><path>./Sam Coupé DSK//home/runner/rom/TOSEC/MGT/Sam Coupe/Games/[DSK]/ZZZ-UNK-prince of persia#show levels (1990) (chris white).zip</path><name>/home/runner/rom/TOSEC/MGT/Sam Coupe/Games/[DSK]/ZZZ-UNK-prince of persia#show levels (1990) (chris white)</name><image>~/../thumbs/MGT - Sam Coupe/Named_Snaps//home/runner/rom/TOSEC/MGT/Sam Coupe/Games/[DSK]/ZZZ-UNK-prince of persia#show levels (1990) (chris white).png</image><titleshot>~/../thumbs/MGT - Sam Coupe/Named_Titles//home/runner/rom/TOSEC/MGT/Sam Coupe/Games/[DSK]/ZZZ-UNK-prince of persia#show levels (1990) (chris white).png</titleshot><thumbnail>~/../thumbs/MGT - Sam Coupe/Named_Boxarts//home/runner/rom/TOSEC/MGT/Sam Coupe/Games/[DSK]/ZZZ-UNK-prince of persia#show levels (1990) (chris white).png</thumbnail><marquee>~/../thumbs/MGT - Sam Coupe/Named_Logos//home/runner/rom/TOSEC/MGT/Sam Coupe/Games/[DSK]/ZZZ-UNK-prince of persia#show levels (1990) (chris white).png</marquee></game>
<game><path>./Sam Coupé DSK//home/runner/rom/TOSEC/MGT/Sam Coupe/Games/[DSK]/ZZZ-UNK-prince of persia#source (1990) (chris white).zip</path><name>/home/runner/rom/TOSEC/MGT/Sam Coupe/Games/[DSK]/ZZZ-UNK-prince of persia#source (1990) (chris white)</name><image>~/../thumbs/MGT - Sam Coupe/Named_Snaps//home/runner/rom/TOSEC/MGT/Sam Coupe/Games/[DSK]/ZZZ-UNK-prince of persia#source (1990) (chris white).png</image><titleshot>~/../thumbs/MGT - Sam Coupe/Named_Titles//home/runner/rom/TOSEC/MGT/Sam Coupe/Games/[DSK]/ZZZ-UNK-prince of persia#source (1990) (chris white).png</titleshot><thumbnail>~/../thumbs/MGT - Sam Coupe/Named_Boxarts//home/runner/rom/TOSEC/MGT/Sam Coupe/Games/[DSK]/ZZZ-UNK-prince of persia#source (1990) (chris white).png</thumbnail><marquee>~/../thumbs/MGT - Sam Coupe/Named_Logos//home/runner/rom/TOSEC/MGT/Sam Coupe/Games/[DSK]/ZZZ-UNK-prince of persia#source (1990) (chris white).png</marquee></game>
<game><path>./Sam Coupé DSK//home/runner/rom/TOSEC/MGT/Sam Coupe/Games/[DSK]/ZZZ-UNK-prince of persia#trans disk & gamedos (1990) (chris white).zip</path><name>/home/runner/rom/TOSEC/MGT/Sam Coupe/Games/[DSK]/ZZZ-UNK-prince of persia#trans disk & gamedos (1990) (chris white)</name><image>~/../thumbs/MGT - Sam Coupe/Named_Snaps//home/runner/rom/TOSEC/MGT/Sam Coupe/Games/[DSK]/ZZZ-UNK-prince of persia#trans disk & gamedos (1990) (chris white).png</image><titleshot>~/../thumbs/MGT - Sam Coupe/Named_Titles//home/runner/rom/TOSEC/MGT/Sam Coupe/Games/[DSK]/ZZZ-UNK-prince of persia#trans disk & gamedos (1990) (chris white).png</titleshot><thumbnail>~/../thumbs/MGT - Sam Coupe/Named_Boxarts//home/runner/rom/TOSEC/MGT/Sam Coupe/Games/[DSK]/ZZZ-UNK-prince of persia#trans disk & gamedos (1990) (chris white).png</thumbnail><marquee>~/../thumbs/MGT - Sam Coupe/Named_Logos//home/runner/rom/TOSEC/MGT/Sam Coupe/Games/[DSK]/ZZZ-UNK-prince of persia#trans disk & gamedos (1990) (chris white).png</marquee></game>
<game><path>./Sam Coupé DSK//home/runner/rom/TOSEC/MGT/Sam Coupe/Games/[DSK]/ZZZ-UNK-prince of persia#ys cover mount demo (1990) (chris white).zip</path><name>/home/runner/rom/TOSEC/MGT/Sam Coupe/Games/[DSK]/ZZZ-UNK-prince of persia#ys cover mount demo (1990) (chris white)</name><image>~/../thumbs/MGT - Sam Coupe/Named_Snaps//home/runner/rom/TOSEC/MGT/Sam Coupe/Games/[DSK]/ZZZ-UNK-prince of persia#ys cover mount demo (1990) (chris white).png</image><titleshot>~/../thumbs/MGT - Sam Coupe/Named_Titles//home/runner/rom/TOSEC/MGT/Sam Coupe/Games/[DSK]/ZZZ-UNK-prince of persia#ys cover mount demo (1990) (chris white).png</titleshot><thumbnail>~/../thumbs/MGT - Sam Coupe/Named_Boxarts//home/runner/rom/TOSEC/MGT/Sam Coupe/Games/[DSK]/ZZZ-UNK-prince of persia#ys cover mount demo (1990) (chris white).png</thumbnail><marquee>~/../thumbs/MGT - Sam Coupe/Named_Logos//home/runner/rom/TOSEC/MGT/Sam Coupe/Games/[DSK]/ZZZ-UNK-prince of persia#ys cover mount demo (1990) (chris white).png</marquee></game>
<game><path>./Sam Coupé DSK//home/runner/rom/TOSEC/MGT/Sam Coupe/Games/[DSK]/ZZZ-UNK-princeofpersiascreens1.zip</path><name>/home/runner/rom/TOSEC/MGT/Sam Coupe/Games/[DSK]/ZZZ-UNK-princeofpersiascreens1</name><image>~/../thumbs/MGT - Sam Coupe/Named_Snaps//home/runner/rom/TOSEC/MGT/Sam Coupe/Games/[DSK]/ZZZ-UNK-princeofpersiascreens1.png</image><titleshot>~/../thumbs/MGT - Sam Coupe/Named_Titles//home/runner/rom/TOSEC/MGT/Sam Coupe/Games/[DSK]/ZZZ-UNK-princeofpersiascreens1.png</titleshot><thumbnail>~/../thumbs/MGT - Sam Coupe/Named_Boxarts//home/runner/rom/TOSEC/MGT/Sam Coupe/Games/[DSK]/ZZZ-UNK-princeofpersiascreens1.png</thumbnail><marquee>~/../thumbs/MGT - Sam Coupe/Named_Logos//home/runner/rom/TOSEC/MGT/Sam Coupe/Games/[DSK]/ZZZ-UNK-princeofpersiascreens1.png</marquee></game>
<game><path>./Sam Coupé DSK//home/runner/rom/TOSEC/MGT/Sam Coupe/Games/[DSK]/ZZZ-UNK-princeofpersiascreens2.zip</path><name>/home/runner/rom/TOSEC/MGT/Sam Coupe/Games/[DSK]/ZZZ-UNK-princeofpersiascreens2</name><image>~/../thumbs/MGT - Sam Coupe/Named_Snaps//home/runner/rom/TOSEC/MGT/Sam Coupe/Games/[DSK]/ZZZ-UNK-princeofpersiascreens2.png</image><titleshot>~/../thumbs/MGT - Sam Coupe/Named_Titles//home/runner/rom/TOSEC/MGT/Sam Coupe/Games/[DSK]/ZZZ-UNK-princeofpersiascreens2.png</titleshot><thumbnail>~/../thumbs/MGT - Sam Coupe/Named_Boxarts//home/runner/rom/TOSEC/MGT/Sam Coupe/Games/[DSK]/ZZZ-UNK-princeofpersiascreens2.png</thumbnail><marquee>~/../thumbs/MGT - Sam Coupe/Named_Logos//home/runner/rom/TOSEC/MGT/Sam Coupe/Games/[DSK]/ZZZ-UNK-princeofpersiascreens2.png</marquee></game>
<folder><path>./Sam Coupé DSK</path><name>Sam Coupé DSK</name><image>~/../thumb/samcoupe.png</image></folder>
<game><path>./Sam Coupé SAD//home/runner/rom/TOSEC/MGT/Sam Coupe/Games/[SAD]/Basic Scrolly Pokers (19xx)(-).zip</path><name>/home/runner/rom/TOSEC/MGT/Sam Coupe/Games/[SAD]/Basic Scrolly Pokers (19xx)(-)</name><image>~/../thumbs/MGT - Sam Coupe/Named_Snaps//home/runner/rom/TOSEC/MGT/Sam Coupe/Games/[SAD]/Basic Scrolly Pokers (19xx)(-).png</image><titleshot>~/../thumbs/MGT - Sam Coupe/Named_Titles//home/runner/rom/TOSEC/MGT/Sam Coupe/Games/[SAD]/Basic Scrolly Pokers (19xx)(-).png</titleshot><thumbnail>~/../thumbs/MGT - Sam Coupe/Named_Boxarts//home/runner/rom/TOSEC/MGT/Sam Coupe/Games/[SAD]/Basic Scrolly Pokers (19xx)(-).png</thumbnail><marquee>~/../thumbs/MGT - Sam Coupe/Named_Logos//home/runner/rom/TOSEC/MGT/Sam Coupe/Games/[SAD]/Basic Scrolly Pokers (19xx)(-).png</marquee></game>
<game><path>./Sam Coupé SAD//home/runner/rom/TOSEC/MGT/Sam Coupe/Games/[SAD]/Batz'n'Ball (1992)(Revelation).zip</path><name>/home/runner/rom/TOSEC/MGT/Sam Coupe/Games/[SAD]/Batz'n'Ball (1992)(Revelation)</name><image>~/../thumbs/MGT - Sam Coupe/Named_Snaps//home/runner/rom/TOSEC/MGT/Sam Coupe/Games/[SAD]/Batz'n'Ball (1992)(Revelation).png</image><titleshot>~/../thumbs/MGT - Sam Coupe/Named_Titles//home/runner/rom/TOSEC/MGT/Sam Coupe/Games/[SAD]/Batz'n'Ball (1992)(Revelation).png</titleshot><thumbnail>~/../thumbs/MGT - Sam Coupe/Named_Boxarts//home/runner/rom/TOSEC/MGT/Sam Coupe/Games/[SAD]/Batz'n'Ball (1992)(Revelation).png</thumbnail><marquee>~/../thumbs/MGT - Sam Coupe/Named_Logos//home/runner/rom/TOSEC/MGT/Sam Coupe/Games/[SAD]/Batz'n'Ball (1992)(Revelation).png</marquee></game>
<game><path>./Sam Coupé SAD//home/runner/rom/TOSEC/MGT/Sam Coupe/Games/[SAD]/Boing! & Sphera (1992)(Noesis Software).zip</path><name>/home/runner/rom/TOSEC/MGT/Sam Coupe/Games/[SAD]/Boing! & Sphera (1992)(Noesis Software)</name><image>~/../thumbs/MGT - Sam Coupe/Named_Snaps//home/runner/rom/TOSEC/MGT/Sam Coupe/Games/[SAD]/Boing! & Sphera (1992)(Noesis Software).png</image><titleshot>~/../thumbs/MGT - Sam Coupe/Named_Titles//home/runner/rom/TOSEC/MGT/Sam Coupe/Games/[SAD]/Boing! & Sphera (1992)(Noesis Software).png</titleshot><thumbnail>~/../thumbs/MGT - Sam Coupe/Named_Boxarts//home/runner/rom/TOSEC/MGT/Sam Coupe/Games/[SAD]/Boing! & Sphera (1992)(Noesis Software).png</thumbnail><marquee>~/../thumbs/MGT - Sam Coupe/Named_Logos//home/runner/rom/TOSEC/MGT/Sam Coupe/Games/[SAD]/Boing! & Sphera (1992)(Noesis Software).png</marquee></game>
<game><path>./Sam Coupé SAD//home/runner/rom/TOSEC/MGT/Sam Coupe/Games/[SAD]/Bombed Out , Nuclear Waste , Magic Caves , Blockade - Compilation (1990)(Enigma Variations).zip</path><name>/home/runner/rom/TOSEC/MGT/Sam Coupe/Games/[SAD]/Bombed Out , Nuclear Waste , Magic Caves , Blockade - Compilation (1990)(Enigma Variations)</name><image>~/../thumbs/MGT - Sam Coupe/Named_Snaps//home/runner/rom/TOSEC/MGT/Sam Coupe/Games/[SAD]/Bombed Out , Nuclear Waste , Magic Caves , Blockade - Compilation (1990)(Enigma Variations).png</image><titleshot>~/../thumbs/MGT - Sam Coupe/Named_Titles//home/runner/rom/TOSEC/MGT/Sam Coupe/Games/[SAD]/Bombed Out , Nuclear Waste , Magic Caves , Blockade - Compilation (1990)(Enigma Variations).png</titleshot><thumbnail>~/../thumbs/MGT - Sam Coupe/Named_Boxarts//home/runner/rom/TOSEC/MGT/Sam Coupe/Games/[SAD]/Bombed Out , Nuclear Waste , Magic Caves , Blockade - Compilation (1990)(Enigma Variations).png</thumbnail><marquee>~/../thumbs/MGT - Sam Coupe/Named_Logos//home/runner/rom/TOSEC/MGT/Sam Coupe/Games/[SAD]/Bombed Out , Nuclear Waste , Magic Caves , Blockade - Compilation (1990)(Enigma Variations).png</marquee></game>
<game><path>./Sam Coupé SAD//home/runner/rom/TOSEC/MGT/Sam Coupe/Games/[SAD]/Bowin and The Count Dracula (19xx)(Lucosoft - Revelation).zip</path><name>/home/runner/rom/TOSEC/MGT/Sam Coupe/Games/[SAD]/Bowin and The Count Dracula (19xx)(Lucosoft - Revelation)</name><image>~/../thumbs/MGT - Sam Coupe/Named_Snaps//home/runner/rom/TOSEC/MGT/Sam Coupe/Games/[SAD]/Bowin and The Count Dracula (19xx)(Lucosoft - Revelation).png</image><titleshot>~/../thumbs/MGT - Sam Coupe/Named_Titles//home/runner/rom/TOSEC/MGT/Sam Coupe/Games/[SAD]/Bowin and The Count Dracula (19xx)(Lucosoft - Revelation).png</titleshot><thumbnail>~/../thumbs/MGT - Sam Coupe/Named_Boxarts//home/runner/rom/TOSEC/MGT/Sam Coupe/Games/[SAD]/Bowin and The Count Dracula (19xx)(Lucosoft - Revelation).png</thumbnail><marquee>~/../thumbs/MGT - Sam Coupe/Named_Logos//home/runner/rom/TOSEC/MGT/Sam Coupe/Games/[SAD]/Bowin and The Count Dracula (19xx)(Lucosoft - Revelation).png</marquee></game>
<game><path>./Sam Coupé SAD//home/runner/rom/TOSEC/MGT/Sam Coupe/Games/[SAD]/Dyzonium , WaterWorks , WopGamma & Bugulators Compilation (19xx)(-).zip</path><name>/home/runner/rom/TOSEC/MGT/Sam Coupe/Games/[SAD]/Dyzonium , WaterWorks , WopGamma & Bugulators Compilation (19xx)(-)</name><image>~/../thumbs/MGT - Sam Coupe/Named_Snaps//home/runner/rom/TOSEC/MGT/Sam Coupe/Games/[SAD]/Dyzonium , WaterWorks , WopGamma & Bugulators Compilation (19xx)(-).png</image><titleshot>~/../thumbs/MGT - Sam Coupe/Named_Titles//home/runner/rom/TOSEC/MGT/Sam Coupe/Games/[SAD]/Dyzonium , WaterWorks , WopGamma & Bugulators Compilation (19xx)(-).png</titleshot><thumbnail>~/../thumbs/MGT - Sam Coupe/Named_Boxarts//home/runner/rom/TOSEC/MGT/Sam Coupe/Games/[SAD]/Dyzonium , WaterWorks , WopGamma & Bugulators Compilation (19xx)(-).png</thumbnail><marquee>~/../thumbs/MGT - Sam Coupe/Named_Logos//home/runner/rom/TOSEC/MGT/Sam Coupe/Games/[SAD]/Dyzonium , WaterWorks , WopGamma & Bugulators Compilation (19xx)(-).png</marquee></game>
<game><path>./Sam Coupé SAD//home/runner/rom/TOSEC/MGT/Sam Coupe/Games/[SAD]/Fredatives III (19xx)(Hipposoft).zip</path><name>/home/runner/rom/TOSEC/MGT/Sam Coupe/Games/[SAD]/Fredatives III (19xx)(Hipposoft)</name><image>~/../thumbs/MGT - Sam Coupe/Named_Snaps//home/runner/rom/TOSEC/MGT/Sam Coupe/Games/[SAD]/Fredatives III (19xx)(Hipposoft).png</image><titleshot>~/../thumbs/MGT - Sam Coupe/Named_Titles//home/runner/rom/TOSEC/MGT/Sam Coupe/Games/[SAD]/Fredatives III (19xx)(Hipposoft).png</titleshot><thumbnail>~/../thumbs/MGT - Sam Coupe/Named_Boxarts//home/runner/rom/TOSEC/MGT/Sam Coupe/Games/[SAD]/Fredatives III (19xx)(Hipposoft).png</thumbnail><marquee>~/../thumbs/MGT - Sam Coupe/Named_Logos//home/runner/rom/TOSEC/MGT/Sam Coupe/Games/[SAD]/Fredatives III (19xx)(Hipposoft).png</marquee></game>
<game><path>./Sam Coupé SAD//home/runner/rom/TOSEC/MGT/Sam Coupe/Games/[SAD]/Fredatives IV (19xx)(Hipposoft).zip</path><name>/home/runner/rom/TOSEC/MGT/Sam Coupe/Games/[SAD]/Fredatives IV (19xx)(Hipposoft)</name><image>~/../thumbs/MGT - Sam Coupe/Named_Snaps//home/runner/rom/TOSEC/MGT/Sam Coupe/Games/[SAD]/Fredatives IV (19xx)(Hipposoft).png</image><titleshot>~/../thumbs/MGT - Sam Coupe/Named_Titles//home/runner/rom/TOSEC/MGT/Sam Coupe/Games/[SAD]/Fredatives IV (19xx)(Hipposoft).png</titleshot><thumbnail>~/../thumbs/MGT - Sam Coupe/Named_Boxarts//home/runner/rom/TOSEC/MGT/Sam Coupe/Games/[SAD]/Fredatives IV (19xx)(Hipposoft).png</thumbnail><marquee>~/../thumbs/MGT - Sam Coupe/Named_Logos//home/runner/rom/TOSEC/MGT/Sam Coupe/Games/[SAD]/Fredatives IV (19xx)(Hipposoft).png</marquee></game>
<game><path>./Sam Coupé SAD//home/runner/rom/TOSEC/MGT/Sam Coupe/Games/[SAD]/Game Dos - DVar 8.92n3 (19xx)(-).zip</path><name>/home/runner/rom/TOSEC/MGT/Sam Coupe/Games/[SAD]/Game Dos - DVar 8.92n3 (19xx)(-)</name><image>~/../thumbs/MGT - Sam Coupe/Named_Snaps//home/runner/rom/TOSEC/MGT/Sam Coupe/Games/[SAD]/Game Dos - DVar 8.92n3 (19xx)(-).png</image><titleshot>~/../thumbs/MGT - Sam Coupe/Named_Titles//home/runner/rom/TOSEC/MGT/Sam Coupe/Games/[SAD]/Game Dos - DVar 8.92n3 (19xx)(-).png</titleshot><thumbnail>~/../thumbs/MGT - Sam Coupe/Named_Boxarts//home/runner/rom/TOSEC/MGT/Sam Coupe/Games/[SAD]/Game Dos - DVar 8.92n3 (19xx)(-).png</thumbnail><marquee>~/../thumbs/MGT - Sam Coupe/Named_Logos//home/runner/rom/TOSEC/MGT/Sam Coupe/Games/[SAD]/Game Dos - DVar 8.92n3 (19xx)(-).png</marquee></game>
<game><path>./Sam Coupé SAD//home/runner/rom/TOSEC/MGT/Sam Coupe/Games/[SAD]/GamesMaster 1.52 (19xx)(Betasoft).zip</path><name>/home/runner/rom/TOSEC/MGT/Sam Coupe/Games/[SAD]/GamesMaster 1.52 (19xx)(Betasoft)</name><image>~/../thumbs/MGT - Sam Coupe/Named_Snaps//home/runner/rom/TOSEC/MGT/Sam Coupe/Games/[SAD]/GamesMaster 1.52 (19xx)(Betasoft).png</image><titleshot>~/../thumbs/MGT - Sam Coupe/Named_Titles//home/runner/rom/TOSEC/MGT/Sam Coupe/Games/[SAD]/GamesMaster 1.52 (19xx)(Betasoft).png</titleshot><thumbnail>~/../thumbs/MGT - Sam Coupe/Named_Boxarts//home/runner/rom/TOSEC/MGT/Sam Coupe/Games/[SAD]/GamesMaster 1.52 (19xx)(Betasoft).png</thumbnail><marquee>~/../thumbs/MGT - Sam Coupe/Named_Logos//home/runner/rom/TOSEC/MGT/Sam Coupe/Games/[SAD]/GamesMaster 1.52 (19xx)(Betasoft).png</marquee></game>
<game><path>./Sam Coupé SAD//home/runner/rom/TOSEC/MGT/Sam Coupe/Games/[SAD]/Happy Birthday - Games and Utilities Disk (19xx)(SamCo).zip</path><name>/home/runner/rom/TOSEC/MGT/Sam Coupe/Games/[SAD]/Happy Birthday - Games and Utilities Disk (19xx)(SamCo)</name><image>~/../thumbs/MGT - Sam Coupe/Named_Snaps//home/runner/rom/TOSEC/MGT/Sam Coupe/Games/[SAD]/Happy Birthday - Games and Utilities Disk (19xx)(SamCo).png</image><titleshot>~/../thumbs/MGT - Sam Coupe/Named_Titles//home/runner/rom/TOSEC/MGT/Sam Coupe/Games/[SAD]/Happy Birthday - Games and Utilities Disk (19xx)(SamCo).png</titleshot><thumbnail>~/../thumbs/MGT - Sam Coupe/Named_Boxarts//home/runner/rom/TOSEC/MGT/Sam Coupe/Games/[SAD]/Happy Birthday - Games and Utilities Disk (19xx)(SamCo).png</thumbnail><marquee>~/../thumbs/MGT - Sam Coupe/Named_Logos//home/runner/rom/TOSEC/MGT/Sam Coupe/Games/[SAD]/Happy Birthday - Games and Utilities Disk (19xx)(SamCo).png</marquee></game>
<game><path>./Sam Coupé SAD//home/runner/rom/TOSEC/MGT/Sam Coupe/Games/[SAD]/Hexagonia & Witching Hour (19xx)(-).zip</path><name>/home/runner/rom/TOSEC/MGT/Sam Coupe/Games/[SAD]/Hexagonia & Witching Hour (19xx)(-)</name><image>~/../thumbs/MGT - Sam Coupe/Named_Snaps//home/runner/rom/TOSEC/MGT/Sam Coupe/Games/[SAD]/Hexagonia & Witching Hour (19xx)(-).png</image><titleshot>~/../thumbs/MGT - Sam Coupe/Named_Titles//home/runner/rom/TOSEC/MGT/Sam Coupe/Games/[SAD]/Hexagonia & Witching Hour (19xx)(-).png</titleshot><thumbnail>~/../thumbs/MGT - Sam Coupe/Named_Boxarts//home/runner/rom/TOSEC/MGT/Sam Coupe/Games/[SAD]/Hexagonia & Witching Hour (19xx)(-).png</thumbnail><marquee>~/../thumbs/MGT - Sam Coupe/Named_Logos//home/runner/rom/TOSEC/MGT/Sam Coupe/Games/[SAD]/Hexagonia & Witching Hour (19xx)(-).png</marquee></game>
<game><path>./Sam Coupé SAD//home/runner/rom/TOSEC/MGT/Sam Coupe/Games/[SAD]/Highway code, Quizball & Quizball Question Editor (1991)(Revelation).zip</path><name>/home/runner/rom/TOSEC/MGT/Sam Coupe/Games/[SAD]/Highway code, Quizball & Quizball Question Editor (1991)(Revelation)</name><image>~/../thumbs/MGT - Sam Coupe/Named_Snaps//home/runner/rom/TOSEC/MGT/Sam Coupe/Games/[SAD]/Highway code, Quizball & Quizball Question Editor (1991)(Revelation).png</image><titleshot>~/../thumbs/MGT - Sam Coupe/Named_Titles//home/runner/rom/TOSEC/MGT/Sam Coupe/Games/[SAD]/Highway code, Quizball & Quizball Question Editor (1991)(Revelation).png</titleshot><thumbnail>~/../thumbs/MGT - Sam Coupe/Named_Boxarts//home/runner/rom/TOSEC/MGT/Sam Coupe/Games/[SAD]/Highway code, Quizball & Quizball Question Editor (1991)(Revelation).png</thumbnail><marquee>~/../thumbs/MGT - Sam Coupe/Named_Logos//home/runner/rom/TOSEC/MGT/Sam Coupe/Games/[SAD]/Highway code, Quizball & Quizball Question Editor (1991)(Revelation).png</marquee></game>
<game><path>./Sam Coupé SAD//home/runner/rom/TOSEC/MGT/Sam Coupe/Games/[SAD]/Impatience! - Triltex and Viking (1991)(FRED).zip</path><name>/home/runner/rom/TOSEC/MGT/Sam Coupe/Games/[SAD]/Impatience! - Triltex and Viking (1991)(FRED)</name><image>~/../thumbs/MGT - Sam Coupe/Named_Snaps//home/runner/rom/TOSEC/MGT/Sam Coupe/Games/[SAD]/Impatience! - Triltex and Viking (1991)(FRED).png</image><titleshot>~/../thumbs/MGT - Sam Coupe/Named_Titles//home/runner/rom/TOSEC/MGT/Sam Coupe/Games/[SAD]/Impatience! - Triltex and Viking (1991)(FRED).png</titleshot><thumbnail>~/../thumbs/MGT - Sam Coupe/Named_Boxarts//home/runner/rom/TOSEC/MGT/Sam Coupe/Games/[SAD]/Impatience! - Triltex and Viking (1991)(FRED).png</thumbnail><marquee>~/../thumbs/MGT - Sam Coupe/Named_Logos//home/runner/rom/TOSEC/MGT/Sam Coupe/Games/[SAD]/Impatience! - Triltex and Viking (1991)(FRED).png</marquee></game>
<game><path>./Sam Coupé SAD//home/runner/rom/TOSEC/MGT/Sam Coupe/Games/[SAD]/Manic Miner, Splat, Mr Pac, Snake Mania, Craft Compilation (19xx)(-).zip</path><name>/home/runner/rom/TOSEC/MGT/Sam Coupe/Games/[SAD]/Manic Miner, Splat, Mr Pac, Snake Mania, Craft Compilation (19xx)(-)</name><image>~/../thumbs/MGT - Sam Coupe/Named_Snaps//home/runner/rom/TOSEC/MGT/Sam Coupe/Games/[SAD]/Manic Miner, Splat, Mr Pac, Snake Mania, Craft Compilation (19xx)(-).png</image><titleshot>~/../thumbs/MGT - Sam Coupe/Named_Titles//home/runner/rom/TOSEC/MGT/Sam Coupe/Games/[SAD]/Manic Miner, Splat, Mr Pac, Snake Mania, Craft Compilation (19xx)(-).png</titleshot><thumbnail>~/../thumbs/MGT - Sam Coupe/Named_Boxarts//home/runner/rom/TOSEC/MGT/Sam Coupe/Games/[SAD]/Manic Miner, Splat, Mr Pac, Snake Mania, Craft Compilation (19xx)(-).png</thumbnail><marquee>~/../thumbs/MGT - Sam Coupe/Named_Logos//home/runner/rom/TOSEC/MGT/Sam Coupe/Games/[SAD]/Manic Miner, Splat, Mr Pac, Snake Mania, Craft Compilation (19xx)(-).png</marquee></game>
<game><path>./Sam Coupé SAD//home/runner/rom/TOSEC/MGT/Sam Coupe/Games/[SAD]/Map Print Rouines (19xx)(-).zip</path><name>/home/runner/rom/TOSEC/MGT/Sam Coupe/Games/[SAD]/Map Print Rouines (19xx)(-)</name><image>~/../thumbs/MGT - Sam Coupe/Named_Snaps//home/runner/rom/TOSEC/MGT/Sam Coupe/Games/[SAD]/Map Print Rouines (19xx)(-).png</image><titleshot>~/../thumbs/MGT - Sam Coupe/Named_Titles//home/runner/rom/TOSEC/MGT/Sam Coupe/Games/[SAD]/Map Print Rouines (19xx)(-).png</titleshot><thumbnail>~/../thumbs/MGT - Sam Coupe/Named_Boxarts//home/runner/rom/TOSEC/MGT/Sam Coupe/Games/[SAD]/Map Print Rouines (19xx)(-).png</thumbnail><marquee>~/../thumbs/MGT - Sam Coupe/Named_Logos//home/runner/rom/TOSEC/MGT/Sam Coupe/Games/[SAD]/Map Print Rouines (19xx)(-).png</marquee></game>
<game><path>./Sam Coupé SAD//home/runner/rom/TOSEC/MGT/Sam Coupe/Games/[SAD]/Mega #1 (19xx)(-).zip</path><name>/home/runner/rom/TOSEC/MGT/Sam Coupe/Games/[SAD]/Mega #1 (19xx)(-)</name><image>~/../thumbs/MGT - Sam Coupe/Named_Snaps//home/runner/rom/TOSEC/MGT/Sam Coupe/Games/[SAD]/Mega #1 (19xx)(-).png</image><titleshot>~/../thumbs/MGT - Sam Coupe/Named_Titles//home/runner/rom/TOSEC/MGT/Sam Coupe/Games/[SAD]/Mega #1 (19xx)(-).png</titleshot><thumbnail>~/../thumbs/MGT - Sam Coupe/Named_Boxarts//home/runner/rom/TOSEC/MGT/Sam Coupe/Games/[SAD]/Mega #1 (19xx)(-).png</thumbnail><marquee>~/../thumbs/MGT - Sam Coupe/Named_Logos//home/runner/rom/TOSEC/MGT/Sam Coupe/Games/[SAD]/Mega #1 (19xx)(-).png</marquee></game>
<game><path>./Sam Coupé SAD//home/runner/rom/TOSEC/MGT/Sam Coupe/Games/[SAD]/Mind Games II (19xx)(Enigma Variations).zip</path><name>/home/runner/rom/TOSEC/MGT/Sam Coupe/Games/[SAD]/Mind Games II (19xx)(Enigma Variations)</name><image>~/../thumbs/MGT - Sam Coupe/Named_Snaps//home/runner/rom/TOSEC/MGT/Sam Coupe/Games/[SAD]/Mind Games II (19xx)(Enigma Variations).png</image><titleshot>~/../thumbs/MGT - Sam Coupe/Named_Titles//home/runner/rom/TOSEC/MGT/Sam Coupe/Games/[SAD]/Mind Games II (19xx)(Enigma Variations).png</titleshot><thumbnail>~/../thumbs/MGT - Sam Coupe/Named_Boxarts//home/runner/rom/TOSEC/MGT/Sam Coupe/Games/[SAD]/Mind Games II (19xx)(Enigma Variations).png</thumbnail><marquee>~/../thumbs/MGT - Sam Coupe/Named_Logos//home/runner/rom/TOSEC/MGT/Sam Coupe/Games/[SAD]/Mind Games II (19xx)(Enigma Variations).png</marquee></game>
<game><path>./Sam Coupé SAD//home/runner/rom/TOSEC/MGT/Sam Coupe/Games/[SAD]/Pipe Mania, EFPOTRM, Klax, Tetris, Defenders of the Earth (19xx)(-).zip</path><name>/home/runner/rom/TOSEC/MGT/Sam Coupe/Games/[SAD]/Pipe Mania, EFPOTRM, Klax, Tetris, Defenders of the Earth (19xx)(-)</name><image>~/../thumbs/MGT - Sam Coupe/Named_Snaps//home/runner/rom/TOSEC/MGT/Sam Coupe/Games/[SAD]/Pipe Mania, EFPOTRM, Klax, Tetris, Defenders of the Earth (19xx)(-).png</image><titleshot>~/../thumbs/MGT - Sam Coupe/Named_Titles//home/runner/rom/TOSEC/MGT/Sam Coupe/Games/[SAD]/Pipe Mania, EFPOTRM, Klax, Tetris, Defenders of the Earth (19xx)(-).png</titleshot><thumbnail>~/../thumbs/MGT - Sam Coupe/Named_Boxarts//home/runner/rom/TOSEC/MGT/Sam Coupe/Games/[SAD]/Pipe Mania, EFPOTRM, Klax, Tetris, Defenders of the Earth (19xx)(-).png</thumbnail><marquee>~/../thumbs/MGT - Sam Coupe/Named_Logos//home/runner/rom/TOSEC/MGT/Sam Coupe/Games/[SAD]/Pipe Mania, EFPOTRM, Klax, Tetris, Defenders of the Earth (19xx)(-).png</marquee></game>
<game><path>./Sam Coupé SAD//home/runner/rom/TOSEC/MGT/Sam Coupe/Games/[SAD]/Spectrum Games Disk 01 (19xx)(-)[Req 128k].zip</path><name>/home/runner/rom/TOSEC/MGT/Sam Coupe/Games/[SAD]/Spectrum Games Disk 01 (19xx)(-)[Req 128k]</name><image>~/../thumbs/MGT - Sam Coupe/Named_Snaps//home/runner/rom/TOSEC/MGT/Sam Coupe/Games/[SAD]/Spectrum Games Disk 01 (19xx)(-)[Req 128k].png</image><titleshot>~/../thumbs/MGT - Sam Coupe/Named_Titles//home/runner/rom/TOSEC/MGT/Sam Coupe/Games/[SAD]/Spectrum Games Disk 01 (19xx)(-)[Req 128k].png</titleshot><thumbnail>~/../thumbs/MGT - Sam Coupe/Named_Boxarts//home/runner/rom/TOSEC/MGT/Sam Coupe/Games/[SAD]/Spectrum Games Disk 01 (19xx)(-)[Req 128k].png</thumbnail><marquee>~/../thumbs/MGT - Sam Coupe/Named_Logos//home/runner/rom/TOSEC/MGT/Sam Coupe/Games/[SAD]/Spectrum Games Disk 01 (19xx)(-)[Req 128k].png</marquee></game>
<game><path>./Sam Coupé SAD//home/runner/rom/TOSEC/MGT/Sam Coupe/Games/[SAD]/Spectrum Games Disk 02 (19xx)(-)[Req 128k].zip</path><name>/home/runner/rom/TOSEC/MGT/Sam Coupe/Games/[SAD]/Spectrum Games Disk 02 (19xx)(-)[Req 128k]</name><image>~/../thumbs/MGT - Sam Coupe/Named_Snaps//home/runner/rom/TOSEC/MGT/Sam Coupe/Games/[SAD]/Spectrum Games Disk 02 (19xx)(-)[Req 128k].png</image><titleshot>~/../thumbs/MGT - Sam Coupe/Named_Titles//home/runner/rom/TOSEC/MGT/Sam Coupe/Games/[SAD]/Spectrum Games Disk 02 (19xx)(-)[Req 128k].png</titleshot><thumbnail>~/../thumbs/MGT - Sam Coupe/Named_Boxarts//home/runner/rom/TOSEC/MGT/Sam Coupe/Games/[SAD]/Spectrum Games Disk 02 (19xx)(-)[Req 128k].png</thumbnail><marquee>~/../thumbs/MGT - Sam Coupe/Named_Logos//home/runner/rom/TOSEC/MGT/Sam Coupe/Games/[SAD]/Spectrum Games Disk 02 (19xx)(-)[Req 128k].png</marquee></game>
<game><path>./Sam Coupé SAD//home/runner/rom/TOSEC/MGT/Sam Coupe/Games/[SAD]/Spectrum Games Disk 03 (19xx)(-)[Req 128k].zip</path><name>/home/runner/rom/TOSEC/MGT/Sam Coupe/Games/[SAD]/Spectrum Games Disk 03 (19xx)(-)[Req 128k]</name><image>~/../thumbs/MGT - Sam Coupe/Named_Snaps//home/runner/rom/TOSEC/MGT/Sam Coupe/Games/[SAD]/Spectrum Games Disk 03 (19xx)(-)[Req 128k].png</image><titleshot>~/../thumbs/MGT - Sam Coupe/Named_Titles//home/runner/rom/TOSEC/MGT/Sam Coupe/Games/[SAD]/Spectrum Games Disk 03 (19xx)(-)[Req 128k].png</titleshot><thumbnail>~/../thumbs/MGT - Sam Coupe/Named_Boxarts//home/runner/rom/TOSEC/MGT/Sam Coupe/Games/[SAD]/Spectrum Games Disk 03 (19xx)(-)[Req 128k].png</thumbnail><marquee>~/../thumbs/MGT - Sam Coupe/Named_Logos//home/runner/rom/TOSEC/MGT/Sam Coupe/Games/[SAD]/Spectrum Games Disk 03 (19xx)(-)[Req 128k].png</marquee></game>
<game><path>./Sam Coupé SAD//home/runner/rom/TOSEC/MGT/Sam Coupe/Games/[SAD]/Spectrum Games Disk 04 (19xx)(-)[Req 128k].zip</path><name>/home/runner/rom/TOSEC/MGT/Sam Coupe/Games/[SAD]/Spectrum Games Disk 04 (19xx)(-)[Req 128k]</name><image>~/../thumbs/MGT - Sam Coupe/Named_Snaps//home/runner/rom/TOSEC/MGT/Sam Coupe/Games/[SAD]/Spectrum Games Disk 04 (19xx)(-)[Req 128k].png</image><titleshot>~/../thumbs/MGT - Sam Coupe/Named_Titles//home/runner/rom/TOSEC/MGT/Sam Coupe/Games/[SAD]/Spectrum Games Disk 04 (19xx)(-)[Req 128k].png</titleshot><thumbnail>~/../thumbs/MGT - Sam Coupe/Named_Boxarts//home/runner/rom/TOSEC/MGT/Sam Coupe/Games/[SAD]/Spectrum Games Disk 04 (19xx)(-)[Req 128k].png</thumbnail><marquee>~/../thumbs/MGT - Sam Coupe/Named_Logos//home/runner/rom/TOSEC/MGT/Sam Coupe/Games/[SAD]/Spectrum Games Disk 04 (19xx)(-)[Req 128k].png</marquee></game>
<game><path>./Sam Coupé SAD//home/runner/rom/TOSEC/MGT/Sam Coupe/Games/[SAD]/Spectrum Games Disk 05 (19xx)(-)[Req 128k].zip</path><name>/home/runner/rom/TOSEC/MGT/Sam Coupe/Games/[SAD]/Spectrum Games Disk 05 (19xx)(-)[Req 128k]</name><image>~/../thumbs/MGT - Sam Coupe/Named_Snaps//home/runner/rom/TOSEC/MGT/Sam Coupe/Games/[SAD]/Spectrum Games Disk 05 (19xx)(-)[Req 128k].png</image><titleshot>~/../thumbs/MGT - Sam Coupe/Named_Titles//home/runner/rom/TOSEC/MGT/Sam Coupe/Games/[SAD]/Spectrum Games Disk 05 (19xx)(-)[Req 128k].png</titleshot><thumbnail>~/../thumbs/MGT - Sam Coupe/Named_Boxarts//home/runner/rom/TOSEC/MGT/Sam Coupe/Games/[SAD]/Spectrum Games Disk 05 (19xx)(-)[Req 128k].png</thumbnail><marquee>~/../thumbs/MGT - Sam Coupe/Named_Logos//home/runner/rom/TOSEC/MGT/Sam Coupe/Games/[SAD]/Spectrum Games Disk 05 (19xx)(-)[Req 128k].png</marquee></game>
<game><path>./Sam Coupé SAD//home/runner/rom/TOSEC/MGT/Sam Coupe/Games/[SAD]/Spectrum Games Disk 06 (19xx)(-)[Req 128k].zip</path><name>/home/runner/rom/TOSEC/MGT/Sam Coupe/Games/[SAD]/Spectrum Games Disk 06 (19xx)(-)[Req 128k]</name><image>~/../thumbs/MGT - Sam Coupe/Named_Snaps//home/runner/rom/TOSEC/MGT/Sam Coupe/Games/[SAD]/Spectrum Games Disk 06 (19xx)(-)[Req 128k].png</image><titleshot>~/../thumbs/MGT - Sam Coupe/Named_Titles//home/runner/rom/TOSEC/MGT/Sam Coupe/Games/[SAD]/Spectrum Games Disk 06 (19xx)(-)[Req 128k].png</titleshot><thumbnail>~/../thumbs/MGT - Sam Coupe/Named_Boxarts//home/runner/rom/TOSEC/MGT/Sam Coupe/Games/[SAD]/Spectrum Games Disk 06 (19xx)(-)[Req 128k].png</thumbnail><marquee>~/../thumbs/MGT - Sam Coupe/Named_Logos//home/runner/rom/TOSEC/MGT/Sam Coupe/Games/[SAD]/Spectrum Games Disk 06 (19xx)(-)[Req 128k].png</marquee></game>
<game><path>./Sam Coupé SAD//home/runner/rom/TOSEC/MGT/Sam Coupe/Games/[SAD]/Spectrum Games Disk 07 (19xx)(-)[Req 128k].zip</path><name>/home/runner/rom/TOSEC/MGT/Sam Coupe/Games/[SAD]/Spectrum Games Disk 07 (19xx)(-)[Req 128k]</name><image>~/../thumbs/MGT - Sam Coupe/Named_Snaps//home/runner/rom/TOSEC/MGT/Sam Coupe/Games/[SAD]/Spectrum Games Disk 07 (19xx)(-)[Req 128k].png</image><titleshot>~/../thumbs/MGT - Sam Coupe/Named_Titles//home/runner/rom/TOSEC/MGT/Sam Coupe/Games/[SAD]/Spectrum Games Disk 07 (19xx)(-)[Req 128k].png</titleshot><thumbnail>~/../thumbs/MGT - Sam Coupe/Named_Boxarts//home/runner/rom/TOSEC/MGT/Sam Coupe/Games/[SAD]/Spectrum Games Disk 07 (19xx)(-)[Req 128k].png</thumbnail><marquee>~/../thumbs/MGT - Sam Coupe/Named_Logos//home/runner/rom/TOSEC/MGT/Sam Coupe/Games/[SAD]/Spectrum Games Disk 07 (19xx)(-)[Req 128k].png</marquee></game>
<game><path>./Sam Coupé SAD//home/runner/rom/TOSEC/MGT/Sam Coupe/Games/[SAD]/Spectrum Games Disk 08 (19xx)(-)[Req 128k].zip</path><name>/home/runner/rom/TOSEC/MGT/Sam Coupe/Games/[SAD]/Spectrum Games Disk 08 (19xx)(-)[Req 128k]</name><image>~/../thumbs/MGT - Sam Coupe/Named_Snaps//home/runner/rom/TOSEC/MGT/Sam Coupe/Games/[SAD]/Spectrum Games Disk 08 (19xx)(-)[Req 128k].png</image><titleshot>~/../thumbs/MGT - Sam Coupe/Named_Titles//home/runner/rom/TOSEC/MGT/Sam Coupe/Games/[SAD]/Spectrum Games Disk 08 (19xx)(-)[Req 128k].png</titleshot><thumbnail>~/../thumbs/MGT - Sam Coupe/Named_Boxarts//home/runner/rom/TOSEC/MGT/Sam Coupe/Games/[SAD]/Spectrum Games Disk 08 (19xx)(-)[Req 128k].png</thumbnail><marquee>~/../thumbs/MGT - Sam Coupe/Named_Logos//home/runner/rom/TOSEC/MGT/Sam Coupe/Games/[SAD]/Spectrum Games Disk 08 (19xx)(-)[Req 128k].png</marquee></game>
<game><path>./Sam Coupé SAD//home/runner/rom/TOSEC/MGT/Sam Coupe/Games/[SAD]/Spectrum Games Disk 09 (19xx)(-)[Req 128k].zip</path><name>/home/runner/rom/TOSEC/MGT/Sam Coupe/Games/[SAD]/Spectrum Games Disk 09 (19xx)(-)[Req 128k]</name><image>~/../thumbs/MGT - Sam Coupe/Named_Snaps//home/runner/rom/TOSEC/MGT/Sam Coupe/Games/[SAD]/Spectrum Games Disk 09 (19xx)(-)[Req 128k].png</image><titleshot>~/../thumbs/MGT - Sam Coupe/Named_Titles//home/runner/rom/TOSEC/MGT/Sam Coupe/Games/[SAD]/Spectrum Games Disk 09 (19xx)(-)[Req 128k].png</titleshot><thumbnail>~/../thumbs/MGT - Sam Coupe/Named_Boxarts//home/runner/rom/TOSEC/MGT/Sam Coupe/Games/[SAD]/Spectrum Games Disk 09 (19xx)(-)[Req 128k].png</thumbnail><marquee>~/../thumbs/MGT - Sam Coupe/Named_Logos//home/runner/rom/TOSEC/MGT/Sam Coupe/Games/[SAD]/Spectrum Games Disk 09 (19xx)(-)[Req 128k].png</marquee></game>
<game><path>./Sam Coupé SAD//home/runner/rom/TOSEC/MGT/Sam Coupe/Games/[SAD]/Spectrum Games Disk 1 (19xx)(-)[Req 48k].zip</path><name>/home/runner/rom/TOSEC/MGT/Sam Coupe/Games/[SAD]/Spectrum Games Disk 1 (19xx)(-)[Req 48k]</name><image>~/../thumbs/MGT - Sam Coupe/Named_Snaps//home/runner/rom/TOSEC/MGT/Sam Coupe/Games/[SAD]/Spectrum Games Disk 1 (19xx)(-)[Req 48k].png</image><titleshot>~/../thumbs/MGT - Sam Coupe/Named_Titles//home/runner/rom/TOSEC/MGT/Sam Coupe/Games/[SAD]/Spectrum Games Disk 1 (19xx)(-)[Req 48k].png</titleshot><thumbnail>~/../thumbs/MGT - Sam Coupe/Named_Boxarts//home/runner/rom/TOSEC/MGT/Sam Coupe/Games/[SAD]/Spectrum Games Disk 1 (19xx)(-)[Req 48k].png</thumbnail><marquee>~/../thumbs/MGT - Sam Coupe/Named_Logos//home/runner/rom/TOSEC/MGT/Sam Coupe/Games/[SAD]/Spectrum Games Disk 1 (19xx)(-)[Req 48k].png</marquee></game>
<game><path>./Sam Coupé SAD//home/runner/rom/TOSEC/MGT/Sam Coupe/Games/[SAD]/Spectrum Games Disk 10 (19xx)(-)[Req 128k].zip</path><name>/home/runner/rom/TOSEC/MGT/Sam Coupe/Games/[SAD]/Spectrum Games Disk 10 (19xx)(-)[Req 128k]</name><image>~/../thumbs/MGT - Sam Coupe/Named_Snaps//home/runner/rom/TOSEC/MGT/Sam Coupe/Games/[SAD]/Spectrum Games Disk 10 (19xx)(-)[Req 128k].png</image><titleshot>~/../thumbs/MGT - Sam Coupe/Named_Titles//home/runner/rom/TOSEC/MGT/Sam Coupe/Games/[SAD]/Spectrum Games Disk 10 (19xx)(-)[Req 128k].png</titleshot><thumbnail>~/../thumbs/MGT - Sam Coupe/Named_Boxarts//home/runner/rom/TOSEC/MGT/Sam Coupe/Games/[SAD]/Spectrum Games Disk 10 (19xx)(-)[Req 128k].png</thumbnail><marquee>~/../thumbs/MGT - Sam Coupe/Named_Logos//home/runner/rom/TOSEC/MGT/Sam Coupe/Games/[SAD]/Spectrum Games Disk 10 (19xx)(-)[Req 128k].png</marquee></game>
<game><path>./Sam Coupé SAD//home/runner/rom/TOSEC/MGT/Sam Coupe/Games/[SAD]/Spectrum Games Disk 11 (19xx)(-)[Req 128k].zip</path><name>/home/runner/rom/TOSEC/MGT/Sam Coupe/Games/[SAD]/Spectrum Games Disk 11 (19xx)(-)[Req 128k]</name><image>~/../thumbs/MGT - Sam Coupe/Named_Snaps//home/runner/rom/TOSEC/MGT/Sam Coupe/Games/[SAD]/Spectrum Games Disk 11 (19xx)(-)[Req 128k].png</image><titleshot>~/../thumbs/MGT - Sam Coupe/Named_Titles//home/runner/rom/TOSEC/MGT/Sam Coupe/Games/[SAD]/Spectrum Games Disk 11 (19xx)(-)[Req 128k].png</titleshot><thumbnail>~/../thumbs/MGT - Sam Coupe/Named_Boxarts//home/runner/rom/TOSEC/MGT/Sam Coupe/Games/[SAD]/Spectrum Games Disk 11 (19xx)(-)[Req 128k].png</thumbnail><marquee>~/../thumbs/MGT - Sam Coupe/Named_Logos//home/runner/rom/TOSEC/MGT/Sam Coupe/Games/[SAD]/Spectrum Games Disk 11 (19xx)(-)[Req 128k].png</marquee></game>
<game><path>./Sam Coupé SAD//home/runner/rom/TOSEC/MGT/Sam Coupe/Games/[SAD]/Spectrum Games Disk 12 (19xx)(-)[Req 128k].zip</path><name>/home/runner/rom/TOSEC/MGT/Sam Coupe/Games/[SAD]/Spectrum Games Disk 12 (19xx)(-)[Req 128k]</name><image>~/../thumbs/MGT - Sam Coupe/Named_Snaps//home/runner/rom/TOSEC/MGT/Sam Coupe/Games/[SAD]/Spectrum Games Disk 12 (19xx)(-)[Req 128k].png</image><titleshot>~/../thumbs/MGT - Sam Coupe/Named_Titles//home/runner/rom/TOSEC/MGT/Sam Coupe/Games/[SAD]/Spectrum Games Disk 12 (19xx)(-)[Req 128k].png</titleshot><thumbnail>~/../thumbs/MGT - Sam Coupe/Named_Boxarts//home/runner/rom/TOSEC/MGT/Sam Coupe/Games/[SAD]/Spectrum Games Disk 12 (19xx)(-)[Req 128k].png</thumbnail><marquee>~/../thumbs/MGT - Sam Coupe/Named_Logos//home/runner/rom/TOSEC/MGT/Sam Coupe/Games/[SAD]/Spectrum Games Disk 12 (19xx)(-)[Req 128k].png</marquee></game>
<game><path>./Sam Coupé SAD//home/runner/rom/TOSEC/MGT/Sam Coupe/Games/[SAD]/Spectrum Games Disk 2 (19xx)(-)[Req 48k].zip</path><name>/home/runner/rom/TOSEC/MGT/Sam Coupe/Games/[SAD]/Spectrum Games Disk 2 (19xx)(-)[Req 48k]</name><image>~/../thumbs/MGT - Sam Coupe/Named_Snaps//home/runner/rom/TOSEC/MGT/Sam Coupe/Games/[SAD]/Spectrum Games Disk 2 (19xx)(-)[Req 48k].png</image><titleshot>~/../thumbs/MGT - Sam Coupe/Named_Titles//home/runner/rom/TOSEC/MGT/Sam Coupe/Games/[SAD]/Spectrum Games Disk 2 (19xx)(-)[Req 48k].png</titleshot><thumbnail>~/../thumbs/MGT - Sam Coupe/Named_Boxarts//home/runner/rom/TOSEC/MGT/Sam Coupe/Games/[SAD]/Spectrum Games Disk 2 (19xx)(-)[Req 48k].png</thumbnail><marquee>~/../thumbs/MGT - Sam Coupe/Named_Logos//home/runner/rom/TOSEC/MGT/Sam Coupe/Games/[SAD]/Spectrum Games Disk 2 (19xx)(-)[Req 48k].png</marquee></game>
<game><path>./Sam Coupé SAD//home/runner/rom/TOSEC/MGT/Sam Coupe/Games/[SAD]/Spectrum Games Disk 3 (19xx)(-)[Req 48k].zip</path><name>/home/runner/rom/TOSEC/MGT/Sam Coupe/Games/[SAD]/Spectrum Games Disk 3 (19xx)(-)[Req 48k]</name><image>~/../thumbs/MGT - Sam Coupe/Named_Snaps//home/runner/rom/TOSEC/MGT/Sam Coupe/Games/[SAD]/Spectrum Games Disk 3 (19xx)(-)[Req 48k].png</image><titleshot>~/../thumbs/MGT - Sam Coupe/Named_Titles//home/runner/rom/TOSEC/MGT/Sam Coupe/Games/[SAD]/Spectrum Games Disk 3 (19xx)(-)[Req 48k].png</titleshot><thumbnail>~/../thumbs/MGT - Sam Coupe/Named_Boxarts//home/runner/rom/TOSEC/MGT/Sam Coupe/Games/[SAD]/Spectrum Games Disk 3 (19xx)(-)[Req 48k].png</thumbnail><marquee>~/../thumbs/MGT - Sam Coupe/Named_Logos//home/runner/rom/TOSEC/MGT/Sam Coupe/Games/[SAD]/Spectrum Games Disk 3 (19xx)(-)[Req 48k].png</marquee></game>
<game><path>./Sam Coupé SAD//home/runner/rom/TOSEC/MGT/Sam Coupe/Games/[SAD]/Spectrum Games Disk 4 (19xx)(-)[Req 48k].zip</path><name>/home/runner/rom/TOSEC/MGT/Sam Coupe/Games/[SAD]/Spectrum Games Disk 4 (19xx)(-)[Req 48k]</name><image>~/../thumbs/MGT - Sam Coupe/Named_Snaps//home/runner/rom/TOSEC/MGT/Sam Coupe/Games/[SAD]/Spectrum Games Disk 4 (19xx)(-)[Req 48k].png</image><titleshot>~/../thumbs/MGT - Sam Coupe/Named_Titles//home/runner/rom/TOSEC/MGT/Sam Coupe/Games/[SAD]/Spectrum Games Disk 4 (19xx)(-)[Req 48k].png</titleshot><thumbnail>~/../thumbs/MGT - Sam Coupe/Named_Boxarts//home/runner/rom/TOSEC/MGT/Sam Coupe/Games/[SAD]/Spectrum Games Disk 4 (19xx)(-)[Req 48k].png</thumbnail><marquee>~/../thumbs/MGT - Sam Coupe/Named_Logos//home/runner/rom/TOSEC/MGT/Sam Coupe/Games/[SAD]/Spectrum Games Disk 4 (19xx)(-)[Req 48k].png</marquee></game>
<game><path>./Sam Coupé SAD//home/runner/rom/TOSEC/MGT/Sam Coupe/Games/[SAD]/Spectrum Games Disk 5 (19xx)(-)[Req 48k].zip</path><name>/home/runner/rom/TOSEC/MGT/Sam Coupe/Games/[SAD]/Spectrum Games Disk 5 (19xx)(-)[Req 48k]</name><image>~/../thumbs/MGT - Sam Coupe/Named_Snaps//home/runner/rom/TOSEC/MGT/Sam Coupe/Games/[SAD]/Spectrum Games Disk 5 (19xx)(-)[Req 48k].png</image><titleshot>~/../thumbs/MGT - Sam Coupe/Named_Titles//home/runner/rom/TOSEC/MGT/Sam Coupe/Games/[SAD]/Spectrum Games Disk 5 (19xx)(-)[Req 48k].png</titleshot><thumbnail>~/../thumbs/MGT - Sam Coupe/Named_Boxarts//home/runner/rom/TOSEC/MGT/Sam Coupe/Games/[SAD]/Spectrum Games Disk 5 (19xx)(-)[Req 48k].png</thumbnail><marquee>~/../thumbs/MGT - Sam Coupe/Named_Logos//home/runner/rom/TOSEC/MGT/Sam Coupe/Games/[SAD]/Spectrum Games Disk 5 (19xx)(-)[Req 48k].png</marquee></game>
<game><path>./Sam Coupé SAD//home/runner/rom/TOSEC/MGT/Sam Coupe/Games/[SAD]/Spectrum Games Disk 6 (19xx)(-)[Req 48k].zip</path><name>/home/runner/rom/TOSEC/MGT/Sam Coupe/Games/[SAD]/Spectrum Games Disk 6 (19xx)(-)[Req 48k]</name><image>~/../thumbs/MGT - Sam Coupe/Named_Snaps//home/runner/rom/TOSEC/MGT/Sam Coupe/Games/[SAD]/Spectrum Games Disk 6 (19xx)(-)[Req 48k].png</image><titleshot>~/../thumbs/MGT - Sam Coupe/Named_Titles//home/runner/rom/TOSEC/MGT/Sam Coupe/Games/[SAD]/Spectrum Games Disk 6 (19xx)(-)[Req 48k].png</titleshot><thumbnail>~/../thumbs/MGT - Sam Coupe/Named_Boxarts//home/runner/rom/TOSEC/MGT/Sam Coupe/Games/[SAD]/Spectrum Games Disk 6 (19xx)(-)[Req 48k].png</thumbnail><marquee>~/../thumbs/MGT - Sam Coupe/Named_Logos//home/runner/rom/TOSEC/MGT/Sam Coupe/Games/[SAD]/Spectrum Games Disk 6 (19xx)(-)[Req 48k].png</marquee></game>
<folder><path>./Sam Coupé SAD</path><name>Sam Coupé SAD</name><image>~/../thumb/samcoupe.png</image></folder>
</gameList>
