<gameList>
<game><path>./Sam Coupé DSK/Adventures Of Captain Comic, The (19xx)(Lars).zip</path><name>Adventures Of Captain Comic, The (19xx)(Lars)</name><image>~/../thumbs/MGT - Sam Coupe/Named_Snaps/Adventures Of Captain Comic, The (19xx).png</image></game>
<game><path>./Sam Coupé DSK/Blokker (1995)(McGreal, Stephen).zip</path><name>Blokker (1995)(McGreal, Stephen)</name><image>~/../thumbs/MGT - Sam Coupe/Named_Snaps/Blokker (1995).png</image></game>
<game><path>./Sam Coupé DSK/Boing! (1992)(Noesis Software).zip</path><name>Boing! (1992)(Noesis Software)</name><image>~/../thumbs/MGT - Sam Coupe/Named_Snaps/Boing! (1992).png</image></game>
<game><path>./Sam Coupé DSK/Cross Bomber (2021-05-13)(Caruso, Fabrizio).zip</path><name>Cross Bomber (2021-05-13)(Caruso, Fabrizio)</name><image>~/../thumbs/MGT - Sam Coupe/Named_Snaps/Cross Bomber (2021-05-13).png</image></game>
<game><path>./Sam Coupé DSK/Cross Chase (2018-04-15)(Caruso, Fabrizio).zip</path><name>Cross Chase (2018-04-15)(Caruso, Fabrizio)</name><image>~/../thumbs/MGT - Sam Coupe/Named_Snaps/Cross Chase (2018-04-15).png</image></game>
<game><path>./Sam Coupé DSK/Cross Chase (2018-05-19)(Caruso, Fabrizio).zip</path><name>Cross Chase (2018-05-19)(Caruso, Fabrizio)</name><image>~/../thumbs/MGT - Sam Coupe/Named_Snaps/Cross Chase (2018-05-19).png</image></game>
<game><path>./Sam Coupé DSK/Cross Chase (2018-07-19)(Caruso, Fabrizio).zip</path><name>Cross Chase (2018-07-19)(Caruso, Fabrizio)</name><image>~/../thumbs/MGT - Sam Coupe/Named_Snaps/Cross Chase (2018-07-19).png</image></game>
<game><path>./Sam Coupé DSK/Cross Chase (2018-08-04)(Caruso, Fabrizio).zip</path><name>Cross Chase (2018-08-04)(Caruso, Fabrizio)</name><image>~/../thumbs/MGT - Sam Coupe/Named_Snaps/Cross Chase (2018-08-04).png</image></game>
<game><path>./Sam Coupé DSK/Cross Chase (2018-10-29)(Caruso, Fabrizio).zip</path><name>Cross Chase (2018-10-29)(Caruso, Fabrizio)</name><image>~/../thumbs/MGT - Sam Coupe/Named_Snaps/Cross Chase (2018-10-29).png</image></game>
<game><path>./Sam Coupé DSK/Cross Chase (2020-04-02)(Caruso, Fabrizio).zip</path><name>Cross Chase (2020-04-02)(Caruso, Fabrizio)</name><image>~/../thumbs/MGT - Sam Coupe/Named_Snaps/Cross Chase (2020-04-02).png</image></game>
<game><path>./Sam Coupé DSK/Cross Chase (2021-05-13)(Caruso, Fabrizio).zip</path><name>Cross Chase (2021-05-13)(Caruso, Fabrizio)</name><image>~/../thumbs/MGT - Sam Coupe/Named_Snaps/Cross Chase (2021-05-13).png</image></game>
<game><path>./Sam Coupé DSK/Cross Horde v1.0 (2021-05-01)(Caruso, Fabrizio).zip</path><name>Cross Horde v1.0 (2021-05-01)(Caruso, Fabrizio)</name><image>~/../thumbs/MGT - Sam Coupe/Named_Snaps/Cross Horde v1.0 (2021-05-01).png</image></game>
<game><path>./Sam Coupé DSK/Cross Shoot (2021-05-13)(Caruso, Fabrizio).zip</path><name>Cross Shoot (2021-05-13)(Caruso, Fabrizio)</name><image>~/../thumbs/MGT - Sam Coupe/Named_Snaps/Cross Shoot (2021-05-13).png</image></game>
<game><path>./Sam Coupé DSK/Cross Snake v2.0 (2020-12-31)(Caruso, Fabrizio).zip</path><name>Cross Snake v2.0 (2020-12-31)(Caruso, Fabrizio)</name><image>~/../thumbs/MGT - Sam Coupe/Named_Snaps/Cross Snake v2.0 (2020-12-31).png</image></game>
<game><path>./Sam Coupé DSK/Curse of the Serpent's Eye (1994)(Dream World Adventures).zip</path><name>Curse of the Serpent's Eye (1994)(Dream World Adventures)</name><image>~/../thumbs/MGT - Sam Coupe/Named_Snaps/Curse of the Serpent's Eye (1994).png</image></game>
<game><path>./Sam Coupé DSK/Curse of the Serpent's Eye (1994)(Dream World Adventures)[a2].zip</path><name>Curse of the Serpent's Eye (1994)(Dream World Adventures)[a2]</name><image>~/../thumbs/MGT - Sam Coupe/Named_Snaps/Curse of the Serpent's Eye (1994).png</image></game>
<game><path>./Sam Coupé DSK/Curse of the Serpent's Eye (1994)(Dream World Adventures)[a3].zip</path><name>Curse of the Serpent's Eye (1994)(Dream World Adventures)[a3]</name><image>~/../thumbs/MGT - Sam Coupe/Named_Snaps/Curse of the Serpent's Eye (1994).png</image></game>
<game><path>./Sam Coupé DSK/Curse of the Serpent's Eye (1994)(Dream World Adventures)[a4].zip</path><name>Curse of the Serpent's Eye (1994)(Dream World Adventures)[a4]</name><image>~/../thumbs/MGT - Sam Coupe/Named_Snaps/Curse of the Serpent's Eye (1994).png</image></game>
<game><path>./Sam Coupé DSK/Curse of the Serpent's Eye (1994)(Dream World Adventures)[a].zip</path><name>Curse of the Serpent's Eye (1994)(Dream World Adventures)[a]</name><image>~/../thumbs/MGT - Sam Coupe/Named_Snaps/Curse of the Serpent's Eye (1994).png</image></game>
<game><path>./Sam Coupé DSK/Defender (1998)(Persona - Digital Reality).zip</path><name>Defender (1998)(Persona - Digital Reality)</name><image>~/../thumbs/MGT - Sam Coupe/Named_Snaps/Defender (1998).png</image></game>
<game><path>./Sam Coupé DSK/Dino Sourcerer (1993)(Softdisk Inc.).zip</path><name>Dino Sourcerer (1993)(Softdisk Inc.)</name><image>~/../thumbs/MGT - Sam Coupe/Named_Snaps/Dino Sourcerer (1993).png</image></game>
<game><path>./Sam Coupé DSK/Domino Box (1997)(Supplement Software).zip</path><name>Domino Box (1997)(Supplement Software)</name><image>~/../thumbs/MGT - Sam Coupe/Named_Snaps/Domino Box (1997).png</image></game>
<game><path>./Sam Coupé DSK/Football League Manager (1994)(Key Software - FRED Publishing).zip</path><name>Football League Manager (1994)(Key Software - FRED Publishing)</name><image>~/../thumbs/MGT - Sam Coupe/Named_Snaps/Football League Manager (1994).png</image></game>
<game><path>./Sam Coupé DSK/Golden Sword of Bhakhor, The (1997)(Persona).zip</path><name>Golden Sword of Bhakhor, The (1997)(Persona)</name><image>~/../thumbs/MGT - Sam Coupe/Named_Snaps/Golden Sword of Bhakhor, The (1997).png</image></game>
<game><path>./Sam Coupé DSK/Manic Miner (1992)(Revelation Software).zip</path><name>Manic Miner (1992)(Revelation Software)</name><image>~/../thumbs/MGT - Sam Coupe/Named_Snaps/Manic Miner (1992).png</image></game>
<game><path>./Sam Coupé DSK/Ore Warz II (1990)(McGugan, William).zip</path><name>Ore Warz II (1990)(McGugan, William)</name><image>~/../thumbs/MGT - Sam Coupe/Named_Snaps/Ore Warz II (1990).png</image></game>
<game><path>./Sam Coupé DSK/Park DBS (19xx)(-).zip</path><name>Park DBS (19xx)(-)</name><image>~/../thumbs/MGT - Sam Coupe/Named_Snaps/Park DBS (19xx).png</image></game>
<game><path>./Sam Coupé DSK/Poker 18 SamCoupe 512k (19xx)(Supplement Software).zip</path><name>Poker 18 SamCoupe 512k (19xx)(Supplement Software)</name><image>~/../thumbs/MGT - Sam Coupe/Named_Snaps/Poker 18 SamCoupe 512k (19xx).png</image></game>
<game><path>./Sam Coupé DSK/Prince of Persia (19xx)(Revelation).zip</path><name>Prince of Persia (19xx)(Revelation)</name><image>~/../thumbs/MGT - Sam Coupe/Named_Snaps/Prince of Persia (19xx).png</image></game>
<game><path>./Sam Coupé DSK/Sam Cards (1994)(Daton).zip</path><name>Sam Cards (1994)(Daton)</name><image>~/../thumbs/MGT - Sam Coupe/Named_Snaps/Sam Cards (1994).png</image></game>
<game><path>./Sam Coupé DSK/Sam X (19xx)(Supplement Software).zip</path><name>Sam X (19xx)(Supplement Software)</name><image>~/../thumbs/MGT - Sam Coupe/Named_Snaps/Sam X (19xx).png</image></game>
<game><path>./Sam Coupé DSK/Shanghai (1990)(Fuxsoft).zip</path><name>Shanghai (1990)(Fuxsoft)</name><image>~/../thumbs/MGT - Sam Coupe/Named_Snaps/Shanghai (1990).png</image></game>
<game><path>./Sam Coupé DSK/Shuriken (2023-06-30)(Caruso, Fabrizio).zip</path><name>Shuriken (2023-06-30)(Caruso, Fabrizio)</name><image>~/../thumbs/MGT - Sam Coupe/Named_Snaps/Shuriken (2023-06-30).png</image></game>
<game><path>./Sam Coupé DSK/SoulMagician (1992)(Pc-Act).zip</path><name>SoulMagician (1992)(Pc-Act)</name><image>~/../thumbs/MGT - Sam Coupe/Named_Snaps/SoulMagician (1992).png</image></game>
<game><path>./Sam Coupé DSK/Stinger (2023-10-08)(Caruso, Fabrizio).zip</path><name>Stinger (2023-10-08)(Caruso, Fabrizio)</name><image>~/../thumbs/MGT - Sam Coupe/Named_Snaps/Stinger (2023-10-08).png</image></game>
<game><path>./Sam Coupé DSK/Tetris (1990)(Lord Insanity).zip</path><name>Tetris (1990)(Lord Insanity)</name><image>~/../thumbs/MGT - Sam Coupe/Named_Snaps/Tetris (1990).png</image></game>
<game><path>./Sam Coupé DSK/Triltex (1991)(Fred Software).zip</path><name>Triltex (1991)(Fred Software)</name><image>~/../thumbs/MGT - Sam Coupe/Named_Snaps/Triltex (1991).png</image></game>
<game><path>./Sam Coupé DSK/ZZZ-UNK-explosion#zx spectrum 48 emulator + commander (1996).zip</path><name>ZZZ-UNK-explosion#zx spectrum 48 emulator + commander (1996)</name><image>~/../thumbs/MGT - Sam Coupe/Named_Snaps/ZZZ-UNK-explosion#zx spectrum 48 emulator + commander (1996).png</image></game>
<game><path>./Sam Coupé DSK/ZZZ-UNK-lemmings raw data disk 2 (1992) (dma-chris white).zip</path><name>ZZZ-UNK-lemmings raw data disk 2 (1992) (dma-chris white)</name><image>~/../thumbs/MGT - Sam Coupe/Named_Snaps/ZZZ-UNK-lemmings raw data disk 2 (1992).png</image></game>
<game><path>./Sam Coupé DSK/ZZZ-UNK-lemmings raw data disk 3 (1992) (dma-chris white).zip</path><name>ZZZ-UNK-lemmings raw data disk 3 (1992) (dma-chris white)</name><image>~/../thumbs/MGT - Sam Coupe/Named_Snaps/ZZZ-UNK-lemmings raw data disk 3 (1992).png</image></game>
<game><path>./Sam Coupé DSK/ZZZ-UNK-lemmings#assemble disk 1 (19xx) (chris white).zip</path><name>ZZZ-UNK-lemmings#assemble disk 1 (19xx) (chris white)</name><image>~/../thumbs/MGT - Sam Coupe/Named_Snaps/ZZZ-UNK-lemmings#assemble disk 1 (19xx).png</image></game>
<game><path>./Sam Coupé DSK/ZZZ-UNK-lemmings#dos test side 1 (19xx) (chris white).zip</path><name>ZZZ-UNK-lemmings#dos test side 1 (19xx) (chris white)</name><image>~/../thumbs/MGT - Sam Coupe/Named_Snaps/ZZZ-UNK-lemmings#dos test side 1 (19xx).png</image></game>
<game><path>./Sam Coupé DSK/ZZZ-UNK-lemmings#dos test side 2 (19xx) (chris white).zip</path><name>ZZZ-UNK-lemmings#dos test side 2 (19xx) (chris white)</name><image>~/../thumbs/MGT - Sam Coupe/Named_Snaps/ZZZ-UNK-lemmings#dos test side 2 (19xx).png</image></game>
<game><path>./Sam Coupé DSK/ZZZ-UNK-lemmings#front end gfx (19xx) (chris white).zip</path><name>ZZZ-UNK-lemmings#front end gfx (19xx) (chris white)</name><image>~/../thumbs/MGT - Sam Coupe/Named_Snaps/ZZZ-UNK-lemmings#front end gfx (19xx).png</image></game>
<game><path>./Sam Coupé DSK/ZZZ-UNK-lemmings#gfx iff 1 (19xx) (chris white).zip</path><name>ZZZ-UNK-lemmings#gfx iff 1 (19xx) (chris white)</name><image>~/../thumbs/MGT - Sam Coupe/Named_Snaps/ZZZ-UNK-lemmings#gfx iff 1 (19xx).png</image></game>
<game><path>./Sam Coupé DSK/ZZZ-UNK-lemmings#gfx iff 2 (19xx) (chris white).zip</path><name>ZZZ-UNK-lemmings#gfx iff 2 (19xx) (chris white)</name><image>~/../thumbs/MGT - Sam Coupe/Named_Snaps/ZZZ-UNK-lemmings#gfx iff 2 (19xx).png</image></game>
<game><path>./Sam Coupé DSK/ZZZ-UNK-lemmings#stuff from dma (19xx) (chris white).zip</path><name>ZZZ-UNK-lemmings#stuff from dma (19xx) (chris white)</name><image>~/../thumbs/MGT - Sam Coupe/Named_Snaps/ZZZ-UNK-lemmings#stuff from dma (19xx).png</image></game>
<game><path>./Sam Coupé DSK/ZZZ-UNK-prince of persia demo (1990) (revelation-chris white) [a].zip</path><name>ZZZ-UNK-prince of persia demo (1990) (revelation-chris white) [a]</name><image>~/../thumbs/MGT - Sam Coupe/Named_Snaps/ZZZ-UNK-prince of persia demo (1990).png</image></game>
<game><path>./Sam Coupé DSK/ZZZ-UNK-prince of persia demo.tap.zip</path><name>ZZZ-UNK-prince of persia demo.tap</name><image>~/../thumbs/MGT - Sam Coupe/Named_Snaps/ZZZ-UNK-prince of persia demo.tap.png</image></game>
<game><path>./Sam Coupé DSK/ZZZ-UNK-prince of persia#assemble disk (1990) (chris white).zip</path><name>ZZZ-UNK-prince of persia#assemble disk (1990) (chris white)</name><image>~/../thumbs/MGT - Sam Coupe/Named_Snaps/ZZZ-UNK-prince of persia#assemble disk (1990).png</image></game>
<game><path>./Sam Coupé DSK/ZZZ-UNK-prince of persia#assembly & pokers (1990) (chris white).zip</path><name>ZZZ-UNK-prince of persia#assembly & pokers (1990) (chris white)</name><image>~/../thumbs/MGT - Sam Coupe/Named_Snaps/ZZZ-UNK-prince of persia#assembly & pokers (1990).png</image></game>
<game><path>./Sam Coupé DSK/ZZZ-UNK-prince of persia#screens 1 (1990) (chris white) [a].zip</path><name>ZZZ-UNK-prince of persia#screens 1 (1990) (chris white) [a]</name><image>~/../thumbs/MGT - Sam Coupe/Named_Snaps/ZZZ-UNK-prince of persia#screens 1 (1990).png</image></game>
<game><path>./Sam Coupé DSK/ZZZ-UNK-prince of persia#screens 1 (1990) (chris white).zip</path><name>ZZZ-UNK-prince of persia#screens 1 (1990) (chris white)</name><image>~/../thumbs/MGT - Sam Coupe/Named_Snaps/ZZZ-UNK-prince of persia#screens 1 (1990).png</image></game>
<game><path>./Sam Coupé DSK/ZZZ-UNK-prince of persia#screens 2 (1990) (chris white).zip</path><name>ZZZ-UNK-prince of persia#screens 2 (1990) (chris white)</name><image>~/../thumbs/MGT - Sam Coupe/Named_Snaps/ZZZ-UNK-prince of persia#screens 2 (1990).png</image></game>
<game><path>./Sam Coupé DSK/ZZZ-UNK-prince of persia#show levels (1990) (chris white).zip</path><name>ZZZ-UNK-prince of persia#show levels (1990) (chris white)</name><image>~/../thumbs/MGT - Sam Coupe/Named_Snaps/ZZZ-UNK-prince of persia#show levels (1990).png</image></game>
<game><path>./Sam Coupé DSK/ZZZ-UNK-prince of persia#source (1990) (chris white).zip</path><name>ZZZ-UNK-prince of persia#source (1990) (chris white)</name><image>~/../thumbs/MGT - Sam Coupe/Named_Snaps/ZZZ-UNK-prince of persia#source (1990).png</image></game>
<game><path>./Sam Coupé DSK/ZZZ-UNK-prince of persia#trans disk & gamedos (1990) (chris white).zip</path><name>ZZZ-UNK-prince of persia#trans disk & gamedos (1990) (chris white)</name><image>~/../thumbs/MGT - Sam Coupe/Named_Snaps/ZZZ-UNK-prince of persia#trans disk & gamedos (1990).png</image></game>
<game><path>./Sam Coupé DSK/ZZZ-UNK-prince of persia#ys cover mount demo (1990) (chris white).zip</path><name>ZZZ-UNK-prince of persia#ys cover mount demo (1990) (chris white)</name><image>~/../thumbs/MGT - Sam Coupe/Named_Snaps/ZZZ-UNK-prince of persia#ys cover mount demo (1990).png</image></game>
<game><path>./Sam Coupé DSK/ZZZ-UNK-princeofpersiascreens1.zip</path><name>ZZZ-UNK-princeofpersiascreens1</name><image>~/../thumbs/MGT - Sam Coupe/Named_Snaps/ZZZ-UNK-princeofpersiascreens1.png</image></game>
<game><path>./Sam Coupé DSK/ZZZ-UNK-princeofpersiascreens2.zip</path><name>ZZZ-UNK-princeofpersiascreens2</name><image>~/../thumbs/MGT - Sam Coupe/Named_Snaps/ZZZ-UNK-princeofpersiascreens2.png</image></game>
<folder><path>./Sam Coupé DSK</path><name>Sam Coupé DSK</name><image>~/../thumb/samcoupe.png</image></folder>
<game><path>./Sam Coupé Merged/5trislnd.zip</path><name>5trislnd</name><image>~/../thumbs/MGT - Sam Coupe/Named_Snaps/5trislnd.png</image></game>
<game><path>./Sam Coupé Merged/batnball.zip</path><name>batnball</name><image>~/../thumbs/MGT - Sam Coupe/Named_Snaps/batnball.png</image></game>
<game><path>./Sam Coupé Merged/boggbubb.zip</path><name>boggbubb</name><image>~/../thumbs/MGT - Sam Coupe/Named_Snaps/boggbubb.png</image></game>
<game><path>./Sam Coupé Merged/boing.zip</path><name>boing</name><image>~/../thumbs/MGT - Sam Coupe/Named_Snaps/boing.png</image></game>
<game><path>./Sam Coupé Merged/castle.zip</path><name>castle</name><image>~/../thumbs/MGT - Sam Coupe/Named_Snaps/castle.png</image></game>
<game><path>./Sam Coupé Merged/defenders.zip</path><name>defenders</name><image>~/../thumbs/MGT - Sam Coupe/Named_Snaps/defenders.png</image></game>
<game><path>./Sam Coupé Merged/dominobx.zip</path><name>dominobx</name><image>~/../thumbs/MGT - Sam Coupe/Named_Snaps/dominobx.png</image></game>
<game><path>./Sam Coupé Merged/doubletp.zip</path><name>doubletp</name><image>~/../thumbs/MGT - Sam Coupe/Named_Snaps/doubletp.png</image></game>
<game><path>./Sam Coupé Merged/exodus.zip</path><name>exodus</name><image>~/../thumbs/MGT - Sam Coupe/Named_Snaps/exodus.png</image></game>
<game><path>./Sam Coupé Merged/hexagoni.zip</path><name>hexagoni</name><image>~/../thumbs/MGT - Sam Coupe/Named_Snaps/hexagoni.png</image></game>
<game><path>./Sam Coupé Merged/infuriat.zip</path><name>infuriat</name><image>~/../thumbs/MGT - Sam Coupe/Named_Snaps/infuriat.png</image></game>
<game><path>./Sam Coupé Merged/invaders.zip</path><name>invaders</name><image>~/../thumbs/MGT - Sam Coupe/Named_Snaps/invaders.png</image></game>
<game><path>./Sam Coupé Merged/lemmings.zip</path><name>lemmings</name><image>~/../thumbs/MGT - Sam Coupe/Named_Snaps/lemmings.png</image></game>
<game><path>./Sam Coupé Merged/lostsam.zip</path><name>lostsam</name><image>~/../thumbs/MGT - Sam Coupe/Named_Snaps/lostsam.png</image></game>
<game><path>./Sam Coupé Merged/manic.zip</path><name>manic</name><image>~/../thumbs/MGT - Sam Coupe/Named_Snaps/manic.png</image></game>
<game><path>./Sam Coupé Merged/mobydx.zip</path><name>mobydx</name><image>~/../thumbs/MGT - Sam Coupe/Named_Snaps/mobydx.png</image></game>
<game><path>./Sam Coupé Merged/ppersia.zip</path><name>ppersia</name><image>~/../thumbs/MGT - Sam Coupe/Named_Snaps/ppersia.png</image></game>
<game><path>./Sam Coupé Merged/quizball.zip</path><name>quizball</name><image>~/../thumbs/MGT - Sam Coupe/Named_Snaps/quizball.png</image></game>
<game><path>./Sam Coupé Merged/rickdang.zip</path><name>rickdang</name><image>~/../thumbs/MGT - Sam Coupe/Named_Snaps/rickdang.png</image></game>
<game><path>./Sam Coupé Merged/samdos1.zip</path><name>samdos1</name><image>~/../thumbs/MGT - Sam Coupe/Named_Snaps/samdos1.png</image></game>
<game><path>./Sam Coupé Merged/samdos2.zip</path><name>samdos2</name><image>~/../thumbs/MGT - Sam Coupe/Named_Snaps/samdos2.png</image></game>
<game><path>./Sam Coupé Merged/samstrikes.zip</path><name>samstrikes</name><image>~/../thumbs/MGT - Sam Coupe/Named_Snaps/samstrikes.png</image></game>
<game><path>./Sam Coupé Merged/sf.zip</path><name>sf</name><image>~/../thumbs/MGT - Sam Coupe/Named_Snaps/sf.png</image></game>
<game><path>./Sam Coupé Merged/sophistry.zip</path><name>sophistry</name><image>~/../thumbs/MGT - Sam Coupe/Named_Snaps/sophistry.png</image></game>
<game><path>./Sam Coupé Merged/spellmst.zip</path><name>spellmst</name><image>~/../thumbs/MGT - Sam Coupe/Named_Snaps/spellmst.png</image></game>
<game><path>./Sam Coupé Merged/sphera.zip</path><name>sphera</name><image>~/../thumbs/MGT - Sam Coupe/Named_Snaps/sphera.png</image></game>
<game><path>./Sam Coupé Merged/splat.zip</path><name>splat</name><image>~/../thumbs/MGT - Sam Coupe/Named_Snaps/splat.png</image></game>
<game><path>./Sam Coupé Merged/waterwrk.zip</path><name>waterwrk</name><image>~/../thumbs/MGT - Sam Coupe/Named_Snaps/waterwrk.png</image></game>
<game><path>./Sam Coupé Merged/wopgamma.zip</path><name>wopgamma</name><image>~/../thumbs/MGT - Sam Coupe/Named_Snaps/wopgamma.png</image></game>
<folder><path>./Sam Coupé Merged</path><name>Sam Coupé Merged</name><image>~/../thumb/samcoupe.png</image></folder>
<game><path>./Sam Coupé Split/5trislnd.zip</path><name>5trislnd</name><image>~/../thumbs/MGT - Sam Coupe/Named_Snaps/5trislnd.png</image></game>
<game><path>./Sam Coupé Split/batnball.zip</path><name>batnball</name><image>~/../thumbs/MGT - Sam Coupe/Named_Snaps/batnball.png</image></game>
<game><path>./Sam Coupé Split/boggbubb.zip</path><name>boggbubb</name><image>~/../thumbs/MGT - Sam Coupe/Named_Snaps/boggbubb.png</image></game>
<game><path>./Sam Coupé Split/boing.zip</path><name>boing</name><image>~/../thumbs/MGT - Sam Coupe/Named_Snaps/boing.png</image></game>
<game><path>./Sam Coupé Split/castle.zip</path><name>castle</name><image>~/../thumbs/MGT - Sam Coupe/Named_Snaps/castle.png</image></game>
<game><path>./Sam Coupé Split/defenders.zip</path><name>defenders</name><image>~/../thumbs/MGT - Sam Coupe/Named_Snaps/defenders.png</image></game>
<game><path>./Sam Coupé Split/dominobx.zip</path><name>dominobx</name><image>~/../thumbs/MGT - Sam Coupe/Named_Snaps/dominobx.png</image></game>
<game><path>./Sam Coupé Split/doubletp.zip</path><name>doubletp</name><image>~/../thumbs/MGT - Sam Coupe/Named_Snaps/doubletp.png</image></game>
<game><path>./Sam Coupé Split/exodus.zip</path><name>exodus</name><image>~/../thumbs/MGT - Sam Coupe/Named_Snaps/exodus.png</image></game>
<game><path>./Sam Coupé Split/hexagoni.zip</path><name>hexagoni</name><image>~/../thumbs/MGT - Sam Coupe/Named_Snaps/hexagoni.png</image></game>
<game><path>./Sam Coupé Split/infuriat.zip</path><name>infuriat</name><image>~/../thumbs/MGT - Sam Coupe/Named_Snaps/infuriat.png</image></game>
<game><path>./Sam Coupé Split/invaders.zip</path><name>invaders</name><image>~/../thumbs/MGT - Sam Coupe/Named_Snaps/invaders.png</image></game>
<game><path>./Sam Coupé Split/lemmings.zip</path><name>lemmings</name><image>~/../thumbs/MGT - Sam Coupe/Named_Snaps/lemmings.png</image></game>
<game><path>./Sam Coupé Split/lostsam.zip</path><name>lostsam</name><image>~/../thumbs/MGT - Sam Coupe/Named_Snaps/lostsam.png</image></game>
<game><path>./Sam Coupé Split/manic.zip</path><name>manic</name><image>~/../thumbs/MGT - Sam Coupe/Named_Snaps/manic.png</image></game>
<game><path>./Sam Coupé Split/mobydx.zip</path><name>mobydx</name><image>~/../thumbs/MGT - Sam Coupe/Named_Snaps/mobydx.png</image></game>
<game><path>./Sam Coupé Split/ppersia.zip</path><name>ppersia</name><image>~/../thumbs/MGT - Sam Coupe/Named_Snaps/ppersia.png</image></game>
<game><path>./Sam Coupé Split/quizball.zip</path><name>quizball</name><image>~/../thumbs/MGT - Sam Coupe/Named_Snaps/quizball.png</image></game>
<game><path>./Sam Coupé Split/rickdang.zip</path><name>rickdang</name><image>~/../thumbs/MGT - Sam Coupe/Named_Snaps/rickdang.png</image></game>
<game><path>./Sam Coupé Split/samdos1.zip</path><name>samdos1</name><image>~/../thumbs/MGT - Sam Coupe/Named_Snaps/samdos1.png</image></game>
<game><path>./Sam Coupé Split/samdos2.zip</path><name>samdos2</name><image>~/../thumbs/MGT - Sam Coupe/Named_Snaps/samdos2.png</image></game>
<game><path>./Sam Coupé Split/samstrikes.zip</path><name>samstrikes</name><image>~/../thumbs/MGT - Sam Coupe/Named_Snaps/samstrikes.png</image></game>
<game><path>./Sam Coupé Split/sf.zip</path><name>sf</name><image>~/../thumbs/MGT - Sam Coupe/Named_Snaps/sf.png</image></game>
<game><path>./Sam Coupé Split/sophistry.zip</path><name>sophistry</name><image>~/../thumbs/MGT - Sam Coupe/Named_Snaps/sophistry.png</image></game>
<game><path>./Sam Coupé Split/spellmst.zip</path><name>spellmst</name><image>~/../thumbs/MGT - Sam Coupe/Named_Snaps/spellmst.png</image></game>
<game><path>./Sam Coupé Split/sphera.zip</path><name>sphera</name><image>~/../thumbs/MGT - Sam Coupe/Named_Snaps/sphera.png</image></game>
<game><path>./Sam Coupé Split/splat.zip</path><name>splat</name><image>~/../thumbs/MGT - Sam Coupe/Named_Snaps/splat.png</image></game>
<game><path>./Sam Coupé Split/waterwrk.zip</path><name>waterwrk</name><image>~/../thumbs/MGT - Sam Coupe/Named_Snaps/waterwrk.png</image></game>
<game><path>./Sam Coupé Split/wopgamma.zip</path><name>wopgamma</name><image>~/../thumbs/MGT - Sam Coupe/Named_Snaps/wopgamma.png</image></game>
<folder><path>./Sam Coupé Split</path><name>Sam Coupé Split</name><image>~/../thumb/samcoupe.png</image></folder>
</gameList>
