<gameList>
<game><path>./Pokemon Mini NoIntro/Lunch Time (USA) (GameCube).zip</path><name>Lunch Time (USA) (GameCube)</name><image>~/../thumbs/Nintendo - Pokemon Mini/Named_Snaps/Lunch Time (USA) (GameCube).png</image><titleshot>~/../thumbs/Nintendo - Pokemon Mini/Named_Titles/Lunch Time (USA) (GameCube).png</titleshot><thumbnail>~/../thumbs/Nintendo - Pokemon Mini/Named_Boxarts/Lunch Time (USA) (GameCube).png</thumbnail><marquee>~/../thumbs/Nintendo - Pokemon Mini/Named_Logos/Lunch Time (USA) (GameCube).png</marquee></game>
<game><path>./Pokemon Mini NoIntro/Pichu Bros. Mini (Japan).zip</path><name>Pichu Bros. Mini (Japan)</name><image>~/../thumbs/Nintendo - Pokemon Mini/Named_Snaps/Pichu Bros. Mini (Japan).png</image><titleshot>~/../thumbs/Nintendo - Pokemon Mini/Named_Titles/Pichu Bros. Mini (Japan).png</titleshot><thumbnail>~/../thumbs/Nintendo - Pokemon Mini/Named_Boxarts/Pichu Bros. Mini (Japan).png</thumbnail><marquee>~/../thumbs/Nintendo - Pokemon Mini/Named_Logos/Pichu Bros. Mini (Japan).png</marquee></game>
<game><path>./Pokemon Mini NoIntro/Pichu Bros. Mini - Hoppip's Jump Match (Japan) (Preview).zip</path><name>Pichu Bros. Mini - Hoppip's Jump Match (Japan) (Preview)</name><image>~/../thumbs/Nintendo - Pokemon Mini/Named_Snaps/Pichu Bros. Mini - Hoppip's Jump Match (Japan) (Preview).png</image><titleshot>~/../thumbs/Nintendo - Pokemon Mini/Named_Titles/Pichu Bros. Mini - Hoppip's Jump Match (Japan) (Preview).png</titleshot><thumbnail>~/../thumbs/Nintendo - Pokemon Mini/Named_Boxarts/Pichu Bros. Mini - Hoppip's Jump Match (Japan) (Preview).png</thumbnail><marquee>~/../thumbs/Nintendo - Pokemon Mini/Named_Logos/Pichu Bros. Mini - Hoppip's Jump Match (Japan) (Preview).png</marquee></game>
<game><path>./Pokemon Mini NoIntro/Pichu Bros. Mini - Netsukikyuu (Japan) (Preview).zip</path><name>Pichu Bros. Mini - Netsukikyuu (Japan) (Preview)</name><image>~/../thumbs/Nintendo - Pokemon Mini/Named_Snaps/Pichu Bros. Mini - Netsukikyuu (Japan) (Preview).png</image><titleshot>~/../thumbs/Nintendo - Pokemon Mini/Named_Titles/Pichu Bros. Mini - Netsukikyuu (Japan) (Preview).png</titleshot><thumbnail>~/../thumbs/Nintendo - Pokemon Mini/Named_Boxarts/Pichu Bros. Mini - Netsukikyuu (Japan) (Preview).png</thumbnail><marquee>~/../thumbs/Nintendo - Pokemon Mini/Named_Logos/Pichu Bros. Mini - Netsukikyuu (Japan) (Preview).png</marquee></game>
<game><path>./Pokemon Mini NoIntro/Pichu Bros. Mini - Skateboard (Japan) (Preview).zip</path><name>Pichu Bros. Mini - Skateboard (Japan) (Preview)</name><image>~/../thumbs/Nintendo - Pokemon Mini/Named_Snaps/Pichu Bros. Mini - Skateboard (Japan) (Preview).png</image><titleshot>~/../thumbs/Nintendo - Pokemon Mini/Named_Titles/Pichu Bros. Mini - Skateboard (Japan) (Preview).png</titleshot><thumbnail>~/../thumbs/Nintendo - Pokemon Mini/Named_Boxarts/Pichu Bros. Mini - Skateboard (Japan) (Preview).png</thumbnail><marquee>~/../thumbs/Nintendo - Pokemon Mini/Named_Logos/Pichu Bros. Mini - Skateboard (Japan) (Preview).png</marquee></game>
<game><path>./Pokemon Mini NoIntro/Pokemon Anime Card Daisakusen (Japan).zip</path><name>Pokemon Anime Card Daisakusen (Japan)</name><image>~/../thumbs/Nintendo - Pokemon Mini/Named_Snaps/Pokemon Anime Card Daisakusen (Japan).png</image><titleshot>~/../thumbs/Nintendo - Pokemon Mini/Named_Titles/Pokemon Anime Card Daisakusen (Japan).png</titleshot><thumbnail>~/../thumbs/Nintendo - Pokemon Mini/Named_Boxarts/Pokemon Anime Card Daisakusen (Japan).png</thumbnail><marquee>~/../thumbs/Nintendo - Pokemon Mini/Named_Logos/Pokemon Anime Card Daisakusen (Japan).png</marquee></game>
<game><path>./Pokemon Mini NoIntro/Pokemon Party Mini (Europe).zip</path><name>Pokemon Party Mini (Europe)</name><image>~/../thumbs/Nintendo - Pokemon Mini/Named_Snaps/Pokemon Party Mini (Europe).png</image><titleshot>~/../thumbs/Nintendo - Pokemon Mini/Named_Titles/Pokemon Party Mini (Europe).png</titleshot><thumbnail>~/../thumbs/Nintendo - Pokemon Mini/Named_Boxarts/Pokemon Party Mini (Europe).png</thumbnail><marquee>~/../thumbs/Nintendo - Pokemon Mini/Named_Logos/Pokemon Party Mini (Europe).png</marquee></game>
<game><path>./Pokemon Mini NoIntro/Pokemon Party Mini (Japan).zip</path><name>Pokemon Party Mini (Japan)</name><image>~/../thumbs/Nintendo - Pokemon Mini/Named_Snaps/Pokemon Party Mini (Japan).png</image><titleshot>~/../thumbs/Nintendo - Pokemon Mini/Named_Titles/Pokemon Party Mini (Japan).png</titleshot><thumbnail>~/../thumbs/Nintendo - Pokemon Mini/Named_Boxarts/Pokemon Party Mini (Japan).png</thumbnail><marquee>~/../thumbs/Nintendo - Pokemon Mini/Named_Logos/Pokemon Party Mini (Japan).png</marquee></game>
<game><path>./Pokemon Mini NoIntro/Pokemon Party Mini (USA).zip</path><name>Pokemon Party Mini (USA)</name><image>~/../thumbs/Nintendo - Pokemon Mini/Named_Snaps/Pokemon Party Mini (USA).png</image><titleshot>~/../thumbs/Nintendo - Pokemon Mini/Named_Titles/Pokemon Party Mini (USA).png</titleshot><thumbnail>~/../thumbs/Nintendo - Pokemon Mini/Named_Boxarts/Pokemon Party Mini (USA).png</thumbnail><marquee>~/../thumbs/Nintendo - Pokemon Mini/Named_Logos/Pokemon Party Mini (USA).png</marquee></game>
<game><path>./Pokemon Mini NoIntro/Pokemon Party Mini - Baseline Judge (Europe) (GameCube).zip</path><name>Pokemon Party Mini - Baseline Judge (Europe) (GameCube)</name><image>~/../thumbs/Nintendo - Pokemon Mini/Named_Snaps/Pokemon Party Mini - Baseline Judge (Europe) (GameCube).png</image><titleshot>~/../thumbs/Nintendo - Pokemon Mini/Named_Titles/Pokemon Party Mini - Baseline Judge (Europe) (GameCube).png</titleshot><thumbnail>~/../thumbs/Nintendo - Pokemon Mini/Named_Boxarts/Pokemon Party Mini - Baseline Judge (Europe) (GameCube).png</thumbnail><marquee>~/../thumbs/Nintendo - Pokemon Mini/Named_Logos/Pokemon Party Mini - Baseline Judge (Europe) (GameCube).png</marquee></game>
<game><path>./Pokemon Mini NoIntro/Pokemon Party Mini - Baseline Judge (Japan) (GameCube).zip</path><name>Pokemon Party Mini - Baseline Judge (Japan) (GameCube)</name><image>~/../thumbs/Nintendo - Pokemon Mini/Named_Snaps/Pokemon Party Mini - Baseline Judge (Japan) (GameCube).png</image><titleshot>~/../thumbs/Nintendo - Pokemon Mini/Named_Titles/Pokemon Party Mini - Baseline Judge (Japan) (GameCube).png</titleshot><thumbnail>~/../thumbs/Nintendo - Pokemon Mini/Named_Boxarts/Pokemon Party Mini - Baseline Judge (Japan) (GameCube).png</thumbnail><marquee>~/../thumbs/Nintendo - Pokemon Mini/Named_Logos/Pokemon Party Mini - Baseline Judge (Japan) (GameCube).png</marquee></game>
<game><path>./Pokemon Mini NoIntro/Pokemon Party Mini - Baseline Judge (USA) (GameCube).zip</path><name>Pokemon Party Mini - Baseline Judge (USA) (GameCube)</name><image>~/../thumbs/Nintendo - Pokemon Mini/Named_Snaps/Pokemon Party Mini - Baseline Judge (USA) (GameCube).png</image><titleshot>~/../thumbs/Nintendo - Pokemon Mini/Named_Titles/Pokemon Party Mini - Baseline Judge (USA) (GameCube).png</titleshot><thumbnail>~/../thumbs/Nintendo - Pokemon Mini/Named_Boxarts/Pokemon Party Mini - Baseline Judge (USA) (GameCube).png</thumbnail><marquee>~/../thumbs/Nintendo - Pokemon Mini/Named_Logos/Pokemon Party Mini - Baseline Judge (USA) (GameCube).png</marquee></game>
<game><path>./Pokemon Mini NoIntro/Pokemon Party Mini - Chansey's Dribble (Europe) (GameCube).zip</path><name>Pokemon Party Mini - Chansey's Dribble (Europe) (GameCube)</name><image>~/../thumbs/Nintendo - Pokemon Mini/Named_Snaps/Pokemon Party Mini - Chansey's Dribble (Europe) (GameCube).png</image><titleshot>~/../thumbs/Nintendo - Pokemon Mini/Named_Titles/Pokemon Party Mini - Chansey's Dribble (Europe) (GameCube).png</titleshot><thumbnail>~/../thumbs/Nintendo - Pokemon Mini/Named_Boxarts/Pokemon Party Mini - Chansey's Dribble (Europe) (GameCube).png</thumbnail><marquee>~/../thumbs/Nintendo - Pokemon Mini/Named_Logos/Pokemon Party Mini - Chansey's Dribble (Europe) (GameCube).png</marquee></game>
<game><path>./Pokemon Mini NoIntro/Pokemon Party Mini - Pikachu's Rocket Start (Europe) (GameCube).zip</path><name>Pokemon Party Mini - Pikachu's Rocket Start (Europe) (GameCube)</name><image>~/../thumbs/Nintendo - Pokemon Mini/Named_Snaps/Pokemon Party Mini - Pikachu's Rocket Start (Europe) (GameCube).png</image><titleshot>~/../thumbs/Nintendo - Pokemon Mini/Named_Titles/Pokemon Party Mini - Pikachu's Rocket Start (Europe) (GameCube).png</titleshot><thumbnail>~/../thumbs/Nintendo - Pokemon Mini/Named_Boxarts/Pokemon Party Mini - Pikachu's Rocket Start (Europe) (GameCube).png</thumbnail><marquee>~/../thumbs/Nintendo - Pokemon Mini/Named_Logos/Pokemon Party Mini - Pikachu's Rocket Start (Europe) (GameCube).png</marquee></game>
<game><path>./Pokemon Mini NoIntro/Pokemon Party Mini - Ricochet Dribble (Japan) (GameCube).zip</path><name>Pokemon Party Mini - Ricochet Dribble (Japan) (GameCube)</name><image>~/../thumbs/Nintendo - Pokemon Mini/Named_Snaps/Pokemon Party Mini - Ricochet Dribble (Japan) (GameCube).png</image><titleshot>~/../thumbs/Nintendo - Pokemon Mini/Named_Titles/Pokemon Party Mini - Ricochet Dribble (Japan) (GameCube).png</titleshot><thumbnail>~/../thumbs/Nintendo - Pokemon Mini/Named_Boxarts/Pokemon Party Mini - Ricochet Dribble (Japan) (GameCube).png</thumbnail><marquee>~/../thumbs/Nintendo - Pokemon Mini/Named_Logos/Pokemon Party Mini - Ricochet Dribble (Japan) (GameCube).png</marquee></game>
<game><path>./Pokemon Mini NoIntro/Pokemon Party Mini - Ricochet Dribble (USA) (GameCube).zip</path><name>Pokemon Party Mini - Ricochet Dribble (USA) (GameCube)</name><image>~/../thumbs/Nintendo - Pokemon Mini/Named_Snaps/Pokemon Party Mini - Ricochet Dribble (USA) (GameCube).png</image><titleshot>~/../thumbs/Nintendo - Pokemon Mini/Named_Titles/Pokemon Party Mini - Ricochet Dribble (USA) (GameCube).png</titleshot><thumbnail>~/../thumbs/Nintendo - Pokemon Mini/Named_Boxarts/Pokemon Party Mini - Ricochet Dribble (USA) (GameCube).png</thumbnail><marquee>~/../thumbs/Nintendo - Pokemon Mini/Named_Logos/Pokemon Party Mini - Ricochet Dribble (USA) (GameCube).png</marquee></game>
<game><path>./Pokemon Mini NoIntro/Pokemon Party Mini - Rocket Start (USA) (GameCube).zip</path><name>Pokemon Party Mini - Rocket Start (USA) (GameCube)</name><image>~/../thumbs/Nintendo - Pokemon Mini/Named_Snaps/Pokemon Party Mini - Rocket Start (USA) (GameCube).png</image><titleshot>~/../thumbs/Nintendo - Pokemon Mini/Named_Titles/Pokemon Party Mini - Rocket Start (USA) (GameCube).png</titleshot><thumbnail>~/../thumbs/Nintendo - Pokemon Mini/Named_Boxarts/Pokemon Party Mini - Rocket Start (USA) (GameCube).png</thumbnail><marquee>~/../thumbs/Nintendo - Pokemon Mini/Named_Logos/Pokemon Party Mini - Rocket Start (USA) (GameCube).png</marquee></game>
<game><path>./Pokemon Mini NoIntro/Pokemon Party Mini - Slowking's Judge (Europe) (GameCube).zip</path><name>Pokemon Party Mini - Slowking's Judge (Europe) (GameCube)</name><image>~/../thumbs/Nintendo - Pokemon Mini/Named_Snaps/Pokemon Party Mini - Slowking's Judge (Europe) (GameCube).png</image><titleshot>~/../thumbs/Nintendo - Pokemon Mini/Named_Titles/Pokemon Party Mini - Slowking's Judge (Europe) (GameCube).png</titleshot><thumbnail>~/../thumbs/Nintendo - Pokemon Mini/Named_Boxarts/Pokemon Party Mini - Slowking's Judge (Europe) (GameCube).png</thumbnail><marquee>~/../thumbs/Nintendo - Pokemon Mini/Named_Logos/Pokemon Party Mini - Slowking's Judge (Europe) (GameCube).png</marquee></game>
<game><path>./Pokemon Mini NoIntro/Pokemon Pinball Mini (Japan) (Preview).zip</path><name>Pokemon Pinball Mini (Japan) (Preview)</name><image>~/../thumbs/Nintendo - Pokemon Mini/Named_Snaps/Pokemon Pinball Mini (Japan) (Preview).png</image><titleshot>~/../thumbs/Nintendo - Pokemon Mini/Named_Titles/Pokemon Pinball Mini (Japan) (Preview).png</titleshot><thumbnail>~/../thumbs/Nintendo - Pokemon Mini/Named_Boxarts/Pokemon Pinball Mini (Japan) (Preview).png</thumbnail><marquee>~/../thumbs/Nintendo - Pokemon Mini/Named_Logos/Pokemon Pinball Mini (Japan) (Preview).png</marquee></game>
<game><path>./Pokemon Mini NoIntro/Pokemon Pinball Mini (Japan).zip</path><name>Pokemon Pinball Mini (Japan)</name><image>~/../thumbs/Nintendo - Pokemon Mini/Named_Snaps/Pokemon Pinball Mini (Japan).png</image><titleshot>~/../thumbs/Nintendo - Pokemon Mini/Named_Titles/Pokemon Pinball Mini (Japan).png</titleshot><thumbnail>~/../thumbs/Nintendo - Pokemon Mini/Named_Boxarts/Pokemon Pinball Mini (Japan).png</thumbnail><marquee>~/../thumbs/Nintendo - Pokemon Mini/Named_Logos/Pokemon Pinball Mini (Japan).png</marquee></game>
<game><path>./Pokemon Mini NoIntro/Pokemon Pinball Mini (USA) (GameCube Preview).zip</path><name>Pokemon Pinball Mini (USA) (GameCube Preview)</name><image>~/../thumbs/Nintendo - Pokemon Mini/Named_Snaps/Pokemon Pinball Mini (USA) (GameCube Preview).png</image><titleshot>~/../thumbs/Nintendo - Pokemon Mini/Named_Titles/Pokemon Pinball Mini (USA) (GameCube Preview).png</titleshot><thumbnail>~/../thumbs/Nintendo - Pokemon Mini/Named_Boxarts/Pokemon Pinball Mini (USA) (GameCube Preview).png</thumbnail><marquee>~/../thumbs/Nintendo - Pokemon Mini/Named_Logos/Pokemon Pinball Mini (USA) (GameCube Preview).png</marquee></game>
<game><path>./Pokemon Mini NoIntro/Pokemon Pinball Mini (USA, Europe).zip</path><name>Pokemon Pinball Mini (USA, Europe)</name><image>~/../thumbs/Nintendo - Pokemon Mini/Named_Snaps/Pokemon Pinball Mini (USA, Europe).png</image><titleshot>~/../thumbs/Nintendo - Pokemon Mini/Named_Titles/Pokemon Pinball Mini (USA, Europe).png</titleshot><thumbnail>~/../thumbs/Nintendo - Pokemon Mini/Named_Boxarts/Pokemon Pinball Mini (USA, Europe).png</thumbnail><marquee>~/../thumbs/Nintendo - Pokemon Mini/Named_Logos/Pokemon Pinball Mini (USA, Europe).png</marquee></game>
<game><path>./Pokemon Mini NoIntro/Pokemon Puzzle Collection (France) (GameCube Preview).zip</path><name>Pokemon Puzzle Collection (France) (GameCube Preview)</name><image>~/../thumbs/Nintendo - Pokemon Mini/Named_Snaps/Pokemon Puzzle Collection (France) (GameCube Preview).png</image><titleshot>~/../thumbs/Nintendo - Pokemon Mini/Named_Titles/Pokemon Puzzle Collection (France) (GameCube Preview).png</titleshot><thumbnail>~/../thumbs/Nintendo - Pokemon Mini/Named_Boxarts/Pokemon Puzzle Collection (France) (GameCube Preview).png</thumbnail><marquee>~/../thumbs/Nintendo - Pokemon Mini/Named_Logos/Pokemon Puzzle Collection (France) (GameCube Preview).png</marquee></game>
<game><path>./Pokemon Mini NoIntro/Pokemon Puzzle Collection (France).zip</path><name>Pokemon Puzzle Collection (France)</name><image>~/../thumbs/Nintendo - Pokemon Mini/Named_Snaps/Pokemon Puzzle Collection (France).png</image><titleshot>~/../thumbs/Nintendo - Pokemon Mini/Named_Titles/Pokemon Puzzle Collection (France).png</titleshot><thumbnail>~/../thumbs/Nintendo - Pokemon Mini/Named_Boxarts/Pokemon Puzzle Collection (France).png</thumbnail><marquee>~/../thumbs/Nintendo - Pokemon Mini/Named_Logos/Pokemon Puzzle Collection (France).png</marquee></game>
<game><path>./Pokemon Mini NoIntro/Pokemon Puzzle Collection (Germany) (GameCube Preview).zip</path><name>Pokemon Puzzle Collection (Germany) (GameCube Preview)</name><image>~/../thumbs/Nintendo - Pokemon Mini/Named_Snaps/Pokemon Puzzle Collection (Germany) (GameCube Preview).png</image><titleshot>~/../thumbs/Nintendo - Pokemon Mini/Named_Titles/Pokemon Puzzle Collection (Germany) (GameCube Preview).png</titleshot><thumbnail>~/../thumbs/Nintendo - Pokemon Mini/Named_Boxarts/Pokemon Puzzle Collection (Germany) (GameCube Preview).png</thumbnail><marquee>~/../thumbs/Nintendo - Pokemon Mini/Named_Logos/Pokemon Puzzle Collection (Germany) (GameCube Preview).png</marquee></game>
<game><path>./Pokemon Mini NoIntro/Pokemon Puzzle Collection (Germany).zip</path><name>Pokemon Puzzle Collection (Germany)</name><image>~/../thumbs/Nintendo - Pokemon Mini/Named_Snaps/Pokemon Puzzle Collection (Germany).png</image><titleshot>~/../thumbs/Nintendo - Pokemon Mini/Named_Titles/Pokemon Puzzle Collection (Germany).png</titleshot><thumbnail>~/../thumbs/Nintendo - Pokemon Mini/Named_Boxarts/Pokemon Puzzle Collection (Germany).png</thumbnail><marquee>~/../thumbs/Nintendo - Pokemon Mini/Named_Logos/Pokemon Puzzle Collection (Germany).png</marquee></game>
<game><path>./Pokemon Mini NoIntro/Pokemon Puzzle Collection (Japan) (GameCube).zip</path><name>Pokemon Puzzle Collection (Japan) (GameCube)</name><image>~/../thumbs/Nintendo - Pokemon Mini/Named_Snaps/Pokemon Puzzle Collection (Japan) (GameCube).png</image><titleshot>~/../thumbs/Nintendo - Pokemon Mini/Named_Titles/Pokemon Puzzle Collection (Japan) (GameCube).png</titleshot><thumbnail>~/../thumbs/Nintendo - Pokemon Mini/Named_Boxarts/Pokemon Puzzle Collection (Japan) (GameCube).png</thumbnail><marquee>~/../thumbs/Nintendo - Pokemon Mini/Named_Logos/Pokemon Puzzle Collection (Japan) (GameCube).png</marquee></game>
<game><path>./Pokemon Mini NoIntro/Pokemon Puzzle Collection (Japan).zip</path><name>Pokemon Puzzle Collection (Japan)</name><image>~/../thumbs/Nintendo - Pokemon Mini/Named_Snaps/Pokemon Puzzle Collection (Japan).png</image><titleshot>~/../thumbs/Nintendo - Pokemon Mini/Named_Titles/Pokemon Puzzle Collection (Japan).png</titleshot><thumbnail>~/../thumbs/Nintendo - Pokemon Mini/Named_Boxarts/Pokemon Puzzle Collection (Japan).png</thumbnail><marquee>~/../thumbs/Nintendo - Pokemon Mini/Named_Logos/Pokemon Puzzle Collection (Japan).png</marquee></game>
<game><path>./Pokemon Mini NoIntro/Pokemon Puzzle Collection (USA) (GameCube Preview).zip</path><name>Pokemon Puzzle Collection (USA) (GameCube Preview)</name><image>~/../thumbs/Nintendo - Pokemon Mini/Named_Snaps/Pokemon Puzzle Collection (USA) (GameCube Preview).png</image><titleshot>~/../thumbs/Nintendo - Pokemon Mini/Named_Titles/Pokemon Puzzle Collection (USA) (GameCube Preview).png</titleshot><thumbnail>~/../thumbs/Nintendo - Pokemon Mini/Named_Boxarts/Pokemon Puzzle Collection (USA) (GameCube Preview).png</thumbnail><marquee>~/../thumbs/Nintendo - Pokemon Mini/Named_Logos/Pokemon Puzzle Collection (USA) (GameCube Preview).png</marquee></game>
<game><path>./Pokemon Mini NoIntro/Pokemon Puzzle Collection (USA, Europe).zip</path><name>Pokemon Puzzle Collection (USA, Europe)</name><image>~/../thumbs/Nintendo - Pokemon Mini/Named_Snaps/Pokemon Puzzle Collection (USA, Europe).png</image><titleshot>~/../thumbs/Nintendo - Pokemon Mini/Named_Titles/Pokemon Puzzle Collection (USA, Europe).png</titleshot><thumbnail>~/../thumbs/Nintendo - Pokemon Mini/Named_Boxarts/Pokemon Puzzle Collection (USA, Europe).png</thumbnail><marquee>~/../thumbs/Nintendo - Pokemon Mini/Named_Logos/Pokemon Puzzle Collection (USA, Europe).png</marquee></game>
<game><path>./Pokemon Mini NoIntro/Pokemon Puzzle Collection Vol. 2 (Japan).zip</path><name>Pokemon Puzzle Collection Vol. 2 (Japan)</name><image>~/../thumbs/Nintendo - Pokemon Mini/Named_Snaps/Pokemon Puzzle Collection Vol. 2 (Japan).png</image><titleshot>~/../thumbs/Nintendo - Pokemon Mini/Named_Titles/Pokemon Puzzle Collection Vol. 2 (Japan).png</titleshot><thumbnail>~/../thumbs/Nintendo - Pokemon Mini/Named_Boxarts/Pokemon Puzzle Collection Vol. 2 (Japan).png</thumbnail><marquee>~/../thumbs/Nintendo - Pokemon Mini/Named_Logos/Pokemon Puzzle Collection Vol. 2 (Japan).png</marquee></game>
<game><path>./Pokemon Mini NoIntro/Pokemon Race Mini (Japan) (Preview).zip</path><name>Pokemon Race Mini (Japan) (Preview)</name><image>~/../thumbs/Nintendo - Pokemon Mini/Named_Snaps/Pokemon Race Mini (Japan) (Preview).png</image><titleshot>~/../thumbs/Nintendo - Pokemon Mini/Named_Titles/Pokemon Race Mini (Japan) (Preview).png</titleshot><thumbnail>~/../thumbs/Nintendo - Pokemon Mini/Named_Boxarts/Pokemon Race Mini (Japan) (Preview).png</thumbnail><marquee>~/../thumbs/Nintendo - Pokemon Mini/Named_Logos/Pokemon Race Mini (Japan) (Preview).png</marquee></game>
<game><path>./Pokemon Mini NoIntro/Pokemon Race Mini (Japan).zip</path><name>Pokemon Race Mini (Japan)</name><image>~/../thumbs/Nintendo - Pokemon Mini/Named_Snaps/Pokemon Race Mini (Japan).png</image><titleshot>~/../thumbs/Nintendo - Pokemon Mini/Named_Titles/Pokemon Race Mini (Japan).png</titleshot><thumbnail>~/../thumbs/Nintendo - Pokemon Mini/Named_Boxarts/Pokemon Race Mini (Japan).png</thumbnail><marquee>~/../thumbs/Nintendo - Pokemon Mini/Named_Logos/Pokemon Race Mini (Japan).png</marquee></game>
<game><path>./Pokemon Mini NoIntro/Pokemon Shock Tetris (Japan).zip</path><name>Pokemon Shock Tetris (Japan)</name><image>~/../thumbs/Nintendo - Pokemon Mini/Named_Snaps/Pokemon Shock Tetris (Japan).png</image><titleshot>~/../thumbs/Nintendo - Pokemon Mini/Named_Titles/Pokemon Shock Tetris (Japan).png</titleshot><thumbnail>~/../thumbs/Nintendo - Pokemon Mini/Named_Boxarts/Pokemon Shock Tetris (Japan).png</thumbnail><marquee>~/../thumbs/Nintendo - Pokemon Mini/Named_Logos/Pokemon Shock Tetris (Japan).png</marquee></game>
<game><path>./Pokemon Mini NoIntro/Pokemon Sodateyasan Mini (Japan).zip</path><name>Pokemon Sodateyasan Mini (Japan)</name><image>~/../thumbs/Nintendo - Pokemon Mini/Named_Snaps/Pokemon Sodateyasan Mini (Japan).png</image><titleshot>~/../thumbs/Nintendo - Pokemon Mini/Named_Titles/Pokemon Sodateyasan Mini (Japan).png</titleshot><thumbnail>~/../thumbs/Nintendo - Pokemon Mini/Named_Boxarts/Pokemon Sodateyasan Mini (Japan).png</thumbnail><marquee>~/../thumbs/Nintendo - Pokemon Mini/Named_Logos/Pokemon Sodateyasan Mini (Japan).png</marquee></game>
<game><path>./Pokemon Mini NoIntro/Pokemon Tetris (Europe) (En,Ja,Fr).zip</path><name>Pokemon Tetris (Europe) (En,Ja,Fr)</name><image>~/../thumbs/Nintendo - Pokemon Mini/Named_Snaps/Pokemon Tetris (Europe) (En,Ja,Fr).png</image><titleshot>~/../thumbs/Nintendo - Pokemon Mini/Named_Titles/Pokemon Tetris (Europe) (En,Ja,Fr).png</titleshot><thumbnail>~/../thumbs/Nintendo - Pokemon Mini/Named_Boxarts/Pokemon Tetris (Europe) (En,Ja,Fr).png</thumbnail><marquee>~/../thumbs/Nintendo - Pokemon Mini/Named_Logos/Pokemon Tetris (Europe) (En,Ja,Fr).png</marquee></game>
<game><path>./Pokemon Mini NoIntro/Pokemon Zany Cards (France).zip</path><name>Pokemon Zany Cards (France)</name><image>~/../thumbs/Nintendo - Pokemon Mini/Named_Snaps/Pokemon Zany Cards (France).png</image><titleshot>~/../thumbs/Nintendo - Pokemon Mini/Named_Titles/Pokemon Zany Cards (France).png</titleshot><thumbnail>~/../thumbs/Nintendo - Pokemon Mini/Named_Boxarts/Pokemon Zany Cards (France).png</thumbnail><marquee>~/../thumbs/Nintendo - Pokemon Mini/Named_Logos/Pokemon Zany Cards (France).png</marquee></game>
<game><path>./Pokemon Mini NoIntro/Pokemon Zany Cards (Germany).zip</path><name>Pokemon Zany Cards (Germany)</name><image>~/../thumbs/Nintendo - Pokemon Mini/Named_Snaps/Pokemon Zany Cards (Germany).png</image><titleshot>~/../thumbs/Nintendo - Pokemon Mini/Named_Titles/Pokemon Zany Cards (Germany).png</titleshot><thumbnail>~/../thumbs/Nintendo - Pokemon Mini/Named_Boxarts/Pokemon Zany Cards (Germany).png</thumbnail><marquee>~/../thumbs/Nintendo - Pokemon Mini/Named_Logos/Pokemon Zany Cards (Germany).png</marquee></game>
<game><path>./Pokemon Mini NoIntro/Pokemon Zany Cards (USA, Europe).zip</path><name>Pokemon Zany Cards (USA, Europe)</name><image>~/../thumbs/Nintendo - Pokemon Mini/Named_Snaps/Pokemon Zany Cards (USA, Europe).png</image><titleshot>~/../thumbs/Nintendo - Pokemon Mini/Named_Titles/Pokemon Zany Cards (USA, Europe).png</titleshot><thumbnail>~/../thumbs/Nintendo - Pokemon Mini/Named_Boxarts/Pokemon Zany Cards (USA, Europe).png</thumbnail><marquee>~/../thumbs/Nintendo - Pokemon Mini/Named_Logos/Pokemon Zany Cards (USA, Europe).png</marquee></game>
<game><path>./Pokemon Mini NoIntro/Snorlax's Lunch Time (Europe) (GameCube).zip</path><name>Snorlax's Lunch Time (Europe) (GameCube)</name><image>~/../thumbs/Nintendo - Pokemon Mini/Named_Snaps/Snorlax's Lunch Time (Europe) (GameCube).png</image><titleshot>~/../thumbs/Nintendo - Pokemon Mini/Named_Titles/Snorlax's Lunch Time (Europe) (GameCube).png</titleshot><thumbnail>~/../thumbs/Nintendo - Pokemon Mini/Named_Boxarts/Snorlax's Lunch Time (Europe) (GameCube).png</thumbnail><marquee>~/../thumbs/Nintendo - Pokemon Mini/Named_Logos/Snorlax's Lunch Time (Europe) (GameCube).png</marquee></game>
<game><path>./Pokemon Mini NoIntro/Snorlax's Lunch Time (Japan) (GameCube).zip</path><name>Snorlax's Lunch Time (Japan) (GameCube)</name><image>~/../thumbs/Nintendo - Pokemon Mini/Named_Snaps/Snorlax's Lunch Time (Japan) (GameCube).png</image><titleshot>~/../thumbs/Nintendo - Pokemon Mini/Named_Titles/Snorlax's Lunch Time (Japan) (GameCube).png</titleshot><thumbnail>~/../thumbs/Nintendo - Pokemon Mini/Named_Boxarts/Snorlax's Lunch Time (Japan) (GameCube).png</thumbnail><marquee>~/../thumbs/Nintendo - Pokemon Mini/Named_Logos/Snorlax's Lunch Time (Japan) (GameCube).png</marquee></game>
<game><path>./Pokemon Mini NoIntro/Togepi no Daibouken (Japan) (Preview).zip</path><name>Togepi no Daibouken (Japan) (Preview)</name><image>~/../thumbs/Nintendo - Pokemon Mini/Named_Snaps/Togepi no Daibouken (Japan) (Preview).png</image><titleshot>~/../thumbs/Nintendo - Pokemon Mini/Named_Titles/Togepi no Daibouken (Japan) (Preview).png</titleshot><thumbnail>~/../thumbs/Nintendo - Pokemon Mini/Named_Boxarts/Togepi no Daibouken (Japan) (Preview).png</thumbnail><marquee>~/../thumbs/Nintendo - Pokemon Mini/Named_Logos/Togepi no Daibouken (Japan) (Preview).png</marquee></game>
<game><path>./Pokemon Mini NoIntro/Togepi no Daibouken (Japan).zip</path><name>Togepi no Daibouken (Japan)</name><image>~/../thumbs/Nintendo - Pokemon Mini/Named_Snaps/Togepi no Daibouken (Japan).png</image><titleshot>~/../thumbs/Nintendo - Pokemon Mini/Named_Titles/Togepi no Daibouken (Japan).png</titleshot><thumbnail>~/../thumbs/Nintendo - Pokemon Mini/Named_Boxarts/Togepi no Daibouken (Japan).png</thumbnail><marquee>~/../thumbs/Nintendo - Pokemon Mini/Named_Logos/Togepi no Daibouken (Japan).png</marquee></game>
<game><path>./Pokemon Mini NoIntro/[BIOS] Nintendo Pokemon Mini (World).zip</path><name>[BIOS] Nintendo Pokemon Mini (World)</name><image>~/../thumbs/Nintendo - Pokemon Mini/Named_Snaps/[BIOS] Nintendo Pokemon Mini (World).png</image><titleshot>~/../thumbs/Nintendo - Pokemon Mini/Named_Titles/[BIOS] Nintendo Pokemon Mini (World).png</titleshot><thumbnail>~/../thumbs/Nintendo - Pokemon Mini/Named_Boxarts/[BIOS] Nintendo Pokemon Mini (World).png</thumbnail><marquee>~/../thumbs/Nintendo - Pokemon Mini/Named_Logos/[BIOS] Nintendo Pokemon Mini (World).png</marquee><hidden>true</hidden></game>
<folder><path>./Pokemon Mini NoIntro</path><name>Pokemon Mini NoIntro</name><image>~/../thumb/pokemini.png</image></folder>
<game><path>./Pokemon Mini TOSEC//home/runner/rom/TOSEC/Nintendo/Pokemon Mini/Games/Nintendo Pokemon Mini - Games.zip</path><name>/home/runner/rom/TOSEC/Nintendo/Pokemon Mini/Games/Nintendo Pokemon Mini - Games</name><image>~/../thumbs/Nintendo - Pokemon Mini/Named_Snaps//home/runner/rom/TOSEC/Nintendo/Pokemon Mini/Games/Nintendo Pokemon Mini - Games.png</image><titleshot>~/../thumbs/Nintendo - Pokemon Mini/Named_Titles//home/runner/rom/TOSEC/Nintendo/Pokemon Mini/Games/Nintendo Pokemon Mini - Games.png</titleshot><thumbnail>~/../thumbs/Nintendo - Pokemon Mini/Named_Boxarts//home/runner/rom/TOSEC/Nintendo/Pokemon Mini/Games/Nintendo Pokemon Mini - Games.png</thumbnail><marquee>~/../thumbs/Nintendo - Pokemon Mini/Named_Logos//home/runner/rom/TOSEC/Nintendo/Pokemon Mini/Games/Nintendo Pokemon Mini - Games.png</marquee></game>
<folder><path>./Pokemon Mini TOSEC</path><name>Pokemon Mini TOSEC</name><image>~/../thumb/pokemini.png</image></folder>
</gameList>
