<gameList>
<game><path>./Hartung Game Master NoIntro/Bubble Boy (Europe).zip</path><name>Bubble Boy (Europe)</name><image>~/../thumbs/Hartung - Game Master/Named_Snaps/Bubble Boy (Europe).png</image><titleshot>~/../thumbs/Hartung - Game Master/Named_Titles/Bubble Boy (Europe).png</titleshot><thumbnail>~/../thumbs/Hartung - Game Master/Named_Boxarts/Bubble Boy (Europe).png</thumbnail><marquee>~/../thumbs/Hartung - Game Master/Named_Logos/Bubble Boy (Europe).png</marquee></game>
<game><path>./Hartung Game Master NoIntro/Car Racing (Europe).zip</path><name>Car Racing (Europe)</name><image>~/../thumbs/Hartung - Game Master/Named_Snaps/Car Racing (Europe).png</image><titleshot>~/../thumbs/Hartung - Game Master/Named_Titles/Car Racing (Europe).png</titleshot><thumbnail>~/../thumbs/Hartung - Game Master/Named_Boxarts/Car Racing (Europe).png</thumbnail><marquee>~/../thumbs/Hartung - Game Master/Named_Logos/Car Racing (Europe).png</marquee></game>
<game><path>./Hartung Game Master NoIntro/Continental Galaxy (Europe).zip</path><name>Continental Galaxy (Europe)</name><image>~/../thumbs/Hartung - Game Master/Named_Snaps/Continental Galaxy (Europe).png</image><titleshot>~/../thumbs/Hartung - Game Master/Named_Titles/Continental Galaxy (Europe).png</titleshot><thumbnail>~/../thumbs/Hartung - Game Master/Named_Boxarts/Continental Galaxy (Europe).png</thumbnail><marquee>~/../thumbs/Hartung - Game Master/Named_Logos/Continental Galaxy (Europe).png</marquee></game>
<game><path>./Hartung Game Master NoIntro/Dungeon Advanture (Europe).zip</path><name>Dungeon Advanture (Europe)</name><image>~/../thumbs/Hartung - Game Master/Named_Snaps/Dungeon Advanture (Europe).png</image><titleshot>~/../thumbs/Hartung - Game Master/Named_Titles/Dungeon Advanture (Europe).png</titleshot><thumbnail>~/../thumbs/Hartung - Game Master/Named_Boxarts/Dungeon Advanture (Europe).png</thumbnail><marquee>~/../thumbs/Hartung - Game Master/Named_Logos/Dungeon Advanture (Europe).png</marquee></game>
<game><path>./Hartung Game Master NoIntro/Falling Block (Europe).zip</path><name>Falling Block (Europe)</name><image>~/../thumbs/Hartung - Game Master/Named_Snaps/Falling Block (Europe).png</image><titleshot>~/../thumbs/Hartung - Game Master/Named_Titles/Falling Block (Europe).png</titleshot><thumbnail>~/../thumbs/Hartung - Game Master/Named_Boxarts/Falling Block (Europe).png</thumbnail><marquee>~/../thumbs/Hartung - Game Master/Named_Logos/Falling Block (Europe).png</marquee></game>
<game><path>./Hartung Game Master NoIntro/Finite Zone (Europe).zip</path><name>Finite Zone (Europe)</name><image>~/../thumbs/Hartung - Game Master/Named_Snaps/Finite Zone (Europe).png</image><titleshot>~/../thumbs/Hartung - Game Master/Named_Titles/Finite Zone (Europe).png</titleshot><thumbnail>~/../thumbs/Hartung - Game Master/Named_Boxarts/Finite Zone (Europe).png</thumbnail><marquee>~/../thumbs/Hartung - Game Master/Named_Logos/Finite Zone (Europe).png</marquee></game>
<game><path>./Hartung Game Master NoIntro/Go Bang! (Europe).zip</path><name>Go Bang! (Europe)</name><image>~/../thumbs/Hartung - Game Master/Named_Snaps/Go Bang! (Europe).png</image><titleshot>~/../thumbs/Hartung - Game Master/Named_Titles/Go Bang! (Europe).png</titleshot><thumbnail>~/../thumbs/Hartung - Game Master/Named_Boxarts/Go Bang! (Europe).png</thumbnail><marquee>~/../thumbs/Hartung - Game Master/Named_Logos/Go Bang! (Europe).png</marquee></game>
<game><path>./Hartung Game Master NoIntro/Hyper Space (Europe).zip</path><name>Hyper Space (Europe)</name><image>~/../thumbs/Hartung - Game Master/Named_Snaps/Hyper Space (Europe).png</image><titleshot>~/../thumbs/Hartung - Game Master/Named_Titles/Hyper Space (Europe).png</titleshot><thumbnail>~/../thumbs/Hartung - Game Master/Named_Boxarts/Hyper Space (Europe).png</thumbnail><marquee>~/../thumbs/Hartung - Game Master/Named_Logos/Hyper Space (Europe).png</marquee></game>
<game><path>./Hartung Game Master NoIntro/Kung Fu (Europe).zip</path><name>Kung Fu (Europe)</name><image>~/../thumbs/Hartung - Game Master/Named_Snaps/Kung Fu (Europe).png</image><titleshot>~/../thumbs/Hartung - Game Master/Named_Titles/Kung Fu (Europe).png</titleshot><thumbnail>~/../thumbs/Hartung - Game Master/Named_Boxarts/Kung Fu (Europe).png</thumbnail><marquee>~/../thumbs/Hartung - Game Master/Named_Logos/Kung Fu (Europe).png</marquee></game>
<game><path>./Hartung Game Master NoIntro/Move It (Germany) (En).zip</path><name>Move It (Germany) (En)</name><image>~/../thumbs/Hartung - Game Master/Named_Snaps/Move It (Germany) (En).png</image><titleshot>~/../thumbs/Hartung - Game Master/Named_Titles/Move It (Germany) (En).png</titleshot><thumbnail>~/../thumbs/Hartung - Game Master/Named_Boxarts/Move It (Germany) (En).png</thumbnail><marquee>~/../thumbs/Hartung - Game Master/Named_Logos/Move It (Germany) (En).png</marquee></game>
<game><path>./Hartung Game Master NoIntro/Pin Ball (Europe).zip</path><name>Pin Ball (Europe)</name><image>~/../thumbs/Hartung - Game Master/Named_Snaps/Pin Ball (Europe).png</image><titleshot>~/../thumbs/Hartung - Game Master/Named_Titles/Pin Ball (Europe).png</titleshot><thumbnail>~/../thumbs/Hartung - Game Master/Named_Boxarts/Pin Ball (Europe).png</thumbnail><marquee>~/../thumbs/Hartung - Game Master/Named_Logos/Pin Ball (Europe).png</marquee></game>
<game><path>./Hartung Game Master NoIntro/Soccer (Europe).zip</path><name>Soccer (Europe)</name><image>~/../thumbs/Hartung - Game Master/Named_Snaps/Soccer (Europe).png</image><titleshot>~/../thumbs/Hartung - Game Master/Named_Titles/Soccer (Europe).png</titleshot><thumbnail>~/../thumbs/Hartung - Game Master/Named_Boxarts/Soccer (Europe).png</thumbnail><marquee>~/../thumbs/Hartung - Game Master/Named_Logos/Soccer (Europe).png</marquee></game>
<game><path>./Hartung Game Master NoIntro/Space Castle (Europe).zip</path><name>Space Castle (Europe)</name><image>~/../thumbs/Hartung - Game Master/Named_Snaps/Space Castle (Europe).png</image><titleshot>~/../thumbs/Hartung - Game Master/Named_Titles/Space Castle (Europe).png</titleshot><thumbnail>~/../thumbs/Hartung - Game Master/Named_Boxarts/Space Castle (Europe).png</thumbnail><marquee>~/../thumbs/Hartung - Game Master/Named_Logos/Space Castle (Europe).png</marquee></game>
<game><path>./Hartung Game Master NoIntro/Space Invader (Germany) (En).zip</path><name>Space Invader (Germany) (En)</name><image>~/../thumbs/Hartung - Game Master/Named_Snaps/Space Invader (Germany) (En).png</image><titleshot>~/../thumbs/Hartung - Game Master/Named_Titles/Space Invader (Germany) (En).png</titleshot><thumbnail>~/../thumbs/Hartung - Game Master/Named_Boxarts/Space Invader (Germany) (En).png</thumbnail><marquee>~/../thumbs/Hartung - Game Master/Named_Logos/Space Invader (Germany) (En).png</marquee></game>
<game><path>./Hartung Game Master NoIntro/Space Warrior (Germany) (En).zip</path><name>Space Warrior (Germany) (En)</name><image>~/../thumbs/Hartung - Game Master/Named_Snaps/Space Warrior (Germany) (En).png</image><titleshot>~/../thumbs/Hartung - Game Master/Named_Titles/Space Warrior (Germany) (En).png</titleshot><thumbnail>~/../thumbs/Hartung - Game Master/Named_Boxarts/Space Warrior (Germany) (En).png</thumbnail><marquee>~/../thumbs/Hartung - Game Master/Named_Logos/Space Warrior (Germany) (En).png</marquee></game>
<game><path>./Hartung Game Master NoIntro/Tank War (Germany) (En).zip</path><name>Tank War (Germany) (En)</name><image>~/../thumbs/Hartung - Game Master/Named_Snaps/Tank War (Germany) (En).png</image><titleshot>~/../thumbs/Hartung - Game Master/Named_Titles/Tank War (Germany) (En).png</titleshot><thumbnail>~/../thumbs/Hartung - Game Master/Named_Boxarts/Tank War (Germany) (En).png</thumbnail><marquee>~/../thumbs/Hartung - Game Master/Named_Logos/Tank War (Germany) (En).png</marquee></game>
<game><path>./Hartung Game Master NoIntro/Tennis (Europe).zip</path><name>Tennis (Europe)</name><image>~/../thumbs/Hartung - Game Master/Named_Snaps/Tennis (Europe).png</image><titleshot>~/../thumbs/Hartung - Game Master/Named_Titles/Tennis (Europe).png</titleshot><thumbnail>~/../thumbs/Hartung - Game Master/Named_Boxarts/Tennis (Europe).png</thumbnail><marquee>~/../thumbs/Hartung - Game Master/Named_Logos/Tennis (Europe).png</marquee></game>
<game><path>./Hartung Game Master NoIntro/Urban Champion (Europe).zip</path><name>Urban Champion (Europe)</name><image>~/../thumbs/Hartung - Game Master/Named_Snaps/Urban Champion (Europe).png</image><titleshot>~/../thumbs/Hartung - Game Master/Named_Titles/Urban Champion (Europe).png</titleshot><thumbnail>~/../thumbs/Hartung - Game Master/Named_Boxarts/Urban Champion (Europe).png</thumbnail><marquee>~/../thumbs/Hartung - Game Master/Named_Logos/Urban Champion (Europe).png</marquee></game>
<game><path>./Hartung Game Master NoIntro/[BIOS] Hartung Game Master (Germany).zip</path><name>[BIOS] Hartung Game Master (Germany)</name><image>~/../thumbs/Hartung - Game Master/Named_Snaps/[BIOS] Hartung Game Master (Germany).png</image><titleshot>~/../thumbs/Hartung - Game Master/Named_Titles/[BIOS] Hartung Game Master (Germany).png</titleshot><thumbnail>~/../thumbs/Hartung - Game Master/Named_Boxarts/[BIOS] Hartung Game Master (Germany).png</thumbnail><marquee>~/../thumbs/Hartung - Game Master/Named_Logos/[BIOS] Hartung Game Master (Germany).png</marquee></game>
<game><path>./Hartung Game Master TOSEC/3-on-3 Soccer - Fussball (1990)(Hartung).zip</path><name>3-on-3 Soccer - Fussball (1990)(Hartung)</name><image>~/../thumbs/Hartung - Game Master/Named_Snaps/3-on-3 Soccer - Fussball (1990)(Hartung).png</image><titleshot>~/../thumbs/Hartung - Game Master/Named_Titles/3-on-3 Soccer - Fussball (1990)(Hartung).png</titleshot><thumbnail>~/../thumbs/Hartung - Game Master/Named_Boxarts/3-on-3 Soccer - Fussball (1990)(Hartung).png</thumbnail><marquee>~/../thumbs/Hartung - Game Master/Named_Logos/3-on-3 Soccer - Fussball (1990)(Hartung).png</marquee></game>
<game><path>./Hartung Game Master TOSEC/Bubble Boy (1990)(Hartung).zip</path><name>Bubble Boy (1990)(Hartung)</name><image>~/../thumbs/Hartung - Game Master/Named_Snaps/Bubble Boy (1990)(Hartung).png</image><titleshot>~/../thumbs/Hartung - Game Master/Named_Titles/Bubble Boy (1990)(Hartung).png</titleshot><thumbnail>~/../thumbs/Hartung - Game Master/Named_Boxarts/Bubble Boy (1990)(Hartung).png</thumbnail><marquee>~/../thumbs/Hartung - Game Master/Named_Logos/Bubble Boy (1990)(Hartung).png</marquee></game>
<game><path>./Hartung Game Master TOSEC/Car Racing (1990)(Hartung)(DE)(en)[AKA Formel 1][AKA Super F-1].zip</path><name>Car Racing (1990)(Hartung)(DE)(en)[AKA Formel 1][AKA Super F-1]</name><image>~/../thumbs/Hartung - Game Master/Named_Snaps/Car Racing (1990)(Hartung)(DE)(en)[AKA Formel 1][AKA Super F-1].png</image><titleshot>~/../thumbs/Hartung - Game Master/Named_Titles/Car Racing (1990)(Hartung)(DE)(en)[AKA Formel 1][AKA Super F-1].png</titleshot><thumbnail>~/../thumbs/Hartung - Game Master/Named_Boxarts/Car Racing (1990)(Hartung)(DE)(en)[AKA Formel 1][AKA Super F-1].png</thumbnail><marquee>~/../thumbs/Hartung - Game Master/Named_Logos/Car Racing (1990)(Hartung)(DE)(en)[AKA Formel 1][AKA Super F-1].png</marquee></game>
<game><path>./Hartung Game Master TOSEC/Continental Galaxy 2020 (1990)(Hartung).zip</path><name>Continental Galaxy 2020 (1990)(Hartung)</name><image>~/../thumbs/Hartung - Game Master/Named_Snaps/Continental Galaxy 2020 (1990)(Hartung).png</image><titleshot>~/../thumbs/Hartung - Game Master/Named_Titles/Continental Galaxy 2020 (1990)(Hartung).png</titleshot><thumbnail>~/../thumbs/Hartung - Game Master/Named_Boxarts/Continental Galaxy 2020 (1990)(Hartung).png</thumbnail><marquee>~/../thumbs/Hartung - Game Master/Named_Logos/Continental Galaxy 2020 (1990)(Hartung).png</marquee></game>
<game><path>./Hartung Game Master TOSEC/Dungeon Adventure (1990)(Hartung).zip</path><name>Dungeon Adventure (1990)(Hartung)</name><image>~/../thumbs/Hartung - Game Master/Named_Snaps/Dungeon Adventure (1990)(Hartung).png</image><titleshot>~/../thumbs/Hartung - Game Master/Named_Titles/Dungeon Adventure (1990)(Hartung).png</titleshot><thumbnail>~/../thumbs/Hartung - Game Master/Named_Boxarts/Dungeon Adventure (1990)(Hartung).png</thumbnail><marquee>~/../thumbs/Hartung - Game Master/Named_Logos/Dungeon Adventure (1990)(Hartung).png</marquee></game>
<game><path>./Hartung Game Master TOSEC/Falling Block! (1990)(Hartung).zip</path><name>Falling Block! (1990)(Hartung)</name><image>~/../thumbs/Hartung - Game Master/Named_Snaps/Falling Block! (1990)(Hartung).png</image><titleshot>~/../thumbs/Hartung - Game Master/Named_Titles/Falling Block! (1990)(Hartung).png</titleshot><thumbnail>~/../thumbs/Hartung - Game Master/Named_Boxarts/Falling Block! (1990)(Hartung).png</thumbnail><marquee>~/../thumbs/Hartung - Game Master/Named_Logos/Falling Block! (1990)(Hartung).png</marquee></game>
<game><path>./Hartung Game Master TOSEC/Finite Zone (199x)(Hartung)(DE)(en).zip</path><name>Finite Zone (199x)(Hartung)(DE)(en)</name><image>~/../thumbs/Hartung - Game Master/Named_Snaps/Finite Zone (199x)(Hartung)(DE)(en).png</image><titleshot>~/../thumbs/Hartung - Game Master/Named_Titles/Finite Zone (199x)(Hartung)(DE)(en).png</titleshot><thumbnail>~/../thumbs/Hartung - Game Master/Named_Boxarts/Finite Zone (199x)(Hartung)(DE)(en).png</thumbnail><marquee>~/../thumbs/Hartung - Game Master/Named_Logos/Finite Zone (199x)(Hartung)(DE)(en).png</marquee></game>
<game><path>./Hartung Game Master TOSEC/Go Bang (1990)(Hartung).zip</path><name>Go Bang (1990)(Hartung)</name><image>~/../thumbs/Hartung - Game Master/Named_Snaps/Go Bang (1990)(Hartung).png</image><titleshot>~/../thumbs/Hartung - Game Master/Named_Titles/Go Bang (1990)(Hartung).png</titleshot><thumbnail>~/../thumbs/Hartung - Game Master/Named_Boxarts/Go Bang (1990)(Hartung).png</thumbnail><marquee>~/../thumbs/Hartung - Game Master/Named_Logos/Go Bang (1990)(Hartung).png</marquee></game>
<game><path>./Hartung Game Master TOSEC/Hyper Space (1990)(Hartung).zip</path><name>Hyper Space (1990)(Hartung)</name><image>~/../thumbs/Hartung - Game Master/Named_Snaps/Hyper Space (1990)(Hartung).png</image><titleshot>~/../thumbs/Hartung - Game Master/Named_Titles/Hyper Space (1990)(Hartung).png</titleshot><thumbnail>~/../thumbs/Hartung - Game Master/Named_Boxarts/Hyper Space (1990)(Hartung).png</thumbnail><marquee>~/../thumbs/Hartung - Game Master/Named_Logos/Hyper Space (1990)(Hartung).png</marquee></game>
<game><path>./Hartung Game Master TOSEC/Kung Fu Challenge (1990)(Hartung).zip</path><name>Kung Fu Challenge (1990)(Hartung)</name><image>~/../thumbs/Hartung - Game Master/Named_Snaps/Kung Fu Challenge (1990)(Hartung).png</image><titleshot>~/../thumbs/Hartung - Game Master/Named_Titles/Kung Fu Challenge (1990)(Hartung).png</titleshot><thumbnail>~/../thumbs/Hartung - Game Master/Named_Boxarts/Kung Fu Challenge (1990)(Hartung).png</thumbnail><marquee>~/../thumbs/Hartung - Game Master/Named_Logos/Kung Fu Challenge (1990)(Hartung).png</marquee></game>
<game><path>./Hartung Game Master TOSEC/Move It (199x)(Hartung)(DE)(en).zip</path><name>Move It (199x)(Hartung)(DE)(en)</name><image>~/../thumbs/Hartung - Game Master/Named_Snaps/Move It (199x)(Hartung)(DE)(en).png</image><titleshot>~/../thumbs/Hartung - Game Master/Named_Titles/Move It (199x)(Hartung)(DE)(en).png</titleshot><thumbnail>~/../thumbs/Hartung - Game Master/Named_Boxarts/Move It (199x)(Hartung)(DE)(en).png</thumbnail><marquee>~/../thumbs/Hartung - Game Master/Named_Logos/Move It (199x)(Hartung)(DE)(en).png</marquee></game>
<game><path>./Hartung Game Master TOSEC/Pin Ball (1990)(Hartung).zip</path><name>Pin Ball (1990)(Hartung)</name><image>~/../thumbs/Hartung - Game Master/Named_Snaps/Pin Ball (1990)(Hartung).png</image><titleshot>~/../thumbs/Hartung - Game Master/Named_Titles/Pin Ball (1990)(Hartung).png</titleshot><thumbnail>~/../thumbs/Hartung - Game Master/Named_Boxarts/Pin Ball (1990)(Hartung).png</thumbnail><marquee>~/../thumbs/Hartung - Game Master/Named_Logos/Pin Ball (1990)(Hartung).png</marquee></game>
<game><path>./Hartung Game Master TOSEC/Space Castle (1990)(Hartung).zip</path><name>Space Castle (1990)(Hartung)</name><image>~/../thumbs/Hartung - Game Master/Named_Snaps/Space Castle (1990)(Hartung).png</image><titleshot>~/../thumbs/Hartung - Game Master/Named_Titles/Space Castle (1990)(Hartung).png</titleshot><thumbnail>~/../thumbs/Hartung - Game Master/Named_Boxarts/Space Castle (1990)(Hartung).png</thumbnail><marquee>~/../thumbs/Hartung - Game Master/Named_Logos/Space Castle (1990)(Hartung).png</marquee></game>
<game><path>./Hartung Game Master TOSEC/Space Invader (1992)(Hartung)(DE)(en).zip</path><name>Space Invader (1992)(Hartung)(DE)(en)</name><image>~/../thumbs/Hartung - Game Master/Named_Snaps/Space Invader (1992)(Hartung)(DE)(en).png</image><titleshot>~/../thumbs/Hartung - Game Master/Named_Titles/Space Invader (1992)(Hartung)(DE)(en).png</titleshot><thumbnail>~/../thumbs/Hartung - Game Master/Named_Boxarts/Space Invader (1992)(Hartung)(DE)(en).png</thumbnail><marquee>~/../thumbs/Hartung - Game Master/Named_Logos/Space Invader (1992)(Hartung)(DE)(en).png</marquee></game>
<game><path>./Hartung Game Master TOSEC/Space Warrior (199x)(Hartung)(DE)(en).zip</path><name>Space Warrior (199x)(Hartung)(DE)(en)</name><image>~/../thumbs/Hartung - Game Master/Named_Snaps/Space Warrior (199x)(Hartung)(DE)(en).png</image><titleshot>~/../thumbs/Hartung - Game Master/Named_Titles/Space Warrior (199x)(Hartung)(DE)(en).png</titleshot><thumbnail>~/../thumbs/Hartung - Game Master/Named_Boxarts/Space Warrior (199x)(Hartung)(DE)(en).png</thumbnail><marquee>~/../thumbs/Hartung - Game Master/Named_Logos/Space Warrior (199x)(Hartung)(DE)(en).png</marquee></game>
<game><path>./Hartung Game Master TOSEC/Tank War (199x)(Hartung)(DE)(en).zip</path><name>Tank War (199x)(Hartung)(DE)(en)</name><image>~/../thumbs/Hartung - Game Master/Named_Snaps/Tank War (199x)(Hartung)(DE)(en).png</image><titleshot>~/../thumbs/Hartung - Game Master/Named_Titles/Tank War (199x)(Hartung)(DE)(en).png</titleshot><thumbnail>~/../thumbs/Hartung - Game Master/Named_Boxarts/Tank War (199x)(Hartung)(DE)(en).png</thumbnail><marquee>~/../thumbs/Hartung - Game Master/Named_Logos/Tank War (199x)(Hartung)(DE)(en).png</marquee></game>
<game><path>./Hartung Game Master TOSEC/Tennis Master (1990)(Hartung).zip</path><name>Tennis Master (1990)(Hartung)</name><image>~/../thumbs/Hartung - Game Master/Named_Snaps/Tennis Master (1990)(Hartung).png</image><titleshot>~/../thumbs/Hartung - Game Master/Named_Titles/Tennis Master (1990)(Hartung).png</titleshot><thumbnail>~/../thumbs/Hartung - Game Master/Named_Boxarts/Tennis Master (1990)(Hartung).png</thumbnail><marquee>~/../thumbs/Hartung - Game Master/Named_Logos/Tennis Master (1990)(Hartung).png</marquee></game>
<game><path>./Hartung Game Master TOSEC/Urban Champion (1990)(Hartung).zip</path><name>Urban Champion (1990)(Hartung)</name><image>~/../thumbs/Hartung - Game Master/Named_Snaps/Urban Champion (1990)(Hartung).png</image><titleshot>~/../thumbs/Hartung - Game Master/Named_Titles/Urban Champion (1990)(Hartung).png</titleshot><thumbnail>~/../thumbs/Hartung - Game Master/Named_Boxarts/Urban Champion (1990)(Hartung).png</thumbnail><marquee>~/../thumbs/Hartung - Game Master/Named_Logos/Urban Champion (1990)(Hartung).png</marquee></game>
<folder><path>./Hartung Game Master NoIntro</path><name>Hartung Game Master NoIntro</name><image>~/../thumb/gmaster.png</image></folder>
<folder><path>./Hartung Game Master TOSEC</path><name>Hartung Game Master TOSEC</name><image>~/../thumb/gmaster.png</image></folder>
</gameList>
