<gameList>
<game><path>./Hartung Game Master NoIntro/Bubble Boy (Europe).zip</path><name>Bubble Boy (Europe)</name><image>~/../thumbs/Hartung - Game Master/Named_Snaps/Bubble Boy (Europe).png</image><titleshot>~/../thumbs/Hartung - Game Master/Named_Titles/Bubble Boy (Europe).png</titleshot><thumbnail>~/../thumbs/Hartung - Game Master/Named_Boxarts/Bubble Boy (Europe).png</thumbnail><marquee>~/../thumbs/Hartung - Game Master/Named_Logos/Bubble Boy (Europe).png</marquee></game>
<game><path>./Hartung Game Master NoIntro/Car Racing (Europe).zip</path><name>Car Racing (Europe)</name><image>~/../thumbs/Hartung - Game Master/Named_Snaps/Car Racing (Europe).png</image><titleshot>~/../thumbs/Hartung - Game Master/Named_Titles/Car Racing (Europe).png</titleshot><thumbnail>~/../thumbs/Hartung - Game Master/Named_Boxarts/Car Racing (Europe).png</thumbnail><marquee>~/../thumbs/Hartung - Game Master/Named_Logos/Car Racing (Europe).png</marquee></game>
<game><path>./Hartung Game Master NoIntro/Continental Galaxy (Europe).zip</path><name>Continental Galaxy (Europe)</name><image>~/../thumbs/Hartung - Game Master/Named_Snaps/Continental Galaxy (Europe).png</image><titleshot>~/../thumbs/Hartung - Game Master/Named_Titles/Continental Galaxy (Europe).png</titleshot><thumbnail>~/../thumbs/Hartung - Game Master/Named_Boxarts/Continental Galaxy (Europe).png</thumbnail><marquee>~/../thumbs/Hartung - Game Master/Named_Logos/Continental Galaxy (Europe).png</marquee></game>
<game><path>./Hartung Game Master NoIntro/Dungeon Advanture (Europe).zip</path><name>Dungeon Advanture (Europe)</name><image>~/../thumbs/Hartung - Game Master/Named_Snaps/Dungeon Advanture (Europe).png</image><titleshot>~/../thumbs/Hartung - Game Master/Named_Titles/Dungeon Advanture (Europe).png</titleshot><thumbnail>~/../thumbs/Hartung - Game Master/Named_Boxarts/Dungeon Advanture (Europe).png</thumbnail><marquee>~/../thumbs/Hartung - Game Master/Named_Logos/Dungeon Advanture (Europe).png</marquee></game>
<game><path>./Hartung Game Master NoIntro/Falling Block (Europe).zip</path><name>Falling Block (Europe)</name><image>~/../thumbs/Hartung - Game Master/Named_Snaps/Falling Block (Europe).png</image><titleshot>~/../thumbs/Hartung - Game Master/Named_Titles/Falling Block (Europe).png</titleshot><thumbnail>~/../thumbs/Hartung - Game Master/Named_Boxarts/Falling Block (Europe).png</thumbnail><marquee>~/../thumbs/Hartung - Game Master/Named_Logos/Falling Block (Europe).png</marquee></game>
<game><path>./Hartung Game Master NoIntro/Finite Zone (Europe).zip</path><name>Finite Zone (Europe)</name><image>~/../thumbs/Hartung - Game Master/Named_Snaps/Finite Zone (Europe).png</image><titleshot>~/../thumbs/Hartung - Game Master/Named_Titles/Finite Zone (Europe).png</titleshot><thumbnail>~/../thumbs/Hartung - Game Master/Named_Boxarts/Finite Zone (Europe).png</thumbnail><marquee>~/../thumbs/Hartung - Game Master/Named_Logos/Finite Zone (Europe).png</marquee></game>
<game><path>./Hartung Game Master NoIntro/Go Bang! (Europe).zip</path><name>Go Bang! (Europe)</name><image>~/../thumbs/Hartung - Game Master/Named_Snaps/Go Bang! (Europe).png</image><titleshot>~/../thumbs/Hartung - Game Master/Named_Titles/Go Bang! (Europe).png</titleshot><thumbnail>~/../thumbs/Hartung - Game Master/Named_Boxarts/Go Bang! (Europe).png</thumbnail><marquee>~/../thumbs/Hartung - Game Master/Named_Logos/Go Bang! (Europe).png</marquee></game>
<game><path>./Hartung Game Master NoIntro/Hyper Space (Europe).zip</path><name>Hyper Space (Europe)</name><image>~/../thumbs/Hartung - Game Master/Named_Snaps/Hyper Space (Europe).png</image><titleshot>~/../thumbs/Hartung - Game Master/Named_Titles/Hyper Space (Europe).png</titleshot><thumbnail>~/../thumbs/Hartung - Game Master/Named_Boxarts/Hyper Space (Europe).png</thumbnail><marquee>~/../thumbs/Hartung - Game Master/Named_Logos/Hyper Space (Europe).png</marquee></game>
<game><path>./Hartung Game Master NoIntro/Kung Fu (Europe).zip</path><name>Kung Fu (Europe)</name><image>~/../thumbs/Hartung - Game Master/Named_Snaps/Kung Fu (Europe).png</image><titleshot>~/../thumbs/Hartung - Game Master/Named_Titles/Kung Fu (Europe).png</titleshot><thumbnail>~/../thumbs/Hartung - Game Master/Named_Boxarts/Kung Fu (Europe).png</thumbnail><marquee>~/../thumbs/Hartung - Game Master/Named_Logos/Kung Fu (Europe).png</marquee></game>
<game><path>./Hartung Game Master NoIntro/Move It (Germany) (En).zip</path><name>Move It (Germany) (En)</name><image>~/../thumbs/Hartung - Game Master/Named_Snaps/Move It (Germany) (En).png</image><titleshot>~/../thumbs/Hartung - Game Master/Named_Titles/Move It (Germany) (En).png</titleshot><thumbnail>~/../thumbs/Hartung - Game Master/Named_Boxarts/Move It (Germany) (En).png</thumbnail><marquee>~/../thumbs/Hartung - Game Master/Named_Logos/Move It (Germany) (En).png</marquee></game>
<game><path>./Hartung Game Master NoIntro/Pin Ball (Europe).zip</path><name>Pin Ball (Europe)</name><image>~/../thumbs/Hartung - Game Master/Named_Snaps/Pin Ball (Europe).png</image><titleshot>~/../thumbs/Hartung - Game Master/Named_Titles/Pin Ball (Europe).png</titleshot><thumbnail>~/../thumbs/Hartung - Game Master/Named_Boxarts/Pin Ball (Europe).png</thumbnail><marquee>~/../thumbs/Hartung - Game Master/Named_Logos/Pin Ball (Europe).png</marquee></game>
<game><path>./Hartung Game Master NoIntro/Soccer (Europe).zip</path><name>Soccer (Europe)</name><image>~/../thumbs/Hartung - Game Master/Named_Snaps/Soccer (Europe).png</image><titleshot>~/../thumbs/Hartung - Game Master/Named_Titles/Soccer (Europe).png</titleshot><thumbnail>~/../thumbs/Hartung - Game Master/Named_Boxarts/Soccer (Europe).png</thumbnail><marquee>~/../thumbs/Hartung - Game Master/Named_Logos/Soccer (Europe).png</marquee></game>
<game><path>./Hartung Game Master NoIntro/Space Castle (Europe).zip</path><name>Space Castle (Europe)</name><image>~/../thumbs/Hartung - Game Master/Named_Snaps/Space Castle (Europe).png</image><titleshot>~/../thumbs/Hartung - Game Master/Named_Titles/Space Castle (Europe).png</titleshot><thumbnail>~/../thumbs/Hartung - Game Master/Named_Boxarts/Space Castle (Europe).png</thumbnail><marquee>~/../thumbs/Hartung - Game Master/Named_Logos/Space Castle (Europe).png</marquee></game>
<game><path>./Hartung Game Master NoIntro/Space Invader (Germany) (En).zip</path><name>Space Invader (Germany) (En)</name><image>~/../thumbs/Hartung - Game Master/Named_Snaps/Space Invader (Germany) (En).png</image><titleshot>~/../thumbs/Hartung - Game Master/Named_Titles/Space Invader (Germany) (En).png</titleshot><thumbnail>~/../thumbs/Hartung - Game Master/Named_Boxarts/Space Invader (Germany) (En).png</thumbnail><marquee>~/../thumbs/Hartung - Game Master/Named_Logos/Space Invader (Germany) (En).png</marquee></game>
<game><path>./Hartung Game Master NoIntro/Space Warrior (Germany) (En).zip</path><name>Space Warrior (Germany) (En)</name><image>~/../thumbs/Hartung - Game Master/Named_Snaps/Space Warrior (Germany) (En).png</image><titleshot>~/../thumbs/Hartung - Game Master/Named_Titles/Space Warrior (Germany) (En).png</titleshot><thumbnail>~/../thumbs/Hartung - Game Master/Named_Boxarts/Space Warrior (Germany) (En).png</thumbnail><marquee>~/../thumbs/Hartung - Game Master/Named_Logos/Space Warrior (Germany) (En).png</marquee></game>
<game><path>./Hartung Game Master NoIntro/Tank War (Germany) (En).zip</path><name>Tank War (Germany) (En)</name><image>~/../thumbs/Hartung - Game Master/Named_Snaps/Tank War (Germany) (En).png</image><titleshot>~/../thumbs/Hartung - Game Master/Named_Titles/Tank War (Germany) (En).png</titleshot><thumbnail>~/../thumbs/Hartung - Game Master/Named_Boxarts/Tank War (Germany) (En).png</thumbnail><marquee>~/../thumbs/Hartung - Game Master/Named_Logos/Tank War (Germany) (En).png</marquee></game>
<game><path>./Hartung Game Master NoIntro/Tennis (Europe).zip</path><name>Tennis (Europe)</name><image>~/../thumbs/Hartung - Game Master/Named_Snaps/Tennis (Europe).png</image><titleshot>~/../thumbs/Hartung - Game Master/Named_Titles/Tennis (Europe).png</titleshot><thumbnail>~/../thumbs/Hartung - Game Master/Named_Boxarts/Tennis (Europe).png</thumbnail><marquee>~/../thumbs/Hartung - Game Master/Named_Logos/Tennis (Europe).png</marquee></game>
<game><path>./Hartung Game Master NoIntro/Urban Champion (Europe).zip</path><name>Urban Champion (Europe)</name><image>~/../thumbs/Hartung - Game Master/Named_Snaps/Urban Champion (Europe).png</image><titleshot>~/../thumbs/Hartung - Game Master/Named_Titles/Urban Champion (Europe).png</titleshot><thumbnail>~/../thumbs/Hartung - Game Master/Named_Boxarts/Urban Champion (Europe).png</thumbnail><marquee>~/../thumbs/Hartung - Game Master/Named_Logos/Urban Champion (Europe).png</marquee></game>
<game><path>./Hartung Game Master NoIntro/[BIOS] Hartung Game Master (Germany).zip</path><name>[BIOS] Hartung Game Master (Germany)</name><image>~/../thumbs/Hartung - Game Master/Named_Snaps/[BIOS] Hartung Game Master (Germany).png</image><titleshot>~/../thumbs/Hartung - Game Master/Named_Titles/[BIOS] Hartung Game Master (Germany).png</titleshot><thumbnail>~/../thumbs/Hartung - Game Master/Named_Boxarts/[BIOS] Hartung Game Master (Germany).png</thumbnail><marquee>~/../thumbs/Hartung - Game Master/Named_Logos/[BIOS] Hartung Game Master (Germany).png</marquee><hidden>true</hidden></game>
<folder><path>./Hartung Game Master NoIntro</path><name>Hartung Game Master NoIntro</name><image>~/../thumb/gmaster.png</image></folder>
<folder><path>./Hartung Game Master TOSEC</path><name>Hartung Game Master TOSEC</name><image>~/../thumb/gmaster.png</image></folder>
</gameList>
