<gameList>
<game><path>./NoIntro/Bubble Boy (Europe).zip</path><name>Bubble Boy (Europe)</name><image>~/../thumbs/Hartung - Game Master/Named_Snaps/Bubble Boy (Europe).png</image></game>
<game><path>./NoIntro/Car Racing (Europe).zip</path><name>Car Racing (Europe)</name><image>~/../thumbs/Hartung - Game Master/Named_Snaps/Car Racing (Europe).png</image></game>
<game><path>./NoIntro/Continental Galaxy (Europe).zip</path><name>Continental Galaxy (Europe)</name><image>~/../thumbs/Hartung - Game Master/Named_Snaps/Continental Galaxy (Europe).png</image></game>
<game><path>./NoIntro/Dungeon Advanture (Europe).zip</path><name>Dungeon Advanture (Europe)</name><image>~/../thumbs/Hartung - Game Master/Named_Snaps/Dungeon Advanture (Europe).png</image></game>
<game><path>./NoIntro/Falling Block (Europe).zip</path><name>Falling Block (Europe)</name><image>~/../thumbs/Hartung - Game Master/Named_Snaps/Falling Block (Europe).png</image></game>
<game><path>./NoIntro/Finite Zone (Europe).zip</path><name>Finite Zone (Europe)</name><image>~/../thumbs/Hartung - Game Master/Named_Snaps/Finite Zone (Europe).png</image></game>
<game><path>./NoIntro/Go Bang! (Europe).zip</path><name>Go Bang! (Europe)</name><image>~/../thumbs/Hartung - Game Master/Named_Snaps/Go Bang! (Europe).png</image></game>
<game><path>./NoIntro/Hyper Space (Europe).zip</path><name>Hyper Space (Europe)</name><image>~/../thumbs/Hartung - Game Master/Named_Snaps/Hyper Space (Europe).png</image></game>
<game><path>./NoIntro/Kung Fu (Europe).zip</path><name>Kung Fu (Europe)</name><image>~/../thumbs/Hartung - Game Master/Named_Snaps/Kung Fu (Europe).png</image></game>
<game><path>./NoIntro/Move It (Germany) (En).zip</path><name>Move It (Germany) (En)</name><image>~/../thumbs/Hartung - Game Master/Named_Snaps/Move It (Germany).png</image></game>
<game><path>./NoIntro/Pin Ball (Europe).zip</path><name>Pin Ball (Europe)</name><image>~/../thumbs/Hartung - Game Master/Named_Snaps/Pin Ball (Europe).png</image></game>
<game><path>./NoIntro/Soccer (Europe).zip</path><name>Soccer (Europe)</name><image>~/../thumbs/Hartung - Game Master/Named_Snaps/Soccer (Europe).png</image></game>
<game><path>./NoIntro/Space Castle (Europe).zip</path><name>Space Castle (Europe)</name><image>~/../thumbs/Hartung - Game Master/Named_Snaps/Space Castle (Europe).png</image></game>
<game><path>./NoIntro/Space Invader (Germany) (En).zip</path><name>Space Invader (Germany) (En)</name><image>~/../thumbs/Hartung - Game Master/Named_Snaps/Space Invader (Germany).png</image></game>
<game><path>./NoIntro/Space Warrior (Germany) (En).zip</path><name>Space Warrior (Germany) (En)</name><image>~/../thumbs/Hartung - Game Master/Named_Snaps/Space Warrior (Germany).png</image></game>
<game><path>./NoIntro/Tank War (Germany) (En).zip</path><name>Tank War (Germany) (En)</name><image>~/../thumbs/Hartung - Game Master/Named_Snaps/Tank War (Germany).png</image></game>
<game><path>./NoIntro/Tennis (Europe).zip</path><name>Tennis (Europe)</name><image>~/../thumbs/Hartung - Game Master/Named_Snaps/Tennis (Europe).png</image></game>
<game><path>./NoIntro/Urban Champion (Europe).zip</path><name>Urban Champion (Europe)</name><image>~/../thumbs/Hartung - Game Master/Named_Snaps/Urban Champion (Europe).png</image></game>
<game><path>./NoIntro/[BIOS] Hartung Game Master (Germany).zip</path><name>[BIOS] Hartung Game Master (Germany)</name><image>~/../thumbs/Hartung - Game Master/Named_Snaps/[BIOS] Hartung Game Master (Germany).png</image></game>
<folder><path>./NoIntro</path><name>NoIntro</name><image>~/../thumb/gmaster.png</image></folder>
<game><path>./TOSEC/3-on-3 Soccer - Fussball (1990)(Hartung).zip</path><name>3-on-3 Soccer - Fussball (1990)(Hartung)</name><image>~/../thumbs/Hartung - Game Master/Named_Snaps/3-on-3 Soccer - Fussball (1990).png</image></game>
<game><path>./TOSEC/Bubble Boy (1990)(Hartung).zip</path><name>Bubble Boy (1990)(Hartung)</name><image>~/../thumbs/Hartung - Game Master/Named_Snaps/Bubble Boy (1990).png</image></game>
<game><path>./TOSEC/Car Racing (1990)(Hartung)(DE)(en)[AKA Formel 1][AKA Super F-1].zip</path><name>Car Racing (1990)(Hartung)(DE)(en)[AKA Formel 1][AKA Super F-1]</name><image>~/../thumbs/Hartung - Game Master/Named_Snaps/Car Racing (1990).png</image></game>
<game><path>./TOSEC/Continental Galaxy 2020 (1990)(Hartung).zip</path><name>Continental Galaxy 2020 (1990)(Hartung)</name><image>~/../thumbs/Hartung - Game Master/Named_Snaps/Continental Galaxy 2020 (1990).png</image></game>
<game><path>./TOSEC/Dungeon Adventure (1990)(Hartung).zip</path><name>Dungeon Adventure (1990)(Hartung)</name><image>~/../thumbs/Hartung - Game Master/Named_Snaps/Dungeon Adventure (1990).png</image></game>
<game><path>./TOSEC/Falling Block! (1990)(Hartung).zip</path><name>Falling Block! (1990)(Hartung)</name><image>~/../thumbs/Hartung - Game Master/Named_Snaps/Falling Block! (1990).png</image></game>
<game><path>./TOSEC/Finite Zone (199x)(Hartung)(DE)(en).zip</path><name>Finite Zone (199x)(Hartung)(DE)(en)</name><image>~/../thumbs/Hartung - Game Master/Named_Snaps/Finite Zone (199x).png</image></game>
<game><path>./TOSEC/Go Bang (1990)(Hartung).zip</path><name>Go Bang (1990)(Hartung)</name><image>~/../thumbs/Hartung - Game Master/Named_Snaps/Go Bang (1990).png</image></game>
<game><path>./TOSEC/Hyper Space (1990)(Hartung).zip</path><name>Hyper Space (1990)(Hartung)</name><image>~/../thumbs/Hartung - Game Master/Named_Snaps/Hyper Space (1990).png</image></game>
<game><path>./TOSEC/Kung Fu Challenge (1990)(Hartung).zip</path><name>Kung Fu Challenge (1990)(Hartung)</name><image>~/../thumbs/Hartung - Game Master/Named_Snaps/Kung Fu Challenge (1990).png</image></game>
<game><path>./TOSEC/Move It (199x)(Hartung)(DE)(en).zip</path><name>Move It (199x)(Hartung)(DE)(en)</name><image>~/../thumbs/Hartung - Game Master/Named_Snaps/Move It (199x).png</image></game>
<game><path>./TOSEC/Pin Ball (1990)(Hartung).zip</path><name>Pin Ball (1990)(Hartung)</name><image>~/../thumbs/Hartung - Game Master/Named_Snaps/Pin Ball (1990).png</image></game>
<game><path>./TOSEC/Space Castle (1990)(Hartung).zip</path><name>Space Castle (1990)(Hartung)</name><image>~/../thumbs/Hartung - Game Master/Named_Snaps/Space Castle (1990).png</image></game>
<game><path>./TOSEC/Space Invader (1992)(Hartung)(DE)(en).zip</path><name>Space Invader (1992)(Hartung)(DE)(en)</name><image>~/../thumbs/Hartung - Game Master/Named_Snaps/Space Invader (1992).png</image></game>
<game><path>./TOSEC/Space Warrior (199x)(Hartung)(DE)(en).zip</path><name>Space Warrior (199x)(Hartung)(DE)(en)</name><image>~/../thumbs/Hartung - Game Master/Named_Snaps/Space Warrior (199x).png</image></game>
<game><path>./TOSEC/Tank War (199x)(Hartung)(DE)(en).zip</path><name>Tank War (199x)(Hartung)(DE)(en)</name><image>~/../thumbs/Hartung - Game Master/Named_Snaps/Tank War (199x).png</image></game>
<game><path>./TOSEC/Tennis Master (1990)(Hartung).zip</path><name>Tennis Master (1990)(Hartung)</name><image>~/../thumbs/Hartung - Game Master/Named_Snaps/Tennis Master (1990).png</image></game>
<game><path>./TOSEC/Urban Champion (1990)(Hartung).zip</path><name>Urban Champion (1990)(Hartung)</name><image>~/../thumbs/Hartung - Game Master/Named_Snaps/Urban Champion (1990).png</image></game>
<folder><path>./TOSEC</path><name>TOSEC</name><image>~/../thumb/gmaster.png</image></folder>
<game><path>./Merged/bublboy.zip</path><name>bublboy</name><image>~/../thumbs/Hartung - Game Master/Named_Snaps/bublboy.png</image></game>
<game><path>./Merged/carracing.zip</path><name>carracing</name><image>~/../thumbs/Hartung - Game Master/Named_Snaps/carracing.png</image></game>
<game><path>./Merged/cgalaxy.zip</path><name>cgalaxy</name><image>~/../thumbs/Hartung - Game Master/Named_Snaps/cgalaxy.png</image></game>
<game><path>./Merged/dungeon.zip</path><name>dungeon</name><image>~/../thumbs/Hartung - Game Master/Named_Snaps/dungeon.png</image></game>
<game><path>./Merged/fallbloc.zip</path><name>fallbloc</name><image>~/../thumbs/Hartung - Game Master/Named_Snaps/fallbloc.png</image></game>
<game><path>./Merged/finitezn.zip</path><name>finitezn</name><image>~/../thumbs/Hartung - Game Master/Named_Snaps/finitezn.png</image></game>
<game><path>./Merged/gobang.zip</path><name>gobang</name><image>~/../thumbs/Hartung - Game Master/Named_Snaps/gobang.png</image></game>
<game><path>./Merged/hspace.zip</path><name>hspace</name><image>~/../thumbs/Hartung - Game Master/Named_Snaps/hspace.png</image></game>
<game><path>./Merged/kungfu.zip</path><name>kungfu</name><image>~/../thumbs/Hartung - Game Master/Named_Snaps/kungfu.png</image></game>
<game><path>./Merged/moveit.zip</path><name>moveit</name><image>~/../thumbs/Hartung - Game Master/Named_Snaps/moveit.png</image></game>
<game><path>./Merged/pinball.zip</path><name>pinball</name><image>~/../thumbs/Hartung - Game Master/Named_Snaps/pinball.png</image></game>
<game><path>./Merged/scastle.zip</path><name>scastle</name><image>~/../thumbs/Hartung - Game Master/Named_Snaps/scastle.png</image></game>
<game><path>./Merged/soccer.zip</path><name>soccer</name><image>~/../thumbs/Hartung - Game Master/Named_Snaps/soccer.png</image></game>
<game><path>./Merged/spaceinv.zip</path><name>spaceinv</name><image>~/../thumbs/Hartung - Game Master/Named_Snaps/spaceinv.png</image></game>
<game><path>./Merged/swarrior.zip</path><name>swarrior</name><image>~/../thumbs/Hartung - Game Master/Named_Snaps/swarrior.png</image></game>
<game><path>./Merged/tankwar.zip</path><name>tankwar</name><image>~/../thumbs/Hartung - Game Master/Named_Snaps/tankwar.png</image></game>
<game><path>./Merged/tennis.zip</path><name>tennis</name><image>~/../thumbs/Hartung - Game Master/Named_Snaps/tennis.png</image></game>
<game><path>./Merged/uchamp.zip</path><name>uchamp</name><image>~/../thumbs/Hartung - Game Master/Named_Snaps/uchamp.png</image></game>
<folder><path>./Merged</path><name>Merged</name><image>~/../thumb/gmaster.png</image></folder>
<game><path>./Split/bublboy.zip</path><name>bublboy</name><image>~/../thumbs/Hartung - Game Master/Named_Snaps/bublboy.png</image></game>
<game><path>./Split/carracing.zip</path><name>carracing</name><image>~/../thumbs/Hartung - Game Master/Named_Snaps/carracing.png</image></game>
<game><path>./Split/cgalaxy.zip</path><name>cgalaxy</name><image>~/../thumbs/Hartung - Game Master/Named_Snaps/cgalaxy.png</image></game>
<game><path>./Split/dungeon.zip</path><name>dungeon</name><image>~/../thumbs/Hartung - Game Master/Named_Snaps/dungeon.png</image></game>
<game><path>./Split/fallbloc.zip</path><name>fallbloc</name><image>~/../thumbs/Hartung - Game Master/Named_Snaps/fallbloc.png</image></game>
<game><path>./Split/finitezn.zip</path><name>finitezn</name><image>~/../thumbs/Hartung - Game Master/Named_Snaps/finitezn.png</image></game>
<game><path>./Split/gobang.zip</path><name>gobang</name><image>~/../thumbs/Hartung - Game Master/Named_Snaps/gobang.png</image></game>
<game><path>./Split/hspace.zip</path><name>hspace</name><image>~/../thumbs/Hartung - Game Master/Named_Snaps/hspace.png</image></game>
<game><path>./Split/kungfu.zip</path><name>kungfu</name><image>~/../thumbs/Hartung - Game Master/Named_Snaps/kungfu.png</image></game>
<game><path>./Split/moveit.zip</path><name>moveit</name><image>~/../thumbs/Hartung - Game Master/Named_Snaps/moveit.png</image></game>
<game><path>./Split/pinball.zip</path><name>pinball</name><image>~/../thumbs/Hartung - Game Master/Named_Snaps/pinball.png</image></game>
<game><path>./Split/scastle.zip</path><name>scastle</name><image>~/../thumbs/Hartung - Game Master/Named_Snaps/scastle.png</image></game>
<game><path>./Split/soccer.zip</path><name>soccer</name><image>~/../thumbs/Hartung - Game Master/Named_Snaps/soccer.png</image></game>
<game><path>./Split/spaceinv.zip</path><name>spaceinv</name><image>~/../thumbs/Hartung - Game Master/Named_Snaps/spaceinv.png</image></game>
<game><path>./Split/swarrior.zip</path><name>swarrior</name><image>~/../thumbs/Hartung - Game Master/Named_Snaps/swarrior.png</image></game>
<game><path>./Split/tankwar.zip</path><name>tankwar</name><image>~/../thumbs/Hartung - Game Master/Named_Snaps/tankwar.png</image></game>
<game><path>./Split/tennis.zip</path><name>tennis</name><image>~/../thumbs/Hartung - Game Master/Named_Snaps/tennis.png</image></game>
<game><path>./Split/uchamp.zip</path><name>uchamp</name><image>~/../thumbs/Hartung - Game Master/Named_Snaps/uchamp.png</image></game>
<folder><path>./Split</path><name>Split</name><image>~/../thumb/gmaster.png</image></folder>
</gameList>
