<gameList>
<game><path>./Sam Coupé DSK//home/runner/rom/TOSEC/MGT/Sam Coupe/Games/[DSK]/MGT Sam Coupe - Games - [DSK].zip</path><name>/home/runner/rom/TOSEC/MGT/Sam Coupe/Games/[DSK]/MGT Sam Coupe - Games - [DSK]</name><image>~/../thumbs/MGT - Sam Coupe/Named_Snaps//home/runner/rom/TOSEC/MGT/Sam Coupe/Games/[DSK]/MGT Sam Coupe - Games - [DSK].png</image><titleshot>~/../thumbs/MGT - Sam Coupe/Named_Titles//home/runner/rom/TOSEC/MGT/Sam Coupe/Games/[DSK]/MGT Sam Coupe - Games - [DSK].png</titleshot><thumbnail>~/../thumbs/MGT - Sam Coupe/Named_Boxarts//home/runner/rom/TOSEC/MGT/Sam Coupe/Games/[DSK]/MGT Sam Coupe - Games - [DSK].png</thumbnail><marquee>~/../thumbs/MGT - Sam Coupe/Named_Logos//home/runner/rom/TOSEC/MGT/Sam Coupe/Games/[DSK]/MGT Sam Coupe - Games - [DSK].png</marquee></game>
<folder><path>./Sam Coupé DSK</path><name>Sam Coupé DSK</name><image>~/../thumb/samcoupe.png</image></folder>
<game><path>./Sam Coupé SAD//home/runner/rom/TOSEC/MGT/Sam Coupe/Games/[SAD]/MGT Sam Coupe - Games - [SAD].zip</path><name>/home/runner/rom/TOSEC/MGT/Sam Coupe/Games/[SAD]/MGT Sam Coupe - Games - [SAD]</name><image>~/../thumbs/MGT - Sam Coupe/Named_Snaps//home/runner/rom/TOSEC/MGT/Sam Coupe/Games/[SAD]/MGT Sam Coupe - Games - [SAD].png</image><titleshot>~/../thumbs/MGT - Sam Coupe/Named_Titles//home/runner/rom/TOSEC/MGT/Sam Coupe/Games/[SAD]/MGT Sam Coupe - Games - [SAD].png</titleshot><thumbnail>~/../thumbs/MGT - Sam Coupe/Named_Boxarts//home/runner/rom/TOSEC/MGT/Sam Coupe/Games/[SAD]/MGT Sam Coupe - Games - [SAD].png</thumbnail><marquee>~/../thumbs/MGT - Sam Coupe/Named_Logos//home/runner/rom/TOSEC/MGT/Sam Coupe/Games/[SAD]/MGT Sam Coupe - Games - [SAD].png</marquee></game>
<folder><path>./Sam Coupé SAD</path><name>Sam Coupé SAD</name><image>~/../thumb/samcoupe.png</image></folder>
</gameList>
