<gameList>
<game><path>./Amstrad GX4000 TOSEC/Baba's Palace (2018)(4MHz - dragon)(ES).zip</path><name>Baba's Palace (2018)(4MHz - dragon)(ES)</name><image>~/../thumbs/Amstrad - GX4000/Named_Snaps/Baba's Palace (2018)(4MHz - dragon)(ES).png</image><titleshot>~/../thumbs/Amstrad - GX4000/Named_Titles/Baba's Palace (2018)(4MHz - dragon)(ES).png</titleshot><thumbnail>~/../thumbs/Amstrad - GX4000/Named_Boxarts/Baba's Palace (2018)(4MHz - dragon)(ES).png</thumbnail><marquee>~/../thumbs/Amstrad - GX4000/Named_Logos/Baba's Palace (2018)(4MHz - dragon)(ES).png</marquee></game>
<game><path>./Amstrad GX4000 TOSEC/Blinky's Scary School v1.3 (2023-01-31)(Zisquier).zip</path><name>Blinky's Scary School v1.3 (2023-01-31)(Zisquier)</name><image>~/../thumbs/Amstrad - GX4000/Named_Snaps/Blinky's Scary School v1.3 (2023-01-31)(Zisquier).png</image><titleshot>~/../thumbs/Amstrad - GX4000/Named_Titles/Blinky's Scary School v1.3 (2023-01-31)(Zisquier).png</titleshot><thumbnail>~/../thumbs/Amstrad - GX4000/Named_Boxarts/Blinky's Scary School v1.3 (2023-01-31)(Zisquier).png</thumbnail><marquee>~/../thumbs/Amstrad - GX4000/Named_Logos/Blinky's Scary School v1.3 (2023-01-31)(Zisquier).png</marquee></game>
<game><path>./Amstrad GX4000 TOSEC/Brick Rick v1.0.1 (2020-10-07)(Martínez, Juan J.).zip</path><name>Brick Rick v1.0.1 (2020-10-07)(Martínez, Juan J.)</name><image>~/../thumbs/Amstrad - GX4000/Named_Snaps/Brick Rick v1.0.1 (2020-10-07)(Martínez, Juan J.).png</image><titleshot>~/../thumbs/Amstrad - GX4000/Named_Titles/Brick Rick v1.0.1 (2020-10-07)(Martínez, Juan J.).png</titleshot><thumbnail>~/../thumbs/Amstrad - GX4000/Named_Boxarts/Brick Rick v1.0.1 (2020-10-07)(Martínez, Juan J.).png</thumbnail><marquee>~/../thumbs/Amstrad - GX4000/Named_Logos/Brick Rick v1.0.1 (2020-10-07)(Martínez, Juan J.).png</marquee></game>
<game><path>./Amstrad GX4000 TOSEC/CPC Soccer Community Edition (2021-01-04)(Voxel Tower).zip</path><name>CPC Soccer Community Edition (2021-01-04)(Voxel Tower)</name><image>~/../thumbs/Amstrad - GX4000/Named_Snaps/CPC Soccer Community Edition (2021-01-04)(Voxel Tower).png</image><titleshot>~/../thumbs/Amstrad - GX4000/Named_Titles/CPC Soccer Community Edition (2021-01-04)(Voxel Tower).png</titleshot><thumbnail>~/../thumbs/Amstrad - GX4000/Named_Boxarts/CPC Soccer Community Edition (2021-01-04)(Voxel Tower).png</thumbnail><marquee>~/../thumbs/Amstrad - GX4000/Named_Logos/CPC Soccer Community Edition (2021-01-04)(Voxel Tower).png</marquee></game>
<game><path>./Amstrad GX4000 TOSEC/Chloe Aprende a Reciclar (2023-07-20)(Churrosoft)(ES).zip</path><name>Chloe Aprende a Reciclar (2023-07-20)(Churrosoft)(ES)</name><image>~/../thumbs/Amstrad - GX4000/Named_Snaps/Chloe Aprende a Reciclar (2023-07-20)(Churrosoft)(ES).png</image><titleshot>~/../thumbs/Amstrad - GX4000/Named_Titles/Chloe Aprende a Reciclar (2023-07-20)(Churrosoft)(ES).png</titleshot><thumbnail>~/../thumbs/Amstrad - GX4000/Named_Boxarts/Chloe Aprende a Reciclar (2023-07-20)(Churrosoft)(ES).png</thumbnail><marquee>~/../thumbs/Amstrad - GX4000/Named_Logos/Chloe Aprende a Reciclar (2023-07-20)(Churrosoft)(ES).png</marquee></game>
<game><path>./Amstrad GX4000 TOSEC/Cross Bomber (2020-08-26)(Caruso, Fabrizio).zip</path><name>Cross Bomber (2020-08-26)(Caruso, Fabrizio)</name><image>~/../thumbs/Amstrad - GX4000/Named_Snaps/Cross Bomber (2020-08-26)(Caruso, Fabrizio).png</image><titleshot>~/../thumbs/Amstrad - GX4000/Named_Titles/Cross Bomber (2020-08-26)(Caruso, Fabrizio).png</titleshot><thumbnail>~/../thumbs/Amstrad - GX4000/Named_Boxarts/Cross Bomber (2020-08-26)(Caruso, Fabrizio).png</thumbnail><marquee>~/../thumbs/Amstrad - GX4000/Named_Logos/Cross Bomber (2020-08-26)(Caruso, Fabrizio).png</marquee></game>
<game><path>./Amstrad GX4000 TOSEC/Cross Bomber (2021-05-13)(Caruso, Fabrizio).zip</path><name>Cross Bomber (2021-05-13)(Caruso, Fabrizio)</name><image>~/../thumbs/Amstrad - GX4000/Named_Snaps/Cross Bomber (2021-05-13)(Caruso, Fabrizio).png</image><titleshot>~/../thumbs/Amstrad - GX4000/Named_Titles/Cross Bomber (2021-05-13)(Caruso, Fabrizio).png</titleshot><thumbnail>~/../thumbs/Amstrad - GX4000/Named_Boxarts/Cross Bomber (2021-05-13)(Caruso, Fabrizio).png</thumbnail><marquee>~/../thumbs/Amstrad - GX4000/Named_Logos/Cross Bomber (2021-05-13)(Caruso, Fabrizio).png</marquee></game>
<game><path>./Amstrad GX4000 TOSEC/Cross Chase (2018-04-15)(Caruso, Fabrizio).zip</path><name>Cross Chase (2018-04-15)(Caruso, Fabrizio)</name><image>~/../thumbs/Amstrad - GX4000/Named_Snaps/Cross Chase (2018-04-15)(Caruso, Fabrizio).png</image><titleshot>~/../thumbs/Amstrad - GX4000/Named_Titles/Cross Chase (2018-04-15)(Caruso, Fabrizio).png</titleshot><thumbnail>~/../thumbs/Amstrad - GX4000/Named_Boxarts/Cross Chase (2018-04-15)(Caruso, Fabrizio).png</thumbnail><marquee>~/../thumbs/Amstrad - GX4000/Named_Logos/Cross Chase (2018-04-15)(Caruso, Fabrizio).png</marquee></game>
<game><path>./Amstrad GX4000 TOSEC/Cross Chase (2018-05-19)(Caruso, Fabrizio).zip</path><name>Cross Chase (2018-05-19)(Caruso, Fabrizio)</name><image>~/../thumbs/Amstrad - GX4000/Named_Snaps/Cross Chase (2018-05-19)(Caruso, Fabrizio).png</image><titleshot>~/../thumbs/Amstrad - GX4000/Named_Titles/Cross Chase (2018-05-19)(Caruso, Fabrizio).png</titleshot><thumbnail>~/../thumbs/Amstrad - GX4000/Named_Boxarts/Cross Chase (2018-05-19)(Caruso, Fabrizio).png</thumbnail><marquee>~/../thumbs/Amstrad - GX4000/Named_Logos/Cross Chase (2018-05-19)(Caruso, Fabrizio).png</marquee></game>
<game><path>./Amstrad GX4000 TOSEC/Cross Chase (2018-07-19)(Caruso, Fabrizio).zip</path><name>Cross Chase (2018-07-19)(Caruso, Fabrizio)</name><image>~/../thumbs/Amstrad - GX4000/Named_Snaps/Cross Chase (2018-07-19)(Caruso, Fabrizio).png</image><titleshot>~/../thumbs/Amstrad - GX4000/Named_Titles/Cross Chase (2018-07-19)(Caruso, Fabrizio).png</titleshot><thumbnail>~/../thumbs/Amstrad - GX4000/Named_Boxarts/Cross Chase (2018-07-19)(Caruso, Fabrizio).png</thumbnail><marquee>~/../thumbs/Amstrad - GX4000/Named_Logos/Cross Chase (2018-07-19)(Caruso, Fabrizio).png</marquee></game>
<game><path>./Amstrad GX4000 TOSEC/Cross Chase (2018-08-04)(Caruso, Fabrizio).zip</path><name>Cross Chase (2018-08-04)(Caruso, Fabrizio)</name><image>~/../thumbs/Amstrad - GX4000/Named_Snaps/Cross Chase (2018-08-04)(Caruso, Fabrizio).png</image><titleshot>~/../thumbs/Amstrad - GX4000/Named_Titles/Cross Chase (2018-08-04)(Caruso, Fabrizio).png</titleshot><thumbnail>~/../thumbs/Amstrad - GX4000/Named_Boxarts/Cross Chase (2018-08-04)(Caruso, Fabrizio).png</thumbnail><marquee>~/../thumbs/Amstrad - GX4000/Named_Logos/Cross Chase (2018-08-04)(Caruso, Fabrizio).png</marquee></game>
<game><path>./Amstrad GX4000 TOSEC/Cross Chase (2018-10-29)(Caruso, Fabrizio).zip</path><name>Cross Chase (2018-10-29)(Caruso, Fabrizio)</name><image>~/../thumbs/Amstrad - GX4000/Named_Snaps/Cross Chase (2018-10-29)(Caruso, Fabrizio).png</image><titleshot>~/../thumbs/Amstrad - GX4000/Named_Titles/Cross Chase (2018-10-29)(Caruso, Fabrizio).png</titleshot><thumbnail>~/../thumbs/Amstrad - GX4000/Named_Boxarts/Cross Chase (2018-10-29)(Caruso, Fabrizio).png</thumbnail><marquee>~/../thumbs/Amstrad - GX4000/Named_Logos/Cross Chase (2018-10-29)(Caruso, Fabrizio).png</marquee></game>
<game><path>./Amstrad GX4000 TOSEC/Cross Chase (2020-04-02)(Caruso, Fabrizio).zip</path><name>Cross Chase (2020-04-02)(Caruso, Fabrizio)</name><image>~/../thumbs/Amstrad - GX4000/Named_Snaps/Cross Chase (2020-04-02)(Caruso, Fabrizio).png</image><titleshot>~/../thumbs/Amstrad - GX4000/Named_Titles/Cross Chase (2020-04-02)(Caruso, Fabrizio).png</titleshot><thumbnail>~/../thumbs/Amstrad - GX4000/Named_Boxarts/Cross Chase (2020-04-02)(Caruso, Fabrizio).png</thumbnail><marquee>~/../thumbs/Amstrad - GX4000/Named_Logos/Cross Chase (2020-04-02)(Caruso, Fabrizio).png</marquee></game>
<game><path>./Amstrad GX4000 TOSEC/Cross Chase (2021-05-13)(Caruso, Fabrizio).zip</path><name>Cross Chase (2021-05-13)(Caruso, Fabrizio)</name><image>~/../thumbs/Amstrad - GX4000/Named_Snaps/Cross Chase (2021-05-13)(Caruso, Fabrizio).png</image><titleshot>~/../thumbs/Amstrad - GX4000/Named_Titles/Cross Chase (2021-05-13)(Caruso, Fabrizio).png</titleshot><thumbnail>~/../thumbs/Amstrad - GX4000/Named_Boxarts/Cross Chase (2021-05-13)(Caruso, Fabrizio).png</thumbnail><marquee>~/../thumbs/Amstrad - GX4000/Named_Logos/Cross Chase (2021-05-13)(Caruso, Fabrizio).png</marquee></game>
<game><path>./Amstrad GX4000 TOSEC/Cross Horde (2021-04-16)(Caruso, Fabrizio)[mode0].zip</path><name>Cross Horde (2021-04-16)(Caruso, Fabrizio)[mode0]</name><image>~/../thumbs/Amstrad - GX4000/Named_Snaps/Cross Horde (2021-04-16)(Caruso, Fabrizio)[mode0].png</image><titleshot>~/../thumbs/Amstrad - GX4000/Named_Titles/Cross Horde (2021-04-16)(Caruso, Fabrizio)[mode0].png</titleshot><thumbnail>~/../thumbs/Amstrad - GX4000/Named_Boxarts/Cross Horde (2021-04-16)(Caruso, Fabrizio)[mode0].png</thumbnail><marquee>~/../thumbs/Amstrad - GX4000/Named_Logos/Cross Horde (2021-04-16)(Caruso, Fabrizio)[mode0].png</marquee></game>
<game><path>./Amstrad GX4000 TOSEC/Cross Horde (2021-04-16)(Caruso, Fabrizio)[mode1][cpcrslib].zip</path><name>Cross Horde (2021-04-16)(Caruso, Fabrizio)[mode1][cpcrslib]</name><image>~/../thumbs/Amstrad - GX4000/Named_Snaps/Cross Horde (2021-04-16)(Caruso, Fabrizio)[mode1][cpcrslib].png</image><titleshot>~/../thumbs/Amstrad - GX4000/Named_Titles/Cross Horde (2021-04-16)(Caruso, Fabrizio)[mode1][cpcrslib].png</titleshot><thumbnail>~/../thumbs/Amstrad - GX4000/Named_Boxarts/Cross Horde (2021-04-16)(Caruso, Fabrizio)[mode1][cpcrslib].png</thumbnail><marquee>~/../thumbs/Amstrad - GX4000/Named_Logos/Cross Horde (2021-04-16)(Caruso, Fabrizio)[mode1][cpcrslib].png</marquee></game>
<game><path>./Amstrad GX4000 TOSEC/Cross Horde (2021-04-16)(Caruso, Fabrizio)[mode2].zip</path><name>Cross Horde (2021-04-16)(Caruso, Fabrizio)[mode2]</name><image>~/../thumbs/Amstrad - GX4000/Named_Snaps/Cross Horde (2021-04-16)(Caruso, Fabrizio)[mode2].png</image><titleshot>~/../thumbs/Amstrad - GX4000/Named_Titles/Cross Horde (2021-04-16)(Caruso, Fabrizio)[mode2].png</titleshot><thumbnail>~/../thumbs/Amstrad - GX4000/Named_Boxarts/Cross Horde (2021-04-16)(Caruso, Fabrizio)[mode2].png</thumbnail><marquee>~/../thumbs/Amstrad - GX4000/Named_Logos/Cross Horde (2021-04-16)(Caruso, Fabrizio)[mode2].png</marquee></game>
<game><path>./Amstrad GX4000 TOSEC/Cross Horde v1.0 (2021-05-01)(Caruso, Fabrizio)[mode0].zip</path><name>Cross Horde v1.0 (2021-05-01)(Caruso, Fabrizio)[mode0]</name><image>~/../thumbs/Amstrad - GX4000/Named_Snaps/Cross Horde v1.0 (2021-05-01)(Caruso, Fabrizio)[mode0].png</image><titleshot>~/../thumbs/Amstrad - GX4000/Named_Titles/Cross Horde v1.0 (2021-05-01)(Caruso, Fabrizio)[mode0].png</titleshot><thumbnail>~/../thumbs/Amstrad - GX4000/Named_Boxarts/Cross Horde v1.0 (2021-05-01)(Caruso, Fabrizio)[mode0].png</thumbnail><marquee>~/../thumbs/Amstrad - GX4000/Named_Logos/Cross Horde v1.0 (2021-05-01)(Caruso, Fabrizio)[mode0].png</marquee></game>
<game><path>./Amstrad GX4000 TOSEC/Cross Horde v1.0 (2021-05-01)(Caruso, Fabrizio)[mode1][cpcrslib].zip</path><name>Cross Horde v1.0 (2021-05-01)(Caruso, Fabrizio)[mode1][cpcrslib]</name><image>~/../thumbs/Amstrad - GX4000/Named_Snaps/Cross Horde v1.0 (2021-05-01)(Caruso, Fabrizio)[mode1][cpcrslib].png</image><titleshot>~/../thumbs/Amstrad - GX4000/Named_Titles/Cross Horde v1.0 (2021-05-01)(Caruso, Fabrizio)[mode1][cpcrslib].png</titleshot><thumbnail>~/../thumbs/Amstrad - GX4000/Named_Boxarts/Cross Horde v1.0 (2021-05-01)(Caruso, Fabrizio)[mode1][cpcrslib].png</thumbnail><marquee>~/../thumbs/Amstrad - GX4000/Named_Logos/Cross Horde v1.0 (2021-05-01)(Caruso, Fabrizio)[mode1][cpcrslib].png</marquee></game>
<game><path>./Amstrad GX4000 TOSEC/Cross Horde v1.0 (2021-05-01)(Caruso, Fabrizio)[mode2].zip</path><name>Cross Horde v1.0 (2021-05-01)(Caruso, Fabrizio)[mode2]</name><image>~/../thumbs/Amstrad - GX4000/Named_Snaps/Cross Horde v1.0 (2021-05-01)(Caruso, Fabrizio)[mode2].png</image><titleshot>~/../thumbs/Amstrad - GX4000/Named_Titles/Cross Horde v1.0 (2021-05-01)(Caruso, Fabrizio)[mode2].png</titleshot><thumbnail>~/../thumbs/Amstrad - GX4000/Named_Boxarts/Cross Horde v1.0 (2021-05-01)(Caruso, Fabrizio)[mode2].png</thumbnail><marquee>~/../thumbs/Amstrad - GX4000/Named_Logos/Cross Horde v1.0 (2021-05-01)(Caruso, Fabrizio)[mode2].png</marquee></game>
<game><path>./Amstrad GX4000 TOSEC/Cross Shoot (2020-07-03)(Caruso, Fabrizio).zip</path><name>Cross Shoot (2020-07-03)(Caruso, Fabrizio)</name><image>~/../thumbs/Amstrad - GX4000/Named_Snaps/Cross Shoot (2020-07-03)(Caruso, Fabrizio).png</image><titleshot>~/../thumbs/Amstrad - GX4000/Named_Titles/Cross Shoot (2020-07-03)(Caruso, Fabrizio).png</titleshot><thumbnail>~/../thumbs/Amstrad - GX4000/Named_Boxarts/Cross Shoot (2020-07-03)(Caruso, Fabrizio).png</thumbnail><marquee>~/../thumbs/Amstrad - GX4000/Named_Logos/Cross Shoot (2020-07-03)(Caruso, Fabrizio).png</marquee></game>
<game><path>./Amstrad GX4000 TOSEC/Cross Snake Preview (2020-12-05)(Caruso, Fabrizio).zip</path><name>Cross Snake Preview (2020-12-05)(Caruso, Fabrizio)</name><image>~/../thumbs/Amstrad - GX4000/Named_Snaps/Cross Snake Preview (2020-12-05)(Caruso, Fabrizio).png</image><titleshot>~/../thumbs/Amstrad - GX4000/Named_Titles/Cross Snake Preview (2020-12-05)(Caruso, Fabrizio).png</titleshot><thumbnail>~/../thumbs/Amstrad - GX4000/Named_Boxarts/Cross Snake Preview (2020-12-05)(Caruso, Fabrizio).png</thumbnail><marquee>~/../thumbs/Amstrad - GX4000/Named_Logos/Cross Snake Preview (2020-12-05)(Caruso, Fabrizio).png</marquee></game>
<game><path>./Amstrad GX4000 TOSEC/Cross Snake v1.0 (2020-12-12)(Caruso, Fabrizio)[mode0].zip</path><name>Cross Snake v1.0 (2020-12-12)(Caruso, Fabrizio)[mode0]</name><image>~/../thumbs/Amstrad - GX4000/Named_Snaps/Cross Snake v1.0 (2020-12-12)(Caruso, Fabrizio)[mode0].png</image><titleshot>~/../thumbs/Amstrad - GX4000/Named_Titles/Cross Snake v1.0 (2020-12-12)(Caruso, Fabrizio)[mode0].png</titleshot><thumbnail>~/../thumbs/Amstrad - GX4000/Named_Boxarts/Cross Snake v1.0 (2020-12-12)(Caruso, Fabrizio)[mode0].png</thumbnail><marquee>~/../thumbs/Amstrad - GX4000/Named_Logos/Cross Snake v1.0 (2020-12-12)(Caruso, Fabrizio)[mode0].png</marquee></game>
<game><path>./Amstrad GX4000 TOSEC/Cross Snake v1.0 (2020-12-12)(Caruso, Fabrizio)[mode1][cpcrslib].zip</path><name>Cross Snake v1.0 (2020-12-12)(Caruso, Fabrizio)[mode1][cpcrslib]</name><image>~/../thumbs/Amstrad - GX4000/Named_Snaps/Cross Snake v1.0 (2020-12-12)(Caruso, Fabrizio)[mode1][cpcrslib].png</image><titleshot>~/../thumbs/Amstrad - GX4000/Named_Titles/Cross Snake v1.0 (2020-12-12)(Caruso, Fabrizio)[mode1][cpcrslib].png</titleshot><thumbnail>~/../thumbs/Amstrad - GX4000/Named_Boxarts/Cross Snake v1.0 (2020-12-12)(Caruso, Fabrizio)[mode1][cpcrslib].png</thumbnail><marquee>~/../thumbs/Amstrad - GX4000/Named_Logos/Cross Snake v1.0 (2020-12-12)(Caruso, Fabrizio)[mode1][cpcrslib].png</marquee></game>
<game><path>./Amstrad GX4000 TOSEC/Cross Snake v1.0 (2020-12-12)(Caruso, Fabrizio)[mode2].zip</path><name>Cross Snake v1.0 (2020-12-12)(Caruso, Fabrizio)[mode2]</name><image>~/../thumbs/Amstrad - GX4000/Named_Snaps/Cross Snake v1.0 (2020-12-12)(Caruso, Fabrizio)[mode2].png</image><titleshot>~/../thumbs/Amstrad - GX4000/Named_Titles/Cross Snake v1.0 (2020-12-12)(Caruso, Fabrizio)[mode2].png</titleshot><thumbnail>~/../thumbs/Amstrad - GX4000/Named_Boxarts/Cross Snake v1.0 (2020-12-12)(Caruso, Fabrizio)[mode2].png</thumbnail><marquee>~/../thumbs/Amstrad - GX4000/Named_Logos/Cross Snake v1.0 (2020-12-12)(Caruso, Fabrizio)[mode2].png</marquee></game>
<game><path>./Amstrad GX4000 TOSEC/Cross Snake v2.0 (2020-12-31)(Caruso, Fabrizio)[mode0].zip</path><name>Cross Snake v2.0 (2020-12-31)(Caruso, Fabrizio)[mode0]</name><image>~/../thumbs/Amstrad - GX4000/Named_Snaps/Cross Snake v2.0 (2020-12-31)(Caruso, Fabrizio)[mode0].png</image><titleshot>~/../thumbs/Amstrad - GX4000/Named_Titles/Cross Snake v2.0 (2020-12-31)(Caruso, Fabrizio)[mode0].png</titleshot><thumbnail>~/../thumbs/Amstrad - GX4000/Named_Boxarts/Cross Snake v2.0 (2020-12-31)(Caruso, Fabrizio)[mode0].png</thumbnail><marquee>~/../thumbs/Amstrad - GX4000/Named_Logos/Cross Snake v2.0 (2020-12-31)(Caruso, Fabrizio)[mode0].png</marquee></game>
<game><path>./Amstrad GX4000 TOSEC/Cross Snake v2.0 (2020-12-31)(Caruso, Fabrizio)[mode1][cpcrslib].zip</path><name>Cross Snake v2.0 (2020-12-31)(Caruso, Fabrizio)[mode1][cpcrslib]</name><image>~/../thumbs/Amstrad - GX4000/Named_Snaps/Cross Snake v2.0 (2020-12-31)(Caruso, Fabrizio)[mode1][cpcrslib].png</image><titleshot>~/../thumbs/Amstrad - GX4000/Named_Titles/Cross Snake v2.0 (2020-12-31)(Caruso, Fabrizio)[mode1][cpcrslib].png</titleshot><thumbnail>~/../thumbs/Amstrad - GX4000/Named_Boxarts/Cross Snake v2.0 (2020-12-31)(Caruso, Fabrizio)[mode1][cpcrslib].png</thumbnail><marquee>~/../thumbs/Amstrad - GX4000/Named_Logos/Cross Snake v2.0 (2020-12-31)(Caruso, Fabrizio)[mode1][cpcrslib].png</marquee></game>
<game><path>./Amstrad GX4000 TOSEC/Cross Snake v2.0 (2020-12-31)(Caruso, Fabrizio)[mode2].zip</path><name>Cross Snake v2.0 (2020-12-31)(Caruso, Fabrizio)[mode2]</name><image>~/../thumbs/Amstrad - GX4000/Named_Snaps/Cross Snake v2.0 (2020-12-31)(Caruso, Fabrizio)[mode2].png</image><titleshot>~/../thumbs/Amstrad - GX4000/Named_Titles/Cross Snake v2.0 (2020-12-31)(Caruso, Fabrizio)[mode2].png</titleshot><thumbnail>~/../thumbs/Amstrad - GX4000/Named_Boxarts/Cross Snake v2.0 (2020-12-31)(Caruso, Fabrizio)[mode2].png</thumbnail><marquee>~/../thumbs/Amstrad - GX4000/Named_Logos/Cross Snake v2.0 (2020-12-31)(Caruso, Fabrizio)[mode2].png</marquee></game>
<game><path>./Amstrad GX4000 TOSEC/Cross Trex (2024-09-25)(Caruso, Fabrizio)[mode0].zip</path><name>Cross Trex (2024-09-25)(Caruso, Fabrizio)[mode0]</name><image>~/../thumbs/Amstrad - GX4000/Named_Snaps/Cross Trex (2024-09-25)(Caruso, Fabrizio)[mode0].png</image><titleshot>~/../thumbs/Amstrad - GX4000/Named_Titles/Cross Trex (2024-09-25)(Caruso, Fabrizio)[mode0].png</titleshot><thumbnail>~/../thumbs/Amstrad - GX4000/Named_Boxarts/Cross Trex (2024-09-25)(Caruso, Fabrizio)[mode0].png</thumbnail><marquee>~/../thumbs/Amstrad - GX4000/Named_Logos/Cross Trex (2024-09-25)(Caruso, Fabrizio)[mode0].png</marquee></game>
<game><path>./Amstrad GX4000 TOSEC/Cross Verbix (2022-12-05)(Caruso, Fabrizio).zip</path><name>Cross Verbix (2022-12-05)(Caruso, Fabrizio)</name><image>~/../thumbs/Amstrad - GX4000/Named_Snaps/Cross Verbix (2022-12-05)(Caruso, Fabrizio).png</image><titleshot>~/../thumbs/Amstrad - GX4000/Named_Titles/Cross Verbix (2022-12-05)(Caruso, Fabrizio).png</titleshot><thumbnail>~/../thumbs/Amstrad - GX4000/Named_Boxarts/Cross Verbix (2022-12-05)(Caruso, Fabrizio).png</thumbnail><marquee>~/../thumbs/Amstrad - GX4000/Named_Logos/Cross Verbix (2022-12-05)(Caruso, Fabrizio).png</marquee></game>
<game><path>./Amstrad GX4000 TOSEC/Culotte de Zelda, La v3.2 (2022-07-05)(Zisquier)(fr).zip</path><name>Culotte de Zelda, La v3.2 (2022-07-05)(Zisquier)(fr)</name><image>~/../thumbs/Amstrad - GX4000/Named_Snaps/Culotte de Zelda, La v3.2 (2022-07-05)(Zisquier)(fr).png</image><titleshot>~/../thumbs/Amstrad - GX4000/Named_Titles/Culotte de Zelda, La v3.2 (2022-07-05)(Zisquier)(fr).png</titleshot><thumbnail>~/../thumbs/Amstrad - GX4000/Named_Boxarts/Culotte de Zelda, La v3.2 (2022-07-05)(Zisquier)(fr).png</thumbnail><marquee>~/../thumbs/Amstrad - GX4000/Named_Logos/Culotte de Zelda, La v3.2 (2022-07-05)(Zisquier)(fr).png</marquee></game>
<game><path>./Amstrad GX4000 TOSEC/Culotte de Zelda, La v3.2 (2022-07-05)(Zisquier).zip</path><name>Culotte de Zelda, La v3.2 (2022-07-05)(Zisquier)</name><image>~/../thumbs/Amstrad - GX4000/Named_Snaps/Culotte de Zelda, La v3.2 (2022-07-05)(Zisquier).png</image><titleshot>~/../thumbs/Amstrad - GX4000/Named_Titles/Culotte de Zelda, La v3.2 (2022-07-05)(Zisquier).png</titleshot><thumbnail>~/../thumbs/Amstrad - GX4000/Named_Boxarts/Culotte de Zelda, La v3.2 (2022-07-05)(Zisquier).png</thumbnail><marquee>~/../thumbs/Amstrad - GX4000/Named_Logos/Culotte de Zelda, La v3.2 (2022-07-05)(Zisquier).png</marquee></game>
<game><path>./Amstrad GX4000 TOSEC/Dawn of Kernel, The v1.0.1 (2018-08-23)(Martínez, Juan J.).zip</path><name>Dawn of Kernel, The v1.0.1 (2018-08-23)(Martínez, Juan J.)</name><image>~/../thumbs/Amstrad - GX4000/Named_Snaps/Dawn of Kernel, The v1.0.1 (2018-08-23)(Martínez, Juan J.).png</image><titleshot>~/../thumbs/Amstrad - GX4000/Named_Titles/Dawn of Kernel, The v1.0.1 (2018-08-23)(Martínez, Juan J.).png</titleshot><thumbnail>~/../thumbs/Amstrad - GX4000/Named_Boxarts/Dawn of Kernel, The v1.0.1 (2018-08-23)(Martínez, Juan J.).png</thumbnail><marquee>~/../thumbs/Amstrad - GX4000/Named_Logos/Dawn of Kernel, The v1.0.1 (2018-08-23)(Martínez, Juan J.).png</marquee></game>
<game><path>./Amstrad GX4000 TOSEC/Domino (2024-05-02)(ShaCPC)(es).zip</path><name>Domino (2024-05-02)(ShaCPC)(es)</name><image>~/../thumbs/Amstrad - GX4000/Named_Snaps/Domino (2024-05-02)(ShaCPC)(es).png</image><titleshot>~/../thumbs/Amstrad - GX4000/Named_Titles/Domino (2024-05-02)(ShaCPC)(es).png</titleshot><thumbnail>~/../thumbs/Amstrad - GX4000/Named_Boxarts/Domino (2024-05-02)(ShaCPC)(es).png</thumbnail><marquee>~/../thumbs/Amstrad - GX4000/Named_Logos/Domino (2024-05-02)(ShaCPC)(es).png</marquee></game>
<game><path>./Amstrad GX4000 TOSEC/Domino (2024-05-02)(ShaCPC).zip</path><name>Domino (2024-05-02)(ShaCPC)</name><image>~/../thumbs/Amstrad - GX4000/Named_Snaps/Domino (2024-05-02)(ShaCPC).png</image><titleshot>~/../thumbs/Amstrad - GX4000/Named_Titles/Domino (2024-05-02)(ShaCPC).png</titleshot><thumbnail>~/../thumbs/Amstrad - GX4000/Named_Boxarts/Domino (2024-05-02)(ShaCPC).png</thumbnail><marquee>~/../thumbs/Amstrad - GX4000/Named_Logos/Domino (2024-05-02)(ShaCPC).png</marquee></game>
<game><path>./Amstrad GX4000 TOSEC/Foggy's Quest (2024-02-24)(AYOR61).zip</path><name>Foggy's Quest (2024-02-24)(AYOR61)</name><image>~/../thumbs/Amstrad - GX4000/Named_Snaps/Foggy's Quest (2024-02-24)(AYOR61).png</image><titleshot>~/../thumbs/Amstrad - GX4000/Named_Titles/Foggy's Quest (2024-02-24)(AYOR61).png</titleshot><thumbnail>~/../thumbs/Amstrad - GX4000/Named_Boxarts/Foggy's Quest (2024-02-24)(AYOR61).png</thumbnail><marquee>~/../thumbs/Amstrad - GX4000/Named_Logos/Foggy's Quest (2024-02-24)(AYOR61).png</marquee></game>
<game><path>./Amstrad GX4000 TOSEC/Foggy's Quest (2024-02-24)(AYOR61)[CPC+ colors - smooth].zip</path><name>Foggy's Quest (2024-02-24)(AYOR61)[CPC+ colors - smooth]</name><image>~/../thumbs/Amstrad - GX4000/Named_Snaps/Foggy's Quest (2024-02-24)(AYOR61)[CPC+ colors - smooth].png</image><titleshot>~/../thumbs/Amstrad - GX4000/Named_Titles/Foggy's Quest (2024-02-24)(AYOR61)[CPC+ colors - smooth].png</titleshot><thumbnail>~/../thumbs/Amstrad - GX4000/Named_Boxarts/Foggy's Quest (2024-02-24)(AYOR61)[CPC+ colors - smooth].png</thumbnail><marquee>~/../thumbs/Amstrad - GX4000/Named_Logos/Foggy's Quest (2024-02-24)(AYOR61)[CPC+ colors - smooth].png</marquee></game>
<game><path>./Amstrad GX4000 TOSEC/Galastrad v3.0 (2024-05-07)(AYOR61).zip</path><name>Galastrad v3.0 (2024-05-07)(AYOR61)</name><image>~/../thumbs/Amstrad - GX4000/Named_Snaps/Galastrad v3.0 (2024-05-07)(AYOR61).png</image><titleshot>~/../thumbs/Amstrad - GX4000/Named_Titles/Galastrad v3.0 (2024-05-07)(AYOR61).png</titleshot><thumbnail>~/../thumbs/Amstrad - GX4000/Named_Boxarts/Galastrad v3.0 (2024-05-07)(AYOR61).png</thumbnail><marquee>~/../thumbs/Amstrad - GX4000/Named_Logos/Galastrad v3.0 (2024-05-07)(AYOR61).png</marquee></game>
<game><path>./Amstrad GX4000 TOSEC/Ghost Trick - Delirium Edition (2023-10-21)(AYOR61).zip</path><name>Ghost Trick - Delirium Edition (2023-10-21)(AYOR61)</name><image>~/../thumbs/Amstrad - GX4000/Named_Snaps/Ghost Trick - Delirium Edition (2023-10-21)(AYOR61).png</image><titleshot>~/../thumbs/Amstrad - GX4000/Named_Titles/Ghost Trick - Delirium Edition (2023-10-21)(AYOR61).png</titleshot><thumbnail>~/../thumbs/Amstrad - GX4000/Named_Boxarts/Ghost Trick - Delirium Edition (2023-10-21)(AYOR61).png</thumbnail><marquee>~/../thumbs/Amstrad - GX4000/Named_Logos/Ghost Trick - Delirium Edition (2023-10-21)(AYOR61).png</marquee></game>
<game><path>./Amstrad GX4000 TOSEC/Ghost Trick v2.0 (2023-09-17)(AYOR61).zip</path><name>Ghost Trick v2.0 (2023-09-17)(AYOR61)</name><image>~/../thumbs/Amstrad - GX4000/Named_Snaps/Ghost Trick v2.0 (2023-09-17)(AYOR61).png</image><titleshot>~/../thumbs/Amstrad - GX4000/Named_Titles/Ghost Trick v2.0 (2023-09-17)(AYOR61).png</titleshot><thumbnail>~/../thumbs/Amstrad - GX4000/Named_Boxarts/Ghost Trick v2.0 (2023-09-17)(AYOR61).png</thumbnail><marquee>~/../thumbs/Amstrad - GX4000/Named_Logos/Ghost Trick v2.0 (2023-09-17)(AYOR61).png</marquee></game>
<game><path>./Amstrad GX4000 TOSEC/Goldorak Versus (2023-03-27)(Zisquier)(fr).zip</path><name>Goldorak Versus (2023-03-27)(Zisquier)(fr)</name><image>~/../thumbs/Amstrad - GX4000/Named_Snaps/Goldorak Versus (2023-03-27)(Zisquier)(fr).png</image><titleshot>~/../thumbs/Amstrad - GX4000/Named_Titles/Goldorak Versus (2023-03-27)(Zisquier)(fr).png</titleshot><thumbnail>~/../thumbs/Amstrad - GX4000/Named_Boxarts/Goldorak Versus (2023-03-27)(Zisquier)(fr).png</thumbnail><marquee>~/../thumbs/Amstrad - GX4000/Named_Logos/Goldorak Versus (2023-03-27)(Zisquier)(fr).png</marquee></game>
<game><path>./Amstrad GX4000 TOSEC/Goldorak v0.1 (2023)(Zisquier)[Crocofest].zip</path><name>Goldorak v0.1 (2023)(Zisquier)[Crocofest]</name><image>~/../thumbs/Amstrad - GX4000/Named_Snaps/Goldorak v0.1 (2023)(Zisquier)[Crocofest].png</image><titleshot>~/../thumbs/Amstrad - GX4000/Named_Titles/Goldorak v0.1 (2023)(Zisquier)[Crocofest].png</titleshot><thumbnail>~/../thumbs/Amstrad - GX4000/Named_Boxarts/Goldorak v0.1 (2023)(Zisquier)[Crocofest].png</thumbnail><marquee>~/../thumbs/Amstrad - GX4000/Named_Logos/Goldorak v0.1 (2023)(Zisquier)[Crocofest].png</marquee></game>
<game><path>./Amstrad GX4000 TOSEC/Goldorak v3.3.1 (2024-06-05)(Zisquier).zip</path><name>Goldorak v3.3.1 (2024-06-05)(Zisquier)</name><image>~/../thumbs/Amstrad - GX4000/Named_Snaps/Goldorak v3.3.1 (2024-06-05)(Zisquier).png</image><titleshot>~/../thumbs/Amstrad - GX4000/Named_Titles/Goldorak v3.3.1 (2024-06-05)(Zisquier).png</titleshot><thumbnail>~/../thumbs/Amstrad - GX4000/Named_Boxarts/Goldorak v3.3.1 (2024-06-05)(Zisquier).png</thumbnail><marquee>~/../thumbs/Amstrad - GX4000/Named_Logos/Goldorak v3.3.1 (2024-06-05)(Zisquier).png</marquee></game>
<game><path>./Amstrad GX4000 TOSEC/Heart of Salamanderland, The v1.0.3 (2024-06-23)(Martínez, Juan J.).zip</path><name>Heart of Salamanderland, The v1.0.3 (2024-06-23)(Martínez, Juan J.)</name><image>~/../thumbs/Amstrad - GX4000/Named_Snaps/Heart of Salamanderland, The v1.0.3 (2024-06-23)(Martínez, Juan J.).png</image><titleshot>~/../thumbs/Amstrad - GX4000/Named_Titles/Heart of Salamanderland, The v1.0.3 (2024-06-23)(Martínez, Juan J.).png</titleshot><thumbnail>~/../thumbs/Amstrad - GX4000/Named_Boxarts/Heart of Salamanderland, The v1.0.3 (2024-06-23)(Martínez, Juan J.).png</thumbnail><marquee>~/../thumbs/Amstrad - GX4000/Named_Logos/Heart of Salamanderland, The v1.0.3 (2024-06-23)(Martínez, Juan J.).png</marquee></game>
<game><path>./Amstrad GX4000 TOSEC/Heroes Rescue (2020-01-13)(Defecto Digital Studios)(es).zip</path><name>Heroes Rescue (2020-01-13)(Defecto Digital Studios)(es)</name><image>~/../thumbs/Amstrad - GX4000/Named_Snaps/Heroes Rescue (2020-01-13)(Defecto Digital Studios)(es).png</image><titleshot>~/../thumbs/Amstrad - GX4000/Named_Titles/Heroes Rescue (2020-01-13)(Defecto Digital Studios)(es).png</titleshot><thumbnail>~/../thumbs/Amstrad - GX4000/Named_Boxarts/Heroes Rescue (2020-01-13)(Defecto Digital Studios)(es).png</thumbnail><marquee>~/../thumbs/Amstrad - GX4000/Named_Logos/Heroes Rescue (2020-01-13)(Defecto Digital Studios)(es).png</marquee></game>
<game><path>./Amstrad GX4000 TOSEC/Hyperdrive v1.0.1 (2022-12-10)(Martínez, Juan J.).zip</path><name>Hyperdrive v1.0.1 (2022-12-10)(Martínez, Juan J.)</name><image>~/../thumbs/Amstrad - GX4000/Named_Snaps/Hyperdrive v1.0.1 (2022-12-10)(Martínez, Juan J.).png</image><titleshot>~/../thumbs/Amstrad - GX4000/Named_Titles/Hyperdrive v1.0.1 (2022-12-10)(Martínez, Juan J.).png</titleshot><thumbnail>~/../thumbs/Amstrad - GX4000/Named_Boxarts/Hyperdrive v1.0.1 (2022-12-10)(Martínez, Juan J.).png</thumbnail><marquee>~/../thumbs/Amstrad - GX4000/Named_Logos/Hyperdrive v1.0.1 (2022-12-10)(Martínez, Juan J.).png</marquee></game>
<game><path>./Amstrad GX4000 TOSEC/Kung Fu Master GX4000 Reskin 2023 v3 (2023-11-26)(AYOR61).zip</path><name>Kung Fu Master GX4000 Reskin 2023 v3 (2023-11-26)(AYOR61)</name><image>~/../thumbs/Amstrad - GX4000/Named_Snaps/Kung Fu Master GX4000 Reskin 2023 v3 (2023-11-26)(AYOR61).png</image><titleshot>~/../thumbs/Amstrad - GX4000/Named_Titles/Kung Fu Master GX4000 Reskin 2023 v3 (2023-11-26)(AYOR61).png</titleshot><thumbnail>~/../thumbs/Amstrad - GX4000/Named_Boxarts/Kung Fu Master GX4000 Reskin 2023 v3 (2023-11-26)(AYOR61).png</thumbnail><marquee>~/../thumbs/Amstrad - GX4000/Named_Logos/Kung Fu Master GX4000 Reskin 2023 v3 (2023-11-26)(AYOR61).png</marquee></game>
<game><path>./Amstrad GX4000 TOSEC/Mandarin 2, The - Limoncello's Revenge (2024-01-20)(mananuk).zip</path><name>Mandarin 2, The - Limoncello's Revenge (2024-01-20)(mananuk)</name><image>~/../thumbs/Amstrad - GX4000/Named_Snaps/Mandarin 2, The - Limoncello's Revenge (2024-01-20)(mananuk).png</image><titleshot>~/../thumbs/Amstrad - GX4000/Named_Titles/Mandarin 2, The - Limoncello's Revenge (2024-01-20)(mananuk).png</titleshot><thumbnail>~/../thumbs/Amstrad - GX4000/Named_Boxarts/Mandarin 2, The - Limoncello's Revenge (2024-01-20)(mananuk).png</thumbnail><marquee>~/../thumbs/Amstrad - GX4000/Named_Logos/Mandarin 2, The - Limoncello's Revenge (2024-01-20)(mananuk).png</marquee></game>
<game><path>./Amstrad GX4000 TOSEC/Masarat Khatira (2024-07-14)(altanerus dog)(es).zip</path><name>Masarat Khatira (2024-07-14)(altanerus dog)(es)</name><image>~/../thumbs/Amstrad - GX4000/Named_Snaps/Masarat Khatira (2024-07-14)(altanerus dog)(es).png</image><titleshot>~/../thumbs/Amstrad - GX4000/Named_Titles/Masarat Khatira (2024-07-14)(altanerus dog)(es).png</titleshot><thumbnail>~/../thumbs/Amstrad - GX4000/Named_Boxarts/Masarat Khatira (2024-07-14)(altanerus dog)(es).png</thumbnail><marquee>~/../thumbs/Amstrad - GX4000/Named_Logos/Masarat Khatira (2024-07-14)(altanerus dog)(es).png</marquee></game>
<game><path>./Amstrad GX4000 TOSEC/Masarat Khatira (2024-07-14)(altanerus dog)(es)[t +1][infinite lives].zip</path><name>Masarat Khatira (2024-07-14)(altanerus dog)(es)[t +1][infinite lives]</name><image>~/../thumbs/Amstrad - GX4000/Named_Snaps/Masarat Khatira (2024-07-14)(altanerus dog)(es)[t +1][infinite lives].png</image><titleshot>~/../thumbs/Amstrad - GX4000/Named_Titles/Masarat Khatira (2024-07-14)(altanerus dog)(es)[t +1][infinite lives].png</titleshot><thumbnail>~/../thumbs/Amstrad - GX4000/Named_Boxarts/Masarat Khatira (2024-07-14)(altanerus dog)(es)[t +1][infinite lives].png</thumbnail><marquee>~/../thumbs/Amstrad - GX4000/Named_Logos/Masarat Khatira (2024-07-14)(altanerus dog)(es)[t +1][infinite lives].png</marquee><hidden>true</hidden></game>
<game><path>./Amstrad GX4000 TOSEC/Masarat Khatira (2024-07-14)(altanerus dog).zip</path><name>Masarat Khatira (2024-07-14)(altanerus dog)</name><image>~/../thumbs/Amstrad - GX4000/Named_Snaps/Masarat Khatira (2024-07-14)(altanerus dog).png</image><titleshot>~/../thumbs/Amstrad - GX4000/Named_Titles/Masarat Khatira (2024-07-14)(altanerus dog).png</titleshot><thumbnail>~/../thumbs/Amstrad - GX4000/Named_Boxarts/Masarat Khatira (2024-07-14)(altanerus dog).png</thumbnail><marquee>~/../thumbs/Amstrad - GX4000/Named_Logos/Masarat Khatira (2024-07-14)(altanerus dog).png</marquee></game>
<game><path>./Amstrad GX4000 TOSEC/Masarat Khatira (2024-07-14)(altanerus dog)[t +1][infinite lives].zip</path><name>Masarat Khatira (2024-07-14)(altanerus dog)[t +1][infinite lives]</name><image>~/../thumbs/Amstrad - GX4000/Named_Snaps/Masarat Khatira (2024-07-14)(altanerus dog)[t +1][infinite lives].png</image><titleshot>~/../thumbs/Amstrad - GX4000/Named_Titles/Masarat Khatira (2024-07-14)(altanerus dog)[t +1][infinite lives].png</titleshot><thumbnail>~/../thumbs/Amstrad - GX4000/Named_Boxarts/Masarat Khatira (2024-07-14)(altanerus dog)[t +1][infinite lives].png</thumbnail><marquee>~/../thumbs/Amstrad - GX4000/Named_Logos/Masarat Khatira (2024-07-14)(altanerus dog)[t +1][infinite lives].png</marquee><hidden>true</hidden></game>
<game><path>./Amstrad GX4000 TOSEC/Missile Command (2022)(Ayor61 - TITAN)(FR).zip</path><name>Missile Command (2022)(Ayor61 - TITAN)(FR)</name><image>~/../thumbs/Amstrad - GX4000/Named_Snaps/Missile Command (2022)(Ayor61 - TITAN)(FR).png</image><titleshot>~/../thumbs/Amstrad - GX4000/Named_Titles/Missile Command (2022)(Ayor61 - TITAN)(FR).png</titleshot><thumbnail>~/../thumbs/Amstrad - GX4000/Named_Boxarts/Missile Command (2022)(Ayor61 - TITAN)(FR).png</thumbnail><marquee>~/../thumbs/Amstrad - GX4000/Named_Logos/Missile Command (2022)(Ayor61 - TITAN)(FR).png</marquee></game>
<game><path>./Amstrad GX4000 TOSEC/Octopus (2023-07-11)(Zisquier)(FR).zip</path><name>Octopus (2023-07-11)(Zisquier)(FR)</name><image>~/../thumbs/Amstrad - GX4000/Named_Snaps/Octopus (2023-07-11)(Zisquier)(FR).png</image><titleshot>~/../thumbs/Amstrad - GX4000/Named_Titles/Octopus (2023-07-11)(Zisquier)(FR).png</titleshot><thumbnail>~/../thumbs/Amstrad - GX4000/Named_Boxarts/Octopus (2023-07-11)(Zisquier)(FR).png</thumbnail><marquee>~/../thumbs/Amstrad - GX4000/Named_Logos/Octopus (2023-07-11)(Zisquier)(FR).png</marquee></game>
<game><path>./Amstrad GX4000 TOSEC/Octopus 21 (2023-11-25)(AYOR61).zip</path><name>Octopus 21 (2023-11-25)(AYOR61)</name><image>~/../thumbs/Amstrad - GX4000/Named_Snaps/Octopus 21 (2023-11-25)(AYOR61).png</image><titleshot>~/../thumbs/Amstrad - GX4000/Named_Titles/Octopus 21 (2023-11-25)(AYOR61).png</titleshot><thumbnail>~/../thumbs/Amstrad - GX4000/Named_Boxarts/Octopus 21 (2023-11-25)(AYOR61).png</thumbnail><marquee>~/../thumbs/Amstrad - GX4000/Named_Logos/Octopus 21 (2023-11-25)(AYOR61).png</marquee></game>
<game><path>./Amstrad GX4000 TOSEC/Prospector v2.0 (2024-01-22)(AYOR61).zip</path><name>Prospector v2.0 (2024-01-22)(AYOR61)</name><image>~/../thumbs/Amstrad - GX4000/Named_Snaps/Prospector v2.0 (2024-01-22)(AYOR61).png</image><titleshot>~/../thumbs/Amstrad - GX4000/Named_Titles/Prospector v2.0 (2024-01-22)(AYOR61).png</titleshot><thumbnail>~/../thumbs/Amstrad - GX4000/Named_Boxarts/Prospector v2.0 (2024-01-22)(AYOR61).png</thumbnail><marquee>~/../thumbs/Amstrad - GX4000/Named_Logos/Prospector v2.0 (2024-01-22)(AYOR61).png</marquee></game>
<game><path>./Amstrad GX4000 TOSEC/Rigor Mortis (2023-07-20)(Churrosoft)(ES)(en).zip</path><name>Rigor Mortis (2023-07-20)(Churrosoft)(ES)(en)</name><image>~/../thumbs/Amstrad - GX4000/Named_Snaps/Rigor Mortis (2023-07-20)(Churrosoft)(ES)(en).png</image><titleshot>~/../thumbs/Amstrad - GX4000/Named_Titles/Rigor Mortis (2023-07-20)(Churrosoft)(ES)(en).png</titleshot><thumbnail>~/../thumbs/Amstrad - GX4000/Named_Boxarts/Rigor Mortis (2023-07-20)(Churrosoft)(ES)(en).png</thumbnail><marquee>~/../thumbs/Amstrad - GX4000/Named_Logos/Rigor Mortis (2023-07-20)(Churrosoft)(ES)(en).png</marquee></game>
<game><path>./Amstrad GX4000 TOSEC/Rigor Mortis (2023-07-20)(Churrosoft)(ES).zip</path><name>Rigor Mortis (2023-07-20)(Churrosoft)(ES)</name><image>~/../thumbs/Amstrad - GX4000/Named_Snaps/Rigor Mortis (2023-07-20)(Churrosoft)(ES).png</image><titleshot>~/../thumbs/Amstrad - GX4000/Named_Titles/Rigor Mortis (2023-07-20)(Churrosoft)(ES).png</titleshot><thumbnail>~/../thumbs/Amstrad - GX4000/Named_Boxarts/Rigor Mortis (2023-07-20)(Churrosoft)(ES).png</thumbnail><marquee>~/../thumbs/Amstrad - GX4000/Named_Logos/Rigor Mortis (2023-07-20)(Churrosoft)(ES).png</marquee></game>
<game><path>./Amstrad GX4000 TOSEC/Shuriken (2023-06-30)(Caruso, Fabrizio)[mode0].zip</path><name>Shuriken (2023-06-30)(Caruso, Fabrizio)[mode0]</name><image>~/../thumbs/Amstrad - GX4000/Named_Snaps/Shuriken (2023-06-30)(Caruso, Fabrizio)[mode0].png</image><titleshot>~/../thumbs/Amstrad - GX4000/Named_Titles/Shuriken (2023-06-30)(Caruso, Fabrizio)[mode0].png</titleshot><thumbnail>~/../thumbs/Amstrad - GX4000/Named_Boxarts/Shuriken (2023-06-30)(Caruso, Fabrizio)[mode0].png</thumbnail><marquee>~/../thumbs/Amstrad - GX4000/Named_Logos/Shuriken (2023-06-30)(Caruso, Fabrizio)[mode0].png</marquee></game>
<game><path>./Amstrad GX4000 TOSEC/Space Cowboy in Lost Planet (2020-11-15)(Voxel Tower).zip</path><name>Space Cowboy in Lost Planet (2020-11-15)(Voxel Tower)</name><image>~/../thumbs/Amstrad - GX4000/Named_Snaps/Space Cowboy in Lost Planet (2020-11-15)(Voxel Tower).png</image><titleshot>~/../thumbs/Amstrad - GX4000/Named_Titles/Space Cowboy in Lost Planet (2020-11-15)(Voxel Tower).png</titleshot><thumbnail>~/../thumbs/Amstrad - GX4000/Named_Boxarts/Space Cowboy in Lost Planet (2020-11-15)(Voxel Tower).png</thumbnail><marquee>~/../thumbs/Amstrad - GX4000/Named_Logos/Space Cowboy in Lost Planet (2020-11-15)(Voxel Tower).png</marquee></game>
<game><path>./Amstrad GX4000 TOSEC/Stinger (2023-10-08)(Caruso, Fabrizio)[XXX].zip</path><name>Stinger (2023-10-08)(Caruso, Fabrizio)[XXX]</name><image>~/../thumbs/Amstrad - GX4000/Named_Snaps/Stinger (2023-10-08)(Caruso, Fabrizio)[XXX].png</image><titleshot>~/../thumbs/Amstrad - GX4000/Named_Titles/Stinger (2023-10-08)(Caruso, Fabrizio)[XXX].png</titleshot><thumbnail>~/../thumbs/Amstrad - GX4000/Named_Boxarts/Stinger (2023-10-08)(Caruso, Fabrizio)[XXX].png</thumbnail><marquee>~/../thumbs/Amstrad - GX4000/Named_Logos/Stinger (2023-10-08)(Caruso, Fabrizio)[XXX].png</marquee></game>
<game><path>./Amstrad GX4000 TOSEC/Stinger (2023-10-08)(Caruso, Fabrizio)[mode0].zip</path><name>Stinger (2023-10-08)(Caruso, Fabrizio)[mode0]</name><image>~/../thumbs/Amstrad - GX4000/Named_Snaps/Stinger (2023-10-08)(Caruso, Fabrizio)[mode0].png</image><titleshot>~/../thumbs/Amstrad - GX4000/Named_Titles/Stinger (2023-10-08)(Caruso, Fabrizio)[mode0].png</titleshot><thumbnail>~/../thumbs/Amstrad - GX4000/Named_Boxarts/Stinger (2023-10-08)(Caruso, Fabrizio)[mode0].png</thumbnail><marquee>~/../thumbs/Amstrad - GX4000/Named_Logos/Stinger (2023-10-08)(Caruso, Fabrizio)[mode0].png</marquee></game>
<game><path>./Amstrad GX4000 TOSEC/Stinger (2023-10-08)(Caruso, Fabrizio)[mode2].zip</path><name>Stinger (2023-10-08)(Caruso, Fabrizio)[mode2]</name><image>~/../thumbs/Amstrad - GX4000/Named_Snaps/Stinger (2023-10-08)(Caruso, Fabrizio)[mode2].png</image><titleshot>~/../thumbs/Amstrad - GX4000/Named_Titles/Stinger (2023-10-08)(Caruso, Fabrizio)[mode2].png</titleshot><thumbnail>~/../thumbs/Amstrad - GX4000/Named_Boxarts/Stinger (2023-10-08)(Caruso, Fabrizio)[mode2].png</thumbnail><marquee>~/../thumbs/Amstrad - GX4000/Named_Logos/Stinger (2023-10-08)(Caruso, Fabrizio)[mode2].png</marquee></game>
<game><path>./Amstrad GX4000 TOSEC/Stinger (2023-10-11)(Caruso, Fabrizio)[mode0].zip</path><name>Stinger (2023-10-11)(Caruso, Fabrizio)[mode0]</name><image>~/../thumbs/Amstrad - GX4000/Named_Snaps/Stinger (2023-10-11)(Caruso, Fabrizio)[mode0].png</image><titleshot>~/../thumbs/Amstrad - GX4000/Named_Titles/Stinger (2023-10-11)(Caruso, Fabrizio)[mode0].png</titleshot><thumbnail>~/../thumbs/Amstrad - GX4000/Named_Boxarts/Stinger (2023-10-11)(Caruso, Fabrizio)[mode0].png</thumbnail><marquee>~/../thumbs/Amstrad - GX4000/Named_Logos/Stinger (2023-10-11)(Caruso, Fabrizio)[mode0].png</marquee></game>
<game><path>./Amstrad GX4000 TOSEC/Tenebra (2022-12-07)(Haplo)(AU).zip</path><name>Tenebra (2022-12-07)(Haplo)(AU)</name><image>~/../thumbs/Amstrad - GX4000/Named_Snaps/Tenebra (2022-12-07)(Haplo)(AU).png</image><titleshot>~/../thumbs/Amstrad - GX4000/Named_Titles/Tenebra (2022-12-07)(Haplo)(AU).png</titleshot><thumbnail>~/../thumbs/Amstrad - GX4000/Named_Boxarts/Tenebra (2022-12-07)(Haplo)(AU).png</thumbnail><marquee>~/../thumbs/Amstrad - GX4000/Named_Logos/Tenebra (2022-12-07)(Haplo)(AU).png</marquee></game>
<game><path>./Amstrad GX4000 TOSEC/Tenebra 2 (2023-11-07)(Haplo).zip</path><name>Tenebra 2 (2023-11-07)(Haplo)</name><image>~/../thumbs/Amstrad - GX4000/Named_Snaps/Tenebra 2 (2023-11-07)(Haplo).png</image><titleshot>~/../thumbs/Amstrad - GX4000/Named_Titles/Tenebra 2 (2023-11-07)(Haplo).png</titleshot><thumbnail>~/../thumbs/Amstrad - GX4000/Named_Boxarts/Tenebra 2 (2023-11-07)(Haplo).png</thumbnail><marquee>~/../thumbs/Amstrad - GX4000/Named_Logos/Tenebra 2 (2023-11-07)(Haplo).png</marquee></game>
<game><path>./Amstrad GX4000 TOSEC/Tenebra 2 (2023-11-07)(Haplo)[noflicker].zip</path><name>Tenebra 2 (2023-11-07)(Haplo)[noflicker]</name><image>~/../thumbs/Amstrad - GX4000/Named_Snaps/Tenebra 2 (2023-11-07)(Haplo)[noflicker].png</image><titleshot>~/../thumbs/Amstrad - GX4000/Named_Titles/Tenebra 2 (2023-11-07)(Haplo)[noflicker].png</titleshot><thumbnail>~/../thumbs/Amstrad - GX4000/Named_Boxarts/Tenebra 2 (2023-11-07)(Haplo)[noflicker].png</thumbnail><marquee>~/../thumbs/Amstrad - GX4000/Named_Logos/Tenebra 2 (2023-11-07)(Haplo)[noflicker].png</marquee></game>
<folder><path>./Amstrad GX4000 TOSEC</path><name>Amstrad GX4000 TOSEC</name><image>~/../thumb/gx4000.png</image></folder>
</gameList>
