<gameList>
<game><path>./Amstrad GX4000 TOSEC/Baba's Palace (2018)(4MHz - dragon)(ES).zip</path><name>Baba's Palace (2018)(4MHz - dragon)(ES)</name><image>~/../thumbs/Amstrad - GX4000/Named_Snaps/Baba's Palace (2018).png</image><titleshot>~/../thumbs/Amstrad - GX4000/Named_Titles/Baba's Palace (2018).png</titleshot><thumbnail>~/../thumbs/Amstrad - GX4000/Named_Boxarts/Baba's Palace (2018).png</thumbnail><marquee>~/../thumbs/Amstrad - GX4000/Named_Logos/Baba's Palace (2018).png</marquee></game>
<game><path>./Amstrad GX4000 TOSEC/Blinky's Scary School v1.3 (2023-01-31)(Zisquier).zip</path><name>Blinky's Scary School v1.3 (2023-01-31)(Zisquier)</name><image>~/../thumbs/Amstrad - GX4000/Named_Snaps/Blinky's Scary School v1.3 (2023-01-31).png</image><titleshot>~/../thumbs/Amstrad - GX4000/Named_Titles/Blinky's Scary School v1.3 (2023-01-31).png</titleshot><thumbnail>~/../thumbs/Amstrad - GX4000/Named_Boxarts/Blinky's Scary School v1.3 (2023-01-31).png</thumbnail><marquee>~/../thumbs/Amstrad - GX4000/Named_Logos/Blinky's Scary School v1.3 (2023-01-31).png</marquee></game>
<game><path>./Amstrad GX4000 TOSEC/Brick Rick v1.0.1 (2020-10-07)(Martínez, Juan J.).zip</path><name>Brick Rick v1.0.1 (2020-10-07)(Martínez, Juan J.)</name><image>~/../thumbs/Amstrad - GX4000/Named_Snaps/Brick Rick v1.0.1 (2020-10-07).png</image><titleshot>~/../thumbs/Amstrad - GX4000/Named_Titles/Brick Rick v1.0.1 (2020-10-07).png</titleshot><thumbnail>~/../thumbs/Amstrad - GX4000/Named_Boxarts/Brick Rick v1.0.1 (2020-10-07).png</thumbnail><marquee>~/../thumbs/Amstrad - GX4000/Named_Logos/Brick Rick v1.0.1 (2020-10-07).png</marquee></game>
<game><path>./Amstrad GX4000 TOSEC/CPC Soccer Community Edition (2021-01-04)(Voxel Tower).zip</path><name>CPC Soccer Community Edition (2021-01-04)(Voxel Tower)</name><image>~/../thumbs/Amstrad - GX4000/Named_Snaps/CPC Soccer Community Edition (2021-01-04).png</image><titleshot>~/../thumbs/Amstrad - GX4000/Named_Titles/CPC Soccer Community Edition (2021-01-04).png</titleshot><thumbnail>~/../thumbs/Amstrad - GX4000/Named_Boxarts/CPC Soccer Community Edition (2021-01-04).png</thumbnail><marquee>~/../thumbs/Amstrad - GX4000/Named_Logos/CPC Soccer Community Edition (2021-01-04).png</marquee></game>
<game><path>./Amstrad GX4000 TOSEC/Chloe Aprende a Reciclar (2023-07-20)(Churrosoft)(ES).zip</path><name>Chloe Aprende a Reciclar (2023-07-20)(Churrosoft)(ES)</name><image>~/../thumbs/Amstrad - GX4000/Named_Snaps/Chloe Aprende a Reciclar (2023-07-20).png</image><titleshot>~/../thumbs/Amstrad - GX4000/Named_Titles/Chloe Aprende a Reciclar (2023-07-20).png</titleshot><thumbnail>~/../thumbs/Amstrad - GX4000/Named_Boxarts/Chloe Aprende a Reciclar (2023-07-20).png</thumbnail><marquee>~/../thumbs/Amstrad - GX4000/Named_Logos/Chloe Aprende a Reciclar (2023-07-20).png</marquee></game>
<game><path>./Amstrad GX4000 TOSEC/Cross Bomber (2020-08-26)(Caruso, Fabrizio).zip</path><name>Cross Bomber (2020-08-26)(Caruso, Fabrizio)</name><image>~/../thumbs/Amstrad - GX4000/Named_Snaps/Cross Bomber (2020-08-26).png</image><titleshot>~/../thumbs/Amstrad - GX4000/Named_Titles/Cross Bomber (2020-08-26).png</titleshot><thumbnail>~/../thumbs/Amstrad - GX4000/Named_Boxarts/Cross Bomber (2020-08-26).png</thumbnail><marquee>~/../thumbs/Amstrad - GX4000/Named_Logos/Cross Bomber (2020-08-26).png</marquee></game>
<game><path>./Amstrad GX4000 TOSEC/Cross Bomber (2021-05-13)(Caruso, Fabrizio).zip</path><name>Cross Bomber (2021-05-13)(Caruso, Fabrizio)</name><image>~/../thumbs/Amstrad - GX4000/Named_Snaps/Cross Bomber (2021-05-13).png</image><titleshot>~/../thumbs/Amstrad - GX4000/Named_Titles/Cross Bomber (2021-05-13).png</titleshot><thumbnail>~/../thumbs/Amstrad - GX4000/Named_Boxarts/Cross Bomber (2021-05-13).png</thumbnail><marquee>~/../thumbs/Amstrad - GX4000/Named_Logos/Cross Bomber (2021-05-13).png</marquee></game>
<game><path>./Amstrad GX4000 TOSEC/Cross Chase (2018-04-15)(Caruso, Fabrizio).zip</path><name>Cross Chase (2018-04-15)(Caruso, Fabrizio)</name><image>~/../thumbs/Amstrad - GX4000/Named_Snaps/Cross Chase (2018-04-15).png</image><titleshot>~/../thumbs/Amstrad - GX4000/Named_Titles/Cross Chase (2018-04-15).png</titleshot><thumbnail>~/../thumbs/Amstrad - GX4000/Named_Boxarts/Cross Chase (2018-04-15).png</thumbnail><marquee>~/../thumbs/Amstrad - GX4000/Named_Logos/Cross Chase (2018-04-15).png</marquee></game>
<game><path>./Amstrad GX4000 TOSEC/Cross Chase (2018-05-19)(Caruso, Fabrizio).zip</path><name>Cross Chase (2018-05-19)(Caruso, Fabrizio)</name><image>~/../thumbs/Amstrad - GX4000/Named_Snaps/Cross Chase (2018-05-19).png</image><titleshot>~/../thumbs/Amstrad - GX4000/Named_Titles/Cross Chase (2018-05-19).png</titleshot><thumbnail>~/../thumbs/Amstrad - GX4000/Named_Boxarts/Cross Chase (2018-05-19).png</thumbnail><marquee>~/../thumbs/Amstrad - GX4000/Named_Logos/Cross Chase (2018-05-19).png</marquee></game>
<game><path>./Amstrad GX4000 TOSEC/Cross Chase (2018-07-19)(Caruso, Fabrizio).zip</path><name>Cross Chase (2018-07-19)(Caruso, Fabrizio)</name><image>~/../thumbs/Amstrad - GX4000/Named_Snaps/Cross Chase (2018-07-19).png</image><titleshot>~/../thumbs/Amstrad - GX4000/Named_Titles/Cross Chase (2018-07-19).png</titleshot><thumbnail>~/../thumbs/Amstrad - GX4000/Named_Boxarts/Cross Chase (2018-07-19).png</thumbnail><marquee>~/../thumbs/Amstrad - GX4000/Named_Logos/Cross Chase (2018-07-19).png</marquee></game>
<game><path>./Amstrad GX4000 TOSEC/Cross Chase (2018-08-04)(Caruso, Fabrizio).zip</path><name>Cross Chase (2018-08-04)(Caruso, Fabrizio)</name><image>~/../thumbs/Amstrad - GX4000/Named_Snaps/Cross Chase (2018-08-04).png</image><titleshot>~/../thumbs/Amstrad - GX4000/Named_Titles/Cross Chase (2018-08-04).png</titleshot><thumbnail>~/../thumbs/Amstrad - GX4000/Named_Boxarts/Cross Chase (2018-08-04).png</thumbnail><marquee>~/../thumbs/Amstrad - GX4000/Named_Logos/Cross Chase (2018-08-04).png</marquee></game>
<game><path>./Amstrad GX4000 TOSEC/Cross Chase (2018-10-29)(Caruso, Fabrizio).zip</path><name>Cross Chase (2018-10-29)(Caruso, Fabrizio)</name><image>~/../thumbs/Amstrad - GX4000/Named_Snaps/Cross Chase (2018-10-29).png</image><titleshot>~/../thumbs/Amstrad - GX4000/Named_Titles/Cross Chase (2018-10-29).png</titleshot><thumbnail>~/../thumbs/Amstrad - GX4000/Named_Boxarts/Cross Chase (2018-10-29).png</thumbnail><marquee>~/../thumbs/Amstrad - GX4000/Named_Logos/Cross Chase (2018-10-29).png</marquee></game>
<game><path>./Amstrad GX4000 TOSEC/Cross Chase (2020-04-02)(Caruso, Fabrizio).zip</path><name>Cross Chase (2020-04-02)(Caruso, Fabrizio)</name><image>~/../thumbs/Amstrad - GX4000/Named_Snaps/Cross Chase (2020-04-02).png</image><titleshot>~/../thumbs/Amstrad - GX4000/Named_Titles/Cross Chase (2020-04-02).png</titleshot><thumbnail>~/../thumbs/Amstrad - GX4000/Named_Boxarts/Cross Chase (2020-04-02).png</thumbnail><marquee>~/../thumbs/Amstrad - GX4000/Named_Logos/Cross Chase (2020-04-02).png</marquee></game>
<game><path>./Amstrad GX4000 TOSEC/Cross Chase (2021-05-13)(Caruso, Fabrizio).zip</path><name>Cross Chase (2021-05-13)(Caruso, Fabrizio)</name><image>~/../thumbs/Amstrad - GX4000/Named_Snaps/Cross Chase (2021-05-13).png</image><titleshot>~/../thumbs/Amstrad - GX4000/Named_Titles/Cross Chase (2021-05-13).png</titleshot><thumbnail>~/../thumbs/Amstrad - GX4000/Named_Boxarts/Cross Chase (2021-05-13).png</thumbnail><marquee>~/../thumbs/Amstrad - GX4000/Named_Logos/Cross Chase (2021-05-13).png</marquee></game>
<game><path>./Amstrad GX4000 TOSEC/Cross Horde (2021-04-16)(Caruso, Fabrizio)[mode0].zip</path><name>Cross Horde (2021-04-16)(Caruso, Fabrizio)[mode0]</name><image>~/../thumbs/Amstrad - GX4000/Named_Snaps/Cross Horde (2021-04-16).png</image><titleshot>~/../thumbs/Amstrad - GX4000/Named_Titles/Cross Horde (2021-04-16).png</titleshot><thumbnail>~/../thumbs/Amstrad - GX4000/Named_Boxarts/Cross Horde (2021-04-16).png</thumbnail><marquee>~/../thumbs/Amstrad - GX4000/Named_Logos/Cross Horde (2021-04-16).png</marquee></game>
<game><path>./Amstrad GX4000 TOSEC/Cross Horde (2021-04-16)(Caruso, Fabrizio)[mode1][cpcrslib].zip</path><name>Cross Horde (2021-04-16)(Caruso, Fabrizio)[mode1][cpcrslib]</name><image>~/../thumbs/Amstrad - GX4000/Named_Snaps/Cross Horde (2021-04-16).png</image><titleshot>~/../thumbs/Amstrad - GX4000/Named_Titles/Cross Horde (2021-04-16).png</titleshot><thumbnail>~/../thumbs/Amstrad - GX4000/Named_Boxarts/Cross Horde (2021-04-16).png</thumbnail><marquee>~/../thumbs/Amstrad - GX4000/Named_Logos/Cross Horde (2021-04-16).png</marquee></game>
<game><path>./Amstrad GX4000 TOSEC/Cross Horde (2021-04-16)(Caruso, Fabrizio)[mode2].zip</path><name>Cross Horde (2021-04-16)(Caruso, Fabrizio)[mode2]</name><image>~/../thumbs/Amstrad - GX4000/Named_Snaps/Cross Horde (2021-04-16).png</image><titleshot>~/../thumbs/Amstrad - GX4000/Named_Titles/Cross Horde (2021-04-16).png</titleshot><thumbnail>~/../thumbs/Amstrad - GX4000/Named_Boxarts/Cross Horde (2021-04-16).png</thumbnail><marquee>~/../thumbs/Amstrad - GX4000/Named_Logos/Cross Horde (2021-04-16).png</marquee></game>
<game><path>./Amstrad GX4000 TOSEC/Cross Horde v1.0 (2021-05-01)(Caruso, Fabrizio)[mode0].zip</path><name>Cross Horde v1.0 (2021-05-01)(Caruso, Fabrizio)[mode0]</name><image>~/../thumbs/Amstrad - GX4000/Named_Snaps/Cross Horde v1.0 (2021-05-01).png</image><titleshot>~/../thumbs/Amstrad - GX4000/Named_Titles/Cross Horde v1.0 (2021-05-01).png</titleshot><thumbnail>~/../thumbs/Amstrad - GX4000/Named_Boxarts/Cross Horde v1.0 (2021-05-01).png</thumbnail><marquee>~/../thumbs/Amstrad - GX4000/Named_Logos/Cross Horde v1.0 (2021-05-01).png</marquee></game>
<game><path>./Amstrad GX4000 TOSEC/Cross Horde v1.0 (2021-05-01)(Caruso, Fabrizio)[mode1][cpcrslib].zip</path><name>Cross Horde v1.0 (2021-05-01)(Caruso, Fabrizio)[mode1][cpcrslib]</name><image>~/../thumbs/Amstrad - GX4000/Named_Snaps/Cross Horde v1.0 (2021-05-01).png</image><titleshot>~/../thumbs/Amstrad - GX4000/Named_Titles/Cross Horde v1.0 (2021-05-01).png</titleshot><thumbnail>~/../thumbs/Amstrad - GX4000/Named_Boxarts/Cross Horde v1.0 (2021-05-01).png</thumbnail><marquee>~/../thumbs/Amstrad - GX4000/Named_Logos/Cross Horde v1.0 (2021-05-01).png</marquee></game>
<game><path>./Amstrad GX4000 TOSEC/Cross Horde v1.0 (2021-05-01)(Caruso, Fabrizio)[mode2].zip</path><name>Cross Horde v1.0 (2021-05-01)(Caruso, Fabrizio)[mode2]</name><image>~/../thumbs/Amstrad - GX4000/Named_Snaps/Cross Horde v1.0 (2021-05-01).png</image><titleshot>~/../thumbs/Amstrad - GX4000/Named_Titles/Cross Horde v1.0 (2021-05-01).png</titleshot><thumbnail>~/../thumbs/Amstrad - GX4000/Named_Boxarts/Cross Horde v1.0 (2021-05-01).png</thumbnail><marquee>~/../thumbs/Amstrad - GX4000/Named_Logos/Cross Horde v1.0 (2021-05-01).png</marquee></game>
<game><path>./Amstrad GX4000 TOSEC/Cross Shoot (2020-07-03)(Caruso, Fabrizio).zip</path><name>Cross Shoot (2020-07-03)(Caruso, Fabrizio)</name><image>~/../thumbs/Amstrad - GX4000/Named_Snaps/Cross Shoot (2020-07-03).png</image><titleshot>~/../thumbs/Amstrad - GX4000/Named_Titles/Cross Shoot (2020-07-03).png</titleshot><thumbnail>~/../thumbs/Amstrad - GX4000/Named_Boxarts/Cross Shoot (2020-07-03).png</thumbnail><marquee>~/../thumbs/Amstrad - GX4000/Named_Logos/Cross Shoot (2020-07-03).png</marquee></game>
<game><path>./Amstrad GX4000 TOSEC/Cross Snake Preview (2020-12-05)(Caruso, Fabrizio).zip</path><name>Cross Snake Preview (2020-12-05)(Caruso, Fabrizio)</name><image>~/../thumbs/Amstrad - GX4000/Named_Snaps/Cross Snake Preview (2020-12-05).png</image><titleshot>~/../thumbs/Amstrad - GX4000/Named_Titles/Cross Snake Preview (2020-12-05).png</titleshot><thumbnail>~/../thumbs/Amstrad - GX4000/Named_Boxarts/Cross Snake Preview (2020-12-05).png</thumbnail><marquee>~/../thumbs/Amstrad - GX4000/Named_Logos/Cross Snake Preview (2020-12-05).png</marquee></game>
<game><path>./Amstrad GX4000 TOSEC/Cross Snake v1.0 (2020-12-12)(Caruso, Fabrizio)[mode0].zip</path><name>Cross Snake v1.0 (2020-12-12)(Caruso, Fabrizio)[mode0]</name><image>~/../thumbs/Amstrad - GX4000/Named_Snaps/Cross Snake v1.0 (2020-12-12).png</image><titleshot>~/../thumbs/Amstrad - GX4000/Named_Titles/Cross Snake v1.0 (2020-12-12).png</titleshot><thumbnail>~/../thumbs/Amstrad - GX4000/Named_Boxarts/Cross Snake v1.0 (2020-12-12).png</thumbnail><marquee>~/../thumbs/Amstrad - GX4000/Named_Logos/Cross Snake v1.0 (2020-12-12).png</marquee></game>
<game><path>./Amstrad GX4000 TOSEC/Cross Snake v1.0 (2020-12-12)(Caruso, Fabrizio)[mode1][cpcrslib].zip</path><name>Cross Snake v1.0 (2020-12-12)(Caruso, Fabrizio)[mode1][cpcrslib]</name><image>~/../thumbs/Amstrad - GX4000/Named_Snaps/Cross Snake v1.0 (2020-12-12).png</image><titleshot>~/../thumbs/Amstrad - GX4000/Named_Titles/Cross Snake v1.0 (2020-12-12).png</titleshot><thumbnail>~/../thumbs/Amstrad - GX4000/Named_Boxarts/Cross Snake v1.0 (2020-12-12).png</thumbnail><marquee>~/../thumbs/Amstrad - GX4000/Named_Logos/Cross Snake v1.0 (2020-12-12).png</marquee></game>
<game><path>./Amstrad GX4000 TOSEC/Cross Snake v1.0 (2020-12-12)(Caruso, Fabrizio)[mode2].zip</path><name>Cross Snake v1.0 (2020-12-12)(Caruso, Fabrizio)[mode2]</name><image>~/../thumbs/Amstrad - GX4000/Named_Snaps/Cross Snake v1.0 (2020-12-12).png</image><titleshot>~/../thumbs/Amstrad - GX4000/Named_Titles/Cross Snake v1.0 (2020-12-12).png</titleshot><thumbnail>~/../thumbs/Amstrad - GX4000/Named_Boxarts/Cross Snake v1.0 (2020-12-12).png</thumbnail><marquee>~/../thumbs/Amstrad - GX4000/Named_Logos/Cross Snake v1.0 (2020-12-12).png</marquee></game>
<game><path>./Amstrad GX4000 TOSEC/Cross Snake v2.0 (2020-12-31)(Caruso, Fabrizio)[mode0].zip</path><name>Cross Snake v2.0 (2020-12-31)(Caruso, Fabrizio)[mode0]</name><image>~/../thumbs/Amstrad - GX4000/Named_Snaps/Cross Snake v2.0 (2020-12-31).png</image><titleshot>~/../thumbs/Amstrad - GX4000/Named_Titles/Cross Snake v2.0 (2020-12-31).png</titleshot><thumbnail>~/../thumbs/Amstrad - GX4000/Named_Boxarts/Cross Snake v2.0 (2020-12-31).png</thumbnail><marquee>~/../thumbs/Amstrad - GX4000/Named_Logos/Cross Snake v2.0 (2020-12-31).png</marquee></game>
<game><path>./Amstrad GX4000 TOSEC/Cross Snake v2.0 (2020-12-31)(Caruso, Fabrizio)[mode1][cpcrslib].zip</path><name>Cross Snake v2.0 (2020-12-31)(Caruso, Fabrizio)[mode1][cpcrslib]</name><image>~/../thumbs/Amstrad - GX4000/Named_Snaps/Cross Snake v2.0 (2020-12-31).png</image><titleshot>~/../thumbs/Amstrad - GX4000/Named_Titles/Cross Snake v2.0 (2020-12-31).png</titleshot><thumbnail>~/../thumbs/Amstrad - GX4000/Named_Boxarts/Cross Snake v2.0 (2020-12-31).png</thumbnail><marquee>~/../thumbs/Amstrad - GX4000/Named_Logos/Cross Snake v2.0 (2020-12-31).png</marquee></game>
<game><path>./Amstrad GX4000 TOSEC/Cross Snake v2.0 (2020-12-31)(Caruso, Fabrizio)[mode2].zip</path><name>Cross Snake v2.0 (2020-12-31)(Caruso, Fabrizio)[mode2]</name><image>~/../thumbs/Amstrad - GX4000/Named_Snaps/Cross Snake v2.0 (2020-12-31).png</image><titleshot>~/../thumbs/Amstrad - GX4000/Named_Titles/Cross Snake v2.0 (2020-12-31).png</titleshot><thumbnail>~/../thumbs/Amstrad - GX4000/Named_Boxarts/Cross Snake v2.0 (2020-12-31).png</thumbnail><marquee>~/../thumbs/Amstrad - GX4000/Named_Logos/Cross Snake v2.0 (2020-12-31).png</marquee></game>
<game><path>./Amstrad GX4000 TOSEC/Cross Trex (2024-09-25)(Caruso, Fabrizio)[mode0].zip</path><name>Cross Trex (2024-09-25)(Caruso, Fabrizio)[mode0]</name><image>~/../thumbs/Amstrad - GX4000/Named_Snaps/Cross Trex (2024-09-25).png</image><titleshot>~/../thumbs/Amstrad - GX4000/Named_Titles/Cross Trex (2024-09-25).png</titleshot><thumbnail>~/../thumbs/Amstrad - GX4000/Named_Boxarts/Cross Trex (2024-09-25).png</thumbnail><marquee>~/../thumbs/Amstrad - GX4000/Named_Logos/Cross Trex (2024-09-25).png</marquee></game>
<game><path>./Amstrad GX4000 TOSEC/Cross Verbix (2022-12-05)(Caruso, Fabrizio).zip</path><name>Cross Verbix (2022-12-05)(Caruso, Fabrizio)</name><image>~/../thumbs/Amstrad - GX4000/Named_Snaps/Cross Verbix (2022-12-05).png</image><titleshot>~/../thumbs/Amstrad - GX4000/Named_Titles/Cross Verbix (2022-12-05).png</titleshot><thumbnail>~/../thumbs/Amstrad - GX4000/Named_Boxarts/Cross Verbix (2022-12-05).png</thumbnail><marquee>~/../thumbs/Amstrad - GX4000/Named_Logos/Cross Verbix (2022-12-05).png</marquee></game>
<game><path>./Amstrad GX4000 TOSEC/Culotte de Zelda, La v3.2 (2022-07-05)(Zisquier)(fr).zip</path><name>Culotte de Zelda, La v3.2 (2022-07-05)(Zisquier)(fr)</name><image>~/../thumbs/Amstrad - GX4000/Named_Snaps/Culotte de Zelda, La v3.2 (2022-07-05).png</image><titleshot>~/../thumbs/Amstrad - GX4000/Named_Titles/Culotte de Zelda, La v3.2 (2022-07-05).png</titleshot><thumbnail>~/../thumbs/Amstrad - GX4000/Named_Boxarts/Culotte de Zelda, La v3.2 (2022-07-05).png</thumbnail><marquee>~/../thumbs/Amstrad - GX4000/Named_Logos/Culotte de Zelda, La v3.2 (2022-07-05).png</marquee></game>
<game><path>./Amstrad GX4000 TOSEC/Culotte de Zelda, La v3.2 (2022-07-05)(Zisquier).zip</path><name>Culotte de Zelda, La v3.2 (2022-07-05)(Zisquier)</name><image>~/../thumbs/Amstrad - GX4000/Named_Snaps/Culotte de Zelda, La v3.2 (2022-07-05).png</image><titleshot>~/../thumbs/Amstrad - GX4000/Named_Titles/Culotte de Zelda, La v3.2 (2022-07-05).png</titleshot><thumbnail>~/../thumbs/Amstrad - GX4000/Named_Boxarts/Culotte de Zelda, La v3.2 (2022-07-05).png</thumbnail><marquee>~/../thumbs/Amstrad - GX4000/Named_Logos/Culotte de Zelda, La v3.2 (2022-07-05).png</marquee></game>
<game><path>./Amstrad GX4000 TOSEC/Dawn of Kernel, The v1.0.1 (2018-08-23)(Martínez, Juan J.).zip</path><name>Dawn of Kernel, The v1.0.1 (2018-08-23)(Martínez, Juan J.)</name><image>~/../thumbs/Amstrad - GX4000/Named_Snaps/Dawn of Kernel, The v1.0.1 (2018-08-23).png</image><titleshot>~/../thumbs/Amstrad - GX4000/Named_Titles/Dawn of Kernel, The v1.0.1 (2018-08-23).png</titleshot><thumbnail>~/../thumbs/Amstrad - GX4000/Named_Boxarts/Dawn of Kernel, The v1.0.1 (2018-08-23).png</thumbnail><marquee>~/../thumbs/Amstrad - GX4000/Named_Logos/Dawn of Kernel, The v1.0.1 (2018-08-23).png</marquee></game>
<game><path>./Amstrad GX4000 TOSEC/Domino (2024-05-02)(ShaCPC)(es).zip</path><name>Domino (2024-05-02)(ShaCPC)(es)</name><image>~/../thumbs/Amstrad - GX4000/Named_Snaps/Domino (2024-05-02).png</image><titleshot>~/../thumbs/Amstrad - GX4000/Named_Titles/Domino (2024-05-02).png</titleshot><thumbnail>~/../thumbs/Amstrad - GX4000/Named_Boxarts/Domino (2024-05-02).png</thumbnail><marquee>~/../thumbs/Amstrad - GX4000/Named_Logos/Domino (2024-05-02).png</marquee></game>
<game><path>./Amstrad GX4000 TOSEC/Domino (2024-05-02)(ShaCPC).zip</path><name>Domino (2024-05-02)(ShaCPC)</name><image>~/../thumbs/Amstrad - GX4000/Named_Snaps/Domino (2024-05-02).png</image><titleshot>~/../thumbs/Amstrad - GX4000/Named_Titles/Domino (2024-05-02).png</titleshot><thumbnail>~/../thumbs/Amstrad - GX4000/Named_Boxarts/Domino (2024-05-02).png</thumbnail><marquee>~/../thumbs/Amstrad - GX4000/Named_Logos/Domino (2024-05-02).png</marquee></game>
<game><path>./Amstrad GX4000 TOSEC/Foggy's Quest (2024-02-24)(AYOR61).zip</path><name>Foggy's Quest (2024-02-24)(AYOR61)</name><image>~/../thumbs/Amstrad - GX4000/Named_Snaps/Foggy's Quest (2024-02-24).png</image><titleshot>~/../thumbs/Amstrad - GX4000/Named_Titles/Foggy's Quest (2024-02-24).png</titleshot><thumbnail>~/../thumbs/Amstrad - GX4000/Named_Boxarts/Foggy's Quest (2024-02-24).png</thumbnail><marquee>~/../thumbs/Amstrad - GX4000/Named_Logos/Foggy's Quest (2024-02-24).png</marquee></game>
<game><path>./Amstrad GX4000 TOSEC/Foggy's Quest (2024-02-24)(AYOR61)[CPC+ colors - smooth].zip</path><name>Foggy's Quest (2024-02-24)(AYOR61)[CPC+ colors - smooth]</name><image>~/../thumbs/Amstrad - GX4000/Named_Snaps/Foggy's Quest (2024-02-24).png</image><titleshot>~/../thumbs/Amstrad - GX4000/Named_Titles/Foggy's Quest (2024-02-24).png</titleshot><thumbnail>~/../thumbs/Amstrad - GX4000/Named_Boxarts/Foggy's Quest (2024-02-24).png</thumbnail><marquee>~/../thumbs/Amstrad - GX4000/Named_Logos/Foggy's Quest (2024-02-24).png</marquee></game>
<game><path>./Amstrad GX4000 TOSEC/Galastrad v3.0 (2024-05-07)(AYOR61).zip</path><name>Galastrad v3.0 (2024-05-07)(AYOR61)</name><image>~/../thumbs/Amstrad - GX4000/Named_Snaps/Galastrad v3.0 (2024-05-07).png</image><titleshot>~/../thumbs/Amstrad - GX4000/Named_Titles/Galastrad v3.0 (2024-05-07).png</titleshot><thumbnail>~/../thumbs/Amstrad - GX4000/Named_Boxarts/Galastrad v3.0 (2024-05-07).png</thumbnail><marquee>~/../thumbs/Amstrad - GX4000/Named_Logos/Galastrad v3.0 (2024-05-07).png</marquee></game>
<game><path>./Amstrad GX4000 TOSEC/Ghost Trick - Delirium Edition (2023-10-21)(AYOR61).zip</path><name>Ghost Trick - Delirium Edition (2023-10-21)(AYOR61)</name><image>~/../thumbs/Amstrad - GX4000/Named_Snaps/Ghost Trick - Delirium Edition (2023-10-21).png</image><titleshot>~/../thumbs/Amstrad - GX4000/Named_Titles/Ghost Trick - Delirium Edition (2023-10-21).png</titleshot><thumbnail>~/../thumbs/Amstrad - GX4000/Named_Boxarts/Ghost Trick - Delirium Edition (2023-10-21).png</thumbnail><marquee>~/../thumbs/Amstrad - GX4000/Named_Logos/Ghost Trick - Delirium Edition (2023-10-21).png</marquee></game>
<game><path>./Amstrad GX4000 TOSEC/Ghost Trick v2.0 (2023-09-17)(AYOR61).zip</path><name>Ghost Trick v2.0 (2023-09-17)(AYOR61)</name><image>~/../thumbs/Amstrad - GX4000/Named_Snaps/Ghost Trick v2.0 (2023-09-17).png</image><titleshot>~/../thumbs/Amstrad - GX4000/Named_Titles/Ghost Trick v2.0 (2023-09-17).png</titleshot><thumbnail>~/../thumbs/Amstrad - GX4000/Named_Boxarts/Ghost Trick v2.0 (2023-09-17).png</thumbnail><marquee>~/../thumbs/Amstrad - GX4000/Named_Logos/Ghost Trick v2.0 (2023-09-17).png</marquee></game>
<game><path>./Amstrad GX4000 TOSEC/Goldorak Versus (2023-03-27)(Zisquier)(fr).zip</path><name>Goldorak Versus (2023-03-27)(Zisquier)(fr)</name><image>~/../thumbs/Amstrad - GX4000/Named_Snaps/Goldorak Versus (2023-03-27).png</image><titleshot>~/../thumbs/Amstrad - GX4000/Named_Titles/Goldorak Versus (2023-03-27).png</titleshot><thumbnail>~/../thumbs/Amstrad - GX4000/Named_Boxarts/Goldorak Versus (2023-03-27).png</thumbnail><marquee>~/../thumbs/Amstrad - GX4000/Named_Logos/Goldorak Versus (2023-03-27).png</marquee></game>
<game><path>./Amstrad GX4000 TOSEC/Goldorak v0.1 (2023)(Zisquier)[Crocofest].zip</path><name>Goldorak v0.1 (2023)(Zisquier)[Crocofest]</name><image>~/../thumbs/Amstrad - GX4000/Named_Snaps/Goldorak v0.1 (2023).png</image><titleshot>~/../thumbs/Amstrad - GX4000/Named_Titles/Goldorak v0.1 (2023).png</titleshot><thumbnail>~/../thumbs/Amstrad - GX4000/Named_Boxarts/Goldorak v0.1 (2023).png</thumbnail><marquee>~/../thumbs/Amstrad - GX4000/Named_Logos/Goldorak v0.1 (2023).png</marquee></game>
<game><path>./Amstrad GX4000 TOSEC/Goldorak v3.3.1 (2024-06-05)(Zisquier).zip</path><name>Goldorak v3.3.1 (2024-06-05)(Zisquier)</name><image>~/../thumbs/Amstrad - GX4000/Named_Snaps/Goldorak v3.3.1 (2024-06-05).png</image><titleshot>~/../thumbs/Amstrad - GX4000/Named_Titles/Goldorak v3.3.1 (2024-06-05).png</titleshot><thumbnail>~/../thumbs/Amstrad - GX4000/Named_Boxarts/Goldorak v3.3.1 (2024-06-05).png</thumbnail><marquee>~/../thumbs/Amstrad - GX4000/Named_Logos/Goldorak v3.3.1 (2024-06-05).png</marquee></game>
<game><path>./Amstrad GX4000 TOSEC/Heart of Salamanderland, The v1.0.3 (2024-06-23)(Martínez, Juan J.).zip</path><name>Heart of Salamanderland, The v1.0.3 (2024-06-23)(Martínez, Juan J.)</name><image>~/../thumbs/Amstrad - GX4000/Named_Snaps/Heart of Salamanderland, The v1.0.3 (2024-06-23).png</image><titleshot>~/../thumbs/Amstrad - GX4000/Named_Titles/Heart of Salamanderland, The v1.0.3 (2024-06-23).png</titleshot><thumbnail>~/../thumbs/Amstrad - GX4000/Named_Boxarts/Heart of Salamanderland, The v1.0.3 (2024-06-23).png</thumbnail><marquee>~/../thumbs/Amstrad - GX4000/Named_Logos/Heart of Salamanderland, The v1.0.3 (2024-06-23).png</marquee></game>
<game><path>./Amstrad GX4000 TOSEC/Heroes Rescue (2020-01-13)(Defecto Digital Studios)(es).zip</path><name>Heroes Rescue (2020-01-13)(Defecto Digital Studios)(es)</name><image>~/../thumbs/Amstrad - GX4000/Named_Snaps/Heroes Rescue (2020-01-13).png</image><titleshot>~/../thumbs/Amstrad - GX4000/Named_Titles/Heroes Rescue (2020-01-13).png</titleshot><thumbnail>~/../thumbs/Amstrad - GX4000/Named_Boxarts/Heroes Rescue (2020-01-13).png</thumbnail><marquee>~/../thumbs/Amstrad - GX4000/Named_Logos/Heroes Rescue (2020-01-13).png</marquee></game>
<game><path>./Amstrad GX4000 TOSEC/Hyperdrive v1.0.1 (2022-12-10)(Martínez, Juan J.).zip</path><name>Hyperdrive v1.0.1 (2022-12-10)(Martínez, Juan J.)</name><image>~/../thumbs/Amstrad - GX4000/Named_Snaps/Hyperdrive v1.0.1 (2022-12-10).png</image><titleshot>~/../thumbs/Amstrad - GX4000/Named_Titles/Hyperdrive v1.0.1 (2022-12-10).png</titleshot><thumbnail>~/../thumbs/Amstrad - GX4000/Named_Boxarts/Hyperdrive v1.0.1 (2022-12-10).png</thumbnail><marquee>~/../thumbs/Amstrad - GX4000/Named_Logos/Hyperdrive v1.0.1 (2022-12-10).png</marquee></game>
<game><path>./Amstrad GX4000 TOSEC/Kung Fu Master GX4000 Reskin 2023 v3 (2023-11-26)(AYOR61).zip</path><name>Kung Fu Master GX4000 Reskin 2023 v3 (2023-11-26)(AYOR61)</name><image>~/../thumbs/Amstrad - GX4000/Named_Snaps/Kung Fu Master GX4000 Reskin 2023 v3 (2023-11-26).png</image><titleshot>~/../thumbs/Amstrad - GX4000/Named_Titles/Kung Fu Master GX4000 Reskin 2023 v3 (2023-11-26).png</titleshot><thumbnail>~/../thumbs/Amstrad - GX4000/Named_Boxarts/Kung Fu Master GX4000 Reskin 2023 v3 (2023-11-26).png</thumbnail><marquee>~/../thumbs/Amstrad - GX4000/Named_Logos/Kung Fu Master GX4000 Reskin 2023 v3 (2023-11-26).png</marquee></game>
<game><path>./Amstrad GX4000 TOSEC/Mandarin 2, The - Limoncello's Revenge (2024-01-20)(mananuk).zip</path><name>Mandarin 2, The - Limoncello's Revenge (2024-01-20)(mananuk)</name><image>~/../thumbs/Amstrad - GX4000/Named_Snaps/Mandarin 2, The - Limoncello's Revenge (2024-01-20).png</image><titleshot>~/../thumbs/Amstrad - GX4000/Named_Titles/Mandarin 2, The - Limoncello's Revenge (2024-01-20).png</titleshot><thumbnail>~/../thumbs/Amstrad - GX4000/Named_Boxarts/Mandarin 2, The - Limoncello's Revenge (2024-01-20).png</thumbnail><marquee>~/../thumbs/Amstrad - GX4000/Named_Logos/Mandarin 2, The - Limoncello's Revenge (2024-01-20).png</marquee></game>
<game><path>./Amstrad GX4000 TOSEC/Masarat Khatira (2024-07-14)(altanerus dog)(es).zip</path><name>Masarat Khatira (2024-07-14)(altanerus dog)(es)</name><image>~/../thumbs/Amstrad - GX4000/Named_Snaps/Masarat Khatira (2024-07-14).png</image><titleshot>~/../thumbs/Amstrad - GX4000/Named_Titles/Masarat Khatira (2024-07-14).png</titleshot><thumbnail>~/../thumbs/Amstrad - GX4000/Named_Boxarts/Masarat Khatira (2024-07-14).png</thumbnail><marquee>~/../thumbs/Amstrad - GX4000/Named_Logos/Masarat Khatira (2024-07-14).png</marquee></game>
<game><path>./Amstrad GX4000 TOSEC/Masarat Khatira (2024-07-14)(altanerus dog)(es)[t +1][infinite lives].zip</path><name>Masarat Khatira (2024-07-14)(altanerus dog)(es)[t +1][infinite lives]</name><image>~/../thumbs/Amstrad - GX4000/Named_Snaps/Masarat Khatira (2024-07-14).png</image><titleshot>~/../thumbs/Amstrad - GX4000/Named_Titles/Masarat Khatira (2024-07-14).png</titleshot><thumbnail>~/../thumbs/Amstrad - GX4000/Named_Boxarts/Masarat Khatira (2024-07-14).png</thumbnail><marquee>~/../thumbs/Amstrad - GX4000/Named_Logos/Masarat Khatira (2024-07-14).png</marquee></game>
<game><path>./Amstrad GX4000 TOSEC/Masarat Khatira (2024-07-14)(altanerus dog).zip</path><name>Masarat Khatira (2024-07-14)(altanerus dog)</name><image>~/../thumbs/Amstrad - GX4000/Named_Snaps/Masarat Khatira (2024-07-14).png</image><titleshot>~/../thumbs/Amstrad - GX4000/Named_Titles/Masarat Khatira (2024-07-14).png</titleshot><thumbnail>~/../thumbs/Amstrad - GX4000/Named_Boxarts/Masarat Khatira (2024-07-14).png</thumbnail><marquee>~/../thumbs/Amstrad - GX4000/Named_Logos/Masarat Khatira (2024-07-14).png</marquee></game>
<game><path>./Amstrad GX4000 TOSEC/Masarat Khatira (2024-07-14)(altanerus dog)[t +1][infinite lives].zip</path><name>Masarat Khatira (2024-07-14)(altanerus dog)[t +1][infinite lives]</name><image>~/../thumbs/Amstrad - GX4000/Named_Snaps/Masarat Khatira (2024-07-14).png</image><titleshot>~/../thumbs/Amstrad - GX4000/Named_Titles/Masarat Khatira (2024-07-14).png</titleshot><thumbnail>~/../thumbs/Amstrad - GX4000/Named_Boxarts/Masarat Khatira (2024-07-14).png</thumbnail><marquee>~/../thumbs/Amstrad - GX4000/Named_Logos/Masarat Khatira (2024-07-14).png</marquee></game>
<game><path>./Amstrad GX4000 TOSEC/Missile Command (2022)(Ayor61 - TITAN)(FR).zip</path><name>Missile Command (2022)(Ayor61 - TITAN)(FR)</name><image>~/../thumbs/Amstrad - GX4000/Named_Snaps/Missile Command (2022).png</image><titleshot>~/../thumbs/Amstrad - GX4000/Named_Titles/Missile Command (2022).png</titleshot><thumbnail>~/../thumbs/Amstrad - GX4000/Named_Boxarts/Missile Command (2022).png</thumbnail><marquee>~/../thumbs/Amstrad - GX4000/Named_Logos/Missile Command (2022).png</marquee></game>
<game><path>./Amstrad GX4000 TOSEC/Octopus (2023-07-11)(Zisquier)(FR).zip</path><name>Octopus (2023-07-11)(Zisquier)(FR)</name><image>~/../thumbs/Amstrad - GX4000/Named_Snaps/Octopus (2023-07-11).png</image><titleshot>~/../thumbs/Amstrad - GX4000/Named_Titles/Octopus (2023-07-11).png</titleshot><thumbnail>~/../thumbs/Amstrad - GX4000/Named_Boxarts/Octopus (2023-07-11).png</thumbnail><marquee>~/../thumbs/Amstrad - GX4000/Named_Logos/Octopus (2023-07-11).png</marquee></game>
<game><path>./Amstrad GX4000 TOSEC/Octopus 21 (2023-11-25)(AYOR61).zip</path><name>Octopus 21 (2023-11-25)(AYOR61)</name><image>~/../thumbs/Amstrad - GX4000/Named_Snaps/Octopus 21 (2023-11-25).png</image><titleshot>~/../thumbs/Amstrad - GX4000/Named_Titles/Octopus 21 (2023-11-25).png</titleshot><thumbnail>~/../thumbs/Amstrad - GX4000/Named_Boxarts/Octopus 21 (2023-11-25).png</thumbnail><marquee>~/../thumbs/Amstrad - GX4000/Named_Logos/Octopus 21 (2023-11-25).png</marquee></game>
<game><path>./Amstrad GX4000 TOSEC/Prospector v2.0 (2024-01-22)(AYOR61).zip</path><name>Prospector v2.0 (2024-01-22)(AYOR61)</name><image>~/../thumbs/Amstrad - GX4000/Named_Snaps/Prospector v2.0 (2024-01-22).png</image><titleshot>~/../thumbs/Amstrad - GX4000/Named_Titles/Prospector v2.0 (2024-01-22).png</titleshot><thumbnail>~/../thumbs/Amstrad - GX4000/Named_Boxarts/Prospector v2.0 (2024-01-22).png</thumbnail><marquee>~/../thumbs/Amstrad - GX4000/Named_Logos/Prospector v2.0 (2024-01-22).png</marquee></game>
<game><path>./Amstrad GX4000 TOSEC/Rigor Mortis (2023-07-20)(Churrosoft)(ES)(en).zip</path><name>Rigor Mortis (2023-07-20)(Churrosoft)(ES)(en)</name><image>~/../thumbs/Amstrad - GX4000/Named_Snaps/Rigor Mortis (2023-07-20).png</image><titleshot>~/../thumbs/Amstrad - GX4000/Named_Titles/Rigor Mortis (2023-07-20).png</titleshot><thumbnail>~/../thumbs/Amstrad - GX4000/Named_Boxarts/Rigor Mortis (2023-07-20).png</thumbnail><marquee>~/../thumbs/Amstrad - GX4000/Named_Logos/Rigor Mortis (2023-07-20).png</marquee></game>
<game><path>./Amstrad GX4000 TOSEC/Rigor Mortis (2023-07-20)(Churrosoft)(ES).zip</path><name>Rigor Mortis (2023-07-20)(Churrosoft)(ES)</name><image>~/../thumbs/Amstrad - GX4000/Named_Snaps/Rigor Mortis (2023-07-20).png</image><titleshot>~/../thumbs/Amstrad - GX4000/Named_Titles/Rigor Mortis (2023-07-20).png</titleshot><thumbnail>~/../thumbs/Amstrad - GX4000/Named_Boxarts/Rigor Mortis (2023-07-20).png</thumbnail><marquee>~/../thumbs/Amstrad - GX4000/Named_Logos/Rigor Mortis (2023-07-20).png</marquee></game>
<game><path>./Amstrad GX4000 TOSEC/Shuriken (2023-06-30)(Caruso, Fabrizio)[mode0].zip</path><name>Shuriken (2023-06-30)(Caruso, Fabrizio)[mode0]</name><image>~/../thumbs/Amstrad - GX4000/Named_Snaps/Shuriken (2023-06-30).png</image><titleshot>~/../thumbs/Amstrad - GX4000/Named_Titles/Shuriken (2023-06-30).png</titleshot><thumbnail>~/../thumbs/Amstrad - GX4000/Named_Boxarts/Shuriken (2023-06-30).png</thumbnail><marquee>~/../thumbs/Amstrad - GX4000/Named_Logos/Shuriken (2023-06-30).png</marquee></game>
<game><path>./Amstrad GX4000 TOSEC/Space Cowboy in Lost Planet (2020-11-15)(Voxel Tower).zip</path><name>Space Cowboy in Lost Planet (2020-11-15)(Voxel Tower)</name><image>~/../thumbs/Amstrad - GX4000/Named_Snaps/Space Cowboy in Lost Planet (2020-11-15).png</image><titleshot>~/../thumbs/Amstrad - GX4000/Named_Titles/Space Cowboy in Lost Planet (2020-11-15).png</titleshot><thumbnail>~/../thumbs/Amstrad - GX4000/Named_Boxarts/Space Cowboy in Lost Planet (2020-11-15).png</thumbnail><marquee>~/../thumbs/Amstrad - GX4000/Named_Logos/Space Cowboy in Lost Planet (2020-11-15).png</marquee></game>
<game><path>./Amstrad GX4000 TOSEC/Stinger (2023-10-08)(Caruso, Fabrizio)[XXX].zip</path><name>Stinger (2023-10-08)(Caruso, Fabrizio)[XXX]</name><image>~/../thumbs/Amstrad - GX4000/Named_Snaps/Stinger (2023-10-08).png</image><titleshot>~/../thumbs/Amstrad - GX4000/Named_Titles/Stinger (2023-10-08).png</titleshot><thumbnail>~/../thumbs/Amstrad - GX4000/Named_Boxarts/Stinger (2023-10-08).png</thumbnail><marquee>~/../thumbs/Amstrad - GX4000/Named_Logos/Stinger (2023-10-08).png</marquee></game>
<game><path>./Amstrad GX4000 TOSEC/Stinger (2023-10-08)(Caruso, Fabrizio)[mode0].zip</path><name>Stinger (2023-10-08)(Caruso, Fabrizio)[mode0]</name><image>~/../thumbs/Amstrad - GX4000/Named_Snaps/Stinger (2023-10-08).png</image><titleshot>~/../thumbs/Amstrad - GX4000/Named_Titles/Stinger (2023-10-08).png</titleshot><thumbnail>~/../thumbs/Amstrad - GX4000/Named_Boxarts/Stinger (2023-10-08).png</thumbnail><marquee>~/../thumbs/Amstrad - GX4000/Named_Logos/Stinger (2023-10-08).png</marquee></game>
<game><path>./Amstrad GX4000 TOSEC/Stinger (2023-10-08)(Caruso, Fabrizio)[mode2].zip</path><name>Stinger (2023-10-08)(Caruso, Fabrizio)[mode2]</name><image>~/../thumbs/Amstrad - GX4000/Named_Snaps/Stinger (2023-10-08).png</image><titleshot>~/../thumbs/Amstrad - GX4000/Named_Titles/Stinger (2023-10-08).png</titleshot><thumbnail>~/../thumbs/Amstrad - GX4000/Named_Boxarts/Stinger (2023-10-08).png</thumbnail><marquee>~/../thumbs/Amstrad - GX4000/Named_Logos/Stinger (2023-10-08).png</marquee></game>
<game><path>./Amstrad GX4000 TOSEC/Stinger (2023-10-11)(Caruso, Fabrizio)[mode0].zip</path><name>Stinger (2023-10-11)(Caruso, Fabrizio)[mode0]</name><image>~/../thumbs/Amstrad - GX4000/Named_Snaps/Stinger (2023-10-11).png</image><titleshot>~/../thumbs/Amstrad - GX4000/Named_Titles/Stinger (2023-10-11).png</titleshot><thumbnail>~/../thumbs/Amstrad - GX4000/Named_Boxarts/Stinger (2023-10-11).png</thumbnail><marquee>~/../thumbs/Amstrad - GX4000/Named_Logos/Stinger (2023-10-11).png</marquee></game>
<game><path>./Amstrad GX4000 TOSEC/Tenebra (2022-12-07)(Haplo)(AU).zip</path><name>Tenebra (2022-12-07)(Haplo)(AU)</name><image>~/../thumbs/Amstrad - GX4000/Named_Snaps/Tenebra (2022-12-07).png</image><titleshot>~/../thumbs/Amstrad - GX4000/Named_Titles/Tenebra (2022-12-07).png</titleshot><thumbnail>~/../thumbs/Amstrad - GX4000/Named_Boxarts/Tenebra (2022-12-07).png</thumbnail><marquee>~/../thumbs/Amstrad - GX4000/Named_Logos/Tenebra (2022-12-07).png</marquee></game>
<game><path>./Amstrad GX4000 TOSEC/Tenebra 2 (2023-11-07)(Haplo).zip</path><name>Tenebra 2 (2023-11-07)(Haplo)</name><image>~/../thumbs/Amstrad - GX4000/Named_Snaps/Tenebra 2 (2023-11-07).png</image><titleshot>~/../thumbs/Amstrad - GX4000/Named_Titles/Tenebra 2 (2023-11-07).png</titleshot><thumbnail>~/../thumbs/Amstrad - GX4000/Named_Boxarts/Tenebra 2 (2023-11-07).png</thumbnail><marquee>~/../thumbs/Amstrad - GX4000/Named_Logos/Tenebra 2 (2023-11-07).png</marquee></game>
<game><path>./Amstrad GX4000 TOSEC/Tenebra 2 (2023-11-07)(Haplo)[noflicker].zip</path><name>Tenebra 2 (2023-11-07)(Haplo)[noflicker]</name><image>~/../thumbs/Amstrad - GX4000/Named_Snaps/Tenebra 2 (2023-11-07).png</image><titleshot>~/../thumbs/Amstrad - GX4000/Named_Titles/Tenebra 2 (2023-11-07).png</titleshot><thumbnail>~/../thumbs/Amstrad - GX4000/Named_Boxarts/Tenebra 2 (2023-11-07).png</thumbnail><marquee>~/../thumbs/Amstrad - GX4000/Named_Logos/Tenebra 2 (2023-11-07).png</marquee></game>
<folder><path>./Amstrad GX4000 TOSEC</path><name>Amstrad GX4000 TOSEC</name><image>~/../thumb/gx4000.png</image></folder>
<game><path>./Amstrad GX4000 Merged/barb2.zip</path><name>barb2</name><image>~/../thumbs/Amstrad - GX4000/Named_Snaps/barb2.png</image><titleshot>~/../thumbs/Amstrad - GX4000/Named_Titles/barb2.png</titleshot><thumbnail>~/../thumbs/Amstrad - GX4000/Named_Boxarts/barb2.png</thumbnail><marquee>~/../thumbs/Amstrad - GX4000/Named_Logos/barb2.png</marquee></game>
<game><path>./Amstrad GX4000 Merged/batman.zip</path><name>batman</name><image>~/../thumbs/Amstrad - GX4000/Named_Snaps/batman.png</image><titleshot>~/../thumbs/Amstrad - GX4000/Named_Titles/batman.png</titleshot><thumbnail>~/../thumbs/Amstrad - GX4000/Named_Boxarts/batman.png</thumbnail><marquee>~/../thumbs/Amstrad - GX4000/Named_Logos/batman.png</marquee></game>
<game><path>./Amstrad GX4000 Merged/brubber.zip</path><name>brubber</name><image>~/../thumbs/Amstrad - GX4000/Named_Snaps/brubber.png</image><titleshot>~/../thumbs/Amstrad - GX4000/Named_Titles/brubber.png</titleshot><thumbnail>~/../thumbs/Amstrad - GX4000/Named_Boxarts/brubber.png</thumbnail><marquee>~/../thumbs/Amstrad - GX4000/Named_Logos/brubber.png</marquee></game>
<game><path>./Amstrad GX4000 Merged/coptr271.zip</path><name>coptr271</name><image>~/../thumbs/Amstrad - GX4000/Named_Snaps/coptr271.png</image><titleshot>~/../thumbs/Amstrad - GX4000/Named_Titles/coptr271.png</titleshot><thumbnail>~/../thumbs/Amstrad - GX4000/Named_Boxarts/coptr271.png</thumbnail><marquee>~/../thumbs/Amstrad - GX4000/Named_Logos/coptr271.png</marquee></game>
<game><path>./Amstrad GX4000 Merged/crzycrs2.zip</path><name>crzycrs2</name><image>~/../thumbs/Amstrad - GX4000/Named_Snaps/crzycrs2.png</image><titleshot>~/../thumbs/Amstrad - GX4000/Named_Titles/crzycrs2.png</titleshot><thumbnail>~/../thumbs/Amstrad - GX4000/Named_Boxarts/crzycrs2.png</thumbnail><marquee>~/../thumbs/Amstrad - GX4000/Named_Logos/crzycrs2.png</marquee></game>
<game><path>./Amstrad GX4000 Merged/dicktr.zip</path><name>dicktr</name><image>~/../thumbs/Amstrad - GX4000/Named_Snaps/dicktr.png</image><titleshot>~/../thumbs/Amstrad - GX4000/Named_Titles/dicktr.png</titleshot><thumbnail>~/../thumbs/Amstrad - GX4000/Named_Boxarts/dicktr.png</thumbnail><marquee>~/../thumbs/Amstrad - GX4000/Named_Logos/dicktr.png</marquee></game>
<game><path>./Amstrad GX4000 Merged/enforcer.zip</path><name>enforcer</name><image>~/../thumbs/Amstrad - GX4000/Named_Snaps/enforcer.png</image><titleshot>~/../thumbs/Amstrad - GX4000/Named_Titles/enforcer.png</titleshot><thumbnail>~/../thumbs/Amstrad - GX4000/Named_Boxarts/enforcer.png</thumbnail><marquee>~/../thumbs/Amstrad - GX4000/Named_Logos/enforcer.png</marquee></game>
<game><path>./Amstrad GX4000 Merged/firefor2.zip</path><name>firefor2</name><image>~/../thumbs/Amstrad - GX4000/Named_Snaps/firefor2.png</image><titleshot>~/../thumbs/Amstrad - GX4000/Named_Titles/firefor2.png</titleshot><thumbnail>~/../thumbs/Amstrad - GX4000/Named_Boxarts/firefor2.png</thumbnail><marquee>~/../thumbs/Amstrad - GX4000/Named_Logos/firefor2.png</marquee></game>
<game><path>./Amstrad GX4000 Merged/klax.zip</path><name>klax</name><image>~/../thumbs/Amstrad - GX4000/Named_Snaps/klax.png</image><titleshot>~/../thumbs/Amstrad - GX4000/Named_Titles/klax.png</titleshot><thumbnail>~/../thumbs/Amstrad - GX4000/Named_Boxarts/klax.png</thumbnail><marquee>~/../thumbs/Amstrad - GX4000/Named_Logos/klax.png</marquee></game>
<game><path>./Amstrad GX4000 Merged/mystical.zip</path><name>mystical</name><image>~/../thumbs/Amstrad - GX4000/Named_Snaps/mystical.png</image><titleshot>~/../thumbs/Amstrad - GX4000/Named_Titles/mystical.png</titleshot><thumbnail>~/../thumbs/Amstrad - GX4000/Named_Boxarts/mystical.png</thumbnail><marquee>~/../thumbs/Amstrad - GX4000/Named_Logos/mystical.png</marquee></game>
<game><path>./Amstrad GX4000 Merged/navyseal.zip</path><name>navyseal</name><image>~/../thumbs/Amstrad - GX4000/Named_Snaps/navyseal.png</image><titleshot>~/../thumbs/Amstrad - GX4000/Named_Titles/navyseal.png</titleshot><thumbnail>~/../thumbs/Amstrad - GX4000/Named_Boxarts/navyseal.png</thumbnail><marquee>~/../thumbs/Amstrad - GX4000/Named_Logos/navyseal.png</marquee></game>
<game><path>./Amstrad GX4000 Merged/noexit.zip</path><name>noexit</name><image>~/../thumbs/Amstrad - GX4000/Named_Snaps/noexit.png</image><titleshot>~/../thumbs/Amstrad - GX4000/Named_Titles/noexit.png</titleshot><thumbnail>~/../thumbs/Amstrad - GX4000/Named_Boxarts/noexit.png</thumbnail><marquee>~/../thumbs/Amstrad - GX4000/Named_Logos/noexit.png</marquee></game>
<game><path>./Amstrad GX4000 Merged/othunder.zip</path><name>othunder</name><image>~/../thumbs/Amstrad - GX4000/Named_Snaps/othunder.png</image><titleshot>~/../thumbs/Amstrad - GX4000/Named_Titles/othunder.png</titleshot><thumbnail>~/../thumbs/Amstrad - GX4000/Named_Boxarts/othunder.png</thumbnail><marquee>~/../thumbs/Amstrad - GX4000/Named_Logos/othunder.png</marquee></game>
<game><path>./Amstrad GX4000 Merged/pang.zip</path><name>pang</name><image>~/../thumbs/Amstrad - GX4000/Named_Snaps/pang.png</image><titleshot>~/../thumbs/Amstrad - GX4000/Named_Titles/pang.png</titleshot><thumbnail>~/../thumbs/Amstrad - GX4000/Named_Boxarts/pang.png</thumbnail><marquee>~/../thumbs/Amstrad - GX4000/Named_Logos/pang.png</marquee></game>
<game><path>./Amstrad GX4000 Merged/panzakb.zip</path><name>panzakb</name><image>~/../thumbs/Amstrad - GX4000/Named_Snaps/panzakb.png</image><titleshot>~/../thumbs/Amstrad - GX4000/Named_Titles/panzakb.png</titleshot><thumbnail>~/../thumbs/Amstrad - GX4000/Named_Boxarts/panzakb.png</thumbnail><marquee>~/../thumbs/Amstrad - GX4000/Named_Logos/panzakb.png</marquee></game>
<game><path>./Amstrad GX4000 Merged/pinmagic.zip</path><name>pinmagic</name><image>~/../thumbs/Amstrad - GX4000/Named_Snaps/pinmagic.png</image><titleshot>~/../thumbs/Amstrad - GX4000/Named_Titles/pinmagic.png</titleshot><thumbnail>~/../thumbs/Amstrad - GX4000/Named_Boxarts/pinmagic.png</thumbnail><marquee>~/../thumbs/Amstrad - GX4000/Named_Logos/pinmagic.png</marquee></game>
<game><path>./Amstrad GX4000 Merged/plotting.zip</path><name>plotting</name><image>~/../thumbs/Amstrad - GX4000/Named_Snaps/plotting.png</image><titleshot>~/../thumbs/Amstrad - GX4000/Named_Titles/plotting.png</titleshot><thumbnail>~/../thumbs/Amstrad - GX4000/Named_Boxarts/plotting.png</thumbnail><marquee>~/../thumbs/Amstrad - GX4000/Named_Logos/plotting.png</marquee></game>
<game><path>./Amstrad GX4000 Merged/protennt.zip</path><name>protennt</name><image>~/../thumbs/Amstrad - GX4000/Named_Snaps/protennt.png</image><titleshot>~/../thumbs/Amstrad - GX4000/Named_Titles/protennt.png</titleshot><thumbnail>~/../thumbs/Amstrad - GX4000/Named_Boxarts/protennt.png</thumbnail><marquee>~/../thumbs/Amstrad - GX4000/Named_Logos/protennt.png</marquee></game>
<game><path>./Amstrad GX4000 Merged/robocop2.zip</path><name>robocop2</name><image>~/../thumbs/Amstrad - GX4000/Named_Snaps/robocop2.png</image><titleshot>~/../thumbs/Amstrad - GX4000/Named_Titles/robocop2.png</titleshot><thumbnail>~/../thumbs/Amstrad - GX4000/Named_Boxarts/robocop2.png</thumbnail><marquee>~/../thumbs/Amstrad - GX4000/Named_Logos/robocop2.png</marquee></game>
<game><path>./Amstrad GX4000 Merged/skeetsh.zip</path><name>skeetsh</name><image>~/../thumbs/Amstrad - GX4000/Named_Snaps/skeetsh.png</image><titleshot>~/../thumbs/Amstrad - GX4000/Named_Titles/skeetsh.png</titleshot><thumbnail>~/../thumbs/Amstrad - GX4000/Named_Boxarts/skeetsh.png</thumbnail><marquee>~/../thumbs/Amstrad - GX4000/Named_Logos/skeetsh.png</marquee></game>
<game><path>./Amstrad GX4000 Merged/switchbl.zip</path><name>switchbl</name><image>~/../thumbs/Amstrad - GX4000/Named_Snaps/switchbl.png</image><titleshot>~/../thumbs/Amstrad - GX4000/Named_Titles/switchbl.png</titleshot><thumbnail>~/../thumbs/Amstrad - GX4000/Named_Boxarts/switchbl.png</thumbnail><marquee>~/../thumbs/Amstrad - GX4000/Named_Logos/switchbl.png</marquee></game>
<game><path>./Amstrad GX4000 Merged/syses.zip</path><name>syses</name><image>~/../thumbs/Amstrad - GX4000/Named_Snaps/syses.png</image><titleshot>~/../thumbs/Amstrad - GX4000/Named_Titles/syses.png</titleshot><thumbnail>~/../thumbs/Amstrad - GX4000/Named_Boxarts/syses.png</thumbnail><marquee>~/../thumbs/Amstrad - GX4000/Named_Logos/syses.png</marquee></game>
<game><path>./Amstrad GX4000 Merged/sysfr.zip</path><name>sysfr</name><image>~/../thumbs/Amstrad - GX4000/Named_Snaps/sysfr.png</image><titleshot>~/../thumbs/Amstrad - GX4000/Named_Titles/sysfr.png</titleshot><thumbnail>~/../thumbs/Amstrad - GX4000/Named_Boxarts/sysfr.png</thumbnail><marquee>~/../thumbs/Amstrad - GX4000/Named_Logos/sysfr.png</marquee></game>
<game><path>./Amstrad GX4000 Merged/sysuk.zip</path><name>sysuk</name><image>~/../thumbs/Amstrad - GX4000/Named_Snaps/sysuk.png</image><titleshot>~/../thumbs/Amstrad - GX4000/Named_Titles/sysuk.png</titleshot><thumbnail>~/../thumbs/Amstrad - GX4000/Named_Boxarts/sysuk.png</thumbnail><marquee>~/../thumbs/Amstrad - GX4000/Named_Logos/sysuk.png</marquee></game>
<game><path>./Amstrad GX4000 Merged/tennisc2.zip</path><name>tennisc2</name><image>~/../thumbs/Amstrad - GX4000/Named_Snaps/tennisc2.png</image><titleshot>~/../thumbs/Amstrad - GX4000/Named_Titles/tennisc2.png</titleshot><thumbnail>~/../thumbs/Amstrad - GX4000/Named_Boxarts/tennisc2.png</thumbnail><marquee>~/../thumbs/Amstrad - GX4000/Named_Logos/tennisc2.png</marquee></game>
<game><path>./Amstrad GX4000 Merged/tintin.zip</path><name>tintin</name><image>~/../thumbs/Amstrad - GX4000/Named_Snaps/tintin.png</image><titleshot>~/../thumbs/Amstrad - GX4000/Named_Titles/tintin.png</titleshot><thumbnail>~/../thumbs/Amstrad - GX4000/Named_Boxarts/tintin.png</thumbnail><marquee>~/../thumbs/Amstrad - GX4000/Named_Logos/tintin.png</marquee></game>
<game><path>./Amstrad GX4000 Merged/wildstrt.zip</path><name>wildstrt</name><image>~/../thumbs/Amstrad - GX4000/Named_Snaps/wildstrt.png</image><titleshot>~/../thumbs/Amstrad - GX4000/Named_Titles/wildstrt.png</titleshot><thumbnail>~/../thumbs/Amstrad - GX4000/Named_Boxarts/wildstrt.png</thumbnail><marquee>~/../thumbs/Amstrad - GX4000/Named_Logos/wildstrt.png</marquee></game>
<game><path>./Amstrad GX4000 Merged/worldspt.zip</path><name>worldspt</name><image>~/../thumbs/Amstrad - GX4000/Named_Snaps/worldspt.png</image><titleshot>~/../thumbs/Amstrad - GX4000/Named_Titles/worldspt.png</titleshot><thumbnail>~/../thumbs/Amstrad - GX4000/Named_Boxarts/worldspt.png</thumbnail><marquee>~/../thumbs/Amstrad - GX4000/Named_Logos/worldspt.png</marquee></game>
<folder><path>./Amstrad GX4000 Merged</path><name>Amstrad GX4000 Merged</name><image>~/../thumb/gx4000.png</image></folder>
<game><path>./Amstrad GX4000 Split/barb2.zip</path><name>barb2</name><image>~/../thumbs/Amstrad - GX4000/Named_Snaps/barb2.png</image><titleshot>~/../thumbs/Amstrad - GX4000/Named_Titles/barb2.png</titleshot><thumbnail>~/../thumbs/Amstrad - GX4000/Named_Boxarts/barb2.png</thumbnail><marquee>~/../thumbs/Amstrad - GX4000/Named_Logos/barb2.png</marquee></game>
<game><path>./Amstrad GX4000 Split/batman.zip</path><name>batman</name><image>~/../thumbs/Amstrad - GX4000/Named_Snaps/batman.png</image><titleshot>~/../thumbs/Amstrad - GX4000/Named_Titles/batman.png</titleshot><thumbnail>~/../thumbs/Amstrad - GX4000/Named_Boxarts/batman.png</thumbnail><marquee>~/../thumbs/Amstrad - GX4000/Named_Logos/batman.png</marquee></game>
<game><path>./Amstrad GX4000 Split/brubber.zip</path><name>brubber</name><image>~/../thumbs/Amstrad - GX4000/Named_Snaps/brubber.png</image><titleshot>~/../thumbs/Amstrad - GX4000/Named_Titles/brubber.png</titleshot><thumbnail>~/../thumbs/Amstrad - GX4000/Named_Boxarts/brubber.png</thumbnail><marquee>~/../thumbs/Amstrad - GX4000/Named_Logos/brubber.png</marquee></game>
<game><path>./Amstrad GX4000 Split/coptr271.zip</path><name>coptr271</name><image>~/../thumbs/Amstrad - GX4000/Named_Snaps/coptr271.png</image><titleshot>~/../thumbs/Amstrad - GX4000/Named_Titles/coptr271.png</titleshot><thumbnail>~/../thumbs/Amstrad - GX4000/Named_Boxarts/coptr271.png</thumbnail><marquee>~/../thumbs/Amstrad - GX4000/Named_Logos/coptr271.png</marquee></game>
<game><path>./Amstrad GX4000 Split/crzycrs2.zip</path><name>crzycrs2</name><image>~/../thumbs/Amstrad - GX4000/Named_Snaps/crzycrs2.png</image><titleshot>~/../thumbs/Amstrad - GX4000/Named_Titles/crzycrs2.png</titleshot><thumbnail>~/../thumbs/Amstrad - GX4000/Named_Boxarts/crzycrs2.png</thumbnail><marquee>~/../thumbs/Amstrad - GX4000/Named_Logos/crzycrs2.png</marquee></game>
<game><path>./Amstrad GX4000 Split/dicktr.zip</path><name>dicktr</name><image>~/../thumbs/Amstrad - GX4000/Named_Snaps/dicktr.png</image><titleshot>~/../thumbs/Amstrad - GX4000/Named_Titles/dicktr.png</titleshot><thumbnail>~/../thumbs/Amstrad - GX4000/Named_Boxarts/dicktr.png</thumbnail><marquee>~/../thumbs/Amstrad - GX4000/Named_Logos/dicktr.png</marquee></game>
<game><path>./Amstrad GX4000 Split/enforcer.zip</path><name>enforcer</name><image>~/../thumbs/Amstrad - GX4000/Named_Snaps/enforcer.png</image><titleshot>~/../thumbs/Amstrad - GX4000/Named_Titles/enforcer.png</titleshot><thumbnail>~/../thumbs/Amstrad - GX4000/Named_Boxarts/enforcer.png</thumbnail><marquee>~/../thumbs/Amstrad - GX4000/Named_Logos/enforcer.png</marquee></game>
<game><path>./Amstrad GX4000 Split/firefor2.zip</path><name>firefor2</name><image>~/../thumbs/Amstrad - GX4000/Named_Snaps/firefor2.png</image><titleshot>~/../thumbs/Amstrad - GX4000/Named_Titles/firefor2.png</titleshot><thumbnail>~/../thumbs/Amstrad - GX4000/Named_Boxarts/firefor2.png</thumbnail><marquee>~/../thumbs/Amstrad - GX4000/Named_Logos/firefor2.png</marquee></game>
<game><path>./Amstrad GX4000 Split/klax.zip</path><name>klax</name><image>~/../thumbs/Amstrad - GX4000/Named_Snaps/klax.png</image><titleshot>~/../thumbs/Amstrad - GX4000/Named_Titles/klax.png</titleshot><thumbnail>~/../thumbs/Amstrad - GX4000/Named_Boxarts/klax.png</thumbnail><marquee>~/../thumbs/Amstrad - GX4000/Named_Logos/klax.png</marquee></game>
<game><path>./Amstrad GX4000 Split/mystical.zip</path><name>mystical</name><image>~/../thumbs/Amstrad - GX4000/Named_Snaps/mystical.png</image><titleshot>~/../thumbs/Amstrad - GX4000/Named_Titles/mystical.png</titleshot><thumbnail>~/../thumbs/Amstrad - GX4000/Named_Boxarts/mystical.png</thumbnail><marquee>~/../thumbs/Amstrad - GX4000/Named_Logos/mystical.png</marquee></game>
<game><path>./Amstrad GX4000 Split/navyseal.zip</path><name>navyseal</name><image>~/../thumbs/Amstrad - GX4000/Named_Snaps/navyseal.png</image><titleshot>~/../thumbs/Amstrad - GX4000/Named_Titles/navyseal.png</titleshot><thumbnail>~/../thumbs/Amstrad - GX4000/Named_Boxarts/navyseal.png</thumbnail><marquee>~/../thumbs/Amstrad - GX4000/Named_Logos/navyseal.png</marquee></game>
<game><path>./Amstrad GX4000 Split/noexit.zip</path><name>noexit</name><image>~/../thumbs/Amstrad - GX4000/Named_Snaps/noexit.png</image><titleshot>~/../thumbs/Amstrad - GX4000/Named_Titles/noexit.png</titleshot><thumbnail>~/../thumbs/Amstrad - GX4000/Named_Boxarts/noexit.png</thumbnail><marquee>~/../thumbs/Amstrad - GX4000/Named_Logos/noexit.png</marquee></game>
<game><path>./Amstrad GX4000 Split/othunder.zip</path><name>othunder</name><image>~/../thumbs/Amstrad - GX4000/Named_Snaps/othunder.png</image><titleshot>~/../thumbs/Amstrad - GX4000/Named_Titles/othunder.png</titleshot><thumbnail>~/../thumbs/Amstrad - GX4000/Named_Boxarts/othunder.png</thumbnail><marquee>~/../thumbs/Amstrad - GX4000/Named_Logos/othunder.png</marquee></game>
<game><path>./Amstrad GX4000 Split/pang.zip</path><name>pang</name><image>~/../thumbs/Amstrad - GX4000/Named_Snaps/pang.png</image><titleshot>~/../thumbs/Amstrad - GX4000/Named_Titles/pang.png</titleshot><thumbnail>~/../thumbs/Amstrad - GX4000/Named_Boxarts/pang.png</thumbnail><marquee>~/../thumbs/Amstrad - GX4000/Named_Logos/pang.png</marquee></game>
<game><path>./Amstrad GX4000 Split/panzakb.zip</path><name>panzakb</name><image>~/../thumbs/Amstrad - GX4000/Named_Snaps/panzakb.png</image><titleshot>~/../thumbs/Amstrad - GX4000/Named_Titles/panzakb.png</titleshot><thumbnail>~/../thumbs/Amstrad - GX4000/Named_Boxarts/panzakb.png</thumbnail><marquee>~/../thumbs/Amstrad - GX4000/Named_Logos/panzakb.png</marquee></game>
<game><path>./Amstrad GX4000 Split/pinmagic.zip</path><name>pinmagic</name><image>~/../thumbs/Amstrad - GX4000/Named_Snaps/pinmagic.png</image><titleshot>~/../thumbs/Amstrad - GX4000/Named_Titles/pinmagic.png</titleshot><thumbnail>~/../thumbs/Amstrad - GX4000/Named_Boxarts/pinmagic.png</thumbnail><marquee>~/../thumbs/Amstrad - GX4000/Named_Logos/pinmagic.png</marquee></game>
<game><path>./Amstrad GX4000 Split/plotting.zip</path><name>plotting</name><image>~/../thumbs/Amstrad - GX4000/Named_Snaps/plotting.png</image><titleshot>~/../thumbs/Amstrad - GX4000/Named_Titles/plotting.png</titleshot><thumbnail>~/../thumbs/Amstrad - GX4000/Named_Boxarts/plotting.png</thumbnail><marquee>~/../thumbs/Amstrad - GX4000/Named_Logos/plotting.png</marquee></game>
<game><path>./Amstrad GX4000 Split/protennt.zip</path><name>protennt</name><image>~/../thumbs/Amstrad - GX4000/Named_Snaps/protennt.png</image><titleshot>~/../thumbs/Amstrad - GX4000/Named_Titles/protennt.png</titleshot><thumbnail>~/../thumbs/Amstrad - GX4000/Named_Boxarts/protennt.png</thumbnail><marquee>~/../thumbs/Amstrad - GX4000/Named_Logos/protennt.png</marquee></game>
<game><path>./Amstrad GX4000 Split/robocop2.zip</path><name>robocop2</name><image>~/../thumbs/Amstrad - GX4000/Named_Snaps/robocop2.png</image><titleshot>~/../thumbs/Amstrad - GX4000/Named_Titles/robocop2.png</titleshot><thumbnail>~/../thumbs/Amstrad - GX4000/Named_Boxarts/robocop2.png</thumbnail><marquee>~/../thumbs/Amstrad - GX4000/Named_Logos/robocop2.png</marquee></game>
<game><path>./Amstrad GX4000 Split/skeetsh.zip</path><name>skeetsh</name><image>~/../thumbs/Amstrad - GX4000/Named_Snaps/skeetsh.png</image><titleshot>~/../thumbs/Amstrad - GX4000/Named_Titles/skeetsh.png</titleshot><thumbnail>~/../thumbs/Amstrad - GX4000/Named_Boxarts/skeetsh.png</thumbnail><marquee>~/../thumbs/Amstrad - GX4000/Named_Logos/skeetsh.png</marquee></game>
<game><path>./Amstrad GX4000 Split/switchbl.zip</path><name>switchbl</name><image>~/../thumbs/Amstrad - GX4000/Named_Snaps/switchbl.png</image><titleshot>~/../thumbs/Amstrad - GX4000/Named_Titles/switchbl.png</titleshot><thumbnail>~/../thumbs/Amstrad - GX4000/Named_Boxarts/switchbl.png</thumbnail><marquee>~/../thumbs/Amstrad - GX4000/Named_Logos/switchbl.png</marquee></game>
<game><path>./Amstrad GX4000 Split/syses.zip</path><name>syses</name><image>~/../thumbs/Amstrad - GX4000/Named_Snaps/syses.png</image><titleshot>~/../thumbs/Amstrad - GX4000/Named_Titles/syses.png</titleshot><thumbnail>~/../thumbs/Amstrad - GX4000/Named_Boxarts/syses.png</thumbnail><marquee>~/../thumbs/Amstrad - GX4000/Named_Logos/syses.png</marquee></game>
<game><path>./Amstrad GX4000 Split/sysespd.zip</path><name>sysespd</name><image>~/../thumbs/Amstrad - GX4000/Named_Snaps/sysespd.png</image><titleshot>~/../thumbs/Amstrad - GX4000/Named_Titles/sysespd.png</titleshot><thumbnail>~/../thumbs/Amstrad - GX4000/Named_Boxarts/sysespd.png</thumbnail><marquee>~/../thumbs/Amstrad - GX4000/Named_Logos/sysespd.png</marquee></game>
<game><path>./Amstrad GX4000 Split/sysfr.zip</path><name>sysfr</name><image>~/../thumbs/Amstrad - GX4000/Named_Snaps/sysfr.png</image><titleshot>~/../thumbs/Amstrad - GX4000/Named_Titles/sysfr.png</titleshot><thumbnail>~/../thumbs/Amstrad - GX4000/Named_Boxarts/sysfr.png</thumbnail><marquee>~/../thumbs/Amstrad - GX4000/Named_Logos/sysfr.png</marquee></game>
<game><path>./Amstrad GX4000 Split/sysfrpd.zip</path><name>sysfrpd</name><image>~/../thumbs/Amstrad - GX4000/Named_Snaps/sysfrpd.png</image><titleshot>~/../thumbs/Amstrad - GX4000/Named_Titles/sysfrpd.png</titleshot><thumbnail>~/../thumbs/Amstrad - GX4000/Named_Boxarts/sysfrpd.png</thumbnail><marquee>~/../thumbs/Amstrad - GX4000/Named_Logos/sysfrpd.png</marquee></game>
<game><path>./Amstrad GX4000 Split/sysfrv3.zip</path><name>sysfrv3</name><image>~/../thumbs/Amstrad - GX4000/Named_Snaps/sysfrv3.png</image><titleshot>~/../thumbs/Amstrad - GX4000/Named_Titles/sysfrv3.png</titleshot><thumbnail>~/../thumbs/Amstrad - GX4000/Named_Boxarts/sysfrv3.png</thumbnail><marquee>~/../thumbs/Amstrad - GX4000/Named_Logos/sysfrv3.png</marquee></game>
<game><path>./Amstrad GX4000 Split/sysuk.zip</path><name>sysuk</name><image>~/../thumbs/Amstrad - GX4000/Named_Snaps/sysuk.png</image><titleshot>~/../thumbs/Amstrad - GX4000/Named_Titles/sysuk.png</titleshot><thumbnail>~/../thumbs/Amstrad - GX4000/Named_Boxarts/sysuk.png</thumbnail><marquee>~/../thumbs/Amstrad - GX4000/Named_Logos/sysuk.png</marquee></game>
<game><path>./Amstrad GX4000 Split/sysukpd.zip</path><name>sysukpd</name><image>~/../thumbs/Amstrad - GX4000/Named_Snaps/sysukpd.png</image><titleshot>~/../thumbs/Amstrad - GX4000/Named_Titles/sysukpd.png</titleshot><thumbnail>~/../thumbs/Amstrad - GX4000/Named_Boxarts/sysukpd.png</thumbnail><marquee>~/../thumbs/Amstrad - GX4000/Named_Logos/sysukpd.png</marquee></game>
<game><path>./Amstrad GX4000 Split/tennisc2.zip</path><name>tennisc2</name><image>~/../thumbs/Amstrad - GX4000/Named_Snaps/tennisc2.png</image><titleshot>~/../thumbs/Amstrad - GX4000/Named_Titles/tennisc2.png</titleshot><thumbnail>~/../thumbs/Amstrad - GX4000/Named_Boxarts/tennisc2.png</thumbnail><marquee>~/../thumbs/Amstrad - GX4000/Named_Logos/tennisc2.png</marquee></game>
<game><path>./Amstrad GX4000 Split/tintin.zip</path><name>tintin</name><image>~/../thumbs/Amstrad - GX4000/Named_Snaps/tintin.png</image><titleshot>~/../thumbs/Amstrad - GX4000/Named_Titles/tintin.png</titleshot><thumbnail>~/../thumbs/Amstrad - GX4000/Named_Boxarts/tintin.png</thumbnail><marquee>~/../thumbs/Amstrad - GX4000/Named_Logos/tintin.png</marquee></game>
<game><path>./Amstrad GX4000 Split/wildstrt.zip</path><name>wildstrt</name><image>~/../thumbs/Amstrad - GX4000/Named_Snaps/wildstrt.png</image><titleshot>~/../thumbs/Amstrad - GX4000/Named_Titles/wildstrt.png</titleshot><thumbnail>~/../thumbs/Amstrad - GX4000/Named_Boxarts/wildstrt.png</thumbnail><marquee>~/../thumbs/Amstrad - GX4000/Named_Logos/wildstrt.png</marquee></game>
<game><path>./Amstrad GX4000 Split/worldspt.zip</path><name>worldspt</name><image>~/../thumbs/Amstrad - GX4000/Named_Snaps/worldspt.png</image><titleshot>~/../thumbs/Amstrad - GX4000/Named_Titles/worldspt.png</titleshot><thumbnail>~/../thumbs/Amstrad - GX4000/Named_Boxarts/worldspt.png</thumbnail><marquee>~/../thumbs/Amstrad - GX4000/Named_Logos/worldspt.png</marquee></game>
<folder><path>./Amstrad GX4000 Split</path><name>Amstrad GX4000 Split</name><image>~/../thumb/gx4000.png</image></folder>
</gameList>
