<gameList>
<game><path>./Casio PV-1000 NoIntro/Amidar (Japan).zip</path><name>Amidar (Japan)</name><image>~/../thumbs/Casio - PV-1000/Named_Snaps/Amidar (Japan).png</image><titleshot>~/../thumbs/Casio - PV-1000/Named_Titles/Amidar (Japan).png</titleshot><thumbnail>~/../thumbs/Casio - PV-1000/Named_Boxarts/Amidar (Japan).png</thumbnail><marquee>~/../thumbs/Casio - PV-1000/Named_Logos/Amidar (Japan).png</marquee></game>
<game><path>./Casio PV-1000 NoIntro/Dig Dug (Japan).zip</path><name>Dig Dug (Japan)</name><image>~/../thumbs/Casio - PV-1000/Named_Snaps/Dig Dug (Japan).png</image><titleshot>~/../thumbs/Casio - PV-1000/Named_Titles/Dig Dug (Japan).png</titleshot><thumbnail>~/../thumbs/Casio - PV-1000/Named_Boxarts/Dig Dug (Japan).png</thumbnail><marquee>~/../thumbs/Casio - PV-1000/Named_Logos/Dig Dug (Japan).png</marquee></game>
<game><path>./Casio PV-1000 NoIntro/Dirty Chameleon (Japan).zip</path><name>Dirty Chameleon (Japan)</name><image>~/../thumbs/Casio - PV-1000/Named_Snaps/Dirty Chameleon (Japan).png</image><titleshot>~/../thumbs/Casio - PV-1000/Named_Titles/Dirty Chameleon (Japan).png</titleshot><thumbnail>~/../thumbs/Casio - PV-1000/Named_Boxarts/Dirty Chameleon (Japan).png</thumbnail><marquee>~/../thumbs/Casio - PV-1000/Named_Logos/Dirty Chameleon (Japan).png</marquee></game>
<game><path>./Casio PV-1000 NoIntro/Excite Mahjong (Japan).zip</path><name>Excite Mahjong (Japan)</name><image>~/../thumbs/Casio - PV-1000/Named_Snaps/Excite Mahjong (Japan).png</image><titleshot>~/../thumbs/Casio - PV-1000/Named_Titles/Excite Mahjong (Japan).png</titleshot><thumbnail>~/../thumbs/Casio - PV-1000/Named_Boxarts/Excite Mahjong (Japan).png</thumbnail><marquee>~/../thumbs/Casio - PV-1000/Named_Logos/Excite Mahjong (Japan).png</marquee></game>
<game><path>./Casio PV-1000 NoIntro/Fighting Bug (Japan).zip</path><name>Fighting Bug (Japan)</name><image>~/../thumbs/Casio - PV-1000/Named_Snaps/Fighting Bug (Japan).png</image><titleshot>~/../thumbs/Casio - PV-1000/Named_Titles/Fighting Bug (Japan).png</titleshot><thumbnail>~/../thumbs/Casio - PV-1000/Named_Boxarts/Fighting Bug (Japan).png</thumbnail><marquee>~/../thumbs/Casio - PV-1000/Named_Logos/Fighting Bug (Japan).png</marquee></game>
<game><path>./Casio PV-1000 NoIntro/Naughty Boy (Japan).zip</path><name>Naughty Boy (Japan)</name><image>~/../thumbs/Casio - PV-1000/Named_Snaps/Naughty Boy (Japan).png</image><titleshot>~/../thumbs/Casio - PV-1000/Named_Titles/Naughty Boy (Japan).png</titleshot><thumbnail>~/../thumbs/Casio - PV-1000/Named_Boxarts/Naughty Boy (Japan).png</thumbnail><marquee>~/../thumbs/Casio - PV-1000/Named_Logos/Naughty Boy (Japan).png</marquee></game>
<game><path>./Casio PV-1000 NoIntro/Pachinko-UFO (Japan).zip</path><name>Pachinko-UFO (Japan)</name><image>~/../thumbs/Casio - PV-1000/Named_Snaps/Pachinko-UFO (Japan).png</image><titleshot>~/../thumbs/Casio - PV-1000/Named_Titles/Pachinko-UFO (Japan).png</titleshot><thumbnail>~/../thumbs/Casio - PV-1000/Named_Boxarts/Pachinko-UFO (Japan).png</thumbnail><marquee>~/../thumbs/Casio - PV-1000/Named_Logos/Pachinko-UFO (Japan).png</marquee></game>
<game><path>./Casio PV-1000 NoIntro/Pooyan (Japan).zip</path><name>Pooyan (Japan)</name><image>~/../thumbs/Casio - PV-1000/Named_Snaps/Pooyan (Japan).png</image><titleshot>~/../thumbs/Casio - PV-1000/Named_Titles/Pooyan (Japan).png</titleshot><thumbnail>~/../thumbs/Casio - PV-1000/Named_Boxarts/Pooyan (Japan).png</thumbnail><marquee>~/../thumbs/Casio - PV-1000/Named_Logos/Pooyan (Japan).png</marquee></game>
<game><path>./Casio PV-1000 NoIntro/Space Panic (Japan).zip</path><name>Space Panic (Japan)</name><image>~/../thumbs/Casio - PV-1000/Named_Snaps/Space Panic (Japan).png</image><titleshot>~/../thumbs/Casio - PV-1000/Named_Titles/Space Panic (Japan).png</titleshot><thumbnail>~/../thumbs/Casio - PV-1000/Named_Boxarts/Space Panic (Japan).png</thumbnail><marquee>~/../thumbs/Casio - PV-1000/Named_Logos/Space Panic (Japan).png</marquee></game>
<game><path>./Casio PV-1000 NoIntro/Super Cobra (Japan).zip</path><name>Super Cobra (Japan)</name><image>~/../thumbs/Casio - PV-1000/Named_Snaps/Super Cobra (Japan).png</image><titleshot>~/../thumbs/Casio - PV-1000/Named_Titles/Super Cobra (Japan).png</titleshot><thumbnail>~/../thumbs/Casio - PV-1000/Named_Boxarts/Super Cobra (Japan).png</thumbnail><marquee>~/../thumbs/Casio - PV-1000/Named_Logos/Super Cobra (Japan).png</marquee></game>
<game><path>./Casio PV-1000 NoIntro/Turpin (Japan).zip</path><name>Turpin (Japan)</name><image>~/../thumbs/Casio - PV-1000/Named_Snaps/Turpin (Japan).png</image><titleshot>~/../thumbs/Casio - PV-1000/Named_Titles/Turpin (Japan).png</titleshot><thumbnail>~/../thumbs/Casio - PV-1000/Named_Boxarts/Turpin (Japan).png</thumbnail><marquee>~/../thumbs/Casio - PV-1000/Named_Logos/Turpin (Japan).png</marquee></game>
<game><path>./Casio PV-1000 NoIntro/Tutankham (Japan).zip</path><name>Tutankham (Japan)</name><image>~/../thumbs/Casio - PV-1000/Named_Snaps/Tutankham (Japan).png</image><titleshot>~/../thumbs/Casio - PV-1000/Named_Titles/Tutankham (Japan).png</titleshot><thumbnail>~/../thumbs/Casio - PV-1000/Named_Boxarts/Tutankham (Japan).png</thumbnail><marquee>~/../thumbs/Casio - PV-1000/Named_Logos/Tutankham (Japan).png</marquee></game>
<game><path>./Casio PV-1000 NoIntro/Warp & Warp (Japan).zip</path><name>Warp & Warp (Japan)</name><image>~/../thumbs/Casio - PV-1000/Named_Snaps/Warp & Warp (Japan).png</image><titleshot>~/../thumbs/Casio - PV-1000/Named_Titles/Warp & Warp (Japan).png</titleshot><thumbnail>~/../thumbs/Casio - PV-1000/Named_Boxarts/Warp & Warp (Japan).png</thumbnail><marquee>~/../thumbs/Casio - PV-1000/Named_Logos/Warp & Warp (Japan).png</marquee></game>
<folder><path>./Casio PV-1000 NoIntro</path><name>Casio PV-1000 NoIntro</name><image>~/../thumb/pv1000.png</image></folder>
<game><path>./Casio PV-1000 TOSEC//home/runner/rom/TOSEC/Casio/PV-1000/Games/Casio PV-1000 - Games.zip</path><name>/home/runner/rom/TOSEC/Casio/PV-1000/Games/Casio PV-1000 - Games</name><image>~/../thumbs/Casio - PV-1000/Named_Snaps//home/runner/rom/TOSEC/Casio/PV-1000/Games/Casio PV-1000 - Games.png</image><titleshot>~/../thumbs/Casio - PV-1000/Named_Titles//home/runner/rom/TOSEC/Casio/PV-1000/Games/Casio PV-1000 - Games.png</titleshot><thumbnail>~/../thumbs/Casio - PV-1000/Named_Boxarts//home/runner/rom/TOSEC/Casio/PV-1000/Games/Casio PV-1000 - Games.png</thumbnail><marquee>~/../thumbs/Casio - PV-1000/Named_Logos//home/runner/rom/TOSEC/Casio/PV-1000/Games/Casio PV-1000 - Games.png</marquee></game>
<folder><path>./Casio PV-1000 TOSEC</path><name>Casio PV-1000 TOSEC</name><image>~/../thumb/pv1000.png</image></folder>
</gameList>
