<gameList>
<game><path>./Adventure Vision NoIntro/Defender (USA, Europe).zip</path><name>Defender (USA, Europe)</name><image>~/../thumbs/Entex - Adventure Vision/Named_Snaps/Defender (USA, Europe).png</image><titleshot>~/../thumbs/Entex - Adventure Vision/Named_Titles/Defender (USA, Europe).png</titleshot><thumbnail>~/../thumbs/Entex - Adventure Vision/Named_Boxarts/Defender (USA, Europe).png</thumbnail><marquee>~/../thumbs/Entex - Adventure Vision/Named_Logos/Defender (USA, Europe).png</marquee></game>
<game><path>./Adventure Vision NoIntro/Space Force (USA, Europe).zip</path><name>Space Force (USA, Europe)</name><image>~/../thumbs/Entex - Adventure Vision/Named_Snaps/Space Force (USA, Europe).png</image><titleshot>~/../thumbs/Entex - Adventure Vision/Named_Titles/Space Force (USA, Europe).png</titleshot><thumbnail>~/../thumbs/Entex - Adventure Vision/Named_Boxarts/Space Force (USA, Europe).png</thumbnail><marquee>~/../thumbs/Entex - Adventure Vision/Named_Logos/Space Force (USA, Europe).png</marquee></game>
<game><path>./Adventure Vision NoIntro/Super Cobra (USA, Europe).zip</path><name>Super Cobra (USA, Europe)</name><image>~/../thumbs/Entex - Adventure Vision/Named_Snaps/Super Cobra (USA, Europe).png</image><titleshot>~/../thumbs/Entex - Adventure Vision/Named_Titles/Super Cobra (USA, Europe).png</titleshot><thumbnail>~/../thumbs/Entex - Adventure Vision/Named_Boxarts/Super Cobra (USA, Europe).png</thumbnail><marquee>~/../thumbs/Entex - Adventure Vision/Named_Logos/Super Cobra (USA, Europe).png</marquee></game>
<game><path>./Adventure Vision NoIntro/Turtles (USA, Europe).zip</path><name>Turtles (USA, Europe)</name><image>~/../thumbs/Entex - Adventure Vision/Named_Snaps/Turtles (USA, Europe).png</image><titleshot>~/../thumbs/Entex - Adventure Vision/Named_Titles/Turtles (USA, Europe).png</titleshot><thumbnail>~/../thumbs/Entex - Adventure Vision/Named_Boxarts/Turtles (USA, Europe).png</thumbnail><marquee>~/../thumbs/Entex - Adventure Vision/Named_Logos/Turtles (USA, Europe).png</marquee></game>
<game><path>./Adventure Vision NoIntro/[BIOS] Entex Adventure Vision (USA, Europe).zip</path><name>[BIOS] Entex Adventure Vision (USA, Europe)</name><image>~/../thumbs/Entex - Adventure Vision/Named_Snaps/[BIOS] Entex Adventure Vision (USA, Europe).png</image><titleshot>~/../thumbs/Entex - Adventure Vision/Named_Titles/[BIOS] Entex Adventure Vision (USA, Europe).png</titleshot><thumbnail>~/../thumbs/Entex - Adventure Vision/Named_Boxarts/[BIOS] Entex Adventure Vision (USA, Europe).png</thumbnail><marquee>~/../thumbs/Entex - Adventure Vision/Named_Logos/[BIOS] Entex Adventure Vision (USA, Europe).png</marquee><hidden>true</hidden></game>
<folder><path>./Adventure Vision NoIntro</path><name>Adventure Vision NoIntro</name><image>~/../thumb/advision.png</image></folder>
<game><path>./Adventure Vision TOSEC//home/runner/rom/TOSEC/Entex/Adventure Vision/Games/Entex Adventure Vision - Games.zip</path><name>/home/runner/rom/TOSEC/Entex/Adventure Vision/Games/Entex Adventure Vision - Games</name><image>~/../thumbs/Entex - Adventure Vision/Named_Snaps//home/runner/rom/TOSEC/Entex/Adventure Vision/Games/Entex Adventure Vision - Games.png</image><titleshot>~/../thumbs/Entex - Adventure Vision/Named_Titles//home/runner/rom/TOSEC/Entex/Adventure Vision/Games/Entex Adventure Vision - Games.png</titleshot><thumbnail>~/../thumbs/Entex - Adventure Vision/Named_Boxarts//home/runner/rom/TOSEC/Entex/Adventure Vision/Games/Entex Adventure Vision - Games.png</thumbnail><marquee>~/../thumbs/Entex - Adventure Vision/Named_Logos//home/runner/rom/TOSEC/Entex/Adventure Vision/Games/Entex Adventure Vision - Games.png</marquee></game>
<folder><path>./Adventure Vision TOSEC</path><name>Adventure Vision TOSEC</name><image>~/../thumb/advision.png</image></folder>
</gameList>
