<gameList>
<game><path>./Super Acan NoIntro/Boom Zoo (Taiwan).zip</path><name>Boom Zoo (Taiwan)</name><image>~/../thumbs/Funtech - Super Acan/Named_Snaps/Boom Zoo (Taiwan).png</image><titleshot>~/../thumbs/Funtech - Super Acan/Named_Titles/Boom Zoo (Taiwan).png</titleshot><thumbnail>~/../thumbs/Funtech - Super Acan/Named_Boxarts/Boom Zoo (Taiwan).png</thumbnail><marquee>~/../thumbs/Funtech - Super Acan/Named_Logos/Boom Zoo (Taiwan).png</marquee></game>
<game><path>./Super Acan NoIntro/Formosa Duel (Taiwan).zip</path><name>Formosa Duel (Taiwan)</name><image>~/../thumbs/Funtech - Super Acan/Named_Snaps/Formosa Duel (Taiwan).png</image><titleshot>~/../thumbs/Funtech - Super Acan/Named_Titles/Formosa Duel (Taiwan).png</titleshot><thumbnail>~/../thumbs/Funtech - Super Acan/Named_Boxarts/Formosa Duel (Taiwan).png</thumbnail><marquee>~/../thumbs/Funtech - Super Acan/Named_Logos/Formosa Duel (Taiwan).png</marquee></game>
<game><path>./Super Acan NoIntro/Gambling Lord (Taiwan).zip</path><name>Gambling Lord (Taiwan)</name><image>~/../thumbs/Funtech - Super Acan/Named_Snaps/Gambling Lord (Taiwan).png</image><titleshot>~/../thumbs/Funtech - Super Acan/Named_Titles/Gambling Lord (Taiwan).png</titleshot><thumbnail>~/../thumbs/Funtech - Super Acan/Named_Boxarts/Gambling Lord (Taiwan).png</thumbnail><marquee>~/../thumbs/Funtech - Super Acan/Named_Logos/Gambling Lord (Taiwan).png</marquee></game>
<game><path>./Super Acan NoIntro/Journey to the Laugh (Taiwan).zip</path><name>Journey to the Laugh (Taiwan)</name><image>~/../thumbs/Funtech - Super Acan/Named_Snaps/Journey to the Laugh (Taiwan).png</image><titleshot>~/../thumbs/Funtech - Super Acan/Named_Titles/Journey to the Laugh (Taiwan).png</titleshot><thumbnail>~/../thumbs/Funtech - Super Acan/Named_Boxarts/Journey to the Laugh (Taiwan).png</thumbnail><marquee>~/../thumbs/Funtech - Super Acan/Named_Logos/Journey to the Laugh (Taiwan).png</marquee></game>
<game><path>./Super Acan NoIntro/Magical Pool (Taiwan).zip</path><name>Magical Pool (Taiwan)</name><image>~/../thumbs/Funtech - Super Acan/Named_Snaps/Magical Pool (Taiwan).png</image><titleshot>~/../thumbs/Funtech - Super Acan/Named_Titles/Magical Pool (Taiwan).png</titleshot><thumbnail>~/../thumbs/Funtech - Super Acan/Named_Boxarts/Magical Pool (Taiwan).png</thumbnail><marquee>~/../thumbs/Funtech - Super Acan/Named_Logos/Magical Pool (Taiwan).png</marquee></game>
<game><path>./Super Acan NoIntro/Monopoly - Adventure in Africa (Taiwan).zip</path><name>Monopoly - Adventure in Africa (Taiwan)</name><image>~/../thumbs/Funtech - Super Acan/Named_Snaps/Monopoly - Adventure in Africa (Taiwan).png</image><titleshot>~/../thumbs/Funtech - Super Acan/Named_Titles/Monopoly - Adventure in Africa (Taiwan).png</titleshot><thumbnail>~/../thumbs/Funtech - Super Acan/Named_Boxarts/Monopoly - Adventure in Africa (Taiwan).png</thumbnail><marquee>~/../thumbs/Funtech - Super Acan/Named_Logos/Monopoly - Adventure in Africa (Taiwan).png</marquee></game>
<game><path>./Super Acan NoIntro/Rebel Star (Taiwan) (En).zip</path><name>Rebel Star (Taiwan) (En)</name><image>~/../thumbs/Funtech - Super Acan/Named_Snaps/Rebel Star (Taiwan).png</image><titleshot>~/../thumbs/Funtech - Super Acan/Named_Titles/Rebel Star (Taiwan).png</titleshot><thumbnail>~/../thumbs/Funtech - Super Acan/Named_Boxarts/Rebel Star (Taiwan).png</thumbnail><marquee>~/../thumbs/Funtech - Super Acan/Named_Logos/Rebel Star (Taiwan).png</marquee></game>
<game><path>./Super Acan NoIntro/Sango Fighter (Taiwan).zip</path><name>Sango Fighter (Taiwan)</name><image>~/../thumbs/Funtech - Super Acan/Named_Snaps/Sango Fighter (Taiwan).png</image><titleshot>~/../thumbs/Funtech - Super Acan/Named_Titles/Sango Fighter (Taiwan).png</titleshot><thumbnail>~/../thumbs/Funtech - Super Acan/Named_Boxarts/Sango Fighter (Taiwan).png</thumbnail><marquee>~/../thumbs/Funtech - Super Acan/Named_Logos/Sango Fighter (Taiwan).png</marquee></game>
<game><path>./Super Acan NoIntro/Speedy Dragon (Taiwan).zip</path><name>Speedy Dragon (Taiwan)</name><image>~/../thumbs/Funtech - Super Acan/Named_Snaps/Speedy Dragon (Taiwan).png</image><titleshot>~/../thumbs/Funtech - Super Acan/Named_Titles/Speedy Dragon (Taiwan).png</titleshot><thumbnail>~/../thumbs/Funtech - Super Acan/Named_Boxarts/Speedy Dragon (Taiwan).png</thumbnail><marquee>~/../thumbs/Funtech - Super Acan/Named_Logos/Speedy Dragon (Taiwan).png</marquee></game>
<game><path>./Super Acan NoIntro/Super Dragon Force (Taiwan).zip</path><name>Super Dragon Force (Taiwan)</name><image>~/../thumbs/Funtech - Super Acan/Named_Snaps/Super Dragon Force (Taiwan).png</image><titleshot>~/../thumbs/Funtech - Super Acan/Named_Titles/Super Dragon Force (Taiwan).png</titleshot><thumbnail>~/../thumbs/Funtech - Super Acan/Named_Boxarts/Super Dragon Force (Taiwan).png</thumbnail><marquee>~/../thumbs/Funtech - Super Acan/Named_Logos/Super Dragon Force (Taiwan).png</marquee></game>
<game><path>./Super Acan NoIntro/Super Taiwanese Baseball League (Taiwan).zip</path><name>Super Taiwanese Baseball League (Taiwan)</name><image>~/../thumbs/Funtech - Super Acan/Named_Snaps/Super Taiwanese Baseball League (Taiwan).png</image><titleshot>~/../thumbs/Funtech - Super Acan/Named_Titles/Super Taiwanese Baseball League (Taiwan).png</titleshot><thumbnail>~/../thumbs/Funtech - Super Acan/Named_Boxarts/Super Taiwanese Baseball League (Taiwan).png</thumbnail><marquee>~/../thumbs/Funtech - Super Acan/Named_Logos/Super Taiwanese Baseball League (Taiwan).png</marquee></game>
<game><path>./Super Acan NoIntro/The Son of Evil (Taiwan).zip</path><name>The Son of Evil (Taiwan)</name><image>~/../thumbs/Funtech - Super Acan/Named_Snaps/The Son of Evil (Taiwan).png</image><titleshot>~/../thumbs/Funtech - Super Acan/Named_Titles/The Son of Evil (Taiwan).png</titleshot><thumbnail>~/../thumbs/Funtech - Super Acan/Named_Boxarts/The Son of Evil (Taiwan).png</thumbnail><marquee>~/../thumbs/Funtech - Super Acan/Named_Logos/The Son of Evil (Taiwan).png</marquee></game>
<folder><path>./Super Acan NoIntro</path><name>supracan</name><image>~/../thumb/supracan.png</image></folder>
<game><path>./Super Acan TOSEC/Boom Zoo ~ Bao Bao Dong Wu Yuan (1995)(Funtech)(TW)[F011].zip</path><name>Boom Zoo ~ Bao Bao Dong Wu Yuan (1995)(Funtech)(TW)[F011]</name><image>~/../thumbs/Funtech - Super Acan/Named_Snaps/Boom Zoo ~ Bao Bao Dong Wu Yuan (1995).png</image><titleshot>~/../thumbs/Funtech - Super Acan/Named_Titles/Boom Zoo ~ Bao Bao Dong Wu Yuan (1995).png</titleshot><thumbnail>~/../thumbs/Funtech - Super Acan/Named_Boxarts/Boom Zoo ~ Bao Bao Dong Wu Yuan (1995).png</thumbnail><marquee>~/../thumbs/Funtech - Super Acan/Named_Logos/Boom Zoo ~ Bao Bao Dong Wu Yuan (1995).png</marquee></game>
<game><path>./Super Acan TOSEC/Formosa Duel (1995)(AV Artisan)(TW)[F001].zip</path><name>Formosa Duel (1995)(AV Artisan)(TW)[F001]</name><image>~/../thumbs/Funtech - Super Acan/Named_Snaps/Formosa Duel (1995).png</image><titleshot>~/../thumbs/Funtech - Super Acan/Named_Titles/Formosa Duel (1995).png</titleshot><thumbnail>~/../thumbs/Funtech - Super Acan/Named_Boxarts/Formosa Duel (1995).png</thumbnail><marquee>~/../thumbs/Funtech - Super Acan/Named_Logos/Formosa Duel (1995).png</marquee></game>
<game><path>./Super Acan TOSEC/Gambling Lord (1996)(Funtech)(TW)[F009].zip</path><name>Gambling Lord (1996)(Funtech)(TW)[F009]</name><image>~/../thumbs/Funtech - Super Acan/Named_Snaps/Gambling Lord (1996).png</image><titleshot>~/../thumbs/Funtech - Super Acan/Named_Titles/Gambling Lord (1996).png</titleshot><thumbnail>~/../thumbs/Funtech - Super Acan/Named_Boxarts/Gambling Lord (1996).png</thumbnail><marquee>~/../thumbs/Funtech - Super Acan/Named_Logos/Gambling Lord (1996).png</marquee></game>
<game><path>./Super Acan TOSEC/Journey to the Laugh ~ Xi You Ji (1995)(Funtech)(TW)[F006].zip</path><name>Journey to the Laugh ~ Xi You Ji (1995)(Funtech)(TW)[F006]</name><image>~/../thumbs/Funtech - Super Acan/Named_Snaps/Journey to the Laugh ~ Xi You Ji (1995).png</image><titleshot>~/../thumbs/Funtech - Super Acan/Named_Titles/Journey to the Laugh ~ Xi You Ji (1995).png</titleshot><thumbnail>~/../thumbs/Funtech - Super Acan/Named_Boxarts/Journey to the Laugh ~ Xi You Ji (1995).png</thumbnail><marquee>~/../thumbs/Funtech - Super Acan/Named_Logos/Journey to the Laugh ~ Xi You Ji (1995).png</marquee></game>
<game><path>./Super Acan TOSEC/Magical Pool (199x)(Funtech)(TW)[F010].zip</path><name>Magical Pool (199x)(Funtech)(TW)[F010]</name><image>~/../thumbs/Funtech - Super Acan/Named_Snaps/Magical Pool (199x).png</image><titleshot>~/../thumbs/Funtech - Super Acan/Named_Titles/Magical Pool (199x).png</titleshot><thumbnail>~/../thumbs/Funtech - Super Acan/Named_Boxarts/Magical Pool (199x).png</thumbnail><marquee>~/../thumbs/Funtech - Super Acan/Named_Logos/Magical Pool (199x).png</marquee></game>
<game><path>./Super Acan TOSEC/Monopoly - Adventure in Africa ~ Fei Zhou Tan Xian Da Fu Weng (1995)(Panda Entertainment Technology)(TW)[F008].zip</path><name>Monopoly - Adventure in Africa ~ Fei Zhou Tan Xian Da Fu Weng (1995)(Panda Entertainment Technology)(TW)[F008]</name><image>~/../thumbs/Funtech - Super Acan/Named_Snaps/Monopoly - Adventure in Africa ~ Fei Zhou Tan Xian Da Fu Weng (1995).png</image><titleshot>~/../thumbs/Funtech - Super Acan/Named_Titles/Monopoly - Adventure in Africa ~ Fei Zhou Tan Xian Da Fu Weng (1995).png</titleshot><thumbnail>~/../thumbs/Funtech - Super Acan/Named_Boxarts/Monopoly - Adventure in Africa ~ Fei Zhou Tan Xian Da Fu Weng (1995).png</thumbnail><marquee>~/../thumbs/Funtech - Super Acan/Named_Logos/Monopoly - Adventure in Africa ~ Fei Zhou Tan Xian Da Fu Weng (1995).png</marquee></game>
<game><path>./Super Acan TOSEC/Sango Fighter ~ Wu Jiang Zheng Ba - San Guo Zhi (1995)(Panda Entertainment Technology)(TW)[F002].zip</path><name>Sango Fighter ~ Wu Jiang Zheng Ba - San Guo Zhi (1995)(Panda Entertainment Technology)(TW)[F002]</name><image>~/../thumbs/Funtech - Super Acan/Named_Snaps/Sango Fighter ~ Wu Jiang Zheng Ba - San Guo Zhi (1995).png</image><titleshot>~/../thumbs/Funtech - Super Acan/Named_Titles/Sango Fighter ~ Wu Jiang Zheng Ba - San Guo Zhi (1995).png</titleshot><thumbnail>~/../thumbs/Funtech - Super Acan/Named_Boxarts/Sango Fighter ~ Wu Jiang Zheng Ba - San Guo Zhi (1995).png</thumbnail><marquee>~/../thumbs/Funtech - Super Acan/Named_Logos/Sango Fighter ~ Wu Jiang Zheng Ba - San Guo Zhi (1995).png</marquee></game>
<game><path>./Super Acan TOSEC/Son of Evil, The ~ Xie E Zhi Zi (1995)(Funtech)(TW)[F003].zip</path><name>Son of Evil, The ~ Xie E Zhi Zi (1995)(Funtech)(TW)[F003]</name><image>~/../thumbs/Funtech - Super Acan/Named_Snaps/Son of Evil, The ~ Xie E Zhi Zi (1995).png</image><titleshot>~/../thumbs/Funtech - Super Acan/Named_Titles/Son of Evil, The ~ Xie E Zhi Zi (1995).png</titleshot><thumbnail>~/../thumbs/Funtech - Super Acan/Named_Boxarts/Son of Evil, The ~ Xie E Zhi Zi (1995).png</thumbnail><marquee>~/../thumbs/Funtech - Super Acan/Named_Logos/Son of Evil, The ~ Xie E Zhi Zi (1995).png</marquee></game>
<game><path>./Super Acan TOSEC/Speedy Dragon ~ Yin Su Fei Long (1995)(AV Artisan)(TW)[F004].zip</path><name>Speedy Dragon ~ Yin Su Fei Long (1995)(AV Artisan)(TW)[F004]</name><image>~/../thumbs/Funtech - Super Acan/Named_Snaps/Speedy Dragon ~ Yin Su Fei Long (1995).png</image><titleshot>~/../thumbs/Funtech - Super Acan/Named_Titles/Speedy Dragon ~ Yin Su Fei Long (1995).png</titleshot><thumbnail>~/../thumbs/Funtech - Super Acan/Named_Boxarts/Speedy Dragon ~ Yin Su Fei Long (1995).png</thumbnail><marquee>~/../thumbs/Funtech - Super Acan/Named_Logos/Speedy Dragon ~ Yin Su Fei Long (1995).png</marquee></game>
<game><path>./Super Acan TOSEC/Super Light Saga - Dragon Force ~ Chao Ji Guang Ming Zhan Shi (1996)(Kingformation)(TW)[F007].zip</path><name>Super Light Saga - Dragon Force ~ Chao Ji Guang Ming Zhan Shi (1996)(Kingformation)(TW)[F007]</name><image>~/../thumbs/Funtech - Super Acan/Named_Snaps/Super Light Saga - Dragon Force ~ Chao Ji Guang Ming Zhan Shi (1996).png</image><titleshot>~/../thumbs/Funtech - Super Acan/Named_Titles/Super Light Saga - Dragon Force ~ Chao Ji Guang Ming Zhan Shi (1996).png</titleshot><thumbnail>~/../thumbs/Funtech - Super Acan/Named_Boxarts/Super Light Saga - Dragon Force ~ Chao Ji Guang Ming Zhan Shi (1996).png</thumbnail><marquee>~/../thumbs/Funtech - Super Acan/Named_Logos/Super Light Saga - Dragon Force ~ Chao Ji Guang Ming Zhan Shi (1996).png</marquee></game>
<game><path>./Super Acan TOSEC/Super Taiwanese Baseball League ~ Chao Ji Zhong Hua Zhi Bang Lian Meng (1995)(C&E Soft)(TW)[F005].zip</path><name>Super Taiwanese Baseball League ~ Chao Ji Zhong Hua Zhi Bang Lian Meng (1995)(C&E Soft)(TW)[F005]</name><image>~/../thumbs/Funtech - Super Acan/Named_Snaps/Super Taiwanese Baseball League ~ Chao Ji Zhong Hua Zhi Bang Lian Meng (1995).png</image><titleshot>~/../thumbs/Funtech - Super Acan/Named_Titles/Super Taiwanese Baseball League ~ Chao Ji Zhong Hua Zhi Bang Lian Meng (1995).png</titleshot><thumbnail>~/../thumbs/Funtech - Super Acan/Named_Boxarts/Super Taiwanese Baseball League ~ Chao Ji Zhong Hua Zhi Bang Lian Meng (1995).png</thumbnail><marquee>~/../thumbs/Funtech - Super Acan/Named_Logos/Super Taiwanese Baseball League ~ Chao Ji Zhong Hua Zhi Bang Lian Meng (1995).png</marquee></game>
<folder><path>./Super Acan TOSEC</path><name>supracan</name><image>~/../thumb/supracan.png</image></folder>
<game><path>./Super Acan Merged/boomzoo.zip</path><name>boomzoo</name><image>~/../thumbs/Funtech - Super Acan/Named_Snaps/boomzoo.png</image><titleshot>~/../thumbs/Funtech - Super Acan/Named_Titles/boomzoo.png</titleshot><thumbnail>~/../thumbs/Funtech - Super Acan/Named_Boxarts/boomzoo.png</thumbnail><marquee>~/../thumbs/Funtech - Super Acan/Named_Logos/boomzoo.png</marquee></game>
<game><path>./Super Acan Merged/formduel.zip</path><name>formduel</name><image>~/../thumbs/Funtech - Super Acan/Named_Snaps/formduel.png</image><titleshot>~/../thumbs/Funtech - Super Acan/Named_Titles/formduel.png</titleshot><thumbnail>~/../thumbs/Funtech - Super Acan/Named_Boxarts/formduel.png</thumbnail><marquee>~/../thumbs/Funtech - Super Acan/Named_Logos/formduel.png</marquee></game>
<game><path>./Super Acan Merged/gamblord.zip</path><name>gamblord</name><image>~/../thumbs/Funtech - Super Acan/Named_Snaps/gamblord.png</image><titleshot>~/../thumbs/Funtech - Super Acan/Named_Titles/gamblord.png</titleshot><thumbnail>~/../thumbs/Funtech - Super Acan/Named_Boxarts/gamblord.png</thumbnail><marquee>~/../thumbs/Funtech - Super Acan/Named_Logos/gamblord.png</marquee></game>
<game><path>./Super Acan Merged/jttlaugh.zip</path><name>jttlaugh</name><image>~/../thumbs/Funtech - Super Acan/Named_Snaps/jttlaugh.png</image><titleshot>~/../thumbs/Funtech - Super Acan/Named_Titles/jttlaugh.png</titleshot><thumbnail>~/../thumbs/Funtech - Super Acan/Named_Boxarts/jttlaugh.png</thumbnail><marquee>~/../thumbs/Funtech - Super Acan/Named_Logos/jttlaugh.png</marquee></game>
<game><path>./Super Acan Merged/magipool.zip</path><name>magipool</name><image>~/../thumbs/Funtech - Super Acan/Named_Snaps/magipool.png</image><titleshot>~/../thumbs/Funtech - Super Acan/Named_Titles/magipool.png</titleshot><thumbnail>~/../thumbs/Funtech - Super Acan/Named_Boxarts/magipool.png</thumbnail><marquee>~/../thumbs/Funtech - Super Acan/Named_Logos/magipool.png</marquee></game>
<game><path>./Super Acan Merged/monopoly.zip</path><name>monopoly</name><image>~/../thumbs/Funtech - Super Acan/Named_Snaps/monopoly.png</image><titleshot>~/../thumbs/Funtech - Super Acan/Named_Titles/monopoly.png</titleshot><thumbnail>~/../thumbs/Funtech - Super Acan/Named_Boxarts/monopoly.png</thumbnail><marquee>~/../thumbs/Funtech - Super Acan/Named_Logos/monopoly.png</marquee></game>
<game><path>./Super Acan Merged/rebelst.zip</path><name>rebelst</name><image>~/../thumbs/Funtech - Super Acan/Named_Snaps/rebelst.png</image><titleshot>~/../thumbs/Funtech - Super Acan/Named_Titles/rebelst.png</titleshot><thumbnail>~/../thumbs/Funtech - Super Acan/Named_Boxarts/rebelst.png</thumbnail><marquee>~/../thumbs/Funtech - Super Acan/Named_Logos/rebelst.png</marquee></game>
<game><path>./Super Acan Merged/sangofgt.zip</path><name>sangofgt</name><image>~/../thumbs/Funtech - Super Acan/Named_Snaps/sangofgt.png</image><titleshot>~/../thumbs/Funtech - Super Acan/Named_Titles/sangofgt.png</titleshot><thumbnail>~/../thumbs/Funtech - Super Acan/Named_Boxarts/sangofgt.png</thumbnail><marquee>~/../thumbs/Funtech - Super Acan/Named_Logos/sangofgt.png</marquee></game>
<game><path>./Super Acan Merged/slghtsag.zip</path><name>slghtsag</name><image>~/../thumbs/Funtech - Super Acan/Named_Snaps/slghtsag.png</image><titleshot>~/../thumbs/Funtech - Super Acan/Named_Titles/slghtsag.png</titleshot><thumbnail>~/../thumbs/Funtech - Super Acan/Named_Boxarts/slghtsag.png</thumbnail><marquee>~/../thumbs/Funtech - Super Acan/Named_Logos/slghtsag.png</marquee></game>
<game><path>./Super Acan Merged/sonevil.zip</path><name>sonevil</name><image>~/../thumbs/Funtech - Super Acan/Named_Snaps/sonevil.png</image><titleshot>~/../thumbs/Funtech - Super Acan/Named_Titles/sonevil.png</titleshot><thumbnail>~/../thumbs/Funtech - Super Acan/Named_Boxarts/sonevil.png</thumbnail><marquee>~/../thumbs/Funtech - Super Acan/Named_Logos/sonevil.png</marquee></game>
<game><path>./Super Acan Merged/speedyd.zip</path><name>speedyd</name><image>~/../thumbs/Funtech - Super Acan/Named_Snaps/speedyd.png</image><titleshot>~/../thumbs/Funtech - Super Acan/Named_Titles/speedyd.png</titleshot><thumbnail>~/../thumbs/Funtech - Super Acan/Named_Boxarts/speedyd.png</thumbnail><marquee>~/../thumbs/Funtech - Super Acan/Named_Logos/speedyd.png</marquee></game>
<game><path>./Super Acan Merged/staiwbbl.zip</path><name>staiwbbl</name><image>~/../thumbs/Funtech - Super Acan/Named_Snaps/staiwbbl.png</image><titleshot>~/../thumbs/Funtech - Super Acan/Named_Titles/staiwbbl.png</titleshot><thumbnail>~/../thumbs/Funtech - Super Acan/Named_Boxarts/staiwbbl.png</thumbnail><marquee>~/../thumbs/Funtech - Super Acan/Named_Logos/staiwbbl.png</marquee></game>
<folder><path>./Super Acan Merged</path><name>supracan</name><image>~/../thumb/supracan.png</image></folder>
<game><path>./Super Acan Split/boomzoo.zip</path><name>boomzoo</name><image>~/../thumbs/Funtech - Super Acan/Named_Snaps/boomzoo.png</image><titleshot>~/../thumbs/Funtech - Super Acan/Named_Titles/boomzoo.png</titleshot><thumbnail>~/../thumbs/Funtech - Super Acan/Named_Boxarts/boomzoo.png</thumbnail><marquee>~/../thumbs/Funtech - Super Acan/Named_Logos/boomzoo.png</marquee></game>
<game><path>./Super Acan Split/formduel.zip</path><name>formduel</name><image>~/../thumbs/Funtech - Super Acan/Named_Snaps/formduel.png</image><titleshot>~/../thumbs/Funtech - Super Acan/Named_Titles/formduel.png</titleshot><thumbnail>~/../thumbs/Funtech - Super Acan/Named_Boxarts/formduel.png</thumbnail><marquee>~/../thumbs/Funtech - Super Acan/Named_Logos/formduel.png</marquee></game>
<game><path>./Super Acan Split/gamblord.zip</path><name>gamblord</name><image>~/../thumbs/Funtech - Super Acan/Named_Snaps/gamblord.png</image><titleshot>~/../thumbs/Funtech - Super Acan/Named_Titles/gamblord.png</titleshot><thumbnail>~/../thumbs/Funtech - Super Acan/Named_Boxarts/gamblord.png</thumbnail><marquee>~/../thumbs/Funtech - Super Acan/Named_Logos/gamblord.png</marquee></game>
<game><path>./Super Acan Split/jttlaugh.zip</path><name>jttlaugh</name><image>~/../thumbs/Funtech - Super Acan/Named_Snaps/jttlaugh.png</image><titleshot>~/../thumbs/Funtech - Super Acan/Named_Titles/jttlaugh.png</titleshot><thumbnail>~/../thumbs/Funtech - Super Acan/Named_Boxarts/jttlaugh.png</thumbnail><marquee>~/../thumbs/Funtech - Super Acan/Named_Logos/jttlaugh.png</marquee></game>
<game><path>./Super Acan Split/magipool.zip</path><name>magipool</name><image>~/../thumbs/Funtech - Super Acan/Named_Snaps/magipool.png</image><titleshot>~/../thumbs/Funtech - Super Acan/Named_Titles/magipool.png</titleshot><thumbnail>~/../thumbs/Funtech - Super Acan/Named_Boxarts/magipool.png</thumbnail><marquee>~/../thumbs/Funtech - Super Acan/Named_Logos/magipool.png</marquee></game>
<game><path>./Super Acan Split/monopoly.zip</path><name>monopoly</name><image>~/../thumbs/Funtech - Super Acan/Named_Snaps/monopoly.png</image><titleshot>~/../thumbs/Funtech - Super Acan/Named_Titles/monopoly.png</titleshot><thumbnail>~/../thumbs/Funtech - Super Acan/Named_Boxarts/monopoly.png</thumbnail><marquee>~/../thumbs/Funtech - Super Acan/Named_Logos/monopoly.png</marquee></game>
<game><path>./Super Acan Split/rebelst.zip</path><name>rebelst</name><image>~/../thumbs/Funtech - Super Acan/Named_Snaps/rebelst.png</image><titleshot>~/../thumbs/Funtech - Super Acan/Named_Titles/rebelst.png</titleshot><thumbnail>~/../thumbs/Funtech - Super Acan/Named_Boxarts/rebelst.png</thumbnail><marquee>~/../thumbs/Funtech - Super Acan/Named_Logos/rebelst.png</marquee></game>
<game><path>./Super Acan Split/sangofgt.zip</path><name>sangofgt</name><image>~/../thumbs/Funtech - Super Acan/Named_Snaps/sangofgt.png</image><titleshot>~/../thumbs/Funtech - Super Acan/Named_Titles/sangofgt.png</titleshot><thumbnail>~/../thumbs/Funtech - Super Acan/Named_Boxarts/sangofgt.png</thumbnail><marquee>~/../thumbs/Funtech - Super Acan/Named_Logos/sangofgt.png</marquee></game>
<game><path>./Super Acan Split/slghtsag.zip</path><name>slghtsag</name><image>~/../thumbs/Funtech - Super Acan/Named_Snaps/slghtsag.png</image><titleshot>~/../thumbs/Funtech - Super Acan/Named_Titles/slghtsag.png</titleshot><thumbnail>~/../thumbs/Funtech - Super Acan/Named_Boxarts/slghtsag.png</thumbnail><marquee>~/../thumbs/Funtech - Super Acan/Named_Logos/slghtsag.png</marquee></game>
<game><path>./Super Acan Split/sonevil.zip</path><name>sonevil</name><image>~/../thumbs/Funtech - Super Acan/Named_Snaps/sonevil.png</image><titleshot>~/../thumbs/Funtech - Super Acan/Named_Titles/sonevil.png</titleshot><thumbnail>~/../thumbs/Funtech - Super Acan/Named_Boxarts/sonevil.png</thumbnail><marquee>~/../thumbs/Funtech - Super Acan/Named_Logos/sonevil.png</marquee></game>
<game><path>./Super Acan Split/speedyd.zip</path><name>speedyd</name><image>~/../thumbs/Funtech - Super Acan/Named_Snaps/speedyd.png</image><titleshot>~/../thumbs/Funtech - Super Acan/Named_Titles/speedyd.png</titleshot><thumbnail>~/../thumbs/Funtech - Super Acan/Named_Boxarts/speedyd.png</thumbnail><marquee>~/../thumbs/Funtech - Super Acan/Named_Logos/speedyd.png</marquee></game>
<game><path>./Super Acan Split/staiwbbl.zip</path><name>staiwbbl</name><image>~/../thumbs/Funtech - Super Acan/Named_Snaps/staiwbbl.png</image><titleshot>~/../thumbs/Funtech - Super Acan/Named_Titles/staiwbbl.png</titleshot><thumbnail>~/../thumbs/Funtech - Super Acan/Named_Boxarts/staiwbbl.png</thumbnail><marquee>~/../thumbs/Funtech - Super Acan/Named_Logos/staiwbbl.png</marquee></game>
<folder><path>./Super Acan Split</path><name>supracan</name><image>~/../thumb/supracan.png</image></folder>
</gameList>
