<gameList>
<game><path>./Sharp MZ-700 MZF/3D-Car Race (19xx)(-).zip</path><name>3D-Car Race (19xx)(-)</name><image>~/../thumbs/Sharp - MZ-700/Named_Snaps/3D-Car Race (19xx).png</image></game>
<game><path>./Sharp MZ-700 MZF/3D-Way Out (19xx)(BBG Software).zip</path><name>3D-Way Out (19xx)(BBG Software)</name><image>~/../thumbs/Sharp - MZ-700/Named_Snaps/3D-Way Out (19xx).png</image></game>
<game><path>./Sharp MZ-700 MZF/Ace Racer (19xx)(-)[Req BASIC].zip</path><name>Ace Racer (19xx)(-)[Req BASIC]</name><image>~/../thumbs/Sharp - MZ-700/Named_Snaps/Ace Racer (19xx).png</image></game>
<game><path>./Sharp MZ-700 MZF/Action Fly (19xx)(-)(de).zip</path><name>Action Fly (19xx)(-)(de)</name><image>~/../thumbs/Sharp - MZ-700/Named_Snaps/Action Fly (19xx).png</image></game>
<game><path>./Sharp MZ-700 MZF/Advanced Chess (19xx)(Solo Software)(GB).zip</path><name>Advanced Chess (19xx)(Solo Software)(GB)</name><image>~/../thumbs/Sharp - MZ-700/Named_Snaps/Advanced Chess (19xx).png</image></game>
<game><path>./Sharp MZ-700 MZF/Adventure World (19xx)(-)(de).zip</path><name>Adventure World (19xx)(-)(de)</name><image>~/../thumbs/Sharp - MZ-700/Named_Snaps/Adventure World (19xx).png</image></game>
<game><path>./Sharp MZ-700 MZF/Advoka (19xx)(BBG)(DE)(en).zip</path><name>Advoka (19xx)(BBG)(DE)(en)</name><image>~/../thumbs/Sharp - MZ-700/Named_Snaps/Advoka (19xx).png</image></game>
<game><path>./Sharp MZ-700 MZF/Advoka (19xx)(BBG)(DE)(en)[PRG].zip</path><name>Advoka (19xx)(BBG)(DE)(en)[PRG]</name><image>~/../thumbs/Sharp - MZ-700/Named_Snaps/Advoka (19xx).png</image></game>
<game><path>./Sharp MZ-700 MZF/Alligator (19xx)(-)(de).zip</path><name>Alligator (19xx)(-)(de)</name><image>~/../thumbs/Sharp - MZ-700/Named_Snaps/Alligator (19xx).png</image></game>
<game><path>./Sharp MZ-700 MZF/Astro-Blaster (1984)(Solo Software)(GB).zip</path><name>Astro-Blaster (1984)(Solo Software)(GB)</name><image>~/../thumbs/Sharp - MZ-700/Named_Snaps/Astro-Blaster (1984).png</image></game>
<game><path>./Sharp MZ-700 MZF/Autorennen (19xx)(-)(de).zip</path><name>Autorennen (19xx)(-)(de)</name><image>~/../thumbs/Sharp - MZ-700/Named_Snaps/Autorennen (19xx).png</image></game>
<game><path>./Sharp MZ-700 MZF/Backgammon (19xx)(Solo Software)(GB).zip</path><name>Backgammon (19xx)(Solo Software)(GB)</name><image>~/../thumbs/Sharp - MZ-700/Named_Snaps/Backgammon (19xx).png</image></game>
<game><path>./Sharp MZ-700 MZF/Base Zero (19xx)(-).zip</path><name>Base Zero (19xx)(-)</name><image>~/../thumbs/Sharp - MZ-700/Named_Snaps/Base Zero (19xx).png</image></game>
<game><path>./Sharp MZ-700 MZF/Battle Game (1982)(Oak Corp).zip</path><name>Battle Game (1982)(Oak Corp)</name><image>~/../thumbs/Sharp - MZ-700/Named_Snaps/Battle Game (1982).png</image></game>
<game><path>./Sharp MZ-700 MZF/Battlestar Galactica (19xx)(-)(de).zip</path><name>Battlestar Galactica (19xx)(-)(de)</name><image>~/../thumbs/Sharp - MZ-700/Named_Snaps/Battlestar Galactica (19xx).png</image></game>
<game><path>./Sharp MZ-700 MZF/Bomberman (1983)(Hudson Soft).zip</path><name>Bomberman (1983)(Hudson Soft)</name><image>~/../thumbs/Sharp - MZ-700/Named_Snaps/Bomberman (1983).png</image></game>
<game><path>./Sharp MZ-700 MZF/Bubble Sort (19xx)(-)(PD).zip</path><name>Bubble Sort (19xx)(-)(PD)</name><image>~/../thumbs/Sharp - MZ-700/Named_Snaps/Bubble Sort (19xx).png</image></game>
<game><path>./Sharp MZ-700 MZF/Cannon Ball (19xx)(-).zip</path><name>Cannon Ball (19xx)(-)</name><image>~/../thumbs/Sharp - MZ-700/Named_Snaps/Cannon Ball (19xx).png</image></game>
<game><path>./Sharp MZ-700 MZF/Catacombes+ (19xx)(Campan, Francois)(FR).zip</path><name>Catacombes+ (19xx)(Campan, Francois)(FR)</name><image>~/../thumbs/Sharp - MZ-700/Named_Snaps/Catacombes+ (19xx).png</image></game>
<game><path>./Sharp MZ-700 MZF/Circus Star (1983)(Oak Corp).zip</path><name>Circus Star (1983)(Oak Corp)</name><image>~/../thumbs/Sharp - MZ-700/Named_Snaps/Circus Star (1983).png</image></game>
<game><path>./Sharp MZ-700 MZF/Club Golf (1982)(Solo Software)[Req BASIC].zip</path><name>Club Golf (1982)(Solo Software)[Req BASIC]</name><image>~/../thumbs/Sharp - MZ-700/Named_Snaps/Club Golf (1982).png</image></game>
<game><path>./Sharp MZ-700 MZF/Con Chess Welt Meister (19xx)(-)(de).zip</path><name>Con Chess Welt Meister (19xx)(-)(de)</name><image>~/../thumbs/Sharp - MZ-700/Named_Snaps/Con Chess Welt Meister (19xx).png</image></game>
<game><path>./Sharp MZ-700 MZF/Connect Four (19xx)(-).zip</path><name>Connect Four (19xx)(-)</name><image>~/../thumbs/Sharp - MZ-700/Named_Snaps/Connect Four (19xx).png</image></game>
<game><path>./Sharp MZ-700 MZF/Cribbage (19xx)(-).zip</path><name>Cribbage (19xx)(-)</name><image>~/../thumbs/Sharp - MZ-700/Named_Snaps/Cribbage (19xx).png</image></game>
<game><path>./Sharp MZ-700 MZF/Cross Chase (2017-10-11)(Caruso, Fabrizio).zip</path><name>Cross Chase (2017-10-11)(Caruso, Fabrizio)</name><image>~/../thumbs/Sharp - MZ-700/Named_Snaps/Cross Chase (2017-10-11).png</image></game>
<game><path>./Sharp MZ-700 MZF/Cross Chase (2017-10-30)(Caruso, Fabrizio).zip</path><name>Cross Chase (2017-10-30)(Caruso, Fabrizio)</name><image>~/../thumbs/Sharp - MZ-700/Named_Snaps/Cross Chase (2017-10-30).png</image></game>
<game><path>./Sharp MZ-700 MZF/Cross Chase (2017-12-10)(Caruso, Fabrizio).zip</path><name>Cross Chase (2017-12-10)(Caruso, Fabrizio)</name><image>~/../thumbs/Sharp - MZ-700/Named_Snaps/Cross Chase (2017-12-10).png</image></game>
<game><path>./Sharp MZ-700 MZF/Cross Chase (2018-02-03)(Caruso, Fabrizio).zip</path><name>Cross Chase (2018-02-03)(Caruso, Fabrizio)</name><image>~/../thumbs/Sharp - MZ-700/Named_Snaps/Cross Chase (2018-02-03).png</image></game>
<game><path>./Sharp MZ-700 MZF/Cross Chase (2018-04-15)(Caruso, Fabrizio).zip</path><name>Cross Chase (2018-04-15)(Caruso, Fabrizio)</name><image>~/../thumbs/Sharp - MZ-700/Named_Snaps/Cross Chase (2018-04-15).png</image></game>
<game><path>./Sharp MZ-700 MZF/Cross Chase (2018-05-19)(Caruso, Fabrizio).zip</path><name>Cross Chase (2018-05-19)(Caruso, Fabrizio)</name><image>~/../thumbs/Sharp - MZ-700/Named_Snaps/Cross Chase (2018-05-19).png</image></game>
<game><path>./Sharp MZ-700 MZF/Cross Chase (2018-07-19)(Caruso, Fabrizio).zip</path><name>Cross Chase (2018-07-19)(Caruso, Fabrizio)</name><image>~/../thumbs/Sharp - MZ-700/Named_Snaps/Cross Chase (2018-07-19).png</image></game>
<game><path>./Sharp MZ-700 MZF/Cross Chase (2018-08-04)(Caruso, Fabrizio).zip</path><name>Cross Chase (2018-08-04)(Caruso, Fabrizio)</name><image>~/../thumbs/Sharp - MZ-700/Named_Snaps/Cross Chase (2018-08-04).png</image></game>
<game><path>./Sharp MZ-700 MZF/Cross Chase (2018-10-29)(Caruso, Fabrizio).zip</path><name>Cross Chase (2018-10-29)(Caruso, Fabrizio)</name><image>~/../thumbs/Sharp - MZ-700/Named_Snaps/Cross Chase (2018-10-29).png</image></game>
<game><path>./Sharp MZ-700 MZF/Cross Chase (2020-04-02)(Caruso, Fabrizio).zip</path><name>Cross Chase (2020-04-02)(Caruso, Fabrizio)</name><image>~/../thumbs/Sharp - MZ-700/Named_Snaps/Cross Chase (2020-04-02).png</image></game>
<game><path>./Sharp MZ-700 MZF/Cross Chase (2021-05-13)(Caruso, Fabrizio).zip</path><name>Cross Chase (2021-05-13)(Caruso, Fabrizio)</name><image>~/../thumbs/Sharp - MZ-700/Named_Snaps/Cross Chase (2021-05-13).png</image></game>
<game><path>./Sharp MZ-700 MZF/Cross Horde v1.0 (2021-05-01)(Caruso, Fabrizio).zip</path><name>Cross Horde v1.0 (2021-05-01)(Caruso, Fabrizio)</name><image>~/../thumbs/Sharp - MZ-700/Named_Snaps/Cross Horde v1.0 (2021-05-01).png</image></game>
<game><path>./Sharp MZ-700 MZF/Cross Snake v1.0 (2020-12-12)(Caruso, Fabrizio).zip</path><name>Cross Snake v1.0 (2020-12-12)(Caruso, Fabrizio)</name><image>~/../thumbs/Sharp - MZ-700/Named_Snaps/Cross Snake v1.0 (2020-12-12).png</image></game>
<game><path>./Sharp MZ-700 MZF/Cross Snake v2.0 (2020-12-31)(Caruso, Fabrizio).zip</path><name>Cross Snake v2.0 (2020-12-31)(Caruso, Fabrizio)</name><image>~/../thumbs/Sharp - MZ-700/Named_Snaps/Cross Snake v2.0 (2020-12-31).png</image></game>
<game><path>./Sharp MZ-700 MZF/Cross Trex (2024-10-17)(Caruso, Fabrizio).zip</path><name>Cross Trex (2024-10-17)(Caruso, Fabrizio)</name><image>~/../thumbs/Sharp - MZ-700/Named_Snaps/Cross Trex (2024-10-17).png</image></game>
<game><path>./Sharp MZ-700 MZF/Devil Schach 700 (19xx)(Devil Soft)(de).zip</path><name>Devil Schach 700 (19xx)(Devil Soft)(de)</name><image>~/../thumbs/Sharp - MZ-700/Named_Snaps/Devil Schach 700 (19xx).png</image></game>
<game><path>./Sharp MZ-700 MZF/Donkey Gorilla (19xx)(Tecmosoft).zip</path><name>Donkey Gorilla (19xx)(Tecmosoft)</name><image>~/../thumbs/Sharp - MZ-700/Named_Snaps/Donkey Gorilla (19xx).png</image></game>
<game><path>./Sharp MZ-700 MZF/Dragon Caves (1982)(Solo Software).zip</path><name>Dragon Caves (1982)(Solo Software)</name><image>~/../thumbs/Sharp - MZ-700/Named_Snaps/Dragon Caves (1982).png</image></game>
<game><path>./Sharp MZ-700 MZF/Dynamite 2 (1983)(-).zip</path><name>Dynamite 2 (1983)(-)</name><image>~/../thumbs/Sharp - MZ-700/Named_Snaps/Dynamite 2 (1983).png</image></game>
<game><path>./Sharp MZ-700 MZF/Encounter (19xx)(-).zip</path><name>Encounter (19xx)(-)</name><image>~/../thumbs/Sharp - MZ-700/Named_Snaps/Encounter (19xx).png</image></game>
<game><path>./Sharp MZ-700 MZF/Exploding Atoms (19xx)(-).zip</path><name>Exploding Atoms (19xx)(-)</name><image>~/../thumbs/Sharp - MZ-700/Named_Snaps/Exploding Atoms (19xx).png</image></game>
<game><path>./Sharp MZ-700 MZF/Fibonnacci (19xx)(-)(PD).zip</path><name>Fibonnacci (19xx)(-)(PD)</name><image>~/../thumbs/Sharp - MZ-700/Named_Snaps/Fibonnacci (19xx).png</image></game>
<game><path>./Sharp MZ-700 MZF/Flugsimulator (1984)(HOBRA Soft)(de).zip</path><name>Flugsimulator (1984)(HOBRA Soft)(de)</name><image>~/../thumbs/Sharp - MZ-700/Named_Snaps/Flugsimulator (1984).png</image></game>
<game><path>./Sharp MZ-700 MZF/Flugsimulator (1984)(HOBRA Soft)(de)[a].zip</path><name>Flugsimulator (1984)(HOBRA Soft)(de)[a]</name><image>~/../thumbs/Sharp - MZ-700/Named_Snaps/Flugsimulator (1984).png</image></game>
<game><path>./Sharp MZ-700 MZF/Foxy (19xx)(-)(de).zip</path><name>Foxy (19xx)(-)(de)</name><image>~/../thumbs/Sharp - MZ-700/Named_Snaps/Foxy (19xx).png</image></game>
<game><path>./Sharp MZ-700 MZF/GCD (19xx)(-)(PD).zip</path><name>GCD (19xx)(-)(PD)</name><image>~/../thumbs/Sharp - MZ-700/Named_Snaps/GCD (19xx).png</image></game>
<game><path>./Sharp MZ-700 MZF/GCD (19xx)(-)(PD)[a].zip</path><name>GCD (19xx)(-)(PD)[a]</name><image>~/../thumbs/Sharp - MZ-700/Named_Snaps/GCD (19xx).png</image></game>
<game><path>./Sharp MZ-700 MZF/Global War 3 (1982)(Solo Software)[Req BASIC].zip</path><name>Global War 3 (1982)(Solo Software)[Req BASIC]</name><image>~/../thumbs/Sharp - MZ-700/Named_Snaps/Global War 3 (1982).png</image></game>
<game><path>./Sharp MZ-700 MZF/Hanoi Turm (1983)(-).zip</path><name>Hanoi Turm (1983)(-)</name><image>~/../thumbs/Sharp - MZ-700/Named_Snaps/Hanoi Turm (1983).png</image></game>
<game><path>./Sharp MZ-700 MZF/Hunchy (19xx)(Solo Software).zip</path><name>Hunchy (19xx)(Solo Software)</name><image>~/../thumbs/Sharp - MZ-700/Named_Snaps/Hunchy (19xx).png</image></game>
<game><path>./Sharp MZ-700 MZF/Ice Warriors (1983)(Solo Software).zip</path><name>Ice Warriors (1983)(Solo Software)</name><image>~/../thumbs/Sharp - MZ-700/Named_Snaps/Ice Warriors (1983).png</image></game>
<game><path>./Sharp MZ-700 MZF/Insel (19xx)(-)(PD).zip</path><name>Insel (19xx)(-)(PD)</name><image>~/../thumbs/Sharp - MZ-700/Named_Snaps/Insel (19xx).png</image></game>
<game><path>./Sharp MZ-700 MZF/Jumpman (19xx)(-)(de).zip</path><name>Jumpman (19xx)(-)(de)</name><image>~/../thumbs/Sharp - MZ-700/Named_Snaps/Jumpman (19xx).png</image></game>
<game><path>./Sharp MZ-700 MZF/Jungle Jings (19xx)(-)[Req BASIC].zip</path><name>Jungle Jings (19xx)(-)[Req BASIC]</name><image>~/../thumbs/Sharp - MZ-700/Named_Snaps/Jungle Jings (19xx).png</image></game>
<game><path>./Sharp MZ-700 MZF/Lady Bug (1982)(-)(de).zip</path><name>Lady Bug (1982)(-)(de)</name><image>~/../thumbs/Sharp - MZ-700/Named_Snaps/Lady Bug (1982).png</image></game>
<game><path>./Sharp MZ-700 MZF/Land Escape (19xx)(-)(PD).zip</path><name>Land Escape (19xx)(-)(PD)</name><image>~/../thumbs/Sharp - MZ-700/Named_Snaps/Land Escape (19xx).png</image></game>
<game><path>./Sharp MZ-700 MZF/Le Mans Turbo (19xx)(-).zip</path><name>Le Mans Turbo (19xx)(-)</name><image>~/../thumbs/Sharp - MZ-700/Named_Snaps/Le Mans Turbo (19xx).png</image></game>
<game><path>./Sharp MZ-700 MZF/Life (19xx)(-)(PD).zip</path><name>Life (19xx)(-)(PD)</name><image>~/../thumbs/Sharp - MZ-700/Named_Snaps/Life (19xx).png</image></game>
<game><path>./Sharp MZ-700 MZF/Light Wheels (1984)(-)(de).zip</path><name>Light Wheels (1984)(-)(de)</name><image>~/../thumbs/Sharp - MZ-700/Named_Snaps/Light Wheels (1984).png</image></game>
<game><path>./Sharp MZ-700 MZF/Lightning Patrol (1983)(Solo Software).zip</path><name>Lightning Patrol (1983)(Solo Software)</name><image>~/../thumbs/Sharp - MZ-700/Named_Snaps/Lightning Patrol (1983).png</image></game>
<game><path>./Sharp MZ-700 MZF/Lissajous 700 (19xx)(-).zip</path><name>Lissajous 700 (19xx)(-)</name><image>~/../thumbs/Sharp - MZ-700/Named_Snaps/Lissajous 700 (19xx).png</image></game>
<game><path>./Sharp MZ-700 MZF/Lottozahlen (19xx)(-)(de).zip</path><name>Lottozahlen (19xx)(-)(de)</name><image>~/../thumbs/Sharp - MZ-700/Named_Snaps/Lottozahlen (19xx).png</image></game>
<game><path>./Sharp MZ-700 MZF/MZ-700 Schach (19xx)(Devil Soft)(de).zip</path><name>MZ-700 Schach (19xx)(Devil Soft)(de)</name><image>~/../thumbs/Sharp - MZ-700/Named_Snaps/MZ-700 Schach (19xx).png</image></game>
<game><path>./Sharp MZ-700 MZF/Mac Pac (1983)(Ursoft)(de).zip</path><name>Mac Pac (1983)(Ursoft)(de)</name><image>~/../thumbs/Sharp - MZ-700/Named_Snaps/Mac Pac (1983).png</image></game>
<game><path>./Sharp MZ-700 MZF/Man-Hunt Game (19xx)(-).zip</path><name>Man-Hunt Game (19xx)(-)</name><image>~/../thumbs/Sharp - MZ-700/Named_Snaps/Man-Hunt Game (19xx).png</image></game>
<game><path>./Sharp MZ-700 MZF/Mastermind (19xx)(-)(PD).zip</path><name>Mastermind (19xx)(-)(PD)</name><image>~/../thumbs/Sharp - MZ-700/Named_Snaps/Mastermind (19xx).png</image></game>
<game><path>./Sharp MZ-700 MZF/Maulwurf im Wuerfellabyrint (1984)(-)(de)(PD).zip</path><name>Maulwurf im Wuerfellabyrint (1984)(-)(de)(PD)</name><image>~/../thumbs/Sharp - MZ-700/Named_Snaps/Maulwurf im Wuerfellabyrint (1984).png</image></game>
<game><path>./Sharp MZ-700 MZF/Mensch Aergere Dich Nicht (1983)(-)(de).zip</path><name>Mensch Aergere Dich Nicht (1983)(-)(de)</name><image>~/../thumbs/Sharp - MZ-700/Named_Snaps/Mensch Aergere Dich Nicht (1983).png</image></game>
<game><path>./Sharp MZ-700 MZF/Minmax (19xx)(-)(PD).zip</path><name>Minmax (19xx)(-)(PD)</name><image>~/../thumbs/Sharp - MZ-700/Named_Snaps/Minmax (19xx).png</image></game>
<game><path>./Sharp MZ-700 MZF/Mondlandung (19xx)(-)(de).zip</path><name>Mondlandung (19xx)(-)(de)</name><image>~/../thumbs/Sharp - MZ-700/Named_Snaps/Mondlandung (19xx).png</image></game>
<game><path>./Sharp MZ-700 MZF/Moty (19xx)(-).zip</path><name>Moty (19xx)(-)</name><image>~/../thumbs/Sharp - MZ-700/Named_Snaps/Moty (19xx).png</image></game>
<game><path>./Sharp MZ-700 MZF/Munroe Manor - A Gruesome Graphic Adventure (19xx)(Solo Software).zip</path><name>Munroe Manor - A Gruesome Graphic Adventure (19xx)(Solo Software)</name><image>~/../thumbs/Sharp - MZ-700/Named_Snaps/Munroe Manor - A Gruesome Graphic Adventure (19xx).png</image></game>
<game><path>./Sharp MZ-700 MZF/Nakamoto (19xx)(BBG Software)(ja).zip</path><name>Nakamoto (19xx)(BBG Software)(ja)</name><image>~/../thumbs/Sharp - MZ-700/Named_Snaps/Nakamoto (19xx).png</image></game>
<game><path>./Sharp MZ-700 MZF/Number Guess (19xx)(-)(PD).zip</path><name>Number Guess (19xx)(-)(PD)</name><image>~/../thumbs/Sharp - MZ-700/Named_Snaps/Number Guess (19xx).png</image></game>
<game><path>./Sharp MZ-700 MZF/Number Sort (19xx)(-)(PD).zip</path><name>Number Sort (19xx)(-)(PD)</name><image>~/../thumbs/Sharp - MZ-700/Named_Snaps/Number Sort (19xx).png</image></game>
<game><path>./Sharp MZ-700 MZF/Pac-Man (1983)(Devil Soft).zip</path><name>Pac-Man (1983)(Devil Soft)</name><image>~/../thumbs/Sharp - MZ-700/Named_Snaps/Pac-Man (1983).png</image></game>
<game><path>./Sharp MZ-700 MZF/Painful Man (1982)(Zatsoft).zip</path><name>Painful Man (1982)(Zatsoft)</name><image>~/../thumbs/Sharp - MZ-700/Named_Snaps/Painful Man (1982).png</image></game>
<game><path>./Sharp MZ-700 MZF/Para Shoot (1983)(Solo Software).zip</path><name>Para Shoot (1983)(Solo Software)</name><image>~/../thumbs/Sharp - MZ-700/Named_Snaps/Para Shoot (1983).png</image></game>
<game><path>./Sharp MZ-700 MZF/Plusminus-20 (19xx)(-)(de)(PD).zip</path><name>Plusminus-20 (19xx)(-)(de)(PD)</name><image>~/../thumbs/Sharp - MZ-700/Named_Snaps/Plusminus-20 (19xx).png</image></game>
<game><path>./Sharp MZ-700 MZF/Pyramide, Die (1985)(-)(de).zip</path><name>Pyramide, Die (1985)(-)(de)</name><image>~/../thumbs/Sharp - MZ-700/Named_Snaps/Pyramide, Die (1985).png</image></game>
<game><path>./Sharp MZ-700 MZF/Quarzuhr (19xx)(-)(de).zip</path><name>Quarzuhr (19xx)(-)(de)</name><image>~/../thumbs/Sharp - MZ-700/Named_Snaps/Quarzuhr (19xx).png</image></game>
<game><path>./Sharp MZ-700 MZF/Rakete (19xx)(-)(de)(PD).zip</path><name>Rakete (19xx)(-)(de)(PD)</name><image>~/../thumbs/Sharp - MZ-700/Named_Snaps/Rakete (19xx).png</image></game>
<game><path>./Sharp MZ-700 MZF/Raummuhle (19xx)(Devil Soft)(de).zip</path><name>Raummuhle (19xx)(Devil Soft)(de)</name><image>~/../thumbs/Sharp - MZ-700/Named_Snaps/Raummuhle (19xx).png</image></game>
<game><path>./Sharp MZ-700 MZF/Relaxer, The (19xx)(-)(PD).zip</path><name>Relaxer, The (19xx)(-)(PD)</name><image>~/../thumbs/Sharp - MZ-700/Named_Snaps/Relaxer, The (19xx).png</image></game>
<game><path>./Sharp MZ-700 MZF/Reverse (1982)(Hudson Soft).zip</path><name>Reverse (1982)(Hudson Soft)</name><image>~/../thumbs/Sharp - MZ-700/Named_Snaps/Reverse (1982).png</image></game>
<game><path>./Sharp MZ-700 MZF/Rotation (19xx)(-).zip</path><name>Rotation (19xx)(-)</name><image>~/../thumbs/Sharp - MZ-700/Named_Snaps/Rotation (19xx).png</image></game>
<game><path>./Sharp MZ-700 MZF/Round Shoot (19xx)(Zatsoft).zip</path><name>Round Shoot (19xx)(Zatsoft)</name><image>~/../thumbs/Sharp - MZ-700/Named_Snaps/Round Shoot (19xx).png</image></game>
<game><path>./Sharp MZ-700 MZF/S.A.S. Attack (1983)(Solo Software).zip</path><name>S.A.S. Attack (1983)(Solo Software)</name><image>~/../thumbs/Sharp - MZ-700/Named_Snaps/S.A.S. Attack (1983).png</image></game>
<game><path>./Sharp MZ-700 MZF/Schiffe Versenken (19xx)(-)(de).zip</path><name>Schiffe Versenken (19xx)(-)(de)</name><image>~/../thumbs/Sharp - MZ-700/Named_Snaps/Schiffe Versenken (19xx).png</image></game>
<game><path>./Sharp MZ-700 MZF/Serpents (19xx)(Devil Soft)(de).zip</path><name>Serpents (19xx)(Devil Soft)(de)</name><image>~/../thumbs/Sharp - MZ-700/Named_Snaps/Serpents (19xx).png</image></game>
<game><path>./Sharp MZ-700 MZF/Sherlock Holmes (19xx)(-).zip</path><name>Sherlock Holmes (19xx)(-)</name><image>~/../thumbs/Sharp - MZ-700/Named_Snaps/Sherlock Holmes (19xx).png</image></game>
<game><path>./Sharp MZ-700 MZF/Shuriken (2023-07-29)(Caruso, Fabrizio).zip</path><name>Shuriken (2023-07-29)(Caruso, Fabrizio)</name><image>~/../thumbs/Sharp - MZ-700/Named_Snaps/Shuriken (2023-07-29).png</image></game>
<game><path>./Sharp MZ-700 MZF/Snake & Snake (19xx)(Tecno-Soft).zip</path><name>Snake & Snake (19xx)(Tecno-Soft)</name><image>~/../thumbs/Sharp - MZ-700/Named_Snaps/Snake & Snake (19xx).png</image></game>
<game><path>./Sharp MZ-700 MZF/Soccer (19xx)(-).zip</path><name>Soccer (19xx)(-)</name><image>~/../thumbs/Sharp - MZ-700/Named_Snaps/Soccer (19xx).png</image></game>
<game><path>./Sharp MZ-700 MZF/Steinbruch (19xx)(-)(de)(PD).zip</path><name>Steinbruch (19xx)(-)(de)(PD)</name><image>~/../thumbs/Sharp - MZ-700/Named_Snaps/Steinbruch (19xx).png</image></game>
<game><path>./Sharp MZ-700 MZF/Stinger (2023-10-08)(Caruso, Fabrizio).zip</path><name>Stinger (2023-10-08)(Caruso, Fabrizio)</name><image>~/../thumbs/Sharp - MZ-700/Named_Snaps/Stinger (2023-10-08).png</image></game>
<game><path>./Sharp MZ-700 MZF/Stinger (2023-10-22)(Caruso, Fabrizio).zip</path><name>Stinger (2023-10-22)(Caruso, Fabrizio)</name><image>~/../thumbs/Sharp - MZ-700/Named_Snaps/Stinger (2023-10-22).png</image></game>
<game><path>./Sharp MZ-700 MZF/Suicide Run + Space Fighter (19xx)(-).zip</path><name>Suicide Run + Space Fighter (19xx)(-)</name><image>~/../thumbs/Sharp - MZ-700/Named_Snaps/Suicide Run + Space Fighter (19xx).png</image></game>
<game><path>./Sharp MZ-700 MZF/Super Helicopter (19xx)(Nag Soft).zip</path><name>Super Helicopter (19xx)(Nag Soft)</name><image>~/../thumbs/Sharp - MZ-700/Named_Snaps/Super Helicopter (19xx).png</image></game>
<game><path>./Sharp MZ-700 MZF/Super Puck-Man (19xx)(-).zip</path><name>Super Puck-Man (19xx)(-)</name><image>~/../thumbs/Sharp - MZ-700/Named_Snaps/Super Puck-Man (19xx).png</image></game>
<game><path>./Sharp MZ-700 MZF/Superhirn (1983)(-).zip</path><name>Superhirn (1983)(-)</name><image>~/../thumbs/Sharp - MZ-700/Named_Snaps/Superhirn (1983).png</image></game>
<game><path>./Sharp MZ-700 MZF/Tombs of Karnak (19xx)(-).zip</path><name>Tombs of Karnak (19xx)(-)</name><image>~/../thumbs/Sharp - MZ-700/Named_Snaps/Tombs of Karnak (19xx).png</image></game>
<game><path>./Sharp MZ-700 MZF/Trap of Doom + Cave Adventure (19xx)(-).zip</path><name>Trap of Doom + Cave Adventure (19xx)(-)</name><image>~/../thumbs/Sharp - MZ-700/Named_Snaps/Trap of Doom + Cave Adventure (19xx).png</image></game>
<game><path>./Sharp MZ-700 MZF/Ufo (19xx)(Solo Software).zip</path><name>Ufo (19xx)(Solo Software)</name><image>~/../thumbs/Sharp - MZ-700/Named_Snaps/Ufo (19xx).png</image></game>
<game><path>./Sharp MZ-700 MZF/Wall Man (1985)(Boy-Soft).zip</path><name>Wall Man (1985)(Boy-Soft)</name><image>~/../thumbs/Sharp - MZ-700/Named_Snaps/Wall Man (1985).png</image></game>
<game><path>./Sharp MZ-700 MZF/Wizard Castle (19xx)(Knights).zip</path><name>Wizard Castle (19xx)(Knights)</name><image>~/../thumbs/Sharp - MZ-700/Named_Snaps/Wizard Castle (19xx).png</image></game>
<game><path>./Sharp MZ-700 MZF/Yahtzee (19xx)(-)(de).zip</path><name>Yahtzee (19xx)(-)(de)</name><image>~/../thumbs/Sharp - MZ-700/Named_Snaps/Yahtzee (19xx).png</image></game>
<folder><path>./Sharp MZ-700 MZF</path><name>Sharp MZ-700 MZF</name><image>~/../thumb/mz700.png</image></folder>
<game><path>./Sharp MZ-700 MZT/Ascend (2022-03-25)(Inufuto)(JP).zip</path><name>Ascend (2022-03-25)(Inufuto)(JP)</name><image>~/../thumbs/Sharp - MZ-700/Named_Snaps/Ascend (2022-03-25).png</image></game>
<game><path>./Sharp MZ-700 MZT/Mazy (2020)(Inufuto)(JP).zip</path><name>Mazy (2020)(Inufuto)(JP)</name><image>~/../thumbs/Sharp - MZ-700/Named_Snaps/Mazy (2020).png</image></game>
<game><path>./Sharp MZ-700 MZT/Ruptus (2020-12-06)(Inufuto)(JP).zip</path><name>Ruptus (2020-12-06)(Inufuto)(JP)</name><image>~/../thumbs/Sharp - MZ-700/Named_Snaps/Ruptus (2020-12-06).png</image></game>
<folder><path>./Sharp MZ-700 MZT</path><name>Sharp MZ-700 MZT</name><image>~/../thumb/mz700.png</image></folder>
<game><path>./Sharp MZ-700 Merged/10games.zip</path><name>10games</name><image>~/../thumbs/Sharp - MZ-700/Named_Snaps/10games.png</image></game>
<game><path>./Sharp MZ-700 Merged/1z013b.zip</path><name>1z013b</name><image>~/../thumbs/Sharp - MZ-700/Named_Snaps/1z013b.png</image></game>
<game><path>./Sharp MZ-700 Merged/3crdbrag.zip</path><name>3crdbrag</name><image>~/../thumbs/Sharp - MZ-700/Named_Snaps/3crdbrag.png</image></game>
<game><path>./Sharp MZ-700 Merged/3dcarrac.zip</path><name>3dcarrac</name><image>~/../thumbs/Sharp - MZ-700/Named_Snaps/3dcarrac.png</image></game>
<game><path>./Sharp MZ-700 Merged/3dgraph.zip</path><name>3dgraph</name><image>~/../thumbs/Sharp - MZ-700/Named_Snaps/3dgraph.png</image></game>
<game><path>./Sharp MZ-700 Merged/3dwayout.zip</path><name>3dwayout</name><image>~/../thumbs/Sharp - MZ-700/Named_Snaps/3dwayout.png</image></game>
<game><path>./Sharp MZ-700 Merged/6502i.zip</path><name>6502i</name><image>~/../thumbs/Sharp - MZ-700/Named_Snaps/6502i.png</image></game>
<game><path>./Sharp MZ-700 Merged/aceracer.zip</path><name>aceracer</name><image>~/../thumbs/Sharp - MZ-700/Named_Snaps/aceracer.png</image></game>
<game><path>./Sharp MZ-700 Merged/advchess.zip</path><name>advchess</name><image>~/../thumbs/Sharp - MZ-700/Named_Snaps/advchess.png</image></game>
<game><path>./Sharp MZ-700 Merged/airbus.zip</path><name>airbus</name><image>~/../thumbs/Sharp - MZ-700/Named_Snaps/airbus.png</image></game>
<game><path>./Sharp MZ-700 Merged/aliens.zip</path><name>aliens</name><image>~/../thumbs/Sharp - MZ-700/Named_Snaps/aliens.png</image></game>
<game><path>./Sharp MZ-700 Merged/amity.zip</path><name>amity</name><image>~/../thumbs/Sharp - MZ-700/Named_Snaps/amity.png</image></game>
<game><path>./Sharp MZ-700 Merged/antares.zip</path><name>antares</name><image>~/../thumbs/Sharp - MZ-700/Named_Snaps/antares.png</image></game>
<game><path>./Sharp MZ-700 Merged/anthill.zip</path><name>anthill</name><image>~/../thumbs/Sharp - MZ-700/Named_Snaps/anthill.png</image></game>
<game><path>./Sharp MZ-700 Merged/apollowp.zip</path><name>apollowp</name><image>~/../thumbs/Sharp - MZ-700/Named_Snaps/apollowp.png</image></game>
<game><path>./Sharp MZ-700 Merged/astbelt.zip</path><name>astbelt</name><image>~/../thumbs/Sharp - MZ-700/Named_Snaps/astbelt.png</image></game>
<game><path>./Sharp MZ-700 Merged/astrobla.zip</path><name>astrobla</name><image>~/../thumbs/Sharp - MZ-700/Named_Snaps/astrobla.png</image></game>
<game><path>./Sharp MZ-700 Merged/atkatank.zip</path><name>atkatank</name><image>~/../thumbs/Sharp - MZ-700/Named_Snaps/atkatank.png</image></game>
<game><path>./Sharp MZ-700 Merged/backgamm.zip</path><name>backgamm</name><image>~/../thumbs/Sharp - MZ-700/Named_Snaps/backgamm.png</image></game>
<game><path>./Sharp MZ-700 Merged/basezero.zip</path><name>basezero</name><image>~/../thumbs/Sharp - MZ-700/Named_Snaps/basezero.png</image></game>
<game><path>./Sharp MZ-700 Merged/basic700.zip</path><name>basic700</name><image>~/../thumbs/Sharp - MZ-700/Named_Snaps/basic700.png</image></game>
<game><path>./Sharp MZ-700 Merged/basicod2.zip</path><name>basicod2</name><image>~/../thumbs/Sharp - MZ-700/Named_Snaps/basicod2.png</image></game>
<game><path>./Sharp MZ-700 Merged/bio700.zip</path><name>bio700</name><image>~/../thumbs/Sharp - MZ-700/Named_Snaps/bio700.png</image></game>
<game><path>./Sharp MZ-700 Merged/biorythm.zip</path><name>biorythm</name><image>~/../thumbs/Sharp - MZ-700/Named_Snaps/biorythm.png</image></game>
<game><path>./Sharp MZ-700 Merged/blastoff.zip</path><name>blastoff</name><image>~/../thumbs/Sharp - MZ-700/Named_Snaps/blastoff.png</image></game>
<game><path>./Sharp MZ-700 Merged/bloktek.zip</path><name>bloktek</name><image>~/../thumbs/Sharp - MZ-700/Named_Snaps/bloktek.png</image></game>
<game><path>./Sharp MZ-700 Merged/bombman.zip</path><name>bombman</name><image>~/../thumbs/Sharp - MZ-700/Named_Snaps/bombman.png</image></game>
<game><path>./Sharp MZ-700 Merged/bouldash.zip</path><name>bouldash</name><image>~/../thumbs/Sharp - MZ-700/Named_Snaps/bouldash.png</image></game>
<game><path>./Sharp MZ-700 Merged/breuken1.zip</path><name>breuken1</name><image>~/../thumbs/Sharp - MZ-700/Named_Snaps/breuken1.png</image></game>
<game><path>./Sharp MZ-700 Merged/calendri.zip</path><name>calendri</name><image>~/../thumbs/Sharp - MZ-700/Named_Snaps/calendri.png</image></game>
<game><path>./Sharp MZ-700 Merged/cannball.zip</path><name>cannball</name><image>~/../thumbs/Sharp - MZ-700/Named_Snaps/cannball.png</image></game>
<game><path>./Sharp MZ-700 Merged/catacomb.zip</path><name>catacomb</name><image>~/../thumbs/Sharp - MZ-700/Named_Snaps/catacomb.png</image></game>
<game><path>./Sharp MZ-700 Merged/cataplus.zip</path><name>cataplus</name><image>~/../thumbs/Sharp - MZ-700/Named_Snaps/cataplus.png</image></game>
<game><path>./Sharp MZ-700 Merged/ccacr.zip</path><name>ccacr</name><image>~/../thumbs/Sharp - MZ-700/Named_Snaps/ccacr.png</image></game>
<game><path>./Sharp MZ-700 Merged/cent2dsk.zip</path><name>cent2dsk</name><image>~/../thumbs/Sharp - MZ-700/Named_Snaps/cent2dsk.png</image></game>
<game><path>./Sharp MZ-700 Merged/clubgolf.zip</path><name>clubgolf</name><image>~/../thumbs/Sharp - MZ-700/Named_Snaps/clubgolf.png</image></game>
<game><path>./Sharp MZ-700 Merged/cmaster.zip</path><name>cmaster</name><image>~/../thumbs/Sharp - MZ-700/Named_Snaps/cmaster.png</image></game>
<game><path>./Sharp MZ-700 Merged/codeword.zip</path><name>codeword</name><image>~/../thumbs/Sharp - MZ-700/Named_Snaps/codeword.png</image></game>
<game><path>./Sharp MZ-700 Merged/competit.zip</path><name>competit</name><image>~/../thumbs/Sharp - MZ-700/Named_Snaps/competit.png</image></game>
<game><path>./Sharp MZ-700 Merged/complain.zip</path><name>complain</name><image>~/../thumbs/Sharp - MZ-700/Named_Snaps/complain.png</image></game>
<game><path>./Sharp MZ-700 Merged/compslot.zip</path><name>compslot</name><image>~/../thumbs/Sharp - MZ-700/Named_Snaps/compslot.png</image></game>
<game><path>./Sharp MZ-700 Merged/comptek.zip</path><name>comptek</name><image>~/../thumbs/Sharp - MZ-700/Named_Snaps/comptek.png</image></game>
<game><path>./Sharp MZ-700 Merged/connect4.zip</path><name>connect4</name><image>~/../thumbs/Sharp - MZ-700/Named_Snaps/connect4.png</image></game>
<game><path>./Sharp MZ-700 Merged/conveyor.zip</path><name>conveyor</name><image>~/../thumbs/Sharp - MZ-700/Named_Snaps/conveyor.png</image></game>
<game><path>./Sharp MZ-700 Merged/copy.zip</path><name>copy</name><image>~/../thumbs/Sharp - MZ-700/Named_Snaps/copy.png</image></game>
<game><path>./Sharp MZ-700 Merged/cribbage.zip</path><name>cribbage</name><image>~/../thumbs/Sharp - MZ-700/Named_Snaps/cribbage.png</image></game>
<game><path>./Sharp MZ-700 Merged/croaker.zip</path><name>croaker</name><image>~/../thumbs/Sharp - MZ-700/Named_Snaps/croaker.png</image></game>
<game><path>./Sharp MZ-700 Merged/cyfax.zip</path><name>cyfax</name><image>~/../thumbs/Sharp - MZ-700/Named_Snaps/cyfax.png</image></game>
<game><path>./Sharp MZ-700 Merged/dateiuni.zip</path><name>dateiuni</name><image>~/../thumbs/Sharp - MZ-700/Named_Snaps/dateiuni.png</image></game>
<game><path>./Sharp MZ-700 Merged/dbfiler.zip</path><name>dbfiler</name><image>~/../thumbs/Sharp - MZ-700/Named_Snaps/dbfiler.png</image></game>
<game><path>./Sharp MZ-700 Merged/dbp701.zip</path><name>dbp701</name><image>~/../thumbs/Sharp - MZ-700/Named_Snaps/dbp701.png</image></game>
<game><path>./Sharp MZ-700 Merged/demasaso.zip</path><name>demasaso</name><image>~/../thumbs/Sharp - MZ-700/Named_Snaps/demasaso.png</image></game>
<game><path>./Sharp MZ-700 Merged/descente.zip</path><name>descente</name><image>~/../thumbs/Sharp - MZ-700/Named_Snaps/descente.png</image></game>
<game><path>./Sharp MZ-700 Merged/destruct.zip</path><name>destruct</name><image>~/../thumbs/Sharp - MZ-700/Named_Snaps/destruct.png</image></game>
<game><path>./Sharp MZ-700 Merged/dgorilla.zip</path><name>dgorilla</name><image>~/../thumbs/Sharp - MZ-700/Named_Snaps/dgorilla.png</image></game>
<game><path>./Sharp MZ-700 Merged/diaboliq.zip</path><name>diaboliq</name><image>~/../thumbs/Sharp - MZ-700/Named_Snaps/diaboliq.png</image></game>
<game><path>./Sharp MZ-700 Merged/dominat.zip</path><name>dominat</name><image>~/../thumbs/Sharp - MZ-700/Named_Snaps/dominat.png</image></game>
<game><path>./Sharp MZ-700 Merged/easidata.zip</path><name>easidata</name><image>~/../thumbs/Sharp - MZ-700/Named_Snaps/easidata.png</image></game>
<game><path>./Sharp MZ-700 Merged/explatom.zip</path><name>explatom</name><image>~/../thumbs/Sharp - MZ-700/Named_Snaps/explatom.png</image></game>
<game><path>./Sharp MZ-700 Merged/fantgrov.zip</path><name>fantgrov</name><image>~/../thumbs/Sharp - MZ-700/Named_Snaps/fantgrov.png</image></game>
<game><path>./Sharp MZ-700 Merged/fightcom.zip</path><name>fightcom</name><image>~/../thumbs/Sharp - MZ-700/Named_Snaps/fightcom.png</image></game>
<game><path>./Sharp MZ-700 Merged/fire.zip</path><name>fire</name><image>~/../thumbs/Sharp - MZ-700/Named_Snaps/fire.png</image></game>
<game><path>./Sharp MZ-700 Merged/fishfred.zip</path><name>fishfred</name><image>~/../thumbs/Sharp - MZ-700/Named_Snaps/fishfred.png</image></game>
<game><path>./Sharp MZ-700 Merged/flugsim.zip</path><name>flugsim</name><image>~/../thumbs/Sharp - MZ-700/Named_Snaps/flugsim.png</image></game>
<game><path>./Sharp MZ-700 Merged/fulspeed.zip</path><name>fulspeed</name><image>~/../thumbs/Sharp - MZ-700/Named_Snaps/fulspeed.png</image></game>
<game><path>./Sharp MZ-700 Merged/gcajj.zip</path><name>gcajj</name><image>~/../thumbs/Sharp - MZ-700/Named_Snaps/gcajj.png</image></game>
<game><path>./Sharp MZ-700 Merged/geboorte.zip</path><name>geboorte</name><image>~/../thumbs/Sharp - MZ-700/Named_Snaps/geboorte.png</image></game>
<game><path>./Sharp MZ-700 Merged/globule.zip</path><name>globule</name><image>~/../thumbs/Sharp - MZ-700/Named_Snaps/globule.png</image></game>
<game><path>./Sharp MZ-700 Merged/globwar3.zip</path><name>globwar3</name><image>~/../thumbs/Sharp - MZ-700/Named_Snaps/globwar3.png</image></game>
<game><path>./Sharp MZ-700 Merged/gobbler.zip</path><name>gobbler</name><image>~/../thumbs/Sharp - MZ-700/Named_Snaps/gobbler.png</image></game>
<game><path>./Sharp MZ-700 Merged/greedyg.zip</path><name>greedyg</name><image>~/../thumbs/Sharp - MZ-700/Named_Snaps/greedyg.png</image></game>
<game><path>./Sharp MZ-700 Merged/grid.zip</path><name>grid</name><image>~/../thumbs/Sharp - MZ-700/Named_Snaps/grid.png</image></game>
<game><path>./Sharp MZ-700 Merged/guerilla.zip</path><name>guerilla</name><image>~/../thumbs/Sharp - MZ-700/Named_Snaps/guerilla.png</image></game>
<game><path>./Sharp MZ-700 Merged/guerre.zip</path><name>guerre</name><image>~/../thumbs/Sharp - MZ-700/Named_Snaps/guerre.png</image></game>
<game><path>./Sharp MZ-700 Merged/hdcorgel.zip</path><name>hdcorgel</name><image>~/../thumbs/Sharp - MZ-700/Named_Snaps/hdcorgel.png</image></game>
<game><path>./Sharp MZ-700 Merged/hspascal.zip</path><name>hspascal</name><image>~/../thumbs/Sharp - MZ-700/Named_Snaps/hspascal.png</image></game>
<game><path>./Sharp MZ-700 Merged/hunchy.zip</path><name>hunchy</name><image>~/../thumbs/Sharp - MZ-700/Named_Snaps/hunchy.png</image></game>
<game><path>./Sharp MZ-700 Merged/impomiss.zip</path><name>impomiss</name><image>~/../thumbs/Sharp - MZ-700/Named_Snaps/impomiss.png</image></game>
<game><path>./Sharp MZ-700 Merged/isola.zip</path><name>isola</name><image>~/../thumbs/Sharp - MZ-700/Named_Snaps/isola.png</image></game>
<game><path>./Sharp MZ-700 Merged/jeuxint.zip</path><name>jeuxint</name><image>~/../thumbs/Sharp - MZ-700/Named_Snaps/jeuxint.png</image></game>
<game><path>./Sharp MZ-700 Merged/jumprun.zip</path><name>jumprun</name><image>~/../thumbs/Sharp - MZ-700/Named_Snaps/jumprun.png</image></game>
<game><path>./Sharp MZ-700 Merged/kalender.zip</path><name>kalender</name><image>~/../thumbs/Sharp - MZ-700/Named_Snaps/kalender.png</image></game>
<game><path>./Sharp MZ-700 Merged/kamertje.zip</path><name>kamertje</name><image>~/../thumbs/Sharp - MZ-700/Named_Snaps/kamertje.png</image></game>
<game><path>./Sharp MZ-700 Merged/kasboek.zip</path><name>kasboek</name><image>~/../thumbs/Sharp - MZ-700/Named_Snaps/kasboek.png</image></game>
<game><path>./Sharp MZ-700 Merged/kcastle.zip</path><name>kcastle</name><image>~/../thumbs/Sharp - MZ-700/Named_Snaps/kcastle.png</image></game>
<game><path>./Sharp MZ-700 Merged/kcufo.zip</path><name>kcufo</name><image>~/../thumbs/Sharp - MZ-700/Named_Snaps/kcufo.png</image></game>
<game><path>./Sharp MZ-700 Merged/kentucky.zip</path><name>kentucky</name><image>~/../thumbs/Sharp - MZ-700/Named_Snaps/kentucky.png</image></game>
<game><path>./Sharp MZ-700 Merged/klavier.zip</path><name>klavier</name><image>~/../thumbs/Sharp - MZ-700/Named_Snaps/klavier.png</image></game>
<game><path>./Sharp MZ-700 Merged/knightsf.zip</path><name>knightsf</name><image>~/../thumbs/Sharp - MZ-700/Named_Snaps/knightsf.png</image></game>
<game><path>./Sharp MZ-700 Merged/kp80c354.zip</path><name>kp80c354</name><image>~/../thumbs/Sharp - MZ-700/Named_Snaps/kp80c354.png</image></game>
<game><path>./Sharp MZ-700 Merged/kp80c355.zip</path><name>kp80c355</name><image>~/../thumbs/Sharp - MZ-700/Named_Snaps/kp80c355.png</image></game>
<game><path>./Sharp MZ-700 Merged/kpbasic.zip</path><name>kpbasic</name><image>~/../thumbs/Sharp - MZ-700/Named_Snaps/kpbasic.png</image></game>
<game><path>./Sharp MZ-700 Merged/ksmines.zip</path><name>ksmines</name><image>~/../thumbs/Sharp - MZ-700/Named_Snaps/ksmines.png</image></game>
<game><path>./Sharp MZ-700 Merged/kuma.zip</path><name>kuma</name><image>~/../thumbs/Sharp - MZ-700/Named_Snaps/kuma.png</image></game>
<game><path>./Sharp MZ-700 Merged/ladybug.zip</path><name>ladybug</name><image>~/../thumbs/Sharp - MZ-700/Named_Snaps/ladybug.png</image></game>
<game><path>./Sharp MZ-700 Merged/lemans.zip</path><name>lemans</name><image>~/../thumbs/Sharp - MZ-700/Named_Snaps/lemans.png</image></game>
<game><path>./Sharp MZ-700 Merged/lightpat.zip</path><name>lightpat</name><image>~/../thumbs/Sharp - MZ-700/Named_Snaps/lightpat.png</image></game>
<game><path>./Sharp MZ-700 Merged/lijnspel.zip</path><name>lijnspel</name><image>~/../thumbs/Sharp - MZ-700/Named_Snaps/lijnspel.png</image></game>
<game><path>./Sharp MZ-700 Merged/lissajou.zip</path><name>lissajou</name><image>~/../thumbs/Sharp - MZ-700/Named_Snaps/lissajou.png</image></game>
<game><path>./Sharp MZ-700 Merged/logov30.zip</path><name>logov30</name><image>~/../thumbs/Sharp - MZ-700/Named_Snaps/logov30.png</image></game>
<game><path>./Sharp MZ-700 Merged/macpac.zip</path><name>macpac</name><image>~/../thumbs/Sharp - MZ-700/Named_Snaps/macpac.png</image></game>
<game><path>./Sharp MZ-700 Merged/madmaze.zip</path><name>madmaze</name><image>~/../thumbs/Sharp - MZ-700/Named_Snaps/madmaze.png</image></game>
<game><path>./Sharp MZ-700 Merged/manza.zip</path><name>manza</name><image>~/../thumbs/Sharp - MZ-700/Named_Snaps/manza.png</image></game>
<game><path>./Sharp MZ-700 Merged/matpendu.zip</path><name>matpendu</name><image>~/../thumbs/Sharp - MZ-700/Named_Snaps/matpendu.png</image></game>
<game><path>./Sharp MZ-700 Merged/mazeesc.zip</path><name>mazeesc</name><image>~/../thumbs/Sharp - MZ-700/Named_Snaps/mazeesc.png</image></game>
<game><path>./Sharp MZ-700 Merged/messing.zip</path><name>messing</name><image>~/../thumbs/Sharp - MZ-700/Named_Snaps/messing.png</image></game>
<game><path>./Sharp MZ-700 Merged/misalpha.zip</path><name>misalpha</name><image>~/../thumbs/Sharp - MZ-700/Named_Snaps/misalpha.png</image></game>
<game><path>./Sharp MZ-700 Merged/misdelta.zip</path><name>misdelta</name><image>~/../thumbs/Sharp - MZ-700/Named_Snaps/misdelta.png</image></game>
<game><path>./Sharp MZ-700 Merged/missiona.zip</path><name>missiona</name><image>~/../thumbs/Sharp - MZ-700/Named_Snaps/missiona.png</image></game>
<game><path>./Sharp MZ-700 Merged/mlsp8002.zip</path><name>mlsp8002</name><image>~/../thumbs/Sharp - MZ-700/Named_Snaps/mlsp8002.png</image></game>
<game><path>./Sharp MZ-700 Merged/moleatck.zip</path><name>moleatck</name><image>~/../thumbs/Sharp - MZ-700/Named_Snaps/moleatck.png</image></game>
<game><path>./Sharp MZ-700 Merged/momm.zip</path><name>momm</name><image>~/../thumbs/Sharp - MZ-700/Named_Snaps/momm.png</image></game>
<game><path>./Sharp MZ-700 Merged/monitor.zip</path><name>monitor</name><image>~/../thumbs/Sharp - MZ-700/Named_Snaps/monitor.png</image></game>
<game><path>./Sharp MZ-700 Merged/monitor2.zip</path><name>monitor2</name><image>~/../thumbs/Sharp - MZ-700/Named_Snaps/monitor2.png</image></game>
<game><path>./Sharp MZ-700 Merged/monitor6.zip</path><name>monitor6</name><image>~/../thumbs/Sharp - MZ-700/Named_Snaps/monitor6.png</image></game>
<game><path>./Sharp MZ-700 Merged/morpion.zip</path><name>morpion</name><image>~/../thumbs/Sharp - MZ-700/Named_Snaps/morpion.png</image></game>
<game><path>./Sharp MZ-700 Merged/morpius.zip</path><name>morpius</name><image>~/../thumbs/Sharp - MZ-700/Named_Snaps/morpius.png</image></game>
<game><path>./Sharp MZ-700 Merged/moty.zip</path><name>moty</name><image>~/../thumbs/Sharp - MZ-700/Named_Snaps/moty.png</image></game>
<game><path>./Sharp MZ-700 Merged/mstrmind.zip</path><name>mstrmind</name><image>~/../thumbs/Sharp - MZ-700/Named_Snaps/mstrmind.png</image></game>
<game><path>./Sharp MZ-700 Merged/mucmac.zip</path><name>mucmac</name><image>~/../thumbs/Sharp - MZ-700/Named_Snaps/mucmac.png</image></game>
<game><path>./Sharp MZ-700 Merged/musiques.zip</path><name>musiques</name><image>~/../thumbs/Sharp - MZ-700/Named_Snaps/musiques.png</image></game>
<game><path>./Sharp MZ-700 Merged/mz2z009e.zip</path><name>mz2z009e</name><image>~/../thumbs/Sharp - MZ-700/Named_Snaps/mz2z009e.png</image></game>
<game><path>./Sharp MZ-700 Merged/mz5z008.zip</path><name>mz5z008</name><image>~/../thumbs/Sharp - MZ-700/Named_Snaps/mz5z008.png</image></game>
<game><path>./Sharp MZ-700 Merged/mz700tut.zip</path><name>mz700tut</name><image>~/../thumbs/Sharp - MZ-700/Named_Snaps/mz700tut.png</image></game>
<game><path>./Sharp MZ-700 Merged/mz7forth.zip</path><name>mz7forth</name><image>~/../thumbs/Sharp - MZ-700/Named_Snaps/mz7forth.png</image></game>
<game><path>./Sharp MZ-700 Merged/nakamoto.zip</path><name>nakamoto</name><image>~/../thumbs/Sharp - MZ-700/Named_Snaps/nakamoto.png</image></game>
<game><path>./Sharp MZ-700 Merged/nibbler.zip</path><name>nibbler</name><image>~/../thumbs/Sharp - MZ-700/Named_Snaps/nibbler.png</image></game>
<game><path>./Sharp MZ-700 Merged/nighpark.zip</path><name>nighpark</name><image>~/../thumbs/Sharp - MZ-700/Named_Snaps/nighpark.png</image></game>
<game><path>./Sharp MZ-700 Merged/niteflit.zip</path><name>niteflit</name><image>~/../thumbs/Sharp - MZ-700/Named_Snaps/niteflit.png</image></game>
<game><path>./Sharp MZ-700 Merged/nombres.zip</path><name>nombres</name><image>~/../thumbs/Sharp - MZ-700/Named_Snaps/nombres.png</image></game>
<game><path>./Sharp MZ-700 Merged/octopuss.zip</path><name>octopuss</name><image>~/../thumbs/Sharp - MZ-700/Named_Snaps/octopuss.png</image></game>
<game><path>./Sharp MZ-700 Merged/panique.zip</path><name>panique</name><image>~/../thumbs/Sharp - MZ-700/Named_Snaps/panique.png</image></game>
<game><path>./Sharp MZ-700 Merged/parashot.zip</path><name>parashot</name><image>~/../thumbs/Sharp - MZ-700/Named_Snaps/parashot.png</image></game>
<game><path>./Sharp MZ-700 Merged/patalpha.zip</path><name>patalpha</name><image>~/../thumbs/Sharp - MZ-700/Named_Snaps/patalpha.png</image></game>
<game><path>./Sharp MZ-700 Merged/pcgaid.zip</path><name>pcgaid</name><image>~/../thumbs/Sharp - MZ-700/Named_Snaps/pcgaid.png</image></game>
<game><path>./Sharp MZ-700 Merged/pcgbasic.zip</path><name>pcgbasic</name><image>~/../thumbs/Sharp - MZ-700/Named_Snaps/pcgbasic.png</image></game>
<game><path>./Sharp MZ-700 Merged/pendu.zip</path><name>pendu</name><image>~/../thumbs/Sharp - MZ-700/Named_Snaps/pendu.png</image></game>
<game><path>./Sharp MZ-700 Merged/plot.zip</path><name>plot</name><image>~/../thumbs/Sharp - MZ-700/Named_Snaps/plot.png</image></game>
<game><path>./Sharp MZ-700 Merged/poker.zip</path><name>poker</name><image>~/../thumbs/Sharp - MZ-700/Named_Snaps/poker.png</image></game>
<game><path>./Sharp MZ-700 Merged/printfig.zip</path><name>printfig</name><image>~/../thumbs/Sharp - MZ-700/Named_Snaps/printfig.png</image></game>
<game><path>./Sharp MZ-700 Merged/puiss4.zip</path><name>puiss4</name><image>~/../thumbs/Sharp - MZ-700/Named_Snaps/puiss4.png</image></game>
<game><path>./Sharp MZ-700 Merged/puzzle.zip</path><name>puzzle</name><image>~/../thumbs/Sharp - MZ-700/Named_Snaps/puzzle.png</image></game>
<game><path>./Sharp MZ-700 Merged/qixi.zip</path><name>qixi</name><image>~/../thumbs/Sharp - MZ-700/Named_Snaps/qixi.png</image></game>
<game><path>./Sharp MZ-700 Merged/raumuhle.zip</path><name>raumuhle</name><image>~/../thumbs/Sharp - MZ-700/Named_Snaps/raumuhle.png</image></game>
<game><path>./Sharp MZ-700 Merged/realfort.zip</path><name>realfort</name><image>~/../thumbs/Sharp - MZ-700/Named_Snaps/realfort.png</image></game>
<game><path>./Sharp MZ-700 Merged/rebond.zip</path><name>rebond</name><image>~/../thumbs/Sharp - MZ-700/Named_Snaps/rebond.png</image></game>
<game><path>./Sharp MZ-700 Merged/rescplan.zip</path><name>rescplan</name><image>~/../thumbs/Sharp - MZ-700/Named_Snaps/rescplan.png</image></game>
<game><path>./Sharp MZ-700 Merged/reverse.zip</path><name>reverse</name><image>~/../thumbs/Sharp - MZ-700/Named_Snaps/reverse.png</image></game>
<game><path>./Sharp MZ-700 Merged/rr1906.zip</path><name>rr1906</name><image>~/../thumbs/Sharp - MZ-700/Named_Snaps/rr1906.png</image></game>
<game><path>./Sharp MZ-700 Merged/safecrak.zip</path><name>safecrak</name><image>~/../thumbs/Sharp - MZ-700/Named_Snaps/safecrak.png</image></game>
<game><path>./Sharp MZ-700 Merged/sbasicc.zip</path><name>sbasicc</name><image>~/../thumbs/Sharp - MZ-700/Named_Snaps/sbasicc.png</image></game>
<game><path>./Sharp MZ-700 Merged/schac700.zip</path><name>schac700</name><image>~/../thumbs/Sharp - MZ-700/Named_Snaps/schac700.png</image></game>
<game><path>./Sharp MZ-700 Merged/shogun.zip</path><name>shogun</name><image>~/../thumbs/Sharp - MZ-700/Named_Snaps/shogun.png</image></game>
<game><path>./Sharp MZ-700 Merged/sinberg.zip</path><name>sinberg</name><image>~/../thumbs/Sharp - MZ-700/Named_Snaps/sinberg.png</image></game>
<game><path>./Sharp MZ-700 Merged/skychaos.zip</path><name>skychaos</name><image>~/../thumbs/Sharp - MZ-700/Named_Snaps/skychaos.png</image></game>
<game><path>./Sharp MZ-700 Merged/smonitor.zip</path><name>smonitor</name><image>~/../thumbs/Sharp - MZ-700/Named_Snaps/smonitor.png</image></game>
<game><path>./Sharp MZ-700 Merged/sosz80.zip</path><name>sosz80</name><image>~/../thumbs/Sharp - MZ-700/Named_Snaps/sosz80.png</image></game>
<game><path>./Sharp MZ-700 Merged/soudard.zip</path><name>soudard</name><image>~/../thumbs/Sharp - MZ-700/Named_Snaps/soudard.png</image></game>
<game><path>./Sharp MZ-700 Merged/sp4015.zip</path><name>sp4015</name><image>~/../thumbs/Sharp - MZ-700/Named_Snaps/sp4015.png</image></game>
<game><path>./Sharp MZ-700 Merged/spacific.zip</path><name>spacific</name><image>~/../thumbs/Sharp - MZ-700/Named_Snaps/spacific.png</image></game>
<game><path>./Sharp MZ-700 Merged/spadata.zip</path><name>spadata</name><image>~/../thumbs/Sharp - MZ-700/Named_Snaps/spadata.png</image></game>
<game><path>./Sharp MZ-700 Merged/specdbug.zip</path><name>specdbug</name><image>~/../thumbs/Sharp - MZ-700/Named_Snaps/specdbug.png</image></game>
<game><path>./Sharp MZ-700 Merged/spoker.zip</path><name>spoker</name><image>~/../thumbs/Sharp - MZ-700/Named_Snaps/spoker.png</image></game>
<game><path>./Sharp MZ-700 Merged/squash.zip</path><name>squash</name><image>~/../thumbs/Sharp - MZ-700/Named_Snaps/squash.png</image></game>
<game><path>./Sharp MZ-700 Merged/srasf.zip</path><name>srasf</name><image>~/../thumbs/Sharp - MZ-700/Named_Snaps/srasf.png</image></game>
<game><path>./Sharp MZ-700 Merged/ssufo.zip</path><name>ssufo</name><image>~/../thumbs/Sharp - MZ-700/Named_Snaps/ssufo.png</image></game>
<game><path>./Sharp MZ-700 Merged/starfght.zip</path><name>starfght</name><image>~/../thumbs/Sharp - MZ-700/Named_Snaps/starfght.png</image></game>
<game><path>./Sharp MZ-700 Merged/startrek.zip</path><name>startrek</name><image>~/../thumbs/Sharp - MZ-700/Named_Snaps/startrek.png</image></game>
<game><path>./Sharp MZ-700 Merged/subshoot.zip</path><name>subshoot</name><image>~/../thumbs/Sharp - MZ-700/Named_Snaps/subshoot.png</image></game>
<game><path>./Sharp MZ-700 Merged/superspy.zip</path><name>superspy</name><image>~/../thumbs/Sharp - MZ-700/Named_Snaps/superspy.png</image></game>
<game><path>./Sharp MZ-700 Merged/supinvdr.zip</path><name>supinvdr</name><image>~/../thumbs/Sharp - MZ-700/Named_Snaps/supinvdr.png</image></game>
<game><path>./Sharp MZ-700 Merged/suprbndt.zip</path><name>suprbndt</name><image>~/../thumbs/Sharp - MZ-700/Named_Snaps/suprbndt.png</image></game>
<game><path>./Sharp MZ-700 Merged/suprheli.zip</path><name>suprheli</name><image>~/../thumbs/Sharp - MZ-700/Named_Snaps/suprheli.png</image></game>
<game><path>./Sharp MZ-700 Merged/suprtypn.zip</path><name>suprtypn</name><image>~/../thumbs/Sharp - MZ-700/Named_Snaps/suprtypn.png</image></game>
<game><path>./Sharp MZ-700 Merged/suprvrac.zip</path><name>suprvrac</name><image>~/../thumbs/Sharp - MZ-700/Named_Snaps/suprvrac.png</image></game>
<game><path>./Sharp MZ-700 Merged/sutam1f.zip</path><name>sutam1f</name><image>~/../thumbs/Sharp - MZ-700/Named_Snaps/sutam1f.png</image></game>
<game><path>./Sharp MZ-700 Merged/sutamc9.zip</path><name>sutamc9</name><image>~/../thumbs/Sharp - MZ-700/Named_Snaps/sutamc9.png</image></game>
<game><path>./Sharp MZ-700 Merged/sysxpert.zip</path><name>sysxpert</name><image>~/../thumbs/Sharp - MZ-700/Named_Snaps/sysxpert.png</image></game>
<game><path>./Sharp MZ-700 Merged/tapeworm.zip</path><name>tapeworm</name><image>~/../thumbs/Sharp - MZ-700/Named_Snaps/tapeworm.png</image></game>
<game><path>./Sharp MZ-700 Merged/telefon.zip</path><name>telefon</name><image>~/../thumbs/Sharp - MZ-700/Named_Snaps/telefon.png</image></game>
<game><path>./Sharp MZ-700 Merged/tomahawk.zip</path><name>tomahawk</name><image>~/../thumbs/Sharp - MZ-700/Named_Snaps/tomahawk.png</image></game>
<game><path>./Sharp MZ-700 Merged/tracker.zip</path><name>tracker</name><image>~/../thumbs/Sharp - MZ-700/Named_Snaps/tracker.png</image></game>
<game><path>./Sharp MZ-700 Merged/trucker.zip</path><name>trucker</name><image>~/../thumbs/Sharp - MZ-700/Named_Snaps/trucker.png</image></game>
<game><path>./Sharp MZ-700 Merged/typen.zip</path><name>typen</name><image>~/../thumbs/Sharp - MZ-700/Named_Snaps/typen.png</image></game>
<game><path>./Sharp MZ-700 Merged/urania2.zip</path><name>urania2</name><image>~/../thumbs/Sharp - MZ-700/Named_Snaps/urania2.png</image></game>
<game><path>./Sharp MZ-700 Merged/urasz80.zip</path><name>urasz80</name><image>~/../thumbs/Sharp - MZ-700/Named_Snaps/urasz80.png</image></game>
<game><path>./Sharp MZ-700 Merged/vol676.zip</path><name>vol676</name><image>~/../thumbs/Sharp - MZ-700/Named_Snaps/vol676.png</image></game>
<game><path>./Sharp MZ-700 Merged/vragend.zip</path><name>vragend</name><image>~/../thumbs/Sharp - MZ-700/Named_Snaps/vragend.png</image></game>
<game><path>./Sharp MZ-700 Merged/vviper.zip</path><name>vviper</name><image>~/../thumbs/Sharp - MZ-700/Named_Snaps/vviper.png</image></game>
<game><path>./Sharp MZ-700 Merged/wizcastl.zip</path><name>wizcastl</name><image>~/../thumbs/Sharp - MZ-700/Named_Snaps/wizcastl.png</image></game>
<game><path>./Sharp MZ-700 Merged/wndrhous.zip</path><name>wndrhous</name><image>~/../thumbs/Sharp - MZ-700/Named_Snaps/wndrhous.png</image></game>
<game><path>./Sharp MZ-700 Merged/wooky.zip</path><name>wooky</name><image>~/../thumbs/Sharp - MZ-700/Named_Snaps/wooky.png</image></game>
<game><path>./Sharp MZ-700 Merged/xanagram.zip</path><name>xanagram</name><image>~/../thumbs/Sharp - MZ-700/Named_Snaps/xanagram.png</image></game>
<game><path>./Sharp MZ-700 Merged/xbc.zip</path><name>xbc</name><image>~/../thumbs/Sharp - MZ-700/Named_Snaps/xbc.png</image></game>
<game><path>./Sharp MZ-700 Merged/yams.zip</path><name>yams</name><image>~/../thumbs/Sharp - MZ-700/Named_Snaps/yams.png</image></game>
<game><path>./Sharp MZ-700 Merged/z80dis.zip</path><name>z80dis</name><image>~/../thumbs/Sharp - MZ-700/Named_Snaps/z80dis.png</image></game>
<game><path>./Sharp MZ-700 Merged/zen.zip</path><name>zen</name><image>~/../thumbs/Sharp - MZ-700/Named_Snaps/zen.png</image></game>
<folder><path>./Sharp MZ-700 Merged</path><name>Sharp MZ-700 Merged</name><image>~/../thumb/mz700.png</image></folder>
<game><path>./Sharp MZ-700 Split/10games.zip</path><name>10games</name><image>~/../thumbs/Sharp - MZ-700/Named_Snaps/10games.png</image></game>
<game><path>./Sharp MZ-700 Split/10gamesa.zip</path><name>10gamesa</name><image>~/../thumbs/Sharp - MZ-700/Named_Snaps/10gamesa.png</image></game>
<game><path>./Sharp MZ-700 Split/1z013b.zip</path><name>1z013b</name><image>~/../thumbs/Sharp - MZ-700/Named_Snaps/1z013b.png</image></game>
<game><path>./Sharp MZ-700 Split/1z013b_a.zip</path><name>1z013b_a</name><image>~/../thumbs/Sharp - MZ-700/Named_Snaps/1z013b_a.png</image></game>
<game><path>./Sharp MZ-700 Split/1z013bswe.zip</path><name>1z013bswe</name><image>~/../thumbs/Sharp - MZ-700/Named_Snaps/1z013bswe.png</image></game>
<game><path>./Sharp MZ-700 Split/3crdbrag.zip</path><name>3crdbrag</name><image>~/../thumbs/Sharp - MZ-700/Named_Snaps/3crdbrag.png</image></game>
<game><path>./Sharp MZ-700 Split/3dcarrac.zip</path><name>3dcarrac</name><image>~/../thumbs/Sharp - MZ-700/Named_Snaps/3dcarrac.png</image></game>
<game><path>./Sharp MZ-700 Split/3dgraph.zip</path><name>3dgraph</name><image>~/../thumbs/Sharp - MZ-700/Named_Snaps/3dgraph.png</image></game>
<game><path>./Sharp MZ-700 Split/3dwayout.zip</path><name>3dwayout</name><image>~/../thumbs/Sharp - MZ-700/Named_Snaps/3dwayout.png</image></game>
<game><path>./Sharp MZ-700 Split/6502i.zip</path><name>6502i</name><image>~/../thumbs/Sharp - MZ-700/Named_Snaps/6502i.png</image></game>
<game><path>./Sharp MZ-700 Split/aceracer.zip</path><name>aceracer</name><image>~/../thumbs/Sharp - MZ-700/Named_Snaps/aceracer.png</image></game>
<game><path>./Sharp MZ-700 Split/advchess.zip</path><name>advchess</name><image>~/../thumbs/Sharp - MZ-700/Named_Snaps/advchess.png</image></game>
<game><path>./Sharp MZ-700 Split/airbus.zip</path><name>airbus</name><image>~/../thumbs/Sharp - MZ-700/Named_Snaps/airbus.png</image></game>
<game><path>./Sharp MZ-700 Split/aliens.zip</path><name>aliens</name><image>~/../thumbs/Sharp - MZ-700/Named_Snaps/aliens.png</image></game>
<game><path>./Sharp MZ-700 Split/amity.zip</path><name>amity</name><image>~/../thumbs/Sharp - MZ-700/Named_Snaps/amity.png</image></game>
<game><path>./Sharp MZ-700 Split/antares.zip</path><name>antares</name><image>~/../thumbs/Sharp - MZ-700/Named_Snaps/antares.png</image></game>
<game><path>./Sharp MZ-700 Split/anthill.zip</path><name>anthill</name><image>~/../thumbs/Sharp - MZ-700/Named_Snaps/anthill.png</image></game>
<game><path>./Sharp MZ-700 Split/apollowp.zip</path><name>apollowp</name><image>~/../thumbs/Sharp - MZ-700/Named_Snaps/apollowp.png</image></game>
<game><path>./Sharp MZ-700 Split/apollowp28.zip</path><name>apollowp28</name><image>~/../thumbs/Sharp - MZ-700/Named_Snaps/apollowp28.png</image></game>
<game><path>./Sharp MZ-700 Split/astbelt.zip</path><name>astbelt</name><image>~/../thumbs/Sharp - MZ-700/Named_Snaps/astbelt.png</image></game>
<game><path>./Sharp MZ-700 Split/astrobla.zip</path><name>astrobla</name><image>~/../thumbs/Sharp - MZ-700/Named_Snaps/astrobla.png</image></game>
<game><path>./Sharp MZ-700 Split/atkatank.zip</path><name>atkatank</name><image>~/../thumbs/Sharp - MZ-700/Named_Snaps/atkatank.png</image></game>
<game><path>./Sharp MZ-700 Split/backgamm.zip</path><name>backgamm</name><image>~/../thumbs/Sharp - MZ-700/Named_Snaps/backgamm.png</image></game>
<game><path>./Sharp MZ-700 Split/basezero.zip</path><name>basezero</name><image>~/../thumbs/Sharp - MZ-700/Named_Snaps/basezero.png</image></game>
<game><path>./Sharp MZ-700 Split/basic700.zip</path><name>basic700</name><image>~/../thumbs/Sharp - MZ-700/Named_Snaps/basic700.png</image></game>
<game><path>./Sharp MZ-700 Split/basicod2.zip</path><name>basicod2</name><image>~/../thumbs/Sharp - MZ-700/Named_Snaps/basicod2.png</image></game>
<game><path>./Sharp MZ-700 Split/bio700.zip</path><name>bio700</name><image>~/../thumbs/Sharp - MZ-700/Named_Snaps/bio700.png</image></game>
<game><path>./Sharp MZ-700 Split/biorythm.zip</path><name>biorythm</name><image>~/../thumbs/Sharp - MZ-700/Named_Snaps/biorythm.png</image></game>
<game><path>./Sharp MZ-700 Split/blastoff.zip</path><name>blastoff</name><image>~/../thumbs/Sharp - MZ-700/Named_Snaps/blastoff.png</image></game>
<game><path>./Sharp MZ-700 Split/bloktek.zip</path><name>bloktek</name><image>~/../thumbs/Sharp - MZ-700/Named_Snaps/bloktek.png</image></game>
<game><path>./Sharp MZ-700 Split/bombman.zip</path><name>bombman</name><image>~/../thumbs/Sharp - MZ-700/Named_Snaps/bombman.png</image></game>
<game><path>./Sharp MZ-700 Split/bouldash.zip</path><name>bouldash</name><image>~/../thumbs/Sharp - MZ-700/Named_Snaps/bouldash.png</image></game>
<game><path>./Sharp MZ-700 Split/breuken1.zip</path><name>breuken1</name><image>~/../thumbs/Sharp - MZ-700/Named_Snaps/breuken1.png</image></game>
<game><path>./Sharp MZ-700 Split/calendri.zip</path><name>calendri</name><image>~/../thumbs/Sharp - MZ-700/Named_Snaps/calendri.png</image></game>
<game><path>./Sharp MZ-700 Split/cannball.zip</path><name>cannball</name><image>~/../thumbs/Sharp - MZ-700/Named_Snaps/cannball.png</image></game>
<game><path>./Sharp MZ-700 Split/catacomb.zip</path><name>catacomb</name><image>~/../thumbs/Sharp - MZ-700/Named_Snaps/catacomb.png</image></game>
<game><path>./Sharp MZ-700 Split/cataplus.zip</path><name>cataplus</name><image>~/../thumbs/Sharp - MZ-700/Named_Snaps/cataplus.png</image></game>
<game><path>./Sharp MZ-700 Split/ccacr.zip</path><name>ccacr</name><image>~/../thumbs/Sharp - MZ-700/Named_Snaps/ccacr.png</image></game>
<game><path>./Sharp MZ-700 Split/cent2.zip</path><name>cent2</name><image>~/../thumbs/Sharp - MZ-700/Named_Snaps/cent2.png</image></game>
<game><path>./Sharp MZ-700 Split/cent2dsk.zip</path><name>cent2dsk</name><image>~/../thumbs/Sharp - MZ-700/Named_Snaps/cent2dsk.png</image></game>
<game><path>./Sharp MZ-700 Split/clubgolf.zip</path><name>clubgolf</name><image>~/../thumbs/Sharp - MZ-700/Named_Snaps/clubgolf.png</image></game>
<game><path>./Sharp MZ-700 Split/cmaster.zip</path><name>cmaster</name><image>~/../thumbs/Sharp - MZ-700/Named_Snaps/cmaster.png</image></game>
<game><path>./Sharp MZ-700 Split/codeword.zip</path><name>codeword</name><image>~/../thumbs/Sharp - MZ-700/Named_Snaps/codeword.png</image></game>
<game><path>./Sharp MZ-700 Split/competit.zip</path><name>competit</name><image>~/../thumbs/Sharp - MZ-700/Named_Snaps/competit.png</image></game>
<game><path>./Sharp MZ-700 Split/complain.zip</path><name>complain</name><image>~/../thumbs/Sharp - MZ-700/Named_Snaps/complain.png</image></game>
<game><path>./Sharp MZ-700 Split/compslot.zip</path><name>compslot</name><image>~/../thumbs/Sharp - MZ-700/Named_Snaps/compslot.png</image></game>
<game><path>./Sharp MZ-700 Split/comptek.zip</path><name>comptek</name><image>~/../thumbs/Sharp - MZ-700/Named_Snaps/comptek.png</image></game>
<game><path>./Sharp MZ-700 Split/connect4.zip</path><name>connect4</name><image>~/../thumbs/Sharp - MZ-700/Named_Snaps/connect4.png</image></game>
<game><path>./Sharp MZ-700 Split/conveyor.zip</path><name>conveyor</name><image>~/../thumbs/Sharp - MZ-700/Named_Snaps/conveyor.png</image></game>
<game><path>./Sharp MZ-700 Split/copy.zip</path><name>copy</name><image>~/../thumbs/Sharp - MZ-700/Named_Snaps/copy.png</image></game>
<game><path>./Sharp MZ-700 Split/cribbage.zip</path><name>cribbage</name><image>~/../thumbs/Sharp - MZ-700/Named_Snaps/cribbage.png</image></game>
<game><path>./Sharp MZ-700 Split/croaker.zip</path><name>croaker</name><image>~/../thumbs/Sharp - MZ-700/Named_Snaps/croaker.png</image></game>
<game><path>./Sharp MZ-700 Split/cyfax.zip</path><name>cyfax</name><image>~/../thumbs/Sharp - MZ-700/Named_Snaps/cyfax.png</image></game>
<game><path>./Sharp MZ-700 Split/dateiuni.zip</path><name>dateiuni</name><image>~/../thumbs/Sharp - MZ-700/Named_Snaps/dateiuni.png</image></game>
<game><path>./Sharp MZ-700 Split/dbfiler.zip</path><name>dbfiler</name><image>~/../thumbs/Sharp - MZ-700/Named_Snaps/dbfiler.png</image></game>
<game><path>./Sharp MZ-700 Split/dbp701.zip</path><name>dbp701</name><image>~/../thumbs/Sharp - MZ-700/Named_Snaps/dbp701.png</image></game>
<game><path>./Sharp MZ-700 Split/demasaso.zip</path><name>demasaso</name><image>~/../thumbs/Sharp - MZ-700/Named_Snaps/demasaso.png</image></game>
<game><path>./Sharp MZ-700 Split/descente.zip</path><name>descente</name><image>~/../thumbs/Sharp - MZ-700/Named_Snaps/descente.png</image></game>
<game><path>./Sharp MZ-700 Split/destruct.zip</path><name>destruct</name><image>~/../thumbs/Sharp - MZ-700/Named_Snaps/destruct.png</image></game>
<game><path>./Sharp MZ-700 Split/dgorilla.zip</path><name>dgorilla</name><image>~/../thumbs/Sharp - MZ-700/Named_Snaps/dgorilla.png</image></game>
<game><path>./Sharp MZ-700 Split/diaboliq.zip</path><name>diaboliq</name><image>~/../thumbs/Sharp - MZ-700/Named_Snaps/diaboliq.png</image></game>
<game><path>./Sharp MZ-700 Split/dominat.zip</path><name>dominat</name><image>~/../thumbs/Sharp - MZ-700/Named_Snaps/dominat.png</image></game>
<game><path>./Sharp MZ-700 Split/easidata.zip</path><name>easidata</name><image>~/../thumbs/Sharp - MZ-700/Named_Snaps/easidata.png</image></game>
<game><path>./Sharp MZ-700 Split/explatom.zip</path><name>explatom</name><image>~/../thumbs/Sharp - MZ-700/Named_Snaps/explatom.png</image></game>
<game><path>./Sharp MZ-700 Split/fantgrov.zip</path><name>fantgrov</name><image>~/../thumbs/Sharp - MZ-700/Named_Snaps/fantgrov.png</image></game>
<game><path>./Sharp MZ-700 Split/fightcom.zip</path><name>fightcom</name><image>~/../thumbs/Sharp - MZ-700/Named_Snaps/fightcom.png</image></game>
<game><path>./Sharp MZ-700 Split/fire.zip</path><name>fire</name><image>~/../thumbs/Sharp - MZ-700/Named_Snaps/fire.png</image></game>
<game><path>./Sharp MZ-700 Split/fishfred.zip</path><name>fishfred</name><image>~/../thumbs/Sharp - MZ-700/Named_Snaps/fishfred.png</image></game>
<game><path>./Sharp MZ-700 Split/flugsim.zip</path><name>flugsim</name><image>~/../thumbs/Sharp - MZ-700/Named_Snaps/flugsim.png</image></game>
<game><path>./Sharp MZ-700 Split/fulspeed.zip</path><name>fulspeed</name><image>~/../thumbs/Sharp - MZ-700/Named_Snaps/fulspeed.png</image></game>
<game><path>./Sharp MZ-700 Split/gcajj.zip</path><name>gcajj</name><image>~/../thumbs/Sharp - MZ-700/Named_Snaps/gcajj.png</image></game>
<game><path>./Sharp MZ-700 Split/gdp9ba.zip</path><name>gdp9ba</name><image>~/../thumbs/Sharp - MZ-700/Named_Snaps/gdp9ba.png</image></game>
<game><path>./Sharp MZ-700 Split/geboorte.zip</path><name>geboorte</name><image>~/../thumbs/Sharp - MZ-700/Named_Snaps/geboorte.png</image></game>
<game><path>./Sharp MZ-700 Split/globule.zip</path><name>globule</name><image>~/../thumbs/Sharp - MZ-700/Named_Snaps/globule.png</image></game>
<game><path>./Sharp MZ-700 Split/globwar3.zip</path><name>globwar3</name><image>~/../thumbs/Sharp - MZ-700/Named_Snaps/globwar3.png</image></game>
<game><path>./Sharp MZ-700 Split/gobbler.zip</path><name>gobbler</name><image>~/../thumbs/Sharp - MZ-700/Named_Snaps/gobbler.png</image></game>
<game><path>./Sharp MZ-700 Split/greedyg.zip</path><name>greedyg</name><image>~/../thumbs/Sharp - MZ-700/Named_Snaps/greedyg.png</image></game>
<game><path>./Sharp MZ-700 Split/grid.zip</path><name>grid</name><image>~/../thumbs/Sharp - MZ-700/Named_Snaps/grid.png</image></game>
<game><path>./Sharp MZ-700 Split/guerilla.zip</path><name>guerilla</name><image>~/../thumbs/Sharp - MZ-700/Named_Snaps/guerilla.png</image></game>
<game><path>./Sharp MZ-700 Split/guerre.zip</path><name>guerre</name><image>~/../thumbs/Sharp - MZ-700/Named_Snaps/guerre.png</image></game>
<game><path>./Sharp MZ-700 Split/hdcorgel.zip</path><name>hdcorgel</name><image>~/../thumbs/Sharp - MZ-700/Named_Snaps/hdcorgel.png</image></game>
<game><path>./Sharp MZ-700 Split/hspascal.zip</path><name>hspascal</name><image>~/../thumbs/Sharp - MZ-700/Named_Snaps/hspascal.png</image></game>
<game><path>./Sharp MZ-700 Split/hunchy.zip</path><name>hunchy</name><image>~/../thumbs/Sharp - MZ-700/Named_Snaps/hunchy.png</image></game>
<game><path>./Sharp MZ-700 Split/impomiss.zip</path><name>impomiss</name><image>~/../thumbs/Sharp - MZ-700/Named_Snaps/impomiss.png</image></game>
<game><path>./Sharp MZ-700 Split/isola.zip</path><name>isola</name><image>~/../thumbs/Sharp - MZ-700/Named_Snaps/isola.png</image></game>
<game><path>./Sharp MZ-700 Split/jeuxint.zip</path><name>jeuxint</name><image>~/../thumbs/Sharp - MZ-700/Named_Snaps/jeuxint.png</image></game>
<game><path>./Sharp MZ-700 Split/jumprun.zip</path><name>jumprun</name><image>~/../thumbs/Sharp - MZ-700/Named_Snaps/jumprun.png</image></game>
<game><path>./Sharp MZ-700 Split/kalender.zip</path><name>kalender</name><image>~/../thumbs/Sharp - MZ-700/Named_Snaps/kalender.png</image></game>
<game><path>./Sharp MZ-700 Split/kamertje.zip</path><name>kamertje</name><image>~/../thumbs/Sharp - MZ-700/Named_Snaps/kamertje.png</image></game>
<game><path>./Sharp MZ-700 Split/kasboek.zip</path><name>kasboek</name><image>~/../thumbs/Sharp - MZ-700/Named_Snaps/kasboek.png</image></game>
<game><path>./Sharp MZ-700 Split/kbasic5.zip</path><name>kbasic5</name><image>~/../thumbs/Sharp - MZ-700/Named_Snaps/kbasic5.png</image></game>
<game><path>./Sharp MZ-700 Split/kcastle.zip</path><name>kcastle</name><image>~/../thumbs/Sharp - MZ-700/Named_Snaps/kcastle.png</image></game>
<game><path>./Sharp MZ-700 Split/kcufo.zip</path><name>kcufo</name><image>~/../thumbs/Sharp - MZ-700/Named_Snaps/kcufo.png</image></game>
<game><path>./Sharp MZ-700 Split/kentucky.zip</path><name>kentucky</name><image>~/../thumbs/Sharp - MZ-700/Named_Snaps/kentucky.png</image></game>
<game><path>./Sharp MZ-700 Split/klavier.zip</path><name>klavier</name><image>~/../thumbs/Sharp - MZ-700/Named_Snaps/klavier.png</image></game>
<game><path>./Sharp MZ-700 Split/knightsf.zip</path><name>knightsf</name><image>~/../thumbs/Sharp - MZ-700/Named_Snaps/knightsf.png</image></game>
<game><path>./Sharp MZ-700 Split/knightsfmod.zip</path><name>knightsfmod</name><image>~/../thumbs/Sharp - MZ-700/Named_Snaps/knightsfmod.png</image></game>
<game><path>./Sharp MZ-700 Split/kp80c354.zip</path><name>kp80c354</name><image>~/../thumbs/Sharp - MZ-700/Named_Snaps/kp80c354.png</image></game>
<game><path>./Sharp MZ-700 Split/kp80c355.zip</path><name>kp80c355</name><image>~/../thumbs/Sharp - MZ-700/Named_Snaps/kp80c355.png</image></game>
<game><path>./Sharp MZ-700 Split/kpbasic.zip</path><name>kpbasic</name><image>~/../thumbs/Sharp - MZ-700/Named_Snaps/kpbasic.png</image></game>
<game><path>./Sharp MZ-700 Split/ksmines.zip</path><name>ksmines</name><image>~/../thumbs/Sharp - MZ-700/Named_Snaps/ksmines.png</image></game>
<game><path>./Sharp MZ-700 Split/kuma.zip</path><name>kuma</name><image>~/../thumbs/Sharp - MZ-700/Named_Snaps/kuma.png</image></game>
<game><path>./Sharp MZ-700 Split/ladybug.zip</path><name>ladybug</name><image>~/../thumbs/Sharp - MZ-700/Named_Snaps/ladybug.png</image></game>
<game><path>./Sharp MZ-700 Split/lemans.zip</path><name>lemans</name><image>~/../thumbs/Sharp - MZ-700/Named_Snaps/lemans.png</image></game>
<game><path>./Sharp MZ-700 Split/lightpat.zip</path><name>lightpat</name><image>~/../thumbs/Sharp - MZ-700/Named_Snaps/lightpat.png</image></game>
<game><path>./Sharp MZ-700 Split/lijnspel.zip</path><name>lijnspel</name><image>~/../thumbs/Sharp - MZ-700/Named_Snaps/lijnspel.png</image></game>
<game><path>./Sharp MZ-700 Split/lissajou.zip</path><name>lissajou</name><image>~/../thumbs/Sharp - MZ-700/Named_Snaps/lissajou.png</image></game>
<game><path>./Sharp MZ-700 Split/logov30.zip</path><name>logov30</name><image>~/../thumbs/Sharp - MZ-700/Named_Snaps/logov30.png</image></game>
<game><path>./Sharp MZ-700 Split/macpac.zip</path><name>macpac</name><image>~/../thumbs/Sharp - MZ-700/Named_Snaps/macpac.png</image></game>
<game><path>./Sharp MZ-700 Split/macpacg.zip</path><name>macpacg</name><image>~/../thumbs/Sharp - MZ-700/Named_Snaps/macpacg.png</image></game>
<game><path>./Sharp MZ-700 Split/madmaze.zip</path><name>madmaze</name><image>~/../thumbs/Sharp - MZ-700/Named_Snaps/madmaze.png</image></game>
<game><path>./Sharp MZ-700 Split/manza.zip</path><name>manza</name><image>~/../thumbs/Sharp - MZ-700/Named_Snaps/manza.png</image></game>
<game><path>./Sharp MZ-700 Split/matpendu.zip</path><name>matpendu</name><image>~/../thumbs/Sharp - MZ-700/Named_Snaps/matpendu.png</image></game>
<game><path>./Sharp MZ-700 Split/mazeesc.zip</path><name>mazeesc</name><image>~/../thumbs/Sharp - MZ-700/Named_Snaps/mazeesc.png</image></game>
<game><path>./Sharp MZ-700 Split/messing.zip</path><name>messing</name><image>~/../thumbs/Sharp - MZ-700/Named_Snaps/messing.png</image></game>
<game><path>./Sharp MZ-700 Split/misalpha.zip</path><name>misalpha</name><image>~/../thumbs/Sharp - MZ-700/Named_Snaps/misalpha.png</image></game>
<game><path>./Sharp MZ-700 Split/misdelta.zip</path><name>misdelta</name><image>~/../thumbs/Sharp - MZ-700/Named_Snaps/misdelta.png</image></game>
<game><path>./Sharp MZ-700 Split/missiona.zip</path><name>missiona</name><image>~/../thumbs/Sharp - MZ-700/Named_Snaps/missiona.png</image></game>
<game><path>./Sharp MZ-700 Split/mlsp8002.zip</path><name>mlsp8002</name><image>~/../thumbs/Sharp - MZ-700/Named_Snaps/mlsp8002.png</image></game>
<game><path>./Sharp MZ-700 Split/moleatck.zip</path><name>moleatck</name><image>~/../thumbs/Sharp - MZ-700/Named_Snaps/moleatck.png</image></game>
<game><path>./Sharp MZ-700 Split/momm.zip</path><name>momm</name><image>~/../thumbs/Sharp - MZ-700/Named_Snaps/momm.png</image></game>
<game><path>./Sharp MZ-700 Split/monitor.zip</path><name>monitor</name><image>~/../thumbs/Sharp - MZ-700/Named_Snaps/monitor.png</image></game>
<game><path>./Sharp MZ-700 Split/monitor2.zip</path><name>monitor2</name><image>~/../thumbs/Sharp - MZ-700/Named_Snaps/monitor2.png</image></game>
<game><path>./Sharp MZ-700 Split/monitor6.zip</path><name>monitor6</name><image>~/../thumbs/Sharp - MZ-700/Named_Snaps/monitor6.png</image></game>
<game><path>./Sharp MZ-700 Split/morpion.zip</path><name>morpion</name><image>~/../thumbs/Sharp - MZ-700/Named_Snaps/morpion.png</image></game>
<game><path>./Sharp MZ-700 Split/morpius.zip</path><name>morpius</name><image>~/../thumbs/Sharp - MZ-700/Named_Snaps/morpius.png</image></game>
<game><path>./Sharp MZ-700 Split/moty.zip</path><name>moty</name><image>~/../thumbs/Sharp - MZ-700/Named_Snaps/moty.png</image></game>
<game><path>./Sharp MZ-700 Split/mstrmind.zip</path><name>mstrmind</name><image>~/../thumbs/Sharp - MZ-700/Named_Snaps/mstrmind.png</image></game>
<game><path>./Sharp MZ-700 Split/mucmac.zip</path><name>mucmac</name><image>~/../thumbs/Sharp - MZ-700/Named_Snaps/mucmac.png</image></game>
<game><path>./Sharp MZ-700 Split/musiques.zip</path><name>musiques</name><image>~/../thumbs/Sharp - MZ-700/Named_Snaps/musiques.png</image></game>
<game><path>./Sharp MZ-700 Split/mz2z009e.zip</path><name>mz2z009e</name><image>~/../thumbs/Sharp - MZ-700/Named_Snaps/mz2z009e.png</image></game>
<game><path>./Sharp MZ-700 Split/mz2z009ed.zip</path><name>mz2z009ed</name><image>~/../thumbs/Sharp - MZ-700/Named_Snaps/mz2z009ed.png</image></game>
<game><path>./Sharp MZ-700 Split/mz5z008.zip</path><name>mz5z008</name><image>~/../thumbs/Sharp - MZ-700/Named_Snaps/mz5z008.png</image></game>
<game><path>./Sharp MZ-700 Split/mz5z008qd.zip</path><name>mz5z008qd</name><image>~/../thumbs/Sharp - MZ-700/Named_Snaps/mz5z008qd.png</image></game>
<game><path>./Sharp MZ-700 Split/mz700tut.zip</path><name>mz700tut</name><image>~/../thumbs/Sharp - MZ-700/Named_Snaps/mz700tut.png</image></game>
<game><path>./Sharp MZ-700 Split/mz7forth.zip</path><name>mz7forth</name><image>~/../thumbs/Sharp - MZ-700/Named_Snaps/mz7forth.png</image></game>
<game><path>./Sharp MZ-700 Split/nakamoto.zip</path><name>nakamoto</name><image>~/../thumbs/Sharp - MZ-700/Named_Snaps/nakamoto.png</image></game>
<game><path>./Sharp MZ-700 Split/nibbler.zip</path><name>nibbler</name><image>~/../thumbs/Sharp - MZ-700/Named_Snaps/nibbler.png</image></game>
<game><path>./Sharp MZ-700 Split/nighpark.zip</path><name>nighpark</name><image>~/../thumbs/Sharp - MZ-700/Named_Snaps/nighpark.png</image></game>
<game><path>./Sharp MZ-700 Split/nighparkb.zip</path><name>nighparkb</name><image>~/../thumbs/Sharp - MZ-700/Named_Snaps/nighparkb.png</image></game>
<game><path>./Sharp MZ-700 Split/niteflit.zip</path><name>niteflit</name><image>~/../thumbs/Sharp - MZ-700/Named_Snaps/niteflit.png</image></game>
<game><path>./Sharp MZ-700 Split/nombres.zip</path><name>nombres</name><image>~/../thumbs/Sharp - MZ-700/Named_Snaps/nombres.png</image></game>
<game><path>./Sharp MZ-700 Split/octopuss.zip</path><name>octopuss</name><image>~/../thumbs/Sharp - MZ-700/Named_Snaps/octopuss.png</image></game>
<game><path>./Sharp MZ-700 Split/panique.zip</path><name>panique</name><image>~/../thumbs/Sharp - MZ-700/Named_Snaps/panique.png</image></game>
<game><path>./Sharp MZ-700 Split/parashot.zip</path><name>parashot</name><image>~/../thumbs/Sharp - MZ-700/Named_Snaps/parashot.png</image></game>
<game><path>./Sharp MZ-700 Split/patalpha.zip</path><name>patalpha</name><image>~/../thumbs/Sharp - MZ-700/Named_Snaps/patalpha.png</image></game>
<game><path>./Sharp MZ-700 Split/pcgaid.zip</path><name>pcgaid</name><image>~/../thumbs/Sharp - MZ-700/Named_Snaps/pcgaid.png</image></game>
<game><path>./Sharp MZ-700 Split/pcgaide.zip</path><name>pcgaide</name><image>~/../thumbs/Sharp - MZ-700/Named_Snaps/pcgaide.png</image></game>
<game><path>./Sharp MZ-700 Split/pcgbasic.zip</path><name>pcgbasic</name><image>~/../thumbs/Sharp - MZ-700/Named_Snaps/pcgbasic.png</image></game>
<game><path>./Sharp MZ-700 Split/pendu.zip</path><name>pendu</name><image>~/../thumbs/Sharp - MZ-700/Named_Snaps/pendu.png</image></game>
<game><path>./Sharp MZ-700 Split/plot.zip</path><name>plot</name><image>~/../thumbs/Sharp - MZ-700/Named_Snaps/plot.png</image></game>
<game><path>./Sharp MZ-700 Split/poker.zip</path><name>poker</name><image>~/../thumbs/Sharp - MZ-700/Named_Snaps/poker.png</image></game>
<game><path>./Sharp MZ-700 Split/printfig.zip</path><name>printfig</name><image>~/../thumbs/Sharp - MZ-700/Named_Snaps/printfig.png</image></game>
<game><path>./Sharp MZ-700 Split/puiss4.zip</path><name>puiss4</name><image>~/../thumbs/Sharp - MZ-700/Named_Snaps/puiss4.png</image></game>
<game><path>./Sharp MZ-700 Split/puzzle.zip</path><name>puzzle</name><image>~/../thumbs/Sharp - MZ-700/Named_Snaps/puzzle.png</image></game>
<game><path>./Sharp MZ-700 Split/qixi.zip</path><name>qixi</name><image>~/../thumbs/Sharp - MZ-700/Named_Snaps/qixi.png</image></game>
<game><path>./Sharp MZ-700 Split/raumuhle.zip</path><name>raumuhle</name><image>~/../thumbs/Sharp - MZ-700/Named_Snaps/raumuhle.png</image></game>
<game><path>./Sharp MZ-700 Split/realfort.zip</path><name>realfort</name><image>~/../thumbs/Sharp - MZ-700/Named_Snaps/realfort.png</image></game>
<game><path>./Sharp MZ-700 Split/rebond.zip</path><name>rebond</name><image>~/../thumbs/Sharp - MZ-700/Named_Snaps/rebond.png</image></game>
<game><path>./Sharp MZ-700 Split/rescplan.zip</path><name>rescplan</name><image>~/../thumbs/Sharp - MZ-700/Named_Snaps/rescplan.png</image></game>
<game><path>./Sharp MZ-700 Split/reverse.zip</path><name>reverse</name><image>~/../thumbs/Sharp - MZ-700/Named_Snaps/reverse.png</image></game>
<game><path>./Sharp MZ-700 Split/rr1906.zip</path><name>rr1906</name><image>~/../thumbs/Sharp - MZ-700/Named_Snaps/rr1906.png</image></game>
<game><path>./Sharp MZ-700 Split/safecrak.zip</path><name>safecrak</name><image>~/../thumbs/Sharp - MZ-700/Named_Snaps/safecrak.png</image></game>
<game><path>./Sharp MZ-700 Split/sbasicc.zip</path><name>sbasicc</name><image>~/../thumbs/Sharp - MZ-700/Named_Snaps/sbasicc.png</image></game>
<game><path>./Sharp MZ-700 Split/sbasiccdutch1.zip</path><name>sbasiccdutch1</name><image>~/../thumbs/Sharp - MZ-700/Named_Snaps/sbasiccdutch1.png</image></game>
<game><path>./Sharp MZ-700 Split/sbasiccdutch2.zip</path><name>sbasiccdutch2</name><image>~/../thumbs/Sharp - MZ-700/Named_Snaps/sbasiccdutch2.png</image></game>
<game><path>./Sharp MZ-700 Split/schac700.zip</path><name>schac700</name><image>~/../thumbs/Sharp - MZ-700/Named_Snaps/schac700.png</image></game>
<game><path>./Sharp MZ-700 Split/shogun.zip</path><name>shogun</name><image>~/../thumbs/Sharp - MZ-700/Named_Snaps/shogun.png</image></game>
<game><path>./Sharp MZ-700 Split/sinberg.zip</path><name>sinberg</name><image>~/../thumbs/Sharp - MZ-700/Named_Snaps/sinberg.png</image></game>
<game><path>./Sharp MZ-700 Split/skychaos.zip</path><name>skychaos</name><image>~/../thumbs/Sharp - MZ-700/Named_Snaps/skychaos.png</image></game>
<game><path>./Sharp MZ-700 Split/smonitor.zip</path><name>smonitor</name><image>~/../thumbs/Sharp - MZ-700/Named_Snaps/smonitor.png</image></game>
<game><path>./Sharp MZ-700 Split/sosz80.zip</path><name>sosz80</name><image>~/../thumbs/Sharp - MZ-700/Named_Snaps/sosz80.png</image></game>
<game><path>./Sharp MZ-700 Split/soudard.zip</path><name>soudard</name><image>~/../thumbs/Sharp - MZ-700/Named_Snaps/soudard.png</image></game>
<game><path>./Sharp MZ-700 Split/sp4015.zip</path><name>sp4015</name><image>~/../thumbs/Sharp - MZ-700/Named_Snaps/sp4015.png</image></game>
<game><path>./Sharp MZ-700 Split/sp4015c.zip</path><name>sp4015c</name><image>~/../thumbs/Sharp - MZ-700/Named_Snaps/sp4015c.png</image></game>
<game><path>./Sharp MZ-700 Split/sp4015qd.zip</path><name>sp4015qd</name><image>~/../thumbs/Sharp - MZ-700/Named_Snaps/sp4015qd.png</image></game>
<game><path>./Sharp MZ-700 Split/spacific.zip</path><name>spacific</name><image>~/../thumbs/Sharp - MZ-700/Named_Snaps/spacific.png</image></game>
<game><path>./Sharp MZ-700 Split/spadata.zip</path><name>spadata</name><image>~/../thumbs/Sharp - MZ-700/Named_Snaps/spadata.png</image></game>
<game><path>./Sharp MZ-700 Split/specdbug.zip</path><name>specdbug</name><image>~/../thumbs/Sharp - MZ-700/Named_Snaps/specdbug.png</image></game>
<game><path>./Sharp MZ-700 Split/spoker.zip</path><name>spoker</name><image>~/../thumbs/Sharp - MZ-700/Named_Snaps/spoker.png</image></game>
<game><path>./Sharp MZ-700 Split/squash.zip</path><name>squash</name><image>~/../thumbs/Sharp - MZ-700/Named_Snaps/squash.png</image></game>
<game><path>./Sharp MZ-700 Split/srasf.zip</path><name>srasf</name><image>~/../thumbs/Sharp - MZ-700/Named_Snaps/srasf.png</image></game>
<game><path>./Sharp MZ-700 Split/ssufo.zip</path><name>ssufo</name><image>~/../thumbs/Sharp - MZ-700/Named_Snaps/ssufo.png</image></game>
<game><path>./Sharp MZ-700 Split/starfght.zip</path><name>starfght</name><image>~/../thumbs/Sharp - MZ-700/Named_Snaps/starfght.png</image></game>
<game><path>./Sharp MZ-700 Split/startrek.zip</path><name>startrek</name><image>~/../thumbs/Sharp - MZ-700/Named_Snaps/startrek.png</image></game>
<game><path>./Sharp MZ-700 Split/subshoot.zip</path><name>subshoot</name><image>~/../thumbs/Sharp - MZ-700/Named_Snaps/subshoot.png</image></game>
<game><path>./Sharp MZ-700 Split/superspy.zip</path><name>superspy</name><image>~/../thumbs/Sharp - MZ-700/Named_Snaps/superspy.png</image></game>
<game><path>./Sharp MZ-700 Split/supinvdr.zip</path><name>supinvdr</name><image>~/../thumbs/Sharp - MZ-700/Named_Snaps/supinvdr.png</image></game>
<game><path>./Sharp MZ-700 Split/suprbndt.zip</path><name>suprbndt</name><image>~/../thumbs/Sharp - MZ-700/Named_Snaps/suprbndt.png</image></game>
<game><path>./Sharp MZ-700 Split/suprheli.zip</path><name>suprheli</name><image>~/../thumbs/Sharp - MZ-700/Named_Snaps/suprheli.png</image></game>
<game><path>./Sharp MZ-700 Split/suprtypn.zip</path><name>suprtypn</name><image>~/../thumbs/Sharp - MZ-700/Named_Snaps/suprtypn.png</image></game>
<game><path>./Sharp MZ-700 Split/suprvrac.zip</path><name>suprvrac</name><image>~/../thumbs/Sharp - MZ-700/Named_Snaps/suprvrac.png</image></game>
<game><path>./Sharp MZ-700 Split/sutam1f.zip</path><name>sutam1f</name><image>~/../thumbs/Sharp - MZ-700/Named_Snaps/sutam1f.png</image></game>
<game><path>./Sharp MZ-700 Split/sutamc9.zip</path><name>sutamc9</name><image>~/../thumbs/Sharp - MZ-700/Named_Snaps/sutamc9.png</image></game>
<game><path>./Sharp MZ-700 Split/sutapeba.zip</path><name>sutapeba</name><image>~/../thumbs/Sharp - MZ-700/Named_Snaps/sutapeba.png</image></game>
<game><path>./Sharp MZ-700 Split/sutapemo.zip</path><name>sutapemo</name><image>~/../thumbs/Sharp - MZ-700/Named_Snaps/sutapemo.png</image></game>
<game><path>./Sharp MZ-700 Split/sysxpert.zip</path><name>sysxpert</name><image>~/../thumbs/Sharp - MZ-700/Named_Snaps/sysxpert.png</image></game>
<game><path>./Sharp MZ-700 Split/tapeworm.zip</path><name>tapeworm</name><image>~/../thumbs/Sharp - MZ-700/Named_Snaps/tapeworm.png</image></game>
<game><path>./Sharp MZ-700 Split/tbasic.zip</path><name>tbasic</name><image>~/../thumbs/Sharp - MZ-700/Named_Snaps/tbasic.png</image></game>
<game><path>./Sharp MZ-700 Split/telefon.zip</path><name>telefon</name><image>~/../thumbs/Sharp - MZ-700/Named_Snaps/telefon.png</image></game>
<game><path>./Sharp MZ-700 Split/tomahawk.zip</path><name>tomahawk</name><image>~/../thumbs/Sharp - MZ-700/Named_Snaps/tomahawk.png</image></game>
<game><path>./Sharp MZ-700 Split/tracker.zip</path><name>tracker</name><image>~/../thumbs/Sharp - MZ-700/Named_Snaps/tracker.png</image></game>
<game><path>./Sharp MZ-700 Split/trucker.zip</path><name>trucker</name><image>~/../thumbs/Sharp - MZ-700/Named_Snaps/trucker.png</image></game>
<game><path>./Sharp MZ-700 Split/typen.zip</path><name>typen</name><image>~/../thumbs/Sharp - MZ-700/Named_Snaps/typen.png</image></game>
<game><path>./Sharp MZ-700 Split/unigg.zip</path><name>unigg</name><image>~/../thumbs/Sharp - MZ-700/Named_Snaps/unigg.png</image></game>
<game><path>./Sharp MZ-700 Split/urania2.zip</path><name>urania2</name><image>~/../thumbs/Sharp - MZ-700/Named_Snaps/urania2.png</image></game>
<game><path>./Sharp MZ-700 Split/urasz80.zip</path><name>urasz80</name><image>~/../thumbs/Sharp - MZ-700/Named_Snaps/urasz80.png</image></game>
<game><path>./Sharp MZ-700 Split/vol676.zip</path><name>vol676</name><image>~/../thumbs/Sharp - MZ-700/Named_Snaps/vol676.png</image></game>
<game><path>./Sharp MZ-700 Split/vragend.zip</path><name>vragend</name><image>~/../thumbs/Sharp - MZ-700/Named_Snaps/vragend.png</image></game>
<game><path>./Sharp MZ-700 Split/vviper.zip</path><name>vviper</name><image>~/../thumbs/Sharp - MZ-700/Named_Snaps/vviper.png</image></game>
<game><path>./Sharp MZ-700 Split/wizcastl.zip</path><name>wizcastl</name><image>~/../thumbs/Sharp - MZ-700/Named_Snaps/wizcastl.png</image></game>
<game><path>./Sharp MZ-700 Split/wndrhous.zip</path><name>wndrhous</name><image>~/../thumbs/Sharp - MZ-700/Named_Snaps/wndrhous.png</image></game>
<game><path>./Sharp MZ-700 Split/wooky.zip</path><name>wooky</name><image>~/../thumbs/Sharp - MZ-700/Named_Snaps/wooky.png</image></game>
<game><path>./Sharp MZ-700 Split/xanagram.zip</path><name>xanagram</name><image>~/../thumbs/Sharp - MZ-700/Named_Snaps/xanagram.png</image></game>
<game><path>./Sharp MZ-700 Split/xbc.zip</path><name>xbc</name><image>~/../thumbs/Sharp - MZ-700/Named_Snaps/xbc.png</image></game>
<game><path>./Sharp MZ-700 Split/xbcmod.zip</path><name>xbcmod</name><image>~/../thumbs/Sharp - MZ-700/Named_Snaps/xbcmod.png</image></game>
<game><path>./Sharp MZ-700 Split/yams.zip</path><name>yams</name><image>~/../thumbs/Sharp - MZ-700/Named_Snaps/yams.png</image></game>
<game><path>./Sharp MZ-700 Split/z80dis.zip</path><name>z80dis</name><image>~/../thumbs/Sharp - MZ-700/Named_Snaps/z80dis.png</image></game>
<game><path>./Sharp MZ-700 Split/zen.zip</path><name>zen</name><image>~/../thumbs/Sharp - MZ-700/Named_Snaps/zen.png</image></game>
<folder><path>./Sharp MZ-700 Split</path><name>Sharp MZ-700 Split</name><image>~/../thumb/mz700.png</image></folder>
</gameList>
