<gameList>
<game><path>./Tiger Game.com NoIntro/Batman & Robin (USA).zip</path><name>Batman & Robin (USA)</name><image>~/../thumbs/Tiger - Game.com/Named_Snaps/Batman & Robin (USA).png</image><titleshot>~/../thumbs/Tiger - Game.com/Named_Titles/Batman & Robin (USA).png</titleshot><thumbnail>~/../thumbs/Tiger - Game.com/Named_Boxarts/Batman & Robin (USA).png</thumbnail><marquee>~/../thumbs/Tiger - Game.com/Named_Logos/Batman & Robin (USA).png</marquee></game>
<game><path>./Tiger Game.com NoIntro/Castlevania - Symphony of the Night (Unknown) (Proto).zip</path><name>Castlevania - Symphony of the Night (Unknown) (Proto)</name><image>~/../thumbs/Tiger - Game.com/Named_Snaps/Castlevania - Symphony of the Night (Unknown) (Proto).png</image><titleshot>~/../thumbs/Tiger - Game.com/Named_Titles/Castlevania - Symphony of the Night (Unknown) (Proto).png</titleshot><thumbnail>~/../thumbs/Tiger - Game.com/Named_Boxarts/Castlevania - Symphony of the Night (Unknown) (Proto).png</thumbnail><marquee>~/../thumbs/Tiger - Game.com/Named_Logos/Castlevania - Symphony of the Night (Unknown) (Proto).png</marquee></game>
<game><path>./Tiger Game.com NoIntro/Centipede (USA).zip</path><name>Centipede (USA)</name><image>~/../thumbs/Tiger - Game.com/Named_Snaps/Centipede (USA).png</image><titleshot>~/../thumbs/Tiger - Game.com/Named_Titles/Centipede (USA).png</titleshot><thumbnail>~/../thumbs/Tiger - Game.com/Named_Boxarts/Centipede (USA).png</thumbnail><marquee>~/../thumbs/Tiger - Game.com/Named_Logos/Centipede (USA).png</marquee></game>
<game><path>./Tiger Game.com NoIntro/Duke Nukem 3D (USA).zip</path><name>Duke Nukem 3D (USA)</name><image>~/../thumbs/Tiger - Game.com/Named_Snaps/Duke Nukem 3D (USA).png</image><titleshot>~/../thumbs/Tiger - Game.com/Named_Titles/Duke Nukem 3D (USA).png</titleshot><thumbnail>~/../thumbs/Tiger - Game.com/Named_Boxarts/Duke Nukem 3D (USA).png</thumbnail><marquee>~/../thumbs/Tiger - Game.com/Named_Logos/Duke Nukem 3D (USA).png</marquee></game>
<game><path>./Tiger Game.com NoIntro/Fighters Megamix (USA).zip</path><name>Fighters Megamix (USA)</name><image>~/../thumbs/Tiger - Game.com/Named_Snaps/Fighters Megamix (USA).png</image><titleshot>~/../thumbs/Tiger - Game.com/Named_Titles/Fighters Megamix (USA).png</titleshot><thumbnail>~/../thumbs/Tiger - Game.com/Named_Boxarts/Fighters Megamix (USA).png</thumbnail><marquee>~/../thumbs/Tiger - Game.com/Named_Logos/Fighters Megamix (USA).png</marquee></game>
<game><path>./Tiger Game.com NoIntro/Frogger (USA).zip</path><name>Frogger (USA)</name><image>~/../thumbs/Tiger - Game.com/Named_Snaps/Frogger (USA).png</image><titleshot>~/../thumbs/Tiger - Game.com/Named_Titles/Frogger (USA).png</titleshot><thumbnail>~/../thumbs/Tiger - Game.com/Named_Boxarts/Frogger (USA).png</thumbnail><marquee>~/../thumbs/Tiger - Game.com/Named_Logos/Frogger (USA).png</marquee></game>
<game><path>./Tiger Game.com NoIntro/Henry (USA).zip</path><name>Henry (USA)</name><image>~/../thumbs/Tiger - Game.com/Named_Snaps/Henry (USA).png</image><titleshot>~/../thumbs/Tiger - Game.com/Named_Titles/Henry (USA).png</titleshot><thumbnail>~/../thumbs/Tiger - Game.com/Named_Boxarts/Henry (USA).png</thumbnail><marquee>~/../thumbs/Tiger - Game.com/Named_Logos/Henry (USA).png</marquee></game>
<game><path>./Tiger Game.com NoIntro/Indy 500 (USA).zip</path><name>Indy 500 (USA)</name><image>~/../thumbs/Tiger - Game.com/Named_Snaps/Indy 500 (USA).png</image><titleshot>~/../thumbs/Tiger - Game.com/Named_Titles/Indy 500 (USA).png</titleshot><thumbnail>~/../thumbs/Tiger - Game.com/Named_Boxarts/Indy 500 (USA).png</thumbnail><marquee>~/../thumbs/Tiger - Game.com/Named_Logos/Indy 500 (USA).png</marquee></game>
<game><path>./Tiger Game.com NoIntro/Internet (USA).zip</path><name>Internet (USA)</name><image>~/../thumbs/Tiger - Game.com/Named_Snaps/Internet (USA).png</image><titleshot>~/../thumbs/Tiger - Game.com/Named_Titles/Internet (USA).png</titleshot><thumbnail>~/../thumbs/Tiger - Game.com/Named_Boxarts/Internet (USA).png</thumbnail><marquee>~/../thumbs/Tiger - Game.com/Named_Logos/Internet (USA).png</marquee></game>
<game><path>./Tiger Game.com NoIntro/Jeopardy! (USA).zip</path><name>Jeopardy! (USA)</name><image>~/../thumbs/Tiger - Game.com/Named_Snaps/Jeopardy! (USA).png</image><titleshot>~/../thumbs/Tiger - Game.com/Named_Titles/Jeopardy! (USA).png</titleshot><thumbnail>~/../thumbs/Tiger - Game.com/Named_Boxarts/Jeopardy! (USA).png</thumbnail><marquee>~/../thumbs/Tiger - Game.com/Named_Logos/Jeopardy! (USA).png</marquee></game>
<game><path>./Tiger Game.com NoIntro/Jurassic Park - The Lost World (USA).zip</path><name>Jurassic Park - The Lost World (USA)</name><image>~/../thumbs/Tiger - Game.com/Named_Snaps/Jurassic Park - The Lost World (USA).png</image><titleshot>~/../thumbs/Tiger - Game.com/Named_Titles/Jurassic Park - The Lost World (USA).png</titleshot><thumbnail>~/../thumbs/Tiger - Game.com/Named_Boxarts/Jurassic Park - The Lost World (USA).png</thumbnail><marquee>~/../thumbs/Tiger - Game.com/Named_Logos/Jurassic Park - The Lost World (USA).png</marquee></game>
<game><path>./Tiger Game.com NoIntro/Lights Out (USA).zip</path><name>Lights Out (USA)</name><image>~/../thumbs/Tiger - Game.com/Named_Snaps/Lights Out (USA).png</image><titleshot>~/../thumbs/Tiger - Game.com/Named_Titles/Lights Out (USA).png</titleshot><thumbnail>~/../thumbs/Tiger - Game.com/Named_Boxarts/Lights Out (USA).png</thumbnail><marquee>~/../thumbs/Tiger - Game.com/Named_Logos/Lights Out (USA).png</marquee></game>
<game><path>./Tiger Game.com NoIntro/Monopoly (USA).zip</path><name>Monopoly (USA)</name><image>~/../thumbs/Tiger - Game.com/Named_Snaps/Monopoly (USA).png</image><titleshot>~/../thumbs/Tiger - Game.com/Named_Titles/Monopoly (USA).png</titleshot><thumbnail>~/../thumbs/Tiger - Game.com/Named_Boxarts/Monopoly (USA).png</thumbnail><marquee>~/../thumbs/Tiger - Game.com/Named_Logos/Monopoly (USA).png</marquee></game>
<game><path>./Tiger Game.com NoIntro/Mortal Kombat Trilogy (USA).zip</path><name>Mortal Kombat Trilogy (USA)</name><image>~/../thumbs/Tiger - Game.com/Named_Snaps/Mortal Kombat Trilogy (USA).png</image><titleshot>~/../thumbs/Tiger - Game.com/Named_Titles/Mortal Kombat Trilogy (USA).png</titleshot><thumbnail>~/../thumbs/Tiger - Game.com/Named_Boxarts/Mortal Kombat Trilogy (USA).png</thumbnail><marquee>~/../thumbs/Tiger - Game.com/Named_Logos/Mortal Kombat Trilogy (USA).png</marquee></game>
<game><path>./Tiger Game.com NoIntro/Quiz Wiz - Cyber Trivia (USA).zip</path><name>Quiz Wiz - Cyber Trivia (USA)</name><image>~/../thumbs/Tiger - Game.com/Named_Snaps/Quiz Wiz - Cyber Trivia (USA).png</image><titleshot>~/../thumbs/Tiger - Game.com/Named_Titles/Quiz Wiz - Cyber Trivia (USA).png</titleshot><thumbnail>~/../thumbs/Tiger - Game.com/Named_Boxarts/Quiz Wiz - Cyber Trivia (USA).png</thumbnail><marquee>~/../thumbs/Tiger - Game.com/Named_Logos/Quiz Wiz - Cyber Trivia (USA).png</marquee></game>
<game><path>./Tiger Game.com NoIntro/Resident Evil 2 (USA).zip</path><name>Resident Evil 2 (USA)</name><image>~/../thumbs/Tiger - Game.com/Named_Snaps/Resident Evil 2 (USA).png</image><titleshot>~/../thumbs/Tiger - Game.com/Named_Titles/Resident Evil 2 (USA).png</titleshot><thumbnail>~/../thumbs/Tiger - Game.com/Named_Boxarts/Resident Evil 2 (USA).png</thumbnail><marquee>~/../thumbs/Tiger - Game.com/Named_Logos/Resident Evil 2 (USA).png</marquee></game>
<game><path>./Tiger Game.com NoIntro/Scrabble (USA).zip</path><name>Scrabble (USA)</name><image>~/../thumbs/Tiger - Game.com/Named_Snaps/Scrabble (USA).png</image><titleshot>~/../thumbs/Tiger - Game.com/Named_Titles/Scrabble (USA).png</titleshot><thumbnail>~/../thumbs/Tiger - Game.com/Named_Boxarts/Scrabble (USA).png</thumbnail><marquee>~/../thumbs/Tiger - Game.com/Named_Logos/Scrabble (USA).png</marquee></game>
<game><path>./Tiger Game.com NoIntro/Sonic Jam (USA).zip</path><name>Sonic Jam (USA)</name><image>~/../thumbs/Tiger - Game.com/Named_Snaps/Sonic Jam (USA).png</image><titleshot>~/../thumbs/Tiger - Game.com/Named_Titles/Sonic Jam (USA).png</titleshot><thumbnail>~/../thumbs/Tiger - Game.com/Named_Boxarts/Sonic Jam (USA).png</thumbnail><marquee>~/../thumbs/Tiger - Game.com/Named_Logos/Sonic Jam (USA).png</marquee></game>
<game><path>./Tiger Game.com NoIntro/Tiger Casino (USA).zip</path><name>Tiger Casino (USA)</name><image>~/../thumbs/Tiger - Game.com/Named_Snaps/Tiger Casino (USA).png</image><titleshot>~/../thumbs/Tiger - Game.com/Named_Titles/Tiger Casino (USA).png</titleshot><thumbnail>~/../thumbs/Tiger - Game.com/Named_Boxarts/Tiger Casino (USA).png</thumbnail><marquee>~/../thumbs/Tiger - Game.com/Named_Logos/Tiger Casino (USA).png</marquee></game>
<game><path>./Tiger Game.com NoIntro/Tiger Web Link (USA).zip</path><name>Tiger Web Link (USA)</name><image>~/../thumbs/Tiger - Game.com/Named_Snaps/Tiger Web Link (USA).png</image><titleshot>~/../thumbs/Tiger - Game.com/Named_Titles/Tiger Web Link (USA).png</titleshot><thumbnail>~/../thumbs/Tiger - Game.com/Named_Boxarts/Tiger Web Link (USA).png</thumbnail><marquee>~/../thumbs/Tiger - Game.com/Named_Logos/Tiger Web Link (USA).png</marquee></game>
<game><path>./Tiger Game.com NoIntro/Wheel of Fortune (USA).zip</path><name>Wheel of Fortune (USA)</name><image>~/../thumbs/Tiger - Game.com/Named_Snaps/Wheel of Fortune (USA).png</image><titleshot>~/../thumbs/Tiger - Game.com/Named_Titles/Wheel of Fortune (USA).png</titleshot><thumbnail>~/../thumbs/Tiger - Game.com/Named_Boxarts/Wheel of Fortune (USA).png</thumbnail><marquee>~/../thumbs/Tiger - Game.com/Named_Logos/Wheel of Fortune (USA).png</marquee></game>
<game><path>./Tiger Game.com NoIntro/Wheel of Fortune 2 (USA).zip</path><name>Wheel of Fortune 2 (USA)</name><image>~/../thumbs/Tiger - Game.com/Named_Snaps/Wheel of Fortune 2 (USA).png</image><titleshot>~/../thumbs/Tiger - Game.com/Named_Titles/Wheel of Fortune 2 (USA).png</titleshot><thumbnail>~/../thumbs/Tiger - Game.com/Named_Boxarts/Wheel of Fortune 2 (USA).png</thumbnail><marquee>~/../thumbs/Tiger - Game.com/Named_Logos/Wheel of Fortune 2 (USA).png</marquee></game>
<game><path>./Tiger Game.com NoIntro/Williams Arcade Classics (USA).zip</path><name>Williams Arcade Classics (USA)</name><image>~/../thumbs/Tiger - Game.com/Named_Snaps/Williams Arcade Classics (USA).png</image><titleshot>~/../thumbs/Tiger - Game.com/Named_Titles/Williams Arcade Classics (USA).png</titleshot><thumbnail>~/../thumbs/Tiger - Game.com/Named_Boxarts/Williams Arcade Classics (USA).png</thumbnail><marquee>~/../thumbs/Tiger - Game.com/Named_Logos/Williams Arcade Classics (USA).png</marquee></game>
<game><path>./Tiger Game.com NoIntro/[BIOS] Tiger Game.com (USA) (External).zip</path><name>[BIOS] Tiger Game.com (USA) (External)</name><image>~/../thumbs/Tiger - Game.com/Named_Snaps/[BIOS] Tiger Game.com (USA) (External).png</image><titleshot>~/../thumbs/Tiger - Game.com/Named_Titles/[BIOS] Tiger Game.com (USA) (External).png</titleshot><thumbnail>~/../thumbs/Tiger - Game.com/Named_Boxarts/[BIOS] Tiger Game.com (USA) (External).png</thumbnail><marquee>~/../thumbs/Tiger - Game.com/Named_Logos/[BIOS] Tiger Game.com (USA) (External).png</marquee><hidden>true</hidden></game>
<game><path>./Tiger Game.com NoIntro/[BIOS] Tiger Game.com (USA) (Internal).zip</path><name>[BIOS] Tiger Game.com (USA) (Internal)</name><image>~/../thumbs/Tiger - Game.com/Named_Snaps/[BIOS] Tiger Game.com (USA) (Internal).png</image><titleshot>~/../thumbs/Tiger - Game.com/Named_Titles/[BIOS] Tiger Game.com (USA) (Internal).png</titleshot><thumbnail>~/../thumbs/Tiger - Game.com/Named_Boxarts/[BIOS] Tiger Game.com (USA) (Internal).png</thumbnail><marquee>~/../thumbs/Tiger - Game.com/Named_Logos/[BIOS] Tiger Game.com (USA) (Internal).png</marquee><hidden>true</hidden></game>
<folder><path>./Tiger Game.com NoIntro</path><name>Tiger Game.com NoIntro</name><image>~/../thumb/gamecom.png</image></folder>
<game><path>./Tiger Game.com TOSEC//home/runner/rom/TOSEC/Tiger Electronics/Game.com/Games/Tiger Electronics Game.com - Games.zip</path><name>/home/runner/rom/TOSEC/Tiger Electronics/Game.com/Games/Tiger Electronics Game.com - Games</name><image>~/../thumbs/Tiger - Game.com/Named_Snaps//home/runner/rom/TOSEC/Tiger Electronics/Game.com/Games/Tiger Electronics Game.com - Games.png</image><titleshot>~/../thumbs/Tiger - Game.com/Named_Titles//home/runner/rom/TOSEC/Tiger Electronics/Game.com/Games/Tiger Electronics Game.com - Games.png</titleshot><thumbnail>~/../thumbs/Tiger - Game.com/Named_Boxarts//home/runner/rom/TOSEC/Tiger Electronics/Game.com/Games/Tiger Electronics Game.com - Games.png</thumbnail><marquee>~/../thumbs/Tiger - Game.com/Named_Logos//home/runner/rom/TOSEC/Tiger Electronics/Game.com/Games/Tiger Electronics Game.com - Games.png</marquee></game>
<folder><path>./Tiger Game.com TOSEC</path><name>Tiger Game.com TOSEC</name><image>~/../thumb/gamecom.png</image></folder>
</gameList>
