<gameList>
<game><path>./Atari 5200 NoIntro/5200 Menu (USA) (Proto).zip</path><name>5200 Menu (USA) (Proto)</name><image>~/../thumbs/Atari - 5200/Named_Snaps/5200 Menu (USA) (Proto).png</image><titleshot>~/../thumbs/Atari - 5200/Named_Titles/5200 Menu (USA) (Proto).png</titleshot><thumbnail>~/../thumbs/Atari - 5200/Named_Boxarts/5200 Menu (USA) (Proto).png</thumbnail><marquee>~/../thumbs/Atari - 5200/Named_Logos/5200 Menu (USA) (Proto).png</marquee></game>
<game><path>./Atari 5200 NoIntro/A.E. (USA) (Proto).zip</path><name>A.E. (USA) (Proto)</name><image>~/../thumbs/Atari - 5200/Named_Snaps/A.E. (USA) (Proto).png</image><titleshot>~/../thumbs/Atari - 5200/Named_Titles/A.E. (USA) (Proto).png</titleshot><thumbnail>~/../thumbs/Atari - 5200/Named_Boxarts/A.E. (USA) (Proto).png</thumbnail><marquee>~/../thumbs/Atari - 5200/Named_Logos/A.E. (USA) (Proto).png</marquee></game>
<game><path>./Atari 5200 NoIntro/Activision Decathlon, The (USA).zip</path><name>Activision Decathlon, The (USA)</name><image>~/../thumbs/Atari - 5200/Named_Snaps/Activision Decathlon, The (USA).png</image><titleshot>~/../thumbs/Atari - 5200/Named_Titles/Activision Decathlon, The (USA).png</titleshot><thumbnail>~/../thumbs/Atari - 5200/Named_Boxarts/Activision Decathlon, The (USA).png</thumbnail><marquee>~/../thumbs/Atari - 5200/Named_Logos/Activision Decathlon, The (USA).png</marquee></game>
<game><path>./Atari 5200 NoIntro/Asteroids (USA) (Proto).zip</path><name>Asteroids (USA) (Proto)</name><image>~/../thumbs/Atari - 5200/Named_Snaps/Asteroids (USA) (Proto).png</image><titleshot>~/../thumbs/Atari - 5200/Named_Titles/Asteroids (USA) (Proto).png</titleshot><thumbnail>~/../thumbs/Atari - 5200/Named_Boxarts/Asteroids (USA) (Proto).png</thumbnail><marquee>~/../thumbs/Atari - 5200/Named_Logos/Asteroids (USA) (Proto).png</marquee></game>
<game><path>./Atari 5200 NoIntro/Astro Chase (USA).zip</path><name>Astro Chase (USA)</name><image>~/../thumbs/Atari - 5200/Named_Snaps/Astro Chase (USA).png</image><titleshot>~/../thumbs/Atari - 5200/Named_Titles/Astro Chase (USA).png</titleshot><thumbnail>~/../thumbs/Atari - 5200/Named_Boxarts/Astro Chase (USA).png</thumbnail><marquee>~/../thumbs/Atari - 5200/Named_Logos/Astro Chase (USA).png</marquee></game>
<game><path>./Atari 5200 NoIntro/Astrogrover (USA) (Proto).zip</path><name>Astrogrover (USA) (Proto)</name><image>~/../thumbs/Atari - 5200/Named_Snaps/Astrogrover (USA) (Proto).png</image><titleshot>~/../thumbs/Atari - 5200/Named_Titles/Astrogrover (USA) (Proto).png</titleshot><thumbnail>~/../thumbs/Atari - 5200/Named_Boxarts/Astrogrover (USA) (Proto).png</thumbnail><marquee>~/../thumbs/Atari - 5200/Named_Logos/Astrogrover (USA) (Proto).png</marquee></game>
<game><path>./Atari 5200 NoIntro/Atari PAM - Pete's Test (USA).zip</path><name>Atari PAM - Pete's Test (USA)</name><image>~/../thumbs/Atari - 5200/Named_Snaps/Atari PAM - Pete's Test (USA).png</image><titleshot>~/../thumbs/Atari - 5200/Named_Titles/Atari PAM - Pete's Test (USA).png</titleshot><thumbnail>~/../thumbs/Atari - 5200/Named_Boxarts/Atari PAM - Pete's Test (USA).png</thumbnail><marquee>~/../thumbs/Atari - 5200/Named_Logos/Atari PAM - Pete's Test (USA).png</marquee></game>
<game><path>./Atari 5200 NoIntro/Atari PAM Diagnostics (USA) (v2.0).zip</path><name>Atari PAM Diagnostics (USA) (v2.0)</name><image>~/../thumbs/Atari - 5200/Named_Snaps/Atari PAM Diagnostics (USA) (v2.0).png</image><titleshot>~/../thumbs/Atari - 5200/Named_Titles/Atari PAM Diagnostics (USA) (v2.0).png</titleshot><thumbnail>~/../thumbs/Atari - 5200/Named_Boxarts/Atari PAM Diagnostics (USA) (v2.0).png</thumbnail><marquee>~/../thumbs/Atari - 5200/Named_Logos/Atari PAM Diagnostics (USA) (v2.0).png</marquee></game>
<game><path>./Atari 5200 NoIntro/Atari PAM Diagnostics (USA) (v2.3).zip</path><name>Atari PAM Diagnostics (USA) (v2.3)</name><image>~/../thumbs/Atari - 5200/Named_Snaps/Atari PAM Diagnostics (USA) (v2.3).png</image><titleshot>~/../thumbs/Atari - 5200/Named_Titles/Atari PAM Diagnostics (USA) (v2.3).png</titleshot><thumbnail>~/../thumbs/Atari - 5200/Named_Boxarts/Atari PAM Diagnostics (USA) (v2.3).png</thumbnail><marquee>~/../thumbs/Atari - 5200/Named_Logos/Atari PAM Diagnostics (USA) (v2.3).png</marquee></game>
<game><path>./Atari 5200 NoIntro/Atari PAM System Test (USA) (v1.02).zip</path><name>Atari PAM System Test (USA) (v1.02)</name><image>~/../thumbs/Atari - 5200/Named_Snaps/Atari PAM System Test (USA) (v1.02).png</image><titleshot>~/../thumbs/Atari - 5200/Named_Titles/Atari PAM System Test (USA) (v1.02).png</titleshot><thumbnail>~/../thumbs/Atari - 5200/Named_Boxarts/Atari PAM System Test (USA) (v1.02).png</thumbnail><marquee>~/../thumbs/Atari - 5200/Named_Logos/Atari PAM System Test (USA) (v1.02).png</marquee></game>
<game><path>./Atari 5200 NoIntro/Ballblazer (USA).zip</path><name>Ballblazer (USA)</name><image>~/../thumbs/Atari - 5200/Named_Snaps/Ballblazer (USA).png</image><titleshot>~/../thumbs/Atari - 5200/Named_Titles/Ballblazer (USA).png</titleshot><thumbnail>~/../thumbs/Atari - 5200/Named_Boxarts/Ballblazer (USA).png</thumbnail><marquee>~/../thumbs/Atari - 5200/Named_Logos/Ballblazer (USA).png</marquee></game>
<game><path>./Atari 5200 NoIntro/Barroom Baseball (USA) (Proto).zip</path><name>Barroom Baseball (USA) (Proto)</name><image>~/../thumbs/Atari - 5200/Named_Snaps/Barroom Baseball (USA) (Proto).png</image><titleshot>~/../thumbs/Atari - 5200/Named_Titles/Barroom Baseball (USA) (Proto).png</titleshot><thumbnail>~/../thumbs/Atari - 5200/Named_Boxarts/Barroom Baseball (USA) (Proto).png</thumbnail><marquee>~/../thumbs/Atari - 5200/Named_Logos/Barroom Baseball (USA) (Proto).png</marquee></game>
<game><path>./Atari 5200 NoIntro/Battlezone (USA) (Proto) (Alt).zip</path><name>Battlezone (USA) (Proto) (Alt)</name><image>~/../thumbs/Atari - 5200/Named_Snaps/Battlezone (USA) (Proto) (Alt).png</image><titleshot>~/../thumbs/Atari - 5200/Named_Titles/Battlezone (USA) (Proto) (Alt).png</titleshot><thumbnail>~/../thumbs/Atari - 5200/Named_Boxarts/Battlezone (USA) (Proto) (Alt).png</thumbnail><marquee>~/../thumbs/Atari - 5200/Named_Logos/Battlezone (USA) (Proto) (Alt).png</marquee><hidden>true</hidden></game>
<game><path>./Atari 5200 NoIntro/Battlezone (USA) (Proto).zip</path><name>Battlezone (USA) (Proto)</name><image>~/../thumbs/Atari - 5200/Named_Snaps/Battlezone (USA) (Proto).png</image><titleshot>~/../thumbs/Atari - 5200/Named_Titles/Battlezone (USA) (Proto).png</titleshot><thumbnail>~/../thumbs/Atari - 5200/Named_Boxarts/Battlezone (USA) (Proto).png</thumbnail><marquee>~/../thumbs/Atari - 5200/Named_Logos/Battlezone (USA) (Proto).png</marquee></game>
<game><path>./Atari 5200 NoIntro/Beamrider (USA).zip</path><name>Beamrider (USA)</name><image>~/../thumbs/Atari - 5200/Named_Snaps/Beamrider (USA).png</image><titleshot>~/../thumbs/Atari - 5200/Named_Titles/Beamrider (USA).png</titleshot><thumbnail>~/../thumbs/Atari - 5200/Named_Boxarts/Beamrider (USA).png</thumbnail><marquee>~/../thumbs/Atari - 5200/Named_Logos/Beamrider (USA).png</marquee></game>
<game><path>./Atari 5200 NoIntro/Behind Jaggi Lines! (USA) (Proto).zip</path><name>Behind Jaggi Lines! (USA) (Proto)</name><image>~/../thumbs/Atari - 5200/Named_Snaps/Behind Jaggi Lines! (USA) (Proto).png</image><titleshot>~/../thumbs/Atari - 5200/Named_Titles/Behind Jaggi Lines! (USA) (Proto).png</titleshot><thumbnail>~/../thumbs/Atari - 5200/Named_Boxarts/Behind Jaggi Lines! (USA) (Proto).png</thumbnail><marquee>~/../thumbs/Atari - 5200/Named_Logos/Behind Jaggi Lines! (USA) (Proto).png</marquee></game>
<game><path>./Atari 5200 NoIntro/BerZerk (USA).zip</path><name>BerZerk (USA)</name><image>~/../thumbs/Atari - 5200/Named_Snaps/BerZerk (USA).png</image><titleshot>~/../thumbs/Atari - 5200/Named_Titles/BerZerk (USA).png</titleshot><thumbnail>~/../thumbs/Atari - 5200/Named_Boxarts/BerZerk (USA).png</thumbnail><marquee>~/../thumbs/Atari - 5200/Named_Logos/BerZerk (USA).png</marquee></game>
<game><path>./Atari 5200 NoIntro/Black Belt (USA) (Proto).zip</path><name>Black Belt (USA) (Proto)</name><image>~/../thumbs/Atari - 5200/Named_Snaps/Black Belt (USA) (Proto).png</image><titleshot>~/../thumbs/Atari - 5200/Named_Titles/Black Belt (USA) (Proto).png</titleshot><thumbnail>~/../thumbs/Atari - 5200/Named_Boxarts/Black Belt (USA) (Proto).png</thumbnail><marquee>~/../thumbs/Atari - 5200/Named_Logos/Black Belt (USA) (Proto).png</marquee></game>
<game><path>./Atari 5200 NoIntro/Blaster (USA) (Proto).zip</path><name>Blaster (USA) (Proto)</name><image>~/../thumbs/Atari - 5200/Named_Snaps/Blaster (USA) (Proto).png</image><titleshot>~/../thumbs/Atari - 5200/Named_Titles/Blaster (USA) (Proto).png</titleshot><thumbnail>~/../thumbs/Atari - 5200/Named_Boxarts/Blaster (USA) (Proto).png</thumbnail><marquee>~/../thumbs/Atari - 5200/Named_Logos/Blaster (USA) (Proto).png</marquee></game>
<game><path>./Atari 5200 NoIntro/Blue Print (USA).zip</path><name>Blue Print (USA)</name><image>~/../thumbs/Atari - 5200/Named_Snaps/Blue Print (USA).png</image><titleshot>~/../thumbs/Atari - 5200/Named_Titles/Blue Print (USA).png</titleshot><thumbnail>~/../thumbs/Atari - 5200/Named_Boxarts/Blue Print (USA).png</thumbnail><marquee>~/../thumbs/Atari - 5200/Named_Logos/Blue Print (USA).png</marquee></game>
<game><path>./Atari 5200 NoIntro/Boogie (USA) (Demo).zip</path><name>Boogie (USA) (Demo)</name><image>~/../thumbs/Atari - 5200/Named_Snaps/Boogie (USA) (Demo).png</image><titleshot>~/../thumbs/Atari - 5200/Named_Titles/Boogie (USA) (Demo).png</titleshot><thumbnail>~/../thumbs/Atari - 5200/Named_Boxarts/Boogie (USA) (Demo).png</thumbnail><marquee>~/../thumbs/Atari - 5200/Named_Logos/Boogie (USA) (Demo).png</marquee><hidden>true</hidden></game>
<game><path>./Atari 5200 NoIntro/Bounty Bob Strikes Back! (USA).zip</path><name>Bounty Bob Strikes Back! (USA)</name><image>~/../thumbs/Atari - 5200/Named_Snaps/Bounty Bob Strikes Back! (USA).png</image><titleshot>~/../thumbs/Atari - 5200/Named_Titles/Bounty Bob Strikes Back! (USA).png</titleshot><thumbnail>~/../thumbs/Atari - 5200/Named_Boxarts/Bounty Bob Strikes Back! (USA).png</thumbnail><marquee>~/../thumbs/Atari - 5200/Named_Logos/Bounty Bob Strikes Back! (USA).png</marquee></game>
<game><path>./Atari 5200 NoIntro/Buck Rogers - Planet of Zoom (USA) (Alt).zip</path><name>Buck Rogers - Planet of Zoom (USA) (Alt)</name><image>~/../thumbs/Atari - 5200/Named_Snaps/Buck Rogers - Planet of Zoom (USA) (Alt).png</image><titleshot>~/../thumbs/Atari - 5200/Named_Titles/Buck Rogers - Planet of Zoom (USA) (Alt).png</titleshot><thumbnail>~/../thumbs/Atari - 5200/Named_Boxarts/Buck Rogers - Planet of Zoom (USA) (Alt).png</thumbnail><marquee>~/../thumbs/Atari - 5200/Named_Logos/Buck Rogers - Planet of Zoom (USA) (Alt).png</marquee><hidden>true</hidden></game>
<game><path>./Atari 5200 NoIntro/Buck Rogers - Planet of Zoom (USA).zip</path><name>Buck Rogers - Planet of Zoom (USA)</name><image>~/../thumbs/Atari - 5200/Named_Snaps/Buck Rogers - Planet of Zoom (USA).png</image><titleshot>~/../thumbs/Atari - 5200/Named_Titles/Buck Rogers - Planet of Zoom (USA).png</titleshot><thumbnail>~/../thumbs/Atari - 5200/Named_Boxarts/Buck Rogers - Planet of Zoom (USA).png</thumbnail><marquee>~/../thumbs/Atari - 5200/Named_Logos/Buck Rogers - Planet of Zoom (USA).png</marquee></game>
<game><path>./Atari 5200 NoIntro/Carol Shaw's River Raid (USA).zip</path><name>Carol Shaw's River Raid (USA)</name><image>~/../thumbs/Atari - 5200/Named_Snaps/Carol Shaw's River Raid (USA).png</image><titleshot>~/../thumbs/Atari - 5200/Named_Titles/Carol Shaw's River Raid (USA).png</titleshot><thumbnail>~/../thumbs/Atari - 5200/Named_Boxarts/Carol Shaw's River Raid (USA).png</thumbnail><marquee>~/../thumbs/Atari - 5200/Named_Logos/Carol Shaw's River Raid (USA).png</marquee></game>
<game><path>./Atari 5200 NoIntro/Castle Blast (USA) (Unl).zip</path><name>Castle Blast (USA) (Unl)</name><image>~/../thumbs/Atari - 5200/Named_Snaps/Castle Blast (USA) (Unl).png</image><titleshot>~/../thumbs/Atari - 5200/Named_Titles/Castle Blast (USA) (Unl).png</titleshot><thumbnail>~/../thumbs/Atari - 5200/Named_Boxarts/Castle Blast (USA) (Unl).png</thumbnail><marquee>~/../thumbs/Atari - 5200/Named_Logos/Castle Blast (USA) (Unl).png</marquee><hidden>true</hidden></game>
<game><path>./Atari 5200 NoIntro/Castle Crisis (USA) (Unl).zip</path><name>Castle Crisis (USA) (Unl)</name><image>~/../thumbs/Atari - 5200/Named_Snaps/Castle Crisis (USA) (Unl).png</image><titleshot>~/../thumbs/Atari - 5200/Named_Titles/Castle Crisis (USA) (Unl).png</titleshot><thumbnail>~/../thumbs/Atari - 5200/Named_Boxarts/Castle Crisis (USA) (Unl).png</thumbnail><marquee>~/../thumbs/Atari - 5200/Named_Logos/Castle Crisis (USA) (Unl).png</marquee><hidden>true</hidden></game>
<game><path>./Atari 5200 NoIntro/Centipede (USA).zip</path><name>Centipede (USA)</name><image>~/../thumbs/Atari - 5200/Named_Snaps/Centipede (USA).png</image><titleshot>~/../thumbs/Atari - 5200/Named_Titles/Centipede (USA).png</titleshot><thumbnail>~/../thumbs/Atari - 5200/Named_Boxarts/Centipede (USA).png</thumbnail><marquee>~/../thumbs/Atari - 5200/Named_Logos/Centipede (USA).png</marquee></game>
<game><path>./Atari 5200 NoIntro/Choplifter! (USA).zip</path><name>Choplifter! (USA)</name><image>~/../thumbs/Atari - 5200/Named_Snaps/Choplifter! (USA).png</image><titleshot>~/../thumbs/Atari - 5200/Named_Titles/Choplifter! (USA).png</titleshot><thumbnail>~/../thumbs/Atari - 5200/Named_Boxarts/Choplifter! (USA).png</thumbnail><marquee>~/../thumbs/Atari - 5200/Named_Logos/Choplifter! (USA).png</marquee></game>
<game><path>./Atari 5200 NoIntro/Congo Bongo (USA).zip</path><name>Congo Bongo (USA)</name><image>~/../thumbs/Atari - 5200/Named_Snaps/Congo Bongo (USA).png</image><titleshot>~/../thumbs/Atari - 5200/Named_Titles/Congo Bongo (USA).png</titleshot><thumbnail>~/../thumbs/Atari - 5200/Named_Boxarts/Congo Bongo (USA).png</thumbnail><marquee>~/../thumbs/Atari - 5200/Named_Logos/Congo Bongo (USA).png</marquee></game>
<game><path>./Atari 5200 NoIntro/Countermeasure (USA).zip</path><name>Countermeasure (USA)</name><image>~/../thumbs/Atari - 5200/Named_Snaps/Countermeasure (USA).png</image><titleshot>~/../thumbs/Atari - 5200/Named_Titles/Countermeasure (USA).png</titleshot><thumbnail>~/../thumbs/Atari - 5200/Named_Boxarts/Countermeasure (USA).png</thumbnail><marquee>~/../thumbs/Atari - 5200/Named_Logos/Countermeasure (USA).png</marquee></game>
<game><path>./Atari 5200 NoIntro/David Crane's Pitfall II - Lost Caverns (USA).zip</path><name>David Crane's Pitfall II - Lost Caverns (USA)</name><image>~/../thumbs/Atari - 5200/Named_Snaps/David Crane's Pitfall II - Lost Caverns (USA).png</image><titleshot>~/../thumbs/Atari - 5200/Named_Titles/David Crane's Pitfall II - Lost Caverns (USA).png</titleshot><thumbnail>~/../thumbs/Atari - 5200/Named_Boxarts/David Crane's Pitfall II - Lost Caverns (USA).png</thumbnail><marquee>~/../thumbs/Atari - 5200/Named_Logos/David Crane's Pitfall II - Lost Caverns (USA).png</marquee></game>
<game><path>./Atari 5200 NoIntro/Defender (USA).zip</path><name>Defender (USA)</name><image>~/../thumbs/Atari - 5200/Named_Snaps/Defender (USA).png</image><titleshot>~/../thumbs/Atari - 5200/Named_Titles/Defender (USA).png</titleshot><thumbnail>~/../thumbs/Atari - 5200/Named_Boxarts/Defender (USA).png</thumbnail><marquee>~/../thumbs/Atari - 5200/Named_Logos/Defender (USA).png</marquee></game>
<game><path>./Atari 5200 NoIntro/Dig Dug (USA).zip</path><name>Dig Dug (USA)</name><image>~/../thumbs/Atari - 5200/Named_Snaps/Dig Dug (USA).png</image><titleshot>~/../thumbs/Atari - 5200/Named_Titles/Dig Dug (USA).png</titleshot><thumbnail>~/../thumbs/Atari - 5200/Named_Boxarts/Dig Dug (USA).png</thumbnail><marquee>~/../thumbs/Atari - 5200/Named_Logos/Dig Dug (USA).png</marquee></game>
<game><path>./Atari 5200 NoIntro/Dreadnaught Factor, The (USA).zip</path><name>Dreadnaught Factor, The (USA)</name><image>~/../thumbs/Atari - 5200/Named_Snaps/Dreadnaught Factor, The (USA).png</image><titleshot>~/../thumbs/Atari - 5200/Named_Titles/Dreadnaught Factor, The (USA).png</titleshot><thumbnail>~/../thumbs/Atari - 5200/Named_Boxarts/Dreadnaught Factor, The (USA).png</thumbnail><marquee>~/../thumbs/Atari - 5200/Named_Logos/Dreadnaught Factor, The (USA).png</marquee></game>
<game><path>./Atari 5200 NoIntro/Final Legacy (USA) (Proto).zip</path><name>Final Legacy (USA) (Proto)</name><image>~/../thumbs/Atari - 5200/Named_Snaps/Final Legacy (USA) (Proto).png</image><titleshot>~/../thumbs/Atari - 5200/Named_Titles/Final Legacy (USA) (Proto).png</titleshot><thumbnail>~/../thumbs/Atari - 5200/Named_Boxarts/Final Legacy (USA) (Proto).png</thumbnail><marquee>~/../thumbs/Atari - 5200/Named_Logos/Final Legacy (USA) (Proto).png</marquee></game>
<game><path>./Atari 5200 NoIntro/Frisky Tom (USA) (Proto).zip</path><name>Frisky Tom (USA) (Proto)</name><image>~/../thumbs/Atari - 5200/Named_Snaps/Frisky Tom (USA) (Proto).png</image><titleshot>~/../thumbs/Atari - 5200/Named_Titles/Frisky Tom (USA) (Proto).png</titleshot><thumbnail>~/../thumbs/Atari - 5200/Named_Boxarts/Frisky Tom (USA) (Proto).png</thumbnail><marquee>~/../thumbs/Atari - 5200/Named_Logos/Frisky Tom (USA) (Proto).png</marquee></game>
<game><path>./Atari 5200 NoIntro/Frogger (USA).zip</path><name>Frogger (USA)</name><image>~/../thumbs/Atari - 5200/Named_Snaps/Frogger (USA).png</image><titleshot>~/../thumbs/Atari - 5200/Named_Titles/Frogger (USA).png</titleshot><thumbnail>~/../thumbs/Atari - 5200/Named_Boxarts/Frogger (USA).png</thumbnail><marquee>~/../thumbs/Atari - 5200/Named_Logos/Frogger (USA).png</marquee></game>
<game><path>./Atari 5200 NoIntro/Frogger II - Threeedeep! (USA).zip</path><name>Frogger II - Threeedeep! (USA)</name><image>~/../thumbs/Atari - 5200/Named_Snaps/Frogger II - Threeedeep! (USA).png</image><titleshot>~/../thumbs/Atari - 5200/Named_Titles/Frogger II - Threeedeep! (USA).png</titleshot><thumbnail>~/../thumbs/Atari - 5200/Named_Boxarts/Frogger II - Threeedeep! (USA).png</thumbnail><marquee>~/../thumbs/Atari - 5200/Named_Logos/Frogger II - Threeedeep! (USA).png</marquee></game>
<game><path>./Atari 5200 NoIntro/Galaxian (USA) (Alt).zip</path><name>Galaxian (USA) (Alt)</name><image>~/../thumbs/Atari - 5200/Named_Snaps/Galaxian (USA) (Alt).png</image><titleshot>~/../thumbs/Atari - 5200/Named_Titles/Galaxian (USA) (Alt).png</titleshot><thumbnail>~/../thumbs/Atari - 5200/Named_Boxarts/Galaxian (USA) (Alt).png</thumbnail><marquee>~/../thumbs/Atari - 5200/Named_Logos/Galaxian (USA) (Alt).png</marquee><hidden>true</hidden></game>
<game><path>./Atari 5200 NoIntro/Galaxian (USA).zip</path><name>Galaxian (USA)</name><image>~/../thumbs/Atari - 5200/Named_Snaps/Galaxian (USA).png</image><titleshot>~/../thumbs/Atari - 5200/Named_Titles/Galaxian (USA).png</titleshot><thumbnail>~/../thumbs/Atari - 5200/Named_Boxarts/Galaxian (USA).png</thumbnail><marquee>~/../thumbs/Atari - 5200/Named_Logos/Galaxian (USA).png</marquee></game>
<game><path>./Atari 5200 NoIntro/Gorf (USA).zip</path><name>Gorf (USA)</name><image>~/../thumbs/Atari - 5200/Named_Snaps/Gorf (USA).png</image><titleshot>~/../thumbs/Atari - 5200/Named_Titles/Gorf (USA).png</titleshot><thumbnail>~/../thumbs/Atari - 5200/Named_Boxarts/Gorf (USA).png</thumbnail><marquee>~/../thumbs/Atari - 5200/Named_Logos/Gorf (USA).png</marquee></game>
<game><path>./Atari 5200 NoIntro/Gremlins (USA).zip</path><name>Gremlins (USA)</name><image>~/../thumbs/Atari - 5200/Named_Snaps/Gremlins (USA).png</image><titleshot>~/../thumbs/Atari - 5200/Named_Titles/Gremlins (USA).png</titleshot><thumbnail>~/../thumbs/Atari - 5200/Named_Boxarts/Gremlins (USA).png</thumbnail><marquee>~/../thumbs/Atari - 5200/Named_Logos/Gremlins (USA).png</marquee></game>
<game><path>./Atari 5200 NoIntro/Gyruss (USA) (Alt).zip</path><name>Gyruss (USA) (Alt)</name><image>~/../thumbs/Atari - 5200/Named_Snaps/Gyruss (USA) (Alt).png</image><titleshot>~/../thumbs/Atari - 5200/Named_Titles/Gyruss (USA) (Alt).png</titleshot><thumbnail>~/../thumbs/Atari - 5200/Named_Boxarts/Gyruss (USA) (Alt).png</thumbnail><marquee>~/../thumbs/Atari - 5200/Named_Logos/Gyruss (USA) (Alt).png</marquee><hidden>true</hidden></game>
<game><path>./Atari 5200 NoIntro/Gyruss (USA).zip</path><name>Gyruss (USA)</name><image>~/../thumbs/Atari - 5200/Named_Snaps/Gyruss (USA).png</image><titleshot>~/../thumbs/Atari - 5200/Named_Titles/Gyruss (USA).png</titleshot><thumbnail>~/../thumbs/Atari - 5200/Named_Boxarts/Gyruss (USA).png</thumbnail><marquee>~/../thumbs/Atari - 5200/Named_Logos/Gyruss (USA).png</marquee></game>
<game><path>./Atari 5200 NoIntro/H.E.R.O. (USA).zip</path><name>H.E.R.O. (USA)</name><image>~/../thumbs/Atari - 5200/Named_Snaps/H.E.R.O. (USA).png</image><titleshot>~/../thumbs/Atari - 5200/Named_Titles/H.E.R.O. (USA).png</titleshot><thumbnail>~/../thumbs/Atari - 5200/Named_Boxarts/H.E.R.O. (USA).png</thumbnail><marquee>~/../thumbs/Atari - 5200/Named_Logos/H.E.R.O. (USA).png</marquee></game>
<game><path>./Atari 5200 NoIntro/James Bond 007 (USA).zip</path><name>James Bond 007 (USA)</name><image>~/../thumbs/Atari - 5200/Named_Snaps/James Bond 007 (USA).png</image><titleshot>~/../thumbs/Atari - 5200/Named_Titles/James Bond 007 (USA).png</titleshot><thumbnail>~/../thumbs/Atari - 5200/Named_Boxarts/James Bond 007 (USA).png</thumbnail><marquee>~/../thumbs/Atari - 5200/Named_Logos/James Bond 007 (USA).png</marquee></game>
<game><path>./Atari 5200 NoIntro/Joust (USA).zip</path><name>Joust (USA)</name><image>~/../thumbs/Atari - 5200/Named_Snaps/Joust (USA).png</image><titleshot>~/../thumbs/Atari - 5200/Named_Titles/Joust (USA).png</titleshot><thumbnail>~/../thumbs/Atari - 5200/Named_Boxarts/Joust (USA).png</thumbnail><marquee>~/../thumbs/Atari - 5200/Named_Logos/Joust (USA).png</marquee></game>
<game><path>./Atari 5200 NoIntro/Jr. Pac-Man (USA) (Proto).zip</path><name>Jr. Pac-Man (USA) (Proto)</name><image>~/../thumbs/Atari - 5200/Named_Snaps/Jr. Pac-Man (USA) (Proto).png</image><titleshot>~/../thumbs/Atari - 5200/Named_Titles/Jr. Pac-Man (USA) (Proto).png</titleshot><thumbnail>~/../thumbs/Atari - 5200/Named_Boxarts/Jr. Pac-Man (USA) (Proto).png</thumbnail><marquee>~/../thumbs/Atari - 5200/Named_Logos/Jr. Pac-Man (USA) (Proto).png</marquee></game>
<game><path>./Atari 5200 NoIntro/Jungle Hunt (USA).zip</path><name>Jungle Hunt (USA)</name><image>~/../thumbs/Atari - 5200/Named_Snaps/Jungle Hunt (USA).png</image><titleshot>~/../thumbs/Atari - 5200/Named_Titles/Jungle Hunt (USA).png</titleshot><thumbnail>~/../thumbs/Atari - 5200/Named_Boxarts/Jungle Hunt (USA).png</thumbnail><marquee>~/../thumbs/Atari - 5200/Named_Logos/Jungle Hunt (USA).png</marquee></game>
<game><path>./Atari 5200 NoIntro/K-Razy Shoot-Out (USA).zip</path><name>K-Razy Shoot-Out (USA)</name><image>~/../thumbs/Atari - 5200/Named_Snaps/K-Razy Shoot-Out (USA).png</image><titleshot>~/../thumbs/Atari - 5200/Named_Titles/K-Razy Shoot-Out (USA).png</titleshot><thumbnail>~/../thumbs/Atari - 5200/Named_Boxarts/K-Razy Shoot-Out (USA).png</thumbnail><marquee>~/../thumbs/Atari - 5200/Named_Logos/K-Razy Shoot-Out (USA).png</marquee></game>
<game><path>./Atari 5200 NoIntro/Kaboom! (USA).zip</path><name>Kaboom! (USA)</name><image>~/../thumbs/Atari - 5200/Named_Snaps/Kaboom! (USA).png</image><titleshot>~/../thumbs/Atari - 5200/Named_Titles/Kaboom! (USA).png</titleshot><thumbnail>~/../thumbs/Atari - 5200/Named_Boxarts/Kaboom! (USA).png</thumbnail><marquee>~/../thumbs/Atari - 5200/Named_Logos/Kaboom! (USA).png</marquee></game>
<game><path>./Atari 5200 NoIntro/Kangaroo (USA).zip</path><name>Kangaroo (USA)</name><image>~/../thumbs/Atari - 5200/Named_Snaps/Kangaroo (USA).png</image><titleshot>~/../thumbs/Atari - 5200/Named_Titles/Kangaroo (USA).png</titleshot><thumbnail>~/../thumbs/Atari - 5200/Named_Boxarts/Kangaroo (USA).png</thumbnail><marquee>~/../thumbs/Atari - 5200/Named_Logos/Kangaroo (USA).png</marquee></game>
<game><path>./Atari 5200 NoIntro/Keystone Kapers (USA).zip</path><name>Keystone Kapers (USA)</name><image>~/../thumbs/Atari - 5200/Named_Snaps/Keystone Kapers (USA).png</image><titleshot>~/../thumbs/Atari - 5200/Named_Titles/Keystone Kapers (USA).png</titleshot><thumbnail>~/../thumbs/Atari - 5200/Named_Boxarts/Keystone Kapers (USA).png</thumbnail><marquee>~/../thumbs/Atari - 5200/Named_Logos/Keystone Kapers (USA).png</marquee></game>
<game><path>./Atari 5200 NoIntro/Koffi - Yellow Kopter (USA) (Unl).zip</path><name>Koffi - Yellow Kopter (USA) (Unl)</name><image>~/../thumbs/Atari - 5200/Named_Snaps/Koffi - Yellow Kopter (USA) (Unl).png</image><titleshot>~/../thumbs/Atari - 5200/Named_Titles/Koffi - Yellow Kopter (USA) (Unl).png</titleshot><thumbnail>~/../thumbs/Atari - 5200/Named_Boxarts/Koffi - Yellow Kopter (USA) (Unl).png</thumbnail><marquee>~/../thumbs/Atari - 5200/Named_Logos/Koffi - Yellow Kopter (USA) (Unl).png</marquee><hidden>true</hidden></game>
<game><path>./Atari 5200 NoIntro/Last Starfighter, The (USA) (Proto).zip</path><name>Last Starfighter, The (USA) (Proto)</name><image>~/../thumbs/Atari - 5200/Named_Snaps/Last Starfighter, The (USA) (Proto).png</image><titleshot>~/../thumbs/Atari - 5200/Named_Titles/Last Starfighter, The (USA) (Proto).png</titleshot><thumbnail>~/../thumbs/Atari - 5200/Named_Boxarts/Last Starfighter, The (USA) (Proto).png</thumbnail><marquee>~/../thumbs/Atari - 5200/Named_Logos/Last Starfighter, The (USA) (Proto).png</marquee></game>
<game><path>./Atari 5200 NoIntro/Looney Tunes Hotel (USA) (Proto).zip</path><name>Looney Tunes Hotel (USA) (Proto)</name><image>~/../thumbs/Atari - 5200/Named_Snaps/Looney Tunes Hotel (USA) (Proto).png</image><titleshot>~/../thumbs/Atari - 5200/Named_Titles/Looney Tunes Hotel (USA) (Proto).png</titleshot><thumbnail>~/../thumbs/Atari - 5200/Named_Boxarts/Looney Tunes Hotel (USA) (Proto).png</thumbnail><marquee>~/../thumbs/Atari - 5200/Named_Logos/Looney Tunes Hotel (USA) (Proto).png</marquee></game>
<game><path>./Atari 5200 NoIntro/Mario Bros. (USA) (Alt).zip</path><name>Mario Bros. (USA) (Alt)</name><image>~/../thumbs/Atari - 5200/Named_Snaps/Mario Bros. (USA) (Alt).png</image><titleshot>~/../thumbs/Atari - 5200/Named_Titles/Mario Bros. (USA) (Alt).png</titleshot><thumbnail>~/../thumbs/Atari - 5200/Named_Boxarts/Mario Bros. (USA) (Alt).png</thumbnail><marquee>~/../thumbs/Atari - 5200/Named_Logos/Mario Bros. (USA) (Alt).png</marquee><hidden>true</hidden></game>
<game><path>./Atari 5200 NoIntro/Mario Bros. (USA).zip</path><name>Mario Bros. (USA)</name><image>~/../thumbs/Atari - 5200/Named_Snaps/Mario Bros. (USA).png</image><titleshot>~/../thumbs/Atari - 5200/Named_Titles/Mario Bros. (USA).png</titleshot><thumbnail>~/../thumbs/Atari - 5200/Named_Boxarts/Mario Bros. (USA).png</thumbnail><marquee>~/../thumbs/Atari - 5200/Named_Logos/Mario Bros. (USA).png</marquee></game>
<game><path>./Atari 5200 NoIntro/Meebzork (USA) (Proto).zip</path><name>Meebzork (USA) (Proto)</name><image>~/../thumbs/Atari - 5200/Named_Snaps/Meebzork (USA) (Proto).png</image><titleshot>~/../thumbs/Atari - 5200/Named_Titles/Meebzork (USA) (Proto).png</titleshot><thumbnail>~/../thumbs/Atari - 5200/Named_Boxarts/Meebzork (USA) (Proto).png</thumbnail><marquee>~/../thumbs/Atari - 5200/Named_Logos/Meebzork (USA) (Proto).png</marquee></game>
<game><path>./Atari 5200 NoIntro/MegaMania (USA).zip</path><name>MegaMania (USA)</name><image>~/../thumbs/Atari - 5200/Named_Snaps/MegaMania (USA).png</image><titleshot>~/../thumbs/Atari - 5200/Named_Titles/MegaMania (USA).png</titleshot><thumbnail>~/../thumbs/Atari - 5200/Named_Boxarts/MegaMania (USA).png</thumbnail><marquee>~/../thumbs/Atari - 5200/Named_Logos/MegaMania (USA).png</marquee></game>
<game><path>./Atari 5200 NoIntro/Meteorites (USA).zip</path><name>Meteorites (USA)</name><image>~/../thumbs/Atari - 5200/Named_Snaps/Meteorites (USA).png</image><titleshot>~/../thumbs/Atari - 5200/Named_Titles/Meteorites (USA).png</titleshot><thumbnail>~/../thumbs/Atari - 5200/Named_Boxarts/Meteorites (USA).png</thumbnail><marquee>~/../thumbs/Atari - 5200/Named_Logos/Meteorites (USA).png</marquee></game>
<game><path>./Atari 5200 NoIntro/Microgammon SB (USA) (Proto).zip</path><name>Microgammon SB (USA) (Proto)</name><image>~/../thumbs/Atari - 5200/Named_Snaps/Microgammon SB (USA) (Proto).png</image><titleshot>~/../thumbs/Atari - 5200/Named_Titles/Microgammon SB (USA) (Proto).png</titleshot><thumbnail>~/../thumbs/Atari - 5200/Named_Boxarts/Microgammon SB (USA) (Proto).png</thumbnail><marquee>~/../thumbs/Atari - 5200/Named_Logos/Microgammon SB (USA) (Proto).png</marquee></game>
<game><path>./Atari 5200 NoIntro/Millipede (USA) (Proto).zip</path><name>Millipede (USA) (Proto)</name><image>~/../thumbs/Atari - 5200/Named_Snaps/Millipede (USA) (Proto).png</image><titleshot>~/../thumbs/Atari - 5200/Named_Titles/Millipede (USA) (Proto).png</titleshot><thumbnail>~/../thumbs/Atari - 5200/Named_Boxarts/Millipede (USA) (Proto).png</thumbnail><marquee>~/../thumbs/Atari - 5200/Named_Logos/Millipede (USA) (Proto).png</marquee></game>
<game><path>./Atari 5200 NoIntro/Miner 2049er Starring Bounty Bob (USA).zip</path><name>Miner 2049er Starring Bounty Bob (USA)</name><image>~/../thumbs/Atari - 5200/Named_Snaps/Miner 2049er Starring Bounty Bob (USA).png</image><titleshot>~/../thumbs/Atari - 5200/Named_Titles/Miner 2049er Starring Bounty Bob (USA).png</titleshot><thumbnail>~/../thumbs/Atari - 5200/Named_Boxarts/Miner 2049er Starring Bounty Bob (USA).png</thumbnail><marquee>~/../thumbs/Atari - 5200/Named_Logos/Miner 2049er Starring Bounty Bob (USA).png</marquee></game>
<game><path>./Atari 5200 NoIntro/Miniature Golf (USA) (Proto).zip</path><name>Miniature Golf (USA) (Proto)</name><image>~/../thumbs/Atari - 5200/Named_Snaps/Miniature Golf (USA) (Proto).png</image><titleshot>~/../thumbs/Atari - 5200/Named_Titles/Miniature Golf (USA) (Proto).png</titleshot><thumbnail>~/../thumbs/Atari - 5200/Named_Boxarts/Miniature Golf (USA) (Proto).png</thumbnail><marquee>~/../thumbs/Atari - 5200/Named_Logos/Miniature Golf (USA) (Proto).png</marquee></game>
<game><path>./Atari 5200 NoIntro/Missile Command (USA).zip</path><name>Missile Command (USA)</name><image>~/../thumbs/Atari - 5200/Named_Snaps/Missile Command (USA).png</image><titleshot>~/../thumbs/Atari - 5200/Named_Titles/Missile Command (USA).png</titleshot><thumbnail>~/../thumbs/Atari - 5200/Named_Boxarts/Missile Command (USA).png</thumbnail><marquee>~/../thumbs/Atari - 5200/Named_Logos/Missile Command (USA).png</marquee></game>
<game><path>./Atari 5200 NoIntro/Montezuma's Revenge - Featuring Panama Joe (USA).zip</path><name>Montezuma's Revenge - Featuring Panama Joe (USA)</name><image>~/../thumbs/Atari - 5200/Named_Snaps/Montezuma's Revenge - Featuring Panama Joe (USA).png</image><titleshot>~/../thumbs/Atari - 5200/Named_Titles/Montezuma's Revenge - Featuring Panama Joe (USA).png</titleshot><thumbnail>~/../thumbs/Atari - 5200/Named_Boxarts/Montezuma's Revenge - Featuring Panama Joe (USA).png</thumbnail><marquee>~/../thumbs/Atari - 5200/Named_Logos/Montezuma's Revenge - Featuring Panama Joe (USA).png</marquee></game>
<game><path>./Atari 5200 NoIntro/Moon Patrol (USA).zip</path><name>Moon Patrol (USA)</name><image>~/../thumbs/Atari - 5200/Named_Snaps/Moon Patrol (USA).png</image><titleshot>~/../thumbs/Atari - 5200/Named_Titles/Moon Patrol (USA).png</titleshot><thumbnail>~/../thumbs/Atari - 5200/Named_Boxarts/Moon Patrol (USA).png</thumbnail><marquee>~/../thumbs/Atari - 5200/Named_Logos/Moon Patrol (USA).png</marquee></game>
<game><path>./Atari 5200 NoIntro/Mountain King (USA).zip</path><name>Mountain King (USA)</name><image>~/../thumbs/Atari - 5200/Named_Snaps/Mountain King (USA).png</image><titleshot>~/../thumbs/Atari - 5200/Named_Titles/Mountain King (USA).png</titleshot><thumbnail>~/../thumbs/Atari - 5200/Named_Boxarts/Mountain King (USA).png</thumbnail><marquee>~/../thumbs/Atari - 5200/Named_Logos/Mountain King (USA).png</marquee></game>
<game><path>./Atari 5200 NoIntro/Mr. Do!'s Castle (USA).zip</path><name>Mr. Do!'s Castle (USA)</name><image>~/../thumbs/Atari - 5200/Named_Snaps/Mr. Do!'s Castle (USA).png</image><titleshot>~/../thumbs/Atari - 5200/Named_Titles/Mr. Do!'s Castle (USA).png</titleshot><thumbnail>~/../thumbs/Atari - 5200/Named_Boxarts/Mr. Do!'s Castle (USA).png</thumbnail><marquee>~/../thumbs/Atari - 5200/Named_Logos/Mr. Do!'s Castle (USA).png</marquee></game>
<game><path>./Atari 5200 NoIntro/Ms. Pac-Man (USA).zip</path><name>Ms. Pac-Man (USA)</name><image>~/../thumbs/Atari - 5200/Named_Snaps/Ms. Pac-Man (USA).png</image><titleshot>~/../thumbs/Atari - 5200/Named_Titles/Ms. Pac-Man (USA).png</titleshot><thumbnail>~/../thumbs/Atari - 5200/Named_Boxarts/Ms. Pac-Man (USA).png</thumbnail><marquee>~/../thumbs/Atari - 5200/Named_Logos/Ms. Pac-Man (USA).png</marquee></game>
<game><path>./Atari 5200 NoIntro/Pac-Man (USA).zip</path><name>Pac-Man (USA)</name><image>~/../thumbs/Atari - 5200/Named_Snaps/Pac-Man (USA).png</image><titleshot>~/../thumbs/Atari - 5200/Named_Titles/Pac-Man (USA).png</titleshot><thumbnail>~/../thumbs/Atari - 5200/Named_Boxarts/Pac-Man (USA).png</thumbnail><marquee>~/../thumbs/Atari - 5200/Named_Logos/Pac-Man (USA).png</marquee></game>
<game><path>./Atari 5200 NoIntro/Pengo (USA).zip</path><name>Pengo (USA)</name><image>~/../thumbs/Atari - 5200/Named_Snaps/Pengo (USA).png</image><titleshot>~/../thumbs/Atari - 5200/Named_Titles/Pengo (USA).png</titleshot><thumbnail>~/../thumbs/Atari - 5200/Named_Boxarts/Pengo (USA).png</thumbnail><marquee>~/../thumbs/Atari - 5200/Named_Logos/Pengo (USA).png</marquee></game>
<game><path>./Atari 5200 NoIntro/Pitfall! (USA).zip</path><name>Pitfall! (USA)</name><image>~/../thumbs/Atari - 5200/Named_Snaps/Pitfall! (USA).png</image><titleshot>~/../thumbs/Atari - 5200/Named_Titles/Pitfall! (USA).png</titleshot><thumbnail>~/../thumbs/Atari - 5200/Named_Boxarts/Pitfall! (USA).png</thumbnail><marquee>~/../thumbs/Atari - 5200/Named_Logos/Pitfall! (USA).png</marquee></game>
<game><path>./Atari 5200 NoIntro/Pole Position (USA) (Proto).zip</path><name>Pole Position (USA) (Proto)</name><image>~/../thumbs/Atari - 5200/Named_Snaps/Pole Position (USA) (Proto).png</image><titleshot>~/../thumbs/Atari - 5200/Named_Titles/Pole Position (USA) (Proto).png</titleshot><thumbnail>~/../thumbs/Atari - 5200/Named_Boxarts/Pole Position (USA) (Proto).png</thumbnail><marquee>~/../thumbs/Atari - 5200/Named_Logos/Pole Position (USA) (Proto).png</marquee></game>
<game><path>./Atari 5200 NoIntro/Pole Position (USA).zip</path><name>Pole Position (USA)</name><image>~/../thumbs/Atari - 5200/Named_Snaps/Pole Position (USA).png</image><titleshot>~/../thumbs/Atari - 5200/Named_Titles/Pole Position (USA).png</titleshot><thumbnail>~/../thumbs/Atari - 5200/Named_Boxarts/Pole Position (USA).png</thumbnail><marquee>~/../thumbs/Atari - 5200/Named_Logos/Pole Position (USA).png</marquee></game>
<game><path>./Atari 5200 NoIntro/Popeye (USA).zip</path><name>Popeye (USA)</name><image>~/../thumbs/Atari - 5200/Named_Snaps/Popeye (USA).png</image><titleshot>~/../thumbs/Atari - 5200/Named_Titles/Popeye (USA).png</titleshot><thumbnail>~/../thumbs/Atari - 5200/Named_Boxarts/Popeye (USA).png</thumbnail><marquee>~/../thumbs/Atari - 5200/Named_Logos/Popeye (USA).png</marquee></game>
<game><path>./Atari 5200 NoIntro/Q-bert (USA).zip</path><name>Q-bert (USA)</name><image>~/../thumbs/Atari - 5200/Named_Snaps/Q-bert (USA).png</image><titleshot>~/../thumbs/Atari - 5200/Named_Titles/Q-bert (USA).png</titleshot><thumbnail>~/../thumbs/Atari - 5200/Named_Boxarts/Q-bert (USA).png</thumbnail><marquee>~/../thumbs/Atari - 5200/Named_Logos/Q-bert (USA).png</marquee></game>
<game><path>./Atari 5200 NoIntro/QIX (USA).zip</path><name>QIX (USA)</name><image>~/../thumbs/Atari - 5200/Named_Snaps/QIX (USA).png</image><titleshot>~/../thumbs/Atari - 5200/Named_Titles/QIX (USA).png</titleshot><thumbnail>~/../thumbs/Atari - 5200/Named_Boxarts/QIX (USA).png</thumbnail><marquee>~/../thumbs/Atari - 5200/Named_Logos/QIX (USA).png</marquee></game>
<game><path>./Atari 5200 NoIntro/Quest for Quintana Roo (USA).zip</path><name>Quest for Quintana Roo (USA)</name><image>~/../thumbs/Atari - 5200/Named_Snaps/Quest for Quintana Roo (USA).png</image><titleshot>~/../thumbs/Atari - 5200/Named_Titles/Quest for Quintana Roo (USA).png</titleshot><thumbnail>~/../thumbs/Atari - 5200/Named_Boxarts/Quest for Quintana Roo (USA).png</thumbnail><marquee>~/../thumbs/Atari - 5200/Named_Logos/Quest for Quintana Roo (USA).png</marquee></game>
<game><path>./Atari 5200 NoIntro/RealSports Baseball (USA).zip</path><name>RealSports Baseball (USA)</name><image>~/../thumbs/Atari - 5200/Named_Snaps/RealSports Baseball (USA).png</image><titleshot>~/../thumbs/Atari - 5200/Named_Titles/RealSports Baseball (USA).png</titleshot><thumbnail>~/../thumbs/Atari - 5200/Named_Boxarts/RealSports Baseball (USA).png</thumbnail><marquee>~/../thumbs/Atari - 5200/Named_Logos/RealSports Baseball (USA).png</marquee></game>
<game><path>./Atari 5200 NoIntro/RealSports Basketball (USA) (Proto) (1982-11-05).zip</path><name>RealSports Basketball (USA) (Proto) (1982-11-05)</name><image>~/../thumbs/Atari - 5200/Named_Snaps/RealSports Basketball (USA) (Proto) (1982-11-05).png</image><titleshot>~/../thumbs/Atari - 5200/Named_Titles/RealSports Basketball (USA) (Proto) (1982-11-05).png</titleshot><thumbnail>~/../thumbs/Atari - 5200/Named_Boxarts/RealSports Basketball (USA) (Proto) (1982-11-05).png</thumbnail><marquee>~/../thumbs/Atari - 5200/Named_Logos/RealSports Basketball (USA) (Proto) (1982-11-05).png</marquee></game>
<game><path>./Atari 5200 NoIntro/RealSports Basketball (USA) (Proto) (1983-10-31).zip</path><name>RealSports Basketball (USA) (Proto) (1983-10-31)</name><image>~/../thumbs/Atari - 5200/Named_Snaps/RealSports Basketball (USA) (Proto) (1983-10-31).png</image><titleshot>~/../thumbs/Atari - 5200/Named_Titles/RealSports Basketball (USA) (Proto) (1983-10-31).png</titleshot><thumbnail>~/../thumbs/Atari - 5200/Named_Boxarts/RealSports Basketball (USA) (Proto) (1983-10-31).png</thumbnail><marquee>~/../thumbs/Atari - 5200/Named_Logos/RealSports Basketball (USA) (Proto) (1983-10-31).png</marquee></game>
<game><path>./Atari 5200 NoIntro/RealSports Basketball (USA).zip</path><name>RealSports Basketball (USA)</name><image>~/../thumbs/Atari - 5200/Named_Snaps/RealSports Basketball (USA).png</image><titleshot>~/../thumbs/Atari - 5200/Named_Titles/RealSports Basketball (USA).png</titleshot><thumbnail>~/../thumbs/Atari - 5200/Named_Boxarts/RealSports Basketball (USA).png</thumbnail><marquee>~/../thumbs/Atari - 5200/Named_Logos/RealSports Basketball (USA).png</marquee></game>
<game><path>./Atari 5200 NoIntro/RealSports Football (USA).zip</path><name>RealSports Football (USA)</name><image>~/../thumbs/Atari - 5200/Named_Snaps/RealSports Football (USA).png</image><titleshot>~/../thumbs/Atari - 5200/Named_Titles/RealSports Football (USA).png</titleshot><thumbnail>~/../thumbs/Atari - 5200/Named_Boxarts/RealSports Football (USA).png</thumbnail><marquee>~/../thumbs/Atari - 5200/Named_Logos/RealSports Football (USA).png</marquee></game>
<game><path>./Atari 5200 NoIntro/RealSports Soccer (USA).zip</path><name>RealSports Soccer (USA)</name><image>~/../thumbs/Atari - 5200/Named_Snaps/RealSports Soccer (USA).png</image><titleshot>~/../thumbs/Atari - 5200/Named_Titles/RealSports Soccer (USA).png</titleshot><thumbnail>~/../thumbs/Atari - 5200/Named_Boxarts/RealSports Soccer (USA).png</thumbnail><marquee>~/../thumbs/Atari - 5200/Named_Logos/RealSports Soccer (USA).png</marquee></game>
<game><path>./Atari 5200 NoIntro/RealSports Tennis (USA).zip</path><name>RealSports Tennis (USA)</name><image>~/../thumbs/Atari - 5200/Named_Snaps/RealSports Tennis (USA).png</image><titleshot>~/../thumbs/Atari - 5200/Named_Titles/RealSports Tennis (USA).png</titleshot><thumbnail>~/../thumbs/Atari - 5200/Named_Boxarts/RealSports Tennis (USA).png</thumbnail><marquee>~/../thumbs/Atari - 5200/Named_Logos/RealSports Tennis (USA).png</marquee></game>
<game><path>./Atari 5200 NoIntro/Rescue on Fractalus! (USA).zip</path><name>Rescue on Fractalus! (USA)</name><image>~/../thumbs/Atari - 5200/Named_Snaps/Rescue on Fractalus! (USA).png</image><titleshot>~/../thumbs/Atari - 5200/Named_Titles/Rescue on Fractalus! (USA).png</titleshot><thumbnail>~/../thumbs/Atari - 5200/Named_Boxarts/Rescue on Fractalus! (USA).png</thumbnail><marquee>~/../thumbs/Atari - 5200/Named_Logos/Rescue on Fractalus! (USA).png</marquee></game>
<game><path>./Atari 5200 NoIntro/Road Runner (USA) (Proto).zip</path><name>Road Runner (USA) (Proto)</name><image>~/../thumbs/Atari - 5200/Named_Snaps/Road Runner (USA) (Proto).png</image><titleshot>~/../thumbs/Atari - 5200/Named_Titles/Road Runner (USA) (Proto).png</titleshot><thumbnail>~/../thumbs/Atari - 5200/Named_Boxarts/Road Runner (USA) (Proto).png</thumbnail><marquee>~/../thumbs/Atari - 5200/Named_Logos/Road Runner (USA) (Proto).png</marquee></game>
<game><path>./Atari 5200 NoIntro/Robotron 2084 (USA).zip</path><name>Robotron 2084 (USA)</name><image>~/../thumbs/Atari - 5200/Named_Snaps/Robotron 2084 (USA).png</image><titleshot>~/../thumbs/Atari - 5200/Named_Titles/Robotron 2084 (USA).png</titleshot><thumbnail>~/../thumbs/Atari - 5200/Named_Boxarts/Robotron 2084 (USA).png</thumbnail><marquee>~/../thumbs/Atari - 5200/Named_Logos/Robotron 2084 (USA).png</marquee></game>
<game><path>./Atari 5200 NoIntro/Space Dungeon (USA).zip</path><name>Space Dungeon (USA)</name><image>~/../thumbs/Atari - 5200/Named_Snaps/Space Dungeon (USA).png</image><titleshot>~/../thumbs/Atari - 5200/Named_Titles/Space Dungeon (USA).png</titleshot><thumbnail>~/../thumbs/Atari - 5200/Named_Boxarts/Space Dungeon (USA).png</thumbnail><marquee>~/../thumbs/Atari - 5200/Named_Logos/Space Dungeon (USA).png</marquee></game>
<game><path>./Atari 5200 NoIntro/Space Invaders (USA).zip</path><name>Space Invaders (USA)</name><image>~/../thumbs/Atari - 5200/Named_Snaps/Space Invaders (USA).png</image><titleshot>~/../thumbs/Atari - 5200/Named_Titles/Space Invaders (USA).png</titleshot><thumbnail>~/../thumbs/Atari - 5200/Named_Boxarts/Space Invaders (USA).png</thumbnail><marquee>~/../thumbs/Atari - 5200/Named_Logos/Space Invaders (USA).png</marquee></game>
<game><path>./Atari 5200 NoIntro/Space Shuttle - A Journey Into Space (USA).zip</path><name>Space Shuttle - A Journey Into Space (USA)</name><image>~/../thumbs/Atari - 5200/Named_Snaps/Space Shuttle - A Journey Into Space (USA).png</image><titleshot>~/../thumbs/Atari - 5200/Named_Titles/Space Shuttle - A Journey Into Space (USA).png</titleshot><thumbnail>~/../thumbs/Atari - 5200/Named_Boxarts/Space Shuttle - A Journey Into Space (USA).png</thumbnail><marquee>~/../thumbs/Atari - 5200/Named_Logos/Space Shuttle - A Journey Into Space (USA).png</marquee></game>
<game><path>./Atari 5200 NoIntro/Spitfire (USA) (Proto).zip</path><name>Spitfire (USA) (Proto)</name><image>~/../thumbs/Atari - 5200/Named_Snaps/Spitfire (USA) (Proto).png</image><titleshot>~/../thumbs/Atari - 5200/Named_Titles/Spitfire (USA) (Proto).png</titleshot><thumbnail>~/../thumbs/Atari - 5200/Named_Boxarts/Spitfire (USA) (Proto).png</thumbnail><marquee>~/../thumbs/Atari - 5200/Named_Logos/Spitfire (USA) (Proto).png</marquee></game>
<game><path>./Atari 5200 NoIntro/Sport Goofy (USA) (Proto).zip</path><name>Sport Goofy (USA) (Proto)</name><image>~/../thumbs/Atari - 5200/Named_Snaps/Sport Goofy (USA) (Proto).png</image><titleshot>~/../thumbs/Atari - 5200/Named_Titles/Sport Goofy (USA) (Proto).png</titleshot><thumbnail>~/../thumbs/Atari - 5200/Named_Boxarts/Sport Goofy (USA) (Proto).png</thumbnail><marquee>~/../thumbs/Atari - 5200/Named_Logos/Sport Goofy (USA) (Proto).png</marquee></game>
<game><path>./Atari 5200 NoIntro/Star Raiders (USA) (Alternate).zip</path><name>Star Raiders (USA) (Alternate)</name><image>~/../thumbs/Atari - 5200/Named_Snaps/Star Raiders (USA) (Alternate).png</image><titleshot>~/../thumbs/Atari - 5200/Named_Titles/Star Raiders (USA) (Alternate).png</titleshot><thumbnail>~/../thumbs/Atari - 5200/Named_Boxarts/Star Raiders (USA) (Alternate).png</thumbnail><marquee>~/../thumbs/Atari - 5200/Named_Logos/Star Raiders (USA) (Alternate).png</marquee><hidden>true</hidden></game>
<game><path>./Atari 5200 NoIntro/Star Raiders (USA).zip</path><name>Star Raiders (USA)</name><image>~/../thumbs/Atari - 5200/Named_Snaps/Star Raiders (USA).png</image><titleshot>~/../thumbs/Atari - 5200/Named_Titles/Star Raiders (USA).png</titleshot><thumbnail>~/../thumbs/Atari - 5200/Named_Boxarts/Star Raiders (USA).png</thumbnail><marquee>~/../thumbs/Atari - 5200/Named_Logos/Star Raiders (USA).png</marquee></game>
<game><path>./Atari 5200 NoIntro/Star Trek - Strategic Operations Simulator (USA) (Alt).zip</path><name>Star Trek - Strategic Operations Simulator (USA) (Alt)</name><image>~/../thumbs/Atari - 5200/Named_Snaps/Star Trek - Strategic Operations Simulator (USA) (Alt).png</image><titleshot>~/../thumbs/Atari - 5200/Named_Titles/Star Trek - Strategic Operations Simulator (USA) (Alt).png</titleshot><thumbnail>~/../thumbs/Atari - 5200/Named_Boxarts/Star Trek - Strategic Operations Simulator (USA) (Alt).png</thumbnail><marquee>~/../thumbs/Atari - 5200/Named_Logos/Star Trek - Strategic Operations Simulator (USA) (Alt).png</marquee><hidden>true</hidden></game>
<game><path>./Atari 5200 NoIntro/Star Trek - Strategic Operations Simulator (USA).zip</path><name>Star Trek - Strategic Operations Simulator (USA)</name><image>~/../thumbs/Atari - 5200/Named_Snaps/Star Trek - Strategic Operations Simulator (USA).png</image><titleshot>~/../thumbs/Atari - 5200/Named_Titles/Star Trek - Strategic Operations Simulator (USA).png</titleshot><thumbnail>~/../thumbs/Atari - 5200/Named_Boxarts/Star Trek - Strategic Operations Simulator (USA).png</thumbnail><marquee>~/../thumbs/Atari - 5200/Named_Logos/Star Trek - Strategic Operations Simulator (USA).png</marquee></game>
<game><path>./Atari 5200 NoIntro/Star Wars - Return of the Jedi - Death Star Battle (USA).zip</path><name>Star Wars - Return of the Jedi - Death Star Battle (USA)</name><image>~/../thumbs/Atari - 5200/Named_Snaps/Star Wars - Return of the Jedi - Death Star Battle (USA).png</image><titleshot>~/../thumbs/Atari - 5200/Named_Titles/Star Wars - Return of the Jedi - Death Star Battle (USA).png</titleshot><thumbnail>~/../thumbs/Atari - 5200/Named_Boxarts/Star Wars - Return of the Jedi - Death Star Battle (USA).png</thumbnail><marquee>~/../thumbs/Atari - 5200/Named_Logos/Star Wars - Return of the Jedi - Death Star Battle (USA).png</marquee></game>
<game><path>./Atari 5200 NoIntro/Star Wars - The Arcade Game (USA).zip</path><name>Star Wars - The Arcade Game (USA)</name><image>~/../thumbs/Atari - 5200/Named_Snaps/Star Wars - The Arcade Game (USA).png</image><titleshot>~/../thumbs/Atari - 5200/Named_Titles/Star Wars - The Arcade Game (USA).png</titleshot><thumbnail>~/../thumbs/Atari - 5200/Named_Boxarts/Star Wars - The Arcade Game (USA).png</thumbnail><marquee>~/../thumbs/Atari - 5200/Named_Logos/Star Wars - The Arcade Game (USA).png</marquee></game>
<game><path>./Atari 5200 NoIntro/Stargate (USA) (Proto).zip</path><name>Stargate (USA) (Proto)</name><image>~/../thumbs/Atari - 5200/Named_Snaps/Stargate (USA) (Proto).png</image><titleshot>~/../thumbs/Atari - 5200/Named_Titles/Stargate (USA) (Proto).png</titleshot><thumbnail>~/../thumbs/Atari - 5200/Named_Boxarts/Stargate (USA) (Proto).png</thumbnail><marquee>~/../thumbs/Atari - 5200/Named_Logos/Stargate (USA) (Proto).png</marquee></game>
<game><path>./Atari 5200 NoIntro/Super Breakout (USA).zip</path><name>Super Breakout (USA)</name><image>~/../thumbs/Atari - 5200/Named_Snaps/Super Breakout (USA).png</image><titleshot>~/../thumbs/Atari - 5200/Named_Titles/Super Breakout (USA).png</titleshot><thumbnail>~/../thumbs/Atari - 5200/Named_Boxarts/Super Breakout (USA).png</thumbnail><marquee>~/../thumbs/Atari - 5200/Named_Logos/Super Breakout (USA).png</marquee></game>
<game><path>./Atari 5200 NoIntro/Super Cobra (USA).zip</path><name>Super Cobra (USA)</name><image>~/../thumbs/Atari - 5200/Named_Snaps/Super Cobra (USA).png</image><titleshot>~/../thumbs/Atari - 5200/Named_Titles/Super Cobra (USA).png</titleshot><thumbnail>~/../thumbs/Atari - 5200/Named_Boxarts/Super Cobra (USA).png</thumbnail><marquee>~/../thumbs/Atari - 5200/Named_Logos/Super Cobra (USA).png</marquee></game>
<game><path>./Atari 5200 NoIntro/Super Pac-Man (USA) (Proto).zip</path><name>Super Pac-Man (USA) (Proto)</name><image>~/../thumbs/Atari - 5200/Named_Snaps/Super Pac-Man (USA) (Proto).png</image><titleshot>~/../thumbs/Atari - 5200/Named_Titles/Super Pac-Man (USA) (Proto).png</titleshot><thumbnail>~/../thumbs/Atari - 5200/Named_Boxarts/Super Pac-Man (USA) (Proto).png</thumbnail><marquee>~/../thumbs/Atari - 5200/Named_Logos/Super Pac-Man (USA) (Proto).png</marquee></game>
<game><path>./Atari 5200 NoIntro/Super Pacman (USA) (Proto) (Alt).zip</path><name>Super Pacman (USA) (Proto) (Alt)</name><image>~/../thumbs/Atari - 5200/Named_Snaps/Super Pacman (USA) (Proto) (Alt).png</image><titleshot>~/../thumbs/Atari - 5200/Named_Titles/Super Pacman (USA) (Proto) (Alt).png</titleshot><thumbnail>~/../thumbs/Atari - 5200/Named_Boxarts/Super Pacman (USA) (Proto) (Alt).png</thumbnail><marquee>~/../thumbs/Atari - 5200/Named_Logos/Super Pacman (USA) (Proto) (Alt).png</marquee><hidden>true</hidden></game>
<game><path>./Atari 5200 NoIntro/Tempest (USA) (AtariAge).zip</path><name>Tempest (USA) (AtariAge)</name><image>~/../thumbs/Atari - 5200/Named_Snaps/Tempest (USA) (AtariAge).png</image><titleshot>~/../thumbs/Atari - 5200/Named_Titles/Tempest (USA) (AtariAge).png</titleshot><thumbnail>~/../thumbs/Atari - 5200/Named_Boxarts/Tempest (USA) (AtariAge).png</thumbnail><marquee>~/../thumbs/Atari - 5200/Named_Logos/Tempest (USA) (AtariAge).png</marquee></game>
<game><path>./Atari 5200 NoIntro/Tempest (USA) (Proto).zip</path><name>Tempest (USA) (Proto)</name><image>~/../thumbs/Atari - 5200/Named_Snaps/Tempest (USA) (Proto).png</image><titleshot>~/../thumbs/Atari - 5200/Named_Titles/Tempest (USA) (Proto).png</titleshot><thumbnail>~/../thumbs/Atari - 5200/Named_Boxarts/Tempest (USA) (Proto).png</thumbnail><marquee>~/../thumbs/Atari - 5200/Named_Logos/Tempest (USA) (Proto).png</marquee></game>
<game><path>./Atari 5200 NoIntro/Track and Field (USA) (Proto).zip</path><name>Track and Field (USA) (Proto)</name><image>~/../thumbs/Atari - 5200/Named_Snaps/Track and Field (USA) (Proto).png</image><titleshot>~/../thumbs/Atari - 5200/Named_Titles/Track and Field (USA) (Proto).png</titleshot><thumbnail>~/../thumbs/Atari - 5200/Named_Boxarts/Track and Field (USA) (Proto).png</thumbnail><marquee>~/../thumbs/Atari - 5200/Named_Logos/Track and Field (USA) (Proto).png</marquee></game>
<game><path>./Atari 5200 NoIntro/Vanguard (USA).zip</path><name>Vanguard (USA)</name><image>~/../thumbs/Atari - 5200/Named_Snaps/Vanguard (USA).png</image><titleshot>~/../thumbs/Atari - 5200/Named_Titles/Vanguard (USA).png</titleshot><thumbnail>~/../thumbs/Atari - 5200/Named_Boxarts/Vanguard (USA).png</thumbnail><marquee>~/../thumbs/Atari - 5200/Named_Logos/Vanguard (USA).png</marquee></game>
<game><path>./Atari 5200 NoIntro/Wizard of Wor (USA).zip</path><name>Wizard of Wor (USA)</name><image>~/../thumbs/Atari - 5200/Named_Snaps/Wizard of Wor (USA).png</image><titleshot>~/../thumbs/Atari - 5200/Named_Titles/Wizard of Wor (USA).png</titleshot><thumbnail>~/../thumbs/Atari - 5200/Named_Boxarts/Wizard of Wor (USA).png</thumbnail><marquee>~/../thumbs/Atari - 5200/Named_Logos/Wizard of Wor (USA).png</marquee></game>
<game><path>./Atari 5200 NoIntro/Xari Arena (USA) (Proto 2).zip</path><name>Xari Arena (USA) (Proto 2)</name><image>~/../thumbs/Atari - 5200/Named_Snaps/Xari Arena (USA) (Proto 2).png</image><titleshot>~/../thumbs/Atari - 5200/Named_Titles/Xari Arena (USA) (Proto 2).png</titleshot><thumbnail>~/../thumbs/Atari - 5200/Named_Boxarts/Xari Arena (USA) (Proto 2).png</thumbnail><marquee>~/../thumbs/Atari - 5200/Named_Logos/Xari Arena (USA) (Proto 2).png</marquee></game>
<game><path>./Atari 5200 NoIntro/Xari Arena (USA) (Proto).zip</path><name>Xari Arena (USA) (Proto)</name><image>~/../thumbs/Atari - 5200/Named_Snaps/Xari Arena (USA) (Proto).png</image><titleshot>~/../thumbs/Atari - 5200/Named_Titles/Xari Arena (USA) (Proto).png</titleshot><thumbnail>~/../thumbs/Atari - 5200/Named_Boxarts/Xari Arena (USA) (Proto).png</thumbnail><marquee>~/../thumbs/Atari - 5200/Named_Logos/Xari Arena (USA) (Proto).png</marquee></game>
<game><path>./Atari 5200 NoIntro/Xevious (USA) (Proto).zip</path><name>Xevious (USA) (Proto)</name><image>~/../thumbs/Atari - 5200/Named_Snaps/Xevious (USA) (Proto).png</image><titleshot>~/../thumbs/Atari - 5200/Named_Titles/Xevious (USA) (Proto).png</titleshot><thumbnail>~/../thumbs/Atari - 5200/Named_Boxarts/Xevious (USA) (Proto).png</thumbnail><marquee>~/../thumbs/Atari - 5200/Named_Logos/Xevious (USA) (Proto).png</marquee></game>
<game><path>./Atari 5200 NoIntro/Yellow Submarine (USA) (Demo).zip</path><name>Yellow Submarine (USA) (Demo)</name><image>~/../thumbs/Atari - 5200/Named_Snaps/Yellow Submarine (USA) (Demo).png</image><titleshot>~/../thumbs/Atari - 5200/Named_Titles/Yellow Submarine (USA) (Demo).png</titleshot><thumbnail>~/../thumbs/Atari - 5200/Named_Boxarts/Yellow Submarine (USA) (Demo).png</thumbnail><marquee>~/../thumbs/Atari - 5200/Named_Logos/Yellow Submarine (USA) (Demo).png</marquee><hidden>true</hidden></game>
<game><path>./Atari 5200 NoIntro/Zaxxon (USA).zip</path><name>Zaxxon (USA)</name><image>~/../thumbs/Atari - 5200/Named_Snaps/Zaxxon (USA).png</image><titleshot>~/../thumbs/Atari - 5200/Named_Titles/Zaxxon (USA).png</titleshot><thumbnail>~/../thumbs/Atari - 5200/Named_Boxarts/Zaxxon (USA).png</thumbnail><marquee>~/../thumbs/Atari - 5200/Named_Logos/Zaxxon (USA).png</marquee></game>
<game><path>./Atari 5200 NoIntro/Zenji (USA).zip</path><name>Zenji (USA)</name><image>~/../thumbs/Atari - 5200/Named_Snaps/Zenji (USA).png</image><titleshot>~/../thumbs/Atari - 5200/Named_Titles/Zenji (USA).png</titleshot><thumbnail>~/../thumbs/Atari - 5200/Named_Boxarts/Zenji (USA).png</thumbnail><marquee>~/../thumbs/Atari - 5200/Named_Logos/Zenji (USA).png</marquee></game>
<game><path>./Atari 5200 NoIntro/Zone Ranger (USA).zip</path><name>Zone Ranger (USA)</name><image>~/../thumbs/Atari - 5200/Named_Snaps/Zone Ranger (USA).png</image><titleshot>~/../thumbs/Atari - 5200/Named_Titles/Zone Ranger (USA).png</titleshot><thumbnail>~/../thumbs/Atari - 5200/Named_Boxarts/Zone Ranger (USA).png</thumbnail><marquee>~/../thumbs/Atari - 5200/Named_Logos/Zone Ranger (USA).png</marquee></game>
<game><path>./Atari 5200 NoIntro/[BIOS] Atari 5200 (USA).zip</path><name>[BIOS] Atari 5200 (USA)</name><image>~/../thumbs/Atari - 5200/Named_Snaps/[BIOS] Atari 5200 (USA).png</image><titleshot>~/../thumbs/Atari - 5200/Named_Titles/[BIOS] Atari 5200 (USA).png</titleshot><thumbnail>~/../thumbs/Atari - 5200/Named_Boxarts/[BIOS] Atari 5200 (USA).png</thumbnail><marquee>~/../thumbs/Atari - 5200/Named_Logos/[BIOS] Atari 5200 (USA).png</marquee><hidden>true</hidden></game>
<folder><path>./Atari 5200 NoIntro</path><name>Atari 5200 NoIntro</name><image>~/../thumb/atari5200.png</image></folder>
<game><path>./Atari 5200 TOSEC//home/runner/rom/TOSEC/Atari/5200/Games/Atari 5200 - Games.zip</path><name>/home/runner/rom/TOSEC/Atari/5200/Games/Atari 5200 - Games</name><image>~/../thumbs/Atari - 5200/Named_Snaps//home/runner/rom/TOSEC/Atari/5200/Games/Atari 5200 - Games.png</image><titleshot>~/../thumbs/Atari - 5200/Named_Titles//home/runner/rom/TOSEC/Atari/5200/Games/Atari 5200 - Games.png</titleshot><thumbnail>~/../thumbs/Atari - 5200/Named_Boxarts//home/runner/rom/TOSEC/Atari/5200/Games/Atari 5200 - Games.png</thumbnail><marquee>~/../thumbs/Atari - 5200/Named_Logos//home/runner/rom/TOSEC/Atari/5200/Games/Atari 5200 - Games.png</marquee></game>
<folder><path>./Atari 5200 TOSEC</path><name>Atari 5200 TOSEC</name><image>~/../thumb/atari5200.png</image></folder>
</gameList>
