<gameList>
<game><path>./Fairchild Channel F NoIntro/Alien Invasion (USA).zip</path><name>Alien Invasion (USA)</name><image>~/../thumbs/Fairchild - Channel F/Named_Snaps/Alien Invasion (USA).png</image><titleshot>~/../thumbs/Fairchild - Channel F/Named_Titles/Alien Invasion (USA).png</titleshot><thumbnail>~/../thumbs/Fairchild - Channel F/Named_Boxarts/Alien Invasion (USA).png</thumbnail><marquee>~/../thumbs/Fairchild - Channel F/Named_Logos/Alien Invasion (USA).png</marquee></game>
<game><path>./Fairchild Channel F NoIntro/Backgammon, Acey-Deucey (USA).zip</path><name>Backgammon, Acey-Deucey (USA)</name><image>~/../thumbs/Fairchild - Channel F/Named_Snaps/Backgammon, Acey-Deucey (USA).png</image><titleshot>~/../thumbs/Fairchild - Channel F/Named_Titles/Backgammon, Acey-Deucey (USA).png</titleshot><thumbnail>~/../thumbs/Fairchild - Channel F/Named_Boxarts/Backgammon, Acey-Deucey (USA).png</thumbnail><marquee>~/../thumbs/Fairchild - Channel F/Named_Logos/Backgammon, Acey-Deucey (USA).png</marquee></game>
<game><path>./Fairchild Channel F NoIntro/Baseball (USA).zip</path><name>Baseball (USA)</name><image>~/../thumbs/Fairchild - Channel F/Named_Snaps/Baseball (USA).png</image><titleshot>~/../thumbs/Fairchild - Channel F/Named_Titles/Baseball (USA).png</titleshot><thumbnail>~/../thumbs/Fairchild - Channel F/Named_Boxarts/Baseball (USA).png</thumbnail><marquee>~/../thumbs/Fairchild - Channel F/Named_Logos/Baseball (USA).png</marquee></game>
<game><path>./Fairchild Channel F NoIntro/Bowling (USA).zip</path><name>Bowling (USA)</name><image>~/../thumbs/Fairchild - Channel F/Named_Snaps/Bowling (USA).png</image><titleshot>~/../thumbs/Fairchild - Channel F/Named_Titles/Bowling (USA).png</titleshot><thumbnail>~/../thumbs/Fairchild - Channel F/Named_Boxarts/Bowling (USA).png</thumbnail><marquee>~/../thumbs/Fairchild - Channel F/Named_Logos/Bowling (USA).png</marquee></game>
<game><path>./Fairchild Channel F NoIntro/Casino Poker (USA).zip</path><name>Casino Poker (USA)</name><image>~/../thumbs/Fairchild - Channel F/Named_Snaps/Casino Poker (USA).png</image><titleshot>~/../thumbs/Fairchild - Channel F/Named_Titles/Casino Poker (USA).png</titleshot><thumbnail>~/../thumbs/Fairchild - Channel F/Named_Boxarts/Casino Poker (USA).png</thumbnail><marquee>~/../thumbs/Fairchild - Channel F/Named_Logos/Casino Poker (USA).png</marquee></game>
<game><path>./Fairchild Channel F NoIntro/Checkers (USA).zip</path><name>Checkers (USA)</name><image>~/../thumbs/Fairchild - Channel F/Named_Snaps/Checkers (USA).png</image><titleshot>~/../thumbs/Fairchild - Channel F/Named_Titles/Checkers (USA).png</titleshot><thumbnail>~/../thumbs/Fairchild - Channel F/Named_Boxarts/Checkers (USA).png</thumbnail><marquee>~/../thumbs/Fairchild - Channel F/Named_Logos/Checkers (USA).png</marquee></game>
<game><path>./Fairchild Channel F NoIntro/Demonstration Cartridge (USA).zip</path><name>Demonstration Cartridge (USA)</name><image>~/../thumbs/Fairchild - Channel F/Named_Snaps/Demonstration Cartridge (USA).png</image><titleshot>~/../thumbs/Fairchild - Channel F/Named_Titles/Demonstration Cartridge (USA).png</titleshot><thumbnail>~/../thumbs/Fairchild - Channel F/Named_Boxarts/Demonstration Cartridge (USA).png</thumbnail><marquee>~/../thumbs/Fairchild - Channel F/Named_Logos/Demonstration Cartridge (USA).png</marquee></game>
<game><path>./Fairchild Channel F NoIntro/Demonstration Cartridge 2 (USA).zip</path><name>Demonstration Cartridge 2 (USA)</name><image>~/../thumbs/Fairchild - Channel F/Named_Snaps/Demonstration Cartridge 2 (USA).png</image><titleshot>~/../thumbs/Fairchild - Channel F/Named_Titles/Demonstration Cartridge 2 (USA).png</titleshot><thumbnail>~/../thumbs/Fairchild - Channel F/Named_Boxarts/Demonstration Cartridge 2 (USA).png</thumbnail><marquee>~/../thumbs/Fairchild - Channel F/Named_Logos/Demonstration Cartridge 2 (USA).png</marquee></game>
<game><path>./Fairchild Channel F NoIntro/Desert Fox, Shooting Gallery (USA).zip</path><name>Desert Fox, Shooting Gallery (USA)</name><image>~/../thumbs/Fairchild - Channel F/Named_Snaps/Desert Fox, Shooting Gallery (USA).png</image><titleshot>~/../thumbs/Fairchild - Channel F/Named_Titles/Desert Fox, Shooting Gallery (USA).png</titleshot><thumbnail>~/../thumbs/Fairchild - Channel F/Named_Boxarts/Desert Fox, Shooting Gallery (USA).png</thumbnail><marquee>~/../thumbs/Fairchild - Channel F/Named_Logos/Desert Fox, Shooting Gallery (USA).png</marquee></game>
<game><path>./Fairchild Channel F NoIntro/Dodge It (USA).zip</path><name>Dodge It (USA)</name><image>~/../thumbs/Fairchild - Channel F/Named_Snaps/Dodge It (USA).png</image><titleshot>~/../thumbs/Fairchild - Channel F/Named_Titles/Dodge It (USA).png</titleshot><thumbnail>~/../thumbs/Fairchild - Channel F/Named_Boxarts/Dodge It (USA).png</thumbnail><marquee>~/../thumbs/Fairchild - Channel F/Named_Logos/Dodge It (USA).png</marquee></game>
<game><path>./Fairchild Channel F NoIntro/Drag Race (USA).zip</path><name>Drag Race (USA)</name><image>~/../thumbs/Fairchild - Channel F/Named_Snaps/Drag Race (USA).png</image><titleshot>~/../thumbs/Fairchild - Channel F/Named_Titles/Drag Race (USA).png</titleshot><thumbnail>~/../thumbs/Fairchild - Channel F/Named_Boxarts/Drag Race (USA).png</thumbnail><marquee>~/../thumbs/Fairchild - Channel F/Named_Logos/Drag Race (USA).png</marquee></game>
<game><path>./Fairchild Channel F NoIntro/Galactic Space Wars, Lunar Lander (USA).zip</path><name>Galactic Space Wars, Lunar Lander (USA)</name><image>~/../thumbs/Fairchild - Channel F/Named_Snaps/Galactic Space Wars, Lunar Lander (USA).png</image><titleshot>~/../thumbs/Fairchild - Channel F/Named_Titles/Galactic Space Wars, Lunar Lander (USA).png</titleshot><thumbnail>~/../thumbs/Fairchild - Channel F/Named_Boxarts/Galactic Space Wars, Lunar Lander (USA).png</thumbnail><marquee>~/../thumbs/Fairchild - Channel F/Named_Logos/Galactic Space Wars, Lunar Lander (USA).png</marquee></game>
<game><path>./Fairchild Channel F NoIntro/Hangman (USA).zip</path><name>Hangman (USA)</name><image>~/../thumbs/Fairchild - Channel F/Named_Snaps/Hangman (USA).png</image><titleshot>~/../thumbs/Fairchild - Channel F/Named_Titles/Hangman (USA).png</titleshot><thumbnail>~/../thumbs/Fairchild - Channel F/Named_Boxarts/Hangman (USA).png</thumbnail><marquee>~/../thumbs/Fairchild - Channel F/Named_Logos/Hangman (USA).png</marquee></game>
<game><path>./Fairchild Channel F NoIntro/Magic Numbers - Mind Reader + Nim (USA).zip</path><name>Magic Numbers - Mind Reader + Nim (USA)</name><image>~/../thumbs/Fairchild - Channel F/Named_Snaps/Magic Numbers - Mind Reader + Nim (USA).png</image><titleshot>~/../thumbs/Fairchild - Channel F/Named_Titles/Magic Numbers - Mind Reader + Nim (USA).png</titleshot><thumbnail>~/../thumbs/Fairchild - Channel F/Named_Boxarts/Magic Numbers - Mind Reader + Nim (USA).png</thumbnail><marquee>~/../thumbs/Fairchild - Channel F/Named_Logos/Magic Numbers - Mind Reader + Nim (USA).png</marquee></game>
<game><path>./Fairchild Channel F NoIntro/Math Quiz I - Addition + Subtraction (USA).zip</path><name>Math Quiz I - Addition + Subtraction (USA)</name><image>~/../thumbs/Fairchild - Channel F/Named_Snaps/Math Quiz I - Addition + Subtraction (USA).png</image><titleshot>~/../thumbs/Fairchild - Channel F/Named_Titles/Math Quiz I - Addition + Subtraction (USA).png</titleshot><thumbnail>~/../thumbs/Fairchild - Channel F/Named_Boxarts/Math Quiz I - Addition + Subtraction (USA).png</thumbnail><marquee>~/../thumbs/Fairchild - Channel F/Named_Logos/Math Quiz I - Addition + Subtraction (USA).png</marquee></game>
<game><path>./Fairchild Channel F NoIntro/Math Quiz II - Multiplication + Division (USA).zip</path><name>Math Quiz II - Multiplication + Division (USA)</name><image>~/../thumbs/Fairchild - Channel F/Named_Snaps/Math Quiz II - Multiplication + Division (USA).png</image><titleshot>~/../thumbs/Fairchild - Channel F/Named_Titles/Math Quiz II - Multiplication + Division (USA).png</titleshot><thumbnail>~/../thumbs/Fairchild - Channel F/Named_Boxarts/Math Quiz II - Multiplication + Division (USA).png</thumbnail><marquee>~/../thumbs/Fairchild - Channel F/Named_Logos/Math Quiz II - Multiplication + Division (USA).png</marquee></game>
<game><path>./Fairchild Channel F NoIntro/Maze, Jailbreak, Blind-man's-bluff, Trailblazer (USA) (Alt).zip</path><name>Maze, Jailbreak, Blind-man's-bluff, Trailblazer (USA) (Alt)</name><image>~/../thumbs/Fairchild - Channel F/Named_Snaps/Maze, Jailbreak, Blind-man's-bluff, Trailblazer (USA) (Alt).png</image><titleshot>~/../thumbs/Fairchild - Channel F/Named_Titles/Maze, Jailbreak, Blind-man's-bluff, Trailblazer (USA) (Alt).png</titleshot><thumbnail>~/../thumbs/Fairchild - Channel F/Named_Boxarts/Maze, Jailbreak, Blind-man's-bluff, Trailblazer (USA) (Alt).png</thumbnail><marquee>~/../thumbs/Fairchild - Channel F/Named_Logos/Maze, Jailbreak, Blind-man's-bluff, Trailblazer (USA) (Alt).png</marquee><hidden>true</hidden></game>
<game><path>./Fairchild Channel F NoIntro/Maze, Jailbreak, Blind-man's-bluff, Trailblazer (USA).zip</path><name>Maze, Jailbreak, Blind-man's-bluff, Trailblazer (USA)</name><image>~/../thumbs/Fairchild - Channel F/Named_Snaps/Maze, Jailbreak, Blind-man's-bluff, Trailblazer (USA).png</image><titleshot>~/../thumbs/Fairchild - Channel F/Named_Titles/Maze, Jailbreak, Blind-man's-bluff, Trailblazer (USA).png</titleshot><thumbnail>~/../thumbs/Fairchild - Channel F/Named_Boxarts/Maze, Jailbreak, Blind-man's-bluff, Trailblazer (USA).png</thumbnail><marquee>~/../thumbs/Fairchild - Channel F/Named_Logos/Maze, Jailbreak, Blind-man's-bluff, Trailblazer (USA).png</marquee></game>
<game><path>./Fairchild Channel F NoIntro/Memory Match 1 & 2 (USA).zip</path><name>Memory Match 1 & 2 (USA)</name><image>~/../thumbs/Fairchild - Channel F/Named_Snaps/Memory Match 1 & 2 (USA).png</image><titleshot>~/../thumbs/Fairchild - Channel F/Named_Titles/Memory Match 1 & 2 (USA).png</titleshot><thumbnail>~/../thumbs/Fairchild - Channel F/Named_Boxarts/Memory Match 1 & 2 (USA).png</thumbnail><marquee>~/../thumbs/Fairchild - Channel F/Named_Logos/Memory Match 1 & 2 (USA).png</marquee></game>
<game><path>./Fairchild Channel F NoIntro/Muehle, Tontauben-Schiessen, Kreatives Malspiel, Videoscope (Germany).zip</path><name>Muehle, Tontauben-Schiessen, Kreatives Malspiel, Videoscope (Germany)</name><image>~/../thumbs/Fairchild - Channel F/Named_Snaps/Muehle, Tontauben-Schiessen, Kreatives Malspiel, Videoscope (Germany).png</image><titleshot>~/../thumbs/Fairchild - Channel F/Named_Titles/Muehle, Tontauben-Schiessen, Kreatives Malspiel, Videoscope (Germany).png</titleshot><thumbnail>~/../thumbs/Fairchild - Channel F/Named_Boxarts/Muehle, Tontauben-Schiessen, Kreatives Malspiel, Videoscope (Germany).png</thumbnail><marquee>~/../thumbs/Fairchild - Channel F/Named_Logos/Muehle, Tontauben-Schiessen, Kreatives Malspiel, Videoscope (Germany).png</marquee></game>
<game><path>./Fairchild Channel F NoIntro/Ordtaevling (Sweden).zip</path><name>Ordtaevling (Sweden)</name><image>~/../thumbs/Fairchild - Channel F/Named_Snaps/Ordtaevling (Sweden).png</image><titleshot>~/../thumbs/Fairchild - Channel F/Named_Titles/Ordtaevling (Sweden).png</titleshot><thumbnail>~/../thumbs/Fairchild - Channel F/Named_Boxarts/Ordtaevling (Sweden).png</thumbnail><marquee>~/../thumbs/Fairchild - Channel F/Named_Logos/Ordtaevling (Sweden).png</marquee></game>
<game><path>./Fairchild Channel F NoIntro/Pinball Challenge (USA) (Alt).zip</path><name>Pinball Challenge (USA) (Alt)</name><image>~/../thumbs/Fairchild - Channel F/Named_Snaps/Pinball Challenge (USA) (Alt).png</image><titleshot>~/../thumbs/Fairchild - Channel F/Named_Titles/Pinball Challenge (USA) (Alt).png</titleshot><thumbnail>~/../thumbs/Fairchild - Channel F/Named_Boxarts/Pinball Challenge (USA) (Alt).png</thumbnail><marquee>~/../thumbs/Fairchild - Channel F/Named_Logos/Pinball Challenge (USA) (Alt).png</marquee><hidden>true</hidden></game>
<game><path>./Fairchild Channel F NoIntro/Pinball Challenge (USA).zip</path><name>Pinball Challenge (USA)</name><image>~/../thumbs/Fairchild - Channel F/Named_Snaps/Pinball Challenge (USA).png</image><titleshot>~/../thumbs/Fairchild - Channel F/Named_Titles/Pinball Challenge (USA).png</titleshot><thumbnail>~/../thumbs/Fairchild - Channel F/Named_Boxarts/Pinball Challenge (USA).png</thumbnail><marquee>~/../thumbs/Fairchild - Channel F/Named_Logos/Pinball Challenge (USA).png</marquee></game>
<game><path>./Fairchild Channel F NoIntro/Pro Football (USA).zip</path><name>Pro Football (USA)</name><image>~/../thumbs/Fairchild - Channel F/Named_Snaps/Pro Football (USA).png</image><titleshot>~/../thumbs/Fairchild - Channel F/Named_Titles/Pro Football (USA).png</titleshot><thumbnail>~/../thumbs/Fairchild - Channel F/Named_Boxarts/Pro Football (USA).png</thumbnail><marquee>~/../thumbs/Fairchild - Channel F/Named_Logos/Pro Football (USA).png</marquee></game>
<game><path>./Fairchild Channel F NoIntro/Rat' Mal (Germany).zip</path><name>Rat' Mal (Germany)</name><image>~/../thumbs/Fairchild - Channel F/Named_Snaps/Rat' Mal (Germany).png</image><titleshot>~/../thumbs/Fairchild - Channel F/Named_Titles/Rat' Mal (Germany).png</titleshot><thumbnail>~/../thumbs/Fairchild - Channel F/Named_Boxarts/Rat' Mal (Germany).png</thumbnail><marquee>~/../thumbs/Fairchild - Channel F/Named_Logos/Rat' Mal (Germany).png</marquee></game>
<game><path>./Fairchild Channel F NoIntro/Robot War, Torpedo Alley (USA).zip</path><name>Robot War, Torpedo Alley (USA)</name><image>~/../thumbs/Fairchild - Channel F/Named_Snaps/Robot War, Torpedo Alley (USA).png</image><titleshot>~/../thumbs/Fairchild - Channel F/Named_Titles/Robot War, Torpedo Alley (USA).png</titleshot><thumbnail>~/../thumbs/Fairchild - Channel F/Named_Boxarts/Robot War, Torpedo Alley (USA).png</thumbnail><marquee>~/../thumbs/Fairchild - Channel F/Named_Logos/Robot War, Torpedo Alley (USA).png</marquee></game>
<game><path>./Fairchild Channel F NoIntro/Schach (Germany).zip</path><name>Schach (Germany)</name><image>~/../thumbs/Fairchild - Channel F/Named_Snaps/Schach (Germany).png</image><titleshot>~/../thumbs/Fairchild - Channel F/Named_Titles/Schach (Germany).png</titleshot><thumbnail>~/../thumbs/Fairchild - Channel F/Named_Boxarts/Schach (Germany).png</thumbnail><marquee>~/../thumbs/Fairchild - Channel F/Named_Logos/Schach (Germany).png</marquee></game>
<game><path>./Fairchild Channel F NoIntro/Slot Machine (USA).zip</path><name>Slot Machine (USA)</name><image>~/../thumbs/Fairchild - Channel F/Named_Snaps/Slot Machine (USA).png</image><titleshot>~/../thumbs/Fairchild - Channel F/Named_Titles/Slot Machine (USA).png</titleshot><thumbnail>~/../thumbs/Fairchild - Channel F/Named_Boxarts/Slot Machine (USA).png</thumbnail><marquee>~/../thumbs/Fairchild - Channel F/Named_Logos/Slot Machine (USA).png</marquee></game>
<game><path>./Fairchild Channel F NoIntro/Sonar Search (USA).zip</path><name>Sonar Search (USA)</name><image>~/../thumbs/Fairchild - Channel F/Named_Snaps/Sonar Search (USA).png</image><titleshot>~/../thumbs/Fairchild - Channel F/Named_Titles/Sonar Search (USA).png</titleshot><thumbnail>~/../thumbs/Fairchild - Channel F/Named_Boxarts/Sonar Search (USA).png</thumbnail><marquee>~/../thumbs/Fairchild - Channel F/Named_Logos/Sonar Search (USA).png</marquee></game>
<game><path>./Fairchild Channel F NoIntro/Space War (USA).zip</path><name>Space War (USA)</name><image>~/../thumbs/Fairchild - Channel F/Named_Snaps/Space War (USA).png</image><titleshot>~/../thumbs/Fairchild - Channel F/Named_Titles/Space War (USA).png</titleshot><thumbnail>~/../thumbs/Fairchild - Channel F/Named_Boxarts/Space War (USA).png</thumbnail><marquee>~/../thumbs/Fairchild - Channel F/Named_Logos/Space War (USA).png</marquee></game>
<game><path>./Fairchild Channel F NoIntro/Spitfire (USA).zip</path><name>Spitfire (USA)</name><image>~/../thumbs/Fairchild - Channel F/Named_Snaps/Spitfire (USA).png</image><titleshot>~/../thumbs/Fairchild - Channel F/Named_Titles/Spitfire (USA).png</titleshot><thumbnail>~/../thumbs/Fairchild - Channel F/Named_Boxarts/Spitfire (USA).png</thumbnail><marquee>~/../thumbs/Fairchild - Channel F/Named_Logos/Spitfire (USA).png</marquee></game>
<game><path>./Fairchild Channel F NoIntro/Tic-Tac-Toe, Shooting Gallery, Doodle, Quadra-Doodle (USA).zip</path><name>Tic-Tac-Toe, Shooting Gallery, Doodle, Quadra-Doodle (USA)</name><image>~/../thumbs/Fairchild - Channel F/Named_Snaps/Tic-Tac-Toe, Shooting Gallery, Doodle, Quadra-Doodle (USA).png</image><titleshot>~/../thumbs/Fairchild - Channel F/Named_Titles/Tic-Tac-Toe, Shooting Gallery, Doodle, Quadra-Doodle (USA).png</titleshot><thumbnail>~/../thumbs/Fairchild - Channel F/Named_Boxarts/Tic-Tac-Toe, Shooting Gallery, Doodle, Quadra-Doodle (USA).png</thumbnail><marquee>~/../thumbs/Fairchild - Channel F/Named_Logos/Tic-Tac-Toe, Shooting Gallery, Doodle, Quadra-Doodle (USA).png</marquee></game>
<game><path>./Fairchild Channel F NoIntro/Video Blackjack (USA).zip</path><name>Video Blackjack (USA)</name><image>~/../thumbs/Fairchild - Channel F/Named_Snaps/Video Blackjack (USA).png</image><titleshot>~/../thumbs/Fairchild - Channel F/Named_Titles/Video Blackjack (USA).png</titleshot><thumbnail>~/../thumbs/Fairchild - Channel F/Named_Boxarts/Video Blackjack (USA).png</thumbnail><marquee>~/../thumbs/Fairchild - Channel F/Named_Logos/Video Blackjack (USA).png</marquee></game>
<game><path>./Fairchild Channel F NoIntro/Video Whizball (USA).zip</path><name>Video Whizball (USA)</name><image>~/../thumbs/Fairchild - Channel F/Named_Snaps/Video Whizball (USA).png</image><titleshot>~/../thumbs/Fairchild - Channel F/Named_Titles/Video Whizball (USA).png</titleshot><thumbnail>~/../thumbs/Fairchild - Channel F/Named_Boxarts/Video Whizball (USA).png</thumbnail><marquee>~/../thumbs/Fairchild - Channel F/Named_Logos/Video Whizball (USA).png</marquee></game>
<game><path>./Fairchild Channel F NoIntro/[BIOS] Fairchild Channel F (USA) (SL31253).zip</path><name>[BIOS] Fairchild Channel F (USA) (SL31253)</name><image>~/../thumbs/Fairchild - Channel F/Named_Snaps/[BIOS] Fairchild Channel F (USA) (SL31253).png</image><titleshot>~/../thumbs/Fairchild - Channel F/Named_Titles/[BIOS] Fairchild Channel F (USA) (SL31253).png</titleshot><thumbnail>~/../thumbs/Fairchild - Channel F/Named_Boxarts/[BIOS] Fairchild Channel F (USA) (SL31253).png</thumbnail><marquee>~/../thumbs/Fairchild - Channel F/Named_Logos/[BIOS] Fairchild Channel F (USA) (SL31253).png</marquee><hidden>true</hidden></game>
<game><path>./Fairchild Channel F NoIntro/[BIOS] Fairchild Channel F (USA) (SL31254).zip</path><name>[BIOS] Fairchild Channel F (USA) (SL31254)</name><image>~/../thumbs/Fairchild - Channel F/Named_Snaps/[BIOS] Fairchild Channel F (USA) (SL31254).png</image><titleshot>~/../thumbs/Fairchild - Channel F/Named_Titles/[BIOS] Fairchild Channel F (USA) (SL31254).png</titleshot><thumbnail>~/../thumbs/Fairchild - Channel F/Named_Boxarts/[BIOS] Fairchild Channel F (USA) (SL31254).png</thumbnail><marquee>~/../thumbs/Fairchild - Channel F/Named_Logos/[BIOS] Fairchild Channel F (USA) (SL31254).png</marquee><hidden>true</hidden></game>
<game><path>./Fairchild Channel F NoIntro/[BIOS] Fairchild Channel F (USA) (SL90025).zip</path><name>[BIOS] Fairchild Channel F (USA) (SL90025)</name><image>~/../thumbs/Fairchild - Channel F/Named_Snaps/[BIOS] Fairchild Channel F (USA) (SL90025).png</image><titleshot>~/../thumbs/Fairchild - Channel F/Named_Titles/[BIOS] Fairchild Channel F (USA) (SL90025).png</titleshot><thumbnail>~/../thumbs/Fairchild - Channel F/Named_Boxarts/[BIOS] Fairchild Channel F (USA) (SL90025).png</thumbnail><marquee>~/../thumbs/Fairchild - Channel F/Named_Logos/[BIOS] Fairchild Channel F (USA) (SL90025).png</marquee><hidden>true</hidden></game>
<folder><path>./Fairchild Channel F NoIntro</path><name>Fairchild Channel F NoIntro</name><image>~/../thumb/channelf.png</image></folder>
<game><path>./Fairchild Channel F TOSEC//home/runner/rom/TOSEC/Fairchild/VES & Channel F/Games/Fairchild VES & Channel F - Games.zip</path><name>/home/runner/rom/TOSEC/Fairchild/VES & Channel F/Games/Fairchild VES & Channel F - Games</name><image>~/../thumbs/Fairchild - Channel F/Named_Snaps//home/runner/rom/TOSEC/Fairchild/VES & Channel F/Games/Fairchild VES & Channel F - Games.png</image><titleshot>~/../thumbs/Fairchild - Channel F/Named_Titles//home/runner/rom/TOSEC/Fairchild/VES & Channel F/Games/Fairchild VES & Channel F - Games.png</titleshot><thumbnail>~/../thumbs/Fairchild - Channel F/Named_Boxarts//home/runner/rom/TOSEC/Fairchild/VES & Channel F/Games/Fairchild VES & Channel F - Games.png</thumbnail><marquee>~/../thumbs/Fairchild - Channel F/Named_Logos//home/runner/rom/TOSEC/Fairchild/VES & Channel F/Games/Fairchild VES & Channel F - Games.png</marquee></game>
<folder><path>./Fairchild Channel F TOSEC</path><name>Fairchild Channel F TOSEC</name><image>~/../thumb/channelf.png</image></folder>
</gameList>
