<gameList>
<game><path>./Fairchild Channel F NoIntro/Alien Invasion (USA).zip</path><name>Alien Invasion (USA)</name><image>~/../thumbs/Fairchild - Channel F/Named_Snaps/Alien Invasion (USA).png</image><titleshot>~/../thumbs/Fairchild - Channel F/Named_Titles/Alien Invasion (USA).png</titleshot><thumbnail>~/../thumbs/Fairchild - Channel F/Named_Boxarts/Alien Invasion (USA).png</thumbnail><marquee>~/../thumbs/Fairchild - Channel F/Named_Logos/Alien Invasion (USA).png</marquee></game>
<game><path>./Fairchild Channel F NoIntro/Backgammon, Acey-Deucey (USA).zip</path><name>Backgammon, Acey-Deucey (USA)</name><image>~/../thumbs/Fairchild - Channel F/Named_Snaps/Backgammon, Acey-Deucey (USA).png</image><titleshot>~/../thumbs/Fairchild - Channel F/Named_Titles/Backgammon, Acey-Deucey (USA).png</titleshot><thumbnail>~/../thumbs/Fairchild - Channel F/Named_Boxarts/Backgammon, Acey-Deucey (USA).png</thumbnail><marquee>~/../thumbs/Fairchild - Channel F/Named_Logos/Backgammon, Acey-Deucey (USA).png</marquee></game>
<game><path>./Fairchild Channel F NoIntro/Baseball (USA).zip</path><name>Baseball (USA)</name><image>~/../thumbs/Fairchild - Channel F/Named_Snaps/Baseball (USA).png</image><titleshot>~/../thumbs/Fairchild - Channel F/Named_Titles/Baseball (USA).png</titleshot><thumbnail>~/../thumbs/Fairchild - Channel F/Named_Boxarts/Baseball (USA).png</thumbnail><marquee>~/../thumbs/Fairchild - Channel F/Named_Logos/Baseball (USA).png</marquee></game>
<game><path>./Fairchild Channel F NoIntro/Bowling (USA).zip</path><name>Bowling (USA)</name><image>~/../thumbs/Fairchild - Channel F/Named_Snaps/Bowling (USA).png</image><titleshot>~/../thumbs/Fairchild - Channel F/Named_Titles/Bowling (USA).png</titleshot><thumbnail>~/../thumbs/Fairchild - Channel F/Named_Boxarts/Bowling (USA).png</thumbnail><marquee>~/../thumbs/Fairchild - Channel F/Named_Logos/Bowling (USA).png</marquee></game>
<game><path>./Fairchild Channel F NoIntro/Casino Poker (USA).zip</path><name>Casino Poker (USA)</name><image>~/../thumbs/Fairchild - Channel F/Named_Snaps/Casino Poker (USA).png</image><titleshot>~/../thumbs/Fairchild - Channel F/Named_Titles/Casino Poker (USA).png</titleshot><thumbnail>~/../thumbs/Fairchild - Channel F/Named_Boxarts/Casino Poker (USA).png</thumbnail><marquee>~/../thumbs/Fairchild - Channel F/Named_Logos/Casino Poker (USA).png</marquee></game>
<game><path>./Fairchild Channel F NoIntro/Checkers (USA).zip</path><name>Checkers (USA)</name><image>~/../thumbs/Fairchild - Channel F/Named_Snaps/Checkers (USA).png</image><titleshot>~/../thumbs/Fairchild - Channel F/Named_Titles/Checkers (USA).png</titleshot><thumbnail>~/../thumbs/Fairchild - Channel F/Named_Boxarts/Checkers (USA).png</thumbnail><marquee>~/../thumbs/Fairchild - Channel F/Named_Logos/Checkers (USA).png</marquee></game>
<game><path>./Fairchild Channel F NoIntro/Demonstration Cartridge (USA).zip</path><name>Demonstration Cartridge (USA)</name><image>~/../thumbs/Fairchild - Channel F/Named_Snaps/Demonstration Cartridge (USA).png</image><titleshot>~/../thumbs/Fairchild - Channel F/Named_Titles/Demonstration Cartridge (USA).png</titleshot><thumbnail>~/../thumbs/Fairchild - Channel F/Named_Boxarts/Demonstration Cartridge (USA).png</thumbnail><marquee>~/../thumbs/Fairchild - Channel F/Named_Logos/Demonstration Cartridge (USA).png</marquee></game>
<game><path>./Fairchild Channel F NoIntro/Demonstration Cartridge 2 (USA).zip</path><name>Demonstration Cartridge 2 (USA)</name><image>~/../thumbs/Fairchild - Channel F/Named_Snaps/Demonstration Cartridge 2 (USA).png</image><titleshot>~/../thumbs/Fairchild - Channel F/Named_Titles/Demonstration Cartridge 2 (USA).png</titleshot><thumbnail>~/../thumbs/Fairchild - Channel F/Named_Boxarts/Demonstration Cartridge 2 (USA).png</thumbnail><marquee>~/../thumbs/Fairchild - Channel F/Named_Logos/Demonstration Cartridge 2 (USA).png</marquee></game>
<game><path>./Fairchild Channel F NoIntro/Desert Fox, Shooting Gallery (USA).zip</path><name>Desert Fox, Shooting Gallery (USA)</name><image>~/../thumbs/Fairchild - Channel F/Named_Snaps/Desert Fox, Shooting Gallery (USA).png</image><titleshot>~/../thumbs/Fairchild - Channel F/Named_Titles/Desert Fox, Shooting Gallery (USA).png</titleshot><thumbnail>~/../thumbs/Fairchild - Channel F/Named_Boxarts/Desert Fox, Shooting Gallery (USA).png</thumbnail><marquee>~/../thumbs/Fairchild - Channel F/Named_Logos/Desert Fox, Shooting Gallery (USA).png</marquee></game>
<game><path>./Fairchild Channel F NoIntro/Dodge It (USA).zip</path><name>Dodge It (USA)</name><image>~/../thumbs/Fairchild - Channel F/Named_Snaps/Dodge It (USA).png</image><titleshot>~/../thumbs/Fairchild - Channel F/Named_Titles/Dodge It (USA).png</titleshot><thumbnail>~/../thumbs/Fairchild - Channel F/Named_Boxarts/Dodge It (USA).png</thumbnail><marquee>~/../thumbs/Fairchild - Channel F/Named_Logos/Dodge It (USA).png</marquee></game>
<game><path>./Fairchild Channel F NoIntro/Drag Race (USA).zip</path><name>Drag Race (USA)</name><image>~/../thumbs/Fairchild - Channel F/Named_Snaps/Drag Race (USA).png</image><titleshot>~/../thumbs/Fairchild - Channel F/Named_Titles/Drag Race (USA).png</titleshot><thumbnail>~/../thumbs/Fairchild - Channel F/Named_Boxarts/Drag Race (USA).png</thumbnail><marquee>~/../thumbs/Fairchild - Channel F/Named_Logos/Drag Race (USA).png</marquee></game>
<game><path>./Fairchild Channel F NoIntro/Galactic Space Wars, Lunar Lander (USA).zip</path><name>Galactic Space Wars, Lunar Lander (USA)</name><image>~/../thumbs/Fairchild - Channel F/Named_Snaps/Galactic Space Wars, Lunar Lander (USA).png</image><titleshot>~/../thumbs/Fairchild - Channel F/Named_Titles/Galactic Space Wars, Lunar Lander (USA).png</titleshot><thumbnail>~/../thumbs/Fairchild - Channel F/Named_Boxarts/Galactic Space Wars, Lunar Lander (USA).png</thumbnail><marquee>~/../thumbs/Fairchild - Channel F/Named_Logos/Galactic Space Wars, Lunar Lander (USA).png</marquee></game>
<game><path>./Fairchild Channel F NoIntro/Hangman (USA).zip</path><name>Hangman (USA)</name><image>~/../thumbs/Fairchild - Channel F/Named_Snaps/Hangman (USA).png</image><titleshot>~/../thumbs/Fairchild - Channel F/Named_Titles/Hangman (USA).png</titleshot><thumbnail>~/../thumbs/Fairchild - Channel F/Named_Boxarts/Hangman (USA).png</thumbnail><marquee>~/../thumbs/Fairchild - Channel F/Named_Logos/Hangman (USA).png</marquee></game>
<game><path>./Fairchild Channel F NoIntro/Magic Numbers - Mind Reader + Nim (USA).zip</path><name>Magic Numbers - Mind Reader + Nim (USA)</name><image>~/../thumbs/Fairchild - Channel F/Named_Snaps/Magic Numbers - Mind Reader + Nim (USA).png</image><titleshot>~/../thumbs/Fairchild - Channel F/Named_Titles/Magic Numbers - Mind Reader + Nim (USA).png</titleshot><thumbnail>~/../thumbs/Fairchild - Channel F/Named_Boxarts/Magic Numbers - Mind Reader + Nim (USA).png</thumbnail><marquee>~/../thumbs/Fairchild - Channel F/Named_Logos/Magic Numbers - Mind Reader + Nim (USA).png</marquee></game>
<game><path>./Fairchild Channel F NoIntro/Math Quiz I - Addition + Subtraction (USA).zip</path><name>Math Quiz I - Addition + Subtraction (USA)</name><image>~/../thumbs/Fairchild - Channel F/Named_Snaps/Math Quiz I - Addition + Subtraction (USA).png</image><titleshot>~/../thumbs/Fairchild - Channel F/Named_Titles/Math Quiz I - Addition + Subtraction (USA).png</titleshot><thumbnail>~/../thumbs/Fairchild - Channel F/Named_Boxarts/Math Quiz I - Addition + Subtraction (USA).png</thumbnail><marquee>~/../thumbs/Fairchild - Channel F/Named_Logos/Math Quiz I - Addition + Subtraction (USA).png</marquee></game>
<game><path>./Fairchild Channel F NoIntro/Math Quiz II - Multiplication + Division (USA).zip</path><name>Math Quiz II - Multiplication + Division (USA)</name><image>~/../thumbs/Fairchild - Channel F/Named_Snaps/Math Quiz II - Multiplication + Division (USA).png</image><titleshot>~/../thumbs/Fairchild - Channel F/Named_Titles/Math Quiz II - Multiplication + Division (USA).png</titleshot><thumbnail>~/../thumbs/Fairchild - Channel F/Named_Boxarts/Math Quiz II - Multiplication + Division (USA).png</thumbnail><marquee>~/../thumbs/Fairchild - Channel F/Named_Logos/Math Quiz II - Multiplication + Division (USA).png</marquee></game>
<game><path>./Fairchild Channel F NoIntro/Maze, Jailbreak, Blind-man's-bluff, Trailblazer (USA) (Alt).zip</path><name>Maze, Jailbreak, Blind-man's-bluff, Trailblazer (USA) (Alt)</name><image>~/../thumbs/Fairchild - Channel F/Named_Snaps/Maze, Jailbreak, Blind-man's-bluff, Trailblazer (USA) (Alt).png</image><titleshot>~/../thumbs/Fairchild - Channel F/Named_Titles/Maze, Jailbreak, Blind-man's-bluff, Trailblazer (USA) (Alt).png</titleshot><thumbnail>~/../thumbs/Fairchild - Channel F/Named_Boxarts/Maze, Jailbreak, Blind-man's-bluff, Trailblazer (USA) (Alt).png</thumbnail><marquee>~/../thumbs/Fairchild - Channel F/Named_Logos/Maze, Jailbreak, Blind-man's-bluff, Trailblazer (USA) (Alt).png</marquee><hidden>true</hidden></game>
<game><path>./Fairchild Channel F NoIntro/Maze, Jailbreak, Blind-man's-bluff, Trailblazer (USA).zip</path><name>Maze, Jailbreak, Blind-man's-bluff, Trailblazer (USA)</name><image>~/../thumbs/Fairchild - Channel F/Named_Snaps/Maze, Jailbreak, Blind-man's-bluff, Trailblazer (USA).png</image><titleshot>~/../thumbs/Fairchild - Channel F/Named_Titles/Maze, Jailbreak, Blind-man's-bluff, Trailblazer (USA).png</titleshot><thumbnail>~/../thumbs/Fairchild - Channel F/Named_Boxarts/Maze, Jailbreak, Blind-man's-bluff, Trailblazer (USA).png</thumbnail><marquee>~/../thumbs/Fairchild - Channel F/Named_Logos/Maze, Jailbreak, Blind-man's-bluff, Trailblazer (USA).png</marquee></game>
<game><path>./Fairchild Channel F NoIntro/Memory Match 1 & 2 (USA).zip</path><name>Memory Match 1 & 2 (USA)</name><image>~/../thumbs/Fairchild - Channel F/Named_Snaps/Memory Match 1 & 2 (USA).png</image><titleshot>~/../thumbs/Fairchild - Channel F/Named_Titles/Memory Match 1 & 2 (USA).png</titleshot><thumbnail>~/../thumbs/Fairchild - Channel F/Named_Boxarts/Memory Match 1 & 2 (USA).png</thumbnail><marquee>~/../thumbs/Fairchild - Channel F/Named_Logos/Memory Match 1 & 2 (USA).png</marquee></game>
<game><path>./Fairchild Channel F NoIntro/Muehle, Tontauben-Schiessen, Kreatives Malspiel, Videoscope (Germany).zip</path><name>Muehle, Tontauben-Schiessen, Kreatives Malspiel, Videoscope (Germany)</name><image>~/../thumbs/Fairchild - Channel F/Named_Snaps/Muehle, Tontauben-Schiessen, Kreatives Malspiel, Videoscope (Germany).png</image><titleshot>~/../thumbs/Fairchild - Channel F/Named_Titles/Muehle, Tontauben-Schiessen, Kreatives Malspiel, Videoscope (Germany).png</titleshot><thumbnail>~/../thumbs/Fairchild - Channel F/Named_Boxarts/Muehle, Tontauben-Schiessen, Kreatives Malspiel, Videoscope (Germany).png</thumbnail><marquee>~/../thumbs/Fairchild - Channel F/Named_Logos/Muehle, Tontauben-Schiessen, Kreatives Malspiel, Videoscope (Germany).png</marquee></game>
<game><path>./Fairchild Channel F NoIntro/Ordtaevling (Sweden).zip</path><name>Ordtaevling (Sweden)</name><image>~/../thumbs/Fairchild - Channel F/Named_Snaps/Ordtaevling (Sweden).png</image><titleshot>~/../thumbs/Fairchild - Channel F/Named_Titles/Ordtaevling (Sweden).png</titleshot><thumbnail>~/../thumbs/Fairchild - Channel F/Named_Boxarts/Ordtaevling (Sweden).png</thumbnail><marquee>~/../thumbs/Fairchild - Channel F/Named_Logos/Ordtaevling (Sweden).png</marquee></game>
<game><path>./Fairchild Channel F NoIntro/Pinball Challenge (USA) (Alt).zip</path><name>Pinball Challenge (USA) (Alt)</name><image>~/../thumbs/Fairchild - Channel F/Named_Snaps/Pinball Challenge (USA) (Alt).png</image><titleshot>~/../thumbs/Fairchild - Channel F/Named_Titles/Pinball Challenge (USA) (Alt).png</titleshot><thumbnail>~/../thumbs/Fairchild - Channel F/Named_Boxarts/Pinball Challenge (USA) (Alt).png</thumbnail><marquee>~/../thumbs/Fairchild - Channel F/Named_Logos/Pinball Challenge (USA) (Alt).png</marquee><hidden>true</hidden></game>
<game><path>./Fairchild Channel F NoIntro/Pinball Challenge (USA).zip</path><name>Pinball Challenge (USA)</name><image>~/../thumbs/Fairchild - Channel F/Named_Snaps/Pinball Challenge (USA).png</image><titleshot>~/../thumbs/Fairchild - Channel F/Named_Titles/Pinball Challenge (USA).png</titleshot><thumbnail>~/../thumbs/Fairchild - Channel F/Named_Boxarts/Pinball Challenge (USA).png</thumbnail><marquee>~/../thumbs/Fairchild - Channel F/Named_Logos/Pinball Challenge (USA).png</marquee></game>
<game><path>./Fairchild Channel F NoIntro/Pro Football (USA).zip</path><name>Pro Football (USA)</name><image>~/../thumbs/Fairchild - Channel F/Named_Snaps/Pro Football (USA).png</image><titleshot>~/../thumbs/Fairchild - Channel F/Named_Titles/Pro Football (USA).png</titleshot><thumbnail>~/../thumbs/Fairchild - Channel F/Named_Boxarts/Pro Football (USA).png</thumbnail><marquee>~/../thumbs/Fairchild - Channel F/Named_Logos/Pro Football (USA).png</marquee></game>
<game><path>./Fairchild Channel F NoIntro/Rat' Mal (Germany).zip</path><name>Rat' Mal (Germany)</name><image>~/../thumbs/Fairchild - Channel F/Named_Snaps/Rat' Mal (Germany).png</image><titleshot>~/../thumbs/Fairchild - Channel F/Named_Titles/Rat' Mal (Germany).png</titleshot><thumbnail>~/../thumbs/Fairchild - Channel F/Named_Boxarts/Rat' Mal (Germany).png</thumbnail><marquee>~/../thumbs/Fairchild - Channel F/Named_Logos/Rat' Mal (Germany).png</marquee></game>
<game><path>./Fairchild Channel F NoIntro/Robot War, Torpedo Alley (USA).zip</path><name>Robot War, Torpedo Alley (USA)</name><image>~/../thumbs/Fairchild - Channel F/Named_Snaps/Robot War, Torpedo Alley (USA).png</image><titleshot>~/../thumbs/Fairchild - Channel F/Named_Titles/Robot War, Torpedo Alley (USA).png</titleshot><thumbnail>~/../thumbs/Fairchild - Channel F/Named_Boxarts/Robot War, Torpedo Alley (USA).png</thumbnail><marquee>~/../thumbs/Fairchild - Channel F/Named_Logos/Robot War, Torpedo Alley (USA).png</marquee></game>
<game><path>./Fairchild Channel F NoIntro/Schach (Germany).zip</path><name>Schach (Germany)</name><image>~/../thumbs/Fairchild - Channel F/Named_Snaps/Schach (Germany).png</image><titleshot>~/../thumbs/Fairchild - Channel F/Named_Titles/Schach (Germany).png</titleshot><thumbnail>~/../thumbs/Fairchild - Channel F/Named_Boxarts/Schach (Germany).png</thumbnail><marquee>~/../thumbs/Fairchild - Channel F/Named_Logos/Schach (Germany).png</marquee></game>
<game><path>./Fairchild Channel F NoIntro/Slot Machine (USA).zip</path><name>Slot Machine (USA)</name><image>~/../thumbs/Fairchild - Channel F/Named_Snaps/Slot Machine (USA).png</image><titleshot>~/../thumbs/Fairchild - Channel F/Named_Titles/Slot Machine (USA).png</titleshot><thumbnail>~/../thumbs/Fairchild - Channel F/Named_Boxarts/Slot Machine (USA).png</thumbnail><marquee>~/../thumbs/Fairchild - Channel F/Named_Logos/Slot Machine (USA).png</marquee></game>
<game><path>./Fairchild Channel F NoIntro/Sonar Search (USA).zip</path><name>Sonar Search (USA)</name><image>~/../thumbs/Fairchild - Channel F/Named_Snaps/Sonar Search (USA).png</image><titleshot>~/../thumbs/Fairchild - Channel F/Named_Titles/Sonar Search (USA).png</titleshot><thumbnail>~/../thumbs/Fairchild - Channel F/Named_Boxarts/Sonar Search (USA).png</thumbnail><marquee>~/../thumbs/Fairchild - Channel F/Named_Logos/Sonar Search (USA).png</marquee></game>
<game><path>./Fairchild Channel F NoIntro/Space War (USA).zip</path><name>Space War (USA)</name><image>~/../thumbs/Fairchild - Channel F/Named_Snaps/Space War (USA).png</image><titleshot>~/../thumbs/Fairchild - Channel F/Named_Titles/Space War (USA).png</titleshot><thumbnail>~/../thumbs/Fairchild - Channel F/Named_Boxarts/Space War (USA).png</thumbnail><marquee>~/../thumbs/Fairchild - Channel F/Named_Logos/Space War (USA).png</marquee></game>
<game><path>./Fairchild Channel F NoIntro/Spitfire (USA).zip</path><name>Spitfire (USA)</name><image>~/../thumbs/Fairchild - Channel F/Named_Snaps/Spitfire (USA).png</image><titleshot>~/../thumbs/Fairchild - Channel F/Named_Titles/Spitfire (USA).png</titleshot><thumbnail>~/../thumbs/Fairchild - Channel F/Named_Boxarts/Spitfire (USA).png</thumbnail><marquee>~/../thumbs/Fairchild - Channel F/Named_Logos/Spitfire (USA).png</marquee></game>
<game><path>./Fairchild Channel F NoIntro/Tic-Tac-Toe, Shooting Gallery, Doodle, Quadra-Doodle (USA).zip</path><name>Tic-Tac-Toe, Shooting Gallery, Doodle, Quadra-Doodle (USA)</name><image>~/../thumbs/Fairchild - Channel F/Named_Snaps/Tic-Tac-Toe, Shooting Gallery, Doodle, Quadra-Doodle (USA).png</image><titleshot>~/../thumbs/Fairchild - Channel F/Named_Titles/Tic-Tac-Toe, Shooting Gallery, Doodle, Quadra-Doodle (USA).png</titleshot><thumbnail>~/../thumbs/Fairchild - Channel F/Named_Boxarts/Tic-Tac-Toe, Shooting Gallery, Doodle, Quadra-Doodle (USA).png</thumbnail><marquee>~/../thumbs/Fairchild - Channel F/Named_Logos/Tic-Tac-Toe, Shooting Gallery, Doodle, Quadra-Doodle (USA).png</marquee></game>
<game><path>./Fairchild Channel F NoIntro/Video Blackjack (USA).zip</path><name>Video Blackjack (USA)</name><image>~/../thumbs/Fairchild - Channel F/Named_Snaps/Video Blackjack (USA).png</image><titleshot>~/../thumbs/Fairchild - Channel F/Named_Titles/Video Blackjack (USA).png</titleshot><thumbnail>~/../thumbs/Fairchild - Channel F/Named_Boxarts/Video Blackjack (USA).png</thumbnail><marquee>~/../thumbs/Fairchild - Channel F/Named_Logos/Video Blackjack (USA).png</marquee></game>
<game><path>./Fairchild Channel F NoIntro/Video Whizball (USA).zip</path><name>Video Whizball (USA)</name><image>~/../thumbs/Fairchild - Channel F/Named_Snaps/Video Whizball (USA).png</image><titleshot>~/../thumbs/Fairchild - Channel F/Named_Titles/Video Whizball (USA).png</titleshot><thumbnail>~/../thumbs/Fairchild - Channel F/Named_Boxarts/Video Whizball (USA).png</thumbnail><marquee>~/../thumbs/Fairchild - Channel F/Named_Logos/Video Whizball (USA).png</marquee></game>
<game><path>./Fairchild Channel F NoIntro/[BIOS] Fairchild Channel F (USA) (SL31253).zip</path><name>[BIOS] Fairchild Channel F (USA) (SL31253)</name><image>~/../thumbs/Fairchild - Channel F/Named_Snaps/[BIOS] Fairchild Channel F (USA) (SL31253).png</image><titleshot>~/../thumbs/Fairchild - Channel F/Named_Titles/[BIOS] Fairchild Channel F (USA) (SL31253).png</titleshot><thumbnail>~/../thumbs/Fairchild - Channel F/Named_Boxarts/[BIOS] Fairchild Channel F (USA) (SL31253).png</thumbnail><marquee>~/../thumbs/Fairchild - Channel F/Named_Logos/[BIOS] Fairchild Channel F (USA) (SL31253).png</marquee><hidden>true</hidden></game>
<game><path>./Fairchild Channel F NoIntro/[BIOS] Fairchild Channel F (USA) (SL31254).zip</path><name>[BIOS] Fairchild Channel F (USA) (SL31254)</name><image>~/../thumbs/Fairchild - Channel F/Named_Snaps/[BIOS] Fairchild Channel F (USA) (SL31254).png</image><titleshot>~/../thumbs/Fairchild - Channel F/Named_Titles/[BIOS] Fairchild Channel F (USA) (SL31254).png</titleshot><thumbnail>~/../thumbs/Fairchild - Channel F/Named_Boxarts/[BIOS] Fairchild Channel F (USA) (SL31254).png</thumbnail><marquee>~/../thumbs/Fairchild - Channel F/Named_Logos/[BIOS] Fairchild Channel F (USA) (SL31254).png</marquee><hidden>true</hidden></game>
<game><path>./Fairchild Channel F NoIntro/[BIOS] Fairchild Channel F (USA) (SL90025).zip</path><name>[BIOS] Fairchild Channel F (USA) (SL90025)</name><image>~/../thumbs/Fairchild - Channel F/Named_Snaps/[BIOS] Fairchild Channel F (USA) (SL90025).png</image><titleshot>~/../thumbs/Fairchild - Channel F/Named_Titles/[BIOS] Fairchild Channel F (USA) (SL90025).png</titleshot><thumbnail>~/../thumbs/Fairchild - Channel F/Named_Boxarts/[BIOS] Fairchild Channel F (USA) (SL90025).png</thumbnail><marquee>~/../thumbs/Fairchild - Channel F/Named_Logos/[BIOS] Fairchild Channel F (USA) (SL90025).png</marquee><hidden>true</hidden></game>
<folder><path>./Fairchild Channel F NoIntro</path><name>Fairchild Channel F NoIntro</name><image>~/../thumb/channelf.png</image></folder>
<game><path>./Fairchild Channel F TOSEC/Alien Invasion (1978)(Zircon).bin</path><name>Alien Invasion (1978)(Zircon)</name><image>~/../thumbs/Fairchild - Channel F/Named_Snaps/Alien Invasion (1978)(Zircon).png</image><titleshot>~/../thumbs/Fairchild - Channel F/Named_Titles/Alien Invasion (1978)(Zircon).png</titleshot><thumbnail>~/../thumbs/Fairchild - Channel F/Named_Boxarts/Alien Invasion (1978)(Zircon).png</thumbnail><marquee>~/../thumbs/Fairchild - Channel F/Named_Logos/Alien Invasion (1978)(Zircon).png</marquee></game>
<game><path>./Fairchild Channel F TOSEC/Backgammon + Acey-Ducey (1977)(Fairchild).bin</path><name>Backgammon + Acey-Ducey (1977)(Fairchild)</name><image>~/../thumbs/Fairchild - Channel F/Named_Snaps/Backgammon + Acey-Ducey (1977)(Fairchild).png</image><titleshot>~/../thumbs/Fairchild - Channel F/Named_Titles/Backgammon + Acey-Ducey (1977)(Fairchild).png</titleshot><thumbnail>~/../thumbs/Fairchild - Channel F/Named_Boxarts/Backgammon + Acey-Ducey (1977)(Fairchild).png</thumbnail><marquee>~/../thumbs/Fairchild - Channel F/Named_Logos/Backgammon + Acey-Ducey (1977)(Fairchild).png</marquee></game>
<game><path>./Fairchild Channel F TOSEC/Baseball (1977)(Fairchild).bin</path><name>Baseball (1977)(Fairchild)</name><image>~/../thumbs/Fairchild - Channel F/Named_Snaps/Baseball (1977)(Fairchild).png</image><titleshot>~/../thumbs/Fairchild - Channel F/Named_Titles/Baseball (1977)(Fairchild).png</titleshot><thumbnail>~/../thumbs/Fairchild - Channel F/Named_Boxarts/Baseball (1977)(Fairchild).png</thumbnail><marquee>~/../thumbs/Fairchild - Channel F/Named_Logos/Baseball (1977)(Fairchild).png</marquee></game>
<game><path>./Fairchild Channel F TOSEC/Bowling (1978)(Fairchild).bin</path><name>Bowling (1978)(Fairchild)</name><image>~/../thumbs/Fairchild - Channel F/Named_Snaps/Bowling (1978)(Fairchild).png</image><titleshot>~/../thumbs/Fairchild - Channel F/Named_Titles/Bowling (1978)(Fairchild).png</titleshot><thumbnail>~/../thumbs/Fairchild - Channel F/Named_Boxarts/Bowling (1978)(Fairchild).png</thumbnail><marquee>~/../thumbs/Fairchild - Channel F/Named_Logos/Bowling (1978)(Fairchild).png</marquee></game>
<game><path>./Fairchild Channel F TOSEC/Casino Poker (1978)(Zircon).bin</path><name>Casino Poker (1978)(Zircon)</name><image>~/../thumbs/Fairchild - Channel F/Named_Snaps/Casino Poker (1978)(Zircon).png</image><titleshot>~/../thumbs/Fairchild - Channel F/Named_Titles/Casino Poker (1978)(Zircon).png</titleshot><thumbnail>~/../thumbs/Fairchild - Channel F/Named_Boxarts/Casino Poker (1978)(Zircon).png</thumbnail><marquee>~/../thumbs/Fairchild - Channel F/Named_Logos/Casino Poker (1978)(Zircon).png</marquee></game>
<game><path>./Fairchild Channel F TOSEC/Channel F Multi-Cart (2004)(Riddle, Sean).bin</path><name>Channel F Multi-Cart (2004)(Riddle, Sean)</name><image>~/../thumbs/Fairchild - Channel F/Named_Snaps/Channel F Multi-Cart (2004)(Riddle, Sean).png</image><titleshot>~/../thumbs/Fairchild - Channel F/Named_Titles/Channel F Multi-Cart (2004)(Riddle, Sean).png</titleshot><thumbnail>~/../thumbs/Fairchild - Channel F/Named_Boxarts/Channel F Multi-Cart (2004)(Riddle, Sean).png</thumbnail><marquee>~/../thumbs/Fairchild - Channel F/Named_Logos/Channel F Multi-Cart (2004)(Riddle, Sean).png</marquee></game>
<game><path>./Fairchild Channel F TOSEC/Channel F Multi-Cart (2004)(Riddle, Sean)[a].bin</path><name>Channel F Multi-Cart (2004)(Riddle, Sean)[a]</name><image>~/../thumbs/Fairchild - Channel F/Named_Snaps/Channel F Multi-Cart (2004)(Riddle, Sean)[a].png</image><titleshot>~/../thumbs/Fairchild - Channel F/Named_Titles/Channel F Multi-Cart (2004)(Riddle, Sean)[a].png</titleshot><thumbnail>~/../thumbs/Fairchild - Channel F/Named_Boxarts/Channel F Multi-Cart (2004)(Riddle, Sean)[a].png</thumbnail><marquee>~/../thumbs/Fairchild - Channel F/Named_Logos/Channel F Multi-Cart (2004)(Riddle, Sean)[a].png</marquee><hidden>true</hidden></game>
<game><path>./Fairchild Channel F TOSEC/Checkers (1978)(Zircon).bin</path><name>Checkers (1978)(Zircon)</name><image>~/../thumbs/Fairchild - Channel F/Named_Snaps/Checkers (1978)(Zircon).png</image><titleshot>~/../thumbs/Fairchild - Channel F/Named_Titles/Checkers (1978)(Zircon).png</titleshot><thumbnail>~/../thumbs/Fairchild - Channel F/Named_Boxarts/Checkers (1978)(Zircon).png</thumbnail><marquee>~/../thumbs/Fairchild - Channel F/Named_Logos/Checkers (1978)(Zircon).png</marquee></game>
<game><path>./Fairchild Channel F TOSEC/Desert Fox + Shooting Gallery (1976)(Fairchild).bin</path><name>Desert Fox + Shooting Gallery (1976)(Fairchild)</name><image>~/../thumbs/Fairchild - Channel F/Named_Snaps/Desert Fox + Shooting Gallery (1976)(Fairchild).png</image><titleshot>~/../thumbs/Fairchild - Channel F/Named_Titles/Desert Fox + Shooting Gallery (1976)(Fairchild).png</titleshot><thumbnail>~/../thumbs/Fairchild - Channel F/Named_Boxarts/Desert Fox + Shooting Gallery (1976)(Fairchild).png</thumbnail><marquee>~/../thumbs/Fairchild - Channel F/Named_Logos/Desert Fox + Shooting Gallery (1976)(Fairchild).png</marquee></game>
<game><path>./Fairchild Channel F TOSEC/Dodge-It (1978)(Fairchild).bin</path><name>Dodge-It (1978)(Fairchild)</name><image>~/../thumbs/Fairchild - Channel F/Named_Snaps/Dodge-It (1978)(Fairchild).png</image><titleshot>~/../thumbs/Fairchild - Channel F/Named_Titles/Dodge-It (1978)(Fairchild).png</titleshot><thumbnail>~/../thumbs/Fairchild - Channel F/Named_Boxarts/Dodge-It (1978)(Fairchild).png</thumbnail><marquee>~/../thumbs/Fairchild - Channel F/Named_Logos/Dodge-It (1978)(Fairchild).png</marquee></game>
<game><path>./Fairchild Channel F TOSEC/Drag Race (1977)(Fairchild).bin</path><name>Drag Race (1977)(Fairchild)</name><image>~/../thumbs/Fairchild - Channel F/Named_Snaps/Drag Race (1977)(Fairchild).png</image><titleshot>~/../thumbs/Fairchild - Channel F/Named_Titles/Drag Race (1977)(Fairchild).png</titleshot><thumbnail>~/../thumbs/Fairchild - Channel F/Named_Boxarts/Drag Race (1977)(Fairchild).png</thumbnail><marquee>~/../thumbs/Fairchild - Channel F/Named_Logos/Drag Race (1977)(Fairchild).png</marquee></game>
<game><path>./Fairchild Channel F TOSEC/Draw Poker (197x)(Zircon)(proto).bin</path><name>Draw Poker (197x)(Zircon)(proto)</name><image>~/../thumbs/Fairchild - Channel F/Named_Snaps/Draw Poker (197x)(Zircon)(proto).png</image><titleshot>~/../thumbs/Fairchild - Channel F/Named_Titles/Draw Poker (197x)(Zircon)(proto).png</titleshot><thumbnail>~/../thumbs/Fairchild - Channel F/Named_Boxarts/Draw Poker (197x)(Zircon)(proto).png</thumbnail><marquee>~/../thumbs/Fairchild - Channel F/Named_Logos/Draw Poker (197x)(Zircon)(proto).png</marquee></game>
<game><path>./Fairchild Channel F TOSEC/F8 of Nations (200x)(nycurt)(PD).bin</path><name>F8 of Nations (200x)(nycurt)(PD)</name><image>~/../thumbs/Fairchild - Channel F/Named_Snaps/F8 of Nations (200x)(nycurt)(PD).png</image><titleshot>~/../thumbs/Fairchild - Channel F/Named_Titles/F8 of Nations (200x)(nycurt)(PD).png</titleshot><thumbnail>~/../thumbs/Fairchild - Channel F/Named_Boxarts/F8 of Nations (200x)(nycurt)(PD).png</thumbnail><marquee>~/../thumbs/Fairchild - Channel F/Named_Logos/F8 of Nations (200x)(nycurt)(PD).png</marquee></game>
<game><path>./Fairchild Channel F TOSEC/F8 of Nations (200x)(nycurt)(PD)[a].bin</path><name>F8 of Nations (200x)(nycurt)(PD)[a]</name><image>~/../thumbs/Fairchild - Channel F/Named_Snaps/F8 of Nations (200x)(nycurt)(PD)[a].png</image><titleshot>~/../thumbs/Fairchild - Channel F/Named_Titles/F8 of Nations (200x)(nycurt)(PD)[a].png</titleshot><thumbnail>~/../thumbs/Fairchild - Channel F/Named_Boxarts/F8 of Nations (200x)(nycurt)(PD)[a].png</thumbnail><marquee>~/../thumbs/Fairchild - Channel F/Named_Logos/F8 of Nations (200x)(nycurt)(PD)[a].png</marquee><hidden>true</hidden></game>
<game><path>./Fairchild Channel F TOSEC/Football (197x)(Zircon)(proto).bin</path><name>Football (197x)(Zircon)(proto)</name><image>~/../thumbs/Fairchild - Channel F/Named_Snaps/Football (197x)(Zircon)(proto).png</image><titleshot>~/../thumbs/Fairchild - Channel F/Named_Titles/Football (197x)(Zircon)(proto).png</titleshot><thumbnail>~/../thumbs/Fairchild - Channel F/Named_Boxarts/Football (197x)(Zircon)(proto).png</thumbnail><marquee>~/../thumbs/Fairchild - Channel F/Named_Logos/Football (197x)(Zircon)(proto).png</marquee></game>
<game><path>./Fairchild Channel F TOSEC/Galactic Space Wars + Luna Lander (1978)(Zircon).bin</path><name>Galactic Space Wars + Luna Lander (1978)(Zircon)</name><image>~/../thumbs/Fairchild - Channel F/Named_Snaps/Galactic Space Wars + Luna Lander (1978)(Zircon).png</image><titleshot>~/../thumbs/Fairchild - Channel F/Named_Titles/Galactic Space Wars + Luna Lander (1978)(Zircon).png</titleshot><thumbnail>~/../thumbs/Fairchild - Channel F/Named_Boxarts/Galactic Space Wars + Luna Lander (1978)(Zircon).png</thumbnail><marquee>~/../thumbs/Fairchild - Channel F/Named_Logos/Galactic Space Wars + Luna Lander (1978)(Zircon).png</marquee></game>
<game><path>./Fairchild Channel F TOSEC/Glactic Space War (197x)(Zircon)(proto).bin</path><name>Glactic Space War (197x)(Zircon)(proto)</name><image>~/../thumbs/Fairchild - Channel F/Named_Snaps/Glactic Space War (197x)(Zircon)(proto).png</image><titleshot>~/../thumbs/Fairchild - Channel F/Named_Titles/Glactic Space War (197x)(Zircon)(proto).png</titleshot><thumbnail>~/../thumbs/Fairchild - Channel F/Named_Boxarts/Glactic Space War (197x)(Zircon)(proto).png</thumbnail><marquee>~/../thumbs/Fairchild - Channel F/Named_Logos/Glactic Space War (197x)(Zircon)(proto).png</marquee></game>
<game><path>./Fairchild Channel F TOSEC/Hangman (1978)(Fairchild).bin</path><name>Hangman (1978)(Fairchild)</name><image>~/../thumbs/Fairchild - Channel F/Named_Snaps/Hangman (1978)(Fairchild).png</image><titleshot>~/../thumbs/Fairchild - Channel F/Named_Titles/Hangman (1978)(Fairchild).png</titleshot><thumbnail>~/../thumbs/Fairchild - Channel F/Named_Boxarts/Hangman (1978)(Fairchild).png</thumbnail><marquee>~/../thumbs/Fairchild - Channel F/Named_Logos/Hangman (1978)(Fairchild).png</marquee></game>
<game><path>./Fairchild Channel F TOSEC/Hangman (1978)(Fairchild)[h].bin</path><name>Hangman (1978)(Fairchild)[h]</name><image>~/../thumbs/Fairchild - Channel F/Named_Snaps/Hangman (1978)(Fairchild)[h].png</image><titleshot>~/../thumbs/Fairchild - Channel F/Named_Titles/Hangman (1978)(Fairchild)[h].png</titleshot><thumbnail>~/../thumbs/Fairchild - Channel F/Named_Boxarts/Hangman (1978)(Fairchild)[h].png</thumbnail><marquee>~/../thumbs/Fairchild - Channel F/Named_Logos/Hangman (1978)(Fairchild)[h].png</marquee><hidden>true</hidden></game>
<game><path>./Fairchild Channel F TOSEC/Hockey + Tennis (1976)(Fairchild)[bios rip].bin</path><name>Hockey + Tennis (1976)(Fairchild)[bios rip]</name><image>~/../thumbs/Fairchild - Channel F/Named_Snaps/Hockey + Tennis (1976)(Fairchild)[bios rip].png</image><titleshot>~/../thumbs/Fairchild - Channel F/Named_Titles/Hockey + Tennis (1976)(Fairchild)[bios rip].png</titleshot><thumbnail>~/../thumbs/Fairchild - Channel F/Named_Boxarts/Hockey + Tennis (1976)(Fairchild)[bios rip].png</thumbnail><marquee>~/../thumbs/Fairchild - Channel F/Named_Logos/Hockey + Tennis (1976)(Fairchild)[bios rip].png</marquee></game>
<game><path>./Fairchild Channel F TOSEC/Lights Out (2004)(Riddle, Sean)(PD).bin</path><name>Lights Out (2004)(Riddle, Sean)(PD)</name><image>~/../thumbs/Fairchild - Channel F/Named_Snaps/Lights Out (2004)(Riddle, Sean)(PD).png</image><titleshot>~/../thumbs/Fairchild - Channel F/Named_Titles/Lights Out (2004)(Riddle, Sean)(PD).png</titleshot><thumbnail>~/../thumbs/Fairchild - Channel F/Named_Boxarts/Lights Out (2004)(Riddle, Sean)(PD).png</thumbnail><marquee>~/../thumbs/Fairchild - Channel F/Named_Logos/Lights Out (2004)(Riddle, Sean)(PD).png</marquee></game>
<game><path>./Fairchild Channel F TOSEC/Lights Out (2004)(Riddle, Sean)(PD)[a2].bin</path><name>Lights Out (2004)(Riddle, Sean)(PD)[a2]</name><image>~/../thumbs/Fairchild - Channel F/Named_Snaps/Lights Out (2004)(Riddle, Sean)(PD)[a2].png</image><titleshot>~/../thumbs/Fairchild - Channel F/Named_Titles/Lights Out (2004)(Riddle, Sean)(PD)[a2].png</titleshot><thumbnail>~/../thumbs/Fairchild - Channel F/Named_Boxarts/Lights Out (2004)(Riddle, Sean)(PD)[a2].png</thumbnail><marquee>~/../thumbs/Fairchild - Channel F/Named_Logos/Lights Out (2004)(Riddle, Sean)(PD)[a2].png</marquee><hidden>true</hidden></game>
<game><path>./Fairchild Channel F TOSEC/Lights Out (2004)(Riddle, Sean)(PD)[a].bin</path><name>Lights Out (2004)(Riddle, Sean)(PD)[a]</name><image>~/../thumbs/Fairchild - Channel F/Named_Snaps/Lights Out (2004)(Riddle, Sean)(PD)[a].png</image><titleshot>~/../thumbs/Fairchild - Channel F/Named_Titles/Lights Out (2004)(Riddle, Sean)(PD)[a].png</titleshot><thumbnail>~/../thumbs/Fairchild - Channel F/Named_Boxarts/Lights Out (2004)(Riddle, Sean)(PD)[a].png</thumbnail><marquee>~/../thumbs/Fairchild - Channel F/Named_Logos/Lights Out (2004)(Riddle, Sean)(PD)[a].png</marquee><hidden>true</hidden></game>
<game><path>./Fairchild Channel F TOSEC/Magic Numbers + Mind Reader + Nim (1977)(Fairchild).bin</path><name>Magic Numbers + Mind Reader + Nim (1977)(Fairchild)</name><image>~/../thumbs/Fairchild - Channel F/Named_Snaps/Magic Numbers + Mind Reader + Nim (1977)(Fairchild).png</image><titleshot>~/../thumbs/Fairchild - Channel F/Named_Titles/Magic Numbers + Mind Reader + Nim (1977)(Fairchild).png</titleshot><thumbnail>~/../thumbs/Fairchild - Channel F/Named_Boxarts/Magic Numbers + Mind Reader + Nim (1977)(Fairchild).png</thumbnail><marquee>~/../thumbs/Fairchild - Channel F/Named_Logos/Magic Numbers + Mind Reader + Nim (1977)(Fairchild).png</marquee></game>
<game><path>./Fairchild Channel F TOSEC/Math Quiz I - Addition + Subtraction (1976)(Fairchild).bin</path><name>Math Quiz I - Addition + Subtraction (1976)(Fairchild)</name><image>~/../thumbs/Fairchild - Channel F/Named_Snaps/Math Quiz I - Addition + Subtraction (1976)(Fairchild).png</image><titleshot>~/../thumbs/Fairchild - Channel F/Named_Titles/Math Quiz I - Addition + Subtraction (1976)(Fairchild).png</titleshot><thumbnail>~/../thumbs/Fairchild - Channel F/Named_Boxarts/Math Quiz I - Addition + Subtraction (1976)(Fairchild).png</thumbnail><marquee>~/../thumbs/Fairchild - Channel F/Named_Logos/Math Quiz I - Addition + Subtraction (1976)(Fairchild).png</marquee></game>
<game><path>./Fairchild Channel F TOSEC/Math Quiz II - Multiplication + Division (1977)(Fairchild).bin</path><name>Math Quiz II - Multiplication + Division (1977)(Fairchild)</name><image>~/../thumbs/Fairchild - Channel F/Named_Snaps/Math Quiz II - Multiplication + Division (1977)(Fairchild).png</image><titleshot>~/../thumbs/Fairchild - Channel F/Named_Titles/Math Quiz II - Multiplication + Division (1977)(Fairchild).png</titleshot><thumbnail>~/../thumbs/Fairchild - Channel F/Named_Boxarts/Math Quiz II - Multiplication + Division (1977)(Fairchild).png</thumbnail><marquee>~/../thumbs/Fairchild - Channel F/Named_Logos/Math Quiz II - Multiplication + Division (1977)(Fairchild).png</marquee></game>
<game><path>./Fairchild Channel F TOSEC/Maze + Jailbreak + Blind-man's-bluff + Trailblazer (1977)(Fairchild).bin</path><name>Maze + Jailbreak + Blind-man's-bluff + Trailblazer (1977)(Fairchild)</name><image>~/../thumbs/Fairchild - Channel F/Named_Snaps/Maze + Jailbreak + Blind-man's-bluff + Trailblazer (1977)(Fairchild).png</image><titleshot>~/../thumbs/Fairchild - Channel F/Named_Titles/Maze + Jailbreak + Blind-man's-bluff + Trailblazer (1977)(Fairchild).png</titleshot><thumbnail>~/../thumbs/Fairchild - Channel F/Named_Boxarts/Maze + Jailbreak + Blind-man's-bluff + Trailblazer (1977)(Fairchild).png</thumbnail><marquee>~/../thumbs/Fairchild - Channel F/Named_Logos/Maze + Jailbreak + Blind-man's-bluff + Trailblazer (1977)(Fairchild).png</marquee></game>
<game><path>./Fairchild Channel F TOSEC/Maze + Jailbreak + Blind-man's-bluff + Trailblazer (1977)(Fairchild)[a].bin</path><name>Maze + Jailbreak + Blind-man's-bluff + Trailblazer (1977)(Fairchild)[a]</name><image>~/../thumbs/Fairchild - Channel F/Named_Snaps/Maze + Jailbreak + Blind-man's-bluff + Trailblazer (1977)(Fairchild)[a].png</image><titleshot>~/../thumbs/Fairchild - Channel F/Named_Titles/Maze + Jailbreak + Blind-man's-bluff + Trailblazer (1977)(Fairchild)[a].png</titleshot><thumbnail>~/../thumbs/Fairchild - Channel F/Named_Boxarts/Maze + Jailbreak + Blind-man's-bluff + Trailblazer (1977)(Fairchild)[a].png</thumbnail><marquee>~/../thumbs/Fairchild - Channel F/Named_Logos/Maze + Jailbreak + Blind-man's-bluff + Trailblazer (1977)(Fairchild)[a].png</marquee><hidden>true</hidden></game>
<game><path>./Fairchild Channel F TOSEC/Maze + Jailbreak + Blind-man's-bluff + Trailblazer (1977)(Fairchild)[b].bin</path><name>Maze + Jailbreak + Blind-man's-bluff + Trailblazer (1977)(Fairchild)[b]</name><image>~/../thumbs/Fairchild - Channel F/Named_Snaps/Maze + Jailbreak + Blind-man's-bluff + Trailblazer (1977)(Fairchild)[b].png</image><titleshot>~/../thumbs/Fairchild - Channel F/Named_Titles/Maze + Jailbreak + Blind-man's-bluff + Trailblazer (1977)(Fairchild)[b].png</titleshot><thumbnail>~/../thumbs/Fairchild - Channel F/Named_Boxarts/Maze + Jailbreak + Blind-man's-bluff + Trailblazer (1977)(Fairchild)[b].png</thumbnail><marquee>~/../thumbs/Fairchild - Channel F/Named_Logos/Maze + Jailbreak + Blind-man's-bluff + Trailblazer (1977)(Fairchild)[b].png</marquee><hidden>true</hidden></game>
<game><path>./Fairchild Channel F TOSEC/Maze + Jailbreak + Blind-man's-bluff + Trailblazer (1977)(Fairchild)[h].bin</path><name>Maze + Jailbreak + Blind-man's-bluff + Trailblazer (1977)(Fairchild)[h]</name><image>~/../thumbs/Fairchild - Channel F/Named_Snaps/Maze + Jailbreak + Blind-man's-bluff + Trailblazer (1977)(Fairchild)[h].png</image><titleshot>~/../thumbs/Fairchild - Channel F/Named_Titles/Maze + Jailbreak + Blind-man's-bluff + Trailblazer (1977)(Fairchild)[h].png</titleshot><thumbnail>~/../thumbs/Fairchild - Channel F/Named_Boxarts/Maze + Jailbreak + Blind-man's-bluff + Trailblazer (1977)(Fairchild)[h].png</thumbnail><marquee>~/../thumbs/Fairchild - Channel F/Named_Logos/Maze + Jailbreak + Blind-man's-bluff + Trailblazer (1977)(Fairchild)[h].png</marquee><hidden>true</hidden></game>
<game><path>./Fairchild Channel F TOSEC/Memory Match (1978)(Fairchild).bin</path><name>Memory Match (1978)(Fairchild)</name><image>~/../thumbs/Fairchild - Channel F/Named_Snaps/Memory Match (1978)(Fairchild).png</image><titleshot>~/../thumbs/Fairchild - Channel F/Named_Titles/Memory Match (1978)(Fairchild).png</titleshot><thumbnail>~/../thumbs/Fairchild - Channel F/Named_Boxarts/Memory Match (1978)(Fairchild).png</thumbnail><marquee>~/../thumbs/Fairchild - Channel F/Named_Logos/Memory Match (1978)(Fairchild).png</marquee></game>
<game><path>./Fairchild Channel F TOSEC/Ordtavling (1978)(Luxor)(SE).bin</path><name>Ordtavling (1978)(Luxor)(SE)</name><image>~/../thumbs/Fairchild - Channel F/Named_Snaps/Ordtavling (1978)(Luxor)(SE).png</image><titleshot>~/../thumbs/Fairchild - Channel F/Named_Titles/Ordtavling (1978)(Luxor)(SE).png</titleshot><thumbnail>~/../thumbs/Fairchild - Channel F/Named_Boxarts/Ordtavling (1978)(Luxor)(SE).png</thumbnail><marquee>~/../thumbs/Fairchild - Channel F/Named_Logos/Ordtavling (1978)(Luxor)(SE).png</marquee></game>
<game><path>./Fairchild Channel F TOSEC/Pac-Man (2004)(Blackbird - e5frog)[p].bin</path><name>Pac-Man (2004)(Blackbird - e5frog)[p]</name><image>~/../thumbs/Fairchild - Channel F/Named_Snaps/Pac-Man (2004)(Blackbird - e5frog)[p].png</image><titleshot>~/../thumbs/Fairchild - Channel F/Named_Titles/Pac-Man (2004)(Blackbird - e5frog)[p].png</titleshot><thumbnail>~/../thumbs/Fairchild - Channel F/Named_Boxarts/Pac-Man (2004)(Blackbird - e5frog)[p].png</thumbnail><marquee>~/../thumbs/Fairchild - Channel F/Named_Logos/Pac-Man (2004)(Blackbird - e5frog)[p].png</marquee><hidden>true</hidden></game>
<game><path>./Fairchild Channel F TOSEC/Pac-Man (2004)(Blackbird - e5frog)[p][a2].bin</path><name>Pac-Man (2004)(Blackbird - e5frog)[p][a2]</name><image>~/../thumbs/Fairchild - Channel F/Named_Snaps/Pac-Man (2004)(Blackbird - e5frog)[p][a2].png</image><titleshot>~/../thumbs/Fairchild - Channel F/Named_Titles/Pac-Man (2004)(Blackbird - e5frog)[p][a2].png</titleshot><thumbnail>~/../thumbs/Fairchild - Channel F/Named_Boxarts/Pac-Man (2004)(Blackbird - e5frog)[p][a2].png</thumbnail><marquee>~/../thumbs/Fairchild - Channel F/Named_Logos/Pac-Man (2004)(Blackbird - e5frog)[p][a2].png</marquee><hidden>true</hidden></game>
<game><path>./Fairchild Channel F TOSEC/Pac-Man (2004)(Blackbird - e5frog)[p][a3].bin</path><name>Pac-Man (2004)(Blackbird - e5frog)[p][a3]</name><image>~/../thumbs/Fairchild - Channel F/Named_Snaps/Pac-Man (2004)(Blackbird - e5frog)[p][a3].png</image><titleshot>~/../thumbs/Fairchild - Channel F/Named_Titles/Pac-Man (2004)(Blackbird - e5frog)[p][a3].png</titleshot><thumbnail>~/../thumbs/Fairchild - Channel F/Named_Boxarts/Pac-Man (2004)(Blackbird - e5frog)[p][a3].png</thumbnail><marquee>~/../thumbs/Fairchild - Channel F/Named_Logos/Pac-Man (2004)(Blackbird - e5frog)[p][a3].png</marquee><hidden>true</hidden></game>
<game><path>./Fairchild Channel F TOSEC/Pac-Man (2004)(Blackbird - e5frog)[p][a4].bin</path><name>Pac-Man (2004)(Blackbird - e5frog)[p][a4]</name><image>~/../thumbs/Fairchild - Channel F/Named_Snaps/Pac-Man (2004)(Blackbird - e5frog)[p][a4].png</image><titleshot>~/../thumbs/Fairchild - Channel F/Named_Titles/Pac-Man (2004)(Blackbird - e5frog)[p][a4].png</titleshot><thumbnail>~/../thumbs/Fairchild - Channel F/Named_Boxarts/Pac-Man (2004)(Blackbird - e5frog)[p][a4].png</thumbnail><marquee>~/../thumbs/Fairchild - Channel F/Named_Logos/Pac-Man (2004)(Blackbird - e5frog)[p][a4].png</marquee><hidden>true</hidden></game>
<game><path>./Fairchild Channel F TOSEC/Pac-Man (2004)(Blackbird - e5frog)[p][a5].bin</path><name>Pac-Man (2004)(Blackbird - e5frog)[p][a5]</name><image>~/../thumbs/Fairchild - Channel F/Named_Snaps/Pac-Man (2004)(Blackbird - e5frog)[p][a5].png</image><titleshot>~/../thumbs/Fairchild - Channel F/Named_Titles/Pac-Man (2004)(Blackbird - e5frog)[p][a5].png</titleshot><thumbnail>~/../thumbs/Fairchild - Channel F/Named_Boxarts/Pac-Man (2004)(Blackbird - e5frog)[p][a5].png</thumbnail><marquee>~/../thumbs/Fairchild - Channel F/Named_Logos/Pac-Man (2004)(Blackbird - e5frog)[p][a5].png</marquee><hidden>true</hidden></game>
<game><path>./Fairchild Channel F TOSEC/Pac-Man (2004)(Blackbird - e5frog)[p][a6].bin</path><name>Pac-Man (2004)(Blackbird - e5frog)[p][a6]</name><image>~/../thumbs/Fairchild - Channel F/Named_Snaps/Pac-Man (2004)(Blackbird - e5frog)[p][a6].png</image><titleshot>~/../thumbs/Fairchild - Channel F/Named_Titles/Pac-Man (2004)(Blackbird - e5frog)[p][a6].png</titleshot><thumbnail>~/../thumbs/Fairchild - Channel F/Named_Boxarts/Pac-Man (2004)(Blackbird - e5frog)[p][a6].png</thumbnail><marquee>~/../thumbs/Fairchild - Channel F/Named_Logos/Pac-Man (2004)(Blackbird - e5frog)[p][a6].png</marquee><hidden>true</hidden></game>
<game><path>./Fairchild Channel F TOSEC/Pac-Man (2004)(Blackbird - e5frog)[p][a7].bin</path><name>Pac-Man (2004)(Blackbird - e5frog)[p][a7]</name><image>~/../thumbs/Fairchild - Channel F/Named_Snaps/Pac-Man (2004)(Blackbird - e5frog)[p][a7].png</image><titleshot>~/../thumbs/Fairchild - Channel F/Named_Titles/Pac-Man (2004)(Blackbird - e5frog)[p][a7].png</titleshot><thumbnail>~/../thumbs/Fairchild - Channel F/Named_Boxarts/Pac-Man (2004)(Blackbird - e5frog)[p][a7].png</thumbnail><marquee>~/../thumbs/Fairchild - Channel F/Named_Logos/Pac-Man (2004)(Blackbird - e5frog)[p][a7].png</marquee><hidden>true</hidden></game>
<game><path>./Fairchild Channel F TOSEC/Pac-Man (2004)(Blackbird - e5frog)[p][a8].bin</path><name>Pac-Man (2004)(Blackbird - e5frog)[p][a8]</name><image>~/../thumbs/Fairchild - Channel F/Named_Snaps/Pac-Man (2004)(Blackbird - e5frog)[p][a8].png</image><titleshot>~/../thumbs/Fairchild - Channel F/Named_Titles/Pac-Man (2004)(Blackbird - e5frog)[p][a8].png</titleshot><thumbnail>~/../thumbs/Fairchild - Channel F/Named_Boxarts/Pac-Man (2004)(Blackbird - e5frog)[p][a8].png</thumbnail><marquee>~/../thumbs/Fairchild - Channel F/Named_Logos/Pac-Man (2004)(Blackbird - e5frog)[p][a8].png</marquee><hidden>true</hidden></game>
<game><path>./Fairchild Channel F TOSEC/Pac-Man (2004)(Blackbird - e5frog)[p][a].bin</path><name>Pac-Man (2004)(Blackbird - e5frog)[p][a]</name><image>~/../thumbs/Fairchild - Channel F/Named_Snaps/Pac-Man (2004)(Blackbird - e5frog)[p][a].png</image><titleshot>~/../thumbs/Fairchild - Channel F/Named_Titles/Pac-Man (2004)(Blackbird - e5frog)[p][a].png</titleshot><thumbnail>~/../thumbs/Fairchild - Channel F/Named_Boxarts/Pac-Man (2004)(Blackbird - e5frog)[p][a].png</thumbnail><marquee>~/../thumbs/Fairchild - Channel F/Named_Logos/Pac-Man (2004)(Blackbird - e5frog)[p][a].png</marquee><hidden>true</hidden></game>
<game><path>./Fairchild Channel F TOSEC/Pac-Man v20041211-14 (2004)(Blackbird - e5frog)[p].bin</path><name>Pac-Man v20041211-14 (2004)(Blackbird - e5frog)[p]</name><image>~/../thumbs/Fairchild - Channel F/Named_Snaps/Pac-Man v20041211-14 (2004)(Blackbird - e5frog)[p].png</image><titleshot>~/../thumbs/Fairchild - Channel F/Named_Titles/Pac-Man v20041211-14 (2004)(Blackbird - e5frog)[p].png</titleshot><thumbnail>~/../thumbs/Fairchild - Channel F/Named_Boxarts/Pac-Man v20041211-14 (2004)(Blackbird - e5frog)[p].png</thumbnail><marquee>~/../thumbs/Fairchild - Channel F/Named_Logos/Pac-Man v20041211-14 (2004)(Blackbird - e5frog)[p].png</marquee><hidden>true</hidden></game>
<game><path>./Fairchild Channel F TOSEC/Pinball Challenge (1978)(Fairchild).bin</path><name>Pinball Challenge (1978)(Fairchild)</name><image>~/../thumbs/Fairchild - Channel F/Named_Snaps/Pinball Challenge (1978)(Fairchild).png</image><titleshot>~/../thumbs/Fairchild - Channel F/Named_Titles/Pinball Challenge (1978)(Fairchild).png</titleshot><thumbnail>~/../thumbs/Fairchild - Channel F/Named_Boxarts/Pinball Challenge (1978)(Fairchild).png</thumbnail><marquee>~/../thumbs/Fairchild - Channel F/Named_Logos/Pinball Challenge (1978)(Fairchild).png</marquee></game>
<game><path>./Fairchild Channel F TOSEC/Pinball Challenge (1978)(Fairchild)[a].bin</path><name>Pinball Challenge (1978)(Fairchild)[a]</name><image>~/../thumbs/Fairchild - Channel F/Named_Snaps/Pinball Challenge (1978)(Fairchild)[a].png</image><titleshot>~/../thumbs/Fairchild - Channel F/Named_Titles/Pinball Challenge (1978)(Fairchild)[a].png</titleshot><thumbnail>~/../thumbs/Fairchild - Channel F/Named_Boxarts/Pinball Challenge (1978)(Fairchild)[a].png</thumbnail><marquee>~/../thumbs/Fairchild - Channel F/Named_Logos/Pinball Challenge (1978)(Fairchild)[a].png</marquee><hidden>true</hidden></game>
<game><path>./Fairchild Channel F TOSEC/Pro Football (1978)(Zircon).bin</path><name>Pro Football (1978)(Zircon)</name><image>~/../thumbs/Fairchild - Channel F/Named_Snaps/Pro Football (1978)(Zircon).png</image><titleshot>~/../thumbs/Fairchild - Channel F/Named_Titles/Pro Football (1978)(Zircon).png</titleshot><thumbnail>~/../thumbs/Fairchild - Channel F/Named_Boxarts/Pro Football (1978)(Zircon).png</thumbnail><marquee>~/../thumbs/Fairchild - Channel F/Named_Logos/Pro Football (1978)(Zircon).png</marquee></game>
<game><path>./Fairchild Channel F TOSEC/Rat' Mal (197x)(SABA)(DE).bin</path><name>Rat' Mal (197x)(SABA)(DE)</name><image>~/../thumbs/Fairchild - Channel F/Named_Snaps/Rat' Mal (197x)(SABA)(DE).png</image><titleshot>~/../thumbs/Fairchild - Channel F/Named_Titles/Rat' Mal (197x)(SABA)(DE).png</titleshot><thumbnail>~/../thumbs/Fairchild - Channel F/Named_Boxarts/Rat' Mal (197x)(SABA)(DE).png</thumbnail><marquee>~/../thumbs/Fairchild - Channel F/Named_Logos/Rat' Mal (197x)(SABA)(DE).png</marquee></game>
<game><path>./Fairchild Channel F TOSEC/Robot War (1977)(Fairchild)(proto).bin</path><name>Robot War (1977)(Fairchild)(proto)</name><image>~/../thumbs/Fairchild - Channel F/Named_Snaps/Robot War (1977)(Fairchild)(proto).png</image><titleshot>~/../thumbs/Fairchild - Channel F/Named_Titles/Robot War (1977)(Fairchild)(proto).png</titleshot><thumbnail>~/../thumbs/Fairchild - Channel F/Named_Boxarts/Robot War (1977)(Fairchild)(proto).png</thumbnail><marquee>~/../thumbs/Fairchild - Channel F/Named_Logos/Robot War (1977)(Fairchild)(proto).png</marquee></game>
<game><path>./Fairchild Channel F TOSEC/Robot War (1977)(Fairchild)(proto)[b].bin</path><name>Robot War (1977)(Fairchild)(proto)[b]</name><image>~/../thumbs/Fairchild - Channel F/Named_Snaps/Robot War (1977)(Fairchild)(proto)[b].png</image><titleshot>~/../thumbs/Fairchild - Channel F/Named_Titles/Robot War (1977)(Fairchild)(proto)[b].png</titleshot><thumbnail>~/../thumbs/Fairchild - Channel F/Named_Boxarts/Robot War (1977)(Fairchild)(proto)[b].png</thumbnail><marquee>~/../thumbs/Fairchild - Channel F/Named_Logos/Robot War (1977)(Fairchild)(proto)[b].png</marquee><hidden>true</hidden></game>
<game><path>./Fairchild Channel F TOSEC/Robot War + Torpedo Alley (1977)(Fairchild).bin</path><name>Robot War + Torpedo Alley (1977)(Fairchild)</name><image>~/../thumbs/Fairchild - Channel F/Named_Snaps/Robot War + Torpedo Alley (1977)(Fairchild).png</image><titleshot>~/../thumbs/Fairchild - Channel F/Named_Titles/Robot War + Torpedo Alley (1977)(Fairchild).png</titleshot><thumbnail>~/../thumbs/Fairchild - Channel F/Named_Boxarts/Robot War + Torpedo Alley (1977)(Fairchild).png</thumbnail><marquee>~/../thumbs/Fairchild - Channel F/Named_Logos/Robot War + Torpedo Alley (1977)(Fairchild).png</marquee></game>
<game><path>./Fairchild Channel F TOSEC/Schach (197x)(SABA)(DE).bin</path><name>Schach (197x)(SABA)(DE)</name><image>~/../thumbs/Fairchild - Channel F/Named_Snaps/Schach (197x)(SABA)(DE).png</image><titleshot>~/../thumbs/Fairchild - Channel F/Named_Titles/Schach (197x)(SABA)(DE).png</titleshot><thumbnail>~/../thumbs/Fairchild - Channel F/Named_Boxarts/Schach (197x)(SABA)(DE).png</thumbnail><marquee>~/../thumbs/Fairchild - Channel F/Named_Logos/Schach (197x)(SABA)(DE).png</marquee></game>
<game><path>./Fairchild Channel F TOSEC/Slot Machine (1978)(Zircon).bin</path><name>Slot Machine (1978)(Zircon)</name><image>~/../thumbs/Fairchild - Channel F/Named_Snaps/Slot Machine (1978)(Zircon).png</image><titleshot>~/../thumbs/Fairchild - Channel F/Named_Titles/Slot Machine (1978)(Zircon).png</titleshot><thumbnail>~/../thumbs/Fairchild - Channel F/Named_Boxarts/Slot Machine (1978)(Zircon).png</thumbnail><marquee>~/../thumbs/Fairchild - Channel F/Named_Logos/Slot Machine (1978)(Zircon).png</marquee></game>
<game><path>./Fairchild Channel F TOSEC/Sonar Search (1977)(Fairchild).bin</path><name>Sonar Search (1977)(Fairchild)</name><image>~/../thumbs/Fairchild - Channel F/Named_Snaps/Sonar Search (1977)(Fairchild).png</image><titleshot>~/../thumbs/Fairchild - Channel F/Named_Titles/Sonar Search (1977)(Fairchild).png</titleshot><thumbnail>~/../thumbs/Fairchild - Channel F/Named_Boxarts/Sonar Search (1977)(Fairchild).png</thumbnail><marquee>~/../thumbs/Fairchild - Channel F/Named_Logos/Sonar Search (1977)(Fairchild).png</marquee></game>
<game><path>./Fairchild Channel F TOSEC/Space War (1977)(Zircon).bin</path><name>Space War (1977)(Zircon)</name><image>~/../thumbs/Fairchild - Channel F/Named_Snaps/Space War (1977)(Zircon).png</image><titleshot>~/../thumbs/Fairchild - Channel F/Named_Titles/Space War (1977)(Zircon).png</titleshot><thumbnail>~/../thumbs/Fairchild - Channel F/Named_Boxarts/Space War (1977)(Zircon).png</thumbnail><marquee>~/../thumbs/Fairchild - Channel F/Named_Logos/Space War (1977)(Zircon).png</marquee></game>
<game><path>./Fairchild Channel F TOSEC/Spitfire (1976)(Zircon)(proto).bin</path><name>Spitfire (1976)(Zircon)(proto)</name><image>~/../thumbs/Fairchild - Channel F/Named_Snaps/Spitfire (1976)(Zircon)(proto).png</image><titleshot>~/../thumbs/Fairchild - Channel F/Named_Titles/Spitfire (1976)(Zircon)(proto).png</titleshot><thumbnail>~/../thumbs/Fairchild - Channel F/Named_Boxarts/Spitfire (1976)(Zircon)(proto).png</thumbnail><marquee>~/../thumbs/Fairchild - Channel F/Named_Logos/Spitfire (1976)(Zircon)(proto).png</marquee></game>
<game><path>./Fairchild Channel F TOSEC/Spitfire (1976)(Zircon)(proto)[b].bin</path><name>Spitfire (1976)(Zircon)(proto)[b]</name><image>~/../thumbs/Fairchild - Channel F/Named_Snaps/Spitfire (1976)(Zircon)(proto)[b].png</image><titleshot>~/../thumbs/Fairchild - Channel F/Named_Titles/Spitfire (1976)(Zircon)(proto)[b].png</titleshot><thumbnail>~/../thumbs/Fairchild - Channel F/Named_Boxarts/Spitfire (1976)(Zircon)(proto)[b].png</thumbnail><marquee>~/../thumbs/Fairchild - Channel F/Named_Logos/Spitfire (1976)(Zircon)(proto)[b].png</marquee><hidden>true</hidden></game>
<game><path>./Fairchild Channel F TOSEC/Spitfire (1976)(Zircon).bin</path><name>Spitfire (1976)(Zircon)</name><image>~/../thumbs/Fairchild - Channel F/Named_Snaps/Spitfire (1976)(Zircon).png</image><titleshot>~/../thumbs/Fairchild - Channel F/Named_Titles/Spitfire (1976)(Zircon).png</titleshot><thumbnail>~/../thumbs/Fairchild - Channel F/Named_Boxarts/Spitfire (1976)(Zircon).png</thumbnail><marquee>~/../thumbs/Fairchild - Channel F/Named_Logos/Spitfire (1976)(Zircon).png</marquee></game>
<game><path>./Fairchild Channel F TOSEC/Tetris (2004)(Trauner, Peter)[p].bin</path><name>Tetris (2004)(Trauner, Peter)[p]</name><image>~/../thumbs/Fairchild - Channel F/Named_Snaps/Tetris (2004)(Trauner, Peter)[p].png</image><titleshot>~/../thumbs/Fairchild - Channel F/Named_Titles/Tetris (2004)(Trauner, Peter)[p].png</titleshot><thumbnail>~/../thumbs/Fairchild - Channel F/Named_Boxarts/Tetris (2004)(Trauner, Peter)[p].png</thumbnail><marquee>~/../thumbs/Fairchild - Channel F/Named_Logos/Tetris (2004)(Trauner, Peter)[p].png</marquee><hidden>true</hidden></game>
<game><path>./Fairchild Channel F TOSEC/Tetris (2004)(Trauner, Peter)[p][a].bin</path><name>Tetris (2004)(Trauner, Peter)[p][a]</name><image>~/../thumbs/Fairchild - Channel F/Named_Snaps/Tetris (2004)(Trauner, Peter)[p][a].png</image><titleshot>~/../thumbs/Fairchild - Channel F/Named_Titles/Tetris (2004)(Trauner, Peter)[p][a].png</titleshot><thumbnail>~/../thumbs/Fairchild - Channel F/Named_Boxarts/Tetris (2004)(Trauner, Peter)[p][a].png</thumbnail><marquee>~/../thumbs/Fairchild - Channel F/Named_Logos/Tetris (2004)(Trauner, Peter)[p][a].png</marquee><hidden>true</hidden></game>
<game><path>./Fairchild Channel F TOSEC/Tic Tac Toe + Shooting Gallery + Doodle + Quadra Doodle (1976)(Fairchild).bin</path><name>Tic Tac Toe + Shooting Gallery + Doodle + Quadra Doodle (1976)(Fairchild)</name><image>~/../thumbs/Fairchild - Channel F/Named_Snaps/Tic Tac Toe + Shooting Gallery + Doodle + Quadra Doodle (1976)(Fairchild).png</image><titleshot>~/../thumbs/Fairchild - Channel F/Named_Titles/Tic Tac Toe + Shooting Gallery + Doodle + Quadra Doodle (1976)(Fairchild).png</titleshot><thumbnail>~/../thumbs/Fairchild - Channel F/Named_Boxarts/Tic Tac Toe + Shooting Gallery + Doodle + Quadra Doodle (1976)(Fairchild).png</thumbnail><marquee>~/../thumbs/Fairchild - Channel F/Named_Logos/Tic Tac Toe + Shooting Gallery + Doodle + Quadra Doodle (1976)(Fairchild).png</marquee></game>
<game><path>./Fairchild Channel F TOSEC/Video Blackjack (1976)(Fairchild).bin</path><name>Video Blackjack (1976)(Fairchild)</name><image>~/../thumbs/Fairchild - Channel F/Named_Snaps/Video Blackjack (1976)(Fairchild).png</image><titleshot>~/../thumbs/Fairchild - Channel F/Named_Titles/Video Blackjack (1976)(Fairchild).png</titleshot><thumbnail>~/../thumbs/Fairchild - Channel F/Named_Boxarts/Video Blackjack (1976)(Fairchild).png</thumbnail><marquee>~/../thumbs/Fairchild - Channel F/Named_Logos/Video Blackjack (1976)(Fairchild).png</marquee></game>
<game><path>./Fairchild Channel F TOSEC/Video Whizball (1978)(Fairchild).bin</path><name>Video Whizball (1978)(Fairchild)</name><image>~/../thumbs/Fairchild - Channel F/Named_Snaps/Video Whizball (1978)(Fairchild).png</image><titleshot>~/../thumbs/Fairchild - Channel F/Named_Titles/Video Whizball (1978)(Fairchild).png</titleshot><thumbnail>~/../thumbs/Fairchild - Channel F/Named_Boxarts/Video Whizball (1978)(Fairchild).png</thumbnail><marquee>~/../thumbs/Fairchild - Channel F/Named_Logos/Video Whizball (1978)(Fairchild).png</marquee></game>
<folder><path>./Fairchild Channel F TOSEC</path><name>Fairchild Channel F TOSEC</name><image>~/../thumb/channelf.png</image></folder>
</gameList>
