<gameList>
<game><path>./Watara Supervision NoIntro/2 in 1 - Block Buster + Cross High (USA, Europe).zip</path><name>2 in 1 - Block Buster + Cross High (USA, Europe)</name><image>~/../thumbs/Watara - Supervision/Named_Snaps/2 in 1 - Block Buster + Cross High (USA, Europe).png</image><titleshot>~/../thumbs/Watara - Supervision/Named_Titles/2 in 1 - Block Buster + Cross High (USA, Europe).png</titleshot><thumbnail>~/../thumbs/Watara - Supervision/Named_Boxarts/2 in 1 - Block Buster + Cross High (USA, Europe).png</thumbnail><marquee>~/../thumbs/Watara - Supervision/Named_Logos/2 in 1 - Block Buster + Cross High (USA, Europe).png</marquee></game>
<game><path>./Watara Supervision NoIntro/2 in 1 - Hash Blocks + Eagle Plan (USA, Europe).zip</path><name>2 in 1 - Hash Blocks + Eagle Plan (USA, Europe)</name><image>~/../thumbs/Watara - Supervision/Named_Snaps/2 in 1 - Hash Blocks + Eagle Plan (USA, Europe).png</image><titleshot>~/../thumbs/Watara - Supervision/Named_Titles/2 in 1 - Hash Blocks + Eagle Plan (USA, Europe).png</titleshot><thumbnail>~/../thumbs/Watara - Supervision/Named_Boxarts/2 in 1 - Hash Blocks + Eagle Plan (USA, Europe).png</thumbnail><marquee>~/../thumbs/Watara - Supervision/Named_Logos/2 in 1 - Hash Blocks + Eagle Plan (USA, Europe).png</marquee></game>
<game><path>./Watara Supervision NoIntro/4 in 1 - Hash Block + Challenger Tank + Brain Power + Jacky Lucky (USA, Europe).zip</path><name>4 in 1 - Hash Block + Challenger Tank + Brain Power + Jacky Lucky (USA, Europe)</name><image>~/../thumbs/Watara - Supervision/Named_Snaps/4 in 1 - Hash Block + Challenger Tank + Brain Power + Jacky Lucky (USA, Europe).png</image><titleshot>~/../thumbs/Watara - Supervision/Named_Titles/4 in 1 - Hash Block + Challenger Tank + Brain Power + Jacky Lucky (USA, Europe).png</titleshot><thumbnail>~/../thumbs/Watara - Supervision/Named_Boxarts/4 in 1 - Hash Block + Challenger Tank + Brain Power + Jacky Lucky (USA, Europe).png</thumbnail><marquee>~/../thumbs/Watara - Supervision/Named_Logos/4 in 1 - Hash Block + Challenger Tank + Brain Power + Jacky Lucky (USA, Europe).png</marquee></game>
<game><path>./Watara Supervision NoIntro/Alien (USA, Europe).zip</path><name>Alien (USA, Europe)</name><image>~/../thumbs/Watara - Supervision/Named_Snaps/Alien (USA, Europe).png</image><titleshot>~/../thumbs/Watara - Supervision/Named_Titles/Alien (USA, Europe).png</titleshot><thumbnail>~/../thumbs/Watara - Supervision/Named_Boxarts/Alien (USA, Europe).png</thumbnail><marquee>~/../thumbs/Watara - Supervision/Named_Logos/Alien (USA, Europe).png</marquee></game>
<game><path>./Watara Supervision NoIntro/Balloon Fight (USA, Europe).zip</path><name>Balloon Fight (USA, Europe)</name><image>~/../thumbs/Watara - Supervision/Named_Snaps/Balloon Fight (USA, Europe).png</image><titleshot>~/../thumbs/Watara - Supervision/Named_Titles/Balloon Fight (USA, Europe).png</titleshot><thumbnail>~/../thumbs/Watara - Supervision/Named_Boxarts/Balloon Fight (USA, Europe).png</thumbnail><marquee>~/../thumbs/Watara - Supervision/Named_Logos/Balloon Fight (USA, Europe).png</marquee></game>
<game><path>./Watara Supervision NoIntro/Block Buster (USA, Europe).zip</path><name>Block Buster (USA, Europe)</name><image>~/../thumbs/Watara - Supervision/Named_Snaps/Block Buster (USA, Europe).png</image><titleshot>~/../thumbs/Watara - Supervision/Named_Titles/Block Buster (USA, Europe).png</titleshot><thumbnail>~/../thumbs/Watara - Supervision/Named_Boxarts/Block Buster (USA, Europe).png</thumbnail><marquee>~/../thumbs/Watara - Supervision/Named_Logos/Block Buster (USA, Europe).png</marquee></game>
<game><path>./Watara Supervision NoIntro/Brain Power (USA, Europe).zip</path><name>Brain Power (USA, Europe)</name><image>~/../thumbs/Watara - Supervision/Named_Snaps/Brain Power (USA, Europe).png</image><titleshot>~/../thumbs/Watara - Supervision/Named_Titles/Brain Power (USA, Europe).png</titleshot><thumbnail>~/../thumbs/Watara - Supervision/Named_Boxarts/Brain Power (USA, Europe).png</thumbnail><marquee>~/../thumbs/Watara - Supervision/Named_Logos/Brain Power (USA, Europe).png</marquee></game>
<game><path>./Watara Supervision NoIntro/Bubble World (USA, Europe).zip</path><name>Bubble World (USA, Europe)</name><image>~/../thumbs/Watara - Supervision/Named_Snaps/Bubble World (USA, Europe).png</image><titleshot>~/../thumbs/Watara - Supervision/Named_Titles/Bubble World (USA, Europe).png</titleshot><thumbnail>~/../thumbs/Watara - Supervision/Named_Boxarts/Bubble World (USA, Europe).png</thumbnail><marquee>~/../thumbs/Watara - Supervision/Named_Logos/Bubble World (USA, Europe).png</marquee></game>
<game><path>./Watara Supervision NoIntro/Carrier (USA, Europe) (Rev 1).zip</path><name>Carrier (USA, Europe) (Rev 1)</name><image>~/../thumbs/Watara - Supervision/Named_Snaps/Carrier (USA, Europe) (Rev 1).png</image><titleshot>~/../thumbs/Watara - Supervision/Named_Titles/Carrier (USA, Europe) (Rev 1).png</titleshot><thumbnail>~/../thumbs/Watara - Supervision/Named_Boxarts/Carrier (USA, Europe) (Rev 1).png</thumbnail><marquee>~/../thumbs/Watara - Supervision/Named_Logos/Carrier (USA, Europe) (Rev 1).png</marquee></game>
<game><path>./Watara Supervision NoIntro/Cave Wonders (USA, Europe).zip</path><name>Cave Wonders (USA, Europe)</name><image>~/../thumbs/Watara - Supervision/Named_Snaps/Cave Wonders (USA, Europe).png</image><titleshot>~/../thumbs/Watara - Supervision/Named_Titles/Cave Wonders (USA, Europe).png</titleshot><thumbnail>~/../thumbs/Watara - Supervision/Named_Boxarts/Cave Wonders (USA, Europe).png</thumbnail><marquee>~/../thumbs/Watara - Supervision/Named_Logos/Cave Wonders (USA, Europe).png</marquee></game>
<game><path>./Watara Supervision NoIntro/Challenger Tank (USA, Europe).zip</path><name>Challenger Tank (USA, Europe)</name><image>~/../thumbs/Watara - Supervision/Named_Snaps/Challenger Tank (USA, Europe).png</image><titleshot>~/../thumbs/Watara - Supervision/Named_Titles/Challenger Tank (USA, Europe).png</titleshot><thumbnail>~/../thumbs/Watara - Supervision/Named_Boxarts/Challenger Tank (USA, Europe).png</thumbnail><marquee>~/../thumbs/Watara - Supervision/Named_Logos/Challenger Tank (USA, Europe).png</marquee></game>
<game><path>./Watara Supervision NoIntro/Chimera (USA, Europe).zip</path><name>Chimera (USA, Europe)</name><image>~/../thumbs/Watara - Supervision/Named_Snaps/Chimera (USA, Europe).png</image><titleshot>~/../thumbs/Watara - Supervision/Named_Titles/Chimera (USA, Europe).png</titleshot><thumbnail>~/../thumbs/Watara - Supervision/Named_Boxarts/Chimera (USA, Europe).png</thumbnail><marquee>~/../thumbs/Watara - Supervision/Named_Logos/Chimera (USA, Europe).png</marquee></game>
<game><path>./Watara Supervision NoIntro/Chinese Checkers (USA, Europe).zip</path><name>Chinese Checkers (USA, Europe)</name><image>~/../thumbs/Watara - Supervision/Named_Snaps/Chinese Checkers (USA, Europe).png</image><titleshot>~/../thumbs/Watara - Supervision/Named_Titles/Chinese Checkers (USA, Europe).png</titleshot><thumbnail>~/../thumbs/Watara - Supervision/Named_Boxarts/Chinese Checkers (USA, Europe).png</thumbnail><marquee>~/../thumbs/Watara - Supervision/Named_Logos/Chinese Checkers (USA, Europe).png</marquee></game>
<game><path>./Watara Supervision NoIntro/Classic Casino (USA, Europe).zip</path><name>Classic Casino (USA, Europe)</name><image>~/../thumbs/Watara - Supervision/Named_Snaps/Classic Casino (USA, Europe).png</image><titleshot>~/../thumbs/Watara - Supervision/Named_Titles/Classic Casino (USA, Europe).png</titleshot><thumbnail>~/../thumbs/Watara - Supervision/Named_Boxarts/Classic Casino (USA, Europe).png</thumbnail><marquee>~/../thumbs/Watara - Supervision/Named_Logos/Classic Casino (USA, Europe).png</marquee></game>
<game><path>./Watara Supervision NoIntro/Climber (USA, Europe).zip</path><name>Climber (USA, Europe)</name><image>~/../thumbs/Watara - Supervision/Named_Snaps/Climber (USA, Europe).png</image><titleshot>~/../thumbs/Watara - Supervision/Named_Titles/Climber (USA, Europe).png</titleshot><thumbnail>~/../thumbs/Watara - Supervision/Named_Boxarts/Climber (USA, Europe).png</thumbnail><marquee>~/../thumbs/Watara - Supervision/Named_Logos/Climber (USA, Europe).png</marquee></game>
<game><path>./Watara Supervision NoIntro/Cross High (USA, Europe) (Rev 1).zip</path><name>Cross High (USA, Europe) (Rev 1)</name><image>~/../thumbs/Watara - Supervision/Named_Snaps/Cross High (USA, Europe) (Rev 1).png</image><titleshot>~/../thumbs/Watara - Supervision/Named_Titles/Cross High (USA, Europe) (Rev 1).png</titleshot><thumbnail>~/../thumbs/Watara - Supervision/Named_Boxarts/Cross High (USA, Europe) (Rev 1).png</thumbnail><marquee>~/../thumbs/Watara - Supervision/Named_Logos/Cross High (USA, Europe) (Rev 1).png</marquee></game>
<game><path>./Watara Supervision NoIntro/Crystball (USA, Europe) (Rev 1).zip</path><name>Crystball (USA, Europe) (Rev 1)</name><image>~/../thumbs/Watara - Supervision/Named_Snaps/Crystball (USA, Europe) (Rev 1).png</image><titleshot>~/../thumbs/Watara - Supervision/Named_Titles/Crystball (USA, Europe) (Rev 1).png</titleshot><thumbnail>~/../thumbs/Watara - Supervision/Named_Boxarts/Crystball (USA, Europe) (Rev 1).png</thumbnail><marquee>~/../thumbs/Watara - Supervision/Named_Logos/Crystball (USA, Europe) (Rev 1).png</marquee></game>
<game><path>./Watara Supervision NoIntro/Crystball (USA, Europe).zip</path><name>Crystball (USA, Europe)</name><image>~/../thumbs/Watara - Supervision/Named_Snaps/Crystball (USA, Europe).png</image><titleshot>~/../thumbs/Watara - Supervision/Named_Titles/Crystball (USA, Europe).png</titleshot><thumbnail>~/../thumbs/Watara - Supervision/Named_Boxarts/Crystball (USA, Europe).png</thumbnail><marquee>~/../thumbs/Watara - Supervision/Named_Logos/Crystball (USA, Europe).png</marquee></game>
<game><path>./Watara Supervision NoIntro/Dancing Block (USA, Europe).zip</path><name>Dancing Block (USA, Europe)</name><image>~/../thumbs/Watara - Supervision/Named_Snaps/Dancing Block (USA, Europe).png</image><titleshot>~/../thumbs/Watara - Supervision/Named_Titles/Dancing Block (USA, Europe).png</titleshot><thumbnail>~/../thumbs/Watara - Supervision/Named_Boxarts/Dancing Block (USA, Europe).png</thumbnail><marquee>~/../thumbs/Watara - Supervision/Named_Logos/Dancing Block (USA, Europe).png</marquee></game>
<game><path>./Watara Supervision NoIntro/Delta Hero (USA, Europe).zip</path><name>Delta Hero (USA, Europe)</name><image>~/../thumbs/Watara - Supervision/Named_Snaps/Delta Hero (USA, Europe).png</image><titleshot>~/../thumbs/Watara - Supervision/Named_Titles/Delta Hero (USA, Europe).png</titleshot><thumbnail>~/../thumbs/Watara - Supervision/Named_Boxarts/Delta Hero (USA, Europe).png</thumbnail><marquee>~/../thumbs/Watara - Supervision/Named_Logos/Delta Hero (USA, Europe).png</marquee></game>
<game><path>./Watara Supervision NoIntro/Dream World (USA, Europe).zip</path><name>Dream World (USA, Europe)</name><image>~/../thumbs/Watara - Supervision/Named_Snaps/Dream World (USA, Europe).png</image><titleshot>~/../thumbs/Watara - Supervision/Named_Titles/Dream World (USA, Europe).png</titleshot><thumbnail>~/../thumbs/Watara - Supervision/Named_Boxarts/Dream World (USA, Europe).png</thumbnail><marquee>~/../thumbs/Watara - Supervision/Named_Logos/Dream World (USA, Europe).png</marquee></game>
<game><path>./Watara Supervision NoIntro/Eagle Plan (USA, Europe).zip</path><name>Eagle Plan (USA, Europe)</name><image>~/../thumbs/Watara - Supervision/Named_Snaps/Eagle Plan (USA, Europe).png</image><titleshot>~/../thumbs/Watara - Supervision/Named_Titles/Eagle Plan (USA, Europe).png</titleshot><thumbnail>~/../thumbs/Watara - Supervision/Named_Boxarts/Eagle Plan (USA, Europe).png</thumbnail><marquee>~/../thumbs/Watara - Supervision/Named_Logos/Eagle Plan (USA, Europe).png</marquee></game>
<game><path>./Watara Supervision NoIntro/Earth Defender (USA, Europe).zip</path><name>Earth Defender (USA, Europe)</name><image>~/../thumbs/Watara - Supervision/Named_Snaps/Earth Defender (USA, Europe).png</image><titleshot>~/../thumbs/Watara - Supervision/Named_Titles/Earth Defender (USA, Europe).png</titleshot><thumbnail>~/../thumbs/Watara - Supervision/Named_Boxarts/Earth Defender (USA, Europe).png</thumbnail><marquee>~/../thumbs/Watara - Supervision/Named_Logos/Earth Defender (USA, Europe).png</marquee></game>
<game><path>./Watara Supervision NoIntro/Fatal Craft (USA, Europe).zip</path><name>Fatal Craft (USA, Europe)</name><image>~/../thumbs/Watara - Supervision/Named_Snaps/Fatal Craft (USA, Europe).png</image><titleshot>~/../thumbs/Watara - Supervision/Named_Titles/Fatal Craft (USA, Europe).png</titleshot><thumbnail>~/../thumbs/Watara - Supervision/Named_Boxarts/Fatal Craft (USA, Europe).png</thumbnail><marquee>~/../thumbs/Watara - Supervision/Named_Logos/Fatal Craft (USA, Europe).png</marquee></game>
<game><path>./Watara Supervision NoIntro/Final Combat (USA, Europe).zip</path><name>Final Combat (USA, Europe)</name><image>~/../thumbs/Watara - Supervision/Named_Snaps/Final Combat (USA, Europe).png</image><titleshot>~/../thumbs/Watara - Supervision/Named_Titles/Final Combat (USA, Europe).png</titleshot><thumbnail>~/../thumbs/Watara - Supervision/Named_Boxarts/Final Combat (USA, Europe).png</thumbnail><marquee>~/../thumbs/Watara - Supervision/Named_Logos/Final Combat (USA, Europe).png</marquee></game>
<game><path>./Watara Supervision NoIntro/Galactic Crusader (USA, Europe).zip</path><name>Galactic Crusader (USA, Europe)</name><image>~/../thumbs/Watara - Supervision/Named_Snaps/Galactic Crusader (USA, Europe).png</image><titleshot>~/../thumbs/Watara - Supervision/Named_Titles/Galactic Crusader (USA, Europe).png</titleshot><thumbnail>~/../thumbs/Watara - Supervision/Named_Boxarts/Galactic Crusader (USA, Europe).png</thumbnail><marquee>~/../thumbs/Watara - Supervision/Named_Logos/Galactic Crusader (USA, Europe).png</marquee></game>
<game><path>./Watara Supervision NoIntro/Galaxy Fighter (USA, Europe).zip</path><name>Galaxy Fighter (USA, Europe)</name><image>~/../thumbs/Watara - Supervision/Named_Snaps/Galaxy Fighter (USA, Europe).png</image><titleshot>~/../thumbs/Watara - Supervision/Named_Titles/Galaxy Fighter (USA, Europe).png</titleshot><thumbnail>~/../thumbs/Watara - Supervision/Named_Boxarts/Galaxy Fighter (USA, Europe).png</thumbnail><marquee>~/../thumbs/Watara - Supervision/Named_Logos/Galaxy Fighter (USA, Europe).png</marquee></game>
<game><path>./Watara Supervision NoIntro/Grand Prix (USA, Europe).zip</path><name>Grand Prix (USA, Europe)</name><image>~/../thumbs/Watara - Supervision/Named_Snaps/Grand Prix (USA, Europe).png</image><titleshot>~/../thumbs/Watara - Supervision/Named_Titles/Grand Prix (USA, Europe).png</titleshot><thumbnail>~/../thumbs/Watara - Supervision/Named_Boxarts/Grand Prix (USA, Europe).png</thumbnail><marquee>~/../thumbs/Watara - Supervision/Named_Logos/Grand Prix (USA, Europe).png</marquee></game>
<game><path>./Watara Supervision NoIntro/Happy Pairs (USA, Europe).zip</path><name>Happy Pairs (USA, Europe)</name><image>~/../thumbs/Watara - Supervision/Named_Snaps/Happy Pairs (USA, Europe).png</image><titleshot>~/../thumbs/Watara - Supervision/Named_Titles/Happy Pairs (USA, Europe).png</titleshot><thumbnail>~/../thumbs/Watara - Supervision/Named_Boxarts/Happy Pairs (USA, Europe).png</thumbnail><marquee>~/../thumbs/Watara - Supervision/Named_Logos/Happy Pairs (USA, Europe).png</marquee></game>
<game><path>./Watara Supervision NoIntro/Happy Race (USA, Europe).zip</path><name>Happy Race (USA, Europe)</name><image>~/../thumbs/Watara - Supervision/Named_Snaps/Happy Race (USA, Europe).png</image><titleshot>~/../thumbs/Watara - Supervision/Named_Titles/Happy Race (USA, Europe).png</titleshot><thumbnail>~/../thumbs/Watara - Supervision/Named_Boxarts/Happy Race (USA, Europe).png</thumbnail><marquee>~/../thumbs/Watara - Supervision/Named_Logos/Happy Race (USA, Europe).png</marquee></game>
<game><path>./Watara Supervision NoIntro/Hash Blocks (USA, Europe) (Rev 1).zip</path><name>Hash Blocks (USA, Europe) (Rev 1)</name><image>~/../thumbs/Watara - Supervision/Named_Snaps/Hash Blocks (USA, Europe) (Rev 1).png</image><titleshot>~/../thumbs/Watara - Supervision/Named_Titles/Hash Blocks (USA, Europe) (Rev 1).png</titleshot><thumbnail>~/../thumbs/Watara - Supervision/Named_Boxarts/Hash Blocks (USA, Europe) (Rev 1).png</thumbnail><marquee>~/../thumbs/Watara - Supervision/Named_Logos/Hash Blocks (USA, Europe) (Rev 1).png</marquee></game>
<game><path>./Watara Supervision NoIntro/Hero Hawk (USA, Europe).zip</path><name>Hero Hawk (USA, Europe)</name><image>~/../thumbs/Watara - Supervision/Named_Snaps/Hero Hawk (USA, Europe).png</image><titleshot>~/../thumbs/Watara - Supervision/Named_Titles/Hero Hawk (USA, Europe).png</titleshot><thumbnail>~/../thumbs/Watara - Supervision/Named_Boxarts/Hero Hawk (USA, Europe).png</thumbnail><marquee>~/../thumbs/Watara - Supervision/Named_Logos/Hero Hawk (USA, Europe).png</marquee></game>
<game><path>./Watara Supervision NoIntro/Hero Kid (USA, Europe).zip</path><name>Hero Kid (USA, Europe)</name><image>~/../thumbs/Watara - Supervision/Named_Snaps/Hero Kid (USA, Europe).png</image><titleshot>~/../thumbs/Watara - Supervision/Named_Titles/Hero Kid (USA, Europe).png</titleshot><thumbnail>~/../thumbs/Watara - Supervision/Named_Boxarts/Hero Kid (USA, Europe).png</thumbnail><marquee>~/../thumbs/Watara - Supervision/Named_Logos/Hero Kid (USA, Europe).png</marquee></game>
<game><path>./Watara Supervision NoIntro/Honey Bee (USA, Europe).zip</path><name>Honey Bee (USA, Europe)</name><image>~/../thumbs/Watara - Supervision/Named_Snaps/Honey Bee (USA, Europe).png</image><titleshot>~/../thumbs/Watara - Supervision/Named_Titles/Honey Bee (USA, Europe).png</titleshot><thumbnail>~/../thumbs/Watara - Supervision/Named_Boxarts/Honey Bee (USA, Europe).png</thumbnail><marquee>~/../thumbs/Watara - Supervision/Named_Logos/Honey Bee (USA, Europe).png</marquee></game>
<game><path>./Watara Supervision NoIntro/Jacky Lucky (USA, Europe).zip</path><name>Jacky Lucky (USA, Europe)</name><image>~/../thumbs/Watara - Supervision/Named_Snaps/Jacky Lucky (USA, Europe).png</image><titleshot>~/../thumbs/Watara - Supervision/Named_Titles/Jacky Lucky (USA, Europe).png</titleshot><thumbnail>~/../thumbs/Watara - Supervision/Named_Boxarts/Jacky Lucky (USA, Europe).png</thumbnail><marquee>~/../thumbs/Watara - Supervision/Named_Logos/Jacky Lucky (USA, Europe).png</marquee></game>
<game><path>./Watara Supervision NoIntro/Jaguar Bomber (USA, Europe).zip</path><name>Jaguar Bomber (USA, Europe)</name><image>~/../thumbs/Watara - Supervision/Named_Snaps/Jaguar Bomber (USA, Europe).png</image><titleshot>~/../thumbs/Watara - Supervision/Named_Titles/Jaguar Bomber (USA, Europe).png</titleshot><thumbnail>~/../thumbs/Watara - Supervision/Named_Boxarts/Jaguar Bomber (USA, Europe).png</thumbnail><marquee>~/../thumbs/Watara - Supervision/Named_Logos/Jaguar Bomber (USA, Europe).png</marquee></game>
<game><path>./Watara Supervision NoIntro/John Adventure (USA, Europe).zip</path><name>John Adventure (USA, Europe)</name><image>~/../thumbs/Watara - Supervision/Named_Snaps/John Adventure (USA, Europe).png</image><titleshot>~/../thumbs/Watara - Supervision/Named_Titles/John Adventure (USA, Europe).png</titleshot><thumbnail>~/../thumbs/Watara - Supervision/Named_Boxarts/John Adventure (USA, Europe).png</thumbnail><marquee>~/../thumbs/Watara - Supervision/Named_Logos/John Adventure (USA, Europe).png</marquee></game>
<game><path>./Watara Supervision NoIntro/Journey to the West (USA).zip</path><name>Journey to the West (USA)</name><image>~/../thumbs/Watara - Supervision/Named_Snaps/Journey to the West (USA).png</image><titleshot>~/../thumbs/Watara - Supervision/Named_Titles/Journey to the West (USA).png</titleshot><thumbnail>~/../thumbs/Watara - Supervision/Named_Boxarts/Journey to the West (USA).png</thumbnail><marquee>~/../thumbs/Watara - Supervision/Named_Logos/Journey to the West (USA).png</marquee></game>
<game><path>./Watara Supervision NoIntro/Juggler (USA, Europe).zip</path><name>Juggler (USA, Europe)</name><image>~/../thumbs/Watara - Supervision/Named_Snaps/Juggler (USA, Europe).png</image><titleshot>~/../thumbs/Watara - Supervision/Named_Titles/Juggler (USA, Europe).png</titleshot><thumbnail>~/../thumbs/Watara - Supervision/Named_Boxarts/Juggler (USA, Europe).png</thumbnail><marquee>~/../thumbs/Watara - Supervision/Named_Logos/Juggler (USA, Europe).png</marquee></game>
<game><path>./Watara Supervision NoIntro/Kabi Island - Gold in Island (USA, Europe).zip</path><name>Kabi Island - Gold in Island (USA, Europe)</name><image>~/../thumbs/Watara - Supervision/Named_Snaps/Kabi Island - Gold in Island (USA, Europe).png</image><titleshot>~/../thumbs/Watara - Supervision/Named_Titles/Kabi Island - Gold in Island (USA, Europe).png</titleshot><thumbnail>~/../thumbs/Watara - Supervision/Named_Boxarts/Kabi Island - Gold in Island (USA, Europe).png</thumbnail><marquee>~/../thumbs/Watara - Supervision/Named_Logos/Kabi Island - Gold in Island (USA, Europe).png</marquee></game>
<game><path>./Watara Supervision NoIntro/Kitchen War (USA, Europe).zip</path><name>Kitchen War (USA, Europe)</name><image>~/../thumbs/Watara - Supervision/Named_Snaps/Kitchen War (USA, Europe).png</image><titleshot>~/../thumbs/Watara - Supervision/Named_Titles/Kitchen War (USA, Europe).png</titleshot><thumbnail>~/../thumbs/Watara - Supervision/Named_Boxarts/Kitchen War (USA, Europe).png</thumbnail><marquee>~/../thumbs/Watara - Supervision/Named_Logos/Kitchen War (USA, Europe).png</marquee></game>
<game><path>./Watara Supervision NoIntro/Kung-Fu Street (USA, Europe).zip</path><name>Kung-Fu Street (USA, Europe)</name><image>~/../thumbs/Watara - Supervision/Named_Snaps/Kung-Fu Street (USA, Europe).png</image><titleshot>~/../thumbs/Watara - Supervision/Named_Titles/Kung-Fu Street (USA, Europe).png</titleshot><thumbnail>~/../thumbs/Watara - Supervision/Named_Boxarts/Kung-Fu Street (USA, Europe).png</thumbnail><marquee>~/../thumbs/Watara - Supervision/Named_Logos/Kung-Fu Street (USA, Europe).png</marquee></game>
<game><path>./Watara Supervision NoIntro/Linear Racing (USA, Europe).zip</path><name>Linear Racing (USA, Europe)</name><image>~/../thumbs/Watara - Supervision/Named_Snaps/Linear Racing (USA, Europe).png</image><titleshot>~/../thumbs/Watara - Supervision/Named_Titles/Linear Racing (USA, Europe).png</titleshot><thumbnail>~/../thumbs/Watara - Supervision/Named_Boxarts/Linear Racing (USA, Europe).png</thumbnail><marquee>~/../thumbs/Watara - Supervision/Named_Logos/Linear Racing (USA, Europe).png</marquee></game>
<game><path>./Watara Supervision NoIntro/Magincross (USA, Europe).zip</path><name>Magincross (USA, Europe)</name><image>~/../thumbs/Watara - Supervision/Named_Snaps/Magincross (USA, Europe).png</image><titleshot>~/../thumbs/Watara - Supervision/Named_Titles/Magincross (USA, Europe).png</titleshot><thumbnail>~/../thumbs/Watara - Supervision/Named_Boxarts/Magincross (USA, Europe).png</thumbnail><marquee>~/../thumbs/Watara - Supervision/Named_Logos/Magincross (USA, Europe).png</marquee></game>
<game><path>./Watara Supervision NoIntro/Majong (USA, Europe).zip</path><name>Majong (USA, Europe)</name><image>~/../thumbs/Watara - Supervision/Named_Snaps/Majong (USA, Europe).png</image><titleshot>~/../thumbs/Watara - Supervision/Named_Titles/Majong (USA, Europe).png</titleshot><thumbnail>~/../thumbs/Watara - Supervision/Named_Boxarts/Majong (USA, Europe).png</thumbnail><marquee>~/../thumbs/Watara - Supervision/Named_Logos/Majong (USA, Europe).png</marquee></game>
<game><path>./Watara Supervision NoIntro/Matta Blatta (USA, Europe).zip</path><name>Matta Blatta (USA, Europe)</name><image>~/../thumbs/Watara - Supervision/Named_Snaps/Matta Blatta (USA, Europe).png</image><titleshot>~/../thumbs/Watara - Supervision/Named_Titles/Matta Blatta (USA, Europe).png</titleshot><thumbnail>~/../thumbs/Watara - Supervision/Named_Boxarts/Matta Blatta (USA, Europe).png</thumbnail><marquee>~/../thumbs/Watara - Supervision/Named_Logos/Matta Blatta (USA, Europe).png</marquee></game>
<game><path>./Watara Supervision NoIntro/Olympic Trials (USA, Europe).zip</path><name>Olympic Trials (USA, Europe)</name><image>~/../thumbs/Watara - Supervision/Named_Snaps/Olympic Trials (USA, Europe).png</image><titleshot>~/../thumbs/Watara - Supervision/Named_Titles/Olympic Trials (USA, Europe).png</titleshot><thumbnail>~/../thumbs/Watara - Supervision/Named_Boxarts/Olympic Trials (USA, Europe).png</thumbnail><marquee>~/../thumbs/Watara - Supervision/Named_Logos/Olympic Trials (USA, Europe).png</marquee></game>
<game><path>./Watara Supervision NoIntro/P-52 Sea Battle (USA, Europe).zip</path><name>P-52 Sea Battle (USA, Europe)</name><image>~/../thumbs/Watara - Supervision/Named_Snaps/P-52 Sea Battle (USA, Europe).png</image><titleshot>~/../thumbs/Watara - Supervision/Named_Titles/P-52 Sea Battle (USA, Europe).png</titleshot><thumbnail>~/../thumbs/Watara - Supervision/Named_Boxarts/P-52 Sea Battle (USA, Europe).png</thumbnail><marquee>~/../thumbs/Watara - Supervision/Named_Logos/P-52 Sea Battle (USA, Europe).png</marquee></game>
<game><path>./Watara Supervision NoIntro/PacBoy & Mouse (USA, Europe).zip</path><name>PacBoy & Mouse (USA, Europe)</name><image>~/../thumbs/Watara - Supervision/Named_Snaps/PacBoy & Mouse (USA, Europe).png</image><titleshot>~/../thumbs/Watara - Supervision/Named_Titles/PacBoy & Mouse (USA, Europe).png</titleshot><thumbnail>~/../thumbs/Watara - Supervision/Named_Boxarts/PacBoy & Mouse (USA, Europe).png</thumbnail><marquee>~/../thumbs/Watara - Supervision/Named_Logos/PacBoy & Mouse (USA, Europe).png</marquee></game>
<game><path>./Watara Supervision NoIntro/Pacific Battle (USA, Europe).zip</path><name>Pacific Battle (USA, Europe)</name><image>~/../thumbs/Watara - Supervision/Named_Snaps/Pacific Battle (USA, Europe).png</image><titleshot>~/../thumbs/Watara - Supervision/Named_Titles/Pacific Battle (USA, Europe).png</titleshot><thumbnail>~/../thumbs/Watara - Supervision/Named_Boxarts/Pacific Battle (USA, Europe).png</thumbnail><marquee>~/../thumbs/Watara - Supervision/Named_Logos/Pacific Battle (USA, Europe).png</marquee></game>
<game><path>./Watara Supervision NoIntro/Penguin Hideout (USA, Europe).zip</path><name>Penguin Hideout (USA, Europe)</name><image>~/../thumbs/Watara - Supervision/Named_Snaps/Penguin Hideout (USA, Europe).png</image><titleshot>~/../thumbs/Watara - Supervision/Named_Titles/Penguin Hideout (USA, Europe).png</titleshot><thumbnail>~/../thumbs/Watara - Supervision/Named_Boxarts/Penguin Hideout (USA, Europe).png</thumbnail><marquee>~/../thumbs/Watara - Supervision/Named_Logos/Penguin Hideout (USA, Europe).png</marquee></game>
<game><path>./Watara Supervision NoIntro/Police Bust (USA, Europe).zip</path><name>Police Bust (USA, Europe)</name><image>~/../thumbs/Watara - Supervision/Named_Snaps/Police Bust (USA, Europe).png</image><titleshot>~/../thumbs/Watara - Supervision/Named_Titles/Police Bust (USA, Europe).png</titleshot><thumbnail>~/../thumbs/Watara - Supervision/Named_Boxarts/Police Bust (USA, Europe).png</thumbnail><marquee>~/../thumbs/Watara - Supervision/Named_Logos/Police Bust (USA, Europe).png</marquee></game>
<game><path>./Watara Supervision NoIntro/Popo Team (USA, Europe).zip</path><name>Popo Team (USA, Europe)</name><image>~/../thumbs/Watara - Supervision/Named_Snaps/Popo Team (USA, Europe).png</image><titleshot>~/../thumbs/Watara - Supervision/Named_Titles/Popo Team (USA, Europe).png</titleshot><thumbnail>~/../thumbs/Watara - Supervision/Named_Boxarts/Popo Team (USA, Europe).png</thumbnail><marquee>~/../thumbs/Watara - Supervision/Named_Logos/Popo Team (USA, Europe).png</marquee></game>
<game><path>./Watara Supervision NoIntro/Pyramid (USA, Europe).zip</path><name>Pyramid (USA, Europe)</name><image>~/../thumbs/Watara - Supervision/Named_Snaps/Pyramid (USA, Europe).png</image><titleshot>~/../thumbs/Watara - Supervision/Named_Titles/Pyramid (USA, Europe).png</titleshot><thumbnail>~/../thumbs/Watara - Supervision/Named_Boxarts/Pyramid (USA, Europe).png</thumbnail><marquee>~/../thumbs/Watara - Supervision/Named_Logos/Pyramid (USA, Europe).png</marquee></game>
<game><path>./Watara Supervision NoIntro/Recycle Design (USA, Europe).zip</path><name>Recycle Design (USA, Europe)</name><image>~/../thumbs/Watara - Supervision/Named_Snaps/Recycle Design (USA, Europe).png</image><titleshot>~/../thumbs/Watara - Supervision/Named_Titles/Recycle Design (USA, Europe).png</titleshot><thumbnail>~/../thumbs/Watara - Supervision/Named_Boxarts/Recycle Design (USA, Europe).png</thumbnail><marquee>~/../thumbs/Watara - Supervision/Named_Logos/Recycle Design (USA, Europe).png</marquee></game>
<game><path>./Watara Supervision NoIntro/SSSnake (USA, Europe).zip</path><name>SSSnake (USA, Europe)</name><image>~/../thumbs/Watara - Supervision/Named_Snaps/SSSnake (USA, Europe).png</image><titleshot>~/../thumbs/Watara - Supervision/Named_Titles/SSSnake (USA, Europe).png</titleshot><thumbnail>~/../thumbs/Watara - Supervision/Named_Boxarts/SSSnake (USA, Europe).png</thumbnail><marquee>~/../thumbs/Watara - Supervision/Named_Logos/SSSnake (USA, Europe).png</marquee></game>
<game><path>./Watara Supervision NoIntro/Scaffolder (USA, Europe).zip</path><name>Scaffolder (USA, Europe)</name><image>~/../thumbs/Watara - Supervision/Named_Snaps/Scaffolder (USA, Europe).png</image><titleshot>~/../thumbs/Watara - Supervision/Named_Titles/Scaffolder (USA, Europe).png</titleshot><thumbnail>~/../thumbs/Watara - Supervision/Named_Boxarts/Scaffolder (USA, Europe).png</thumbnail><marquee>~/../thumbs/Watara - Supervision/Named_Logos/Scaffolder (USA, Europe).png</marquee></game>
<game><path>./Watara Supervision NoIntro/Soccer Champion (USA, Europe).zip</path><name>Soccer Champion (USA, Europe)</name><image>~/../thumbs/Watara - Supervision/Named_Snaps/Soccer Champion (USA, Europe).png</image><titleshot>~/../thumbs/Watara - Supervision/Named_Titles/Soccer Champion (USA, Europe).png</titleshot><thumbnail>~/../thumbs/Watara - Supervision/Named_Boxarts/Soccer Champion (USA, Europe).png</thumbnail><marquee>~/../thumbs/Watara - Supervision/Named_Logos/Soccer Champion (USA, Europe).png</marquee></game>
<game><path>./Watara Supervision NoIntro/Sonny X'Press (USA, Europe) (Beta).zip</path><name>Sonny X'Press (USA, Europe) (Beta)</name><image>~/../thumbs/Watara - Supervision/Named_Snaps/Sonny X'Press (USA, Europe) (Beta).png</image><titleshot>~/../thumbs/Watara - Supervision/Named_Titles/Sonny X'Press (USA, Europe) (Beta).png</titleshot><thumbnail>~/../thumbs/Watara - Supervision/Named_Boxarts/Sonny X'Press (USA, Europe) (Beta).png</thumbnail><marquee>~/../thumbs/Watara - Supervision/Named_Logos/Sonny X'Press (USA, Europe) (Beta).png</marquee><hidden>true</hidden></game>
<game><path>./Watara Supervision NoIntro/Sonny X'Press (USA, Europe).zip</path><name>Sonny X'Press (USA, Europe)</name><image>~/../thumbs/Watara - Supervision/Named_Snaps/Sonny X'Press (USA, Europe).png</image><titleshot>~/../thumbs/Watara - Supervision/Named_Titles/Sonny X'Press (USA, Europe).png</titleshot><thumbnail>~/../thumbs/Watara - Supervision/Named_Boxarts/Sonny X'Press (USA, Europe).png</thumbnail><marquee>~/../thumbs/Watara - Supervision/Named_Logos/Sonny X'Press (USA, Europe).png</marquee></game>
<game><path>./Watara Supervision NoIntro/Space Fighter (USA, Europe).zip</path><name>Space Fighter (USA, Europe)</name><image>~/../thumbs/Watara - Supervision/Named_Snaps/Space Fighter (USA, Europe).png</image><titleshot>~/../thumbs/Watara - Supervision/Named_Titles/Space Fighter (USA, Europe).png</titleshot><thumbnail>~/../thumbs/Watara - Supervision/Named_Boxarts/Space Fighter (USA, Europe).png</thumbnail><marquee>~/../thumbs/Watara - Supervision/Named_Logos/Space Fighter (USA, Europe).png</marquee></game>
<game><path>./Watara Supervision NoIntro/Super Block (USA, Europe).zip</path><name>Super Block (USA, Europe)</name><image>~/../thumbs/Watara - Supervision/Named_Snaps/Super Block (USA, Europe).png</image><titleshot>~/../thumbs/Watara - Supervision/Named_Titles/Super Block (USA, Europe).png</titleshot><thumbnail>~/../thumbs/Watara - Supervision/Named_Boxarts/Super Block (USA, Europe).png</thumbnail><marquee>~/../thumbs/Watara - Supervision/Named_Logos/Super Block (USA, Europe).png</marquee></game>
<game><path>./Watara Supervision NoIntro/Super Kong (USA, Europe).zip</path><name>Super Kong (USA, Europe)</name><image>~/../thumbs/Watara - Supervision/Named_Snaps/Super Kong (USA, Europe).png</image><titleshot>~/../thumbs/Watara - Supervision/Named_Titles/Super Kong (USA, Europe).png</titleshot><thumbnail>~/../thumbs/Watara - Supervision/Named_Boxarts/Super Kong (USA, Europe).png</thumbnail><marquee>~/../thumbs/Watara - Supervision/Named_Logos/Super Kong (USA, Europe).png</marquee></game>
<game><path>./Watara Supervision NoIntro/Super Pang (USA, Europe).zip</path><name>Super Pang (USA, Europe)</name><image>~/../thumbs/Watara - Supervision/Named_Snaps/Super Pang (USA, Europe).png</image><titleshot>~/../thumbs/Watara - Supervision/Named_Titles/Super Pang (USA, Europe).png</titleshot><thumbnail>~/../thumbs/Watara - Supervision/Named_Boxarts/Super Pang (USA, Europe).png</thumbnail><marquee>~/../thumbs/Watara - Supervision/Named_Logos/Super Pang (USA, Europe).png</marquee></game>
<game><path>./Watara Supervision NoIntro/TV-Link (USA, Europe).zip</path><name>TV-Link (USA, Europe)</name><image>~/../thumbs/Watara - Supervision/Named_Snaps/TV-Link (USA, Europe).png</image><titleshot>~/../thumbs/Watara - Supervision/Named_Titles/TV-Link (USA, Europe).png</titleshot><thumbnail>~/../thumbs/Watara - Supervision/Named_Boxarts/TV-Link (USA, Europe).png</thumbnail><marquee>~/../thumbs/Watara - Supervision/Named_Logos/TV-Link (USA, Europe).png</marquee></game>
<game><path>./Watara Supervision NoIntro/Tasac 2010 (USA, Europe).zip</path><name>Tasac 2010 (USA, Europe)</name><image>~/../thumbs/Watara - Supervision/Named_Snaps/Tasac 2010 (USA, Europe).png</image><titleshot>~/../thumbs/Watara - Supervision/Named_Titles/Tasac 2010 (USA, Europe).png</titleshot><thumbnail>~/../thumbs/Watara - Supervision/Named_Boxarts/Tasac 2010 (USA, Europe).png</thumbnail><marquee>~/../thumbs/Watara - Supervision/Named_Logos/Tasac 2010 (USA, Europe).png</marquee></game>
<game><path>./Watara Supervision NoIntro/Tennis Pro '92 (USA, Europe).zip</path><name>Tennis Pro '92 (USA, Europe)</name><image>~/../thumbs/Watara - Supervision/Named_Snaps/Tennis Pro '92 (USA, Europe).png</image><titleshot>~/../thumbs/Watara - Supervision/Named_Titles/Tennis Pro '92 (USA, Europe).png</titleshot><thumbnail>~/../thumbs/Watara - Supervision/Named_Boxarts/Tennis Pro '92 (USA, Europe).png</thumbnail><marquee>~/../thumbs/Watara - Supervision/Named_Logos/Tennis Pro '92 (USA, Europe).png</marquee></game>
<game><path>./Watara Supervision NoIntro/Thunder Shooting (USA, Europe).zip</path><name>Thunder Shooting (USA, Europe)</name><image>~/../thumbs/Watara - Supervision/Named_Snaps/Thunder Shooting (USA, Europe).png</image><titleshot>~/../thumbs/Watara - Supervision/Named_Titles/Thunder Shooting (USA, Europe).png</titleshot><thumbnail>~/../thumbs/Watara - Supervision/Named_Boxarts/Thunder Shooting (USA, Europe).png</thumbnail><marquee>~/../thumbs/Watara - Supervision/Named_Logos/Thunder Shooting (USA, Europe).png</marquee></game>
<game><path>./Watara Supervision NoIntro/Treasure Hunter (USA, Europe) (Rev 1).zip</path><name>Treasure Hunter (USA, Europe) (Rev 1)</name><image>~/../thumbs/Watara - Supervision/Named_Snaps/Treasure Hunter (USA, Europe) (Rev 1).png</image><titleshot>~/../thumbs/Watara - Supervision/Named_Titles/Treasure Hunter (USA, Europe) (Rev 1).png</titleshot><thumbnail>~/../thumbs/Watara - Supervision/Named_Boxarts/Treasure Hunter (USA, Europe) (Rev 1).png</thumbnail><marquee>~/../thumbs/Watara - Supervision/Named_Logos/Treasure Hunter (USA, Europe) (Rev 1).png</marquee></game>
<game><path>./Watara Supervision NoIntro/Treasure Hunter (USA, Europe).zip</path><name>Treasure Hunter (USA, Europe)</name><image>~/../thumbs/Watara - Supervision/Named_Snaps/Treasure Hunter (USA, Europe).png</image><titleshot>~/../thumbs/Watara - Supervision/Named_Titles/Treasure Hunter (USA, Europe).png</titleshot><thumbnail>~/../thumbs/Watara - Supervision/Named_Boxarts/Treasure Hunter (USA, Europe).png</thumbnail><marquee>~/../thumbs/Watara - Supervision/Named_Logos/Treasure Hunter (USA, Europe).png</marquee></game>
<game><path>./Watara Supervision NoIntro/Untouchable (USA, Europe).zip</path><name>Untouchable (USA, Europe)</name><image>~/../thumbs/Watara - Supervision/Named_Snaps/Untouchable (USA, Europe).png</image><titleshot>~/../thumbs/Watara - Supervision/Named_Titles/Untouchable (USA, Europe).png</titleshot><thumbnail>~/../thumbs/Watara - Supervision/Named_Boxarts/Untouchable (USA, Europe).png</thumbnail><marquee>~/../thumbs/Watara - Supervision/Named_Logos/Untouchable (USA, Europe).png</marquee></game>
<game><path>./Watara Supervision NoIntro/Witty Cat (USA, Europe).zip</path><name>Witty Cat (USA, Europe)</name><image>~/../thumbs/Watara - Supervision/Named_Snaps/Witty Cat (USA, Europe).png</image><titleshot>~/../thumbs/Watara - Supervision/Named_Titles/Witty Cat (USA, Europe).png</titleshot><thumbnail>~/../thumbs/Watara - Supervision/Named_Boxarts/Witty Cat (USA, Europe).png</thumbnail><marquee>~/../thumbs/Watara - Supervision/Named_Logos/Witty Cat (USA, Europe).png</marquee></game>
<folder><path>./Watara Supervision NoIntro</path><name>Watara Supervision NoIntro</name><image>~/../thumb/supervision.png</image></folder>
<game><path>./Watara Supervision TOSEC//home/runner/rom/TOSEC/Watara/Supervision/Games/Watara Supervision - Games.zip</path><name>/home/runner/rom/TOSEC/Watara/Supervision/Games/Watara Supervision - Games</name><image>~/../thumbs/Watara - Supervision/Named_Snaps//home/runner/rom/TOSEC/Watara/Supervision/Games/Watara Supervision - Games.png</image><titleshot>~/../thumbs/Watara - Supervision/Named_Titles//home/runner/rom/TOSEC/Watara/Supervision/Games/Watara Supervision - Games.png</titleshot><thumbnail>~/../thumbs/Watara - Supervision/Named_Boxarts//home/runner/rom/TOSEC/Watara/Supervision/Games/Watara Supervision - Games.png</thumbnail><marquee>~/../thumbs/Watara - Supervision/Named_Logos//home/runner/rom/TOSEC/Watara/Supervision/Games/Watara Supervision - Games.png</marquee></game>
<folder><path>./Watara Supervision TOSEC</path><name>Watara Supervision TOSEC</name><image>~/../thumb/supervision.png</image></folder>
</gameList>
