<?xml version="1.0" ?>
<gfx-xform version="1">
    <input file="../data/tiles.png" type="png" tile-width="6" tile-height="8" />
    <output file="../data/tiles.inc">
        <tiles var-name="tileset"/>
        <maps pointers-size="16">
		<map var-name="mapEmuzeLogo" left="0" top="0" width="3" height="3"/>
	    <map var-name="mapExtras" left="3" top="0" width="6" height="2"/>
		<map var-name="mapUnknown0" left="9" top="0" width="3" height="2"/>
	    <map var-name="mapUnknown1" left="12" top="0" width="3" height="2"/>
		<map var-name="mapUnknown2" left="15" top="0" width="3" height="2"/>
		<map var-name="mapKernel0" left="18" top="0" width="3" height="2"/>
		<map var-name="mapKernel1" left="21" top="0" width="3" height="2"/>
		<map var-name="mapKernel2" left="24" top="0" width="3" height="2"/>
		<map var-name="mapMegatris0" left="27" top="0" width="3" height="2"/>
		<map var-name="mapMegatris1" left="30" top="0" width="3" height="2"/>
		<map var-name="mapMegatris2" left="33" top="0" width="3" height="2"/>
		<map var-name="mapWhackAMole0" left="36" top="0" width="3" height="2"/>
		<map var-name="mapWhackAMole1" left="39" top="0" width="3" height="2"/>
		<map var-name="mapWhackAMole2" left="42" top="0" width="3" height="2"/>
		<map var-name="mapVoidFighter0" left="45" top="0" width="3" height="2"/>
		<map var-name="mapPong0" left="48" top="0" width="3" height="2"/>
		<map var-name="mapPong1" left="51" top="0" width="3" height="2"/>
		<map var-name="mapPong2" left="54" top="0" width="3" height="2"/>
		<map var-name="mapPong3" left="57" top="0" width="3" height="2"/>
		<map var-name="mapPong4" left="60" top="0" width="3" height="2"/>
		<map var-name="mapArkanoid0" left="3" top="2" width="3" height="2"/>
		<map var-name="mapArkanoid1" left="6" top="2" width="3" height="2"/>
		<map var-name="mapArkanoid2" left="9" top="2" width="3" height="2"/>
		<map var-name="mapDrMario0" left="12" top="2" width="3" height="2"/>
		<map var-name="mapDrMario1" left="15" top="2" width="3" height="2"/>
		<map var-name="mapDrMario2" left="18" top="2" width="3" height="2"/>
		<map var-name="mapSpaceInvaders0" left="21" top="2" width="3" height="2"/>
		<map var-name="mapSpaceInvaders1" left="24" top="2" width="3" height="2"/>
		<map var-name="mapSpaceInvaders2" left="27" top="2" width="3" height="2"/>
		<map var-name="mapPacman0" left="30" top="2" width="3" height="2"/>
		<map var-name="mapPacman1" left="33" top="2" width="3" height="2"/>
		<map var-name="mapPacman2" left="36" top="2" width="3" height="2"/>
		<map var-name="mapBcDash0" left="39" top="2" width="3" height="2"/>
		<map var-name="mapBcDash1" left="42" top="2" width="3" height="2"/>
		<map var-name="mapBcDash2" left="45" top="2" width="3" height="2"/>
		<map var-name="mapAdvOfLolo0" left="48" top="2" width="3" height="2"/>
		<map var-name="mapAdvOfLolo1" left="51" top="2" width="3" height="2"/>
		<map var-name="mapZombienator0" left="54" top="2" width="3" height="2"/>
		<map var-name="mapZombienator1" left="57" top="2" width="3" height="2"/>
		<map var-name="mapLodeRunner0" left="60" top="2" width="3" height="2"/>
		<map var-name="mapLodeRunner1" left="0" top="4" width="3" height="2"/>
		<map var-name="mapLodeRunner2" left="3" top="4" width="3" height="2"/>
		<map var-name="sokobanWorld0" left="6" top="4" width="3" height="2"/>
		<map var-name="sokobanWorld1" left="9" top="4" width="3" height="2"/>
	</maps>	
    </output>
</gfx-xform>
