<gameList>
<game><path>./Epoch SCV NoIntro/Astro Wars - Invaders from Space (Japan, France) (En).zip</path><name>Astro Wars - Invaders from Space (Japan, France) (En)</name><image>~/../thumbs/Epoch - Super Cassette Vision/Named_Snaps/Astro Wars - Invaders from Space (Japan, France) (En).png</image><titleshot>~/../thumbs/Epoch - Super Cassette Vision/Named_Titles/Astro Wars - Invaders from Space (Japan, France) (En).png</titleshot><thumbnail>~/../thumbs/Epoch - Super Cassette Vision/Named_Boxarts/Astro Wars - Invaders from Space (Japan, France) (En).png</thumbnail><marquee>~/../thumbs/Epoch - Super Cassette Vision/Named_Logos/Astro Wars - Invaders from Space (Japan, France) (En).png</marquee></game>
<game><path>./Epoch SCV NoIntro/Astro Wars II - Battle in Galaxy (Japan) (En).zip</path><name>Astro Wars II - Battle in Galaxy (Japan) (En)</name><image>~/../thumbs/Epoch - Super Cassette Vision/Named_Snaps/Astro Wars II - Battle in Galaxy (Japan) (En).png</image><titleshot>~/../thumbs/Epoch - Super Cassette Vision/Named_Titles/Astro Wars II - Battle in Galaxy (Japan) (En).png</titleshot><thumbnail>~/../thumbs/Epoch - Super Cassette Vision/Named_Boxarts/Astro Wars II - Battle in Galaxy (Japan) (En).png</thumbnail><marquee>~/../thumbs/Epoch - Super Cassette Vision/Named_Logos/Astro Wars II - Battle in Galaxy (Japan) (En).png</marquee></game>
<game><path>./Epoch SCV NoIntro/Basic Nyuumon (Japan) (En).zip</path><name>Basic Nyuumon (Japan) (En)</name><image>~/../thumbs/Epoch - Super Cassette Vision/Named_Snaps/Basic Nyuumon (Japan) (En).png</image><titleshot>~/../thumbs/Epoch - Super Cassette Vision/Named_Titles/Basic Nyuumon (Japan) (En).png</titleshot><thumbnail>~/../thumbs/Epoch - Super Cassette Vision/Named_Boxarts/Basic Nyuumon (Japan) (En).png</thumbnail><marquee>~/../thumbs/Epoch - Super Cassette Vision/Named_Logos/Basic Nyuumon (Japan) (En).png</marquee></game>
<game><path>./Epoch SCV NoIntro/Boulder Dash (France) (En).zip</path><name>Boulder Dash (France) (En)</name><image>~/../thumbs/Epoch - Super Cassette Vision/Named_Snaps/Boulder Dash (France) (En).png</image><titleshot>~/../thumbs/Epoch - Super Cassette Vision/Named_Titles/Boulder Dash (France) (En).png</titleshot><thumbnail>~/../thumbs/Epoch - Super Cassette Vision/Named_Boxarts/Boulder Dash (France) (En).png</thumbnail><marquee>~/../thumbs/Epoch - Super Cassette Vision/Named_Logos/Boulder Dash (France) (En).png</marquee></game>
<game><path>./Epoch SCV NoIntro/Boulder Dash (Japan) (En).zip</path><name>Boulder Dash (Japan) (En)</name><image>~/../thumbs/Epoch - Super Cassette Vision/Named_Snaps/Boulder Dash (Japan) (En).png</image><titleshot>~/../thumbs/Epoch - Super Cassette Vision/Named_Titles/Boulder Dash (Japan) (En).png</titleshot><thumbnail>~/../thumbs/Epoch - Super Cassette Vision/Named_Boxarts/Boulder Dash (Japan) (En).png</thumbnail><marquee>~/../thumbs/Epoch - Super Cassette Vision/Named_Logos/Boulder Dash (Japan) (En).png</marquee></game>
<game><path>./Epoch SCV NoIntro/Comic Circus (Japan) (En).zip</path><name>Comic Circus (Japan) (En)</name><image>~/../thumbs/Epoch - Super Cassette Vision/Named_Snaps/Comic Circus (Japan) (En).png</image><titleshot>~/../thumbs/Epoch - Super Cassette Vision/Named_Titles/Comic Circus (Japan) (En).png</titleshot><thumbnail>~/../thumbs/Epoch - Super Cassette Vision/Named_Boxarts/Comic Circus (Japan) (En).png</thumbnail><marquee>~/../thumbs/Epoch - Super Cassette Vision/Named_Logos/Comic Circus (Japan) (En).png</marquee></game>
<game><path>./Epoch SCV NoIntro/Doraemon (Japan) (En).zip</path><name>Doraemon (Japan) (En)</name><image>~/../thumbs/Epoch - Super Cassette Vision/Named_Snaps/Doraemon (Japan) (En).png</image><titleshot>~/../thumbs/Epoch - Super Cassette Vision/Named_Titles/Doraemon (Japan) (En).png</titleshot><thumbnail>~/../thumbs/Epoch - Super Cassette Vision/Named_Boxarts/Doraemon (Japan) (En).png</thumbnail><marquee>~/../thumbs/Epoch - Super Cassette Vision/Named_Logos/Doraemon (Japan) (En).png</marquee></game>
<game><path>./Epoch SCV NoIntro/Dragon Ball - Dragon Dai Hikyou (Japan) (En).zip</path><name>Dragon Ball - Dragon Dai Hikyou (Japan) (En)</name><image>~/../thumbs/Epoch - Super Cassette Vision/Named_Snaps/Dragon Ball - Dragon Dai Hikyou (Japan) (En).png</image><titleshot>~/../thumbs/Epoch - Super Cassette Vision/Named_Titles/Dragon Ball - Dragon Dai Hikyou (Japan) (En).png</titleshot><thumbnail>~/../thumbs/Epoch - Super Cassette Vision/Named_Boxarts/Dragon Ball - Dragon Dai Hikyou (Japan) (En).png</thumbnail><marquee>~/../thumbs/Epoch - Super Cassette Vision/Named_Logos/Dragon Ball - Dragon Dai Hikyou (Japan) (En).png</marquee></game>
<game><path>./Epoch SCV NoIntro/Dragon Slayer (Japan) (En).zip</path><name>Dragon Slayer (Japan) (En)</name><image>~/../thumbs/Epoch - Super Cassette Vision/Named_Snaps/Dragon Slayer (Japan) (En).png</image><titleshot>~/../thumbs/Epoch - Super Cassette Vision/Named_Titles/Dragon Slayer (Japan) (En).png</titleshot><thumbnail>~/../thumbs/Epoch - Super Cassette Vision/Named_Boxarts/Dragon Slayer (Japan) (En).png</thumbnail><marquee>~/../thumbs/Epoch - Super Cassette Vision/Named_Logos/Dragon Slayer (Japan) (En).png</marquee></game>
<game><path>./Epoch SCV NoIntro/Elevator Fight (Japan) (En).zip</path><name>Elevator Fight (Japan) (En)</name><image>~/../thumbs/Epoch - Super Cassette Vision/Named_Snaps/Elevator Fight (Japan) (En).png</image><titleshot>~/../thumbs/Epoch - Super Cassette Vision/Named_Titles/Elevator Fight (Japan) (En).png</titleshot><thumbnail>~/../thumbs/Epoch - Super Cassette Vision/Named_Boxarts/Elevator Fight (Japan) (En).png</thumbnail><marquee>~/../thumbs/Epoch - Super Cassette Vision/Named_Logos/Elevator Fight (Japan) (En).png</marquee></game>
<game><path>./Epoch SCV NoIntro/Kung Fu Road (Japan) (En).zip</path><name>Kung Fu Road (Japan) (En)</name><image>~/../thumbs/Epoch - Super Cassette Vision/Named_Snaps/Kung Fu Road (Japan) (En).png</image><titleshot>~/../thumbs/Epoch - Super Cassette Vision/Named_Titles/Kung Fu Road (Japan) (En).png</titleshot><thumbnail>~/../thumbs/Epoch - Super Cassette Vision/Named_Boxarts/Kung Fu Road (Japan) (En).png</thumbnail><marquee>~/../thumbs/Epoch - Super Cassette Vision/Named_Logos/Kung Fu Road (Japan) (En).png</marquee></game>
<game><path>./Epoch SCV NoIntro/Lupin Sansei (Japan) (En).zip</path><name>Lupin Sansei (Japan) (En)</name><image>~/../thumbs/Epoch - Super Cassette Vision/Named_Snaps/Lupin Sansei (Japan) (En).png</image><titleshot>~/../thumbs/Epoch - Super Cassette Vision/Named_Titles/Lupin Sansei (Japan) (En).png</titleshot><thumbnail>~/../thumbs/Epoch - Super Cassette Vision/Named_Boxarts/Lupin Sansei (Japan) (En).png</thumbnail><marquee>~/../thumbs/Epoch - Super Cassette Vision/Named_Logos/Lupin Sansei (Japan) (En).png</marquee></game>
<game><path>./Epoch SCV NoIntro/Mappy (Japan) (En).zip</path><name>Mappy (Japan) (En)</name><image>~/../thumbs/Epoch - Super Cassette Vision/Named_Snaps/Mappy (Japan) (En).png</image><titleshot>~/../thumbs/Epoch - Super Cassette Vision/Named_Titles/Mappy (Japan) (En).png</titleshot><thumbnail>~/../thumbs/Epoch - Super Cassette Vision/Named_Boxarts/Mappy (Japan) (En).png</thumbnail><marquee>~/../thumbs/Epoch - Super Cassette Vision/Named_Logos/Mappy (Japan) (En).png</marquee></game>
<game><path>./Epoch SCV NoIntro/Milky Princess (Japan) (En).zip</path><name>Milky Princess (Japan) (En)</name><image>~/../thumbs/Epoch - Super Cassette Vision/Named_Snaps/Milky Princess (Japan) (En).png</image><titleshot>~/../thumbs/Epoch - Super Cassette Vision/Named_Titles/Milky Princess (Japan) (En).png</titleshot><thumbnail>~/../thumbs/Epoch - Super Cassette Vision/Named_Boxarts/Milky Princess (Japan) (En).png</thumbnail><marquee>~/../thumbs/Epoch - Super Cassette Vision/Named_Logos/Milky Princess (Japan) (En).png</marquee></game>
<game><path>./Epoch SCV NoIntro/Miner 2049er (Japan) (En).zip</path><name>Miner 2049er (Japan) (En)</name><image>~/../thumbs/Epoch - Super Cassette Vision/Named_Snaps/Miner 2049er (Japan) (En).png</image><titleshot>~/../thumbs/Epoch - Super Cassette Vision/Named_Titles/Miner 2049er (Japan) (En).png</titleshot><thumbnail>~/../thumbs/Epoch - Super Cassette Vision/Named_Boxarts/Miner 2049er (Japan) (En).png</thumbnail><marquee>~/../thumbs/Epoch - Super Cassette Vision/Named_Logos/Miner 2049er (Japan) (En).png</marquee></game>
<game><path>./Epoch SCV NoIntro/Nebula (Japan) (En) (Alt).zip</path><name>Nebula (Japan) (En) (Alt)</name><image>~/../thumbs/Epoch - Super Cassette Vision/Named_Snaps/Nebula (Japan) (En) (Alt).png</image><titleshot>~/../thumbs/Epoch - Super Cassette Vision/Named_Titles/Nebula (Japan) (En) (Alt).png</titleshot><thumbnail>~/../thumbs/Epoch - Super Cassette Vision/Named_Boxarts/Nebula (Japan) (En) (Alt).png</thumbnail><marquee>~/../thumbs/Epoch - Super Cassette Vision/Named_Logos/Nebula (Japan) (En) (Alt).png</marquee><hidden>true</hidden></game>
<game><path>./Epoch SCV NoIntro/Nebula (Japan) (En).zip</path><name>Nebula (Japan) (En)</name><image>~/../thumbs/Epoch - Super Cassette Vision/Named_Snaps/Nebula (Japan) (En).png</image><titleshot>~/../thumbs/Epoch - Super Cassette Vision/Named_Titles/Nebula (Japan) (En).png</titleshot><thumbnail>~/../thumbs/Epoch - Super Cassette Vision/Named_Boxarts/Nebula (Japan) (En).png</thumbnail><marquee>~/../thumbs/Epoch - Super Cassette Vision/Named_Logos/Nebula (Japan) (En).png</marquee></game>
<game><path>./Epoch SCV NoIntro/Pole Position II (Japan) (En).zip</path><name>Pole Position II (Japan) (En)</name><image>~/../thumbs/Epoch - Super Cassette Vision/Named_Snaps/Pole Position II (Japan) (En).png</image><titleshot>~/../thumbs/Epoch - Super Cassette Vision/Named_Titles/Pole Position II (Japan) (En).png</titleshot><thumbnail>~/../thumbs/Epoch - Super Cassette Vision/Named_Boxarts/Pole Position II (Japan) (En).png</thumbnail><marquee>~/../thumbs/Epoch - Super Cassette Vision/Named_Logos/Pole Position II (Japan) (En).png</marquee></game>
<game><path>./Epoch SCV NoIntro/Pop & Chips (Japan) (En).zip</path><name>Pop & Chips (Japan) (En)</name><image>~/../thumbs/Epoch - Super Cassette Vision/Named_Snaps/Pop & Chips (Japan) (En).png</image><titleshot>~/../thumbs/Epoch - Super Cassette Vision/Named_Titles/Pop & Chips (Japan) (En).png</titleshot><thumbnail>~/../thumbs/Epoch - Super Cassette Vision/Named_Boxarts/Pop & Chips (Japan) (En).png</thumbnail><marquee>~/../thumbs/Epoch - Super Cassette Vision/Named_Logos/Pop & Chips (Japan) (En).png</marquee></game>
<game><path>./Epoch SCV NoIntro/Professional Wrestling (Japan) (En).zip</path><name>Professional Wrestling (Japan) (En)</name><image>~/../thumbs/Epoch - Super Cassette Vision/Named_Snaps/Professional Wrestling (Japan) (En).png</image><titleshot>~/../thumbs/Epoch - Super Cassette Vision/Named_Titles/Professional Wrestling (Japan) (En).png</titleshot><thumbnail>~/../thumbs/Epoch - Super Cassette Vision/Named_Boxarts/Professional Wrestling (Japan) (En).png</thumbnail><marquee>~/../thumbs/Epoch - Super Cassette Vision/Named_Logos/Professional Wrestling (Japan) (En).png</marquee></game>
<game><path>./Epoch SCV NoIntro/Punch Boy (Japan) (En).zip</path><name>Punch Boy (Japan) (En)</name><image>~/../thumbs/Epoch - Super Cassette Vision/Named_Snaps/Punch Boy (Japan) (En).png</image><titleshot>~/../thumbs/Epoch - Super Cassette Vision/Named_Titles/Punch Boy (Japan) (En).png</titleshot><thumbnail>~/../thumbs/Epoch - Super Cassette Vision/Named_Boxarts/Punch Boy (Japan) (En).png</thumbnail><marquee>~/../thumbs/Epoch - Super Cassette Vision/Named_Logos/Punch Boy (Japan) (En).png</marquee></game>
<game><path>./Epoch SCV NoIntro/Real Graphic Mahjongg (Japan).zip</path><name>Real Graphic Mahjongg (Japan)</name><image>~/../thumbs/Epoch - Super Cassette Vision/Named_Snaps/Real Graphic Mahjongg (Japan).png</image><titleshot>~/../thumbs/Epoch - Super Cassette Vision/Named_Titles/Real Graphic Mahjongg (Japan).png</titleshot><thumbnail>~/../thumbs/Epoch - Super Cassette Vision/Named_Boxarts/Real Graphic Mahjongg (Japan).png</thumbnail><marquee>~/../thumbs/Epoch - Super Cassette Vision/Named_Logos/Real Graphic Mahjongg (Japan).png</marquee></game>
<game><path>./Epoch SCV NoIntro/Sansupyuta (Japan) (En).zip</path><name>Sansupyuta (Japan) (En)</name><image>~/../thumbs/Epoch - Super Cassette Vision/Named_Snaps/Sansupyuta (Japan) (En).png</image><titleshot>~/../thumbs/Epoch - Super Cassette Vision/Named_Titles/Sansupyuta (Japan) (En).png</titleshot><thumbnail>~/../thumbs/Epoch - Super Cassette Vision/Named_Boxarts/Sansupyuta (Japan) (En).png</thumbnail><marquee>~/../thumbs/Epoch - Super Cassette Vision/Named_Logos/Sansupyuta (Japan) (En).png</marquee></game>
<game><path>./Epoch SCV NoIntro/Shougi Nyuumon (Japan).zip</path><name>Shougi Nyuumon (Japan)</name><image>~/../thumbs/Epoch - Super Cassette Vision/Named_Snaps/Shougi Nyuumon (Japan).png</image><titleshot>~/../thumbs/Epoch - Super Cassette Vision/Named_Titles/Shougi Nyuumon (Japan).png</titleshot><thumbnail>~/../thumbs/Epoch - Super Cassette Vision/Named_Boxarts/Shougi Nyuumon (Japan).png</thumbnail><marquee>~/../thumbs/Epoch - Super Cassette Vision/Named_Logos/Shougi Nyuumon (Japan).png</marquee></game>
<game><path>./Epoch SCV NoIntro/Sky Kid (Japan) (En).zip</path><name>Sky Kid (Japan) (En)</name><image>~/../thumbs/Epoch - Super Cassette Vision/Named_Snaps/Sky Kid (Japan) (En).png</image><titleshot>~/../thumbs/Epoch - Super Cassette Vision/Named_Titles/Sky Kid (Japan) (En).png</titleshot><thumbnail>~/../thumbs/Epoch - Super Cassette Vision/Named_Boxarts/Sky Kid (Japan) (En).png</thumbnail><marquee>~/../thumbs/Epoch - Super Cassette Vision/Named_Logos/Sky Kid (Japan) (En).png</marquee></game>
<game><path>./Epoch SCV NoIntro/Star Speeder (Japan) (En).zip</path><name>Star Speeder (Japan) (En)</name><image>~/../thumbs/Epoch - Super Cassette Vision/Named_Snaps/Star Speeder (Japan) (En).png</image><titleshot>~/../thumbs/Epoch - Super Cassette Vision/Named_Titles/Star Speeder (Japan) (En).png</titleshot><thumbnail>~/../thumbs/Epoch - Super Cassette Vision/Named_Boxarts/Star Speeder (Japan) (En).png</thumbnail><marquee>~/../thumbs/Epoch - Super Cassette Vision/Named_Logos/Star Speeder (Japan) (En).png</marquee></game>
<game><path>./Epoch SCV NoIntro/Super Baseball (Japan) (En).zip</path><name>Super Baseball (Japan) (En)</name><image>~/../thumbs/Epoch - Super Cassette Vision/Named_Snaps/Super Baseball (Japan) (En).png</image><titleshot>~/../thumbs/Epoch - Super Cassette Vision/Named_Titles/Super Baseball (Japan) (En).png</titleshot><thumbnail>~/../thumbs/Epoch - Super Cassette Vision/Named_Boxarts/Super Baseball (Japan) (En).png</thumbnail><marquee>~/../thumbs/Epoch - Super Cassette Vision/Named_Logos/Super Baseball (Japan) (En).png</marquee></game>
<game><path>./Epoch SCV NoIntro/Super Golf (Japan) (En).zip</path><name>Super Golf (Japan) (En)</name><image>~/../thumbs/Epoch - Super Cassette Vision/Named_Snaps/Super Golf (Japan) (En).png</image><titleshot>~/../thumbs/Epoch - Super Cassette Vision/Named_Titles/Super Golf (Japan) (En).png</titleshot><thumbnail>~/../thumbs/Epoch - Super Cassette Vision/Named_Boxarts/Super Golf (Japan) (En).png</thumbnail><marquee>~/../thumbs/Epoch - Super Cassette Vision/Named_Logos/Super Golf (Japan) (En).png</marquee></game>
<game><path>./Epoch SCV NoIntro/Super Soccer (France) (En).zip</path><name>Super Soccer (France) (En)</name><image>~/../thumbs/Epoch - Super Cassette Vision/Named_Snaps/Super Soccer (France) (En).png</image><titleshot>~/../thumbs/Epoch - Super Cassette Vision/Named_Titles/Super Soccer (France) (En).png</titleshot><thumbnail>~/../thumbs/Epoch - Super Cassette Vision/Named_Boxarts/Super Soccer (France) (En).png</thumbnail><marquee>~/../thumbs/Epoch - Super Cassette Vision/Named_Logos/Super Soccer (France) (En).png</marquee></game>
<game><path>./Epoch SCV NoIntro/Super Soccer (Japan) (En).zip</path><name>Super Soccer (Japan) (En)</name><image>~/../thumbs/Epoch - Super Cassette Vision/Named_Snaps/Super Soccer (Japan) (En).png</image><titleshot>~/../thumbs/Epoch - Super Cassette Vision/Named_Titles/Super Soccer (Japan) (En).png</titleshot><thumbnail>~/../thumbs/Epoch - Super Cassette Vision/Named_Boxarts/Super Soccer (Japan) (En).png</thumbnail><marquee>~/../thumbs/Epoch - Super Cassette Vision/Named_Logos/Super Soccer (Japan) (En).png</marquee></game>
<game><path>./Epoch SCV NoIntro/Ton Ton Ball (Japan) (En).zip</path><name>Ton Ton Ball (Japan) (En)</name><image>~/../thumbs/Epoch - Super Cassette Vision/Named_Snaps/Ton Ton Ball (Japan) (En).png</image><titleshot>~/../thumbs/Epoch - Super Cassette Vision/Named_Titles/Ton Ton Ball (Japan) (En).png</titleshot><thumbnail>~/../thumbs/Epoch - Super Cassette Vision/Named_Boxarts/Ton Ton Ball (Japan) (En).png</thumbnail><marquee>~/../thumbs/Epoch - Super Cassette Vision/Named_Logos/Ton Ton Ball (Japan) (En).png</marquee></game>
<game><path>./Epoch SCV NoIntro/Wai Wai Monster Land (Japan) (En).zip</path><name>Wai Wai Monster Land (Japan) (En)</name><image>~/../thumbs/Epoch - Super Cassette Vision/Named_Snaps/Wai Wai Monster Land (Japan) (En).png</image><titleshot>~/../thumbs/Epoch - Super Cassette Vision/Named_Titles/Wai Wai Monster Land (Japan) (En).png</titleshot><thumbnail>~/../thumbs/Epoch - Super Cassette Vision/Named_Boxarts/Wai Wai Monster Land (Japan) (En).png</thumbnail><marquee>~/../thumbs/Epoch - Super Cassette Vision/Named_Logos/Wai Wai Monster Land (Japan) (En).png</marquee></game>
<game><path>./Epoch SCV NoIntro/Wheelie Racer (Japan, France) (En).zip</path><name>Wheelie Racer (Japan, France) (En)</name><image>~/../thumbs/Epoch - Super Cassette Vision/Named_Snaps/Wheelie Racer (Japan, France) (En).png</image><titleshot>~/../thumbs/Epoch - Super Cassette Vision/Named_Titles/Wheelie Racer (Japan, France) (En).png</titleshot><thumbnail>~/../thumbs/Epoch - Super Cassette Vision/Named_Boxarts/Wheelie Racer (Japan, France) (En).png</thumbnail><marquee>~/../thumbs/Epoch - Super Cassette Vision/Named_Logos/Wheelie Racer (Japan, France) (En).png</marquee></game>
<game><path>./Epoch SCV NoIntro/[BIOS] Super Cassette Vision (Japan, France) (En).zip</path><name>[BIOS] Super Cassette Vision (Japan, France) (En)</name><image>~/../thumbs/Epoch - Super Cassette Vision/Named_Snaps/[BIOS] Super Cassette Vision (Japan, France) (En).png</image><titleshot>~/../thumbs/Epoch - Super Cassette Vision/Named_Titles/[BIOS] Super Cassette Vision (Japan, France) (En).png</titleshot><thumbnail>~/../thumbs/Epoch - Super Cassette Vision/Named_Boxarts/[BIOS] Super Cassette Vision (Japan, France) (En).png</thumbnail><marquee>~/../thumbs/Epoch - Super Cassette Vision/Named_Logos/[BIOS] Super Cassette Vision (Japan, France) (En).png</marquee><hidden>true</hidden></game>
<folder><path>./Epoch SCV NoIntro</path><name>Epoch SCV NoIntro</name><image>~/../thumb/scv.png</image></folder>
<game><path>./Epoch SCV TOSEC//home/runner/rom/TOSEC/Epoch/Super Cassette Vision/Games/Epoch Super Cassette Vision - Games.zip</path><name>/home/runner/rom/TOSEC/Epoch/Super Cassette Vision/Games/Epoch Super Cassette Vision - Games</name><image>~/../thumbs/Epoch - Super Cassette Vision/Named_Snaps//home/runner/rom/TOSEC/Epoch/Super Cassette Vision/Games/Epoch Super Cassette Vision - Games.png</image><titleshot>~/../thumbs/Epoch - Super Cassette Vision/Named_Titles//home/runner/rom/TOSEC/Epoch/Super Cassette Vision/Games/Epoch Super Cassette Vision - Games.png</titleshot><thumbnail>~/../thumbs/Epoch - Super Cassette Vision/Named_Boxarts//home/runner/rom/TOSEC/Epoch/Super Cassette Vision/Games/Epoch Super Cassette Vision - Games.png</thumbnail><marquee>~/../thumbs/Epoch - Super Cassette Vision/Named_Logos//home/runner/rom/TOSEC/Epoch/Super Cassette Vision/Games/Epoch Super Cassette Vision - Games.png</marquee></game>
<folder><path>./Epoch SCV TOSEC</path><name>Epoch SCV TOSEC</name><image>~/../thumb/scv.png</image></folder>
</gameList>
