<gameList>
<game><path>./Merged/auto.zip</path><name>auto</name><image>~/../thumbs/Tesla - PMD 85/Named_Snaps/auto.png</image></game>
<game><path>./Merged/bas20dem.zip</path><name>bas20dem</name><image>~/../thumbs/Tesla - PMD 85/Named_Snaps/bas20dem.png</image></game>
<game><path>./Merged/bdash.zip</path><name>bdash</name><image>~/../thumbs/Tesla - PMD 85/Named_Snaps/bdash.png</image></game>
<game><path>./Merged/bludiste.zip</path><name>bludiste</name><image>~/../thumbs/Tesla - PMD 85/Named_Snaps/bludiste.png</image></game>
<game><path>./Merged/bombard.zip</path><name>bombard</name><image>~/../thumbs/Tesla - PMD 85/Named_Snaps/bombard.png</image></game>
<game><path>./Merged/cirkus.zip</path><name>cirkus</name><image>~/../thumbs/Tesla - PMD 85/Named_Snaps/cirkus.png</image></game>
<game><path>./Merged/copytape.zip</path><name>copytape</name><image>~/../thumbs/Tesla - PMD 85/Named_Snaps/copytape.png</image></game>
<game><path>./Merged/dam2.zip</path><name>dam2</name><image>~/../thumbs/Tesla - PMD 85/Named_Snaps/dam2.png</image></game>
<game><path>./Merged/datpmd.zip</path><name>datpmd</name><image>~/../thumbs/Tesla - PMD 85/Named_Snaps/datpmd.png</image></game>
<game><path>./Merged/devutils.zip</path><name>devutils</name><image>~/../thumbs/Tesla - PMD 85/Named_Snaps/devutils.png</image></game>
<game><path>./Merged/evidence.zip</path><name>evidence</name><image>~/../thumbs/Tesla - PMD 85/Named_Snaps/evidence.png</image></game>
<game><path>./Merged/faraonov.zip</path><name>faraonov</name><image>~/../thumbs/Tesla - PMD 85/Named_Snaps/faraonov.png</image></game>
<game><path>./Merged/flappy.zip</path><name>flappy</name><image>~/../thumbs/Tesla - PMD 85/Named_Snaps/flappy.png</image></game>
<game><path>./Merged/fred.zip</path><name>fred</name><image>~/../thumbs/Tesla - PMD 85/Named_Snaps/fred.png</image></game>
<game><path>./Merged/galaxia.zip</path><name>galaxia</name><image>~/../thumbs/Tesla - PMD 85/Named_Snaps/galaxia.png</image></game>
<game><path>./Merged/game4004.zip</path><name>game4004</name><image>~/../thumbs/Tesla - PMD 85/Named_Snaps/game4004.png</image></game>
<game><path>./Merged/games1.zip</path><name>games1</name><image>~/../thumbs/Tesla - PMD 85/Named_Snaps/games1.png</image></game>
<game><path>./Merged/games2.zip</path><name>games2</name><image>~/../thumbs/Tesla - PMD 85/Named_Snaps/games2.png</image></game>
<game><path>./Merged/games3.zip</path><name>games3</name><image>~/../thumbs/Tesla - PMD 85/Named_Snaps/games3.png</image></game>
<game><path>./Merged/gameslib.zip</path><name>gameslib</name><image>~/../thumbs/Tesla - PMD 85/Named_Snaps/gameslib.png</image></game>
<game><path>./Merged/gamesrm.zip</path><name>gamesrm</name><image>~/../thumbs/Tesla - PMD 85/Named_Snaps/gamesrm.png</image></game>
<game><path>./Merged/gamesvbg.zip</path><name>gamesvbg</name><image>~/../thumbs/Tesla - PMD 85/Named_Snaps/gamesvbg.png</image></game>
<game><path>./Merged/gr.zip</path><name>gr</name><image>~/../thumbs/Tesla - PMD 85/Named_Snaps/gr.png</image></game>
<game><path>./Merged/grdemo.zip</path><name>grdemo</name><image>~/../thumbs/Tesla - PMD 85/Named_Snaps/grdemo.png</image></game>
<game><path>./Merged/gred.zip</path><name>gred</name><image>~/../thumbs/Tesla - PMD 85/Named_Snaps/gred.png</image></game>
<game><path>./Merged/grep.zip</path><name>grep</name><image>~/../thumbs/Tesla - PMD 85/Named_Snaps/grep.png</image></game>
<game><path>./Merged/hlipa.zip</path><name>hlipa</name><image>~/../thumbs/Tesla - PMD 85/Named_Snaps/hlipa.png</image></game>
<game><path>./Merged/horac.zip</path><name>horac</name><image>~/../thumbs/Tesla - PMD 85/Named_Snaps/horac.png</image></game>
<game><path>./Merged/hry1.zip</path><name>hry1</name><image>~/../thumbs/Tesla - PMD 85/Named_Snaps/hry1.png</image></game>
<game><path>./Merged/hry2.zip</path><name>hry2</name><image>~/../thumbs/Tesla - PMD 85/Named_Snaps/hry2.png</image></game>
<game><path>./Merged/karel.zip</path><name>karel</name><image>~/../thumbs/Tesla - PMD 85/Named_Snaps/karel.png</image></game>
<game><path>./Merged/krivky.zip</path><name>krivky</name><image>~/../thumbs/Tesla - PMD 85/Named_Snaps/krivky.png</image></game>
<game><path>./Merged/kstudio.zip</path><name>kstudio</name><image>~/../thumbs/Tesla - PMD 85/Named_Snaps/kstudio.png</image></game>
<game><path>./Merged/kurca.zip</path><name>kurca</name><image>~/../thumbs/Tesla - PMD 85/Named_Snaps/kurca.png</image></game>
<game><path>./Merged/kuriatko.zip</path><name>kuriatko</name><image>~/../thumbs/Tesla - PMD 85/Named_Snaps/kuriatko.png</image></game>
<game><path>./Merged/lemm256k.zip</path><name>lemm256k</name><image>~/../thumbs/Tesla - PMD 85/Named_Snaps/lemm256k.png</image></game>
<game><path>./Merged/lemmings.zip</path><name>lemmings</name><image>~/../thumbs/Tesla - PMD 85/Named_Snaps/lemmings.png</image></game>
<game><path>./Merged/logo.zip</path><name>logo</name><image>~/../thumbs/Tesla - PMD 85/Named_Snaps/logo.png</image></game>
<game><path>./Merged/manicmin.zip</path><name>manicmin</name><image>~/../thumbs/Tesla - PMD 85/Named_Snaps/manicmin.png</image></game>
<game><path>./Merged/mestorob.zip</path><name>mestorob</name><image>~/../thumbs/Tesla - PMD 85/Named_Snaps/mestorob.png</image></game>
<game><path>./Merged/mrs.zip</path><name>mrs</name><image>~/../thumbs/Tesla - PMD 85/Named_Snaps/mrs.png</image></game>
<game><path>./Merged/musica.zip</path><name>musica</name><image>~/../thumbs/Tesla - PMD 85/Named_Snaps/musica.png</image></game>
<game><path>./Merged/pampuch.zip</path><name>pampuch</name><image>~/../thumbs/Tesla - PMD 85/Named_Snaps/pampuch.png</image></game>
<game><path>./Merged/penetrat.zip</path><name>penetrat</name><image>~/../thumbs/Tesla - PMD 85/Named_Snaps/penetrat.png</image></game>
<game><path>./Merged/pexeso.zip</path><name>pexeso</name><image>~/../thumbs/Tesla - PMD 85/Named_Snaps/pexeso.png</image></game>
<game><path>./Merged/piskvork.zip</path><name>piskvork</name><image>~/../thumbs/Tesla - PMD 85/Named_Snaps/piskvork.png</image></game>
<game><path>./Merged/princjas.zip</path><name>princjas</name><image>~/../thumbs/Tesla - PMD 85/Named_Snaps/princjas.png</image></game>
<game><path>./Merged/rozne.zip</path><name>rozne</name><image>~/../thumbs/Tesla - PMD 85/Named_Snaps/rozne.png</image></game>
<game><path>./Merged/rozne_1.zip</path><name>rozne_1</name><image>~/../thumbs/Tesla - PMD 85/Named_Snaps/rozne_1.png</image></game>
<game><path>./Merged/saboter.zip</path><name>saboter</name><image>~/../thumbs/Tesla - PMD 85/Named_Snaps/saboter.png</image></game>
<game><path>./Merged/skladate.zip</path><name>skladate</name><image>~/../thumbs/Tesla - PMD 85/Named_Snaps/skladate.png</image></game>
<game><path>./Merged/tava.zip</path><name>tava</name><image>~/../thumbs/Tesla - PMD 85/Named_Snaps/tava.png</image></game>
<game><path>./Merged/texted.zip</path><name>texted</name><image>~/../thumbs/Tesla - PMD 85/Named_Snaps/texted.png</image></game>
<game><path>./Merged/vegrap.zip</path><name>vegrap</name><image>~/../thumbs/Tesla - PMD 85/Named_Snaps/vegrap.png</image></game>
<game><path>./Merged/wurmi.zip</path><name>wurmi</name><image>~/../thumbs/Tesla - PMD 85/Named_Snaps/wurmi.png</image></game>
<game><path>./Merged/zaby.zip</path><name>zaby</name><image>~/../thumbs/Tesla - PMD 85/Named_Snaps/zaby.png</image></game>
<game><path>./Merged/zed.zip</path><name>zed</name><image>~/../thumbs/Tesla - PMD 85/Named_Snaps/zed.png</image></game>
<folder><path>./Merged</path><name>Merged</name><image>~/../thumb/pmd85.png</image></folder>
<game><path>./Split/auto.zip</path><name>auto</name><image>~/../thumbs/Tesla - PMD 85/Named_Snaps/auto.png</image></game>
<game><path>./Split/bas20dem.zip</path><name>bas20dem</name><image>~/../thumbs/Tesla - PMD 85/Named_Snaps/bas20dem.png</image></game>
<game><path>./Split/bdash.zip</path><name>bdash</name><image>~/../thumbs/Tesla - PMD 85/Named_Snaps/bdash.png</image></game>
<game><path>./Split/bludiste.zip</path><name>bludiste</name><image>~/../thumbs/Tesla - PMD 85/Named_Snaps/bludiste.png</image></game>
<game><path>./Split/bombard.zip</path><name>bombard</name><image>~/../thumbs/Tesla - PMD 85/Named_Snaps/bombard.png</image></game>
<game><path>./Split/cirkus.zip</path><name>cirkus</name><image>~/../thumbs/Tesla - PMD 85/Named_Snaps/cirkus.png</image></game>
<game><path>./Split/copytape.zip</path><name>copytape</name><image>~/../thumbs/Tesla - PMD 85/Named_Snaps/copytape.png</image></game>
<game><path>./Split/dam2.zip</path><name>dam2</name><image>~/../thumbs/Tesla - PMD 85/Named_Snaps/dam2.png</image></game>
<game><path>./Split/datpmd.zip</path><name>datpmd</name><image>~/../thumbs/Tesla - PMD 85/Named_Snaps/datpmd.png</image></game>
<game><path>./Split/devutils.zip</path><name>devutils</name><image>~/../thumbs/Tesla - PMD 85/Named_Snaps/devutils.png</image></game>
<game><path>./Split/evidence.zip</path><name>evidence</name><image>~/../thumbs/Tesla - PMD 85/Named_Snaps/evidence.png</image></game>
<game><path>./Split/faraonov.zip</path><name>faraonov</name><image>~/../thumbs/Tesla - PMD 85/Named_Snaps/faraonov.png</image></game>
<game><path>./Split/flappy.zip</path><name>flappy</name><image>~/../thumbs/Tesla - PMD 85/Named_Snaps/flappy.png</image></game>
<game><path>./Split/fred.zip</path><name>fred</name><image>~/../thumbs/Tesla - PMD 85/Named_Snaps/fred.png</image></game>
<game><path>./Split/galaxia.zip</path><name>galaxia</name><image>~/../thumbs/Tesla - PMD 85/Named_Snaps/galaxia.png</image></game>
<game><path>./Split/game4004.zip</path><name>game4004</name><image>~/../thumbs/Tesla - PMD 85/Named_Snaps/game4004.png</image></game>
<game><path>./Split/games1.zip</path><name>games1</name><image>~/../thumbs/Tesla - PMD 85/Named_Snaps/games1.png</image></game>
<game><path>./Split/games2.zip</path><name>games2</name><image>~/../thumbs/Tesla - PMD 85/Named_Snaps/games2.png</image></game>
<game><path>./Split/games3.zip</path><name>games3</name><image>~/../thumbs/Tesla - PMD 85/Named_Snaps/games3.png</image></game>
<game><path>./Split/gameslib.zip</path><name>gameslib</name><image>~/../thumbs/Tesla - PMD 85/Named_Snaps/gameslib.png</image></game>
<game><path>./Split/gamesrm.zip</path><name>gamesrm</name><image>~/../thumbs/Tesla - PMD 85/Named_Snaps/gamesrm.png</image></game>
<game><path>./Split/gamesvbg.zip</path><name>gamesvbg</name><image>~/../thumbs/Tesla - PMD 85/Named_Snaps/gamesvbg.png</image></game>
<game><path>./Split/gr.zip</path><name>gr</name><image>~/../thumbs/Tesla - PMD 85/Named_Snaps/gr.png</image></game>
<game><path>./Split/grdemo.zip</path><name>grdemo</name><image>~/../thumbs/Tesla - PMD 85/Named_Snaps/grdemo.png</image></game>
<game><path>./Split/gred.zip</path><name>gred</name><image>~/../thumbs/Tesla - PMD 85/Named_Snaps/gred.png</image></game>
<game><path>./Split/grep.zip</path><name>grep</name><image>~/../thumbs/Tesla - PMD 85/Named_Snaps/grep.png</image></game>
<game><path>./Split/hlipa.zip</path><name>hlipa</name><image>~/../thumbs/Tesla - PMD 85/Named_Snaps/hlipa.png</image></game>
<game><path>./Split/horac.zip</path><name>horac</name><image>~/../thumbs/Tesla - PMD 85/Named_Snaps/horac.png</image></game>
<game><path>./Split/hry1.zip</path><name>hry1</name><image>~/../thumbs/Tesla - PMD 85/Named_Snaps/hry1.png</image></game>
<game><path>./Split/hry2.zip</path><name>hry2</name><image>~/../thumbs/Tesla - PMD 85/Named_Snaps/hry2.png</image></game>
<game><path>./Split/karel.zip</path><name>karel</name><image>~/../thumbs/Tesla - PMD 85/Named_Snaps/karel.png</image></game>
<game><path>./Split/karela.zip</path><name>karela</name><image>~/../thumbs/Tesla - PMD 85/Named_Snaps/karela.png</image></game>
<game><path>./Split/karelb.zip</path><name>karelb</name><image>~/../thumbs/Tesla - PMD 85/Named_Snaps/karelb.png</image></game>
<game><path>./Split/krivky.zip</path><name>krivky</name><image>~/../thumbs/Tesla - PMD 85/Named_Snaps/krivky.png</image></game>
<game><path>./Split/kstudio.zip</path><name>kstudio</name><image>~/../thumbs/Tesla - PMD 85/Named_Snaps/kstudio.png</image></game>
<game><path>./Split/kurca.zip</path><name>kurca</name><image>~/../thumbs/Tesla - PMD 85/Named_Snaps/kurca.png</image></game>
<game><path>./Split/kuriatko.zip</path><name>kuriatko</name><image>~/../thumbs/Tesla - PMD 85/Named_Snaps/kuriatko.png</image></game>
<game><path>./Split/lemm256k.zip</path><name>lemm256k</name><image>~/../thumbs/Tesla - PMD 85/Named_Snaps/lemm256k.png</image></game>
<game><path>./Split/lemmings.zip</path><name>lemmings</name><image>~/../thumbs/Tesla - PMD 85/Named_Snaps/lemmings.png</image></game>
<game><path>./Split/logo.zip</path><name>logo</name><image>~/../thumbs/Tesla - PMD 85/Named_Snaps/logo.png</image></game>
<game><path>./Split/manicmin.zip</path><name>manicmin</name><image>~/../thumbs/Tesla - PMD 85/Named_Snaps/manicmin.png</image></game>
<game><path>./Split/mestorob.zip</path><name>mestorob</name><image>~/../thumbs/Tesla - PMD 85/Named_Snaps/mestorob.png</image></game>
<game><path>./Split/mrs.zip</path><name>mrs</name><image>~/../thumbs/Tesla - PMD 85/Named_Snaps/mrs.png</image></game>
<game><path>./Split/musica.zip</path><name>musica</name><image>~/../thumbs/Tesla - PMD 85/Named_Snaps/musica.png</image></game>
<game><path>./Split/pampuch.zip</path><name>pampuch</name><image>~/../thumbs/Tesla - PMD 85/Named_Snaps/pampuch.png</image></game>
<game><path>./Split/penetrat.zip</path><name>penetrat</name><image>~/../thumbs/Tesla - PMD 85/Named_Snaps/penetrat.png</image></game>
<game><path>./Split/pexeso.zip</path><name>pexeso</name><image>~/../thumbs/Tesla - PMD 85/Named_Snaps/pexeso.png</image></game>
<game><path>./Split/piskvork.zip</path><name>piskvork</name><image>~/../thumbs/Tesla - PMD 85/Named_Snaps/piskvork.png</image></game>
<game><path>./Split/princjas.zip</path><name>princjas</name><image>~/../thumbs/Tesla - PMD 85/Named_Snaps/princjas.png</image></game>
<game><path>./Split/rozne.zip</path><name>rozne</name><image>~/../thumbs/Tesla - PMD 85/Named_Snaps/rozne.png</image></game>
<game><path>./Split/rozne_1.zip</path><name>rozne_1</name><image>~/../thumbs/Tesla - PMD 85/Named_Snaps/rozne_1.png</image></game>
<game><path>./Split/saboter.zip</path><name>saboter</name><image>~/../thumbs/Tesla - PMD 85/Named_Snaps/saboter.png</image></game>
<game><path>./Split/skladate.zip</path><name>skladate</name><image>~/../thumbs/Tesla - PMD 85/Named_Snaps/skladate.png</image></game>
<game><path>./Split/tava.zip</path><name>tava</name><image>~/../thumbs/Tesla - PMD 85/Named_Snaps/tava.png</image></game>
<game><path>./Split/texted.zip</path><name>texted</name><image>~/../thumbs/Tesla - PMD 85/Named_Snaps/texted.png</image></game>
<game><path>./Split/vegrap.zip</path><name>vegrap</name><image>~/../thumbs/Tesla - PMD 85/Named_Snaps/vegrap.png</image></game>
<game><path>./Split/wurmi.zip</path><name>wurmi</name><image>~/../thumbs/Tesla - PMD 85/Named_Snaps/wurmi.png</image></game>
<game><path>./Split/zaby.zip</path><name>zaby</name><image>~/../thumbs/Tesla - PMD 85/Named_Snaps/zaby.png</image></game>
<game><path>./Split/zed.zip</path><name>zed</name><image>~/../thumbs/Tesla - PMD 85/Named_Snaps/zed.png</image></game>
<folder><path>./Split</path><name>Split</name><image>~/../thumb/pmd85.png</image></folder>
</gameList>
