<gameList>
<game><path>./Tandy TRS-80 CoCo/A Mazing World of Malcom Mortar (1987)(Tandy)[26-3160].rom</path><name>A Mazing World of Malcom Mortar (1987)(Tandy)[26-3160]</name><image>~/../thumbs/Tandy - TRS-80 Color Computer/Named_Snaps/A Mazing World of Malcom Mortar (1987)(Tandy)[26-3160].png</image><titleshot>~/../thumbs/Tandy - TRS-80 Color Computer/Named_Titles/A Mazing World of Malcom Mortar (1987)(Tandy)[26-3160].png</titleshot><thumbnail>~/../thumbs/Tandy - TRS-80 Color Computer/Named_Boxarts/A Mazing World of Malcom Mortar (1987)(Tandy)[26-3160].png</thumbnail><marquee>~/../thumbs/Tandy - TRS-80 Color Computer/Named_Logos/A Mazing World of Malcom Mortar (1987)(Tandy)[26-3160].png</marquee></game>
<game><path>./Tandy TRS-80 CoCo/A Mazing World of Malcom Mortar (1987)(Tandy)[a][26-3160].rom</path><name>A Mazing World of Malcom Mortar (1987)(Tandy)[a][26-3160]</name><image>~/../thumbs/Tandy - TRS-80 Color Computer/Named_Snaps/A Mazing World of Malcom Mortar (1987)(Tandy)[a][26-3160].png</image><titleshot>~/../thumbs/Tandy - TRS-80 Color Computer/Named_Titles/A Mazing World of Malcom Mortar (1987)(Tandy)[a][26-3160].png</titleshot><thumbnail>~/../thumbs/Tandy - TRS-80 Color Computer/Named_Boxarts/A Mazing World of Malcom Mortar (1987)(Tandy)[a][26-3160].png</thumbnail><marquee>~/../thumbs/Tandy - TRS-80 Color Computer/Named_Logos/A Mazing World of Malcom Mortar (1987)(Tandy)[a][26-3160].png</marquee><hidden>true</hidden></game>
<game><path>./Tandy TRS-80 CoCo/Androne (1983)(Tandy)[26-3096].rom</path><name>Androne (1983)(Tandy)[26-3096]</name><image>~/../thumbs/Tandy - TRS-80 Color Computer/Named_Snaps/Androne (1983)(Tandy)[26-3096].png</image><titleshot>~/../thumbs/Tandy - TRS-80 Color Computer/Named_Titles/Androne (1983)(Tandy)[26-3096].png</titleshot><thumbnail>~/../thumbs/Tandy - TRS-80 Color Computer/Named_Boxarts/Androne (1983)(Tandy)[26-3096].png</thumbnail><marquee>~/../thumbs/Tandy - TRS-80 Color Computer/Named_Logos/Androne (1983)(Tandy)[26-3096].png</marquee></game>
<game><path>./Tandy TRS-80 CoCo/Arcade Space Invaders v0.9 (2016)(tcdev)(AU)(alpha).rom</path><name>Arcade Space Invaders v0.9 (2016)(tcdev)(AU)(alpha)</name><image>~/../thumbs/Tandy - TRS-80 Color Computer/Named_Snaps/Arcade Space Invaders v0.9 (2016)(tcdev)(AU)(alpha).png</image><titleshot>~/../thumbs/Tandy - TRS-80 Color Computer/Named_Titles/Arcade Space Invaders v0.9 (2016)(tcdev)(AU)(alpha).png</titleshot><thumbnail>~/../thumbs/Tandy - TRS-80 Color Computer/Named_Boxarts/Arcade Space Invaders v0.9 (2016)(tcdev)(AU)(alpha).png</thumbnail><marquee>~/../thumbs/Tandy - TRS-80 Color Computer/Named_Logos/Arcade Space Invaders v0.9 (2016)(tcdev)(AU)(alpha).png</marquee><hidden>true</hidden></game>
<game><path>./Tandy TRS-80 CoCo/Arkanoid (1987)(Tandy)[26-3043].rom</path><name>Arkanoid (1987)(Tandy)[26-3043]</name><image>~/../thumbs/Tandy - TRS-80 Color Computer/Named_Snaps/Arkanoid (1987)(Tandy)[26-3043].png</image><titleshot>~/../thumbs/Tandy - TRS-80 Color Computer/Named_Titles/Arkanoid (1987)(Tandy)[26-3043].png</titleshot><thumbnail>~/../thumbs/Tandy - TRS-80 Color Computer/Named_Boxarts/Arkanoid (1987)(Tandy)[26-3043].png</thumbnail><marquee>~/../thumbs/Tandy - TRS-80 Color Computer/Named_Logos/Arkanoid (1987)(Tandy)[26-3043].png</marquee></game>
<game><path>./Tandy TRS-80 CoCo/Arkanoid (1987)(Tandy)[u][26-3043].rom</path><name>Arkanoid (1987)(Tandy)[u][26-3043]</name><image>~/../thumbs/Tandy - TRS-80 Color Computer/Named_Snaps/Arkanoid (1987)(Tandy)[u][26-3043].png</image><titleshot>~/../thumbs/Tandy - TRS-80 Color Computer/Named_Titles/Arkanoid (1987)(Tandy)[u][26-3043].png</titleshot><thumbnail>~/../thumbs/Tandy - TRS-80 Color Computer/Named_Boxarts/Arkanoid (1987)(Tandy)[u][26-3043].png</thumbnail><marquee>~/../thumbs/Tandy - TRS-80 Color Computer/Named_Logos/Arkanoid (1987)(Tandy)[u][26-3043].png</marquee></game>
<game><path>./Tandy TRS-80 CoCo/Atom (1983)(Tandy)[26-3149].rom</path><name>Atom (1983)(Tandy)[26-3149]</name><image>~/../thumbs/Tandy - TRS-80 Color Computer/Named_Snaps/Atom (1983)(Tandy)[26-3149].png</image><titleshot>~/../thumbs/Tandy - TRS-80 Color Computer/Named_Titles/Atom (1983)(Tandy)[26-3149].png</titleshot><thumbnail>~/../thumbs/Tandy - TRS-80 Color Computer/Named_Boxarts/Atom (1983)(Tandy)[26-3149].png</thumbnail><marquee>~/../thumbs/Tandy - TRS-80 Color Computer/Named_Logos/Atom (1983)(Tandy)[26-3149].png</marquee></game>
<game><path>./Tandy TRS-80 CoCo/Bridge Tutor I (1983)(Tandy)[26-3158].rom</path><name>Bridge Tutor I (1983)(Tandy)[26-3158]</name><image>~/../thumbs/Tandy - TRS-80 Color Computer/Named_Snaps/Bridge Tutor I (1983)(Tandy)[26-3158].png</image><titleshot>~/../thumbs/Tandy - TRS-80 Color Computer/Named_Titles/Bridge Tutor I (1983)(Tandy)[26-3158].png</titleshot><thumbnail>~/../thumbs/Tandy - TRS-80 Color Computer/Named_Boxarts/Bridge Tutor I (1983)(Tandy)[26-3158].png</thumbnail><marquee>~/../thumbs/Tandy - TRS-80 Color Computer/Named_Logos/Bridge Tutor I (1983)(Tandy)[26-3158].png</marquee></game>
<game><path>./Tandy TRS-80 CoCo/Canyon Climber (1982)(Tandy)[26-3089].rom</path><name>Canyon Climber (1982)(Tandy)[26-3089]</name><image>~/../thumbs/Tandy - TRS-80 Color Computer/Named_Snaps/Canyon Climber (1982)(Tandy)[26-3089].png</image><titleshot>~/../thumbs/Tandy - TRS-80 Color Computer/Named_Titles/Canyon Climber (1982)(Tandy)[26-3089].png</titleshot><thumbnail>~/../thumbs/Tandy - TRS-80 Color Computer/Named_Boxarts/Canyon Climber (1982)(Tandy)[26-3089].png</thumbnail><marquee>~/../thumbs/Tandy - TRS-80 Color Computer/Named_Logos/Canyon Climber (1982)(Tandy)[26-3089].png</marquee></game>
<game><path>./Tandy TRS-80 CoCo/Castle Guard (1982)(Tandy)[26-3079].rom</path><name>Castle Guard (1982)(Tandy)[26-3079]</name><image>~/../thumbs/Tandy - TRS-80 Color Computer/Named_Snaps/Castle Guard (1982)(Tandy)[26-3079].png</image><titleshot>~/../thumbs/Tandy - TRS-80 Color Computer/Named_Titles/Castle Guard (1982)(Tandy)[26-3079].png</titleshot><thumbnail>~/../thumbs/Tandy - TRS-80 Color Computer/Named_Boxarts/Castle Guard (1982)(Tandy)[26-3079].png</thumbnail><marquee>~/../thumbs/Tandy - TRS-80 Color Computer/Named_Logos/Castle Guard (1982)(Tandy)[26-3079].png</marquee></game>
<game><path>./Tandy TRS-80 CoCo/Castle of Tharoggad (1988)(Tandy)[26-3159].rom</path><name>Castle of Tharoggad (1988)(Tandy)[26-3159]</name><image>~/../thumbs/Tandy - TRS-80 Color Computer/Named_Snaps/Castle of Tharoggad (1988)(Tandy)[26-3159].png</image><titleshot>~/../thumbs/Tandy - TRS-80 Color Computer/Named_Titles/Castle of Tharoggad (1988)(Tandy)[26-3159].png</titleshot><thumbnail>~/../thumbs/Tandy - TRS-80 Color Computer/Named_Boxarts/Castle of Tharoggad (1988)(Tandy)[26-3159].png</thumbnail><marquee>~/../thumbs/Tandy - TRS-80 Color Computer/Named_Logos/Castle of Tharoggad (1988)(Tandy)[26-3159].png</marquee></game>
<game><path>./Tandy TRS-80 CoCo/Checker King (1980)(Tandy)[26-3055].rom</path><name>Checker King (1980)(Tandy)[26-3055]</name><image>~/../thumbs/Tandy - TRS-80 Color Computer/Named_Snaps/Checker King (1980)(Tandy)[26-3055].png</image><titleshot>~/../thumbs/Tandy - TRS-80 Color Computer/Named_Titles/Checker King (1980)(Tandy)[26-3055].png</titleshot><thumbnail>~/../thumbs/Tandy - TRS-80 Color Computer/Named_Boxarts/Checker King (1980)(Tandy)[26-3055].png</thumbnail><marquee>~/../thumbs/Tandy - TRS-80 Color Computer/Named_Logos/Checker King (1980)(Tandy)[26-3055].png</marquee></game>
<game><path>./Tandy TRS-80 CoCo/Chess (1980)(Tandy)[26-3050].rom</path><name>Chess (1980)(Tandy)[26-3050]</name><image>~/../thumbs/Tandy - TRS-80 Color Computer/Named_Snaps/Chess (1980)(Tandy)[26-3050].png</image><titleshot>~/../thumbs/Tandy - TRS-80 Color Computer/Named_Titles/Chess (1980)(Tandy)[26-3050].png</titleshot><thumbnail>~/../thumbs/Tandy - TRS-80 Color Computer/Named_Boxarts/Chess (1980)(Tandy)[26-3050].png</thumbnail><marquee>~/../thumbs/Tandy - TRS-80 Color Computer/Named_Logos/Chess (1980)(Tandy)[26-3050].png</marquee></game>
<game><path>./Tandy TRS-80 CoCo/Chess (1980)(Tandy)[a][26-3050].rom</path><name>Chess (1980)(Tandy)[a][26-3050]</name><image>~/../thumbs/Tandy - TRS-80 Color Computer/Named_Snaps/Chess (1980)(Tandy)[a][26-3050].png</image><titleshot>~/../thumbs/Tandy - TRS-80 Color Computer/Named_Titles/Chess (1980)(Tandy)[a][26-3050].png</titleshot><thumbnail>~/../thumbs/Tandy - TRS-80 Color Computer/Named_Boxarts/Chess (1980)(Tandy)[a][26-3050].png</thumbnail><marquee>~/../thumbs/Tandy - TRS-80 Color Computer/Named_Logos/Chess (1980)(Tandy)[a][26-3050].png</marquee><hidden>true</hidden></game>
<game><path>./Tandy TRS-80 CoCo/Clowns & Balloons (1982)(Tandy)[26-3087].rom</path><name>Clowns & Balloons (1982)(Tandy)[26-3087]</name><image>~/../thumbs/Tandy - TRS-80 Color Computer/Named_Snaps/Clowns & Balloons (1982)(Tandy)[26-3087].png</image><titleshot>~/../thumbs/Tandy - TRS-80 Color Computer/Named_Titles/Clowns & Balloons (1982)(Tandy)[26-3087].png</titleshot><thumbnail>~/../thumbs/Tandy - TRS-80 Color Computer/Named_Boxarts/Clowns & Balloons (1982)(Tandy)[26-3087].png</thumbnail><marquee>~/../thumbs/Tandy - TRS-80 Color Computer/Named_Logos/Clowns & Balloons (1982)(Tandy)[26-3087].png</marquee></game>
<game><path>./Tandy TRS-80 CoCo/Color Backgammon (1980)(Tandy)[26-3059].rom</path><name>Color Backgammon (1980)(Tandy)[26-3059]</name><image>~/../thumbs/Tandy - TRS-80 Color Computer/Named_Snaps/Color Backgammon (1980)(Tandy)[26-3059].png</image><titleshot>~/../thumbs/Tandy - TRS-80 Color Computer/Named_Titles/Color Backgammon (1980)(Tandy)[26-3059].png</titleshot><thumbnail>~/../thumbs/Tandy - TRS-80 Color Computer/Named_Boxarts/Color Backgammon (1980)(Tandy)[26-3059].png</thumbnail><marquee>~/../thumbs/Tandy - TRS-80 Color Computer/Named_Logos/Color Backgammon (1980)(Tandy)[26-3059].png</marquee></game>
<game><path>./Tandy TRS-80 CoCo/Color Baseball (1980)(Tandy)[26-3095].rom</path><name>Color Baseball (1980)(Tandy)[26-3095]</name><image>~/../thumbs/Tandy - TRS-80 Color Computer/Named_Snaps/Color Baseball (1980)(Tandy)[26-3095].png</image><titleshot>~/../thumbs/Tandy - TRS-80 Color Computer/Named_Titles/Color Baseball (1980)(Tandy)[26-3095].png</titleshot><thumbnail>~/../thumbs/Tandy - TRS-80 Color Computer/Named_Boxarts/Color Baseball (1980)(Tandy)[26-3095].png</thumbnail><marquee>~/../thumbs/Tandy - TRS-80 Color Computer/Named_Logos/Color Baseball (1980)(Tandy)[26-3095].png</marquee></game>
<game><path>./Tandy TRS-80 CoCo/Color Cubes (1981)(Tandy)[26-3075].rom</path><name>Color Cubes (1981)(Tandy)[26-3075]</name><image>~/../thumbs/Tandy - TRS-80 Color Computer/Named_Snaps/Color Cubes (1981)(Tandy)[26-3075].png</image><titleshot>~/../thumbs/Tandy - TRS-80 Color Computer/Named_Titles/Color Cubes (1981)(Tandy)[26-3075].png</titleshot><thumbnail>~/../thumbs/Tandy - TRS-80 Color Computer/Named_Boxarts/Color Cubes (1981)(Tandy)[26-3075].png</thumbnail><marquee>~/../thumbs/Tandy - TRS-80 Color Computer/Named_Logos/Color Cubes (1981)(Tandy)[26-3075].png</marquee></game>
<game><path>./Tandy TRS-80 CoCo/Cyrus Chess (1982)(Tandy)[26-3064].rom</path><name>Cyrus Chess (1982)(Tandy)[26-3064]</name><image>~/../thumbs/Tandy - TRS-80 Color Computer/Named_Snaps/Cyrus Chess (1982)(Tandy)[26-3064].png</image><titleshot>~/../thumbs/Tandy - TRS-80 Color Computer/Named_Titles/Cyrus Chess (1982)(Tandy)[26-3064].png</titleshot><thumbnail>~/../thumbs/Tandy - TRS-80 Color Computer/Named_Boxarts/Cyrus Chess (1982)(Tandy)[26-3064].png</thumbnail><marquee>~/../thumbs/Tandy - TRS-80 Color Computer/Named_Logos/Cyrus Chess (1982)(Tandy)[26-3064].png</marquee></game>
<game><path>./Tandy TRS-80 CoCo/Demolition Derby (1984)(Tandy)[26-3044].rom</path><name>Demolition Derby (1984)(Tandy)[26-3044]</name><image>~/../thumbs/Tandy - TRS-80 Color Computer/Named_Snaps/Demolition Derby (1984)(Tandy)[26-3044].png</image><titleshot>~/../thumbs/Tandy - TRS-80 Color Computer/Named_Titles/Demolition Derby (1984)(Tandy)[26-3044].png</titleshot><thumbnail>~/../thumbs/Tandy - TRS-80 Color Computer/Named_Boxarts/Demolition Derby (1984)(Tandy)[26-3044].png</thumbnail><marquee>~/../thumbs/Tandy - TRS-80 Color Computer/Named_Logos/Demolition Derby (1984)(Tandy)[26-3044].png</marquee></game>
<game><path>./Tandy TRS-80 CoCo/Demon Attack (1984)(Tandy)[26-3099].rom</path><name>Demon Attack (1984)(Tandy)[26-3099]</name><image>~/../thumbs/Tandy - TRS-80 Color Computer/Named_Snaps/Demon Attack (1984)(Tandy)[26-3099].png</image><titleshot>~/../thumbs/Tandy - TRS-80 Color Computer/Named_Titles/Demon Attack (1984)(Tandy)[26-3099].png</titleshot><thumbnail>~/../thumbs/Tandy - TRS-80 Color Computer/Named_Boxarts/Demon Attack (1984)(Tandy)[26-3099].png</thumbnail><marquee>~/../thumbs/Tandy - TRS-80 Color Computer/Named_Logos/Demon Attack (1984)(Tandy)[26-3099].png</marquee></game>
<game><path>./Tandy TRS-80 CoCo/Demon Attack (1984)(Tandy)[o][26-3099].rom</path><name>Demon Attack (1984)(Tandy)[o][26-3099]</name><image>~/../thumbs/Tandy - TRS-80 Color Computer/Named_Snaps/Demon Attack (1984)(Tandy)[o][26-3099].png</image><titleshot>~/../thumbs/Tandy - TRS-80 Color Computer/Named_Titles/Demon Attack (1984)(Tandy)[o][26-3099].png</titleshot><thumbnail>~/../thumbs/Tandy - TRS-80 Color Computer/Named_Boxarts/Demon Attack (1984)(Tandy)[o][26-3099].png</thumbnail><marquee>~/../thumbs/Tandy - TRS-80 Color Computer/Named_Logos/Demon Attack (1984)(Tandy)[o][26-3099].png</marquee><hidden>true</hidden></game>
<game><path>./Tandy TRS-80 CoCo/Dino Wars (1980)(Tandy)[26-3057].rom</path><name>Dino Wars (1980)(Tandy)[26-3057]</name><image>~/../thumbs/Tandy - TRS-80 Color Computer/Named_Snaps/Dino Wars (1980)(Tandy)[26-3057].png</image><titleshot>~/../thumbs/Tandy - TRS-80 Color Computer/Named_Titles/Dino Wars (1980)(Tandy)[26-3057].png</titleshot><thumbnail>~/../thumbs/Tandy - TRS-80 Color Computer/Named_Boxarts/Dino Wars (1980)(Tandy)[26-3057].png</thumbnail><marquee>~/../thumbs/Tandy - TRS-80 Color Computer/Named_Logos/Dino Wars (1980)(Tandy)[26-3057].png</marquee></game>
<game><path>./Tandy TRS-80 CoCo/Don-pan (1984)(Tandy)[26-3097].rom</path><name>Don-pan (1984)(Tandy)[26-3097]</name><image>~/../thumbs/Tandy - TRS-80 Color Computer/Named_Snaps/Don-pan (1984)(Tandy)[26-3097].png</image><titleshot>~/../thumbs/Tandy - TRS-80 Color Computer/Named_Titles/Don-pan (1984)(Tandy)[26-3097].png</titleshot><thumbnail>~/../thumbs/Tandy - TRS-80 Color Computer/Named_Boxarts/Don-pan (1984)(Tandy)[26-3097].png</thumbnail><marquee>~/../thumbs/Tandy - TRS-80 Color Computer/Named_Logos/Don-pan (1984)(Tandy)[26-3097].png</marquee></game>
<game><path>./Tandy TRS-80 CoCo/Doubleback (1982)(Tandy)[26-3091].rom</path><name>Doubleback (1982)(Tandy)[26-3091]</name><image>~/../thumbs/Tandy - TRS-80 Color Computer/Named_Snaps/Doubleback (1982)(Tandy)[26-3091].png</image><titleshot>~/../thumbs/Tandy - TRS-80 Color Computer/Named_Titles/Doubleback (1982)(Tandy)[26-3091].png</titleshot><thumbnail>~/../thumbs/Tandy - TRS-80 Color Computer/Named_Boxarts/Doubleback (1982)(Tandy)[26-3091].png</thumbnail><marquee>~/../thumbs/Tandy - TRS-80 Color Computer/Named_Logos/Doubleback (1982)(Tandy)[26-3091].png</marquee></game>
<game><path>./Tandy TRS-80 CoCo/Downland v1.0 (1984)(Tandy)[26-3046].rom</path><name>Downland v1.0 (1984)(Tandy)[26-3046]</name><image>~/../thumbs/Tandy - TRS-80 Color Computer/Named_Snaps/Downland v1.0 (1984)(Tandy)[26-3046].png</image><titleshot>~/../thumbs/Tandy - TRS-80 Color Computer/Named_Titles/Downland v1.0 (1984)(Tandy)[26-3046].png</titleshot><thumbnail>~/../thumbs/Tandy - TRS-80 Color Computer/Named_Boxarts/Downland v1.0 (1984)(Tandy)[26-3046].png</thumbnail><marquee>~/../thumbs/Tandy - TRS-80 Color Computer/Named_Logos/Downland v1.0 (1984)(Tandy)[26-3046].png</marquee></game>
<game><path>./Tandy TRS-80 CoCo/Downland v1.1 (1984)(Tandy)[26-3046].rom</path><name>Downland v1.1 (1984)(Tandy)[26-3046]</name><image>~/../thumbs/Tandy - TRS-80 Color Computer/Named_Snaps/Downland v1.1 (1984)(Tandy)[26-3046].png</image><titleshot>~/../thumbs/Tandy - TRS-80 Color Computer/Named_Titles/Downland v1.1 (1984)(Tandy)[26-3046].png</titleshot><thumbnail>~/../thumbs/Tandy - TRS-80 Color Computer/Named_Boxarts/Downland v1.1 (1984)(Tandy)[26-3046].png</thumbnail><marquee>~/../thumbs/Tandy - TRS-80 Color Computer/Named_Logos/Downland v1.1 (1984)(Tandy)[26-3046].png</marquee></game>
<game><path>./Tandy TRS-80 CoCo/Dragonfire (1982)(Tandy)[26-3098].rom</path><name>Dragonfire (1982)(Tandy)[26-3098]</name><image>~/../thumbs/Tandy - TRS-80 Color Computer/Named_Snaps/Dragonfire (1982)(Tandy)[26-3098].png</image><titleshot>~/../thumbs/Tandy - TRS-80 Color Computer/Named_Titles/Dragonfire (1982)(Tandy)[26-3098].png</titleshot><thumbnail>~/../thumbs/Tandy - TRS-80 Color Computer/Named_Boxarts/Dragonfire (1982)(Tandy)[26-3098].png</thumbnail><marquee>~/../thumbs/Tandy - TRS-80 Color Computer/Named_Logos/Dragonfire (1982)(Tandy)[26-3098].png</marquee></game>
<game><path>./Tandy TRS-80 CoCo/Dungeons of Daggorath (1983)(Tandy)[26-3093].rom</path><name>Dungeons of Daggorath (1983)(Tandy)[26-3093]</name><image>~/../thumbs/Tandy - TRS-80 Color Computer/Named_Snaps/Dungeons of Daggorath (1983)(Tandy)[26-3093].png</image><titleshot>~/../thumbs/Tandy - TRS-80 Color Computer/Named_Titles/Dungeons of Daggorath (1983)(Tandy)[26-3093].png</titleshot><thumbnail>~/../thumbs/Tandy - TRS-80 Color Computer/Named_Boxarts/Dungeons of Daggorath (1983)(Tandy)[26-3093].png</thumbnail><marquee>~/../thumbs/Tandy - TRS-80 Color Computer/Named_Logos/Dungeons of Daggorath (1983)(Tandy)[26-3093].png</marquee></game>
<game><path>./Tandy TRS-80 CoCo/Facemaker (1984)(Tandy)[26-3166].rom</path><name>Facemaker (1984)(Tandy)[26-3166]</name><image>~/../thumbs/Tandy - TRS-80 Color Computer/Named_Snaps/Facemaker (1984)(Tandy)[26-3166].png</image><titleshot>~/../thumbs/Tandy - TRS-80 Color Computer/Named_Titles/Facemaker (1984)(Tandy)[26-3166].png</titleshot><thumbnail>~/../thumbs/Tandy - TRS-80 Color Computer/Named_Boxarts/Facemaker (1984)(Tandy)[26-3166].png</thumbnail><marquee>~/../thumbs/Tandy - TRS-80 Color Computer/Named_Logos/Facemaker (1984)(Tandy)[26-3166].png</marquee></game>
<game><path>./Tandy TRS-80 CoCo/Football (1980)(Tandy)[26-3053].rom</path><name>Football (1980)(Tandy)[26-3053]</name><image>~/../thumbs/Tandy - TRS-80 Color Computer/Named_Snaps/Football (1980)(Tandy)[26-3053].png</image><titleshot>~/../thumbs/Tandy - TRS-80 Color Computer/Named_Titles/Football (1980)(Tandy)[26-3053].png</titleshot><thumbnail>~/../thumbs/Tandy - TRS-80 Color Computer/Named_Boxarts/Football (1980)(Tandy)[26-3053].png</thumbnail><marquee>~/../thumbs/Tandy - TRS-80 Color Computer/Named_Logos/Football (1980)(Tandy)[26-3053].png</marquee></game>
<game><path>./Tandy TRS-80 CoCo/GFL Championship Football II (1988)(Tandy)[26-3172].rom</path><name>GFL Championship Football II (1988)(Tandy)[26-3172]</name><image>~/../thumbs/Tandy - TRS-80 Color Computer/Named_Snaps/GFL Championship Football II (1988)(Tandy)[26-3172].png</image><titleshot>~/../thumbs/Tandy - TRS-80 Color Computer/Named_Titles/GFL Championship Football II (1988)(Tandy)[26-3172].png</titleshot><thumbnail>~/../thumbs/Tandy - TRS-80 Color Computer/Named_Boxarts/GFL Championship Football II (1988)(Tandy)[26-3172].png</thumbnail><marquee>~/../thumbs/Tandy - TRS-80 Color Computer/Named_Logos/GFL Championship Football II (1988)(Tandy)[26-3172].png</marquee></game>
<game><path>./Tandy TRS-80 CoCo/Galatic Attack (1982)(Tandy)[26-3066].rom</path><name>Galatic Attack (1982)(Tandy)[26-3066]</name><image>~/../thumbs/Tandy - TRS-80 Color Computer/Named_Snaps/Galatic Attack (1982)(Tandy)[26-3066].png</image><titleshot>~/../thumbs/Tandy - TRS-80 Color Computer/Named_Titles/Galatic Attack (1982)(Tandy)[26-3066].png</titleshot><thumbnail>~/../thumbs/Tandy - TRS-80 Color Computer/Named_Boxarts/Galatic Attack (1982)(Tandy)[26-3066].png</thumbnail><marquee>~/../thumbs/Tandy - TRS-80 Color Computer/Named_Logos/Galatic Attack (1982)(Tandy)[26-3066].png</marquee></game>
<game><path>./Tandy TRS-80 CoCo/Gin Champion (198x)(Tandy)[26-3083].rom</path><name>Gin Champion (198x)(Tandy)[26-3083]</name><image>~/../thumbs/Tandy - TRS-80 Color Computer/Named_Snaps/Gin Champion (198x)(Tandy)[26-3083].png</image><titleshot>~/../thumbs/Tandy - TRS-80 Color Computer/Named_Titles/Gin Champion (198x)(Tandy)[26-3083].png</titleshot><thumbnail>~/../thumbs/Tandy - TRS-80 Color Computer/Named_Boxarts/Gin Champion (198x)(Tandy)[26-3083].png</thumbnail><marquee>~/../thumbs/Tandy - TRS-80 Color Computer/Named_Logos/Gin Champion (198x)(Tandy)[26-3083].png</marquee></game>
<game><path>./Tandy TRS-80 CoCo/Gomoku-Renju (1983)(Tandy)[26-3069].rom</path><name>Gomoku-Renju (1983)(Tandy)[26-3069]</name><image>~/../thumbs/Tandy - TRS-80 Color Computer/Named_Snaps/Gomoku-Renju (1983)(Tandy)[26-3069].png</image><titleshot>~/../thumbs/Tandy - TRS-80 Color Computer/Named_Titles/Gomoku-Renju (1983)(Tandy)[26-3069].png</titleshot><thumbnail>~/../thumbs/Tandy - TRS-80 Color Computer/Named_Boxarts/Gomoku-Renju (1983)(Tandy)[26-3069].png</thumbnail><marquee>~/../thumbs/Tandy - TRS-80 Color Computer/Named_Logos/Gomoku-Renju (1983)(Tandy)[26-3069].png</marquee></game>
<game><path>./Tandy TRS-80 CoCo/Lode Runner v0.5 (2014)(McDougall, Mark)(AU)(beta)[Beta 4.1][colour].rom</path><name>Lode Runner v0.5 (2014)(McDougall, Mark)(AU)(beta)[Beta 4.1][colour]</name><image>~/../thumbs/Tandy - TRS-80 Color Computer/Named_Snaps/Lode Runner v0.5 (2014)(McDougall, Mark)(AU)(beta)[Beta 4.1][colour].png</image><titleshot>~/../thumbs/Tandy - TRS-80 Color Computer/Named_Titles/Lode Runner v0.5 (2014)(McDougall, Mark)(AU)(beta)[Beta 4.1][colour].png</titleshot><thumbnail>~/../thumbs/Tandy - TRS-80 Color Computer/Named_Boxarts/Lode Runner v0.5 (2014)(McDougall, Mark)(AU)(beta)[Beta 4.1][colour].png</thumbnail><marquee>~/../thumbs/Tandy - TRS-80 Color Computer/Named_Logos/Lode Runner v0.5 (2014)(McDougall, Mark)(AU)(beta)[Beta 4.1][colour].png</marquee><hidden>true</hidden></game>
<game><path>./Tandy TRS-80 CoCo/Lode Runner v0.5 (2014)(McDougall, Mark)(AU)(beta)[Beta 4.1][mono].rom</path><name>Lode Runner v0.5 (2014)(McDougall, Mark)(AU)(beta)[Beta 4.1][mono]</name><image>~/../thumbs/Tandy - TRS-80 Color Computer/Named_Snaps/Lode Runner v0.5 (2014)(McDougall, Mark)(AU)(beta)[Beta 4.1][mono].png</image><titleshot>~/../thumbs/Tandy - TRS-80 Color Computer/Named_Titles/Lode Runner v0.5 (2014)(McDougall, Mark)(AU)(beta)[Beta 4.1][mono].png</titleshot><thumbnail>~/../thumbs/Tandy - TRS-80 Color Computer/Named_Boxarts/Lode Runner v0.5 (2014)(McDougall, Mark)(AU)(beta)[Beta 4.1][mono].png</thumbnail><marquee>~/../thumbs/Tandy - TRS-80 Color Computer/Named_Logos/Lode Runner v0.5 (2014)(McDougall, Mark)(AU)(beta)[Beta 4.1][mono].png</marquee><hidden>true</hidden></game>
<game><path>./Tandy TRS-80 CoCo/Mega-Bug (1982)(Tandy)[26-3076].rom</path><name>Mega-Bug (1982)(Tandy)[26-3076]</name><image>~/../thumbs/Tandy - TRS-80 Color Computer/Named_Snaps/Mega-Bug (1982)(Tandy)[26-3076].png</image><titleshot>~/../thumbs/Tandy - TRS-80 Color Computer/Named_Titles/Mega-Bug (1982)(Tandy)[26-3076].png</titleshot><thumbnail>~/../thumbs/Tandy - TRS-80 Color Computer/Named_Boxarts/Mega-Bug (1982)(Tandy)[26-3076].png</thumbnail><marquee>~/../thumbs/Tandy - TRS-80 Color Computer/Named_Logos/Mega-Bug (1982)(Tandy)[26-3076].png</marquee></game>
<game><path>./Tandy TRS-80 CoCo/Micro Painter (1981)(Tandy)[26-3077].rom</path><name>Micro Painter (1981)(Tandy)[26-3077]</name><image>~/../thumbs/Tandy - TRS-80 Color Computer/Named_Snaps/Micro Painter (1981)(Tandy)[26-3077].png</image><titleshot>~/../thumbs/Tandy - TRS-80 Color Computer/Named_Titles/Micro Painter (1981)(Tandy)[26-3077].png</titleshot><thumbnail>~/../thumbs/Tandy - TRS-80 Color Computer/Named_Boxarts/Micro Painter (1981)(Tandy)[26-3077].png</thumbnail><marquee>~/../thumbs/Tandy - TRS-80 Color Computer/Named_Logos/Micro Painter (1981)(Tandy)[26-3077].png</marquee></game>
<game><path>./Tandy TRS-80 CoCo/Microbes (1981)(Tandy)[26-3085].rom</path><name>Microbes (1981)(Tandy)[26-3085]</name><image>~/../thumbs/Tandy - TRS-80 Color Computer/Named_Snaps/Microbes (1981)(Tandy)[26-3085].png</image><titleshot>~/../thumbs/Tandy - TRS-80 Color Computer/Named_Titles/Microbes (1981)(Tandy)[26-3085].png</titleshot><thumbnail>~/../thumbs/Tandy - TRS-80 Color Computer/Named_Boxarts/Microbes (1981)(Tandy)[26-3085].png</thumbnail><marquee>~/../thumbs/Tandy - TRS-80 Color Computer/Named_Logos/Microbes (1981)(Tandy)[26-3085].png</marquee></game>
<game><path>./Tandy TRS-80 CoCo/Mind-Roll (1989)(Tandy)[26-3100].rom</path><name>Mind-Roll (1989)(Tandy)[26-3100]</name><image>~/../thumbs/Tandy - TRS-80 Color Computer/Named_Snaps/Mind-Roll (1989)(Tandy)[26-3100].png</image><titleshot>~/../thumbs/Tandy - TRS-80 Color Computer/Named_Titles/Mind-Roll (1989)(Tandy)[26-3100].png</titleshot><thumbnail>~/../thumbs/Tandy - TRS-80 Color Computer/Named_Boxarts/Mind-Roll (1989)(Tandy)[26-3100].png</thumbnail><marquee>~/../thumbs/Tandy - TRS-80 Color Computer/Named_Logos/Mind-Roll (1989)(Tandy)[26-3100].png</marquee></game>
<game><path>./Tandy TRS-80 CoCo/Mind-Roll (1989)(Tandy)[a][26-3100].rom</path><name>Mind-Roll (1989)(Tandy)[a][26-3100]</name><image>~/../thumbs/Tandy - TRS-80 Color Computer/Named_Snaps/Mind-Roll (1989)(Tandy)[a][26-3100].png</image><titleshot>~/../thumbs/Tandy - TRS-80 Color Computer/Named_Titles/Mind-Roll (1989)(Tandy)[a][26-3100].png</titleshot><thumbnail>~/../thumbs/Tandy - TRS-80 Color Computer/Named_Boxarts/Mind-Roll (1989)(Tandy)[a][26-3100].png</thumbnail><marquee>~/../thumbs/Tandy - TRS-80 Color Computer/Named_Logos/Mind-Roll (1989)(Tandy)[a][26-3100].png</marquee><hidden>true</hidden></game>
<game><path>./Tandy TRS-80 CoCo/Monster Maze (1982)(Tandy)[26-3081].rom</path><name>Monster Maze (1982)(Tandy)[26-3081]</name><image>~/../thumbs/Tandy - TRS-80 Color Computer/Named_Snaps/Monster Maze (1982)(Tandy)[26-3081].png</image><titleshot>~/../thumbs/Tandy - TRS-80 Color Computer/Named_Titles/Monster Maze (1982)(Tandy)[26-3081].png</titleshot><thumbnail>~/../thumbs/Tandy - TRS-80 Color Computer/Named_Boxarts/Monster Maze (1982)(Tandy)[26-3081].png</thumbnail><marquee>~/../thumbs/Tandy - TRS-80 Color Computer/Named_Logos/Monster Maze (1982)(Tandy)[26-3081].png</marquee></game>
<game><path>./Tandy TRS-80 CoCo/Panic Button (1985)(Tandy)[26-3147].rom</path><name>Panic Button (1985)(Tandy)[26-3147]</name><image>~/../thumbs/Tandy - TRS-80 Color Computer/Named_Snaps/Panic Button (1985)(Tandy)[26-3147].png</image><titleshot>~/../thumbs/Tandy - TRS-80 Color Computer/Named_Titles/Panic Button (1985)(Tandy)[26-3147].png</titleshot><thumbnail>~/../thumbs/Tandy - TRS-80 Color Computer/Named_Boxarts/Panic Button (1985)(Tandy)[26-3147].png</thumbnail><marquee>~/../thumbs/Tandy - TRS-80 Color Computer/Named_Logos/Panic Button (1985)(Tandy)[26-3147].png</marquee></game>
<game><path>./Tandy TRS-80 CoCo/Pinball (1980)(Tandy)[26-3052].rom</path><name>Pinball (1980)(Tandy)[26-3052]</name><image>~/../thumbs/Tandy - TRS-80 Color Computer/Named_Snaps/Pinball (1980)(Tandy)[26-3052].png</image><titleshot>~/../thumbs/Tandy - TRS-80 Color Computer/Named_Titles/Pinball (1980)(Tandy)[26-3052].png</titleshot><thumbnail>~/../thumbs/Tandy - TRS-80 Color Computer/Named_Boxarts/Pinball (1980)(Tandy)[26-3052].png</thumbnail><marquee>~/../thumbs/Tandy - TRS-80 Color Computer/Named_Logos/Pinball (1980)(Tandy)[26-3052].png</marquee></game>
<game><path>./Tandy TRS-80 CoCo/Polaris (1981)(Tandy)[26-3065].rom</path><name>Polaris (1981)(Tandy)[26-3065]</name><image>~/../thumbs/Tandy - TRS-80 Color Computer/Named_Snaps/Polaris (1981)(Tandy)[26-3065].png</image><titleshot>~/../thumbs/Tandy - TRS-80 Color Computer/Named_Titles/Polaris (1981)(Tandy)[26-3065].png</titleshot><thumbnail>~/../thumbs/Tandy - TRS-80 Color Computer/Named_Boxarts/Polaris (1981)(Tandy)[26-3065].png</thumbnail><marquee>~/../thumbs/Tandy - TRS-80 Color Computer/Named_Logos/Polaris (1981)(Tandy)[26-3065].png</marquee></game>
<game><path>./Tandy TRS-80 CoCo/Poltergeist (1982)(Tandy)[26-3073].rom</path><name>Poltergeist (1982)(Tandy)[26-3073]</name><image>~/../thumbs/Tandy - TRS-80 Color Computer/Named_Snaps/Poltergeist (1982)(Tandy)[26-3073].png</image><titleshot>~/../thumbs/Tandy - TRS-80 Color Computer/Named_Titles/Poltergeist (1982)(Tandy)[26-3073].png</titleshot><thumbnail>~/../thumbs/Tandy - TRS-80 Color Computer/Named_Boxarts/Poltergeist (1982)(Tandy)[26-3073].png</thumbnail><marquee>~/../thumbs/Tandy - TRS-80 Color Computer/Named_Logos/Poltergeist (1982)(Tandy)[26-3073].png</marquee></game>
<game><path>./Tandy TRS-80 CoCo/Popcorn (1982)(Tandy)[26-3090].rom</path><name>Popcorn (1982)(Tandy)[26-3090]</name><image>~/../thumbs/Tandy - TRS-80 Color Computer/Named_Snaps/Popcorn (1982)(Tandy)[26-3090].png</image><titleshot>~/../thumbs/Tandy - TRS-80 Color Computer/Named_Titles/Popcorn (1982)(Tandy)[26-3090].png</titleshot><thumbnail>~/../thumbs/Tandy - TRS-80 Color Computer/Named_Boxarts/Popcorn (1982)(Tandy)[26-3090].png</thumbnail><marquee>~/../thumbs/Tandy - TRS-80 Color Computer/Named_Logos/Popcorn (1982)(Tandy)[26-3090].png</marquee></game>
<game><path>./Tandy TRS-80 CoCo/Popcorn (1982)(Tandy)[u][26-3090].rom</path><name>Popcorn (1982)(Tandy)[u][26-3090]</name><image>~/../thumbs/Tandy - TRS-80 Color Computer/Named_Snaps/Popcorn (1982)(Tandy)[u][26-3090].png</image><titleshot>~/../thumbs/Tandy - TRS-80 Color Computer/Named_Titles/Popcorn (1982)(Tandy)[u][26-3090].png</titleshot><thumbnail>~/../thumbs/Tandy - TRS-80 Color Computer/Named_Boxarts/Popcorn (1982)(Tandy)[u][26-3090].png</thumbnail><marquee>~/../thumbs/Tandy - TRS-80 Color Computer/Named_Logos/Popcorn (1982)(Tandy)[u][26-3090].png</marquee></game>
<game><path>./Tandy TRS-80 CoCo/Project Nebula (1981)(Tandy)[26-3063].rom</path><name>Project Nebula (1981)(Tandy)[26-3063]</name><image>~/../thumbs/Tandy - TRS-80 Color Computer/Named_Snaps/Project Nebula (1981)(Tandy)[26-3063].png</image><titleshot>~/../thumbs/Tandy - TRS-80 Color Computer/Named_Titles/Project Nebula (1981)(Tandy)[26-3063].png</titleshot><thumbnail>~/../thumbs/Tandy - TRS-80 Color Computer/Named_Boxarts/Project Nebula (1981)(Tandy)[26-3063].png</thumbnail><marquee>~/../thumbs/Tandy - TRS-80 Color Computer/Named_Logos/Project Nebula (1981)(Tandy)[26-3063].png</marquee></game>
<game><path>./Tandy TRS-80 CoCo/Quasar Commander (1980)(Tandy)[26-3051].rom</path><name>Quasar Commander (1980)(Tandy)[26-3051]</name><image>~/../thumbs/Tandy - TRS-80 Color Computer/Named_Snaps/Quasar Commander (1980)(Tandy)[26-3051].png</image><titleshot>~/../thumbs/Tandy - TRS-80 Color Computer/Named_Titles/Quasar Commander (1980)(Tandy)[26-3051].png</titleshot><thumbnail>~/../thumbs/Tandy - TRS-80 Color Computer/Named_Boxarts/Quasar Commander (1980)(Tandy)[26-3051].png</thumbnail><marquee>~/../thumbs/Tandy - TRS-80 Color Computer/Named_Logos/Quasar Commander (1980)(Tandy)[26-3051].png</marquee></game>
<game><path>./Tandy TRS-80 CoCo/Rad Warrior (1989)(Tandy)[26-3162].rom</path><name>Rad Warrior (1989)(Tandy)[26-3162]</name><image>~/../thumbs/Tandy - TRS-80 Color Computer/Named_Snaps/Rad Warrior (1989)(Tandy)[26-3162].png</image><titleshot>~/../thumbs/Tandy - TRS-80 Color Computer/Named_Titles/Rad Warrior (1989)(Tandy)[26-3162].png</titleshot><thumbnail>~/../thumbs/Tandy - TRS-80 Color Computer/Named_Boxarts/Rad Warrior (1989)(Tandy)[26-3162].png</thumbnail><marquee>~/../thumbs/Tandy - TRS-80 Color Computer/Named_Logos/Rad Warrior (1989)(Tandy)[26-3162].png</marquee></game>
<game><path>./Tandy TRS-80 CoCo/Rampage (1989)(Activision)[26-3174].rom</path><name>Rampage (1989)(Activision)[26-3174]</name><image>~/../thumbs/Tandy - TRS-80 Color Computer/Named_Snaps/Rampage (1989)(Activision)[26-3174].png</image><titleshot>~/../thumbs/Tandy - TRS-80 Color Computer/Named_Titles/Rampage (1989)(Activision)[26-3174].png</titleshot><thumbnail>~/../thumbs/Tandy - TRS-80 Color Computer/Named_Boxarts/Rampage (1989)(Activision)[26-3174].png</thumbnail><marquee>~/../thumbs/Tandy - TRS-80 Color Computer/Named_Logos/Rampage (1989)(Activision)[26-3174].png</marquee></game>
<game><path>./Tandy TRS-80 CoCo/Reactoid (1983)(Tandy)[26-3092].rom</path><name>Reactoid (1983)(Tandy)[26-3092]</name><image>~/../thumbs/Tandy - TRS-80 Color Computer/Named_Snaps/Reactoid (1983)(Tandy)[26-3092].png</image><titleshot>~/../thumbs/Tandy - TRS-80 Color Computer/Named_Titles/Reactoid (1983)(Tandy)[26-3092].png</titleshot><thumbnail>~/../thumbs/Tandy - TRS-80 Color Computer/Named_Boxarts/Reactoid (1983)(Tandy)[26-3092].png</thumbnail><marquee>~/../thumbs/Tandy - TRS-80 Color Computer/Named_Logos/Reactoid (1983)(Tandy)[26-3092].png</marquee></game>
<game><path>./Tandy TRS-80 CoCo/Robocop (1988)(Tandy)[26-3164].rom</path><name>Robocop (1988)(Tandy)[26-3164]</name><image>~/../thumbs/Tandy - TRS-80 Color Computer/Named_Snaps/Robocop (1988)(Tandy)[26-3164].png</image><titleshot>~/../thumbs/Tandy - TRS-80 Color Computer/Named_Titles/Robocop (1988)(Tandy)[26-3164].png</titleshot><thumbnail>~/../thumbs/Tandy - TRS-80 Color Computer/Named_Boxarts/Robocop (1988)(Tandy)[26-3164].png</thumbnail><marquee>~/../thumbs/Tandy - TRS-80 Color Computer/Named_Logos/Robocop (1988)(Tandy)[26-3164].png</marquee></game>
<game><path>./Tandy TRS-80 CoCo/Roman Checkers (1981)(Tandy)[26-3071].rom</path><name>Roman Checkers (1981)(Tandy)[26-3071]</name><image>~/../thumbs/Tandy - TRS-80 Color Computer/Named_Snaps/Roman Checkers (1981)(Tandy)[26-3071].png</image><titleshot>~/../thumbs/Tandy - TRS-80 Color Computer/Named_Titles/Roman Checkers (1981)(Tandy)[26-3071].png</titleshot><thumbnail>~/../thumbs/Tandy - TRS-80 Color Computer/Named_Boxarts/Roman Checkers (1981)(Tandy)[26-3071].png</thumbnail><marquee>~/../thumbs/Tandy - TRS-80 Color Computer/Named_Logos/Roman Checkers (1981)(Tandy)[26-3071].png</marquee></game>
<game><path>./Tandy TRS-80 CoCo/Shanghai (1987)(Activision)[26-3084].rom</path><name>Shanghai (1987)(Activision)[26-3084]</name><image>~/../thumbs/Tandy - TRS-80 Color Computer/Named_Snaps/Shanghai (1987)(Activision)[26-3084].png</image><titleshot>~/../thumbs/Tandy - TRS-80 Color Computer/Named_Titles/Shanghai (1987)(Activision)[26-3084].png</titleshot><thumbnail>~/../thumbs/Tandy - TRS-80 Color Computer/Named_Boxarts/Shanghai (1987)(Activision)[26-3084].png</thumbnail><marquee>~/../thumbs/Tandy - TRS-80 Color Computer/Named_Logos/Shanghai (1987)(Activision)[26-3084].png</marquee></game>
<game><path>./Tandy TRS-80 CoCo/Shanghai (1987)(Activision)[a][26-3084].rom</path><name>Shanghai (1987)(Activision)[a][26-3084]</name><image>~/../thumbs/Tandy - TRS-80 Color Computer/Named_Snaps/Shanghai (1987)(Activision)[a][26-3084].png</image><titleshot>~/../thumbs/Tandy - TRS-80 Color Computer/Named_Titles/Shanghai (1987)(Activision)[a][26-3084].png</titleshot><thumbnail>~/../thumbs/Tandy - TRS-80 Color Computer/Named_Boxarts/Shanghai (1987)(Activision)[a][26-3084].png</thumbnail><marquee>~/../thumbs/Tandy - TRS-80 Color Computer/Named_Logos/Shanghai (1987)(Activision)[a][26-3084].png</marquee><hidden>true</hidden></game>
<game><path>./Tandy TRS-80 CoCo/Shooting Gallery (1982)(Tandy)[26-3088].rom</path><name>Shooting Gallery (1982)(Tandy)[26-3088]</name><image>~/../thumbs/Tandy - TRS-80 Color Computer/Named_Snaps/Shooting Gallery (1982)(Tandy)[26-3088].png</image><titleshot>~/../thumbs/Tandy - TRS-80 Color Computer/Named_Titles/Shooting Gallery (1982)(Tandy)[26-3088].png</titleshot><thumbnail>~/../thumbs/Tandy - TRS-80 Color Computer/Named_Boxarts/Shooting Gallery (1982)(Tandy)[26-3088].png</thumbnail><marquee>~/../thumbs/Tandy - TRS-80 Color Computer/Named_Logos/Shooting Gallery (1982)(Tandy)[26-3088].png</marquee></game>
<game><path>./Tandy TRS-80 CoCo/Silpheed (1988)(Tandy)[26-3054].rom</path><name>Silpheed (1988)(Tandy)[26-3054]</name><image>~/../thumbs/Tandy - TRS-80 Color Computer/Named_Snaps/Silpheed (1988)(Tandy)[26-3054].png</image><titleshot>~/../thumbs/Tandy - TRS-80 Color Computer/Named_Titles/Silpheed (1988)(Tandy)[26-3054].png</titleshot><thumbnail>~/../thumbs/Tandy - TRS-80 Color Computer/Named_Boxarts/Silpheed (1988)(Tandy)[26-3054].png</thumbnail><marquee>~/../thumbs/Tandy - TRS-80 Color Computer/Named_Logos/Silpheed (1988)(Tandy)[26-3054].png</marquee></game>
<game><path>./Tandy TRS-80 CoCo/Silpheed (1988)(Tandy)[26-3054][16k].rom</path><name>Silpheed (1988)(Tandy)[26-3054][16k]</name><image>~/../thumbs/Tandy - TRS-80 Color Computer/Named_Snaps/Silpheed (1988)(Tandy)[26-3054][16k].png</image><titleshot>~/../thumbs/Tandy - TRS-80 Color Computer/Named_Titles/Silpheed (1988)(Tandy)[26-3054][16k].png</titleshot><thumbnail>~/../thumbs/Tandy - TRS-80 Color Computer/Named_Boxarts/Silpheed (1988)(Tandy)[26-3054][16k].png</thumbnail><marquee>~/../thumbs/Tandy - TRS-80 Color Computer/Named_Logos/Silpheed (1988)(Tandy)[26-3054][16k].png</marquee></game>
<game><path>./Tandy TRS-80 CoCo/Skiing (1980)(Tandy)[26-3058].rom</path><name>Skiing (1980)(Tandy)[26-3058]</name><image>~/../thumbs/Tandy - TRS-80 Color Computer/Named_Snaps/Skiing (1980)(Tandy)[26-3058].png</image><titleshot>~/../thumbs/Tandy - TRS-80 Color Computer/Named_Titles/Skiing (1980)(Tandy)[26-3058].png</titleshot><thumbnail>~/../thumbs/Tandy - TRS-80 Color Computer/Named_Boxarts/Skiing (1980)(Tandy)[26-3058].png</thumbnail><marquee>~/../thumbs/Tandy - TRS-80 Color Computer/Named_Logos/Skiing (1980)(Tandy)[26-3058].png</marquee></game>
<game><path>./Tandy TRS-80 CoCo/Slay the Nereis (1982)(Tandy)[26-3086].rom</path><name>Slay the Nereis (1982)(Tandy)[26-3086]</name><image>~/../thumbs/Tandy - TRS-80 Color Computer/Named_Snaps/Slay the Nereis (1982)(Tandy)[26-3086].png</image><titleshot>~/../thumbs/Tandy - TRS-80 Color Computer/Named_Titles/Slay the Nereis (1982)(Tandy)[26-3086].png</titleshot><thumbnail>~/../thumbs/Tandy - TRS-80 Color Computer/Named_Boxarts/Slay the Nereis (1982)(Tandy)[26-3086].png</thumbnail><marquee>~/../thumbs/Tandy - TRS-80 Color Computer/Named_Logos/Slay the Nereis (1982)(Tandy)[26-3086].png</marquee></game>
<game><path>./Tandy TRS-80 CoCo/Soko-Ban (1988)(Tandy)[26-3161].rom</path><name>Soko-Ban (1988)(Tandy)[26-3161]</name><image>~/../thumbs/Tandy - TRS-80 Color Computer/Named_Snaps/Soko-Ban (1988)(Tandy)[26-3161].png</image><titleshot>~/../thumbs/Tandy - TRS-80 Color Computer/Named_Titles/Soko-Ban (1988)(Tandy)[26-3161].png</titleshot><thumbnail>~/../thumbs/Tandy - TRS-80 Color Computer/Named_Boxarts/Soko-Ban (1988)(Tandy)[26-3161].png</thumbnail><marquee>~/../thumbs/Tandy - TRS-80 Color Computer/Named_Logos/Soko-Ban (1988)(Tandy)[26-3161].png</marquee></game>
<game><path>./Tandy TRS-80 CoCo/Space Assault (1981)(Tandy)[26-3060].rom</path><name>Space Assault (1981)(Tandy)[26-3060]</name><image>~/../thumbs/Tandy - TRS-80 Color Computer/Named_Snaps/Space Assault (1981)(Tandy)[26-3060].png</image><titleshot>~/../thumbs/Tandy - TRS-80 Color Computer/Named_Titles/Space Assault (1981)(Tandy)[26-3060].png</titleshot><thumbnail>~/../thumbs/Tandy - TRS-80 Color Computer/Named_Boxarts/Space Assault (1981)(Tandy)[26-3060].png</thumbnail><marquee>~/../thumbs/Tandy - TRS-80 Color Computer/Named_Logos/Space Assault (1981)(Tandy)[26-3060].png</marquee></game>
<game><path>./Tandy TRS-80 CoCo/Spectaculator (1981)(Tandy)[26-3104].rom</path><name>Spectaculator (1981)(Tandy)[26-3104]</name><image>~/../thumbs/Tandy - TRS-80 Color Computer/Named_Snaps/Spectaculator (1981)(Tandy)[26-3104].png</image><titleshot>~/../thumbs/Tandy - TRS-80 Color Computer/Named_Titles/Spectaculator (1981)(Tandy)[26-3104].png</titleshot><thumbnail>~/../thumbs/Tandy - TRS-80 Color Computer/Named_Boxarts/Spectaculator (1981)(Tandy)[26-3104].png</thumbnail><marquee>~/../thumbs/Tandy - TRS-80 Color Computer/Named_Logos/Spectaculator (1981)(Tandy)[26-3104].png</marquee></game>
<game><path>./Tandy TRS-80 CoCo/Spidercide (1983)(Tandy)[26-3049].rom</path><name>Spidercide (1983)(Tandy)[26-3049]</name><image>~/../thumbs/Tandy - TRS-80 Color Computer/Named_Snaps/Spidercide (1983)(Tandy)[26-3049].png</image><titleshot>~/../thumbs/Tandy - TRS-80 Color Computer/Named_Titles/Spidercide (1983)(Tandy)[26-3049].png</titleshot><thumbnail>~/../thumbs/Tandy - TRS-80 Color Computer/Named_Boxarts/Spidercide (1983)(Tandy)[26-3049].png</thumbnail><marquee>~/../thumbs/Tandy - TRS-80 Color Computer/Named_Logos/Spidercide (1983)(Tandy)[26-3049].png</marquee></game>
<game><path>./Tandy TRS-80 CoCo/Springster (1987)(Tandy)[26-3078].rom</path><name>Springster (1987)(Tandy)[26-3078]</name><image>~/../thumbs/Tandy - TRS-80 Color Computer/Named_Snaps/Springster (1987)(Tandy)[26-3078].png</image><titleshot>~/../thumbs/Tandy - TRS-80 Color Computer/Named_Titles/Springster (1987)(Tandy)[26-3078].png</titleshot><thumbnail>~/../thumbs/Tandy - TRS-80 Color Computer/Named_Boxarts/Springster (1987)(Tandy)[26-3078].png</thumbnail><marquee>~/../thumbs/Tandy - TRS-80 Color Computer/Named_Logos/Springster (1987)(Tandy)[26-3078].png</marquee></game>
<game><path>./Tandy TRS-80 CoCo/Star Blaze (1983)(Tandy)[26-3094].rom</path><name>Star Blaze (1983)(Tandy)[26-3094]</name><image>~/../thumbs/Tandy - TRS-80 Color Computer/Named_Snaps/Star Blaze (1983)(Tandy)[26-3094].png</image><titleshot>~/../thumbs/Tandy - TRS-80 Color Computer/Named_Titles/Star Blaze (1983)(Tandy)[26-3094].png</titleshot><thumbnail>~/../thumbs/Tandy - TRS-80 Color Computer/Named_Boxarts/Star Blaze (1983)(Tandy)[26-3094].png</thumbnail><marquee>~/../thumbs/Tandy - TRS-80 Color Computer/Named_Logos/Star Blaze (1983)(Tandy)[26-3094].png</marquee></game>
<game><path>./Tandy TRS-80 CoCo/Stellar Life Line (1983)(Tandy)[26-3047].rom</path><name>Stellar Life Line (1983)(Tandy)[26-3047]</name><image>~/../thumbs/Tandy - TRS-80 Color Computer/Named_Snaps/Stellar Life Line (1983)(Tandy)[26-3047].png</image><titleshot>~/../thumbs/Tandy - TRS-80 Color Computer/Named_Titles/Stellar Life Line (1983)(Tandy)[26-3047].png</titleshot><thumbnail>~/../thumbs/Tandy - TRS-80 Color Computer/Named_Boxarts/Stellar Life Line (1983)(Tandy)[26-3047].png</thumbnail><marquee>~/../thumbs/Tandy - TRS-80 Color Computer/Named_Logos/Stellar Life Line (1983)(Tandy)[26-3047].png</marquee></game>
<game><path>./Tandy TRS-80 CoCo/Super Bustout (1980)(Tandy)[u][26-3056].rom</path><name>Super Bustout (1980)(Tandy)[u][26-3056]</name><image>~/../thumbs/Tandy - TRS-80 Color Computer/Named_Snaps/Super Bustout (1980)(Tandy)[u][26-3056].png</image><titleshot>~/../thumbs/Tandy - TRS-80 Color Computer/Named_Titles/Super Bustout (1980)(Tandy)[u][26-3056].png</titleshot><thumbnail>~/../thumbs/Tandy - TRS-80 Color Computer/Named_Boxarts/Super Bustout (1980)(Tandy)[u][26-3056].png</thumbnail><marquee>~/../thumbs/Tandy - TRS-80 Color Computer/Named_Logos/Super Bustout (1980)(Tandy)[u][26-3056].png</marquee></game>
<game><path>./Tandy TRS-80 CoCo/Super Bustout (1981)(Tandy)[26-3056].rom</path><name>Super Bustout (1981)(Tandy)[26-3056]</name><image>~/../thumbs/Tandy - TRS-80 Color Computer/Named_Snaps/Super Bustout (1981)(Tandy)[26-3056].png</image><titleshot>~/../thumbs/Tandy - TRS-80 Color Computer/Named_Titles/Super Bustout (1981)(Tandy)[26-3056].png</titleshot><thumbnail>~/../thumbs/Tandy - TRS-80 Color Computer/Named_Boxarts/Super Bustout (1981)(Tandy)[26-3056].png</thumbnail><marquee>~/../thumbs/Tandy - TRS-80 Color Computer/Named_Logos/Super Bustout (1981)(Tandy)[26-3056].png</marquee></game>
<game><path>./Tandy TRS-80 CoCo/Super Pitfall (1988)(Tandy)[26-3171].rom</path><name>Super Pitfall (1988)(Tandy)[26-3171]</name><image>~/../thumbs/Tandy - TRS-80 Color Computer/Named_Snaps/Super Pitfall (1988)(Tandy)[26-3171].png</image><titleshot>~/../thumbs/Tandy - TRS-80 Color Computer/Named_Titles/Super Pitfall (1988)(Tandy)[26-3171].png</titleshot><thumbnail>~/../thumbs/Tandy - TRS-80 Color Computer/Named_Boxarts/Super Pitfall (1988)(Tandy)[26-3171].png</thumbnail><marquee>~/../thumbs/Tandy - TRS-80 Color Computer/Named_Logos/Super Pitfall (1988)(Tandy)[26-3171].png</marquee></game>
<game><path>./Tandy TRS-80 CoCo/Temple of ROM (1982)(Tandy)[26-3045].rom</path><name>Temple of ROM (1982)(Tandy)[26-3045]</name><image>~/../thumbs/Tandy - TRS-80 Color Computer/Named_Snaps/Temple of ROM (1982)(Tandy)[26-3045].png</image><titleshot>~/../thumbs/Tandy - TRS-80 Color Computer/Named_Titles/Temple of ROM (1982)(Tandy)[26-3045].png</titleshot><thumbnail>~/../thumbs/Tandy - TRS-80 Color Computer/Named_Boxarts/Temple of ROM (1982)(Tandy)[26-3045].png</thumbnail><marquee>~/../thumbs/Tandy - TRS-80 Color Computer/Named_Logos/Temple of ROM (1982)(Tandy)[26-3045].png</marquee></game>
<game><path>./Tandy TRS-80 CoCo/Tennis (1982)(Tandy).rom</path><name>Tennis (1982)(Tandy)</name><image>~/../thumbs/Tandy - TRS-80 Color Computer/Named_Snaps/Tennis (1982)(Tandy).png</image><titleshot>~/../thumbs/Tandy - TRS-80 Color Computer/Named_Titles/Tennis (1982)(Tandy).png</titleshot><thumbnail>~/../thumbs/Tandy - TRS-80 Color Computer/Named_Boxarts/Tennis (1982)(Tandy).png</thumbnail><marquee>~/../thumbs/Tandy - TRS-80 Color Computer/Named_Logos/Tennis (1982)(Tandy).png</marquee></game>
<game><path>./Tandy TRS-80 CoCo/Tetris (1987)(Tandy)[26-3163].rom</path><name>Tetris (1987)(Tandy)[26-3163]</name><image>~/../thumbs/Tandy - TRS-80 Color Computer/Named_Snaps/Tetris (1987)(Tandy)[26-3163].png</image><titleshot>~/../thumbs/Tandy - TRS-80 Color Computer/Named_Titles/Tetris (1987)(Tandy)[26-3163].png</titleshot><thumbnail>~/../thumbs/Tandy - TRS-80 Color Computer/Named_Boxarts/Tetris (1987)(Tandy)[26-3163].png</thumbnail><marquee>~/../thumbs/Tandy - TRS-80 Color Computer/Named_Logos/Tetris (1987)(Tandy)[26-3163].png</marquee></game>
<game><path>./Tandy TRS-80 CoCo/Thexder (1988)(Tandy)[26-3072].rom</path><name>Thexder (1988)(Tandy)[26-3072]</name><image>~/../thumbs/Tandy - TRS-80 Color Computer/Named_Snaps/Thexder (1988)(Tandy)[26-3072].png</image><titleshot>~/../thumbs/Tandy - TRS-80 Color Computer/Named_Titles/Thexder (1988)(Tandy)[26-3072].png</titleshot><thumbnail>~/../thumbs/Tandy - TRS-80 Color Computer/Named_Boxarts/Thexder (1988)(Tandy)[26-3072].png</thumbnail><marquee>~/../thumbs/Tandy - TRS-80 Color Computer/Named_Logos/Thexder (1988)(Tandy)[26-3072].png</marquee></game>
<game><path>./Tandy TRS-80 CoCo/Wildcatting (1981)(Tandy)[26-3067].rom</path><name>Wildcatting (1981)(Tandy)[26-3067]</name><image>~/../thumbs/Tandy - TRS-80 Color Computer/Named_Snaps/Wildcatting (1981)(Tandy)[26-3067].png</image><titleshot>~/../thumbs/Tandy - TRS-80 Color Computer/Named_Titles/Wildcatting (1981)(Tandy)[26-3067].png</titleshot><thumbnail>~/../thumbs/Tandy - TRS-80 Color Computer/Named_Boxarts/Wildcatting (1981)(Tandy)[26-3067].png</thumbnail><marquee>~/../thumbs/Tandy - TRS-80 Color Computer/Named_Logos/Wildcatting (1981)(Tandy)[26-3067].png</marquee></game>
<game><path>./Tandy TRS-80 CoCo/Zaxxon (1983)(Tandy)[26-3062].rom</path><name>Zaxxon (1983)(Tandy)[26-3062]</name><image>~/../thumbs/Tandy - TRS-80 Color Computer/Named_Snaps/Zaxxon (1983)(Tandy)[26-3062].png</image><titleshot>~/../thumbs/Tandy - TRS-80 Color Computer/Named_Titles/Zaxxon (1983)(Tandy)[26-3062].png</titleshot><thumbnail>~/../thumbs/Tandy - TRS-80 Color Computer/Named_Boxarts/Zaxxon (1983)(Tandy)[26-3062].png</thumbnail><marquee>~/../thumbs/Tandy - TRS-80 Color Computer/Named_Logos/Zaxxon (1983)(Tandy)[26-3062].png</marquee></game>
<folder><path>./Tandy TRS-80 CoCo</path><name>Tandy TRS-80 CoCo</name><image>~/../thumb/coco.png</image></folder>
</gameList>
