<gameList>
<game><path>./Tandy TRS-80 CoCo//home/runner/rom/TOSEC/Tandy Radio Shack/TRS-80 Color Computer/Games/[ROM]/Tandy Radio Shack TRS-80 Color Computer - Games - [ROM].zip</path><name>/home/runner/rom/TOSEC/Tandy Radio Shack/TRS-80 Color Computer/Games/[ROM]/Tandy Radio Shack TRS-80 Color Computer - Games - [ROM]</name><image>~/../thumbs/Tandy - TRS-80 Color Computer/Named_Snaps//home/runner/rom/TOSEC/Tandy Radio Shack/TRS-80 Color Computer/Games/[ROM]/Tandy Radio Shack TRS-80 Color Computer - Games - [ROM].png</image><titleshot>~/../thumbs/Tandy - TRS-80 Color Computer/Named_Titles//home/runner/rom/TOSEC/Tandy Radio Shack/TRS-80 Color Computer/Games/[ROM]/Tandy Radio Shack TRS-80 Color Computer - Games - [ROM].png</titleshot><thumbnail>~/../thumbs/Tandy - TRS-80 Color Computer/Named_Boxarts//home/runner/rom/TOSEC/Tandy Radio Shack/TRS-80 Color Computer/Games/[ROM]/Tandy Radio Shack TRS-80 Color Computer - Games - [ROM].png</thumbnail><marquee>~/../thumbs/Tandy - TRS-80 Color Computer/Named_Logos//home/runner/rom/TOSEC/Tandy Radio Shack/TRS-80 Color Computer/Games/[ROM]/Tandy Radio Shack TRS-80 Color Computer - Games - [ROM].png</marquee></game>
<folder><path>./Tandy TRS-80 CoCo</path><name>Tandy TRS-80 CoCo</name><image>~/../thumb/coco.png</image></folder>
</gameList>
