<gameList>
<game><path>./Commodore PET TOSEC//home/runner/rom/TOSEC/Commodore/PET/Games/[PRG]/Commodore PET - Games - [PRG].zip</path><name>/home/runner/rom/TOSEC/Commodore/PET/Games/[PRG]/Commodore PET - Games - [PRG]</name><image>~/../thumbs/Commodore - PET/Named_Snaps//home/runner/rom/TOSEC/Commodore/PET/Games/[PRG]/Commodore PET - Games - [PRG].png</image><titleshot>~/../thumbs/Commodore - PET/Named_Titles//home/runner/rom/TOSEC/Commodore/PET/Games/[PRG]/Commodore PET - Games - [PRG].png</titleshot><thumbnail>~/../thumbs/Commodore - PET/Named_Boxarts//home/runner/rom/TOSEC/Commodore/PET/Games/[PRG]/Commodore PET - Games - [PRG].png</thumbnail><marquee>~/../thumbs/Commodore - PET/Named_Logos//home/runner/rom/TOSEC/Commodore/PET/Games/[PRG]/Commodore PET - Games - [PRG].png</marquee><hidden>true</hidden></game>
<folder><path>./Commodore PET TOSEC</path><name>Commodore PET TOSEC</name><image>~/../thumb/pet.png</image></folder>
</gameList>
