<gameList>
<game><path>./Sharp X1 2D/177 (1986)(Macadamia).2d</path><name>177 (1986)(Macadamia)</name><image>~/../thumbs/Sharp - X1/Named_Snaps/177 (1986)(Macadamia).png</image><titleshot>~/../thumbs/Sharp - X1/Named_Titles/177 (1986)(Macadamia).png</titleshot><thumbnail>~/../thumbs/Sharp - X1/Named_Boxarts/177 (1986)(Macadamia).png</thumbnail><marquee>~/../thumbs/Sharp - X1/Named_Logos/177 (1986)(Macadamia).png</marquee></game>
<game><path>./Sharp X1 2D/4th Unit, The (19xx)(Data West)(Disk 1 of 2).2d</path><name>4th Unit, The (19xx)(Data West)(Disk 1 of 2)</name><image>~/../thumbs/Sharp - X1/Named_Snaps/4th Unit, The (19xx)(Data West)(Disk 1 of 2).png</image><titleshot>~/../thumbs/Sharp - X1/Named_Titles/4th Unit, The (19xx)(Data West)(Disk 1 of 2).png</titleshot><thumbnail>~/../thumbs/Sharp - X1/Named_Boxarts/4th Unit, The (19xx)(Data West)(Disk 1 of 2).png</thumbnail><marquee>~/../thumbs/Sharp - X1/Named_Logos/4th Unit, The (19xx)(Data West)(Disk 1 of 2).png</marquee></game>
<game><path>./Sharp X1 2D/4th Unit, The (19xx)(Data West)(Disk 2 of 2).2d</path><name>4th Unit, The (19xx)(Data West)(Disk 2 of 2)</name><image>~/../thumbs/Sharp - X1/Named_Snaps/4th Unit, The (19xx)(Data West)(Disk 2 of 2).png</image><titleshot>~/../thumbs/Sharp - X1/Named_Titles/4th Unit, The (19xx)(Data West)(Disk 2 of 2).png</titleshot><thumbnail>~/../thumbs/Sharp - X1/Named_Boxarts/4th Unit, The (19xx)(Data West)(Disk 2 of 2).png</thumbnail><marquee>~/../thumbs/Sharp - X1/Named_Logos/4th Unit, The (19xx)(Data West)(Disk 2 of 2).png</marquee><hidden>true</hidden></game>
<game><path>./Sharp X1 2D/Bishoujo shashinkan - Studio Cut (1987)(Hard).2d</path><name>Bishoujo shashinkan - Studio Cut (1987)(Hard)</name><image>~/../thumbs/Sharp - X1/Named_Snaps/Bishoujo shashinkan - Studio Cut (1987)(Hard).png</image><titleshot>~/../thumbs/Sharp - X1/Named_Titles/Bishoujo shashinkan - Studio Cut (1987)(Hard).png</titleshot><thumbnail>~/../thumbs/Sharp - X1/Named_Boxarts/Bishoujo shashinkan - Studio Cut (1987)(Hard).png</thumbnail><marquee>~/../thumbs/Sharp - X1/Named_Logos/Bishoujo shashinkan - Studio Cut (1987)(Hard).png</marquee></game>
<game><path>./Sharp X1 2D/Brain Breaker (1985)(Enix).2d</path><name>Brain Breaker (1985)(Enix)</name><image>~/../thumbs/Sharp - X1/Named_Snaps/Brain Breaker (1985)(Enix).png</image><titleshot>~/../thumbs/Sharp - X1/Named_Titles/Brain Breaker (1985)(Enix).png</titleshot><thumbnail>~/../thumbs/Sharp - X1/Named_Boxarts/Brain Breaker (1985)(Enix).png</thumbnail><marquee>~/../thumbs/Sharp - X1/Named_Logos/Brain Breaker (1985)(Enix).png</marquee></game>
<game><path>./Sharp X1 2D/Bu U Ma + Black Onyx + Thunderforce (19xx)(-).2d</path><name>Bu U Ma + Black Onyx + Thunderforce (19xx)(-)</name><image>~/../thumbs/Sharp - X1/Named_Snaps/Bu U Ma + Black Onyx + Thunderforce (19xx)(-).png</image><titleshot>~/../thumbs/Sharp - X1/Named_Titles/Bu U Ma + Black Onyx + Thunderforce (19xx)(-).png</titleshot><thumbnail>~/../thumbs/Sharp - X1/Named_Boxarts/Bu U Ma + Black Onyx + Thunderforce (19xx)(-).png</thumbnail><marquee>~/../thumbs/Sharp - X1/Named_Logos/Bu U Ma + Black Onyx + Thunderforce (19xx)(-).png</marquee></game>
<game><path>./Sharp X1 2D/Cross Chase (2018-04-15)(Caruso, Fabrizio)[full].2d</path><name>Cross Chase (2018-04-15)(Caruso, Fabrizio)[full]</name><image>~/../thumbs/Sharp - X1/Named_Snaps/Cross Chase (2018-04-15)(Caruso, Fabrizio)[full].png</image><titleshot>~/../thumbs/Sharp - X1/Named_Titles/Cross Chase (2018-04-15)(Caruso, Fabrizio)[full].png</titleshot><thumbnail>~/../thumbs/Sharp - X1/Named_Boxarts/Cross Chase (2018-04-15)(Caruso, Fabrizio)[full].png</thumbnail><marquee>~/../thumbs/Sharp - X1/Named_Logos/Cross Chase (2018-04-15)(Caruso, Fabrizio)[full].png</marquee></game>
<game><path>./Sharp X1 2D/Cross Chase (2018-04-15)(Caruso, Fabrizio)[tiny].2d</path><name>Cross Chase (2018-04-15)(Caruso, Fabrizio)[tiny]</name><image>~/../thumbs/Sharp - X1/Named_Snaps/Cross Chase (2018-04-15)(Caruso, Fabrizio)[tiny].png</image><titleshot>~/../thumbs/Sharp - X1/Named_Titles/Cross Chase (2018-04-15)(Caruso, Fabrizio)[tiny].png</titleshot><thumbnail>~/../thumbs/Sharp - X1/Named_Boxarts/Cross Chase (2018-04-15)(Caruso, Fabrizio)[tiny].png</thumbnail><marquee>~/../thumbs/Sharp - X1/Named_Logos/Cross Chase (2018-04-15)(Caruso, Fabrizio)[tiny].png</marquee><hidden>true</hidden></game>
<game><path>./Sharp X1 2D/Cross Chase (2018-05-19)(Caruso, Fabrizio)[full].2d</path><name>Cross Chase (2018-05-19)(Caruso, Fabrizio)[full]</name><image>~/../thumbs/Sharp - X1/Named_Snaps/Cross Chase (2018-05-19)(Caruso, Fabrizio)[full].png</image><titleshot>~/../thumbs/Sharp - X1/Named_Titles/Cross Chase (2018-05-19)(Caruso, Fabrizio)[full].png</titleshot><thumbnail>~/../thumbs/Sharp - X1/Named_Boxarts/Cross Chase (2018-05-19)(Caruso, Fabrizio)[full].png</thumbnail><marquee>~/../thumbs/Sharp - X1/Named_Logos/Cross Chase (2018-05-19)(Caruso, Fabrizio)[full].png</marquee></game>
<game><path>./Sharp X1 2D/Cross Chase (2018-05-19)(Caruso, Fabrizio)[tiny].2d</path><name>Cross Chase (2018-05-19)(Caruso, Fabrizio)[tiny]</name><image>~/../thumbs/Sharp - X1/Named_Snaps/Cross Chase (2018-05-19)(Caruso, Fabrizio)[tiny].png</image><titleshot>~/../thumbs/Sharp - X1/Named_Titles/Cross Chase (2018-05-19)(Caruso, Fabrizio)[tiny].png</titleshot><thumbnail>~/../thumbs/Sharp - X1/Named_Boxarts/Cross Chase (2018-05-19)(Caruso, Fabrizio)[tiny].png</thumbnail><marquee>~/../thumbs/Sharp - X1/Named_Logos/Cross Chase (2018-05-19)(Caruso, Fabrizio)[tiny].png</marquee><hidden>true</hidden></game>
<game><path>./Sharp X1 2D/Cross Chase (2018-07-19)(Caruso, Fabrizio)[full].2d</path><name>Cross Chase (2018-07-19)(Caruso, Fabrizio)[full]</name><image>~/../thumbs/Sharp - X1/Named_Snaps/Cross Chase (2018-07-19)(Caruso, Fabrizio)[full].png</image><titleshot>~/../thumbs/Sharp - X1/Named_Titles/Cross Chase (2018-07-19)(Caruso, Fabrizio)[full].png</titleshot><thumbnail>~/../thumbs/Sharp - X1/Named_Boxarts/Cross Chase (2018-07-19)(Caruso, Fabrizio)[full].png</thumbnail><marquee>~/../thumbs/Sharp - X1/Named_Logos/Cross Chase (2018-07-19)(Caruso, Fabrizio)[full].png</marquee></game>
<game><path>./Sharp X1 2D/Cross Chase (2018-07-19)(Caruso, Fabrizio)[tiny].2d</path><name>Cross Chase (2018-07-19)(Caruso, Fabrizio)[tiny]</name><image>~/../thumbs/Sharp - X1/Named_Snaps/Cross Chase (2018-07-19)(Caruso, Fabrizio)[tiny].png</image><titleshot>~/../thumbs/Sharp - X1/Named_Titles/Cross Chase (2018-07-19)(Caruso, Fabrizio)[tiny].png</titleshot><thumbnail>~/../thumbs/Sharp - X1/Named_Boxarts/Cross Chase (2018-07-19)(Caruso, Fabrizio)[tiny].png</thumbnail><marquee>~/../thumbs/Sharp - X1/Named_Logos/Cross Chase (2018-07-19)(Caruso, Fabrizio)[tiny].png</marquee><hidden>true</hidden></game>
<game><path>./Sharp X1 2D/Cross Chase (2018-08-04)(Caruso, Fabrizio)[full].2d</path><name>Cross Chase (2018-08-04)(Caruso, Fabrizio)[full]</name><image>~/../thumbs/Sharp - X1/Named_Snaps/Cross Chase (2018-08-04)(Caruso, Fabrizio)[full].png</image><titleshot>~/../thumbs/Sharp - X1/Named_Titles/Cross Chase (2018-08-04)(Caruso, Fabrizio)[full].png</titleshot><thumbnail>~/../thumbs/Sharp - X1/Named_Boxarts/Cross Chase (2018-08-04)(Caruso, Fabrizio)[full].png</thumbnail><marquee>~/../thumbs/Sharp - X1/Named_Logos/Cross Chase (2018-08-04)(Caruso, Fabrizio)[full].png</marquee></game>
<game><path>./Sharp X1 2D/Cross Chase (2018-08-04)(Caruso, Fabrizio)[tiny].2d</path><name>Cross Chase (2018-08-04)(Caruso, Fabrizio)[tiny]</name><image>~/../thumbs/Sharp - X1/Named_Snaps/Cross Chase (2018-08-04)(Caruso, Fabrizio)[tiny].png</image><titleshot>~/../thumbs/Sharp - X1/Named_Titles/Cross Chase (2018-08-04)(Caruso, Fabrizio)[tiny].png</titleshot><thumbnail>~/../thumbs/Sharp - X1/Named_Boxarts/Cross Chase (2018-08-04)(Caruso, Fabrizio)[tiny].png</thumbnail><marquee>~/../thumbs/Sharp - X1/Named_Logos/Cross Chase (2018-08-04)(Caruso, Fabrizio)[tiny].png</marquee><hidden>true</hidden></game>
<game><path>./Sharp X1 2D/Cross Chase (2018-10-29)(Caruso, Fabrizio).2d</path><name>Cross Chase (2018-10-29)(Caruso, Fabrizio)</name><image>~/../thumbs/Sharp - X1/Named_Snaps/Cross Chase (2018-10-29)(Caruso, Fabrizio).png</image><titleshot>~/../thumbs/Sharp - X1/Named_Titles/Cross Chase (2018-10-29)(Caruso, Fabrizio).png</titleshot><thumbnail>~/../thumbs/Sharp - X1/Named_Boxarts/Cross Chase (2018-10-29)(Caruso, Fabrizio).png</thumbnail><marquee>~/../thumbs/Sharp - X1/Named_Logos/Cross Chase (2018-10-29)(Caruso, Fabrizio).png</marquee></game>
<game><path>./Sharp X1 2D/Dragon Buster (19xx)(Namco).2d</path><name>Dragon Buster (19xx)(Namco)</name><image>~/../thumbs/Sharp - X1/Named_Snaps/Dragon Buster (19xx)(Namco).png</image><titleshot>~/../thumbs/Sharp - X1/Named_Titles/Dragon Buster (19xx)(Namco).png</titleshot><thumbnail>~/../thumbs/Sharp - X1/Named_Boxarts/Dragon Buster (19xx)(Namco).png</thumbnail><marquee>~/../thumbs/Sharp - X1/Named_Logos/Dragon Buster (19xx)(Namco).png</marquee></game>
<game><path>./Sharp X1 2D/Exoa Ii-Warroid (1984)(ASCII).2d</path><name>Exoa Ii-Warroid (1984)(ASCII)</name><image>~/../thumbs/Sharp - X1/Named_Snaps/Exoa Ii-Warroid (1984)(ASCII).png</image><titleshot>~/../thumbs/Sharp - X1/Named_Titles/Exoa Ii-Warroid (1984)(ASCII).png</titleshot><thumbnail>~/../thumbs/Sharp - X1/Named_Boxarts/Exoa Ii-Warroid (1984)(ASCII).png</thumbnail><marquee>~/../thumbs/Sharp - X1/Named_Logos/Exoa Ii-Warroid (1984)(ASCII).png</marquee></game>
<game><path>./Sharp X1 2D/Faerie's Residence (1986)(Champion Soft)(Disk 1 of 2).2d</path><name>Faerie's Residence (1986)(Champion Soft)(Disk 1 of 2)</name><image>~/../thumbs/Sharp - X1/Named_Snaps/Faerie's Residence (1986)(Champion Soft)(Disk 1 of 2).png</image><titleshot>~/../thumbs/Sharp - X1/Named_Titles/Faerie's Residence (1986)(Champion Soft)(Disk 1 of 2).png</titleshot><thumbnail>~/../thumbs/Sharp - X1/Named_Boxarts/Faerie's Residence (1986)(Champion Soft)(Disk 1 of 2).png</thumbnail><marquee>~/../thumbs/Sharp - X1/Named_Logos/Faerie's Residence (1986)(Champion Soft)(Disk 1 of 2).png</marquee></game>
<game><path>./Sharp X1 2D/Faerie's Residence (1986)(Champion Soft)(Disk 2 of 2).2d</path><name>Faerie's Residence (1986)(Champion Soft)(Disk 2 of 2)</name><image>~/../thumbs/Sharp - X1/Named_Snaps/Faerie's Residence (1986)(Champion Soft)(Disk 2 of 2).png</image><titleshot>~/../thumbs/Sharp - X1/Named_Titles/Faerie's Residence (1986)(Champion Soft)(Disk 2 of 2).png</titleshot><thumbnail>~/../thumbs/Sharp - X1/Named_Boxarts/Faerie's Residence (1986)(Champion Soft)(Disk 2 of 2).png</thumbnail><marquee>~/../thumbs/Sharp - X1/Named_Logos/Faerie's Residence (1986)(Champion Soft)(Disk 2 of 2).png</marquee><hidden>true</hidden></game>
<game><path>./Sharp X1 2D/Gaia (19xx)(-)(Disk 1 of 2).2d</path><name>Gaia (19xx)(-)(Disk 1 of 2)</name><image>~/../thumbs/Sharp - X1/Named_Snaps/Gaia (19xx)(-)(Disk 1 of 2).png</image><titleshot>~/../thumbs/Sharp - X1/Named_Titles/Gaia (19xx)(-)(Disk 1 of 2).png</titleshot><thumbnail>~/../thumbs/Sharp - X1/Named_Boxarts/Gaia (19xx)(-)(Disk 1 of 2).png</thumbnail><marquee>~/../thumbs/Sharp - X1/Named_Logos/Gaia (19xx)(-)(Disk 1 of 2).png</marquee></game>
<game><path>./Sharp X1 2D/Gaia (19xx)(-)(Disk 2 of 2).2d</path><name>Gaia (19xx)(-)(Disk 2 of 2)</name><image>~/../thumbs/Sharp - X1/Named_Snaps/Gaia (19xx)(-)(Disk 2 of 2).png</image><titleshot>~/../thumbs/Sharp - X1/Named_Titles/Gaia (19xx)(-)(Disk 2 of 2).png</titleshot><thumbnail>~/../thumbs/Sharp - X1/Named_Boxarts/Gaia (19xx)(-)(Disk 2 of 2).png</thumbnail><marquee>~/../thumbs/Sharp - X1/Named_Logos/Gaia (19xx)(-)(Disk 2 of 2).png</marquee><hidden>true</hidden></game>
<game><path>./Sharp X1 2D/Galaxian X-1 (19xx)(Namco).2d</path><name>Galaxian X-1 (19xx)(Namco)</name><image>~/../thumbs/Sharp - X1/Named_Snaps/Galaxian X-1 (19xx)(Namco).png</image><titleshot>~/../thumbs/Sharp - X1/Named_Titles/Galaxian X-1 (19xx)(Namco).png</titleshot><thumbnail>~/../thumbs/Sharp - X1/Named_Boxarts/Galaxian X-1 (19xx)(Namco).png</thumbnail><marquee>~/../thumbs/Sharp - X1/Named_Logos/Galaxian X-1 (19xx)(Namco).png</marquee></game>
<game><path>./Sharp X1 2D/Game Compilation (19xx)(-).2d</path><name>Game Compilation (19xx)(-)</name><image>~/../thumbs/Sharp - X1/Named_Snaps/Game Compilation (19xx)(-).png</image><titleshot>~/../thumbs/Sharp - X1/Named_Titles/Game Compilation (19xx)(-).png</titleshot><thumbnail>~/../thumbs/Sharp - X1/Named_Boxarts/Game Compilation (19xx)(-).png</thumbnail><marquee>~/../thumbs/Sharp - X1/Named_Logos/Game Compilation (19xx)(-).png</marquee></game>
<game><path>./Sharp X1 2D/Gamepak 2 (1985)(-).2d</path><name>Gamepak 2 (1985)(-)</name><image>~/../thumbs/Sharp - X1/Named_Snaps/Gamepak 2 (1985)(-).png</image><titleshot>~/../thumbs/Sharp - X1/Named_Titles/Gamepak 2 (1985)(-).png</titleshot><thumbnail>~/../thumbs/Sharp - X1/Named_Boxarts/Gamepak 2 (1985)(-).png</thumbnail><marquee>~/../thumbs/Sharp - X1/Named_Logos/Gamepak 2 (1985)(-).png</marquee></game>
<game><path>./Sharp X1 2D/Gate of Labyrinth (1987)(Ymcat).2d</path><name>Gate of Labyrinth (1987)(Ymcat)</name><image>~/../thumbs/Sharp - X1/Named_Snaps/Gate of Labyrinth (1987)(Ymcat).png</image><titleshot>~/../thumbs/Sharp - X1/Named_Titles/Gate of Labyrinth (1987)(Ymcat).png</titleshot><thumbnail>~/../thumbs/Sharp - X1/Named_Boxarts/Gate of Labyrinth (1987)(Ymcat).png</thumbnail><marquee>~/../thumbs/Sharp - X1/Named_Logos/Gate of Labyrinth (1987)(Ymcat).png</marquee></game>
<game><path>./Sharp X1 2D/Goonies, The (1986)(Konami).2d</path><name>Goonies, The (1986)(Konami)</name><image>~/../thumbs/Sharp - X1/Named_Snaps/Goonies, The (1986)(Konami).png</image><titleshot>~/../thumbs/Sharp - X1/Named_Titles/Goonies, The (1986)(Konami).png</titleshot><thumbnail>~/../thumbs/Sharp - X1/Named_Boxarts/Goonies, The (1986)(Konami).png</thumbnail><marquee>~/../thumbs/Sharp - X1/Named_Logos/Goonies, The (1986)(Konami).png</marquee></game>
<game><path>./Sharp X1 2D/Gradius (19xx)(Konami).2d</path><name>Gradius (19xx)(Konami)</name><image>~/../thumbs/Sharp - X1/Named_Snaps/Gradius (19xx)(Konami).png</image><titleshot>~/../thumbs/Sharp - X1/Named_Titles/Gradius (19xx)(Konami).png</titleshot><thumbnail>~/../thumbs/Sharp - X1/Named_Boxarts/Gradius (19xx)(Konami).png</thumbnail><marquee>~/../thumbs/Sharp - X1/Named_Logos/Gradius (19xx)(Konami).png</marquee></game>
<game><path>./Sharp X1 2D/Haja No Fuuin (19xx)(KGD Software Productions).2d</path><name>Haja No Fuuin (19xx)(KGD Software Productions)</name><image>~/../thumbs/Sharp - X1/Named_Snaps/Haja No Fuuin (19xx)(KGD Software Productions).png</image><titleshot>~/../thumbs/Sharp - X1/Named_Titles/Haja No Fuuin (19xx)(KGD Software Productions).png</titleshot><thumbnail>~/../thumbs/Sharp - X1/Named_Boxarts/Haja No Fuuin (19xx)(KGD Software Productions).png</thumbnail><marquee>~/../thumbs/Sharp - X1/Named_Logos/Haja No Fuuin (19xx)(KGD Software Productions).png</marquee></game>
<game><path>./Sharp X1 2D/Issural - The Story of Calvan (1988)(Freedom Soft)(Disk 1 of 2).2d</path><name>Issural - The Story of Calvan (1988)(Freedom Soft)(Disk 1 of 2)</name><image>~/../thumbs/Sharp - X1/Named_Snaps/Issural - The Story of Calvan (1988)(Freedom Soft)(Disk 1 of 2).png</image><titleshot>~/../thumbs/Sharp - X1/Named_Titles/Issural - The Story of Calvan (1988)(Freedom Soft)(Disk 1 of 2).png</titleshot><thumbnail>~/../thumbs/Sharp - X1/Named_Boxarts/Issural - The Story of Calvan (1988)(Freedom Soft)(Disk 1 of 2).png</thumbnail><marquee>~/../thumbs/Sharp - X1/Named_Logos/Issural - The Story of Calvan (1988)(Freedom Soft)(Disk 1 of 2).png</marquee></game>
<game><path>./Sharp X1 2D/Issural - The Story of Calvan (1988)(Freedom Soft)(Disk 2 of 2).2d</path><name>Issural - The Story of Calvan (1988)(Freedom Soft)(Disk 2 of 2)</name><image>~/../thumbs/Sharp - X1/Named_Snaps/Issural - The Story of Calvan (1988)(Freedom Soft)(Disk 2 of 2).png</image><titleshot>~/../thumbs/Sharp - X1/Named_Titles/Issural - The Story of Calvan (1988)(Freedom Soft)(Disk 2 of 2).png</titleshot><thumbnail>~/../thumbs/Sharp - X1/Named_Boxarts/Issural - The Story of Calvan (1988)(Freedom Soft)(Disk 2 of 2).png</thumbnail><marquee>~/../thumbs/Sharp - X1/Named_Logos/Issural - The Story of Calvan (1988)(Freedom Soft)(Disk 2 of 2).png</marquee><hidden>true</hidden></game>
<game><path>./Sharp X1 2D/Maidum (19xx)(NCS)(Disk 1 of 2).2d</path><name>Maidum (19xx)(NCS)(Disk 1 of 2)</name><image>~/../thumbs/Sharp - X1/Named_Snaps/Maidum (19xx)(NCS)(Disk 1 of 2).png</image><titleshot>~/../thumbs/Sharp - X1/Named_Titles/Maidum (19xx)(NCS)(Disk 1 of 2).png</titleshot><thumbnail>~/../thumbs/Sharp - X1/Named_Boxarts/Maidum (19xx)(NCS)(Disk 1 of 2).png</thumbnail><marquee>~/../thumbs/Sharp - X1/Named_Logos/Maidum (19xx)(NCS)(Disk 1 of 2).png</marquee></game>
<game><path>./Sharp X1 2D/Maidum (19xx)(NCS)(Disk 1 of 2)[a].2d</path><name>Maidum (19xx)(NCS)(Disk 1 of 2)[a]</name><image>~/../thumbs/Sharp - X1/Named_Snaps/Maidum (19xx)(NCS)(Disk 1 of 2)[a].png</image><titleshot>~/../thumbs/Sharp - X1/Named_Titles/Maidum (19xx)(NCS)(Disk 1 of 2)[a].png</titleshot><thumbnail>~/../thumbs/Sharp - X1/Named_Boxarts/Maidum (19xx)(NCS)(Disk 1 of 2)[a].png</thumbnail><marquee>~/../thumbs/Sharp - X1/Named_Logos/Maidum (19xx)(NCS)(Disk 1 of 2)[a].png</marquee><hidden>true</hidden></game>
<game><path>./Sharp X1 2D/Maidum (19xx)(NCS)(Disk 2 of 2).2d</path><name>Maidum (19xx)(NCS)(Disk 2 of 2)</name><image>~/../thumbs/Sharp - X1/Named_Snaps/Maidum (19xx)(NCS)(Disk 2 of 2).png</image><titleshot>~/../thumbs/Sharp - X1/Named_Titles/Maidum (19xx)(NCS)(Disk 2 of 2).png</titleshot><thumbnail>~/../thumbs/Sharp - X1/Named_Boxarts/Maidum (19xx)(NCS)(Disk 2 of 2).png</thumbnail><marquee>~/../thumbs/Sharp - X1/Named_Logos/Maidum (19xx)(NCS)(Disk 2 of 2).png</marquee><hidden>true</hidden></game>
<game><path>./Sharp X1 2D/Mappy (19xx)(Namco).2d</path><name>Mappy (19xx)(Namco)</name><image>~/../thumbs/Sharp - X1/Named_Snaps/Mappy (19xx)(Namco).png</image><titleshot>~/../thumbs/Sharp - X1/Named_Titles/Mappy (19xx)(Namco).png</titleshot><thumbnail>~/../thumbs/Sharp - X1/Named_Boxarts/Mappy (19xx)(Namco).png</thumbnail><marquee>~/../thumbs/Sharp - X1/Named_Logos/Mappy (19xx)(Namco).png</marquee></game>
<game><path>./Sharp X1 2D/Newtype X1 (1986-11-23)(Softtown & Redmax)(JP).2d</path><name>Newtype X1 (1986-11-23)(Softtown & Redmax)(JP)</name><image>~/../thumbs/Sharp - X1/Named_Snaps/Newtype X1 (1986-11-23)(Softtown & Redmax)(JP).png</image><titleshot>~/../thumbs/Sharp - X1/Named_Titles/Newtype X1 (1986-11-23)(Softtown & Redmax)(JP).png</titleshot><thumbnail>~/../thumbs/Sharp - X1/Named_Boxarts/Newtype X1 (1986-11-23)(Softtown & Redmax)(JP).png</thumbnail><marquee>~/../thumbs/Sharp - X1/Named_Logos/Newtype X1 (1986-11-23)(Softtown & Redmax)(JP).png</marquee></game>
<game><path>./Sharp X1 2D/Ouji Binbin monogatari - Sore kara hakusho (1988)(Eastcube)(JP)(Disk 1 of 2).2d</path><name>Ouji Binbin monogatari - Sore kara hakusho (1988)(Eastcube)(JP)(Disk 1 of 2)</name><image>~/../thumbs/Sharp - X1/Named_Snaps/Ouji Binbin monogatari - Sore kara hakusho (1988)(Eastcube)(JP)(Disk 1 of 2).png</image><titleshot>~/../thumbs/Sharp - X1/Named_Titles/Ouji Binbin monogatari - Sore kara hakusho (1988)(Eastcube)(JP)(Disk 1 of 2).png</titleshot><thumbnail>~/../thumbs/Sharp - X1/Named_Boxarts/Ouji Binbin monogatari - Sore kara hakusho (1988)(Eastcube)(JP)(Disk 1 of 2).png</thumbnail><marquee>~/../thumbs/Sharp - X1/Named_Logos/Ouji Binbin monogatari - Sore kara hakusho (1988)(Eastcube)(JP)(Disk 1 of 2).png</marquee></game>
<game><path>./Sharp X1 2D/Ouji Binbin monogatari - Sore kara hakusho (1988)(Eastcube)(JP)(Disk 2 of 2).2d</path><name>Ouji Binbin monogatari - Sore kara hakusho (1988)(Eastcube)(JP)(Disk 2 of 2)</name><image>~/../thumbs/Sharp - X1/Named_Snaps/Ouji Binbin monogatari - Sore kara hakusho (1988)(Eastcube)(JP)(Disk 2 of 2).png</image><titleshot>~/../thumbs/Sharp - X1/Named_Titles/Ouji Binbin monogatari - Sore kara hakusho (1988)(Eastcube)(JP)(Disk 2 of 2).png</titleshot><thumbnail>~/../thumbs/Sharp - X1/Named_Boxarts/Ouji Binbin monogatari - Sore kara hakusho (1988)(Eastcube)(JP)(Disk 2 of 2).png</thumbnail><marquee>~/../thumbs/Sharp - X1/Named_Logos/Ouji Binbin monogatari - Sore kara hakusho (1988)(Eastcube)(JP)(Disk 2 of 2).png</marquee><hidden>true</hidden></game>
<game><path>./Sharp X1 2D/Pop Lemon (1986)(Champion Soft)(Disk 1 of 2).2d</path><name>Pop Lemon (1986)(Champion Soft)(Disk 1 of 2)</name><image>~/../thumbs/Sharp - X1/Named_Snaps/Pop Lemon (1986)(Champion Soft)(Disk 1 of 2).png</image><titleshot>~/../thumbs/Sharp - X1/Named_Titles/Pop Lemon (1986)(Champion Soft)(Disk 1 of 2).png</titleshot><thumbnail>~/../thumbs/Sharp - X1/Named_Boxarts/Pop Lemon (1986)(Champion Soft)(Disk 1 of 2).png</thumbnail><marquee>~/../thumbs/Sharp - X1/Named_Logos/Pop Lemon (1986)(Champion Soft)(Disk 1 of 2).png</marquee></game>
<game><path>./Sharp X1 2D/Pop Lemon (1986)(Champion Soft)(Disk 2 of 2).2d</path><name>Pop Lemon (1986)(Champion Soft)(Disk 2 of 2)</name><image>~/../thumbs/Sharp - X1/Named_Snaps/Pop Lemon (1986)(Champion Soft)(Disk 2 of 2).png</image><titleshot>~/../thumbs/Sharp - X1/Named_Titles/Pop Lemon (1986)(Champion Soft)(Disk 2 of 2).png</titleshot><thumbnail>~/../thumbs/Sharp - X1/Named_Boxarts/Pop Lemon (1986)(Champion Soft)(Disk 2 of 2).png</thumbnail><marquee>~/../thumbs/Sharp - X1/Named_Logos/Pop Lemon (1986)(Champion Soft)(Disk 2 of 2).png</marquee><hidden>true</hidden></game>
<game><path>./Sharp X1 2D/Portopia renzoku satsujin jiken (1983)(Enix)(JP).2d</path><name>Portopia renzoku satsujin jiken (1983)(Enix)(JP)</name><image>~/../thumbs/Sharp - X1/Named_Snaps/Portopia renzoku satsujin jiken (1983)(Enix)(JP).png</image><titleshot>~/../thumbs/Sharp - X1/Named_Titles/Portopia renzoku satsujin jiken (1983)(Enix)(JP).png</titleshot><thumbnail>~/../thumbs/Sharp - X1/Named_Boxarts/Portopia renzoku satsujin jiken (1983)(Enix)(JP).png</thumbnail><marquee>~/../thumbs/Sharp - X1/Named_Logos/Portopia renzoku satsujin jiken (1983)(Enix)(JP).png</marquee></game>
<game><path>./Sharp X1 2D/Seijo Densetsu - 5 Holy Girls (19xx)(Studio Blue).2d</path><name>Seijo Densetsu - 5 Holy Girls (19xx)(Studio Blue)</name><image>~/../thumbs/Sharp - X1/Named_Snaps/Seijo Densetsu - 5 Holy Girls (19xx)(Studio Blue).png</image><titleshot>~/../thumbs/Sharp - X1/Named_Titles/Seijo Densetsu - 5 Holy Girls (19xx)(Studio Blue).png</titleshot><thumbnail>~/../thumbs/Sharp - X1/Named_Boxarts/Seijo Densetsu - 5 Holy Girls (19xx)(Studio Blue).png</thumbnail><marquee>~/../thumbs/Sharp - X1/Named_Logos/Seijo Densetsu - 5 Holy Girls (19xx)(Studio Blue).png</marquee></game>
<game><path>./Sharp X1 2D/Seijo Densetsu Tokubetsu-hen - Seijo Panic (1987)(Studio Blue)(JP).2d</path><name>Seijo Densetsu Tokubetsu-hen - Seijo Panic (1987)(Studio Blue)(JP)</name><image>~/../thumbs/Sharp - X1/Named_Snaps/Seijo Densetsu Tokubetsu-hen - Seijo Panic (1987)(Studio Blue)(JP).png</image><titleshot>~/../thumbs/Sharp - X1/Named_Titles/Seijo Densetsu Tokubetsu-hen - Seijo Panic (1987)(Studio Blue)(JP).png</titleshot><thumbnail>~/../thumbs/Sharp - X1/Named_Boxarts/Seijo Densetsu Tokubetsu-hen - Seijo Panic (1987)(Studio Blue)(JP).png</thumbnail><marquee>~/../thumbs/Sharp - X1/Named_Logos/Seijo Densetsu Tokubetsu-hen - Seijo Panic (1987)(Studio Blue)(JP).png</marquee></game>
<game><path>./Sharp X1 2D/Shanghai (1987)(Activision).2d</path><name>Shanghai (1987)(Activision)</name><image>~/../thumbs/Sharp - X1/Named_Snaps/Shanghai (1987)(Activision).png</image><titleshot>~/../thumbs/Sharp - X1/Named_Titles/Shanghai (1987)(Activision).png</titleshot><thumbnail>~/../thumbs/Sharp - X1/Named_Boxarts/Shanghai (1987)(Activision).png</thumbnail><marquee>~/../thumbs/Sharp - X1/Named_Logos/Shanghai (1987)(Activision).png</marquee></game>
<game><path>./Sharp X1 2D/Space Harrier (19xx)(Sega)(Disk 1 of 2).2d</path><name>Space Harrier (19xx)(Sega)(Disk 1 of 2)</name><image>~/../thumbs/Sharp - X1/Named_Snaps/Space Harrier (19xx)(Sega)(Disk 1 of 2).png</image><titleshot>~/../thumbs/Sharp - X1/Named_Titles/Space Harrier (19xx)(Sega)(Disk 1 of 2).png</titleshot><thumbnail>~/../thumbs/Sharp - X1/Named_Boxarts/Space Harrier (19xx)(Sega)(Disk 1 of 2).png</thumbnail><marquee>~/../thumbs/Sharp - X1/Named_Logos/Space Harrier (19xx)(Sega)(Disk 1 of 2).png</marquee></game>
<game><path>./Sharp X1 2D/Space Harrier (19xx)(Sega)(Disk 2 of 2).2d</path><name>Space Harrier (19xx)(Sega)(Disk 2 of 2)</name><image>~/../thumbs/Sharp - X1/Named_Snaps/Space Harrier (19xx)(Sega)(Disk 2 of 2).png</image><titleshot>~/../thumbs/Sharp - X1/Named_Titles/Space Harrier (19xx)(Sega)(Disk 2 of 2).png</titleshot><thumbnail>~/../thumbs/Sharp - X1/Named_Boxarts/Space Harrier (19xx)(Sega)(Disk 2 of 2).png</thumbnail><marquee>~/../thumbs/Sharp - X1/Named_Logos/Space Harrier (19xx)(Sega)(Disk 2 of 2).png</marquee><hidden>true</hidden></game>
<game><path>./Sharp X1 2D/Timeparadox (19xx)(-)(Disk 1 of 2).2d</path><name>Timeparadox (19xx)(-)(Disk 1 of 2)</name><image>~/../thumbs/Sharp - X1/Named_Snaps/Timeparadox (19xx)(-)(Disk 1 of 2).png</image><titleshot>~/../thumbs/Sharp - X1/Named_Titles/Timeparadox (19xx)(-)(Disk 1 of 2).png</titleshot><thumbnail>~/../thumbs/Sharp - X1/Named_Boxarts/Timeparadox (19xx)(-)(Disk 1 of 2).png</thumbnail><marquee>~/../thumbs/Sharp - X1/Named_Logos/Timeparadox (19xx)(-)(Disk 1 of 2).png</marquee></game>
<game><path>./Sharp X1 2D/Timeparadox (19xx)(-)(Disk 2 of 2).2d</path><name>Timeparadox (19xx)(-)(Disk 2 of 2)</name><image>~/../thumbs/Sharp - X1/Named_Snaps/Timeparadox (19xx)(-)(Disk 2 of 2).png</image><titleshot>~/../thumbs/Sharp - X1/Named_Titles/Timeparadox (19xx)(-)(Disk 2 of 2).png</titleshot><thumbnail>~/../thumbs/Sharp - X1/Named_Boxarts/Timeparadox (19xx)(-)(Disk 2 of 2).png</thumbnail><marquee>~/../thumbs/Sharp - X1/Named_Logos/Timeparadox (19xx)(-)(Disk 2 of 2).png</marquee><hidden>true</hidden></game>
<game><path>./Sharp X1 2D/Tokyo Nampa Street (19xx)(Enix).2d</path><name>Tokyo Nampa Street (19xx)(Enix)</name><image>~/../thumbs/Sharp - X1/Named_Snaps/Tokyo Nampa Street (19xx)(Enix).png</image><titleshot>~/../thumbs/Sharp - X1/Named_Titles/Tokyo Nampa Street (19xx)(Enix).png</titleshot><thumbnail>~/../thumbs/Sharp - X1/Named_Boxarts/Tokyo Nampa Street (19xx)(Enix).png</thumbnail><marquee>~/../thumbs/Sharp - X1/Named_Logos/Tokyo Nampa Street (19xx)(Enix).png</marquee></game>
<game><path>./Sharp X1 2D/Tower of Druaga (19xx)(Namco).2d</path><name>Tower of Druaga (19xx)(Namco)</name><image>~/../thumbs/Sharp - X1/Named_Snaps/Tower of Druaga (19xx)(Namco).png</image><titleshot>~/../thumbs/Sharp - X1/Named_Titles/Tower of Druaga (19xx)(Namco).png</titleshot><thumbnail>~/../thumbs/Sharp - X1/Named_Boxarts/Tower of Druaga (19xx)(Namco).png</thumbnail><marquee>~/../thumbs/Sharp - X1/Named_Logos/Tower of Druaga (19xx)(Namco).png</marquee></game>
<game><path>./Sharp X1 2D/Trump-kyou (1984)(Hudsonsoft)(JP).2d</path><name>Trump-kyou (1984)(Hudsonsoft)(JP)</name><image>~/../thumbs/Sharp - X1/Named_Snaps/Trump-kyou (1984)(Hudsonsoft)(JP).png</image><titleshot>~/../thumbs/Sharp - X1/Named_Titles/Trump-kyou (1984)(Hudsonsoft)(JP).png</titleshot><thumbnail>~/../thumbs/Sharp - X1/Named_Boxarts/Trump-kyou (1984)(Hudsonsoft)(JP).png</thumbnail><marquee>~/../thumbs/Sharp - X1/Named_Logos/Trump-kyou (1984)(Hudsonsoft)(JP).png</marquee></game>
<game><path>./Sharp X1 2D/Wingman 2a (19xx)(-)(Disk 1 of 2).2d</path><name>Wingman 2a (19xx)(-)(Disk 1 of 2)</name><image>~/../thumbs/Sharp - X1/Named_Snaps/Wingman 2a (19xx)(-)(Disk 1 of 2).png</image><titleshot>~/../thumbs/Sharp - X1/Named_Titles/Wingman 2a (19xx)(-)(Disk 1 of 2).png</titleshot><thumbnail>~/../thumbs/Sharp - X1/Named_Boxarts/Wingman 2a (19xx)(-)(Disk 1 of 2).png</thumbnail><marquee>~/../thumbs/Sharp - X1/Named_Logos/Wingman 2a (19xx)(-)(Disk 1 of 2).png</marquee></game>
<game><path>./Sharp X1 2D/Wingman 2a (19xx)(-)(Disk 2 of 2).2d</path><name>Wingman 2a (19xx)(-)(Disk 2 of 2)</name><image>~/../thumbs/Sharp - X1/Named_Snaps/Wingman 2a (19xx)(-)(Disk 2 of 2).png</image><titleshot>~/../thumbs/Sharp - X1/Named_Titles/Wingman 2a (19xx)(-)(Disk 2 of 2).png</titleshot><thumbnail>~/../thumbs/Sharp - X1/Named_Boxarts/Wingman 2a (19xx)(-)(Disk 2 of 2).png</thumbnail><marquee>~/../thumbs/Sharp - X1/Named_Logos/Wingman 2a (19xx)(-)(Disk 2 of 2).png</marquee><hidden>true</hidden></game>
<game><path>./Sharp X1 2D/Woody Poco (1986)(Db-Soft).2d</path><name>Woody Poco (1986)(Db-Soft)</name><image>~/../thumbs/Sharp - X1/Named_Snaps/Woody Poco (1986)(Db-Soft).png</image><titleshot>~/../thumbs/Sharp - X1/Named_Titles/Woody Poco (1986)(Db-Soft).png</titleshot><thumbnail>~/../thumbs/Sharp - X1/Named_Boxarts/Woody Poco (1986)(Db-Soft).png</thumbnail><marquee>~/../thumbs/Sharp - X1/Named_Logos/Woody Poco (1986)(Db-Soft).png</marquee></game>
<game><path>./Sharp X1 2D/Zeta 5 (19xx)(Championsoft)(Disk 1 of 2).2d</path><name>Zeta 5 (19xx)(Championsoft)(Disk 1 of 2)</name><image>~/../thumbs/Sharp - X1/Named_Snaps/Zeta 5 (19xx)(Championsoft)(Disk 1 of 2).png</image><titleshot>~/../thumbs/Sharp - X1/Named_Titles/Zeta 5 (19xx)(Championsoft)(Disk 1 of 2).png</titleshot><thumbnail>~/../thumbs/Sharp - X1/Named_Boxarts/Zeta 5 (19xx)(Championsoft)(Disk 1 of 2).png</thumbnail><marquee>~/../thumbs/Sharp - X1/Named_Logos/Zeta 5 (19xx)(Championsoft)(Disk 1 of 2).png</marquee></game>
<game><path>./Sharp X1 2D/Zeta 5 (19xx)(Championsoft)(Disk 2 of 2).2d</path><name>Zeta 5 (19xx)(Championsoft)(Disk 2 of 2)</name><image>~/../thumbs/Sharp - X1/Named_Snaps/Zeta 5 (19xx)(Championsoft)(Disk 2 of 2).png</image><titleshot>~/../thumbs/Sharp - X1/Named_Titles/Zeta 5 (19xx)(Championsoft)(Disk 2 of 2).png</titleshot><thumbnail>~/../thumbs/Sharp - X1/Named_Boxarts/Zeta 5 (19xx)(Championsoft)(Disk 2 of 2).png</thumbnail><marquee>~/../thumbs/Sharp - X1/Named_Logos/Zeta 5 (19xx)(Championsoft)(Disk 2 of 2).png</marquee><hidden>true</hidden></game>
<folder><path>./Sharp X1 2D</path><name>Sharp X1 2D</name><image>~/../thumb/x1.png</image></folder>
<game><path>./Sharp X1 D88/Ancient Ys Vanished Omen (1987)(Falcom)(Disk 1 of 2).d88</path><name>Ancient Ys Vanished Omen (1987)(Falcom)(Disk 1 of 2)</name><image>~/../thumbs/Sharp - X1/Named_Snaps/Ancient Ys Vanished Omen (1987)(Falcom)(Disk 1 of 2).png</image><titleshot>~/../thumbs/Sharp - X1/Named_Titles/Ancient Ys Vanished Omen (1987)(Falcom)(Disk 1 of 2).png</titleshot><thumbnail>~/../thumbs/Sharp - X1/Named_Boxarts/Ancient Ys Vanished Omen (1987)(Falcom)(Disk 1 of 2).png</thumbnail><marquee>~/../thumbs/Sharp - X1/Named_Logos/Ancient Ys Vanished Omen (1987)(Falcom)(Disk 1 of 2).png</marquee></game>
<game><path>./Sharp X1 D88/Ancient Ys Vanished Omen (1987)(Falcom)(Disk 2 of 2).d88</path><name>Ancient Ys Vanished Omen (1987)(Falcom)(Disk 2 of 2)</name><image>~/../thumbs/Sharp - X1/Named_Snaps/Ancient Ys Vanished Omen (1987)(Falcom)(Disk 2 of 2).png</image><titleshot>~/../thumbs/Sharp - X1/Named_Titles/Ancient Ys Vanished Omen (1987)(Falcom)(Disk 2 of 2).png</titleshot><thumbnail>~/../thumbs/Sharp - X1/Named_Boxarts/Ancient Ys Vanished Omen (1987)(Falcom)(Disk 2 of 2).png</thumbnail><marquee>~/../thumbs/Sharp - X1/Named_Logos/Ancient Ys Vanished Omen (1987)(Falcom)(Disk 2 of 2).png</marquee><hidden>true</hidden></game>
<game><path>./Sharp X1 D88/Chack'n Pop (1984)(Nidecom - Carry Lab)(JP)[LOAD+RUN].d88</path><name>Chack'n Pop (1984)(Nidecom - Carry Lab)(JP)[LOAD+RUN]</name><image>~/../thumbs/Sharp - X1/Named_Snaps/Chack'n Pop (1984)(Nidecom - Carry Lab)(JP)[LOAD+RUN].png</image><titleshot>~/../thumbs/Sharp - X1/Named_Titles/Chack'n Pop (1984)(Nidecom - Carry Lab)(JP)[LOAD+RUN].png</titleshot><thumbnail>~/../thumbs/Sharp - X1/Named_Boxarts/Chack'n Pop (1984)(Nidecom - Carry Lab)(JP)[LOAD+RUN].png</thumbnail><marquee>~/../thumbs/Sharp - X1/Named_Logos/Chack'n Pop (1984)(Nidecom - Carry Lab)(JP)[LOAD+RUN].png</marquee></game>
<game><path>./Sharp X1 D88/Crimsin (1988)(Xtalsoft)(Disk 1 of 3).d88</path><name>Crimsin (1988)(Xtalsoft)(Disk 1 of 3)</name><image>~/../thumbs/Sharp - X1/Named_Snaps/Crimsin (1988)(Xtalsoft)(Disk 1 of 3).png</image><titleshot>~/../thumbs/Sharp - X1/Named_Titles/Crimsin (1988)(Xtalsoft)(Disk 1 of 3).png</titleshot><thumbnail>~/../thumbs/Sharp - X1/Named_Boxarts/Crimsin (1988)(Xtalsoft)(Disk 1 of 3).png</thumbnail><marquee>~/../thumbs/Sharp - X1/Named_Logos/Crimsin (1988)(Xtalsoft)(Disk 1 of 3).png</marquee></game>
<game><path>./Sharp X1 D88/Crimsin (1988)(Xtalsoft)(Disk 2 of 3).d88</path><name>Crimsin (1988)(Xtalsoft)(Disk 2 of 3)</name><image>~/../thumbs/Sharp - X1/Named_Snaps/Crimsin (1988)(Xtalsoft)(Disk 2 of 3).png</image><titleshot>~/../thumbs/Sharp - X1/Named_Titles/Crimsin (1988)(Xtalsoft)(Disk 2 of 3).png</titleshot><thumbnail>~/../thumbs/Sharp - X1/Named_Boxarts/Crimsin (1988)(Xtalsoft)(Disk 2 of 3).png</thumbnail><marquee>~/../thumbs/Sharp - X1/Named_Logos/Crimsin (1988)(Xtalsoft)(Disk 2 of 3).png</marquee><hidden>true</hidden></game>
<game><path>./Sharp X1 D88/Crimsin (1988)(Xtalsoft)(Disk 3 of 3).d88</path><name>Crimsin (1988)(Xtalsoft)(Disk 3 of 3)</name><image>~/../thumbs/Sharp - X1/Named_Snaps/Crimsin (1988)(Xtalsoft)(Disk 3 of 3).png</image><titleshot>~/../thumbs/Sharp - X1/Named_Titles/Crimsin (1988)(Xtalsoft)(Disk 3 of 3).png</titleshot><thumbnail>~/../thumbs/Sharp - X1/Named_Boxarts/Crimsin (1988)(Xtalsoft)(Disk 3 of 3).png</thumbnail><marquee>~/../thumbs/Sharp - X1/Named_Logos/Crimsin (1988)(Xtalsoft)(Disk 3 of 3).png</marquee><hidden>true</hidden></game>
<game><path>./Sharp X1 D88/Cross Chase (2020-04-02)(Caruso, Fabrizio).d88</path><name>Cross Chase (2020-04-02)(Caruso, Fabrizio)</name><image>~/../thumbs/Sharp - X1/Named_Snaps/Cross Chase (2020-04-02)(Caruso, Fabrizio).png</image><titleshot>~/../thumbs/Sharp - X1/Named_Titles/Cross Chase (2020-04-02)(Caruso, Fabrizio).png</titleshot><thumbnail>~/../thumbs/Sharp - X1/Named_Boxarts/Cross Chase (2020-04-02)(Caruso, Fabrizio).png</thumbnail><marquee>~/../thumbs/Sharp - X1/Named_Logos/Cross Chase (2020-04-02)(Caruso, Fabrizio).png</marquee></game>
<game><path>./Sharp X1 D88/Cross Chase (2021-05-13)(Caruso, Fabrizio).d88</path><name>Cross Chase (2021-05-13)(Caruso, Fabrizio)</name><image>~/../thumbs/Sharp - X1/Named_Snaps/Cross Chase (2021-05-13)(Caruso, Fabrizio).png</image><titleshot>~/../thumbs/Sharp - X1/Named_Titles/Cross Chase (2021-05-13)(Caruso, Fabrizio).png</titleshot><thumbnail>~/../thumbs/Sharp - X1/Named_Boxarts/Cross Chase (2021-05-13)(Caruso, Fabrizio).png</thumbnail><marquee>~/../thumbs/Sharp - X1/Named_Logos/Cross Chase (2021-05-13)(Caruso, Fabrizio).png</marquee></game>
<game><path>./Sharp X1 D88/D-Side - Lagrange L-2 Part II (1986)(Compaq)(JP).d88</path><name>D-Side - Lagrange L-2 Part II (1986)(Compaq)(JP)</name><image>~/../thumbs/Sharp - X1/Named_Snaps/D-Side - Lagrange L-2 Part II (1986)(Compaq)(JP).png</image><titleshot>~/../thumbs/Sharp - X1/Named_Titles/D-Side - Lagrange L-2 Part II (1986)(Compaq)(JP).png</titleshot><thumbnail>~/../thumbs/Sharp - X1/Named_Boxarts/D-Side - Lagrange L-2 Part II (1986)(Compaq)(JP).png</thumbnail><marquee>~/../thumbs/Sharp - X1/Named_Logos/D-Side - Lagrange L-2 Part II (1986)(Compaq)(JP).png</marquee></game>
<game><path>./Sharp X1 D88/Dragon Slayer (1986)(Falcom - Login)(JP).d88</path><name>Dragon Slayer (1986)(Falcom - Login)(JP)</name><image>~/../thumbs/Sharp - X1/Named_Snaps/Dragon Slayer (1986)(Falcom - Login)(JP).png</image><titleshot>~/../thumbs/Sharp - X1/Named_Titles/Dragon Slayer (1986)(Falcom - Login)(JP).png</titleshot><thumbnail>~/../thumbs/Sharp - X1/Named_Boxarts/Dragon Slayer (1986)(Falcom - Login)(JP).png</thumbnail><marquee>~/../thumbs/Sharp - X1/Named_Logos/Dragon Slayer (1986)(Falcom - Login)(JP).png</marquee></game>
<game><path>./Sharp X1 D88/Euphory (19xx)(Samcon Systems).d88</path><name>Euphory (19xx)(Samcon Systems)</name><image>~/../thumbs/Sharp - X1/Named_Snaps/Euphory (19xx)(Samcon Systems).png</image><titleshot>~/../thumbs/Sharp - X1/Named_Titles/Euphory (19xx)(Samcon Systems).png</titleshot><thumbnail>~/../thumbs/Sharp - X1/Named_Boxarts/Euphory (19xx)(Samcon Systems).png</thumbnail><marquee>~/../thumbs/Sharp - X1/Named_Logos/Euphory (19xx)(Samcon Systems).png</marquee></game>
<game><path>./Sharp X1 D88/Gall Force - Eternal Story (19xx)(-)(Disk 1 of 3).d88</path><name>Gall Force - Eternal Story (19xx)(-)(Disk 1 of 3)</name><image>~/../thumbs/Sharp - X1/Named_Snaps/Gall Force - Eternal Story (19xx)(-)(Disk 1 of 3).png</image><titleshot>~/../thumbs/Sharp - X1/Named_Titles/Gall Force - Eternal Story (19xx)(-)(Disk 1 of 3).png</titleshot><thumbnail>~/../thumbs/Sharp - X1/Named_Boxarts/Gall Force - Eternal Story (19xx)(-)(Disk 1 of 3).png</thumbnail><marquee>~/../thumbs/Sharp - X1/Named_Logos/Gall Force - Eternal Story (19xx)(-)(Disk 1 of 3).png</marquee></game>
<game><path>./Sharp X1 D88/Gall Force - Eternal Story (19xx)(-)(Disk 2 of 3).d88</path><name>Gall Force - Eternal Story (19xx)(-)(Disk 2 of 3)</name><image>~/../thumbs/Sharp - X1/Named_Snaps/Gall Force - Eternal Story (19xx)(-)(Disk 2 of 3).png</image><titleshot>~/../thumbs/Sharp - X1/Named_Titles/Gall Force - Eternal Story (19xx)(-)(Disk 2 of 3).png</titleshot><thumbnail>~/../thumbs/Sharp - X1/Named_Boxarts/Gall Force - Eternal Story (19xx)(-)(Disk 2 of 3).png</thumbnail><marquee>~/../thumbs/Sharp - X1/Named_Logos/Gall Force - Eternal Story (19xx)(-)(Disk 2 of 3).png</marquee><hidden>true</hidden></game>
<game><path>./Sharp X1 D88/Gall Force - Eternal Story (19xx)(-)(Disk 3 of 3).d88</path><name>Gall Force - Eternal Story (19xx)(-)(Disk 3 of 3)</name><image>~/../thumbs/Sharp - X1/Named_Snaps/Gall Force - Eternal Story (19xx)(-)(Disk 3 of 3).png</image><titleshot>~/../thumbs/Sharp - X1/Named_Titles/Gall Force - Eternal Story (19xx)(-)(Disk 3 of 3).png</titleshot><thumbnail>~/../thumbs/Sharp - X1/Named_Boxarts/Gall Force - Eternal Story (19xx)(-)(Disk 3 of 3).png</thumbnail><marquee>~/../thumbs/Sharp - X1/Named_Logos/Gall Force - Eternal Story (19xx)(-)(Disk 3 of 3).png</marquee><hidden>true</hidden></game>
<game><path>./Sharp X1 D88/Hydlide 3 - The Space Memories (19xx)(-)(Disk 1 of 4).d88</path><name>Hydlide 3 - The Space Memories (19xx)(-)(Disk 1 of 4)</name><image>~/../thumbs/Sharp - X1/Named_Snaps/Hydlide 3 - The Space Memories (19xx)(-)(Disk 1 of 4).png</image><titleshot>~/../thumbs/Sharp - X1/Named_Titles/Hydlide 3 - The Space Memories (19xx)(-)(Disk 1 of 4).png</titleshot><thumbnail>~/../thumbs/Sharp - X1/Named_Boxarts/Hydlide 3 - The Space Memories (19xx)(-)(Disk 1 of 4).png</thumbnail><marquee>~/../thumbs/Sharp - X1/Named_Logos/Hydlide 3 - The Space Memories (19xx)(-)(Disk 1 of 4).png</marquee></game>
<game><path>./Sharp X1 D88/Hydlide 3 - The Space Memories (19xx)(-)(Disk 2 of 4).d88</path><name>Hydlide 3 - The Space Memories (19xx)(-)(Disk 2 of 4)</name><image>~/../thumbs/Sharp - X1/Named_Snaps/Hydlide 3 - The Space Memories (19xx)(-)(Disk 2 of 4).png</image><titleshot>~/../thumbs/Sharp - X1/Named_Titles/Hydlide 3 - The Space Memories (19xx)(-)(Disk 2 of 4).png</titleshot><thumbnail>~/../thumbs/Sharp - X1/Named_Boxarts/Hydlide 3 - The Space Memories (19xx)(-)(Disk 2 of 4).png</thumbnail><marquee>~/../thumbs/Sharp - X1/Named_Logos/Hydlide 3 - The Space Memories (19xx)(-)(Disk 2 of 4).png</marquee><hidden>true</hidden></game>
<game><path>./Sharp X1 D88/Hydlide 3 - The Space Memories (19xx)(-)(Disk 3 of 4).d88</path><name>Hydlide 3 - The Space Memories (19xx)(-)(Disk 3 of 4)</name><image>~/../thumbs/Sharp - X1/Named_Snaps/Hydlide 3 - The Space Memories (19xx)(-)(Disk 3 of 4).png</image><titleshot>~/../thumbs/Sharp - X1/Named_Titles/Hydlide 3 - The Space Memories (19xx)(-)(Disk 3 of 4).png</titleshot><thumbnail>~/../thumbs/Sharp - X1/Named_Boxarts/Hydlide 3 - The Space Memories (19xx)(-)(Disk 3 of 4).png</thumbnail><marquee>~/../thumbs/Sharp - X1/Named_Logos/Hydlide 3 - The Space Memories (19xx)(-)(Disk 3 of 4).png</marquee><hidden>true</hidden></game>
<game><path>./Sharp X1 D88/Hydlide 3 - The Space Memories (19xx)(-)(Disk 4 of 4).d88</path><name>Hydlide 3 - The Space Memories (19xx)(-)(Disk 4 of 4)</name><image>~/../thumbs/Sharp - X1/Named_Snaps/Hydlide 3 - The Space Memories (19xx)(-)(Disk 4 of 4).png</image><titleshot>~/../thumbs/Sharp - X1/Named_Titles/Hydlide 3 - The Space Memories (19xx)(-)(Disk 4 of 4).png</titleshot><thumbnail>~/../thumbs/Sharp - X1/Named_Boxarts/Hydlide 3 - The Space Memories (19xx)(-)(Disk 4 of 4).png</thumbnail><marquee>~/../thumbs/Sharp - X1/Named_Logos/Hydlide 3 - The Space Memories (19xx)(-)(Disk 4 of 4).png</marquee><hidden>true</hidden></game>
<game><path>./Sharp X1 D88/In The World of Relics (19xx)(-)(Disk 1 of 2).d88</path><name>In The World of Relics (19xx)(-)(Disk 1 of 2)</name><image>~/../thumbs/Sharp - X1/Named_Snaps/In The World of Relics (19xx)(-)(Disk 1 of 2).png</image><titleshot>~/../thumbs/Sharp - X1/Named_Titles/In The World of Relics (19xx)(-)(Disk 1 of 2).png</titleshot><thumbnail>~/../thumbs/Sharp - X1/Named_Boxarts/In The World of Relics (19xx)(-)(Disk 1 of 2).png</thumbnail><marquee>~/../thumbs/Sharp - X1/Named_Logos/In The World of Relics (19xx)(-)(Disk 1 of 2).png</marquee></game>
<game><path>./Sharp X1 D88/In The World of Relics (19xx)(-)(Disk 2 of 2).d88</path><name>In The World of Relics (19xx)(-)(Disk 2 of 2)</name><image>~/../thumbs/Sharp - X1/Named_Snaps/In The World of Relics (19xx)(-)(Disk 2 of 2).png</image><titleshot>~/../thumbs/Sharp - X1/Named_Titles/In The World of Relics (19xx)(-)(Disk 2 of 2).png</titleshot><thumbnail>~/../thumbs/Sharp - X1/Named_Boxarts/In The World of Relics (19xx)(-)(Disk 2 of 2).png</thumbnail><marquee>~/../thumbs/Sharp - X1/Named_Logos/In The World of Relics (19xx)(-)(Disk 2 of 2).png</marquee><hidden>true</hidden></game>
<game><path>./Sharp X1 D88/Irohamioedo (19xx)(-)(Disk 1 of 2).d88</path><name>Irohamioedo (19xx)(-)(Disk 1 of 2)</name><image>~/../thumbs/Sharp - X1/Named_Snaps/Irohamioedo (19xx)(-)(Disk 1 of 2).png</image><titleshot>~/../thumbs/Sharp - X1/Named_Titles/Irohamioedo (19xx)(-)(Disk 1 of 2).png</titleshot><thumbnail>~/../thumbs/Sharp - X1/Named_Boxarts/Irohamioedo (19xx)(-)(Disk 1 of 2).png</thumbnail><marquee>~/../thumbs/Sharp - X1/Named_Logos/Irohamioedo (19xx)(-)(Disk 1 of 2).png</marquee></game>
<game><path>./Sharp X1 D88/Irohamioedo (19xx)(-)(Disk 2 of 2).d88</path><name>Irohamioedo (19xx)(-)(Disk 2 of 2)</name><image>~/../thumbs/Sharp - X1/Named_Snaps/Irohamioedo (19xx)(-)(Disk 2 of 2).png</image><titleshot>~/../thumbs/Sharp - X1/Named_Titles/Irohamioedo (19xx)(-)(Disk 2 of 2).png</titleshot><thumbnail>~/../thumbs/Sharp - X1/Named_Boxarts/Irohamioedo (19xx)(-)(Disk 2 of 2).png</thumbnail><marquee>~/../thumbs/Sharp - X1/Named_Logos/Irohamioedo (19xx)(-)(Disk 2 of 2).png</marquee><hidden>true</hidden></game>
<game><path>./Sharp X1 D88/Lagrange L-2 - Escape from the Space Colony (1985)(Compaq)(JP).d88</path><name>Lagrange L-2 - Escape from the Space Colony (1985)(Compaq)(JP)</name><image>~/../thumbs/Sharp - X1/Named_Snaps/Lagrange L-2 - Escape from the Space Colony (1985)(Compaq)(JP).png</image><titleshot>~/../thumbs/Sharp - X1/Named_Titles/Lagrange L-2 - Escape from the Space Colony (1985)(Compaq)(JP).png</titleshot><thumbnail>~/../thumbs/Sharp - X1/Named_Boxarts/Lagrange L-2 - Escape from the Space Colony (1985)(Compaq)(JP).png</thumbnail><marquee>~/../thumbs/Sharp - X1/Named_Logos/Lagrange L-2 - Escape from the Space Colony (1985)(Compaq)(JP).png</marquee></game>
<game><path>./Sharp X1 D88/Lode Runner (1984)(Broderbund).d88</path><name>Lode Runner (1984)(Broderbund)</name><image>~/../thumbs/Sharp - X1/Named_Snaps/Lode Runner (1984)(Broderbund).png</image><titleshot>~/../thumbs/Sharp - X1/Named_Titles/Lode Runner (1984)(Broderbund).png</titleshot><thumbnail>~/../thumbs/Sharp - X1/Named_Boxarts/Lode Runner (1984)(Broderbund).png</thumbnail><marquee>~/../thumbs/Sharp - X1/Named_Logos/Lode Runner (1984)(Broderbund).png</marquee></game>
<game><path>./Sharp X1 D88/Reviver (19xx)(Arsys)(Disk 1 of 3).d88</path><name>Reviver (19xx)(Arsys)(Disk 1 of 3)</name><image>~/../thumbs/Sharp - X1/Named_Snaps/Reviver (19xx)(Arsys)(Disk 1 of 3).png</image><titleshot>~/../thumbs/Sharp - X1/Named_Titles/Reviver (19xx)(Arsys)(Disk 1 of 3).png</titleshot><thumbnail>~/../thumbs/Sharp - X1/Named_Boxarts/Reviver (19xx)(Arsys)(Disk 1 of 3).png</thumbnail><marquee>~/../thumbs/Sharp - X1/Named_Logos/Reviver (19xx)(Arsys)(Disk 1 of 3).png</marquee></game>
<game><path>./Sharp X1 D88/Reviver (19xx)(Arsys)(Disk 2 of 3).d88</path><name>Reviver (19xx)(Arsys)(Disk 2 of 3)</name><image>~/../thumbs/Sharp - X1/Named_Snaps/Reviver (19xx)(Arsys)(Disk 2 of 3).png</image><titleshot>~/../thumbs/Sharp - X1/Named_Titles/Reviver (19xx)(Arsys)(Disk 2 of 3).png</titleshot><thumbnail>~/../thumbs/Sharp - X1/Named_Boxarts/Reviver (19xx)(Arsys)(Disk 2 of 3).png</thumbnail><marquee>~/../thumbs/Sharp - X1/Named_Logos/Reviver (19xx)(Arsys)(Disk 2 of 3).png</marquee><hidden>true</hidden></game>
<game><path>./Sharp X1 D88/Reviver (19xx)(Arsys)(Disk 3 of 3)(Data Disk).d88</path><name>Reviver (19xx)(Arsys)(Disk 3 of 3)(Data Disk)</name><image>~/../thumbs/Sharp - X1/Named_Snaps/Reviver (19xx)(Arsys)(Disk 3 of 3)(Data Disk).png</image><titleshot>~/../thumbs/Sharp - X1/Named_Titles/Reviver (19xx)(Arsys)(Disk 3 of 3)(Data Disk).png</titleshot><thumbnail>~/../thumbs/Sharp - X1/Named_Boxarts/Reviver (19xx)(Arsys)(Disk 3 of 3)(Data Disk).png</thumbnail><marquee>~/../thumbs/Sharp - X1/Named_Logos/Reviver (19xx)(Arsys)(Disk 3 of 3)(Data Disk).png</marquee><hidden>true</hidden></game>
<game><path>./Sharp X1 D88/Riglas (1985)(Random House).d88</path><name>Riglas (1985)(Random House)</name><image>~/../thumbs/Sharp - X1/Named_Snaps/Riglas (1985)(Random House).png</image><titleshot>~/../thumbs/Sharp - X1/Named_Titles/Riglas (1985)(Random House).png</titleshot><thumbnail>~/../thumbs/Sharp - X1/Named_Boxarts/Riglas (1985)(Random House).png</thumbnail><marquee>~/../thumbs/Sharp - X1/Named_Logos/Riglas (1985)(Random House).png</marquee></game>
<game><path>./Sharp X1 D88/Spare Change (1983)(Soft Pro International).d88</path><name>Spare Change (1983)(Soft Pro International)</name><image>~/../thumbs/Sharp - X1/Named_Snaps/Spare Change (1983)(Soft Pro International).png</image><titleshot>~/../thumbs/Sharp - X1/Named_Titles/Spare Change (1983)(Soft Pro International).png</titleshot><thumbnail>~/../thumbs/Sharp - X1/Named_Boxarts/Spare Change (1983)(Soft Pro International).png</thumbnail><marquee>~/../thumbs/Sharp - X1/Named_Logos/Spare Change (1983)(Soft Pro International).png</marquee></game>
<game><path>./Sharp X1 D88/Super Laydock - Mission Striker (19xx)(T&E Soft)(Disk 1 of 2).d88</path><name>Super Laydock - Mission Striker (19xx)(T&E Soft)(Disk 1 of 2)</name><image>~/../thumbs/Sharp - X1/Named_Snaps/Super Laydock - Mission Striker (19xx)(T&E Soft)(Disk 1 of 2).png</image><titleshot>~/../thumbs/Sharp - X1/Named_Titles/Super Laydock - Mission Striker (19xx)(T&E Soft)(Disk 1 of 2).png</titleshot><thumbnail>~/../thumbs/Sharp - X1/Named_Boxarts/Super Laydock - Mission Striker (19xx)(T&E Soft)(Disk 1 of 2).png</thumbnail><marquee>~/../thumbs/Sharp - X1/Named_Logos/Super Laydock - Mission Striker (19xx)(T&E Soft)(Disk 1 of 2).png</marquee></game>
<game><path>./Sharp X1 D88/Super Laydock - Mission Striker (19xx)(T&E Soft)(Disk 2 of 2).d88</path><name>Super Laydock - Mission Striker (19xx)(T&E Soft)(Disk 2 of 2)</name><image>~/../thumbs/Sharp - X1/Named_Snaps/Super Laydock - Mission Striker (19xx)(T&E Soft)(Disk 2 of 2).png</image><titleshot>~/../thumbs/Sharp - X1/Named_Titles/Super Laydock - Mission Striker (19xx)(T&E Soft)(Disk 2 of 2).png</titleshot><thumbnail>~/../thumbs/Sharp - X1/Named_Boxarts/Super Laydock - Mission Striker (19xx)(T&E Soft)(Disk 2 of 2).png</thumbnail><marquee>~/../thumbs/Sharp - X1/Named_Logos/Super Laydock - Mission Striker (19xx)(T&E Soft)(Disk 2 of 2).png</marquee><hidden>true</hidden></game>
<game><path>./Sharp X1 D88/Wibarm (1986)(Arsys)(JP)(Disk 1 of 2).d88</path><name>Wibarm (1986)(Arsys)(JP)(Disk 1 of 2)</name><image>~/../thumbs/Sharp - X1/Named_Snaps/Wibarm (1986)(Arsys)(JP)(Disk 1 of 2).png</image><titleshot>~/../thumbs/Sharp - X1/Named_Titles/Wibarm (1986)(Arsys)(JP)(Disk 1 of 2).png</titleshot><thumbnail>~/../thumbs/Sharp - X1/Named_Boxarts/Wibarm (1986)(Arsys)(JP)(Disk 1 of 2).png</thumbnail><marquee>~/../thumbs/Sharp - X1/Named_Logos/Wibarm (1986)(Arsys)(JP)(Disk 1 of 2).png</marquee></game>
<game><path>./Sharp X1 D88/Wibarm (1986)(Arsys)(JP)(Disk 2 of 2).d88</path><name>Wibarm (1986)(Arsys)(JP)(Disk 2 of 2)</name><image>~/../thumbs/Sharp - X1/Named_Snaps/Wibarm (1986)(Arsys)(JP)(Disk 2 of 2).png</image><titleshot>~/../thumbs/Sharp - X1/Named_Titles/Wibarm (1986)(Arsys)(JP)(Disk 2 of 2).png</titleshot><thumbnail>~/../thumbs/Sharp - X1/Named_Boxarts/Wibarm (1986)(Arsys)(JP)(Disk 2 of 2).png</thumbnail><marquee>~/../thumbs/Sharp - X1/Named_Logos/Wibarm (1986)(Arsys)(JP)(Disk 2 of 2).png</marquee><hidden>true</hidden></game>
<game><path>./Sharp X1 D88/Xevious (19xx)(Namco).d88</path><name>Xevious (19xx)(Namco)</name><image>~/../thumbs/Sharp - X1/Named_Snaps/Xevious (19xx)(Namco).png</image><titleshot>~/../thumbs/Sharp - X1/Named_Titles/Xevious (19xx)(Namco).png</titleshot><thumbnail>~/../thumbs/Sharp - X1/Named_Boxarts/Xevious (19xx)(Namco).png</thumbnail><marquee>~/../thumbs/Sharp - X1/Named_Logos/Xevious (19xx)(Namco).png</marquee></game>
<folder><path>./Sharp X1 D88</path><name>Sharp X1 D88</name><image>~/../thumb/x1.png</image></folder>
</gameList>
