<gameList>
<game><path>./NoIntro/3-D Tetris (USA).zip</path><name>3-D Tetris (USA)</name><image>~/../thumbs/Nintendo - Virtual Boy/Named_Snaps/3-D Tetris (USA).png</image></game>
<game><path>./NoIntro/Bound High (World) (Proto 1) [b].zip</path><name>Bound High (World) (Proto 1) [b]</name><image>~/../thumbs/Nintendo - Virtual Boy/Named_Snaps/Bound High (World).png</image></game>
<game><path>./NoIntro/Bound High (World) (Proto 2).zip</path><name>Bound High (World) (Proto 2)</name><image>~/../thumbs/Nintendo - Virtual Boy/Named_Snaps/Bound High (World).png</image></game>
<game><path>./NoIntro/Galactic Pinball (Japan, USA) (En).zip</path><name>Galactic Pinball (Japan, USA) (En)</name><image>~/../thumbs/Nintendo - Virtual Boy/Named_Snaps/Galactic Pinball (Japan, USA).png</image></game>
<game><path>./NoIntro/Golf (USA).zip</path><name>Golf (USA)</name><image>~/../thumbs/Nintendo - Virtual Boy/Named_Snaps/Golf (USA).png</image></game>
<game><path>./NoIntro/Insmouth no Yakata (Japan).zip</path><name>Insmouth no Yakata (Japan)</name><image>~/../thumbs/Nintendo - Virtual Boy/Named_Snaps/Insmouth no Yakata (Japan).png</image></game>
<game><path>./NoIntro/Jack Bros. (USA).zip</path><name>Jack Bros. (USA)</name><image>~/../thumbs/Nintendo - Virtual Boy/Named_Snaps/Jack Bros. (USA).png</image></game>
<game><path>./NoIntro/Jack Bros. no Meiro de Hiihoo! (Japan).zip</path><name>Jack Bros. no Meiro de Hiihoo! (Japan)</name><image>~/../thumbs/Nintendo - Virtual Boy/Named_Snaps/Jack Bros. no Meiro de Hiihoo! (Japan).png</image></game>
<game><path>./NoIntro/Mario Clash (Japan, USA) (En).zip</path><name>Mario Clash (Japan, USA) (En)</name><image>~/../thumbs/Nintendo - Virtual Boy/Named_Snaps/Mario Clash (Japan, USA).png</image></game>
<game><path>./NoIntro/Mario's Tennis (Japan, USA) (En).zip</path><name>Mario's Tennis (Japan, USA) (En)</name><image>~/../thumbs/Nintendo - Virtual Boy/Named_Snaps/Mario's Tennis (Japan, USA).png</image></game>
<game><path>./NoIntro/Nester's Funky Bowling (USA).zip</path><name>Nester's Funky Bowling (USA)</name><image>~/../thumbs/Nintendo - Virtual Boy/Named_Snaps/Nester's Funky Bowling (USA).png</image></game>
<game><path>./NoIntro/Niko-chan Battle (Japan) (Proto).zip</path><name>Niko-chan Battle (Japan) (Proto)</name><image>~/../thumbs/Nintendo - Virtual Boy/Named_Snaps/Niko-chan Battle (Japan).png</image></game>
<game><path>./NoIntro/Panic Bomber (USA).zip</path><name>Panic Bomber (USA)</name><image>~/../thumbs/Nintendo - Virtual Boy/Named_Snaps/Panic Bomber (USA).png</image></game>
<game><path>./NoIntro/Red Alarm (Japan).zip</path><name>Red Alarm (Japan)</name><image>~/../thumbs/Nintendo - Virtual Boy/Named_Snaps/Red Alarm (Japan).png</image></game>
<game><path>./NoIntro/Red Alarm (USA).zip</path><name>Red Alarm (USA)</name><image>~/../thumbs/Nintendo - Virtual Boy/Named_Snaps/Red Alarm (USA).png</image></game>
<game><path>./NoIntro/SD Gundam - Dimension War (Japan).zip</path><name>SD Gundam - Dimension War (Japan)</name><image>~/../thumbs/Nintendo - Virtual Boy/Named_Snaps/SD Gundam - Dimension War (Japan).png</image></game>
<game><path>./NoIntro/Space Invaders - Virtual Collection (Japan).zip</path><name>Space Invaders - Virtual Collection (Japan)</name><image>~/../thumbs/Nintendo - Virtual Boy/Named_Snaps/Space Invaders - Virtual Collection (Japan).png</image></game>
<game><path>./NoIntro/Space Pinball (Japan) (En) (Proto).zip</path><name>Space Pinball (Japan) (En) (Proto)</name><image>~/../thumbs/Nintendo - Virtual Boy/Named_Snaps/Space Pinball (Japan).png</image></game>
<game><path>./NoIntro/Space Squash (Japan).zip</path><name>Space Squash (Japan)</name><image>~/../thumbs/Nintendo - Virtual Boy/Named_Snaps/Space Squash (Japan).png</image></game>
<game><path>./NoIntro/T&E Virtual Golf (Japan).zip</path><name>T&E Virtual Golf (Japan)</name><image>~/../thumbs/Nintendo - Virtual Boy/Named_Snaps/T&E Virtual Golf (Japan).png</image></game>
<game><path>./NoIntro/Teleroboxer (Japan, USA) (En).zip</path><name>Teleroboxer (Japan, USA) (En)</name><image>~/../thumbs/Nintendo - Virtual Boy/Named_Snaps/Teleroboxer (Japan, USA).png</image></game>
<game><path>./NoIntro/Tobidase! Panibon (Japan).zip</path><name>Tobidase! Panibon (Japan)</name><image>~/../thumbs/Nintendo - Virtual Boy/Named_Snaps/Tobidase! Panibon (Japan).png</image></game>
<game><path>./NoIntro/V-Tetris (Japan) (En).zip</path><name>V-Tetris (Japan) (En)</name><image>~/../thumbs/Nintendo - Virtual Boy/Named_Snaps/V-Tetris (Japan).png</image></game>
<game><path>./NoIntro/Vertical Force (Japan).zip</path><name>Vertical Force (Japan)</name><image>~/../thumbs/Nintendo - Virtual Boy/Named_Snaps/Vertical Force (Japan).png</image></game>
<game><path>./NoIntro/Vertical Force (USA).zip</path><name>Vertical Force (USA)</name><image>~/../thumbs/Nintendo - Virtual Boy/Named_Snaps/Vertical Force (USA).png</image></game>
<game><path>./NoIntro/Virtual Bowling (Japan).zip</path><name>Virtual Bowling (Japan)</name><image>~/../thumbs/Nintendo - Virtual Boy/Named_Snaps/Virtual Bowling (Japan).png</image></game>
<game><path>./NoIntro/Virtual Boy Wario Land (Japan, USA) (En).zip</path><name>Virtual Boy Wario Land (Japan, USA) (En)</name><image>~/../thumbs/Nintendo - Virtual Boy/Named_Snaps/Virtual Boy Wario Land (Japan, USA).png</image></game>
<game><path>./NoIntro/Virtual Fishing (Japan).zip</path><name>Virtual Fishing (Japan)</name><image>~/../thumbs/Nintendo - Virtual Boy/Named_Snaps/Virtual Fishing (Japan).png</image></game>
<game><path>./NoIntro/Virtual Lab (Japan).zip</path><name>Virtual Lab (Japan)</name><image>~/../thumbs/Nintendo - Virtual Boy/Named_Snaps/Virtual Lab (Japan).png</image></game>
<game><path>./NoIntro/Virtual League Baseball (USA).zip</path><name>Virtual League Baseball (USA)</name><image>~/../thumbs/Nintendo - Virtual Boy/Named_Snaps/Virtual League Baseball (USA).png</image></game>
<game><path>./NoIntro/Virtual League Baseball 2 (USA) (Proto).zip</path><name>Virtual League Baseball 2 (USA) (Proto)</name><image>~/../thumbs/Nintendo - Virtual Boy/Named_Snaps/Virtual League Baseball 2 (USA).png</image></game>
<game><path>./NoIntro/Virtual Pro Yakyuu '95 (Japan).zip</path><name>Virtual Pro Yakyuu '95 (Japan)</name><image>~/../thumbs/Nintendo - Virtual Boy/Named_Snaps/Virtual Pro Yakyuu '95 (Japan).png</image></game>
<game><path>./NoIntro/Waterworld (USA).zip</path><name>Waterworld (USA)</name><image>~/../thumbs/Nintendo - Virtual Boy/Named_Snaps/Waterworld (USA).png</image></game>
<folder><path>./NoIntro</path><name>NoIntro</name><image>~/../thumb/virtualboy.png</image></folder>
<game><path>./TOSEC/3-D Tetris (1996)(Nintendo - T&E Soft)(US).zip</path><name>3-D Tetris (1996)(Nintendo - T&E Soft)(US)</name><image>~/../thumbs/Nintendo - Virtual Boy/Named_Snaps/3-D Tetris (1996).png</image></game>
<game><path>./TOSEC/BLOX v1.0 (2003)(Radke, Christian)(PD).zip</path><name>BLOX v1.0 (2003)(Radke, Christian)(PD)</name><image>~/../thumbs/Nintendo - Virtual Boy/Named_Snaps/BLOX v1.0 (2003).png</image></game>
<game><path>./TOSEC/BLOX v1.1 (2003)(Radke, Christian)(PD).zip</path><name>BLOX v1.1 (2003)(Radke, Christian)(PD)</name><image>~/../thumbs/Nintendo - Virtual Boy/Named_Snaps/BLOX v1.1 (2003).png</image></game>
<game><path>./TOSEC/Bound High! (1996)(Japan System Supply)(JP-US)(en-ja)(proto).zip</path><name>Bound High! (1996)(Japan System Supply)(JP-US)(en-ja)(proto)</name><image>~/../thumbs/Nintendo - Virtual Boy/Named_Snaps/Bound High! (1996).png</image></game>
<game><path>./TOSEC/Galactic Pinball (1995)(Nintendo)(JP-US)(en)(beta).zip</path><name>Galactic Pinball (1995)(Nintendo)(JP-US)(en)(beta)</name><image>~/../thumbs/Nintendo - Virtual Boy/Named_Snaps/Galactic Pinball (1995).png</image></game>
<game><path>./TOSEC/Galactic Pinball (1995)(Nintendo)(JP-US)(en).zip</path><name>Galactic Pinball (1995)(Nintendo)(JP-US)(en)</name><image>~/../thumbs/Nintendo - Virtual Boy/Named_Snaps/Galactic Pinball (1995).png</image></game>
<game><path>./TOSEC/GameHero (2012)(thunderstruck)[p].zip</path><name>GameHero (2012)(thunderstruck)[p]</name><image>~/../thumbs/Nintendo - Virtual Boy/Named_Snaps/GameHero (2012).png</image></game>
<game><path>./TOSEC/GameHero (2012)(thunderstruck)[p][a].zip</path><name>GameHero (2012)(thunderstruck)[p][a]</name><image>~/../thumbs/Nintendo - Virtual Boy/Named_Snaps/GameHero (2012).png</image></game>
<game><path>./TOSEC/GoSub (2009)(Read, Chris)(PD).zip</path><name>GoSub (2009)(Read, Chris)(PD)</name><image>~/../thumbs/Nintendo - Virtual Boy/Named_Snaps/GoSub (2009).png</image></game>
<game><path>./TOSEC/GoSub 3D (2010)(Read, Chris)(PD).zip</path><name>GoSub 3D (2010)(Read, Chris)(PD)</name><image>~/../thumbs/Nintendo - Virtual Boy/Named_Snaps/GoSub 3D (2010).png</image></game>
<game><path>./TOSEC/GoSub 3D Rev 20100922 (2010)(Read, Chris)(PD)(beta).zip</path><name>GoSub 3D Rev 20100922 (2010)(Read, Chris)(PD)(beta)</name><image>~/../thumbs/Nintendo - Virtual Boy/Named_Snaps/GoSub 3D Rev 20100922 (2010).png</image></game>
<game><path>./TOSEC/GoSub 3D Rev 20100923 (2010)(Read, Chris)(PD)(beta).zip</path><name>GoSub 3D Rev 20100923 (2010)(Read, Chris)(PD)(beta)</name><image>~/../thumbs/Nintendo - Virtual Boy/Named_Snaps/GoSub 3D Rev 20100923 (2010).png</image></game>
<game><path>./TOSEC/GoSub Rev 20090410 (2009)(Read, Chris)(PD)(beta).zip</path><name>GoSub Rev 20090410 (2009)(Read, Chris)(PD)(beta)</name><image>~/../thumbs/Nintendo - Virtual Boy/Named_Snaps/GoSub Rev 20090410 (2009).png</image></game>
<game><path>./TOSEC/GoSub Rev 20090411-1 (2009)(Read, Chris)(PD)(beta).zip</path><name>GoSub Rev 20090411-1 (2009)(Read, Chris)(PD)(beta)</name><image>~/../thumbs/Nintendo - Virtual Boy/Named_Snaps/GoSub Rev 20090411-1 (2009).png</image></game>
<game><path>./TOSEC/GoSub Rev 20090411-2 (2009)(Read, Chris)(PD)(beta).zip</path><name>GoSub Rev 20090411-2 (2009)(Read, Chris)(PD)(beta)</name><image>~/../thumbs/Nintendo - Virtual Boy/Named_Snaps/GoSub Rev 20090411-2 (2009).png</image></game>
<game><path>./TOSEC/GoSub Rev 20090411-3 (2009)(Read, Chris)(PD)(beta).zip</path><name>GoSub Rev 20090411-3 (2009)(Read, Chris)(PD)(beta)</name><image>~/../thumbs/Nintendo - Virtual Boy/Named_Snaps/GoSub Rev 20090411-3 (2009).png</image></game>
<game><path>./TOSEC/GoSub Rev 20090411-d (2009)(Read, Chris)(PD)(beta).zip</path><name>GoSub Rev 20090411-d (2009)(Read, Chris)(PD)(beta)</name><image>~/../thumbs/Nintendo - Virtual Boy/Named_Snaps/GoSub Rev 20090411-d (2009).png</image></game>
<game><path>./TOSEC/GoSub Rev 20090412-1 (2009)(Read, Chris)(PD)(beta).zip</path><name>GoSub Rev 20090412-1 (2009)(Read, Chris)(PD)(beta)</name><image>~/../thumbs/Nintendo - Virtual Boy/Named_Snaps/GoSub Rev 20090412-1 (2009).png</image></game>
<game><path>./TOSEC/GoSub Rev 20090412-2 (2009)(Read, Chris)(PD)(beta).zip</path><name>GoSub Rev 20090412-2 (2009)(Read, Chris)(PD)(beta)</name><image>~/../thumbs/Nintendo - Virtual Boy/Named_Snaps/GoSub Rev 20090412-2 (2009).png</image></game>
<game><path>./TOSEC/GoSub Rev 20090413 (2009)(Read, Chris)(PD)(beta).zip</path><name>GoSub Rev 20090413 (2009)(Read, Chris)(PD)(beta)</name><image>~/../thumbs/Nintendo - Virtual Boy/Named_Snaps/GoSub Rev 20090413 (2009).png</image></game>
<game><path>./TOSEC/GoSub Rev 20090414-1 (2009)(Read, Chris)(PD)(beta).zip</path><name>GoSub Rev 20090414-1 (2009)(Read, Chris)(PD)(beta)</name><image>~/../thumbs/Nintendo - Virtual Boy/Named_Snaps/GoSub Rev 20090414-1 (2009).png</image></game>
<game><path>./TOSEC/GoSub Rev 20090414-2 (2009)(Read, Chris)(PD)(beta).zip</path><name>GoSub Rev 20090414-2 (2009)(Read, Chris)(PD)(beta)</name><image>~/../thumbs/Nintendo - Virtual Boy/Named_Snaps/GoSub Rev 20090414-2 (2009).png</image></game>
<game><path>./TOSEC/GoSub Rev 20090414-3 (2009)(Read, Chris)(PD)(beta).zip</path><name>GoSub Rev 20090414-3 (2009)(Read, Chris)(PD)(beta)</name><image>~/../thumbs/Nintendo - Virtual Boy/Named_Snaps/GoSub Rev 20090414-3 (2009).png</image></game>
<game><path>./TOSEC/GoSub Rev 20090415-1 (2009)(Read, Chris)(PD)(beta).zip</path><name>GoSub Rev 20090415-1 (2009)(Read, Chris)(PD)(beta)</name><image>~/../thumbs/Nintendo - Virtual Boy/Named_Snaps/GoSub Rev 20090415-1 (2009).png</image></game>
<game><path>./TOSEC/GoSub Rev 20090415-2 (2009)(Read, Chris)(PD)(beta).zip</path><name>GoSub Rev 20090415-2 (2009)(Read, Chris)(PD)(beta)</name><image>~/../thumbs/Nintendo - Virtual Boy/Named_Snaps/GoSub Rev 20090415-2 (2009).png</image></game>
<game><path>./TOSEC/GoSub Rev 20090416 (2009)(Read, Chris)(PD)(beta).zip</path><name>GoSub Rev 20090416 (2009)(Read, Chris)(PD)(beta)</name><image>~/../thumbs/Nintendo - Virtual Boy/Named_Snaps/GoSub Rev 20090416 (2009).png</image></game>
<game><path>./TOSEC/GoSub Rev 20090417 (2009)(Read, Chris)(PD)(beta).zip</path><name>GoSub Rev 20090417 (2009)(Read, Chris)(PD)(beta)</name><image>~/../thumbs/Nintendo - Virtual Boy/Named_Snaps/GoSub Rev 20090417 (2009).png</image></game>
<game><path>./TOSEC/GoSub Rev 20090417-i (2009)(Read, Chris)(PD)(beta).zip</path><name>GoSub Rev 20090417-i (2009)(Read, Chris)(PD)(beta)</name><image>~/../thumbs/Nintendo - Virtual Boy/Named_Snaps/GoSub Rev 20090417-i (2009).png</image></game>
<game><path>./TOSEC/GoSub Rev 20090418 (2009)(Read, Chris)(PD)(beta).zip</path><name>GoSub Rev 20090418 (2009)(Read, Chris)(PD)(beta)</name><image>~/../thumbs/Nintendo - Virtual Boy/Named_Snaps/GoSub Rev 20090418 (2009).png</image></game>
<game><path>./TOSEC/GoSub Rev 20090419 (2009)(Read, Chris)(PD)(beta).zip</path><name>GoSub Rev 20090419 (2009)(Read, Chris)(PD)(beta)</name><image>~/../thumbs/Nintendo - Virtual Boy/Named_Snaps/GoSub Rev 20090419 (2009).png</image></game>
<game><path>./TOSEC/GoSub Rev 20090420 (2009)(Read, Chris)(PD)(beta).zip</path><name>GoSub Rev 20090420 (2009)(Read, Chris)(PD)(beta)</name><image>~/../thumbs/Nintendo - Virtual Boy/Named_Snaps/GoSub Rev 20090420 (2009).png</image></game>
<game><path>./TOSEC/GoSub Rev 20090422 (2009)(Read, Chris)(PD)(beta).zip</path><name>GoSub Rev 20090422 (2009)(Read, Chris)(PD)(beta)</name><image>~/../thumbs/Nintendo - Virtual Boy/Named_Snaps/GoSub Rev 20090422 (2009).png</image></game>
<game><path>./TOSEC/GoSub Rev 20090423 (2009)(Read, Chris)(PD)(beta).zip</path><name>GoSub Rev 20090423 (2009)(Read, Chris)(PD)(beta)</name><image>~/../thumbs/Nintendo - Virtual Boy/Named_Snaps/GoSub Rev 20090423 (2009).png</image></game>
<game><path>./TOSEC/GoSub Rev 20090424 (2009)(Read, Chris)(PD)(beta).zip</path><name>GoSub Rev 20090424 (2009)(Read, Chris)(PD)(beta)</name><image>~/../thumbs/Nintendo - Virtual Boy/Named_Snaps/GoSub Rev 20090424 (2009).png</image></game>
<game><path>./TOSEC/GoSub Rev 20090427 (2009)(Read, Chris)(PD)(beta).zip</path><name>GoSub Rev 20090427 (2009)(Read, Chris)(PD)(beta)</name><image>~/../thumbs/Nintendo - Virtual Boy/Named_Snaps/GoSub Rev 20090427 (2009).png</image></game>
<game><path>./TOSEC/GoSub Rev 20090429 (2009)(Read, Chris)(PD)(beta).zip</path><name>GoSub Rev 20090429 (2009)(Read, Chris)(PD)(beta)</name><image>~/../thumbs/Nintendo - Virtual Boy/Named_Snaps/GoSub Rev 20090429 (2009).png</image></game>
<game><path>./TOSEC/GoSub Rev 20090502 (2009)(Read, Chris)(PD)(beta).zip</path><name>GoSub Rev 20090502 (2009)(Read, Chris)(PD)(beta)</name><image>~/../thumbs/Nintendo - Virtual Boy/Named_Snaps/GoSub Rev 20090502 (2009).png</image></game>
<game><path>./TOSEC/GoSub Rev 20090505 (2009)(Read, Chris)(PD)(beta).zip</path><name>GoSub Rev 20090505 (2009)(Read, Chris)(PD)(beta)</name><image>~/../thumbs/Nintendo - Virtual Boy/Named_Snaps/GoSub Rev 20090505 (2009).png</image></game>
<game><path>./TOSEC/GoSub Rev 20090715 (2009)(Read, Chris)(PD)(beta).zip</path><name>GoSub Rev 20090715 (2009)(Read, Chris)(PD)(beta)</name><image>~/../thumbs/Nintendo - Virtual Boy/Named_Snaps/GoSub Rev 20090715 (2009).png</image></game>
<game><path>./TOSEC/GoSub Rev 20090718 (2009)(Read, Chris)(PD)(beta).zip</path><name>GoSub Rev 20090718 (2009)(Read, Chris)(PD)(beta)</name><image>~/../thumbs/Nintendo - Virtual Boy/Named_Snaps/GoSub Rev 20090718 (2009).png</image></game>
<game><path>./TOSEC/GoSub Rev 20090725 (2009)(Read, Chris)(PD)(beta).zip</path><name>GoSub Rev 20090725 (2009)(Read, Chris)(PD)(beta)</name><image>~/../thumbs/Nintendo - Virtual Boy/Named_Snaps/GoSub Rev 20090725 (2009).png</image></game>
<game><path>./TOSEC/GoSub Rev 20090726 (2009)(Read, Chris)(PD)(beta).zip</path><name>GoSub Rev 20090726 (2009)(Read, Chris)(PD)(beta)</name><image>~/../thumbs/Nintendo - Virtual Boy/Named_Snaps/GoSub Rev 20090726 (2009).png</image></game>
<game><path>./TOSEC/GoSub Rev 20090727 (2009)(Read, Chris)(PD)(beta).zip</path><name>GoSub Rev 20090727 (2009)(Read, Chris)(PD)(beta)</name><image>~/../thumbs/Nintendo - Virtual Boy/Named_Snaps/GoSub Rev 20090727 (2009).png</image></game>
<game><path>./TOSEC/GoSub Rev 20090728 (2009)(Read, Chris)(PD)(beta).zip</path><name>GoSub Rev 20090728 (2009)(Read, Chris)(PD)(beta)</name><image>~/../thumbs/Nintendo - Virtual Boy/Named_Snaps/GoSub Rev 20090728 (2009).png</image></game>
<game><path>./TOSEC/GoSub Rev 20090731 (2009)(Read, Chris)(PD)(beta).zip</path><name>GoSub Rev 20090731 (2009)(Read, Chris)(PD)(beta)</name><image>~/../thumbs/Nintendo - Virtual Boy/Named_Snaps/GoSub Rev 20090731 (2009).png</image></game>
<game><path>./TOSEC/GoSub Rev 20090805 (2009)(Read, Chris)(PD)(beta).zip</path><name>GoSub Rev 20090805 (2009)(Read, Chris)(PD)(beta)</name><image>~/../thumbs/Nintendo - Virtual Boy/Named_Snaps/GoSub Rev 20090805 (2009).png</image></game>
<game><path>./TOSEC/GoSub Rev 20090806 (2009)(Read, Chris)(PD)(beta).zip</path><name>GoSub Rev 20090806 (2009)(Read, Chris)(PD)(beta)</name><image>~/../thumbs/Nintendo - Virtual Boy/Named_Snaps/GoSub Rev 20090806 (2009).png</image></game>
<game><path>./TOSEC/GoSub Rev 20090827 (2009)(Read, Chris)(PD)(beta).zip</path><name>GoSub Rev 20090827 (2009)(Read, Chris)(PD)(beta)</name><image>~/../thumbs/Nintendo - Virtual Boy/Named_Snaps/GoSub Rev 20090827 (2009).png</image></game>
<game><path>./TOSEC/GoSub Rev 20091005 (2009)(Read, Chris)(PD)(beta).zip</path><name>GoSub Rev 20091005 (2009)(Read, Chris)(PD)(beta)</name><image>~/../thumbs/Nintendo - Virtual Boy/Named_Snaps/GoSub Rev 20091005 (2009).png</image></game>
<game><path>./TOSEC/GoSub Rev 20091006-1 (2009)(Read, Chris)(PD)(beta).zip</path><name>GoSub Rev 20091006-1 (2009)(Read, Chris)(PD)(beta)</name><image>~/../thumbs/Nintendo - Virtual Boy/Named_Snaps/GoSub Rev 20091006-1 (2009).png</image></game>
<game><path>./TOSEC/GoSub Rev 20091006-2 (2009)(Read, Chris)(PD)(beta).zip</path><name>GoSub Rev 20091006-2 (2009)(Read, Chris)(PD)(beta)</name><image>~/../thumbs/Nintendo - Virtual Boy/Named_Snaps/GoSub Rev 20091006-2 (2009).png</image></game>
<game><path>./TOSEC/GoSub Rev 20091009 (2009)(Read, Chris)(PD)(beta).zip</path><name>GoSub Rev 20091009 (2009)(Read, Chris)(PD)(beta)</name><image>~/../thumbs/Nintendo - Virtual Boy/Named_Snaps/GoSub Rev 20091009 (2009).png</image></game>
<game><path>./TOSEC/GoSub Rev 20091018 (2009)(Read, Chris)(PD)(beta).zip</path><name>GoSub Rev 20091018 (2009)(Read, Chris)(PD)(beta)</name><image>~/../thumbs/Nintendo - Virtual Boy/Named_Snaps/GoSub Rev 20091018 (2009).png</image></game>
<game><path>./TOSEC/GoSub Rev 20091019 (2009)(Read, Chris)(PD)(beta).zip</path><name>GoSub Rev 20091019 (2009)(Read, Chris)(PD)(beta)</name><image>~/../thumbs/Nintendo - Virtual Boy/Named_Snaps/GoSub Rev 20091019 (2009).png</image></game>
<game><path>./TOSEC/GoSub Rev 20091023 (2009)(Read, Chris)(PD)(beta).zip</path><name>GoSub Rev 20091023 (2009)(Read, Chris)(PD)(beta)</name><image>~/../thumbs/Nintendo - Virtual Boy/Named_Snaps/GoSub Rev 20091023 (2009).png</image></game>
<game><path>./TOSEC/GoSub Rev 20091028 (2009)(Read, Chris)(PD)(beta).zip</path><name>GoSub Rev 20091028 (2009)(Read, Chris)(PD)(beta)</name><image>~/../thumbs/Nintendo - Virtual Boy/Named_Snaps/GoSub Rev 20091028 (2009).png</image></game>
<game><path>./TOSEC/GoSub Rev 20091101 (2009)(Read, Chris)(PD)(beta).zip</path><name>GoSub Rev 20091101 (2009)(Read, Chris)(PD)(beta)</name><image>~/../thumbs/Nintendo - Virtual Boy/Named_Snaps/GoSub Rev 20091101 (2009).png</image></game>
<game><path>./TOSEC/GoSub Rev 20091102 (2009)(Read, Chris)(PD)(beta).zip</path><name>GoSub Rev 20091102 (2009)(Read, Chris)(PD)(beta)</name><image>~/../thumbs/Nintendo - Virtual Boy/Named_Snaps/GoSub Rev 20091102 (2009).png</image></game>
<game><path>./TOSEC/GoSub Rev 20091106 (2009)(Read, Chris)(PD)(beta).zip</path><name>GoSub Rev 20091106 (2009)(Read, Chris)(PD)(beta)</name><image>~/../thumbs/Nintendo - Virtual Boy/Named_Snaps/GoSub Rev 20091106 (2009).png</image></game>
<game><path>./TOSEC/GoSub Rev 20091106-1 (2009)(Read, Chris)(PD)(beta).zip</path><name>GoSub Rev 20091106-1 (2009)(Read, Chris)(PD)(beta)</name><image>~/../thumbs/Nintendo - Virtual Boy/Named_Snaps/GoSub Rev 20091106-1 (2009).png</image></game>
<game><path>./TOSEC/GoSub Rev 20091107 (2009)(Read, Chris)(PD)(beta).zip</path><name>GoSub Rev 20091107 (2009)(Read, Chris)(PD)(beta)</name><image>~/../thumbs/Nintendo - Virtual Boy/Named_Snaps/GoSub Rev 20091107 (2009).png</image></game>
<game><path>./TOSEC/GoSub Rev 20091116 (2009)(Read, Chris)(PD)(beta).zip</path><name>GoSub Rev 20091116 (2009)(Read, Chris)(PD)(beta)</name><image>~/../thumbs/Nintendo - Virtual Boy/Named_Snaps/GoSub Rev 20091116 (2009).png</image></game>
<game><path>./TOSEC/GoSub Rev 20091118 (2009)(Read, Chris)(PD)(beta).zip</path><name>GoSub Rev 20091118 (2009)(Read, Chris)(PD)(beta)</name><image>~/../thumbs/Nintendo - Virtual Boy/Named_Snaps/GoSub Rev 20091118 (2009).png</image></game>
<game><path>./TOSEC/Golf (1995)(T&E Soft)(US).zip</path><name>Golf (1995)(T&E Soft)(US)</name><image>~/../thumbs/Nintendo - Virtual Boy/Named_Snaps/Golf (1995).png</image></game>
<game><path>./TOSEC/Hunter (2010)(DanB)(PD).zip</path><name>Hunter (2010)(DanB)(PD)</name><image>~/../thumbs/Nintendo - Virtual Boy/Named_Snaps/Hunter (2010).png</image></game>
<game><path>./TOSEC/Hyper Fighting (2015)(Mr. Anonymous).zip</path><name>Hyper Fighting (2015)(Mr. Anonymous)</name><image>~/../thumbs/Nintendo - Virtual Boy/Named_Snaps/Hyper Fighting (2015).png</image></game>
<game><path>./TOSEC/Hyper Fighting (demo-playable) (2013-08-25)(Mr. Anonymous).zip</path><name>Hyper Fighting (demo-playable) (2013-08-25)(Mr. Anonymous)</name><image>~/../thumbs/Nintendo - Virtual Boy/Named_Snaps/Hyper Fighting (demo-playable).png</image></game>
<game><path>./TOSEC/Innsmouth no Yakata (1995)(I'Max)(JP)(en-ja)[b].zip</path><name>Innsmouth no Yakata (1995)(I'Max)(JP)(en-ja)[b]</name><image>~/../thumbs/Nintendo - Virtual Boy/Named_Snaps/Innsmouth no Yakata (1995).png</image></game>
<game><path>./TOSEC/Innsmouth no Yakata (1995)(I'Max)(JP).zip</path><name>Innsmouth no Yakata (1995)(I'Max)(JP)</name><image>~/../thumbs/Nintendo - Virtual Boy/Named_Snaps/Innsmouth no Yakata (1995).png</image></game>
<game><path>./TOSEC/Insecticide (2014)(Read, Chris)(PD).zip</path><name>Insecticide (2014)(Read, Chris)(PD)</name><image>~/../thumbs/Nintendo - Virtual Boy/Named_Snaps/Insecticide (2014).png</image></game>
<game><path>./TOSEC/Jack Bros. (1995)(Atlus)(US).zip</path><name>Jack Bros. (1995)(Atlus)(US)</name><image>~/../thumbs/Nintendo - Virtual Boy/Named_Snaps/Jack Bros. (1995).png</image></game>
<game><path>./TOSEC/Jack Bros. (1995)(Atlus)(US)[b2].zip</path><name>Jack Bros. (1995)(Atlus)(US)[b2]</name><image>~/../thumbs/Nintendo - Virtual Boy/Named_Snaps/Jack Bros. (1995).png</image></game>
<game><path>./TOSEC/Jack Bros. (1995)(Atlus)(US)[b].zip</path><name>Jack Bros. (1995)(Atlus)(US)[b]</name><image>~/../thumbs/Nintendo - Virtual Boy/Named_Snaps/Jack Bros. (1995).png</image></game>
<game><path>./TOSEC/Jack Bros. (1995)(Atlus)(US)[h2].zip</path><name>Jack Bros. (1995)(Atlus)(US)[h2]</name><image>~/../thumbs/Nintendo - Virtual Boy/Named_Snaps/Jack Bros. (1995).png</image></game>
<game><path>./TOSEC/Jack Bros. (1995)(Atlus)(US)[h].zip</path><name>Jack Bros. (1995)(Atlus)(US)[h]</name><image>~/../thumbs/Nintendo - Virtual Boy/Named_Snaps/Jack Bros. (1995).png</image></game>
<game><path>./TOSEC/Jack Bros. (1995)(Atlus)(US)[tr de].zip</path><name>Jack Bros. (1995)(Atlus)(US)[tr de]</name><image>~/../thumbs/Nintendo - Virtual Boy/Named_Snaps/Jack Bros. (1995).png</image></game>
<game><path>./TOSEC/Jack Bros. no Meiro de Hiihoo! (1995)(Atlus)(JP)(en-ja).zip</path><name>Jack Bros. no Meiro de Hiihoo! (1995)(Atlus)(JP)(en-ja)</name><image>~/../thumbs/Nintendo - Virtual Boy/Named_Snaps/Jack Bros. no Meiro de Hiihoo! (1995).png</image></game>
<game><path>./TOSEC/Mario Clash (1995)(Nintendo)(JP-US)(en-ja).zip</path><name>Mario Clash (1995)(Nintendo)(JP-US)(en-ja)</name><image>~/../thumbs/Nintendo - Virtual Boy/Named_Snaps/Mario Clash (1995).png</image></game>
<game><path>./TOSEC/Mario Clash (1995)(Nintendo)(JP-US)(en-ja)[b].zip</path><name>Mario Clash (1995)(Nintendo)(JP-US)(en-ja)[b]</name><image>~/../thumbs/Nintendo - Virtual Boy/Named_Snaps/Mario Clash (1995).png</image></game>
<game><path>./TOSEC/Mario Clash (1995)(Nintendo)(JP-US)(en-ja)[h2].zip</path><name>Mario Clash (1995)(Nintendo)(JP-US)(en-ja)[h2]</name><image>~/../thumbs/Nintendo - Virtual Boy/Named_Snaps/Mario Clash (1995).png</image></game>
<game><path>./TOSEC/Mario Clash (1995)(Nintendo)(JP-US)(en-ja)[h].zip</path><name>Mario Clash (1995)(Nintendo)(JP-US)(en-ja)[h]</name><image>~/../thumbs/Nintendo - Virtual Boy/Named_Snaps/Mario Clash (1995).png</image></game>
<game><path>./TOSEC/Mario Clash (1995)(Nintendo)(JP-US)(en-ja)[t2].zip</path><name>Mario Clash (1995)(Nintendo)(JP-US)(en-ja)[t2]</name><image>~/../thumbs/Nintendo - Virtual Boy/Named_Snaps/Mario Clash (1995).png</image></game>
<game><path>./TOSEC/Mario Clash (1995)(Nintendo)(JP-US)(en-ja)[t].zip</path><name>Mario Clash (1995)(Nintendo)(JP-US)(en-ja)[t]</name><image>~/../thumbs/Nintendo - Virtual Boy/Named_Snaps/Mario Clash (1995).png</image></game>
<game><path>./TOSEC/Mario Kart - Virtual Cup (2008)(DogP)[p].zip</path><name>Mario Kart - Virtual Cup (2008)(DogP)[p]</name><image>~/../thumbs/Nintendo - Virtual Boy/Named_Snaps/Mario Kart - Virtual Cup (2008).png</image></game>
<game><path>./TOSEC/Mario's Tennis (1995)(Nintendo)(JP-US)(en-ja).zip</path><name>Mario's Tennis (1995)(Nintendo)(JP-US)(en-ja)</name><image>~/../thumbs/Nintendo - Virtual Boy/Named_Snaps/Mario's Tennis (1995).png</image></game>
<game><path>./TOSEC/Mario's Tennis (1995)(Nintendo)(JP-US)(en-ja)[a].zip</path><name>Mario's Tennis (1995)(Nintendo)(JP-US)(en-ja)[a]</name><image>~/../thumbs/Nintendo - Virtual Boy/Named_Snaps/Mario's Tennis (1995).png</image></game>
<game><path>./TOSEC/Nester's Funky Bowling (1996)(Nintendo)(US).zip</path><name>Nester's Funky Bowling (1996)(Nintendo)(US)</name><image>~/../thumbs/Nintendo - Virtual Boy/Named_Snaps/Nester's Funky Bowling (1996).png</image></game>
<game><path>./TOSEC/Nester's Funky Bowling (1996)(Nintendo)(US)[a].zip</path><name>Nester's Funky Bowling (1996)(Nintendo)(US)[a]</name><image>~/../thumbs/Nintendo - Virtual Boy/Named_Snaps/Nester's Funky Bowling (1996).png</image></game>
<game><path>./TOSEC/Nester's Funky Bowling (1996)(Nintendo)(US)[b2].zip</path><name>Nester's Funky Bowling (1996)(Nintendo)(US)[b2]</name><image>~/../thumbs/Nintendo - Virtual Boy/Named_Snaps/Nester's Funky Bowling (1996).png</image></game>
<game><path>./TOSEC/Nester's Funky Bowling (1996)(Nintendo)(US)[b3].zip</path><name>Nester's Funky Bowling (1996)(Nintendo)(US)[b3]</name><image>~/../thumbs/Nintendo - Virtual Boy/Named_Snaps/Nester's Funky Bowling (1996).png</image></game>
<game><path>./TOSEC/Nester's Funky Bowling (1996)(Nintendo)(US)[b].zip</path><name>Nester's Funky Bowling (1996)(Nintendo)(US)[b]</name><image>~/../thumbs/Nintendo - Virtual Boy/Named_Snaps/Nester's Funky Bowling (1996).png</image></game>
<game><path>./TOSEC/Niko-chan Battle (1996)(Bullet-Proof Software)(JP)(proto).zip</path><name>Niko-chan Battle (1996)(Bullet-Proof Software)(JP)(proto)</name><image>~/../thumbs/Nintendo - Virtual Boy/Named_Snaps/Niko-chan Battle (1996).png</image></game>
<game><path>./TOSEC/Panic Bomber (1995)(Hudson)(US).zip</path><name>Panic Bomber (1995)(Hudson)(US)</name><image>~/../thumbs/Nintendo - Virtual Boy/Named_Snaps/Panic Bomber (1995).png</image></game>
<game><path>./TOSEC/Panic Bomber (1995)(Hudson)(US)[b].zip</path><name>Panic Bomber (1995)(Hudson)(US)[b]</name><image>~/../thumbs/Nintendo - Virtual Boy/Named_Snaps/Panic Bomber (1995).png</image></game>
<game><path>./TOSEC/Panic Bomber (1995)(Hudson)(US)[h2].zip</path><name>Panic Bomber (1995)(Hudson)(US)[h2]</name><image>~/../thumbs/Nintendo - Virtual Boy/Named_Snaps/Panic Bomber (1995).png</image></game>
<game><path>./TOSEC/Panic Bomber (1995)(Hudson)(US)[h3].zip</path><name>Panic Bomber (1995)(Hudson)(US)[h3]</name><image>~/../thumbs/Nintendo - Virtual Boy/Named_Snaps/Panic Bomber (1995).png</image></game>
<game><path>./TOSEC/Panic Bomber (1995)(Hudson)(US)[h4].zip</path><name>Panic Bomber (1995)(Hudson)(US)[h4]</name><image>~/../thumbs/Nintendo - Virtual Boy/Named_Snaps/Panic Bomber (1995).png</image></game>
<game><path>./TOSEC/Panic Bomber (1995)(Hudson)(US)[h].zip</path><name>Panic Bomber (1995)(Hudson)(US)[h]</name><image>~/../thumbs/Nintendo - Virtual Boy/Named_Snaps/Panic Bomber (1995).png</image></game>
<game><path>./TOSEC/PongInvaders (2012)(usch)(PD).zip</path><name>PongInvaders (2012)(usch)(PD)</name><image>~/../thumbs/Nintendo - Virtual Boy/Named_Snaps/PongInvaders (2012).png</image></game>
<game><path>./TOSEC/Real Danger (2012)(Mihai, Sebastian).zip</path><name>Real Danger (2012)(Mihai, Sebastian)</name><image>~/../thumbs/Nintendo - Virtual Boy/Named_Snaps/Real Danger (2012).png</image></game>
<game><path>./TOSEC/Red Alarm (1995)(T&E Soft)(JP)(en-ja).zip</path><name>Red Alarm (1995)(T&E Soft)(JP)(en-ja)</name><image>~/../thumbs/Nintendo - Virtual Boy/Named_Snaps/Red Alarm (1995).png</image></game>
<game><path>./TOSEC/Red Alarm (1995)(T&E Soft)(US).zip</path><name>Red Alarm (1995)(T&E Soft)(US)</name><image>~/../thumbs/Nintendo - Virtual Boy/Named_Snaps/Red Alarm (1995).png</image></game>
<game><path>./TOSEC/Red Alarm (1995)(T&E Soft)(US)[b].zip</path><name>Red Alarm (1995)(T&E Soft)(US)[b]</name><image>~/../thumbs/Nintendo - Virtual Boy/Named_Snaps/Red Alarm (1995).png</image></game>
<game><path>./TOSEC/Retro Gathering Masken (2009)(Radke, Christian)(sv)(PD).zip</path><name>Retro Gathering Masken (2009)(Radke, Christian)(sv)(PD)</name><image>~/../thumbs/Nintendo - Virtual Boy/Named_Snaps/Retro Gathering Masken (2009).png</image></game>
<game><path>./TOSEC/SD Gundam - Dimension War (1995)(Bandai)(JP)(en-ja).zip</path><name>SD Gundam - Dimension War (1995)(Bandai)(JP)(en-ja)</name><image>~/../thumbs/Nintendo - Virtual Boy/Named_Snaps/SD Gundam - Dimension War (1995).png</image></game>
<game><path>./TOSEC/SD Gundam - Dimension War (1995)(Bandai)(JP)(en-ja)[tr en Benjamin Stevens v1.0].zip</path><name>SD Gundam - Dimension War (1995)(Bandai)(JP)(en-ja)[tr en Benjamin Stevens v1.0]</name><image>~/../thumbs/Nintendo - Virtual Boy/Named_Snaps/SD Gundam - Dimension War (1995).png</image></game>
<game><path>./TOSEC/Simon! (2003)(Daderko, Pat)(PD).zip</path><name>Simon! (2003)(Daderko, Pat)(PD)</name><image>~/../thumbs/Nintendo - Virtual Boy/Named_Snaps/Simon! (2003).png</image></game>
<game><path>./TOSEC/Snowball Wars Rev 20070726 (2007)(Jorgeche)(PD).zip</path><name>Snowball Wars Rev 20070726 (2007)(Jorgeche)(PD)</name><image>~/../thumbs/Nintendo - Virtual Boy/Named_Snaps/Snowball Wars Rev 20070726 (2007).png</image></game>
<game><path>./TOSEC/Snowball Wars Rev 20070803 (2007)(Jorgeche)(PD).zip</path><name>Snowball Wars Rev 20070803 (2007)(Jorgeche)(PD)</name><image>~/../thumbs/Nintendo - Virtual Boy/Named_Snaps/Snowball Wars Rev 20070803 (2007).png</image></game>
<game><path>./TOSEC/Snowball Wars Rev 20070809 (2007)(Jorgeche)(PD).zip</path><name>Snowball Wars Rev 20070809 (2007)(Jorgeche)(PD)</name><image>~/../thumbs/Nintendo - Virtual Boy/Named_Snaps/Snowball Wars Rev 20070809 (2007).png</image></game>
<game><path>./TOSEC/Soviet Union 2010 (2010)(Horvat, Matej)(PD).zip</path><name>Soviet Union 2010 (2010)(Horvat, Matej)(PD)</name><image>~/../thumbs/Nintendo - Virtual Boy/Named_Snaps/Soviet Union 2010 (2010).png</image></game>
<game><path>./TOSEC/Soviet Union 2011 Rev 20111101 (2011)(Horvat, Matej)(PD)(beta).zip</path><name>Soviet Union 2011 Rev 20111101 (2011)(Horvat, Matej)(PD)(beta)</name><image>~/../thumbs/Nintendo - Virtual Boy/Named_Snaps/Soviet Union 2011 Rev 20111101 (2011).png</image></game>
<game><path>./TOSEC/Soviet Union 2011 Rev 20111104 (2011)(Horvat, Matej)(PD)(beta).zip</path><name>Soviet Union 2011 Rev 20111104 (2011)(Horvat, Matej)(PD)(beta)</name><image>~/../thumbs/Nintendo - Virtual Boy/Named_Snaps/Soviet Union 2011 Rev 20111104 (2011).png</image></game>
<game><path>./TOSEC/Soviet Union 2011 Rev 20111104 (2011)(Horvat, Matej)(PD)(beta)[a].zip</path><name>Soviet Union 2011 Rev 20111104 (2011)(Horvat, Matej)(PD)(beta)[a]</name><image>~/../thumbs/Nintendo - Virtual Boy/Named_Snaps/Soviet Union 2011 Rev 20111104 (2011).png</image></game>
<game><path>./TOSEC/Soviet Union 2011 v1.0 (2011)(Horvat, Matej)(PD).zip</path><name>Soviet Union 2011 v1.0 (2011)(Horvat, Matej)(PD)</name><image>~/../thumbs/Nintendo - Virtual Boy/Named_Snaps/Soviet Union 2011 v1.0 (2011).png</image></game>
<game><path>./TOSEC/Soviet Union 2011 v1.1 (2012)(Horvat, Matej)(PD).zip</path><name>Soviet Union 2011 v1.1 (2012)(Horvat, Matej)(PD)</name><image>~/../thumbs/Nintendo - Virtual Boy/Named_Snaps/Soviet Union 2011 v1.1 (2012).png</image></game>
<game><path>./TOSEC/Soviet Union 2011 v1.2 (2012)(Horvat, Matej)(PD).zip</path><name>Soviet Union 2011 v1.2 (2012)(Horvat, Matej)(PD)</name><image>~/../thumbs/Nintendo - Virtual Boy/Named_Snaps/Soviet Union 2011 v1.2 (2012).png</image></game>
<game><path>./TOSEC/Space Invaders - Virtual Collection (1995)(Taito)(JP)(en-ja).zip</path><name>Space Invaders - Virtual Collection (1995)(Taito)(JP)(en-ja)</name><image>~/../thumbs/Nintendo - Virtual Boy/Named_Snaps/Space Invaders - Virtual Collection (1995).png</image></game>
<game><path>./TOSEC/Space Squash (1995)(Coconuts Japan Entertainment)(JP)(en-ja).zip</path><name>Space Squash (1995)(Coconuts Japan Entertainment)(JP)(en-ja)</name><image>~/../thumbs/Nintendo - Virtual Boy/Named_Snaps/Space Squash (1995).png</image></game>
<game><path>./TOSEC/Space Squash (1995)(Coconuts Japan Entertainment)(JP)(en-ja)[b].zip</path><name>Space Squash (1995)(Coconuts Japan Entertainment)(JP)(en-ja)[b]</name><image>~/../thumbs/Nintendo - Virtual Boy/Named_Snaps/Space Squash (1995).png</image></game>
<game><path>./TOSEC/Space Squash (1995)(Coconuts Japan Entertainment)(JP)(en-ja)[tr en].zip</path><name>Space Squash (1995)(Coconuts Japan Entertainment)(JP)(en-ja)[tr en]</name><image>~/../thumbs/Nintendo - Virtual Boy/Named_Snaps/Space Squash (1995).png</image></game>
<game><path>./TOSEC/Space Squash (1995)(Coconuts Japan Entertainment)(JP)(en-ja)[tr en][a].zip</path><name>Space Squash (1995)(Coconuts Japan Entertainment)(JP)(en-ja)[tr en][a]</name><image>~/../thumbs/Nintendo - Virtual Boy/Named_Snaps/Space Squash (1995).png</image></game>
<game><path>./TOSEC/Super Bounce (2010)(DogP)(PD).zip</path><name>Super Bounce (2010)(DogP)(PD)</name><image>~/../thumbs/Nintendo - Virtual Boy/Named_Snaps/Super Bounce (2010).png</image></game>
<game><path>./TOSEC/Super Mario Rev 20080905 (2008)(Jorgeche)(en-ja)[p].zip</path><name>Super Mario Rev 20080905 (2008)(Jorgeche)(en-ja)[p]</name><image>~/../thumbs/Nintendo - Virtual Boy/Named_Snaps/Super Mario Rev 20080905 (2008).png</image></game>
<game><path>./TOSEC/Super Mario Rev 20080913-1 (2008)(Jorgeche)(en-ja)[p].zip</path><name>Super Mario Rev 20080913-1 (2008)(Jorgeche)(en-ja)[p]</name><image>~/../thumbs/Nintendo - Virtual Boy/Named_Snaps/Super Mario Rev 20080913-1 (2008).png</image></game>
<game><path>./TOSEC/Super Mario Rev 20080913-2 (2008)(Jorgeche)[p].zip</path><name>Super Mario Rev 20080913-2 (2008)(Jorgeche)[p]</name><image>~/../thumbs/Nintendo - Virtual Boy/Named_Snaps/Super Mario Rev 20080913-2 (2008).png</image></game>
<game><path>./TOSEC/Super Mario Rev 20080922 (2008)(Jorgeche)[p].zip</path><name>Super Mario Rev 20080922 (2008)(Jorgeche)[p]</name><image>~/../thumbs/Nintendo - Virtual Boy/Named_Snaps/Super Mario Rev 20080922 (2008).png</image></game>
<game><path>./TOSEC/Super Mario Rev 20080930 (2008)(Jorgeche)[p].zip</path><name>Super Mario Rev 20080930 (2008)(Jorgeche)[p]</name><image>~/../thumbs/Nintendo - Virtual Boy/Named_Snaps/Super Mario Rev 20080930 (2008).png</image></game>
<game><path>./TOSEC/Super Mario Rev 20081001 (2008)(Jorgeche)(en-ja)[p].zip</path><name>Super Mario Rev 20081001 (2008)(Jorgeche)(en-ja)[p]</name><image>~/../thumbs/Nintendo - Virtual Boy/Named_Snaps/Super Mario Rev 20081001 (2008).png</image></game>
<game><path>./TOSEC/Super Mario Rev 20081027 (2008)(Jorgeche)(en-ja)[p].zip</path><name>Super Mario Rev 20081027 (2008)(Jorgeche)(en-ja)[p]</name><image>~/../thumbs/Nintendo - Virtual Boy/Named_Snaps/Super Mario Rev 20081027 (2008).png</image></game>
<game><path>./TOSEC/T&E Virtual Golf (1995)(T&E Soft)(JP)(en-ja).zip</path><name>T&E Virtual Golf (1995)(T&E Soft)(JP)(en-ja)</name><image>~/../thumbs/Nintendo - Virtual Boy/Named_Snaps/T&E Virtual Golf (1995).png</image></game>
<game><path>./TOSEC/T&E Virtual Golf (1995)(T&E Soft)(JP)(en-ja)[b].zip</path><name>T&E Virtual Golf (1995)(T&E Soft)(JP)(en-ja)[b]</name><image>~/../thumbs/Nintendo - Virtual Boy/Named_Snaps/T&E Virtual Golf (1995).png</image></game>
<game><path>./TOSEC/Teleroboxer (1995)(Nintendo)(JP-US)(en-ja).zip</path><name>Teleroboxer (1995)(Nintendo)(JP-US)(en-ja)</name><image>~/../thumbs/Nintendo - Virtual Boy/Named_Snaps/Teleroboxer (1995).png</image></game>
<game><path>./TOSEC/Teleroboxer (1995)(Nintendo)(JP-US)(en-ja)[tr de].zip</path><name>Teleroboxer (1995)(Nintendo)(JP-US)(en-ja)[tr de]</name><image>~/../thumbs/Nintendo - Virtual Boy/Named_Snaps/Teleroboxer (1995).png</image></game>
<game><path>./TOSEC/Teleroboxer (1995)(Nintendo)(JP-US)(en-ja)[tr de][a].zip</path><name>Teleroboxer (1995)(Nintendo)(JP-US)(en-ja)[tr de][a]</name><image>~/../thumbs/Nintendo - Virtual Boy/Named_Snaps/Teleroboxer (1995).png</image></game>
<game><path>./TOSEC/Tic Tac Toe (2003)(Daderko, Pat)(PD).zip</path><name>Tic Tac Toe (2003)(Daderko, Pat)(PD)</name><image>~/../thumbs/Nintendo - Virtual Boy/Named_Snaps/Tic Tac Toe (2003).png</image></game>
<game><path>./TOSEC/Tobidase! Panibomb (1995)(Hudson)(JP)(en-ja).zip</path><name>Tobidase! Panibomb (1995)(Hudson)(JP)(en-ja)</name><image>~/../thumbs/Nintendo - Virtual Boy/Named_Snaps/Tobidase! Panibomb (1995).png</image></game>
<game><path>./TOSEC/Tron Rev 20080501 (2008)(Covarrubias, Alberto)[p].zip</path><name>Tron Rev 20080501 (2008)(Covarrubias, Alberto)[p]</name><image>~/../thumbs/Nintendo - Virtual Boy/Named_Snaps/Tron Rev 20080501 (2008).png</image></game>
<game><path>./TOSEC/Tron Rev 20080927 (2008)(Covarrubias, Alberto)[p].zip</path><name>Tron Rev 20080927 (2008)(Covarrubias, Alberto)[p]</name><image>~/../thumbs/Nintendo - Virtual Boy/Named_Snaps/Tron Rev 20080927 (2008).png</image></game>
<game><path>./TOSEC/Tron VB (2003)(Daderko, Pat)(PD).zip</path><name>Tron VB (2003)(Daderko, Pat)(PD)</name><image>~/../thumbs/Nintendo - Virtual Boy/Named_Snaps/Tron VB (2003).png</image></game>
<game><path>./TOSEC/V-Tetris (1995)(Bullet-Proof Software)(JP)(en-ja).zip</path><name>V-Tetris (1995)(Bullet-Proof Software)(JP)(en-ja)</name><image>~/../thumbs/Nintendo - Virtual Boy/Named_Snaps/V-Tetris (1995).png</image></game>
<game><path>./TOSEC/VUE Snake v1.0 (2009)(Radke, Christian)(PD).zip</path><name>VUE Snake v1.0 (2009)(Radke, Christian)(PD)</name><image>~/../thumbs/Nintendo - Virtual Boy/Named_Snaps/VUE Snake v1.0 (2009).png</image></game>
<game><path>./TOSEC/VUE Snake v1.1 (2009)(Radke, Christian)(PD).zip</path><name>VUE Snake v1.1 (2009)(Radke, Christian)(PD)</name><image>~/../thumbs/Nintendo - Virtual Boy/Named_Snaps/VUE Snake v1.1 (2009).png</image></game>
<game><path>./TOSEC/Vertical Force (1995)(Hudson)(JP)(en-ja).zip</path><name>Vertical Force (1995)(Hudson)(JP)(en-ja)</name><image>~/../thumbs/Nintendo - Virtual Boy/Named_Snaps/Vertical Force (1995).png</image></game>
<game><path>./TOSEC/Vertical Force (1995)(Hudson)(JP)(en-ja)[b].zip</path><name>Vertical Force (1995)(Hudson)(JP)(en-ja)[b]</name><image>~/../thumbs/Nintendo - Virtual Boy/Named_Snaps/Vertical Force (1995).png</image></game>
<game><path>./TOSEC/Vertical Force (1995)(Hudson)(US).zip</path><name>Vertical Force (1995)(Hudson)(US)</name><image>~/../thumbs/Nintendo - Virtual Boy/Named_Snaps/Vertical Force (1995).png</image></game>
<game><path>./TOSEC/Vertical Force (1995)(Hudson)(US)[h2].zip</path><name>Vertical Force (1995)(Hudson)(US)[h2]</name><image>~/../thumbs/Nintendo - Virtual Boy/Named_Snaps/Vertical Force (1995).png</image></game>
<game><path>./TOSEC/Vertical Force (1995)(Hudson)(US)[h].zip</path><name>Vertical Force (1995)(Hudson)(US)[h]</name><image>~/../thumbs/Nintendo - Virtual Boy/Named_Snaps/Vertical Force (1995).png</image></game>
<game><path>./TOSEC/Virtual Bowling (1995)(Athena)(JP)(en-ja).zip</path><name>Virtual Bowling (1995)(Athena)(JP)(en-ja)</name><image>~/../thumbs/Nintendo - Virtual Boy/Named_Snaps/Virtual Bowling (1995).png</image></game>
<game><path>./TOSEC/Virtual Bowling (1995)(Athena)(JP)(en-ja)[h2].zip</path><name>Virtual Bowling (1995)(Athena)(JP)(en-ja)[h2]</name><image>~/../thumbs/Nintendo - Virtual Boy/Named_Snaps/Virtual Bowling (1995).png</image></game>
<game><path>./TOSEC/Virtual Bowling (1995)(Athena)(JP)(en-ja)[h].zip</path><name>Virtual Bowling (1995)(Athena)(JP)(en-ja)[h]</name><image>~/../thumbs/Nintendo - Virtual Boy/Named_Snaps/Virtual Bowling (1995).png</image></game>
<game><path>./TOSEC/Virtual Boy Wario Land (1995)(Nintendo)(JP-US)(en-ja).zip</path><name>Virtual Boy Wario Land (1995)(Nintendo)(JP-US)(en-ja)</name><image>~/../thumbs/Nintendo - Virtual Boy/Named_Snaps/Virtual Boy Wario Land (1995).png</image></game>
<game><path>./TOSEC/Virtual Fishing (1995)(Pack-In-Video)(JP)(en-ja).zip</path><name>Virtual Fishing (1995)(Pack-In-Video)(JP)(en-ja)</name><image>~/../thumbs/Nintendo - Virtual Boy/Named_Snaps/Virtual Fishing (1995).png</image></game>
<game><path>./TOSEC/Virtual Fishing (1995)(Pack-In-Video)(JP)(en-ja)[b].zip</path><name>Virtual Fishing (1995)(Pack-In-Video)(JP)(en-ja)[b]</name><image>~/../thumbs/Nintendo - Virtual Boy/Named_Snaps/Virtual Fishing (1995).png</image></game>
<game><path>./TOSEC/Virtual Lab (1995)(J-Wing - Nacoty)(JP)(en-ja).zip</path><name>Virtual Lab (1995)(J-Wing - Nacoty)(JP)(en-ja)</name><image>~/../thumbs/Nintendo - Virtual Boy/Named_Snaps/Virtual Lab (1995).png</image></game>
<game><path>./TOSEC/Virtual League Baseball (1995)(Kemco)(US).zip</path><name>Virtual League Baseball (1995)(Kemco)(US)</name><image>~/../thumbs/Nintendo - Virtual Boy/Named_Snaps/Virtual League Baseball (1995).png</image></game>
<game><path>./TOSEC/Virtual League Baseball (1995)(Kemco)(US)[a].zip</path><name>Virtual League Baseball (1995)(Kemco)(US)[a]</name><image>~/../thumbs/Nintendo - Virtual Boy/Named_Snaps/Virtual League Baseball (1995).png</image></game>
<game><path>./TOSEC/Virtual League Baseball (1995)(Kemco)(US)[b].zip</path><name>Virtual League Baseball (1995)(Kemco)(US)[b]</name><image>~/../thumbs/Nintendo - Virtual Boy/Named_Snaps/Virtual League Baseball (1995).png</image></game>
<game><path>./TOSEC/Virtual League Baseball (1995)(Kemco)(US)[t2].zip</path><name>Virtual League Baseball (1995)(Kemco)(US)[t2]</name><image>~/../thumbs/Nintendo - Virtual Boy/Named_Snaps/Virtual League Baseball (1995).png</image></game>
<game><path>./TOSEC/Virtual League Baseball (1995)(Kemco)(US)[t].zip</path><name>Virtual League Baseball (1995)(Kemco)(US)[t]</name><image>~/../thumbs/Nintendo - Virtual Boy/Named_Snaps/Virtual League Baseball (1995).png</image></game>
<game><path>./TOSEC/Virtual Pong (1999)(Covarrubias, Alberto)(PD).zip</path><name>Virtual Pong (1999)(Covarrubias, Alberto)(PD)</name><image>~/../thumbs/Nintendo - Virtual Boy/Named_Snaps/Virtual Pong (1999).png</image></game>
<game><path>./TOSEC/Virtual Pro Yakyuu '95 (1995)(Kemco)(JP)(en-ja).zip</path><name>Virtual Pro Yakyuu '95 (1995)(Kemco)(JP)(en-ja)</name><image>~/../thumbs/Nintendo - Virtual Boy/Named_Snaps/Virtual Pro Yakyuu '95 (1995).png</image></game>
<game><path>./TOSEC/Virtual Pro Yakyuu '95 (1995)(Kemco)(JP)(en-ja)[t2].zip</path><name>Virtual Pro Yakyuu '95 (1995)(Kemco)(JP)(en-ja)[t2]</name><image>~/../thumbs/Nintendo - Virtual Boy/Named_Snaps/Virtual Pro Yakyuu '95 (1995).png</image></game>
<game><path>./TOSEC/Virtual Pro Yakyuu '95 (1995)(Kemco)(JP)(en-ja)[t].zip</path><name>Virtual Pro Yakyuu '95 (1995)(Kemco)(JP)(en-ja)[t]</name><image>~/../thumbs/Nintendo - Virtual Boy/Named_Snaps/Virtual Pro Yakyuu '95 (1995).png</image></game>
<game><path>./TOSEC/Waterworld (1995)(Ocean)(US)(en-ja).zip</path><name>Waterworld (1995)(Ocean)(US)(en-ja)</name><image>~/../thumbs/Nintendo - Virtual Boy/Named_Snaps/Waterworld (1995).png</image></game>
<game><path>./TOSEC/Waterworld (1995)(Ocean)(US)(en-ja)[b].zip</path><name>Waterworld (1995)(Ocean)(US)(en-ja)[b]</name><image>~/../thumbs/Nintendo - Virtual Boy/Named_Snaps/Waterworld (1995).png</image></game>
<folder><path>./TOSEC</path><name>TOSEC</name><image>~/../thumb/virtualboy.png</image></folder>
<game><path>./Merged/3dtetris.zip</path><name>3dtetris</name><image>~/../thumbs/Nintendo - Virtual Boy/Named_Snaps/3dtetris.png</image></game>
<game><path>./Merged/boundh.zip</path><name>boundh</name><image>~/../thumbs/Nintendo - Virtual Boy/Named_Snaps/boundh.png</image></game>
<game><path>./Merged/galactic.zip</path><name>galactic</name><image>~/../thumbs/Nintendo - Virtual Boy/Named_Snaps/galactic.png</image></game>
<game><path>./Merged/golf.zip</path><name>golf</name><image>~/../thumbs/Nintendo - Virtual Boy/Named_Snaps/golf.png</image></game>
<game><path>./Merged/hyperfgt.zip</path><name>hyperfgt</name><image>~/../thumbs/Nintendo - Virtual Boy/Named_Snaps/hyperfgt.png</image></game>
<game><path>./Merged/insmouse.zip</path><name>insmouse</name><image>~/../thumbs/Nintendo - Virtual Boy/Named_Snaps/insmouse.png</image></game>
<game><path>./Merged/jackbros.zip</path><name>jackbros</name><image>~/../thumbs/Nintendo - Virtual Boy/Named_Snaps/jackbros.png</image></game>
<game><path>./Merged/mariocla.zip</path><name>mariocla</name><image>~/../thumbs/Nintendo - Virtual Boy/Named_Snaps/mariocla.png</image></game>
<game><path>./Merged/marioten.zip</path><name>marioten</name><image>~/../thumbs/Nintendo - Virtual Boy/Named_Snaps/marioten.png</image></game>
<game><path>./Merged/nesterfb.zip</path><name>nesterfb</name><image>~/../thumbs/Nintendo - Virtual Boy/Named_Snaps/nesterfb.png</image></game>
<game><path>./Merged/nikochan.zip</path><name>nikochan</name><image>~/../thumbs/Nintendo - Virtual Boy/Named_Snaps/nikochan.png</image></game>
<game><path>./Merged/panicbom.zip</path><name>panicbom</name><image>~/../thumbs/Nintendo - Virtual Boy/Named_Snaps/panicbom.png</image></game>
<game><path>./Merged/redalarm.zip</path><name>redalarm</name><image>~/../thumbs/Nintendo - Virtual Boy/Named_Snaps/redalarm.png</image></game>
<game><path>./Merged/sdgundam.zip</path><name>sdgundam</name><image>~/../thumbs/Nintendo - Virtual Boy/Named_Snaps/sdgundam.png</image></game>
<game><path>./Merged/spaceinv.zip</path><name>spaceinv</name><image>~/../thumbs/Nintendo - Virtual Boy/Named_Snaps/spaceinv.png</image></game>
<game><path>./Merged/ssquash.zip</path><name>ssquash</name><image>~/../thumbs/Nintendo - Virtual Boy/Named_Snaps/ssquash.png</image></game>
<game><path>./Merged/telerobo.zip</path><name>telerobo</name><image>~/../thumbs/Nintendo - Virtual Boy/Named_Snaps/telerobo.png</image></game>
<game><path>./Merged/vbowling.zip</path><name>vbowling</name><image>~/../thumbs/Nintendo - Virtual Boy/Named_Snaps/vbowling.png</image></game>
<game><path>./Merged/vfishing.zip</path><name>vfishing</name><image>~/../thumbs/Nintendo - Virtual Boy/Named_Snaps/vfishing.png</image></game>
<game><path>./Merged/vforce.zip</path><name>vforce</name><image>~/../thumbs/Nintendo - Virtual Boy/Named_Snaps/vforce.png</image></game>
<game><path>./Merged/vlab.zip</path><name>vlab</name><image>~/../thumbs/Nintendo - Virtual Boy/Named_Snaps/vlab.png</image></game>
<game><path>./Merged/vleague.zip</path><name>vleague</name><image>~/../thumbs/Nintendo - Virtual Boy/Named_Snaps/vleague.png</image></game>
<game><path>./Merged/vtetris.zip</path><name>vtetris</name><image>~/../thumbs/Nintendo - Virtual Boy/Named_Snaps/vtetris.png</image></game>
<game><path>./Merged/wariolnd.zip</path><name>wariolnd</name><image>~/../thumbs/Nintendo - Virtual Boy/Named_Snaps/wariolnd.png</image></game>
<game><path>./Merged/waterwld.zip</path><name>waterwld</name><image>~/../thumbs/Nintendo - Virtual Boy/Named_Snaps/waterwld.png</image></game>
<folder><path>./Merged</path><name>Merged</name><image>~/../thumb/virtualboy.png</image></folder>
<game><path>./Split/3dtetris.zip</path><name>3dtetris</name><image>~/../thumbs/Nintendo - Virtual Boy/Named_Snaps/3dtetris.png</image></game>
<game><path>./Split/boundh.zip</path><name>boundh</name><image>~/../thumbs/Nintendo - Virtual Boy/Named_Snaps/boundh.png</image></game>
<game><path>./Split/galactic.zip</path><name>galactic</name><image>~/../thumbs/Nintendo - Virtual Boy/Named_Snaps/galactic.png</image></game>
<game><path>./Split/golf.zip</path><name>golf</name><image>~/../thumbs/Nintendo - Virtual Boy/Named_Snaps/golf.png</image></game>
<game><path>./Split/hyperfgt.zip</path><name>hyperfgt</name><image>~/../thumbs/Nintendo - Virtual Boy/Named_Snaps/hyperfgt.png</image></game>
<game><path>./Split/insmouse.zip</path><name>insmouse</name><image>~/../thumbs/Nintendo - Virtual Boy/Named_Snaps/insmouse.png</image></game>
<game><path>./Split/jackbros.zip</path><name>jackbros</name><image>~/../thumbs/Nintendo - Virtual Boy/Named_Snaps/jackbros.png</image></game>
<game><path>./Split/jackbrosj.zip</path><name>jackbrosj</name><image>~/../thumbs/Nintendo - Virtual Boy/Named_Snaps/jackbrosj.png</image></game>
<game><path>./Split/mariocla.zip</path><name>mariocla</name><image>~/../thumbs/Nintendo - Virtual Boy/Named_Snaps/mariocla.png</image></game>
<game><path>./Split/marioten.zip</path><name>marioten</name><image>~/../thumbs/Nintendo - Virtual Boy/Named_Snaps/marioten.png</image></game>
<game><path>./Split/nesterfb.zip</path><name>nesterfb</name><image>~/../thumbs/Nintendo - Virtual Boy/Named_Snaps/nesterfb.png</image></game>
<game><path>./Split/nikochan.zip</path><name>nikochan</name><image>~/../thumbs/Nintendo - Virtual Boy/Named_Snaps/nikochan.png</image></game>
<game><path>./Split/panicbom.zip</path><name>panicbom</name><image>~/../thumbs/Nintendo - Virtual Boy/Named_Snaps/panicbom.png</image></game>
<game><path>./Split/redalarm.zip</path><name>redalarm</name><image>~/../thumbs/Nintendo - Virtual Boy/Named_Snaps/redalarm.png</image></game>
<game><path>./Split/redalarmj.zip</path><name>redalarmj</name><image>~/../thumbs/Nintendo - Virtual Boy/Named_Snaps/redalarmj.png</image></game>
<game><path>./Split/sdgundam.zip</path><name>sdgundam</name><image>~/../thumbs/Nintendo - Virtual Boy/Named_Snaps/sdgundam.png</image></game>
<game><path>./Split/spaceinv.zip</path><name>spaceinv</name><image>~/../thumbs/Nintendo - Virtual Boy/Named_Snaps/spaceinv.png</image></game>
<game><path>./Split/spacepin.zip</path><name>spacepin</name><image>~/../thumbs/Nintendo - Virtual Boy/Named_Snaps/spacepin.png</image></game>
<game><path>./Split/ssquash.zip</path><name>ssquash</name><image>~/../thumbs/Nintendo - Virtual Boy/Named_Snaps/ssquash.png</image></game>
<game><path>./Split/telerobo.zip</path><name>telerobo</name><image>~/../thumbs/Nintendo - Virtual Boy/Named_Snaps/telerobo.png</image></game>
<game><path>./Split/tobidase.zip</path><name>tobidase</name><image>~/../thumbs/Nintendo - Virtual Boy/Named_Snaps/tobidase.png</image></game>
<game><path>./Split/vbowling.zip</path><name>vbowling</name><image>~/../thumbs/Nintendo - Virtual Boy/Named_Snaps/vbowling.png</image></game>
<game><path>./Split/vfishing.zip</path><name>vfishing</name><image>~/../thumbs/Nintendo - Virtual Boy/Named_Snaps/vfishing.png</image></game>
<game><path>./Split/vforce.zip</path><name>vforce</name><image>~/../thumbs/Nintendo - Virtual Boy/Named_Snaps/vforce.png</image></game>
<game><path>./Split/vforcej.zip</path><name>vforcej</name><image>~/../thumbs/Nintendo - Virtual Boy/Named_Snaps/vforcej.png</image></game>
<game><path>./Split/vgolf.zip</path><name>vgolf</name><image>~/../thumbs/Nintendo - Virtual Boy/Named_Snaps/vgolf.png</image></game>
<game><path>./Split/vlab.zip</path><name>vlab</name><image>~/../thumbs/Nintendo - Virtual Boy/Named_Snaps/vlab.png</image></game>
<game><path>./Split/vleague.zip</path><name>vleague</name><image>~/../thumbs/Nintendo - Virtual Boy/Named_Snaps/vleague.png</image></game>
<game><path>./Split/vproyak.zip</path><name>vproyak</name><image>~/../thumbs/Nintendo - Virtual Boy/Named_Snaps/vproyak.png</image></game>
<game><path>./Split/vtetris.zip</path><name>vtetris</name><image>~/../thumbs/Nintendo - Virtual Boy/Named_Snaps/vtetris.png</image></game>
<game><path>./Split/wariolnd.zip</path><name>wariolnd</name><image>~/../thumbs/Nintendo - Virtual Boy/Named_Snaps/wariolnd.png</image></game>
<game><path>./Split/waterwld.zip</path><name>waterwld</name><image>~/../thumbs/Nintendo - Virtual Boy/Named_Snaps/waterwld.png</image></game>
<folder><path>./Split</path><name>Split</name><image>~/../thumb/virtualboy.png</image></folder>
</gameList>
