<gameList>
<game><path>./Sinclair ZX81 TOSEC//home/runner/rom/TOSEC/Sinclair/ZX81/Games/[P]/Sinclair ZX81 - Games - [P].zip</path><name>/home/runner/rom/TOSEC/Sinclair/ZX81/Games/[P]/Sinclair ZX81 - Games - [P]</name><image>~/../thumbs/Sinclair - ZX 81/Named_Snaps//home/runner/rom/TOSEC/Sinclair/ZX81/Games/[P]/Sinclair ZX81 - Games - [P].png</image><titleshot>~/../thumbs/Sinclair - ZX 81/Named_Titles//home/runner/rom/TOSEC/Sinclair/ZX81/Games/[P]/Sinclair ZX81 - Games - [P].png</titleshot><thumbnail>~/../thumbs/Sinclair - ZX 81/Named_Boxarts//home/runner/rom/TOSEC/Sinclair/ZX81/Games/[P]/Sinclair ZX81 - Games - [P].png</thumbnail><marquee>~/../thumbs/Sinclair - ZX 81/Named_Logos//home/runner/rom/TOSEC/Sinclair/ZX81/Games/[P]/Sinclair ZX81 - Games - [P].png</marquee><hidden>true</hidden></game>
<folder><path>./Sinclair ZX81 TOSEC</path><name>Sinclair ZX81 TOSEC</name><image>~/../thumb/zx81.png</image></folder>
</gameList>
