<gameList>
<game><path>./Epoch SCV NoIntro/Astro Wars - Invaders from Space (Japan, France) (En).zip</path><name>Astro Wars - Invaders from Space (Japan, France) (En)</name><image>~/../thumbs/Epoch - Super Cassette Vision/Named_Snaps/Astro Wars - Invaders from Space (Japan, France) (En).png</image><titleshot>~/../thumbs/Epoch - Super Cassette Vision/Named_Titles/Astro Wars - Invaders from Space (Japan, France) (En).png</titleshot><thumbnail>~/../thumbs/Epoch - Super Cassette Vision/Named_Boxarts/Astro Wars - Invaders from Space (Japan, France) (En).png</thumbnail><marquee>~/../thumbs/Epoch - Super Cassette Vision/Named_Logos/Astro Wars - Invaders from Space (Japan, France) (En).png</marquee></game>
<game><path>./Epoch SCV NoIntro/Astro Wars II - Battle in Galaxy (Japan) (En).zip</path><name>Astro Wars II - Battle in Galaxy (Japan) (En)</name><image>~/../thumbs/Epoch - Super Cassette Vision/Named_Snaps/Astro Wars II - Battle in Galaxy (Japan) (En).png</image><titleshot>~/../thumbs/Epoch - Super Cassette Vision/Named_Titles/Astro Wars II - Battle in Galaxy (Japan) (En).png</titleshot><thumbnail>~/../thumbs/Epoch - Super Cassette Vision/Named_Boxarts/Astro Wars II - Battle in Galaxy (Japan) (En).png</thumbnail><marquee>~/../thumbs/Epoch - Super Cassette Vision/Named_Logos/Astro Wars II - Battle in Galaxy (Japan) (En).png</marquee></game>
<game><path>./Epoch SCV NoIntro/Basic Nyuumon (Japan) (En).zip</path><name>Basic Nyuumon (Japan) (En)</name><image>~/../thumbs/Epoch - Super Cassette Vision/Named_Snaps/Basic Nyuumon (Japan) (En).png</image><titleshot>~/../thumbs/Epoch - Super Cassette Vision/Named_Titles/Basic Nyuumon (Japan) (En).png</titleshot><thumbnail>~/../thumbs/Epoch - Super Cassette Vision/Named_Boxarts/Basic Nyuumon (Japan) (En).png</thumbnail><marquee>~/../thumbs/Epoch - Super Cassette Vision/Named_Logos/Basic Nyuumon (Japan) (En).png</marquee></game>
<game><path>./Epoch SCV NoIntro/Boulder Dash (France) (En).zip</path><name>Boulder Dash (France) (En)</name><image>~/../thumbs/Epoch - Super Cassette Vision/Named_Snaps/Boulder Dash (France) (En).png</image><titleshot>~/../thumbs/Epoch - Super Cassette Vision/Named_Titles/Boulder Dash (France) (En).png</titleshot><thumbnail>~/../thumbs/Epoch - Super Cassette Vision/Named_Boxarts/Boulder Dash (France) (En).png</thumbnail><marquee>~/../thumbs/Epoch - Super Cassette Vision/Named_Logos/Boulder Dash (France) (En).png</marquee></game>
<game><path>./Epoch SCV NoIntro/Boulder Dash (Japan) (En).zip</path><name>Boulder Dash (Japan) (En)</name><image>~/../thumbs/Epoch - Super Cassette Vision/Named_Snaps/Boulder Dash (Japan) (En).png</image><titleshot>~/../thumbs/Epoch - Super Cassette Vision/Named_Titles/Boulder Dash (Japan) (En).png</titleshot><thumbnail>~/../thumbs/Epoch - Super Cassette Vision/Named_Boxarts/Boulder Dash (Japan) (En).png</thumbnail><marquee>~/../thumbs/Epoch - Super Cassette Vision/Named_Logos/Boulder Dash (Japan) (En).png</marquee></game>
<game><path>./Epoch SCV NoIntro/Comic Circus (Japan) (En).zip</path><name>Comic Circus (Japan) (En)</name><image>~/../thumbs/Epoch - Super Cassette Vision/Named_Snaps/Comic Circus (Japan) (En).png</image><titleshot>~/../thumbs/Epoch - Super Cassette Vision/Named_Titles/Comic Circus (Japan) (En).png</titleshot><thumbnail>~/../thumbs/Epoch - Super Cassette Vision/Named_Boxarts/Comic Circus (Japan) (En).png</thumbnail><marquee>~/../thumbs/Epoch - Super Cassette Vision/Named_Logos/Comic Circus (Japan) (En).png</marquee></game>
<game><path>./Epoch SCV NoIntro/Doraemon (Japan) (En).zip</path><name>Doraemon (Japan) (En)</name><image>~/../thumbs/Epoch - Super Cassette Vision/Named_Snaps/Doraemon (Japan) (En).png</image><titleshot>~/../thumbs/Epoch - Super Cassette Vision/Named_Titles/Doraemon (Japan) (En).png</titleshot><thumbnail>~/../thumbs/Epoch - Super Cassette Vision/Named_Boxarts/Doraemon (Japan) (En).png</thumbnail><marquee>~/../thumbs/Epoch - Super Cassette Vision/Named_Logos/Doraemon (Japan) (En).png</marquee></game>
<game><path>./Epoch SCV NoIntro/Dragon Ball - Dragon Dai Hikyou (Japan) (En).zip</path><name>Dragon Ball - Dragon Dai Hikyou (Japan) (En)</name><image>~/../thumbs/Epoch - Super Cassette Vision/Named_Snaps/Dragon Ball - Dragon Dai Hikyou (Japan) (En).png</image><titleshot>~/../thumbs/Epoch - Super Cassette Vision/Named_Titles/Dragon Ball - Dragon Dai Hikyou (Japan) (En).png</titleshot><thumbnail>~/../thumbs/Epoch - Super Cassette Vision/Named_Boxarts/Dragon Ball - Dragon Dai Hikyou (Japan) (En).png</thumbnail><marquee>~/../thumbs/Epoch - Super Cassette Vision/Named_Logos/Dragon Ball - Dragon Dai Hikyou (Japan) (En).png</marquee></game>
<game><path>./Epoch SCV NoIntro/Dragon Slayer (Japan) (En).zip</path><name>Dragon Slayer (Japan) (En)</name><image>~/../thumbs/Epoch - Super Cassette Vision/Named_Snaps/Dragon Slayer (Japan) (En).png</image><titleshot>~/../thumbs/Epoch - Super Cassette Vision/Named_Titles/Dragon Slayer (Japan) (En).png</titleshot><thumbnail>~/../thumbs/Epoch - Super Cassette Vision/Named_Boxarts/Dragon Slayer (Japan) (En).png</thumbnail><marquee>~/../thumbs/Epoch - Super Cassette Vision/Named_Logos/Dragon Slayer (Japan) (En).png</marquee></game>
<game><path>./Epoch SCV NoIntro/Elevator Fight (Japan) (En).zip</path><name>Elevator Fight (Japan) (En)</name><image>~/../thumbs/Epoch - Super Cassette Vision/Named_Snaps/Elevator Fight (Japan) (En).png</image><titleshot>~/../thumbs/Epoch - Super Cassette Vision/Named_Titles/Elevator Fight (Japan) (En).png</titleshot><thumbnail>~/../thumbs/Epoch - Super Cassette Vision/Named_Boxarts/Elevator Fight (Japan) (En).png</thumbnail><marquee>~/../thumbs/Epoch - Super Cassette Vision/Named_Logos/Elevator Fight (Japan) (En).png</marquee></game>
<game><path>./Epoch SCV NoIntro/Kung Fu Road (Japan) (En).zip</path><name>Kung Fu Road (Japan) (En)</name><image>~/../thumbs/Epoch - Super Cassette Vision/Named_Snaps/Kung Fu Road (Japan) (En).png</image><titleshot>~/../thumbs/Epoch - Super Cassette Vision/Named_Titles/Kung Fu Road (Japan) (En).png</titleshot><thumbnail>~/../thumbs/Epoch - Super Cassette Vision/Named_Boxarts/Kung Fu Road (Japan) (En).png</thumbnail><marquee>~/../thumbs/Epoch - Super Cassette Vision/Named_Logos/Kung Fu Road (Japan) (En).png</marquee></game>
<game><path>./Epoch SCV NoIntro/Lupin Sansei (Japan) (En).zip</path><name>Lupin Sansei (Japan) (En)</name><image>~/../thumbs/Epoch - Super Cassette Vision/Named_Snaps/Lupin Sansei (Japan) (En).png</image><titleshot>~/../thumbs/Epoch - Super Cassette Vision/Named_Titles/Lupin Sansei (Japan) (En).png</titleshot><thumbnail>~/../thumbs/Epoch - Super Cassette Vision/Named_Boxarts/Lupin Sansei (Japan) (En).png</thumbnail><marquee>~/../thumbs/Epoch - Super Cassette Vision/Named_Logos/Lupin Sansei (Japan) (En).png</marquee></game>
<game><path>./Epoch SCV NoIntro/Mappy (Japan) (En).zip</path><name>Mappy (Japan) (En)</name><image>~/../thumbs/Epoch - Super Cassette Vision/Named_Snaps/Mappy (Japan) (En).png</image><titleshot>~/../thumbs/Epoch - Super Cassette Vision/Named_Titles/Mappy (Japan) (En).png</titleshot><thumbnail>~/../thumbs/Epoch - Super Cassette Vision/Named_Boxarts/Mappy (Japan) (En).png</thumbnail><marquee>~/../thumbs/Epoch - Super Cassette Vision/Named_Logos/Mappy (Japan) (En).png</marquee></game>
<game><path>./Epoch SCV NoIntro/Milky Princess (Japan) (En).zip</path><name>Milky Princess (Japan) (En)</name><image>~/../thumbs/Epoch - Super Cassette Vision/Named_Snaps/Milky Princess (Japan) (En).png</image><titleshot>~/../thumbs/Epoch - Super Cassette Vision/Named_Titles/Milky Princess (Japan) (En).png</titleshot><thumbnail>~/../thumbs/Epoch - Super Cassette Vision/Named_Boxarts/Milky Princess (Japan) (En).png</thumbnail><marquee>~/../thumbs/Epoch - Super Cassette Vision/Named_Logos/Milky Princess (Japan) (En).png</marquee></game>
<game><path>./Epoch SCV NoIntro/Miner 2049er (Japan) (En).zip</path><name>Miner 2049er (Japan) (En)</name><image>~/../thumbs/Epoch - Super Cassette Vision/Named_Snaps/Miner 2049er (Japan) (En).png</image><titleshot>~/../thumbs/Epoch - Super Cassette Vision/Named_Titles/Miner 2049er (Japan) (En).png</titleshot><thumbnail>~/../thumbs/Epoch - Super Cassette Vision/Named_Boxarts/Miner 2049er (Japan) (En).png</thumbnail><marquee>~/../thumbs/Epoch - Super Cassette Vision/Named_Logos/Miner 2049er (Japan) (En).png</marquee></game>
<game><path>./Epoch SCV NoIntro/Nebula (Japan) (En) (Alt).zip</path><name>Nebula (Japan) (En) (Alt)</name><image>~/../thumbs/Epoch - Super Cassette Vision/Named_Snaps/Nebula (Japan) (En) (Alt).png</image><titleshot>~/../thumbs/Epoch - Super Cassette Vision/Named_Titles/Nebula (Japan) (En) (Alt).png</titleshot><thumbnail>~/../thumbs/Epoch - Super Cassette Vision/Named_Boxarts/Nebula (Japan) (En) (Alt).png</thumbnail><marquee>~/../thumbs/Epoch - Super Cassette Vision/Named_Logos/Nebula (Japan) (En) (Alt).png</marquee></game>
<game><path>./Epoch SCV NoIntro/Nebula (Japan) (En).zip</path><name>Nebula (Japan) (En)</name><image>~/../thumbs/Epoch - Super Cassette Vision/Named_Snaps/Nebula (Japan) (En).png</image><titleshot>~/../thumbs/Epoch - Super Cassette Vision/Named_Titles/Nebula (Japan) (En).png</titleshot><thumbnail>~/../thumbs/Epoch - Super Cassette Vision/Named_Boxarts/Nebula (Japan) (En).png</thumbnail><marquee>~/../thumbs/Epoch - Super Cassette Vision/Named_Logos/Nebula (Japan) (En).png</marquee></game>
<game><path>./Epoch SCV NoIntro/Pole Position II (Japan) (En).zip</path><name>Pole Position II (Japan) (En)</name><image>~/../thumbs/Epoch - Super Cassette Vision/Named_Snaps/Pole Position II (Japan) (En).png</image><titleshot>~/../thumbs/Epoch - Super Cassette Vision/Named_Titles/Pole Position II (Japan) (En).png</titleshot><thumbnail>~/../thumbs/Epoch - Super Cassette Vision/Named_Boxarts/Pole Position II (Japan) (En).png</thumbnail><marquee>~/../thumbs/Epoch - Super Cassette Vision/Named_Logos/Pole Position II (Japan) (En).png</marquee></game>
<game><path>./Epoch SCV NoIntro/Pop & Chips (Japan) (En).zip</path><name>Pop & Chips (Japan) (En)</name><image>~/../thumbs/Epoch - Super Cassette Vision/Named_Snaps/Pop & Chips (Japan) (En).png</image><titleshot>~/../thumbs/Epoch - Super Cassette Vision/Named_Titles/Pop & Chips (Japan) (En).png</titleshot><thumbnail>~/../thumbs/Epoch - Super Cassette Vision/Named_Boxarts/Pop & Chips (Japan) (En).png</thumbnail><marquee>~/../thumbs/Epoch - Super Cassette Vision/Named_Logos/Pop & Chips (Japan) (En).png</marquee></game>
<game><path>./Epoch SCV NoIntro/Professional Wrestling (Japan) (En).zip</path><name>Professional Wrestling (Japan) (En)</name><image>~/../thumbs/Epoch - Super Cassette Vision/Named_Snaps/Professional Wrestling (Japan) (En).png</image><titleshot>~/../thumbs/Epoch - Super Cassette Vision/Named_Titles/Professional Wrestling (Japan) (En).png</titleshot><thumbnail>~/../thumbs/Epoch - Super Cassette Vision/Named_Boxarts/Professional Wrestling (Japan) (En).png</thumbnail><marquee>~/../thumbs/Epoch - Super Cassette Vision/Named_Logos/Professional Wrestling (Japan) (En).png</marquee></game>
<game><path>./Epoch SCV NoIntro/Punch Boy (Japan) (En).zip</path><name>Punch Boy (Japan) (En)</name><image>~/../thumbs/Epoch - Super Cassette Vision/Named_Snaps/Punch Boy (Japan) (En).png</image><titleshot>~/../thumbs/Epoch - Super Cassette Vision/Named_Titles/Punch Boy (Japan) (En).png</titleshot><thumbnail>~/../thumbs/Epoch - Super Cassette Vision/Named_Boxarts/Punch Boy (Japan) (En).png</thumbnail><marquee>~/../thumbs/Epoch - Super Cassette Vision/Named_Logos/Punch Boy (Japan) (En).png</marquee></game>
<game><path>./Epoch SCV NoIntro/Real Graphic Mahjongg (Japan).zip</path><name>Real Graphic Mahjongg (Japan)</name><image>~/../thumbs/Epoch - Super Cassette Vision/Named_Snaps/Real Graphic Mahjongg (Japan).png</image><titleshot>~/../thumbs/Epoch - Super Cassette Vision/Named_Titles/Real Graphic Mahjongg (Japan).png</titleshot><thumbnail>~/../thumbs/Epoch - Super Cassette Vision/Named_Boxarts/Real Graphic Mahjongg (Japan).png</thumbnail><marquee>~/../thumbs/Epoch - Super Cassette Vision/Named_Logos/Real Graphic Mahjongg (Japan).png</marquee></game>
<game><path>./Epoch SCV NoIntro/Sansupyuta (Japan) (En).zip</path><name>Sansupyuta (Japan) (En)</name><image>~/../thumbs/Epoch - Super Cassette Vision/Named_Snaps/Sansupyuta (Japan) (En).png</image><titleshot>~/../thumbs/Epoch - Super Cassette Vision/Named_Titles/Sansupyuta (Japan) (En).png</titleshot><thumbnail>~/../thumbs/Epoch - Super Cassette Vision/Named_Boxarts/Sansupyuta (Japan) (En).png</thumbnail><marquee>~/../thumbs/Epoch - Super Cassette Vision/Named_Logos/Sansupyuta (Japan) (En).png</marquee></game>
<game><path>./Epoch SCV NoIntro/Shougi Nyuumon (Japan).zip</path><name>Shougi Nyuumon (Japan)</name><image>~/../thumbs/Epoch - Super Cassette Vision/Named_Snaps/Shougi Nyuumon (Japan).png</image><titleshot>~/../thumbs/Epoch - Super Cassette Vision/Named_Titles/Shougi Nyuumon (Japan).png</titleshot><thumbnail>~/../thumbs/Epoch - Super Cassette Vision/Named_Boxarts/Shougi Nyuumon (Japan).png</thumbnail><marquee>~/../thumbs/Epoch - Super Cassette Vision/Named_Logos/Shougi Nyuumon (Japan).png</marquee></game>
<game><path>./Epoch SCV NoIntro/Sky Kid (Japan) (En).zip</path><name>Sky Kid (Japan) (En)</name><image>~/../thumbs/Epoch - Super Cassette Vision/Named_Snaps/Sky Kid (Japan) (En).png</image><titleshot>~/../thumbs/Epoch - Super Cassette Vision/Named_Titles/Sky Kid (Japan) (En).png</titleshot><thumbnail>~/../thumbs/Epoch - Super Cassette Vision/Named_Boxarts/Sky Kid (Japan) (En).png</thumbnail><marquee>~/../thumbs/Epoch - Super Cassette Vision/Named_Logos/Sky Kid (Japan) (En).png</marquee></game>
<game><path>./Epoch SCV NoIntro/Star Speeder (Japan) (En).zip</path><name>Star Speeder (Japan) (En)</name><image>~/../thumbs/Epoch - Super Cassette Vision/Named_Snaps/Star Speeder (Japan) (En).png</image><titleshot>~/../thumbs/Epoch - Super Cassette Vision/Named_Titles/Star Speeder (Japan) (En).png</titleshot><thumbnail>~/../thumbs/Epoch - Super Cassette Vision/Named_Boxarts/Star Speeder (Japan) (En).png</thumbnail><marquee>~/../thumbs/Epoch - Super Cassette Vision/Named_Logos/Star Speeder (Japan) (En).png</marquee></game>
<game><path>./Epoch SCV NoIntro/Super Baseball (Japan) (En).zip</path><name>Super Baseball (Japan) (En)</name><image>~/../thumbs/Epoch - Super Cassette Vision/Named_Snaps/Super Baseball (Japan) (En).png</image><titleshot>~/../thumbs/Epoch - Super Cassette Vision/Named_Titles/Super Baseball (Japan) (En).png</titleshot><thumbnail>~/../thumbs/Epoch - Super Cassette Vision/Named_Boxarts/Super Baseball (Japan) (En).png</thumbnail><marquee>~/../thumbs/Epoch - Super Cassette Vision/Named_Logos/Super Baseball (Japan) (En).png</marquee></game>
<game><path>./Epoch SCV NoIntro/Super Golf (Japan) (En).zip</path><name>Super Golf (Japan) (En)</name><image>~/../thumbs/Epoch - Super Cassette Vision/Named_Snaps/Super Golf (Japan) (En).png</image><titleshot>~/../thumbs/Epoch - Super Cassette Vision/Named_Titles/Super Golf (Japan) (En).png</titleshot><thumbnail>~/../thumbs/Epoch - Super Cassette Vision/Named_Boxarts/Super Golf (Japan) (En).png</thumbnail><marquee>~/../thumbs/Epoch - Super Cassette Vision/Named_Logos/Super Golf (Japan) (En).png</marquee></game>
<game><path>./Epoch SCV NoIntro/Super Soccer (France) (En).zip</path><name>Super Soccer (France) (En)</name><image>~/../thumbs/Epoch - Super Cassette Vision/Named_Snaps/Super Soccer (France) (En).png</image><titleshot>~/../thumbs/Epoch - Super Cassette Vision/Named_Titles/Super Soccer (France) (En).png</titleshot><thumbnail>~/../thumbs/Epoch - Super Cassette Vision/Named_Boxarts/Super Soccer (France) (En).png</thumbnail><marquee>~/../thumbs/Epoch - Super Cassette Vision/Named_Logos/Super Soccer (France) (En).png</marquee></game>
<game><path>./Epoch SCV NoIntro/Super Soccer (Japan) (En).zip</path><name>Super Soccer (Japan) (En)</name><image>~/../thumbs/Epoch - Super Cassette Vision/Named_Snaps/Super Soccer (Japan) (En).png</image><titleshot>~/../thumbs/Epoch - Super Cassette Vision/Named_Titles/Super Soccer (Japan) (En).png</titleshot><thumbnail>~/../thumbs/Epoch - Super Cassette Vision/Named_Boxarts/Super Soccer (Japan) (En).png</thumbnail><marquee>~/../thumbs/Epoch - Super Cassette Vision/Named_Logos/Super Soccer (Japan) (En).png</marquee></game>
<game><path>./Epoch SCV NoIntro/Ton Ton Ball (Japan) (En).zip</path><name>Ton Ton Ball (Japan) (En)</name><image>~/../thumbs/Epoch - Super Cassette Vision/Named_Snaps/Ton Ton Ball (Japan) (En).png</image><titleshot>~/../thumbs/Epoch - Super Cassette Vision/Named_Titles/Ton Ton Ball (Japan) (En).png</titleshot><thumbnail>~/../thumbs/Epoch - Super Cassette Vision/Named_Boxarts/Ton Ton Ball (Japan) (En).png</thumbnail><marquee>~/../thumbs/Epoch - Super Cassette Vision/Named_Logos/Ton Ton Ball (Japan) (En).png</marquee></game>
<game><path>./Epoch SCV NoIntro/Wai Wai Monster Land (Japan) (En).zip</path><name>Wai Wai Monster Land (Japan) (En)</name><image>~/../thumbs/Epoch - Super Cassette Vision/Named_Snaps/Wai Wai Monster Land (Japan) (En).png</image><titleshot>~/../thumbs/Epoch - Super Cassette Vision/Named_Titles/Wai Wai Monster Land (Japan) (En).png</titleshot><thumbnail>~/../thumbs/Epoch - Super Cassette Vision/Named_Boxarts/Wai Wai Monster Land (Japan) (En).png</thumbnail><marquee>~/../thumbs/Epoch - Super Cassette Vision/Named_Logos/Wai Wai Monster Land (Japan) (En).png</marquee></game>
<game><path>./Epoch SCV NoIntro/Wheelie Racer (Japan, France) (En).zip</path><name>Wheelie Racer (Japan, France) (En)</name><image>~/../thumbs/Epoch - Super Cassette Vision/Named_Snaps/Wheelie Racer (Japan, France) (En).png</image><titleshot>~/../thumbs/Epoch - Super Cassette Vision/Named_Titles/Wheelie Racer (Japan, France) (En).png</titleshot><thumbnail>~/../thumbs/Epoch - Super Cassette Vision/Named_Boxarts/Wheelie Racer (Japan, France) (En).png</thumbnail><marquee>~/../thumbs/Epoch - Super Cassette Vision/Named_Logos/Wheelie Racer (Japan, France) (En).png</marquee></game>
<game><path>./Epoch SCV NoIntro/[BIOS] Super Cassette Vision (Japan, France) (En).zip</path><name>[BIOS] Super Cassette Vision (Japan, France) (En)</name><image>~/../thumbs/Epoch - Super Cassette Vision/Named_Snaps/[BIOS] Super Cassette Vision (Japan, France) (En).png</image><titleshot>~/../thumbs/Epoch - Super Cassette Vision/Named_Titles/[BIOS] Super Cassette Vision (Japan, France) (En).png</titleshot><thumbnail>~/../thumbs/Epoch - Super Cassette Vision/Named_Boxarts/[BIOS] Super Cassette Vision (Japan, France) (En).png</thumbnail><marquee>~/../thumbs/Epoch - Super Cassette Vision/Named_Logos/[BIOS] Super Cassette Vision (Japan, France) (En).png</marquee></game>
<game><path>./Epoch SCV TOSEC/Astro Wars - Invaders from Space (1984)(Epoch)(JP)(en).zip</path><name>Astro Wars - Invaders from Space (1984)(Epoch)(JP)(en)</name><image>~/../thumbs/Epoch - Super Cassette Vision/Named_Snaps/Astro Wars - Invaders from Space (1984)(Epoch)(JP)(en).png</image><titleshot>~/../thumbs/Epoch - Super Cassette Vision/Named_Titles/Astro Wars - Invaders from Space (1984)(Epoch)(JP)(en).png</titleshot><thumbnail>~/../thumbs/Epoch - Super Cassette Vision/Named_Boxarts/Astro Wars - Invaders from Space (1984)(Epoch)(JP)(en).png</thumbnail><marquee>~/../thumbs/Epoch - Super Cassette Vision/Named_Logos/Astro Wars - Invaders from Space (1984)(Epoch)(JP)(en).png</marquee></game>
<game><path>./Epoch SCV TOSEC/Astro Wars 2 - Battle in Galaxy (1984)(Epoch)(JP)(en).zip</path><name>Astro Wars 2 - Battle in Galaxy (1984)(Epoch)(JP)(en)</name><image>~/../thumbs/Epoch - Super Cassette Vision/Named_Snaps/Astro Wars 2 - Battle in Galaxy (1984)(Epoch)(JP)(en).png</image><titleshot>~/../thumbs/Epoch - Super Cassette Vision/Named_Titles/Astro Wars 2 - Battle in Galaxy (1984)(Epoch)(JP)(en).png</titleshot><thumbnail>~/../thumbs/Epoch - Super Cassette Vision/Named_Boxarts/Astro Wars 2 - Battle in Galaxy (1984)(Epoch)(JP)(en).png</thumbnail><marquee>~/../thumbs/Epoch - Super Cassette Vision/Named_Logos/Astro Wars 2 - Battle in Galaxy (1984)(Epoch)(JP)(en).png</marquee></game>
<game><path>./Epoch SCV TOSEC/BASIC Nyuumon (1985)(Epoch)(JP)(en).zip</path><name>BASIC Nyuumon (1985)(Epoch)(JP)(en)</name><image>~/../thumbs/Epoch - Super Cassette Vision/Named_Snaps/BASIC Nyuumon (1985)(Epoch)(JP)(en).png</image><titleshot>~/../thumbs/Epoch - Super Cassette Vision/Named_Titles/BASIC Nyuumon (1985)(Epoch)(JP)(en).png</titleshot><thumbnail>~/../thumbs/Epoch - Super Cassette Vision/Named_Boxarts/BASIC Nyuumon (1985)(Epoch)(JP)(en).png</thumbnail><marquee>~/../thumbs/Epoch - Super Cassette Vision/Named_Logos/BASIC Nyuumon (1985)(Epoch)(JP)(en).png</marquee></game>
<game><path>./Epoch SCV TOSEC/Boulder Dash (1985)(Epoch)(FR)(en).zip</path><name>Boulder Dash (1985)(Epoch)(FR)(en)</name><image>~/../thumbs/Epoch - Super Cassette Vision/Named_Snaps/Boulder Dash (1985)(Epoch)(FR)(en).png</image><titleshot>~/../thumbs/Epoch - Super Cassette Vision/Named_Titles/Boulder Dash (1985)(Epoch)(FR)(en).png</titleshot><thumbnail>~/../thumbs/Epoch - Super Cassette Vision/Named_Boxarts/Boulder Dash (1985)(Epoch)(FR)(en).png</thumbnail><marquee>~/../thumbs/Epoch - Super Cassette Vision/Named_Logos/Boulder Dash (1985)(Epoch)(FR)(en).png</marquee></game>
<game><path>./Epoch SCV TOSEC/Boulder Dash (1985)(Epoch)(JP)(en).zip</path><name>Boulder Dash (1985)(Epoch)(JP)(en)</name><image>~/../thumbs/Epoch - Super Cassette Vision/Named_Snaps/Boulder Dash (1985)(Epoch)(JP)(en).png</image><titleshot>~/../thumbs/Epoch - Super Cassette Vision/Named_Titles/Boulder Dash (1985)(Epoch)(JP)(en).png</titleshot><thumbnail>~/../thumbs/Epoch - Super Cassette Vision/Named_Boxarts/Boulder Dash (1985)(Epoch)(JP)(en).png</thumbnail><marquee>~/../thumbs/Epoch - Super Cassette Vision/Named_Logos/Boulder Dash (1985)(Epoch)(JP)(en).png</marquee></game>
<game><path>./Epoch SCV TOSEC/Comic Circus (1985)(Epoch)(JP)(en).zip</path><name>Comic Circus (1985)(Epoch)(JP)(en)</name><image>~/../thumbs/Epoch - Super Cassette Vision/Named_Snaps/Comic Circus (1985)(Epoch)(JP)(en).png</image><titleshot>~/../thumbs/Epoch - Super Cassette Vision/Named_Titles/Comic Circus (1985)(Epoch)(JP)(en).png</titleshot><thumbnail>~/../thumbs/Epoch - Super Cassette Vision/Named_Boxarts/Comic Circus (1985)(Epoch)(JP)(en).png</thumbnail><marquee>~/../thumbs/Epoch - Super Cassette Vision/Named_Logos/Comic Circus (1985)(Epoch)(JP)(en).png</marquee></game>
<game><path>./Epoch SCV TOSEC/Doraemon (1985)(Epoch)(JP)(en).zip</path><name>Doraemon (1985)(Epoch)(JP)(en)</name><image>~/../thumbs/Epoch - Super Cassette Vision/Named_Snaps/Doraemon (1985)(Epoch)(JP)(en).png</image><titleshot>~/../thumbs/Epoch - Super Cassette Vision/Named_Titles/Doraemon (1985)(Epoch)(JP)(en).png</titleshot><thumbnail>~/../thumbs/Epoch - Super Cassette Vision/Named_Boxarts/Doraemon (1985)(Epoch)(JP)(en).png</thumbnail><marquee>~/../thumbs/Epoch - Super Cassette Vision/Named_Logos/Doraemon (1985)(Epoch)(JP)(en).png</marquee></game>
<game><path>./Epoch SCV TOSEC/Dragon Ball - Dragon Dai Hikyou (1986)(Epoch)(JP)(en).zip</path><name>Dragon Ball - Dragon Dai Hikyou (1986)(Epoch)(JP)(en)</name><image>~/../thumbs/Epoch - Super Cassette Vision/Named_Snaps/Dragon Ball - Dragon Dai Hikyou (1986)(Epoch)(JP)(en).png</image><titleshot>~/../thumbs/Epoch - Super Cassette Vision/Named_Titles/Dragon Ball - Dragon Dai Hikyou (1986)(Epoch)(JP)(en).png</titleshot><thumbnail>~/../thumbs/Epoch - Super Cassette Vision/Named_Boxarts/Dragon Ball - Dragon Dai Hikyou (1986)(Epoch)(JP)(en).png</thumbnail><marquee>~/../thumbs/Epoch - Super Cassette Vision/Named_Logos/Dragon Ball - Dragon Dai Hikyou (1986)(Epoch)(JP)(en).png</marquee></game>
<game><path>./Epoch SCV TOSEC/Dragon Slayer (1986)(Epoch)(JP)(en).zip</path><name>Dragon Slayer (1986)(Epoch)(JP)(en)</name><image>~/../thumbs/Epoch - Super Cassette Vision/Named_Snaps/Dragon Slayer (1986)(Epoch)(JP)(en).png</image><titleshot>~/../thumbs/Epoch - Super Cassette Vision/Named_Titles/Dragon Slayer (1986)(Epoch)(JP)(en).png</titleshot><thumbnail>~/../thumbs/Epoch - Super Cassette Vision/Named_Boxarts/Dragon Slayer (1986)(Epoch)(JP)(en).png</thumbnail><marquee>~/../thumbs/Epoch - Super Cassette Vision/Named_Logos/Dragon Slayer (1986)(Epoch)(JP)(en).png</marquee></game>
<game><path>./Epoch SCV TOSEC/Elevator Fight (1984)(Epoch)(JP)(en).zip</path><name>Elevator Fight (1984)(Epoch)(JP)(en)</name><image>~/../thumbs/Epoch - Super Cassette Vision/Named_Snaps/Elevator Fight (1984)(Epoch)(JP)(en).png</image><titleshot>~/../thumbs/Epoch - Super Cassette Vision/Named_Titles/Elevator Fight (1984)(Epoch)(JP)(en).png</titleshot><thumbnail>~/../thumbs/Epoch - Super Cassette Vision/Named_Boxarts/Elevator Fight (1984)(Epoch)(JP)(en).png</thumbnail><marquee>~/../thumbs/Epoch - Super Cassette Vision/Named_Logos/Elevator Fight (1984)(Epoch)(JP)(en).png</marquee></game>
<game><path>./Epoch SCV TOSEC/Lupin III (1984)(Epoch)(JP)(en).zip</path><name>Lupin III (1984)(Epoch)(JP)(en)</name><image>~/../thumbs/Epoch - Super Cassette Vision/Named_Snaps/Lupin III (1984)(Epoch)(JP)(en).png</image><titleshot>~/../thumbs/Epoch - Super Cassette Vision/Named_Titles/Lupin III (1984)(Epoch)(JP)(en).png</titleshot><thumbnail>~/../thumbs/Epoch - Super Cassette Vision/Named_Boxarts/Lupin III (1984)(Epoch)(JP)(en).png</thumbnail><marquee>~/../thumbs/Epoch - Super Cassette Vision/Named_Logos/Lupin III (1984)(Epoch)(JP)(en).png</marquee></game>
<game><path>./Epoch SCV TOSEC/Mappy (1986)(Epoch)(JP)(en).zip</path><name>Mappy (1986)(Epoch)(JP)(en)</name><image>~/../thumbs/Epoch - Super Cassette Vision/Named_Snaps/Mappy (1986)(Epoch)(JP)(en).png</image><titleshot>~/../thumbs/Epoch - Super Cassette Vision/Named_Titles/Mappy (1986)(Epoch)(JP)(en).png</titleshot><thumbnail>~/../thumbs/Epoch - Super Cassette Vision/Named_Boxarts/Mappy (1986)(Epoch)(JP)(en).png</thumbnail><marquee>~/../thumbs/Epoch - Super Cassette Vision/Named_Logos/Mappy (1986)(Epoch)(JP)(en).png</marquee></game>
<game><path>./Epoch SCV TOSEC/Mazy (2021-12-10)(Inufuto)(JP).zip</path><name>Mazy (2021-12-10)(Inufuto)(JP)</name><image>~/../thumbs/Epoch - Super Cassette Vision/Named_Snaps/Mazy (2021-12-10)(Inufuto)(JP).png</image><titleshot>~/../thumbs/Epoch - Super Cassette Vision/Named_Titles/Mazy (2021-12-10)(Inufuto)(JP).png</titleshot><thumbnail>~/../thumbs/Epoch - Super Cassette Vision/Named_Boxarts/Mazy (2021-12-10)(Inufuto)(JP).png</thumbnail><marquee>~/../thumbs/Epoch - Super Cassette Vision/Named_Logos/Mazy (2021-12-10)(Inufuto)(JP).png</marquee></game>
<game><path>./Epoch SCV TOSEC/Milky Princess (1985)(Epoch)(JP).zip</path><name>Milky Princess (1985)(Epoch)(JP)</name><image>~/../thumbs/Epoch - Super Cassette Vision/Named_Snaps/Milky Princess (1985)(Epoch)(JP).png</image><titleshot>~/../thumbs/Epoch - Super Cassette Vision/Named_Titles/Milky Princess (1985)(Epoch)(JP).png</titleshot><thumbnail>~/../thumbs/Epoch - Super Cassette Vision/Named_Boxarts/Milky Princess (1985)(Epoch)(JP).png</thumbnail><marquee>~/../thumbs/Epoch - Super Cassette Vision/Named_Logos/Milky Princess (1985)(Epoch)(JP).png</marquee></game>
<game><path>./Epoch SCV TOSEC/Miner 2049er (1985)(Epoch)(JP)(en).zip</path><name>Miner 2049er (1985)(Epoch)(JP)(en)</name><image>~/../thumbs/Epoch - Super Cassette Vision/Named_Snaps/Miner 2049er (1985)(Epoch)(JP)(en).png</image><titleshot>~/../thumbs/Epoch - Super Cassette Vision/Named_Titles/Miner 2049er (1985)(Epoch)(JP)(en).png</titleshot><thumbnail>~/../thumbs/Epoch - Super Cassette Vision/Named_Boxarts/Miner 2049er (1985)(Epoch)(JP)(en).png</thumbnail><marquee>~/../thumbs/Epoch - Super Cassette Vision/Named_Logos/Miner 2049er (1985)(Epoch)(JP)(en).png</marquee></game>
<game><path>./Epoch SCV TOSEC/Nebula (1984)(Epoch)(JP)(en).zip</path><name>Nebula (1984)(Epoch)(JP)(en)</name><image>~/../thumbs/Epoch - Super Cassette Vision/Named_Snaps/Nebula (1984)(Epoch)(JP)(en).png</image><titleshot>~/../thumbs/Epoch - Super Cassette Vision/Named_Titles/Nebula (1984)(Epoch)(JP)(en).png</titleshot><thumbnail>~/../thumbs/Epoch - Super Cassette Vision/Named_Boxarts/Nebula (1984)(Epoch)(JP)(en).png</thumbnail><marquee>~/../thumbs/Epoch - Super Cassette Vision/Named_Logos/Nebula (1984)(Epoch)(JP)(en).png</marquee></game>
<game><path>./Epoch SCV TOSEC/Nebula (1984)(Epoch)(JP)(en)[a].zip</path><name>Nebula (1984)(Epoch)(JP)(en)[a]</name><image>~/../thumbs/Epoch - Super Cassette Vision/Named_Snaps/Nebula (1984)(Epoch)(JP)(en)[a].png</image><titleshot>~/../thumbs/Epoch - Super Cassette Vision/Named_Titles/Nebula (1984)(Epoch)(JP)(en)[a].png</titleshot><thumbnail>~/../thumbs/Epoch - Super Cassette Vision/Named_Boxarts/Nebula (1984)(Epoch)(JP)(en)[a].png</thumbnail><marquee>~/../thumbs/Epoch - Super Cassette Vision/Named_Logos/Nebula (1984)(Epoch)(JP)(en)[a].png</marquee><hidden>true</hidden></game>
<game><path>./Epoch SCV TOSEC/Nekketsu Kung Fu Road (1985)(Epoch)(JP)(en).zip</path><name>Nekketsu Kung Fu Road (1985)(Epoch)(JP)(en)</name><image>~/../thumbs/Epoch - Super Cassette Vision/Named_Snaps/Nekketsu Kung Fu Road (1985)(Epoch)(JP)(en).png</image><titleshot>~/../thumbs/Epoch - Super Cassette Vision/Named_Titles/Nekketsu Kung Fu Road (1985)(Epoch)(JP)(en).png</titleshot><thumbnail>~/../thumbs/Epoch - Super Cassette Vision/Named_Boxarts/Nekketsu Kung Fu Road (1985)(Epoch)(JP)(en).png</thumbnail><marquee>~/../thumbs/Epoch - Super Cassette Vision/Named_Logos/Nekketsu Kung Fu Road (1985)(Epoch)(JP)(en).png</marquee></game>
<game><path>./Epoch SCV TOSEC/Pole Position II (1985)(Epoch)(JP)(en).zip</path><name>Pole Position II (1985)(Epoch)(JP)(en)</name><image>~/../thumbs/Epoch - Super Cassette Vision/Named_Snaps/Pole Position II (1985)(Epoch)(JP)(en).png</image><titleshot>~/../thumbs/Epoch - Super Cassette Vision/Named_Titles/Pole Position II (1985)(Epoch)(JP)(en).png</titleshot><thumbnail>~/../thumbs/Epoch - Super Cassette Vision/Named_Boxarts/Pole Position II (1985)(Epoch)(JP)(en).png</thumbnail><marquee>~/../thumbs/Epoch - Super Cassette Vision/Named_Logos/Pole Position II (1985)(Epoch)(JP)(en).png</marquee></game>
<game><path>./Epoch SCV TOSEC/Pole Position II (1985)(Epoch)(JP)(en)[a].zip</path><name>Pole Position II (1985)(Epoch)(JP)(en)[a]</name><image>~/../thumbs/Epoch - Super Cassette Vision/Named_Snaps/Pole Position II (1985)(Epoch)(JP)(en)[a].png</image><titleshot>~/../thumbs/Epoch - Super Cassette Vision/Named_Titles/Pole Position II (1985)(Epoch)(JP)(en)[a].png</titleshot><thumbnail>~/../thumbs/Epoch - Super Cassette Vision/Named_Boxarts/Pole Position II (1985)(Epoch)(JP)(en)[a].png</thumbnail><marquee>~/../thumbs/Epoch - Super Cassette Vision/Named_Logos/Pole Position II (1985)(Epoch)(JP)(en)[a].png</marquee><hidden>true</hidden></game>
<game><path>./Epoch SCV TOSEC/Pop & Chips (1985)(Epoch)(JP)(en).zip</path><name>Pop & Chips (1985)(Epoch)(JP)(en)</name><image>~/../thumbs/Epoch - Super Cassette Vision/Named_Snaps/Pop & Chips (1985)(Epoch)(JP)(en).png</image><titleshot>~/../thumbs/Epoch - Super Cassette Vision/Named_Titles/Pop & Chips (1985)(Epoch)(JP)(en).png</titleshot><thumbnail>~/../thumbs/Epoch - Super Cassette Vision/Named_Boxarts/Pop & Chips (1985)(Epoch)(JP)(en).png</thumbnail><marquee>~/../thumbs/Epoch - Super Cassette Vision/Named_Logos/Pop & Chips (1985)(Epoch)(JP)(en).png</marquee></game>
<game><path>./Epoch SCV TOSEC/Professional Wrestling (1986)(Epoch)(JP)(en).zip</path><name>Professional Wrestling (1986)(Epoch)(JP)(en)</name><image>~/../thumbs/Epoch - Super Cassette Vision/Named_Snaps/Professional Wrestling (1986)(Epoch)(JP)(en).png</image><titleshot>~/../thumbs/Epoch - Super Cassette Vision/Named_Titles/Professional Wrestling (1986)(Epoch)(JP)(en).png</titleshot><thumbnail>~/../thumbs/Epoch - Super Cassette Vision/Named_Boxarts/Professional Wrestling (1986)(Epoch)(JP)(en).png</thumbnail><marquee>~/../thumbs/Epoch - Super Cassette Vision/Named_Logos/Professional Wrestling (1986)(Epoch)(JP)(en).png</marquee></game>
<game><path>./Epoch SCV TOSEC/Punch Boy (1984)(Epoch)(JP)(en).zip</path><name>Punch Boy (1984)(Epoch)(JP)(en)</name><image>~/../thumbs/Epoch - Super Cassette Vision/Named_Snaps/Punch Boy (1984)(Epoch)(JP)(en).png</image><titleshot>~/../thumbs/Epoch - Super Cassette Vision/Named_Titles/Punch Boy (1984)(Epoch)(JP)(en).png</titleshot><thumbnail>~/../thumbs/Epoch - Super Cassette Vision/Named_Boxarts/Punch Boy (1984)(Epoch)(JP)(en).png</thumbnail><marquee>~/../thumbs/Epoch - Super Cassette Vision/Named_Logos/Punch Boy (1984)(Epoch)(JP)(en).png</marquee></game>
<game><path>./Epoch SCV TOSEC/Real Graphic Mahjongg (1984)(Epoch)(JP)(en).zip</path><name>Real Graphic Mahjongg (1984)(Epoch)(JP)(en)</name><image>~/../thumbs/Epoch - Super Cassette Vision/Named_Snaps/Real Graphic Mahjongg (1984)(Epoch)(JP)(en).png</image><titleshot>~/../thumbs/Epoch - Super Cassette Vision/Named_Titles/Real Graphic Mahjongg (1984)(Epoch)(JP)(en).png</titleshot><thumbnail>~/../thumbs/Epoch - Super Cassette Vision/Named_Boxarts/Real Graphic Mahjongg (1984)(Epoch)(JP)(en).png</thumbnail><marquee>~/../thumbs/Epoch - Super Cassette Vision/Named_Logos/Real Graphic Mahjongg (1984)(Epoch)(JP)(en).png</marquee></game>
<game><path>./Epoch SCV TOSEC/Sansupyuta (1985)(Epoch)(JP)(en).zip</path><name>Sansupyuta (1985)(Epoch)(JP)(en)</name><image>~/../thumbs/Epoch - Super Cassette Vision/Named_Snaps/Sansupyuta (1985)(Epoch)(JP)(en).png</image><titleshot>~/../thumbs/Epoch - Super Cassette Vision/Named_Titles/Sansupyuta (1985)(Epoch)(JP)(en).png</titleshot><thumbnail>~/../thumbs/Epoch - Super Cassette Vision/Named_Boxarts/Sansupyuta (1985)(Epoch)(JP)(en).png</thumbnail><marquee>~/../thumbs/Epoch - Super Cassette Vision/Named_Logos/Sansupyuta (1985)(Epoch)(JP)(en).png</marquee></game>
<game><path>./Epoch SCV TOSEC/Shogi Nyuumon (1985)(Epoch)(JP)(en).zip</path><name>Shogi Nyuumon (1985)(Epoch)(JP)(en)</name><image>~/../thumbs/Epoch - Super Cassette Vision/Named_Snaps/Shogi Nyuumon (1985)(Epoch)(JP)(en).png</image><titleshot>~/../thumbs/Epoch - Super Cassette Vision/Named_Titles/Shogi Nyuumon (1985)(Epoch)(JP)(en).png</titleshot><thumbnail>~/../thumbs/Epoch - Super Cassette Vision/Named_Boxarts/Shogi Nyuumon (1985)(Epoch)(JP)(en).png</thumbnail><marquee>~/../thumbs/Epoch - Super Cassette Vision/Named_Logos/Shogi Nyuumon (1985)(Epoch)(JP)(en).png</marquee></game>
<game><path>./Epoch SCV TOSEC/Sky Kid (1986)(Epoch)(JP)(en).zip</path><name>Sky Kid (1986)(Epoch)(JP)(en)</name><image>~/../thumbs/Epoch - Super Cassette Vision/Named_Snaps/Sky Kid (1986)(Epoch)(JP)(en).png</image><titleshot>~/../thumbs/Epoch - Super Cassette Vision/Named_Titles/Sky Kid (1986)(Epoch)(JP)(en).png</titleshot><thumbnail>~/../thumbs/Epoch - Super Cassette Vision/Named_Boxarts/Sky Kid (1986)(Epoch)(JP)(en).png</thumbnail><marquee>~/../thumbs/Epoch - Super Cassette Vision/Named_Logos/Sky Kid (1986)(Epoch)(JP)(en).png</marquee></game>
<game><path>./Epoch SCV TOSEC/Star Speeder (1985)(Epoch)(JP)(en).zip</path><name>Star Speeder (1985)(Epoch)(JP)(en)</name><image>~/../thumbs/Epoch - Super Cassette Vision/Named_Snaps/Star Speeder (1985)(Epoch)(JP)(en).png</image><titleshot>~/../thumbs/Epoch - Super Cassette Vision/Named_Titles/Star Speeder (1985)(Epoch)(JP)(en).png</titleshot><thumbnail>~/../thumbs/Epoch - Super Cassette Vision/Named_Boxarts/Star Speeder (1985)(Epoch)(JP)(en).png</thumbnail><marquee>~/../thumbs/Epoch - Super Cassette Vision/Named_Logos/Star Speeder (1985)(Epoch)(JP)(en).png</marquee></game>
<game><path>./Epoch SCV TOSEC/Super Baseball (1984)(Epoch)(JP)(en).zip</path><name>Super Baseball (1984)(Epoch)(JP)(en)</name><image>~/../thumbs/Epoch - Super Cassette Vision/Named_Snaps/Super Baseball (1984)(Epoch)(JP)(en).png</image><titleshot>~/../thumbs/Epoch - Super Cassette Vision/Named_Titles/Super Baseball (1984)(Epoch)(JP)(en).png</titleshot><thumbnail>~/../thumbs/Epoch - Super Cassette Vision/Named_Boxarts/Super Baseball (1984)(Epoch)(JP)(en).png</thumbnail><marquee>~/../thumbs/Epoch - Super Cassette Vision/Named_Logos/Super Baseball (1984)(Epoch)(JP)(en).png</marquee></game>
<game><path>./Epoch SCV TOSEC/Super Golf (1984)(Epoch)(JP)(en).zip</path><name>Super Golf (1984)(Epoch)(JP)(en)</name><image>~/../thumbs/Epoch - Super Cassette Vision/Named_Snaps/Super Golf (1984)(Epoch)(JP)(en).png</image><titleshot>~/../thumbs/Epoch - Super Cassette Vision/Named_Titles/Super Golf (1984)(Epoch)(JP)(en).png</titleshot><thumbnail>~/../thumbs/Epoch - Super Cassette Vision/Named_Boxarts/Super Golf (1984)(Epoch)(JP)(en).png</thumbnail><marquee>~/../thumbs/Epoch - Super Cassette Vision/Named_Logos/Super Golf (1984)(Epoch)(JP)(en).png</marquee></game>
<game><path>./Epoch SCV TOSEC/Super Soccer (1985)(Epoch)(JP)(en).zip</path><name>Super Soccer (1985)(Epoch)(JP)(en)</name><image>~/../thumbs/Epoch - Super Cassette Vision/Named_Snaps/Super Soccer (1985)(Epoch)(JP)(en).png</image><titleshot>~/../thumbs/Epoch - Super Cassette Vision/Named_Titles/Super Soccer (1985)(Epoch)(JP)(en).png</titleshot><thumbnail>~/../thumbs/Epoch - Super Cassette Vision/Named_Boxarts/Super Soccer (1985)(Epoch)(JP)(en).png</thumbnail><marquee>~/../thumbs/Epoch - Super Cassette Vision/Named_Logos/Super Soccer (1985)(Epoch)(JP)(en).png</marquee></game>
<game><path>./Epoch SCV TOSEC/Super Soccer (1985)(Epoch)(JP)(en)[a].zip</path><name>Super Soccer (1985)(Epoch)(JP)(en)[a]</name><image>~/../thumbs/Epoch - Super Cassette Vision/Named_Snaps/Super Soccer (1985)(Epoch)(JP)(en)[a].png</image><titleshot>~/../thumbs/Epoch - Super Cassette Vision/Named_Titles/Super Soccer (1985)(Epoch)(JP)(en)[a].png</titleshot><thumbnail>~/../thumbs/Epoch - Super Cassette Vision/Named_Boxarts/Super Soccer (1985)(Epoch)(JP)(en)[a].png</thumbnail><marquee>~/../thumbs/Epoch - Super Cassette Vision/Named_Logos/Super Soccer (1985)(Epoch)(JP)(en)[a].png</marquee><hidden>true</hidden></game>
<game><path>./Epoch SCV TOSEC/Ton Ton Ball (1985)(Epoch)(JP)(en).zip</path><name>Ton Ton Ball (1985)(Epoch)(JP)(en)</name><image>~/../thumbs/Epoch - Super Cassette Vision/Named_Snaps/Ton Ton Ball (1985)(Epoch)(JP)(en).png</image><titleshot>~/../thumbs/Epoch - Super Cassette Vision/Named_Titles/Ton Ton Ball (1985)(Epoch)(JP)(en).png</titleshot><thumbnail>~/../thumbs/Epoch - Super Cassette Vision/Named_Boxarts/Ton Ton Ball (1985)(Epoch)(JP)(en).png</thumbnail><marquee>~/../thumbs/Epoch - Super Cassette Vision/Named_Logos/Ton Ton Ball (1985)(Epoch)(JP)(en).png</marquee></game>
<game><path>./Epoch SCV TOSEC/Wheelie Racer (1985)(Epoch)(JP)(en).zip</path><name>Wheelie Racer (1985)(Epoch)(JP)(en)</name><image>~/../thumbs/Epoch - Super Cassette Vision/Named_Snaps/Wheelie Racer (1985)(Epoch)(JP)(en).png</image><titleshot>~/../thumbs/Epoch - Super Cassette Vision/Named_Titles/Wheelie Racer (1985)(Epoch)(JP)(en).png</titleshot><thumbnail>~/../thumbs/Epoch - Super Cassette Vision/Named_Boxarts/Wheelie Racer (1985)(Epoch)(JP)(en).png</thumbnail><marquee>~/../thumbs/Epoch - Super Cassette Vision/Named_Logos/Wheelie Racer (1985)(Epoch)(JP)(en).png</marquee></game>
<game><path>./Epoch SCV TOSEC/Wheelie Racer (1985)(Epoch)(JP)(en)[a].zip</path><name>Wheelie Racer (1985)(Epoch)(JP)(en)[a]</name><image>~/../thumbs/Epoch - Super Cassette Vision/Named_Snaps/Wheelie Racer (1985)(Epoch)(JP)(en)[a].png</image><titleshot>~/../thumbs/Epoch - Super Cassette Vision/Named_Titles/Wheelie Racer (1985)(Epoch)(JP)(en)[a].png</titleshot><thumbnail>~/../thumbs/Epoch - Super Cassette Vision/Named_Boxarts/Wheelie Racer (1985)(Epoch)(JP)(en)[a].png</thumbnail><marquee>~/../thumbs/Epoch - Super Cassette Vision/Named_Logos/Wheelie Racer (1985)(Epoch)(JP)(en)[a].png</marquee><hidden>true</hidden></game>
<game><path>./Epoch SCV TOSEC/Y2 Monster Land (1986)(Epoch)(JP)(en).zip</path><name>Y2 Monster Land (1986)(Epoch)(JP)(en)</name><image>~/../thumbs/Epoch - Super Cassette Vision/Named_Snaps/Y2 Monster Land (1986)(Epoch)(JP)(en).png</image><titleshot>~/../thumbs/Epoch - Super Cassette Vision/Named_Titles/Y2 Monster Land (1986)(Epoch)(JP)(en).png</titleshot><thumbnail>~/../thumbs/Epoch - Super Cassette Vision/Named_Boxarts/Y2 Monster Land (1986)(Epoch)(JP)(en).png</thumbnail><marquee>~/../thumbs/Epoch - Super Cassette Vision/Named_Logos/Y2 Monster Land (1986)(Epoch)(JP)(en).png</marquee></game>
<folder><path>./Epoch SCV NoIntro</path><name>Epoch SCV NoIntro</name><image>~/../thumb/scv.png</image></folder>
<folder><path>./Epoch SCV TOSEC</path><name>Epoch SCV TOSEC</name><image>~/../thumb/scv.png</image></folder>
</gameList>
