<gameList>
<game><path>./Epoch SCV NoIntro/Astro Wars - Invaders from Space (Japan, France) (En).zip</path><name>Astro Wars - Invaders from Space (Japan, France) (En)</name><image>~/../thumbs/Epoch - Super Cassette Vision/Named_Snaps/Astro Wars - Invaders from Space (Japan, France).png</image></game>
<game><path>./Epoch SCV NoIntro/Astro Wars II - Battle in Galaxy (Japan) (En).zip</path><name>Astro Wars II - Battle in Galaxy (Japan) (En)</name><image>~/../thumbs/Epoch - Super Cassette Vision/Named_Snaps/Astro Wars II - Battle in Galaxy (Japan).png</image></game>
<game><path>./Epoch SCV NoIntro/Basic Nyuumon (Japan) (En).zip</path><name>Basic Nyuumon (Japan) (En)</name><image>~/../thumbs/Epoch - Super Cassette Vision/Named_Snaps/Basic Nyuumon (Japan).png</image></game>
<game><path>./Epoch SCV NoIntro/Boulder Dash (France) (En).zip</path><name>Boulder Dash (France) (En)</name><image>~/../thumbs/Epoch - Super Cassette Vision/Named_Snaps/Boulder Dash (France).png</image></game>
<game><path>./Epoch SCV NoIntro/Boulder Dash (Japan) (En).zip</path><name>Boulder Dash (Japan) (En)</name><image>~/../thumbs/Epoch - Super Cassette Vision/Named_Snaps/Boulder Dash (Japan).png</image></game>
<game><path>./Epoch SCV NoIntro/Comic Circus (Japan) (En).zip</path><name>Comic Circus (Japan) (En)</name><image>~/../thumbs/Epoch - Super Cassette Vision/Named_Snaps/Comic Circus (Japan).png</image></game>
<game><path>./Epoch SCV NoIntro/Doraemon (Japan) (En).zip</path><name>Doraemon (Japan) (En)</name><image>~/../thumbs/Epoch - Super Cassette Vision/Named_Snaps/Doraemon (Japan).png</image></game>
<game><path>./Epoch SCV NoIntro/Dragon Ball - Dragon Dai Hikyou (Japan) (En).zip</path><name>Dragon Ball - Dragon Dai Hikyou (Japan) (En)</name><image>~/../thumbs/Epoch - Super Cassette Vision/Named_Snaps/Dragon Ball - Dragon Dai Hikyou (Japan).png</image></game>
<game><path>./Epoch SCV NoIntro/Dragon Slayer (Japan) (En).zip</path><name>Dragon Slayer (Japan) (En)</name><image>~/../thumbs/Epoch - Super Cassette Vision/Named_Snaps/Dragon Slayer (Japan).png</image></game>
<game><path>./Epoch SCV NoIntro/Elevator Fight (Japan) (En).zip</path><name>Elevator Fight (Japan) (En)</name><image>~/../thumbs/Epoch - Super Cassette Vision/Named_Snaps/Elevator Fight (Japan).png</image></game>
<game><path>./Epoch SCV NoIntro/Kung Fu Road (Japan) (En).zip</path><name>Kung Fu Road (Japan) (En)</name><image>~/../thumbs/Epoch - Super Cassette Vision/Named_Snaps/Kung Fu Road (Japan).png</image></game>
<game><path>./Epoch SCV NoIntro/Lupin Sansei (Japan) (En).zip</path><name>Lupin Sansei (Japan) (En)</name><image>~/../thumbs/Epoch - Super Cassette Vision/Named_Snaps/Lupin Sansei (Japan).png</image></game>
<game><path>./Epoch SCV NoIntro/Mappy (Japan) (En).zip</path><name>Mappy (Japan) (En)</name><image>~/../thumbs/Epoch - Super Cassette Vision/Named_Snaps/Mappy (Japan).png</image></game>
<game><path>./Epoch SCV NoIntro/Milky Princess (Japan) (En).zip</path><name>Milky Princess (Japan) (En)</name><image>~/../thumbs/Epoch - Super Cassette Vision/Named_Snaps/Milky Princess (Japan).png</image></game>
<game><path>./Epoch SCV NoIntro/Miner 2049er (Japan) (En).zip</path><name>Miner 2049er (Japan) (En)</name><image>~/../thumbs/Epoch - Super Cassette Vision/Named_Snaps/Miner 2049er (Japan).png</image></game>
<game><path>./Epoch SCV NoIntro/Nebula (Japan) (En) (Alt).zip</path><name>Nebula (Japan) (En) (Alt)</name><image>~/../thumbs/Epoch - Super Cassette Vision/Named_Snaps/Nebula (Japan).png</image></game>
<game><path>./Epoch SCV NoIntro/Nebula (Japan) (En).zip</path><name>Nebula (Japan) (En)</name><image>~/../thumbs/Epoch - Super Cassette Vision/Named_Snaps/Nebula (Japan).png</image></game>
<game><path>./Epoch SCV NoIntro/Pole Position II (Japan) (En).zip</path><name>Pole Position II (Japan) (En)</name><image>~/../thumbs/Epoch - Super Cassette Vision/Named_Snaps/Pole Position II (Japan).png</image></game>
<game><path>./Epoch SCV NoIntro/Pop & Chips (Japan) (En).zip</path><name>Pop & Chips (Japan) (En)</name><image>~/../thumbs/Epoch - Super Cassette Vision/Named_Snaps/Pop & Chips (Japan).png</image></game>
<game><path>./Epoch SCV NoIntro/Professional Wrestling (Japan) (En).zip</path><name>Professional Wrestling (Japan) (En)</name><image>~/../thumbs/Epoch - Super Cassette Vision/Named_Snaps/Professional Wrestling (Japan).png</image></game>
<game><path>./Epoch SCV NoIntro/Punch Boy (Japan) (En).zip</path><name>Punch Boy (Japan) (En)</name><image>~/../thumbs/Epoch - Super Cassette Vision/Named_Snaps/Punch Boy (Japan).png</image></game>
<game><path>./Epoch SCV NoIntro/Real Graphic Mahjongg (Japan).zip</path><name>Real Graphic Mahjongg (Japan)</name><image>~/../thumbs/Epoch - Super Cassette Vision/Named_Snaps/Real Graphic Mahjongg (Japan).png</image></game>
<game><path>./Epoch SCV NoIntro/Sansupyuta (Japan) (En).zip</path><name>Sansupyuta (Japan) (En)</name><image>~/../thumbs/Epoch - Super Cassette Vision/Named_Snaps/Sansupyuta (Japan).png</image></game>
<game><path>./Epoch SCV NoIntro/Shougi Nyuumon (Japan).zip</path><name>Shougi Nyuumon (Japan)</name><image>~/../thumbs/Epoch - Super Cassette Vision/Named_Snaps/Shougi Nyuumon (Japan).png</image></game>
<game><path>./Epoch SCV NoIntro/Sky Kid (Japan) (En).zip</path><name>Sky Kid (Japan) (En)</name><image>~/../thumbs/Epoch - Super Cassette Vision/Named_Snaps/Sky Kid (Japan).png</image></game>
<game><path>./Epoch SCV NoIntro/Star Speeder (Japan) (En).zip</path><name>Star Speeder (Japan) (En)</name><image>~/../thumbs/Epoch - Super Cassette Vision/Named_Snaps/Star Speeder (Japan).png</image></game>
<game><path>./Epoch SCV NoIntro/Super Baseball (Japan) (En).zip</path><name>Super Baseball (Japan) (En)</name><image>~/../thumbs/Epoch - Super Cassette Vision/Named_Snaps/Super Baseball (Japan).png</image></game>
<game><path>./Epoch SCV NoIntro/Super Golf (Japan) (En).zip</path><name>Super Golf (Japan) (En)</name><image>~/../thumbs/Epoch - Super Cassette Vision/Named_Snaps/Super Golf (Japan).png</image></game>
<game><path>./Epoch SCV NoIntro/Super Soccer (France) (En).zip</path><name>Super Soccer (France) (En)</name><image>~/../thumbs/Epoch - Super Cassette Vision/Named_Snaps/Super Soccer (France).png</image></game>
<game><path>./Epoch SCV NoIntro/Super Soccer (Japan) (En).zip</path><name>Super Soccer (Japan) (En)</name><image>~/../thumbs/Epoch - Super Cassette Vision/Named_Snaps/Super Soccer (Japan).png</image></game>
<game><path>./Epoch SCV NoIntro/Ton Ton Ball (Japan) (En).zip</path><name>Ton Ton Ball (Japan) (En)</name><image>~/../thumbs/Epoch - Super Cassette Vision/Named_Snaps/Ton Ton Ball (Japan).png</image></game>
<game><path>./Epoch SCV NoIntro/Wai Wai Monster Land (Japan) (En).zip</path><name>Wai Wai Monster Land (Japan) (En)</name><image>~/../thumbs/Epoch - Super Cassette Vision/Named_Snaps/Wai Wai Monster Land (Japan).png</image></game>
<game><path>./Epoch SCV NoIntro/Wheelie Racer (Japan, France) (En).zip</path><name>Wheelie Racer (Japan, France) (En)</name><image>~/../thumbs/Epoch - Super Cassette Vision/Named_Snaps/Wheelie Racer (Japan, France).png</image></game>
<game><path>./Epoch SCV NoIntro/[BIOS] Super Cassette Vision (Japan, France) (En).zip</path><name>[BIOS] Super Cassette Vision (Japan, France) (En)</name><image>~/../thumbs/Epoch - Super Cassette Vision/Named_Snaps/[BIOS] Super Cassette Vision (Japan, France).png</image></game>
<folder><path>./Epoch SCV NoIntro</path><name>Epoch SCV NoIntro</name><image>~/../thumb/scv.png</image></folder>
<game><path>./Epoch SCV TOSEC/Astro Wars - Invaders from Space (1984)(Epoch)(JP)(en).zip</path><name>Astro Wars - Invaders from Space (1984)(Epoch)(JP)(en)</name><image>~/../thumbs/Epoch - Super Cassette Vision/Named_Snaps/Astro Wars - Invaders from Space (1984).png</image></game>
<game><path>./Epoch SCV TOSEC/Astro Wars 2 - Battle in Galaxy (1984)(Epoch)(JP)(en).zip</path><name>Astro Wars 2 - Battle in Galaxy (1984)(Epoch)(JP)(en)</name><image>~/../thumbs/Epoch - Super Cassette Vision/Named_Snaps/Astro Wars 2 - Battle in Galaxy (1984).png</image></game>
<game><path>./Epoch SCV TOSEC/BASIC Nyuumon (1985)(Epoch)(JP)(en).zip</path><name>BASIC Nyuumon (1985)(Epoch)(JP)(en)</name><image>~/../thumbs/Epoch - Super Cassette Vision/Named_Snaps/BASIC Nyuumon (1985).png</image></game>
<game><path>./Epoch SCV TOSEC/Boulder Dash (1985)(Epoch)(FR)(en).zip</path><name>Boulder Dash (1985)(Epoch)(FR)(en)</name><image>~/../thumbs/Epoch - Super Cassette Vision/Named_Snaps/Boulder Dash (1985).png</image></game>
<game><path>./Epoch SCV TOSEC/Boulder Dash (1985)(Epoch)(JP)(en).zip</path><name>Boulder Dash (1985)(Epoch)(JP)(en)</name><image>~/../thumbs/Epoch - Super Cassette Vision/Named_Snaps/Boulder Dash (1985).png</image></game>
<game><path>./Epoch SCV TOSEC/Comic Circus (1985)(Epoch)(JP)(en).zip</path><name>Comic Circus (1985)(Epoch)(JP)(en)</name><image>~/../thumbs/Epoch - Super Cassette Vision/Named_Snaps/Comic Circus (1985).png</image></game>
<game><path>./Epoch SCV TOSEC/Doraemon (1985)(Epoch)(JP)(en).zip</path><name>Doraemon (1985)(Epoch)(JP)(en)</name><image>~/../thumbs/Epoch - Super Cassette Vision/Named_Snaps/Doraemon (1985).png</image></game>
<game><path>./Epoch SCV TOSEC/Dragon Ball - Dragon Dai Hikyou (1986)(Epoch)(JP)(en).zip</path><name>Dragon Ball - Dragon Dai Hikyou (1986)(Epoch)(JP)(en)</name><image>~/../thumbs/Epoch - Super Cassette Vision/Named_Snaps/Dragon Ball - Dragon Dai Hikyou (1986).png</image></game>
<game><path>./Epoch SCV TOSEC/Dragon Slayer (1986)(Epoch)(JP)(en).zip</path><name>Dragon Slayer (1986)(Epoch)(JP)(en)</name><image>~/../thumbs/Epoch - Super Cassette Vision/Named_Snaps/Dragon Slayer (1986).png</image></game>
<game><path>./Epoch SCV TOSEC/Elevator Fight (1984)(Epoch)(JP)(en).zip</path><name>Elevator Fight (1984)(Epoch)(JP)(en)</name><image>~/../thumbs/Epoch - Super Cassette Vision/Named_Snaps/Elevator Fight (1984).png</image></game>
<game><path>./Epoch SCV TOSEC/Lupin III (1984)(Epoch)(JP)(en).zip</path><name>Lupin III (1984)(Epoch)(JP)(en)</name><image>~/../thumbs/Epoch - Super Cassette Vision/Named_Snaps/Lupin III (1984).png</image></game>
<game><path>./Epoch SCV TOSEC/Mappy (1986)(Epoch)(JP)(en).zip</path><name>Mappy (1986)(Epoch)(JP)(en)</name><image>~/../thumbs/Epoch - Super Cassette Vision/Named_Snaps/Mappy (1986).png</image></game>
<game><path>./Epoch SCV TOSEC/Mazy (2021-12-10)(Inufuto)(JP).zip</path><name>Mazy (2021-12-10)(Inufuto)(JP)</name><image>~/../thumbs/Epoch - Super Cassette Vision/Named_Snaps/Mazy (2021-12-10).png</image></game>
<game><path>./Epoch SCV TOSEC/Milky Princess (1985)(Epoch)(JP).zip</path><name>Milky Princess (1985)(Epoch)(JP)</name><image>~/../thumbs/Epoch - Super Cassette Vision/Named_Snaps/Milky Princess (1985).png</image></game>
<game><path>./Epoch SCV TOSEC/Miner 2049er (1985)(Epoch)(JP)(en).zip</path><name>Miner 2049er (1985)(Epoch)(JP)(en)</name><image>~/../thumbs/Epoch - Super Cassette Vision/Named_Snaps/Miner 2049er (1985).png</image></game>
<game><path>./Epoch SCV TOSEC/Nebula (1984)(Epoch)(JP)(en).zip</path><name>Nebula (1984)(Epoch)(JP)(en)</name><image>~/../thumbs/Epoch - Super Cassette Vision/Named_Snaps/Nebula (1984).png</image></game>
<game><path>./Epoch SCV TOSEC/Nebula (1984)(Epoch)(JP)(en)[a].zip</path><name>Nebula (1984)(Epoch)(JP)(en)[a]</name><image>~/../thumbs/Epoch - Super Cassette Vision/Named_Snaps/Nebula (1984).png</image></game>
<game><path>./Epoch SCV TOSEC/Nekketsu Kung Fu Road (1985)(Epoch)(JP)(en).zip</path><name>Nekketsu Kung Fu Road (1985)(Epoch)(JP)(en)</name><image>~/../thumbs/Epoch - Super Cassette Vision/Named_Snaps/Nekketsu Kung Fu Road (1985).png</image></game>
<game><path>./Epoch SCV TOSEC/Pole Position II (1985)(Epoch)(JP)(en).zip</path><name>Pole Position II (1985)(Epoch)(JP)(en)</name><image>~/../thumbs/Epoch - Super Cassette Vision/Named_Snaps/Pole Position II (1985).png</image></game>
<game><path>./Epoch SCV TOSEC/Pole Position II (1985)(Epoch)(JP)(en)[a].zip</path><name>Pole Position II (1985)(Epoch)(JP)(en)[a]</name><image>~/../thumbs/Epoch - Super Cassette Vision/Named_Snaps/Pole Position II (1985).png</image></game>
<game><path>./Epoch SCV TOSEC/Pop & Chips (1985)(Epoch)(JP)(en).zip</path><name>Pop & Chips (1985)(Epoch)(JP)(en)</name><image>~/../thumbs/Epoch - Super Cassette Vision/Named_Snaps/Pop & Chips (1985).png</image></game>
<game><path>./Epoch SCV TOSEC/Professional Wrestling (1986)(Epoch)(JP)(en).zip</path><name>Professional Wrestling (1986)(Epoch)(JP)(en)</name><image>~/../thumbs/Epoch - Super Cassette Vision/Named_Snaps/Professional Wrestling (1986).png</image></game>
<game><path>./Epoch SCV TOSEC/Punch Boy (1984)(Epoch)(JP)(en).zip</path><name>Punch Boy (1984)(Epoch)(JP)(en)</name><image>~/../thumbs/Epoch - Super Cassette Vision/Named_Snaps/Punch Boy (1984).png</image></game>
<game><path>./Epoch SCV TOSEC/Real Graphic Mahjongg (1984)(Epoch)(JP)(en).zip</path><name>Real Graphic Mahjongg (1984)(Epoch)(JP)(en)</name><image>~/../thumbs/Epoch - Super Cassette Vision/Named_Snaps/Real Graphic Mahjongg (1984).png</image></game>
<game><path>./Epoch SCV TOSEC/Sansupyuta (1985)(Epoch)(JP)(en).zip</path><name>Sansupyuta (1985)(Epoch)(JP)(en)</name><image>~/../thumbs/Epoch - Super Cassette Vision/Named_Snaps/Sansupyuta (1985).png</image></game>
<game><path>./Epoch SCV TOSEC/Shogi Nyuumon (1985)(Epoch)(JP)(en).zip</path><name>Shogi Nyuumon (1985)(Epoch)(JP)(en)</name><image>~/../thumbs/Epoch - Super Cassette Vision/Named_Snaps/Shogi Nyuumon (1985).png</image></game>
<game><path>./Epoch SCV TOSEC/Sky Kid (1986)(Epoch)(JP)(en).zip</path><name>Sky Kid (1986)(Epoch)(JP)(en)</name><image>~/../thumbs/Epoch - Super Cassette Vision/Named_Snaps/Sky Kid (1986).png</image></game>
<game><path>./Epoch SCV TOSEC/Star Speeder (1985)(Epoch)(JP)(en).zip</path><name>Star Speeder (1985)(Epoch)(JP)(en)</name><image>~/../thumbs/Epoch - Super Cassette Vision/Named_Snaps/Star Speeder (1985).png</image></game>
<game><path>./Epoch SCV TOSEC/Super Baseball (1984)(Epoch)(JP)(en).zip</path><name>Super Baseball (1984)(Epoch)(JP)(en)</name><image>~/../thumbs/Epoch - Super Cassette Vision/Named_Snaps/Super Baseball (1984).png</image></game>
<game><path>./Epoch SCV TOSEC/Super Golf (1984)(Epoch)(JP)(en).zip</path><name>Super Golf (1984)(Epoch)(JP)(en)</name><image>~/../thumbs/Epoch - Super Cassette Vision/Named_Snaps/Super Golf (1984).png</image></game>
<game><path>./Epoch SCV TOSEC/Super Soccer (1985)(Epoch)(JP)(en).zip</path><name>Super Soccer (1985)(Epoch)(JP)(en)</name><image>~/../thumbs/Epoch - Super Cassette Vision/Named_Snaps/Super Soccer (1985).png</image></game>
<game><path>./Epoch SCV TOSEC/Super Soccer (1985)(Epoch)(JP)(en)[a].zip</path><name>Super Soccer (1985)(Epoch)(JP)(en)[a]</name><image>~/../thumbs/Epoch - Super Cassette Vision/Named_Snaps/Super Soccer (1985).png</image></game>
<game><path>./Epoch SCV TOSEC/Ton Ton Ball (1985)(Epoch)(JP)(en).zip</path><name>Ton Ton Ball (1985)(Epoch)(JP)(en)</name><image>~/../thumbs/Epoch - Super Cassette Vision/Named_Snaps/Ton Ton Ball (1985).png</image></game>
<game><path>./Epoch SCV TOSEC/Wheelie Racer (1985)(Epoch)(JP)(en).zip</path><name>Wheelie Racer (1985)(Epoch)(JP)(en)</name><image>~/../thumbs/Epoch - Super Cassette Vision/Named_Snaps/Wheelie Racer (1985).png</image></game>
<game><path>./Epoch SCV TOSEC/Wheelie Racer (1985)(Epoch)(JP)(en)[a].zip</path><name>Wheelie Racer (1985)(Epoch)(JP)(en)[a]</name><image>~/../thumbs/Epoch - Super Cassette Vision/Named_Snaps/Wheelie Racer (1985).png</image></game>
<game><path>./Epoch SCV TOSEC/Y2 Monster Land (1986)(Epoch)(JP)(en).zip</path><name>Y2 Monster Land (1986)(Epoch)(JP)(en)</name><image>~/../thumbs/Epoch - Super Cassette Vision/Named_Snaps/Y2 Monster Land (1986).png</image></game>
<folder><path>./Epoch SCV TOSEC</path><name>Epoch SCV TOSEC</name><image>~/../thumb/scv.png</image></folder>
<game><path>./Epoch SCV Merged/astrwrs.zip</path><name>astrwrs</name><image>~/../thumbs/Epoch - Super Cassette Vision/Named_Snaps/astrwrs.png</image></game>
<game><path>./Epoch SCV Merged/astrwrs2.zip</path><name>astrwrs2</name><image>~/../thumbs/Epoch - Super Cassette Vision/Named_Snaps/astrwrs2.png</image></game>
<game><path>./Epoch SCV Merged/baseball.zip</path><name>baseball</name><image>~/../thumbs/Epoch - Super Cassette Vision/Named_Snaps/baseball.png</image></game>
<game><path>./Epoch SCV Merged/basic.zip</path><name>basic</name><image>~/../thumbs/Epoch - Super Cassette Vision/Named_Snaps/basic.png</image></game>
<game><path>./Epoch SCV Merged/bdash.zip</path><name>bdash</name><image>~/../thumbs/Epoch - Super Cassette Vision/Named_Snaps/bdash.png</image></game>
<game><path>./Epoch SCV Merged/comicirc.zip</path><name>comicirc</name><image>~/../thumbs/Epoch - Super Cassette Vision/Named_Snaps/comicirc.png</image></game>
<game><path>./Epoch SCV Merged/dball.zip</path><name>dball</name><image>~/../thumbs/Epoch - Super Cassette Vision/Named_Snaps/dball.png</image></game>
<game><path>./Epoch SCV Merged/doraemon.zip</path><name>doraemon</name><image>~/../thumbs/Epoch - Super Cassette Vision/Named_Snaps/doraemon.png</image></game>
<game><path>./Epoch SCV Merged/dslayer.zip</path><name>dslayer</name><image>~/../thumbs/Epoch - Super Cassette Vision/Named_Snaps/dslayer.png</image></game>
<game><path>./Epoch SCV Merged/elevfght.zip</path><name>elevfght</name><image>~/../thumbs/Epoch - Super Cassette Vision/Named_Snaps/elevfght.png</image></game>
<game><path>./Epoch SCV Merged/kungfurd.zip</path><name>kungfurd</name><image>~/../thumbs/Epoch - Super Cassette Vision/Named_Snaps/kungfurd.png</image></game>
<game><path>./Epoch SCV Merged/lupin3.zip</path><name>lupin3</name><image>~/../thumbs/Epoch - Super Cassette Vision/Named_Snaps/lupin3.png</image></game>
<game><path>./Epoch SCV Merged/mappy.zip</path><name>mappy</name><image>~/../thumbs/Epoch - Super Cassette Vision/Named_Snaps/mappy.png</image></game>
<game><path>./Epoch SCV Merged/milkyprn.zip</path><name>milkyprn</name><image>~/../thumbs/Epoch - Super Cassette Vision/Named_Snaps/milkyprn.png</image></game>
<game><path>./Epoch SCV Merged/mine2049.zip</path><name>mine2049</name><image>~/../thumbs/Epoch - Super Cassette Vision/Named_Snaps/mine2049.png</image></game>
<game><path>./Epoch SCV Merged/nebula.zip</path><name>nebula</name><image>~/../thumbs/Epoch - Super Cassette Vision/Named_Snaps/nebula.png</image></game>
<game><path>./Epoch SCV Merged/polepos2.zip</path><name>polepos2</name><image>~/../thumbs/Epoch - Super Cassette Vision/Named_Snaps/polepos2.png</image></game>
<game><path>./Epoch SCV Merged/popchips.zip</path><name>popchips</name><image>~/../thumbs/Epoch - Super Cassette Vision/Named_Snaps/popchips.png</image></game>
<game><path>./Epoch SCV Merged/prowrest.zip</path><name>prowrest</name><image>~/../thumbs/Epoch - Super Cassette Vision/Named_Snaps/prowrest.png</image></game>
<game><path>./Epoch SCV Merged/punchboy.zip</path><name>punchboy</name><image>~/../thumbs/Epoch - Super Cassette Vision/Named_Snaps/punchboy.png</image></game>
<game><path>./Epoch SCV Merged/rgmahjon.zip</path><name>rgmahjon</name><image>~/../thumbs/Epoch - Super Cassette Vision/Named_Snaps/rgmahjon.png</image></game>
<game><path>./Epoch SCV Merged/sansupyu.zip</path><name>sansupyu</name><image>~/../thumbs/Epoch - Super Cassette Vision/Named_Snaps/sansupyu.png</image></game>
<game><path>./Epoch SCV Merged/shogi.zip</path><name>shogi</name><image>~/../thumbs/Epoch - Super Cassette Vision/Named_Snaps/shogi.png</image></game>
<game><path>./Epoch SCV Merged/skykid.zip</path><name>skykid</name><image>~/../thumbs/Epoch - Super Cassette Vision/Named_Snaps/skykid.png</image></game>
<game><path>./Epoch SCV Merged/soccer.zip</path><name>soccer</name><image>~/../thumbs/Epoch - Super Cassette Vision/Named_Snaps/soccer.png</image></game>
<game><path>./Epoch SCV Merged/starspdr.zip</path><name>starspdr</name><image>~/../thumbs/Epoch - Super Cassette Vision/Named_Snaps/starspdr.png</image></game>
<game><path>./Epoch SCV Merged/suprgolf.zip</path><name>suprgolf</name><image>~/../thumbs/Epoch - Super Cassette Vision/Named_Snaps/suprgolf.png</image></game>
<game><path>./Epoch SCV Merged/ttball.zip</path><name>ttball</name><image>~/../thumbs/Epoch - Super Cassette Vision/Named_Snaps/ttball.png</image></game>
<game><path>./Epoch SCV Merged/wheelrcr.zip</path><name>wheelrcr</name><image>~/../thumbs/Epoch - Super Cassette Vision/Named_Snaps/wheelrcr.png</image></game>
<game><path>./Epoch SCV Merged/y2mnstld.zip</path><name>y2mnstld</name><image>~/../thumbs/Epoch - Super Cassette Vision/Named_Snaps/y2mnstld.png</image></game>
<folder><path>./Epoch SCV Merged</path><name>Epoch SCV Merged</name><image>~/../thumb/scv.png</image></folder>
<game><path>./Epoch SCV Split/astrwrs.zip</path><name>astrwrs</name><image>~/../thumbs/Epoch - Super Cassette Vision/Named_Snaps/astrwrs.png</image></game>
<game><path>./Epoch SCV Split/astrwrs2.zip</path><name>astrwrs2</name><image>~/../thumbs/Epoch - Super Cassette Vision/Named_Snaps/astrwrs2.png</image></game>
<game><path>./Epoch SCV Split/baseball.zip</path><name>baseball</name><image>~/../thumbs/Epoch - Super Cassette Vision/Named_Snaps/baseball.png</image></game>
<game><path>./Epoch SCV Split/basic.zip</path><name>basic</name><image>~/../thumbs/Epoch - Super Cassette Vision/Named_Snaps/basic.png</image></game>
<game><path>./Epoch SCV Split/bdash.zip</path><name>bdash</name><image>~/../thumbs/Epoch - Super Cassette Vision/Named_Snaps/bdash.png</image></game>
<game><path>./Epoch SCV Split/comicirc.zip</path><name>comicirc</name><image>~/../thumbs/Epoch - Super Cassette Vision/Named_Snaps/comicirc.png</image></game>
<game><path>./Epoch SCV Split/dball.zip</path><name>dball</name><image>~/../thumbs/Epoch - Super Cassette Vision/Named_Snaps/dball.png</image></game>
<game><path>./Epoch SCV Split/doraemon.zip</path><name>doraemon</name><image>~/../thumbs/Epoch - Super Cassette Vision/Named_Snaps/doraemon.png</image></game>
<game><path>./Epoch SCV Split/dslayer.zip</path><name>dslayer</name><image>~/../thumbs/Epoch - Super Cassette Vision/Named_Snaps/dslayer.png</image></game>
<game><path>./Epoch SCV Split/elevfght.zip</path><name>elevfght</name><image>~/../thumbs/Epoch - Super Cassette Vision/Named_Snaps/elevfght.png</image></game>
<game><path>./Epoch SCV Split/kungfurd.zip</path><name>kungfurd</name><image>~/../thumbs/Epoch - Super Cassette Vision/Named_Snaps/kungfurd.png</image></game>
<game><path>./Epoch SCV Split/lupin3.zip</path><name>lupin3</name><image>~/../thumbs/Epoch - Super Cassette Vision/Named_Snaps/lupin3.png</image></game>
<game><path>./Epoch SCV Split/mappy.zip</path><name>mappy</name><image>~/../thumbs/Epoch - Super Cassette Vision/Named_Snaps/mappy.png</image></game>
<game><path>./Epoch SCV Split/milkyprn.zip</path><name>milkyprn</name><image>~/../thumbs/Epoch - Super Cassette Vision/Named_Snaps/milkyprn.png</image></game>
<game><path>./Epoch SCV Split/mine2049.zip</path><name>mine2049</name><image>~/../thumbs/Epoch - Super Cassette Vision/Named_Snaps/mine2049.png</image></game>
<game><path>./Epoch SCV Split/nebula.zip</path><name>nebula</name><image>~/../thumbs/Epoch - Super Cassette Vision/Named_Snaps/nebula.png</image></game>
<game><path>./Epoch SCV Split/nebulaa.zip</path><name>nebulaa</name><image>~/../thumbs/Epoch - Super Cassette Vision/Named_Snaps/nebulaa.png</image></game>
<game><path>./Epoch SCV Split/polepos2.zip</path><name>polepos2</name><image>~/../thumbs/Epoch - Super Cassette Vision/Named_Snaps/polepos2.png</image></game>
<game><path>./Epoch SCV Split/popchips.zip</path><name>popchips</name><image>~/../thumbs/Epoch - Super Cassette Vision/Named_Snaps/popchips.png</image></game>
<game><path>./Epoch SCV Split/prowrest.zip</path><name>prowrest</name><image>~/../thumbs/Epoch - Super Cassette Vision/Named_Snaps/prowrest.png</image></game>
<game><path>./Epoch SCV Split/punchboy.zip</path><name>punchboy</name><image>~/../thumbs/Epoch - Super Cassette Vision/Named_Snaps/punchboy.png</image></game>
<game><path>./Epoch SCV Split/rgmahjon.zip</path><name>rgmahjon</name><image>~/../thumbs/Epoch - Super Cassette Vision/Named_Snaps/rgmahjon.png</image></game>
<game><path>./Epoch SCV Split/sansupyu.zip</path><name>sansupyu</name><image>~/../thumbs/Epoch - Super Cassette Vision/Named_Snaps/sansupyu.png</image></game>
<game><path>./Epoch SCV Split/shogi.zip</path><name>shogi</name><image>~/../thumbs/Epoch - Super Cassette Vision/Named_Snaps/shogi.png</image></game>
<game><path>./Epoch SCV Split/skykid.zip</path><name>skykid</name><image>~/../thumbs/Epoch - Super Cassette Vision/Named_Snaps/skykid.png</image></game>
<game><path>./Epoch SCV Split/soccer.zip</path><name>soccer</name><image>~/../thumbs/Epoch - Super Cassette Vision/Named_Snaps/soccer.png</image></game>
<game><path>./Epoch SCV Split/soccera.zip</path><name>soccera</name><image>~/../thumbs/Epoch - Super Cassette Vision/Named_Snaps/soccera.png</image></game>
<game><path>./Epoch SCV Split/starspdr.zip</path><name>starspdr</name><image>~/../thumbs/Epoch - Super Cassette Vision/Named_Snaps/starspdr.png</image></game>
<game><path>./Epoch SCV Split/suprgolf.zip</path><name>suprgolf</name><image>~/../thumbs/Epoch - Super Cassette Vision/Named_Snaps/suprgolf.png</image></game>
<game><path>./Epoch SCV Split/ttball.zip</path><name>ttball</name><image>~/../thumbs/Epoch - Super Cassette Vision/Named_Snaps/ttball.png</image></game>
<game><path>./Epoch SCV Split/wheelrcr.zip</path><name>wheelrcr</name><image>~/../thumbs/Epoch - Super Cassette Vision/Named_Snaps/wheelrcr.png</image></game>
<game><path>./Epoch SCV Split/y2mnstld.zip</path><name>y2mnstld</name><image>~/../thumbs/Epoch - Super Cassette Vision/Named_Snaps/y2mnstld.png</image></game>
<folder><path>./Epoch SCV Split</path><name>Epoch SCV Split</name><image>~/../thumb/scv.png</image></folder>
</gameList>
