<gameList>
<game><path>./APF MP-1000 NoIntro/APF Basic (USA).zip</path><name>APF Basic (USA)</name><image>~/../thumbs/APF - MP-1000/Named_Snaps/APF Basic (USA).png</image><titleshot>~/../thumbs/APF - MP-1000/Named_Titles/APF Basic (USA).png</titleshot><thumbnail>~/../thumbs/APF - MP-1000/Named_Boxarts/APF Basic (USA).png</thumbnail><marquee>~/../thumbs/APF - MP-1000/Named_Logos/APF Basic (USA).png</marquee></game>
<game><path>./APF MP-1000 NoIntro/Backgammon (USA).zip</path><name>Backgammon (USA)</name><image>~/../thumbs/APF - MP-1000/Named_Snaps/Backgammon (USA).png</image><titleshot>~/../thumbs/APF - MP-1000/Named_Titles/Backgammon (USA).png</titleshot><thumbnail>~/../thumbs/APF - MP-1000/Named_Boxarts/Backgammon (USA).png</thumbnail><marquee>~/../thumbs/APF - MP-1000/Named_Logos/Backgammon (USA).png</marquee></game>
<game><path>./APF MP-1000 NoIntro/Baseball (USA).zip</path><name>Baseball (USA)</name><image>~/../thumbs/APF - MP-1000/Named_Snaps/Baseball (USA).png</image><titleshot>~/../thumbs/APF - MP-1000/Named_Titles/Baseball (USA).png</titleshot><thumbnail>~/../thumbs/APF - MP-1000/Named_Boxarts/Baseball (USA).png</thumbnail><marquee>~/../thumbs/APF - MP-1000/Named_Logos/Baseball (USA).png</marquee></game>
<game><path>./APF MP-1000 NoIntro/Blackjack (USA).zip</path><name>Blackjack (USA)</name><image>~/../thumbs/APF - MP-1000/Named_Snaps/Blackjack (USA).png</image><titleshot>~/../thumbs/APF - MP-1000/Named_Titles/Blackjack (USA).png</titleshot><thumbnail>~/../thumbs/APF - MP-1000/Named_Boxarts/Blackjack (USA).png</thumbnail><marquee>~/../thumbs/APF - MP-1000/Named_Logos/Blackjack (USA).png</marquee></game>
<game><path>./APF MP-1000 NoIntro/Bowling ~ Micro Match (USA).zip</path><name>Bowling ~ Micro Match (USA)</name><image>~/../thumbs/APF - MP-1000/Named_Snaps/Bowling ~ Micro Match (USA).png</image><titleshot>~/../thumbs/APF - MP-1000/Named_Titles/Bowling ~ Micro Match (USA).png</titleshot><thumbnail>~/../thumbs/APF - MP-1000/Named_Boxarts/Bowling ~ Micro Match (USA).png</thumbnail><marquee>~/../thumbs/APF - MP-1000/Named_Logos/Bowling ~ Micro Match (USA).png</marquee></game>
<game><path>./APF MP-1000 NoIntro/Boxing (USA).zip</path><name>Boxing (USA)</name><image>~/../thumbs/APF - MP-1000/Named_Snaps/Boxing (USA).png</image><titleshot>~/../thumbs/APF - MP-1000/Named_Titles/Boxing (USA).png</titleshot><thumbnail>~/../thumbs/APF - MP-1000/Named_Boxarts/Boxing (USA).png</thumbnail><marquee>~/../thumbs/APF - MP-1000/Named_Logos/Boxing (USA).png</marquee></game>
<game><path>./APF MP-1000 NoIntro/Brickdown ~ Shooting Gallery (USA).zip</path><name>Brickdown ~ Shooting Gallery (USA)</name><image>~/../thumbs/APF - MP-1000/Named_Snaps/Brickdown ~ Shooting Gallery (USA).png</image><titleshot>~/../thumbs/APF - MP-1000/Named_Titles/Brickdown ~ Shooting Gallery (USA).png</titleshot><thumbnail>~/../thumbs/APF - MP-1000/Named_Boxarts/Brickdown ~ Shooting Gallery (USA).png</thumbnail><marquee>~/../thumbs/APF - MP-1000/Named_Logos/Brickdown ~ Shooting Gallery (USA).png</marquee></game>
<game><path>./APF MP-1000 NoIntro/Casino 1 - Slots-Roulette-Keno (USA).zip</path><name>Casino 1 - Slots-Roulette-Keno (USA)</name><image>~/../thumbs/APF - MP-1000/Named_Snaps/Casino 1 - Slots-Roulette-Keno (USA).png</image><titleshot>~/../thumbs/APF - MP-1000/Named_Titles/Casino 1 - Slots-Roulette-Keno (USA).png</titleshot><thumbnail>~/../thumbs/APF - MP-1000/Named_Boxarts/Casino 1 - Slots-Roulette-Keno (USA).png</thumbnail><marquee>~/../thumbs/APF - MP-1000/Named_Logos/Casino 1 - Slots-Roulette-Keno (USA).png</marquee></game>
<game><path>./APF MP-1000 NoIntro/Catena (USA) (MG1001).zip</path><name>Catena (USA) (MG1001)</name><image>~/../thumbs/APF - MP-1000/Named_Snaps/Catena (USA) (MG1001).png</image><titleshot>~/../thumbs/APF - MP-1000/Named_Titles/Catena (USA) (MG1001).png</titleshot><thumbnail>~/../thumbs/APF - MP-1000/Named_Boxarts/Catena (USA) (MG1001).png</thumbnail><marquee>~/../thumbs/APF - MP-1000/Named_Logos/Catena (USA) (MG1001).png</marquee></game>
<game><path>./APF MP-1000 NoIntro/Catena (USA) (MG1002).zip</path><name>Catena (USA) (MG1002)</name><image>~/../thumbs/APF - MP-1000/Named_Snaps/Catena (USA) (MG1002).png</image><titleshot>~/../thumbs/APF - MP-1000/Named_Titles/Catena (USA) (MG1002).png</titleshot><thumbnail>~/../thumbs/APF - MP-1000/Named_Boxarts/Catena (USA) (MG1002).png</thumbnail><marquee>~/../thumbs/APF - MP-1000/Named_Logos/Catena (USA) (MG1002).png</marquee></game>
<game><path>./APF MP-1000 NoIntro/Columns ~ Targets ~ Bacteria ~ Autopista (USA).zip</path><name>Columns ~ Targets ~ Bacteria ~ Autopista (USA)</name><image>~/../thumbs/APF - MP-1000/Named_Snaps/Columns ~ Targets ~ Bacteria ~ Autopista (USA).png</image><titleshot>~/../thumbs/APF - MP-1000/Named_Titles/Columns ~ Targets ~ Bacteria ~ Autopista (USA).png</titleshot><thumbnail>~/../thumbs/APF - MP-1000/Named_Boxarts/Columns ~ Targets ~ Bacteria ~ Autopista (USA).png</thumbnail><marquee>~/../thumbs/APF - MP-1000/Named_Logos/Columns ~ Targets ~ Bacteria ~ Autopista (USA).png</marquee></game>
<game><path>./APF MP-1000 NoIntro/Extended Basic (USA).zip</path><name>Extended Basic (USA)</name><image>~/../thumbs/APF - MP-1000/Named_Snaps/Extended Basic (USA).png</image><titleshot>~/../thumbs/APF - MP-1000/Named_Titles/Extended Basic (USA).png</titleshot><thumbnail>~/../thumbs/APF - MP-1000/Named_Boxarts/Extended Basic (USA).png</thumbnail><marquee>~/../thumbs/APF - MP-1000/Named_Logos/Extended Basic (USA).png</marquee></game>
<game><path>./APF MP-1000 NoIntro/Hangman ~ Tic-Tac-Toe ~ Doodle (USA).zip</path><name>Hangman ~ Tic-Tac-Toe ~ Doodle (USA)</name><image>~/../thumbs/APF - MP-1000/Named_Snaps/Hangman ~ Tic-Tac-Toe ~ Doodle (USA).png</image><titleshot>~/../thumbs/APF - MP-1000/Named_Titles/Hangman ~ Tic-Tac-Toe ~ Doodle (USA).png</titleshot><thumbnail>~/../thumbs/APF - MP-1000/Named_Boxarts/Hangman ~ Tic-Tac-Toe ~ Doodle (USA).png</thumbnail><marquee>~/../thumbs/APF - MP-1000/Named_Logos/Hangman ~ Tic-Tac-Toe ~ Doodle (USA).png</marquee></game>
<game><path>./APF MP-1000 NoIntro/Pinball ~ Dungeon Hunt ~ Blockout (USA).zip</path><name>Pinball ~ Dungeon Hunt ~ Blockout (USA)</name><image>~/../thumbs/APF - MP-1000/Named_Snaps/Pinball ~ Dungeon Hunt ~ Blockout (USA).png</image><titleshot>~/../thumbs/APF - MP-1000/Named_Titles/Pinball ~ Dungeon Hunt ~ Blockout (USA).png</titleshot><thumbnail>~/../thumbs/APF - MP-1000/Named_Boxarts/Pinball ~ Dungeon Hunt ~ Blockout (USA).png</thumbnail><marquee>~/../thumbs/APF - MP-1000/Named_Logos/Pinball ~ Dungeon Hunt ~ Blockout (USA).png</marquee></game>
<game><path>./APF MP-1000 NoIntro/Space Destroyers (USA).zip</path><name>Space Destroyers (USA)</name><image>~/../thumbs/APF - MP-1000/Named_Snaps/Space Destroyers (USA).png</image><titleshot>~/../thumbs/APF - MP-1000/Named_Titles/Space Destroyers (USA).png</titleshot><thumbnail>~/../thumbs/APF - MP-1000/Named_Boxarts/Space Destroyers (USA).png</thumbnail><marquee>~/../thumbs/APF - MP-1000/Named_Logos/Space Destroyers (USA).png</marquee></game>
<game><path>./APF MP-1000 NoIntro/UFO ~ Sea Monsters ~ Break It Down ~ Rebuild ~ Shoot (USA).zip</path><name>UFO ~ Sea Monsters ~ Break It Down ~ Rebuild ~ Shoot (USA)</name><image>~/../thumbs/APF - MP-1000/Named_Snaps/UFO ~ Sea Monsters ~ Break It Down ~ Rebuild ~ Shoot (USA).png</image><titleshot>~/../thumbs/APF - MP-1000/Named_Titles/UFO ~ Sea Monsters ~ Break It Down ~ Rebuild ~ Shoot (USA).png</titleshot><thumbnail>~/../thumbs/APF - MP-1000/Named_Boxarts/UFO ~ Sea Monsters ~ Break It Down ~ Rebuild ~ Shoot (USA).png</thumbnail><marquee>~/../thumbs/APF - MP-1000/Named_Logos/UFO ~ Sea Monsters ~ Break It Down ~ Rebuild ~ Shoot (USA).png</marquee></game>
<folder><path>./APF MP-1000 NoIntro</path><name>APF MP-1000 NoIntro</name><image>~/../thumb/apfm1000.png</image></folder>
<game><path>./APF MP-1000 TOSEC//home/runner/rom/TOSEC/APF/M-1000/Games/APF M-1000 - Games.zip</path><name>/home/runner/rom/TOSEC/APF/M-1000/Games/APF M-1000 - Games</name><image>~/../thumbs/APF - MP-1000/Named_Snaps//home/runner/rom/TOSEC/APF/M-1000/Games/APF M-1000 - Games.png</image><titleshot>~/../thumbs/APF - MP-1000/Named_Titles//home/runner/rom/TOSEC/APF/M-1000/Games/APF M-1000 - Games.png</titleshot><thumbnail>~/../thumbs/APF - MP-1000/Named_Boxarts//home/runner/rom/TOSEC/APF/M-1000/Games/APF M-1000 - Games.png</thumbnail><marquee>~/../thumbs/APF - MP-1000/Named_Logos//home/runner/rom/TOSEC/APF/M-1000/Games/APF M-1000 - Games.png</marquee></game>
<folder><path>./APF MP-1000 TOSEC</path><name>APF MP-1000 TOSEC</name><image>~/../thumb/apfm1000.png</image></folder>
</gameList>
