<gameList>
<folder><path>./Uzebox Merged</path><name>Uzebox Merged</name><image>~/../thumb/uzebox.png</image></folder>
<game><path>./Uzebox Split/15puzzle.zip</path><name>15puzzle</name><image>~/../thumbs/Uzebox/Named_Snaps/15puzzle.png</image><titleshot>~/../thumbs/Uzebox/Named_Titles/15puzzle.png</titleshot><thumbnail>~/../thumbs/Uzebox/Named_Boxarts/15puzzle.png</thumbnail><marquee>~/../thumbs/Uzebox/Named_Logos/15puzzle.png</marquee></game>
<game><path>./Uzebox Split/2048.zip</path><name>2048</name><image>~/../thumbs/Uzebox/Named_Snaps/2048.png</image><titleshot>~/../thumbs/Uzebox/Named_Titles/2048.png</titleshot><thumbnail>~/../thumbs/Uzebox/Named_Boxarts/2048.png</thumbnail><marquee>~/../thumbs/Uzebox/Named_Logos/2048.png</marquee></game>
<game><path>./Uzebox Split/65536in1.zip</path><name>65536in1</name><image>~/../thumbs/Uzebox/Named_Snaps/65536in1.png</image><titleshot>~/../thumbs/Uzebox/Named_Titles/65536in1.png</titleshot><thumbnail>~/../thumbs/Uzebox/Named_Boxarts/65536in1.png</thumbnail><marquee>~/../thumbs/Uzebox/Named_Logos/65536in1.png</marquee></game>
<game><path>./Uzebox Split/airhockey.zip</path><name>airhockey</name><image>~/../thumbs/Uzebox/Named_Snaps/airhockey.png</image><titleshot>~/../thumbs/Uzebox/Named_Titles/airhockey.png</titleshot><thumbnail>~/../thumbs/Uzebox/Named_Boxarts/airhockey.png</thumbnail><marquee>~/../thumbs/Uzebox/Named_Logos/airhockey.png</marquee></game>
<game><path>./Uzebox Split/arkanoid.zip</path><name>arkanoid</name><image>~/../thumbs/Uzebox/Named_Snaps/arkanoid.png</image><titleshot>~/../thumbs/Uzebox/Named_Titles/arkanoid.png</titleshot><thumbnail>~/../thumbs/Uzebox/Named_Boxarts/arkanoid.png</thumbnail><marquee>~/../thumbs/Uzebox/Named_Logos/arkanoid.png</marquee></game>
<game><path>./Uzebox Split/arkanoida.zip</path><name>arkanoida</name><image>~/../thumbs/Uzebox/Named_Snaps/arkanoida.png</image><titleshot>~/../thumbs/Uzebox/Named_Titles/arkanoida.png</titleshot><thumbnail>~/../thumbs/Uzebox/Named_Boxarts/arkanoida.png</thumbnail><marquee>~/../thumbs/Uzebox/Named_Logos/arkanoida.png</marquee></game>
<game><path>./Uzebox Split/arkanoidb.zip</path><name>arkanoidb</name><image>~/../thumbs/Uzebox/Named_Snaps/arkanoidb.png</image><titleshot>~/../thumbs/Uzebox/Named_Titles/arkanoidb.png</titleshot><thumbnail>~/../thumbs/Uzebox/Named_Boxarts/arkanoidb.png</thumbnail><marquee>~/../thumbs/Uzebox/Named_Logos/arkanoidb.png</marquee></game>
<game><path>./Uzebox Split/atomix.zip</path><name>atomix</name><image>~/../thumbs/Uzebox/Named_Snaps/atomix.png</image><titleshot>~/../thumbs/Uzebox/Named_Titles/atomix.png</titleshot><thumbnail>~/../thumbs/Uzebox/Named_Boxarts/atomix.png</thumbnail><marquee>~/../thumbs/Uzebox/Named_Logos/atomix.png</marquee></game>
<game><path>./Uzebox Split/babtower.zip</path><name>babtower</name><image>~/../thumbs/Uzebox/Named_Snaps/babtower.png</image><titleshot>~/../thumbs/Uzebox/Named_Titles/babtower.png</titleshot><thumbnail>~/../thumbs/Uzebox/Named_Boxarts/babtower.png</thumbnail><marquee>~/../thumbs/Uzebox/Named_Logos/babtower.png</marquee></game>
<game><path>./Uzebox Split/bcdash.zip</path><name>bcdash</name><image>~/../thumbs/Uzebox/Named_Snaps/bcdash.png</image><titleshot>~/../thumbs/Uzebox/Named_Titles/bcdash.png</titleshot><thumbnail>~/../thumbs/Uzebox/Named_Boxarts/bcdash.png</thumbnail><marquee>~/../thumbs/Uzebox/Named_Logos/bcdash.png</marquee></game>
<game><path>./Uzebox Split/bitmapd.zip</path><name>bitmapd</name><image>~/../thumbs/Uzebox/Named_Snaps/bitmapd.png</image><titleshot>~/../thumbs/Uzebox/Named_Titles/bitmapd.png</titleshot><thumbnail>~/../thumbs/Uzebox/Named_Boxarts/bitmapd.png</thumbnail><marquee>~/../thumbs/Uzebox/Named_Logos/bitmapd.png</marquee></game>
<game><path>./Uzebox Split/bitmapda.zip</path><name>bitmapda</name><image>~/../thumbs/Uzebox/Named_Snaps/bitmapda.png</image><titleshot>~/../thumbs/Uzebox/Named_Titles/bitmapda.png</titleshot><thumbnail>~/../thumbs/Uzebox/Named_Boxarts/bitmapda.png</thumbnail><marquee>~/../thumbs/Uzebox/Named_Logos/bitmapda.png</marquee></game>
<game><path>./Uzebox Split/bitmapdb.zip</path><name>bitmapdb</name><image>~/../thumbs/Uzebox/Named_Snaps/bitmapdb.png</image><titleshot>~/../thumbs/Uzebox/Named_Titles/bitmapdb.png</titleshot><thumbnail>~/../thumbs/Uzebox/Named_Boxarts/bitmapdb.png</thumbnail><marquee>~/../thumbs/Uzebox/Named_Logos/bitmapdb.png</marquee></game>
<game><path>./Uzebox Split/blockboy.zip</path><name>blockboy</name><image>~/../thumbs/Uzebox/Named_Snaps/blockboy.png</image><titleshot>~/../thumbs/Uzebox/Named_Titles/blockboy.png</titleshot><thumbnail>~/../thumbs/Uzebox/Named_Boxarts/blockboy.png</thumbnail><marquee>~/../thumbs/Uzebox/Named_Logos/blockboy.png</marquee></game>
<game><path>./Uzebox Split/bomber.zip</path><name>bomber</name><image>~/../thumbs/Uzebox/Named_Snaps/bomber.png</image><titleshot>~/../thumbs/Uzebox/Named_Titles/bomber.png</titleshot><thumbnail>~/../thumbs/Uzebox/Named_Boxarts/bomber.png</thumbnail><marquee>~/../thumbs/Uzebox/Named_Logos/bomber.png</marquee></game>
<game><path>./Uzebox Split/bomberma.zip</path><name>bomberma</name><image>~/../thumbs/Uzebox/Named_Snaps/bomberma.png</image><titleshot>~/../thumbs/Uzebox/Named_Titles/bomberma.png</titleshot><thumbnail>~/../thumbs/Uzebox/Named_Boxarts/bomberma.png</thumbnail><marquee>~/../thumbs/Uzebox/Named_Logos/bomberma.png</marquee></game>
<game><path>./Uzebox Split/boulderd.zip</path><name>boulderd</name><image>~/../thumbs/Uzebox/Named_Snaps/boulderd.png</image><titleshot>~/../thumbs/Uzebox/Named_Titles/boulderd.png</titleshot><thumbnail>~/../thumbs/Uzebox/Named_Boxarts/boulderd.png</thumbnail><marquee>~/../thumbs/Uzebox/Named_Logos/boulderd.png</marquee></game>
<game><path>./Uzebox Split/buddha.zip</path><name>buddha</name><image>~/../thumbs/Uzebox/Named_Snaps/buddha.png</image><titleshot>~/../thumbs/Uzebox/Named_Titles/buddha.png</titleshot><thumbnail>~/../thumbs/Uzebox/Named_Boxarts/buddha.png</thumbnail><marquee>~/../thumbs/Uzebox/Named_Logos/buddha.png</marquee></game>
<game><path>./Uzebox Split/bugz.zip</path><name>bugz</name><image>~/../thumbs/Uzebox/Named_Snaps/bugz.png</image><titleshot>~/../thumbs/Uzebox/Named_Titles/bugz.png</titleshot><thumbnail>~/../thumbs/Uzebox/Named_Boxarts/bugz.png</thumbnail><marquee>~/../thumbs/Uzebox/Named_Logos/bugz.png</marquee></game>
<game><path>./Uzebox Split/calc.zip</path><name>calc</name><image>~/../thumbs/Uzebox/Named_Snaps/calc.png</image><titleshot>~/../thumbs/Uzebox/Named_Titles/calc.png</titleshot><thumbnail>~/../thumbs/Uzebox/Named_Boxarts/calc.png</thumbnail><marquee>~/../thumbs/Uzebox/Named_Logos/calc.png</marquee></game>
<game><path>./Uzebox Split/chess.zip</path><name>chess</name><image>~/../thumbs/Uzebox/Named_Snaps/chess.png</image><titleshot>~/../thumbs/Uzebox/Named_Titles/chess.png</titleshot><thumbnail>~/../thumbs/Uzebox/Named_Boxarts/chess.png</thumbnail><marquee>~/../thumbs/Uzebox/Named_Logos/chess.png</marquee></game>
<game><path>./Uzebox Split/chessa.zip</path><name>chessa</name><image>~/../thumbs/Uzebox/Named_Snaps/chessa.png</image><titleshot>~/../thumbs/Uzebox/Named_Titles/chessa.png</titleshot><thumbnail>~/../thumbs/Uzebox/Named_Boxarts/chessa.png</thumbnail><marquee>~/../thumbs/Uzebox/Named_Logos/chessa.png</marquee></game>
<game><path>./Uzebox Split/chuckiee.zip</path><name>chuckiee</name><image>~/../thumbs/Uzebox/Named_Snaps/chuckiee.png</image><titleshot>~/../thumbs/Uzebox/Named_Titles/chuckiee.png</titleshot><thumbnail>~/../thumbs/Uzebox/Named_Boxarts/chuckiee.png</thumbnail><marquee>~/../thumbs/Uzebox/Named_Logos/chuckiee.png</marquee></game>
<game><path>./Uzebox Split/claydemo.zip</path><name>claydemo</name><image>~/../thumbs/Uzebox/Named_Snaps/claydemo.png</image><titleshot>~/../thumbs/Uzebox/Named_Titles/claydemo.png</titleshot><thumbnail>~/../thumbs/Uzebox/Named_Boxarts/claydemo.png</thumbnail><marquee>~/../thumbs/Uzebox/Named_Logos/claydemo.png</marquee></game>
<game><path>./Uzebox Split/columns.zip</path><name>columns</name><image>~/../thumbs/Uzebox/Named_Snaps/columns.png</image><titleshot>~/../thumbs/Uzebox/Named_Titles/columns.png</titleshot><thumbnail>~/../thumbs/Uzebox/Named_Boxarts/columns.png</thumbnail><marquee>~/../thumbs/Uzebox/Named_Logos/columns.png</marquee></game>
<game><path>./Uzebox Split/corridan.zip</path><name>corridan</name><image>~/../thumbs/Uzebox/Named_Snaps/corridan.png</image><titleshot>~/../thumbs/Uzebox/Named_Titles/corridan.png</titleshot><thumbnail>~/../thumbs/Uzebox/Named_Boxarts/corridan.png</thumbnail><marquee>~/../thumbs/Uzebox/Named_Logos/corridan.png</marquee></game>
<game><path>./Uzebox Split/ctester.zip</path><name>ctester</name><image>~/../thumbs/Uzebox/Named_Snaps/ctester.png</image><titleshot>~/../thumbs/Uzebox/Named_Titles/ctester.png</titleshot><thumbnail>~/../thumbs/Uzebox/Named_Boxarts/ctester.png</thumbnail><marquee>~/../thumbs/Uzebox/Named_Logos/ctester.png</marquee></game>
<game><path>./Uzebox Split/ctestera.zip</path><name>ctestera</name><image>~/../thumbs/Uzebox/Named_Snaps/ctestera.png</image><titleshot>~/../thumbs/Uzebox/Named_Titles/ctestera.png</titleshot><thumbnail>~/../thumbs/Uzebox/Named_Boxarts/ctestera.png</thumbnail><marquee>~/../thumbs/Uzebox/Named_Logos/ctestera.png</marquee></game>
<game><path>./Uzebox Split/dkong.zip</path><name>dkong</name><image>~/../thumbs/Uzebox/Named_Snaps/dkong.png</image><titleshot>~/../thumbs/Uzebox/Named_Titles/dkong.png</titleshot><thumbnail>~/../thumbs/Uzebox/Named_Boxarts/dkong.png</thumbnail><marquee>~/../thumbs/Uzebox/Named_Logos/dkong.png</marquee></game>
<game><path>./Uzebox Split/drmario.zip</path><name>drmario</name><image>~/../thumbs/Uzebox/Named_Snaps/drmario.png</image><titleshot>~/../thumbs/Uzebox/Named_Titles/drmario.png</titleshot><thumbnail>~/../thumbs/Uzebox/Named_Boxarts/drmario.png</thumbnail><marquee>~/../thumbs/Uzebox/Named_Logos/drmario.png</marquee></game>
<game><path>./Uzebox Split/drmarioa.zip</path><name>drmarioa</name><image>~/../thumbs/Uzebox/Named_Snaps/drmarioa.png</image><titleshot>~/../thumbs/Uzebox/Named_Titles/drmarioa.png</titleshot><thumbnail>~/../thumbs/Uzebox/Named_Boxarts/drmarioa.png</thumbnail><marquee>~/../thumbs/Uzebox/Named_Logos/drmarioa.png</marquee></game>
<game><path>./Uzebox Split/dungeons.zip</path><name>dungeons</name><image>~/../thumbs/Uzebox/Named_Snaps/dungeons.png</image><titleshot>~/../thumbs/Uzebox/Named_Titles/dungeons.png</titleshot><thumbnail>~/../thumbs/Uzebox/Named_Boxarts/dungeons.png</thumbnail><marquee>~/../thumbs/Uzebox/Named_Logos/dungeons.png</marquee></game>
<game><path>./Uzebox Split/emuze.zip</path><name>emuze</name><image>~/../thumbs/Uzebox/Named_Snaps/emuze.png</image><titleshot>~/../thumbs/Uzebox/Named_Titles/emuze.png</titleshot><thumbnail>~/../thumbs/Uzebox/Named_Boxarts/emuze.png</thumbnail><marquee>~/../thumbs/Uzebox/Named_Logos/emuze.png</marquee></game>
<game><path>./Uzebox Split/emuzea.zip</path><name>emuzea</name><image>~/../thumbs/Uzebox/Named_Snaps/emuzea.png</image><titleshot>~/../thumbs/Uzebox/Named_Titles/emuzea.png</titleshot><thumbnail>~/../thumbs/Uzebox/Named_Boxarts/emuzea.png</thumbnail><marquee>~/../thumbs/Uzebox/Named_Logos/emuzea.png</marquee></game>
<game><path>./Uzebox Split/esdattac.zip</path><name>esdattac</name><image>~/../thumbs/Uzebox/Named_Snaps/esdattac.png</image><titleshot>~/../thumbs/Uzebox/Named_Titles/esdattac.png</titleshot><thumbnail>~/../thumbs/Uzebox/Named_Boxarts/esdattac.png</thumbnail><marquee>~/../thumbs/Uzebox/Named_Logos/esdattac.png</marquee></game>
<game><path>./Uzebox Split/finalbld.zip</path><name>finalbld</name><image>~/../thumbs/Uzebox/Named_Snaps/finalbld.png</image><titleshot>~/../thumbs/Uzebox/Named_Titles/finalbld.png</titleshot><thumbnail>~/../thumbs/Uzebox/Named_Boxarts/finalbld.png</thumbnail><marquee>~/../thumbs/Uzebox/Named_Logos/finalbld.png</marquee></game>
<game><path>./Uzebox Split/firemanr.zip</path><name>firemanr</name><image>~/../thumbs/Uzebox/Named_Snaps/firemanr.png</image><titleshot>~/../thumbs/Uzebox/Named_Titles/firemanr.png</titleshot><thumbnail>~/../thumbs/Uzebox/Named_Boxarts/firemanr.png</thumbnail><marquee>~/../thumbs/Uzebox/Named_Logos/firemanr.png</marquee></game>
<game><path>./Uzebox Split/fliptris.zip</path><name>fliptris</name><image>~/../thumbs/Uzebox/Named_Snaps/fliptris.png</image><titleshot>~/../thumbs/Uzebox/Named_Titles/fliptris.png</titleshot><thumbnail>~/../thumbs/Uzebox/Named_Boxarts/fliptris.png</thumbnail><marquee>~/../thumbs/Uzebox/Named_Logos/fliptris.png</marquee></game>
<game><path>./Uzebox Split/foad.zip</path><name>foad</name><image>~/../thumbs/Uzebox/Named_Snaps/foad.png</image><titleshot>~/../thumbs/Uzebox/Named_Titles/foad.png</titleshot><thumbnail>~/../thumbs/Uzebox/Named_Boxarts/foad.png</thumbnail><marquee>~/../thumbs/Uzebox/Named_Logos/foad.png</marquee></game>
<game><path>./Uzebox Split/foaddemo.zip</path><name>foaddemo</name><image>~/../thumbs/Uzebox/Named_Snaps/foaddemo.png</image><titleshot>~/../thumbs/Uzebox/Named_Titles/foaddemo.png</titleshot><thumbnail>~/../thumbs/Uzebox/Named_Boxarts/foaddemo.png</thumbnail><marquee>~/../thumbs/Uzebox/Named_Logos/foaddemo.png</marquee></game>
<game><path>./Uzebox Split/frogfeas.zip</path><name>frogfeas</name><image>~/../thumbs/Uzebox/Named_Snaps/frogfeas.png</image><titleshot>~/../thumbs/Uzebox/Named_Titles/frogfeas.png</titleshot><thumbnail>~/../thumbs/Uzebox/Named_Boxarts/frogfeas.png</thumbnail><marquee>~/../thumbs/Uzebox/Named_Logos/frogfeas.png</marquee></game>
<game><path>./Uzebox Split/frogger.zip</path><name>frogger</name><image>~/../thumbs/Uzebox/Named_Snaps/frogger.png</image><titleshot>~/../thumbs/Uzebox/Named_Titles/frogger.png</titleshot><thumbnail>~/../thumbs/Uzebox/Named_Boxarts/frogger.png</thumbnail><marquee>~/../thumbs/Uzebox/Named_Logos/frogger.png</marquee></game>
<game><path>./Uzebox Split/gforce.zip</path><name>gforce</name><image>~/../thumbs/Uzebox/Named_Snaps/gforce.png</image><titleshot>~/../thumbs/Uzebox/Named_Titles/gforce.png</titleshot><thumbnail>~/../thumbs/Uzebox/Named_Boxarts/gforce.png</thumbnail><marquee>~/../thumbs/Uzebox/Named_Logos/gforce.png</marquee></game>
<game><path>./Uzebox Split/gghost.zip</path><name>gghost</name><image>~/../thumbs/Uzebox/Named_Snaps/gghost.png</image><titleshot>~/../thumbs/Uzebox/Named_Titles/gghost.png</titleshot><thumbnail>~/../thumbs/Uzebox/Named_Boxarts/gghost.png</thumbnail><marquee>~/../thumbs/Uzebox/Named_Logos/gghost.png</marquee></game>
<game><path>./Uzebox Split/gorillas.zip</path><name>gorillas</name><image>~/../thumbs/Uzebox/Named_Snaps/gorillas.png</image><titleshot>~/../thumbs/Uzebox/Named_Titles/gorillas.png</titleshot><thumbnail>~/../thumbs/Uzebox/Named_Boxarts/gorillas.png</thumbnail><marquee>~/../thumbs/Uzebox/Named_Logos/gorillas.png</marquee></game>
<game><path>./Uzebox Split/happyeas.zip</path><name>happyeas</name><image>~/../thumbs/Uzebox/Named_Snaps/happyeas.png</image><titleshot>~/../thumbs/Uzebox/Named_Titles/happyeas.png</titleshot><thumbnail>~/../thumbs/Uzebox/Named_Boxarts/happyeas.png</thumbnail><marquee>~/../thumbs/Uzebox/Named_Logos/happyeas.png</marquee></game>
<game><path>./Uzebox Split/holeymol.zip</path><name>holeymol</name><image>~/../thumbs/Uzebox/Named_Snaps/holeymol.png</image><titleshot>~/../thumbs/Uzebox/Named_Titles/holeymol.png</titleshot><thumbnail>~/../thumbs/Uzebox/Named_Boxarts/holeymol.png</thumbnail><marquee>~/../thumbs/Uzebox/Named_Logos/holeymol.png</marquee></game>
<game><path>./Uzebox Split/holidays.zip</path><name>holidays</name><image>~/../thumbs/Uzebox/Named_Snaps/holidays.png</image><titleshot>~/../thumbs/Uzebox/Named_Titles/holidays.png</titleshot><thumbnail>~/../thumbs/Uzebox/Named_Boxarts/holidays.png</thumbnail><marquee>~/../thumbs/Uzebox/Named_Logos/holidays.png</marquee></game>
<game><path>./Uzebox Split/joyrider.zip</path><name>joyrider</name><image>~/../thumbs/Uzebox/Named_Snaps/joyrider.png</image><titleshot>~/../thumbs/Uzebox/Named_Titles/joyrider.png</titleshot><thumbnail>~/../thumbs/Uzebox/Named_Boxarts/joyrider.png</thumbnail><marquee>~/../thumbs/Uzebox/Named_Logos/joyrider.png</marquee></game>
<game><path>./Uzebox Split/lander.zip</path><name>lander</name><image>~/../thumbs/Uzebox/Named_Snaps/lander.png</image><titleshot>~/../thumbs/Uzebox/Named_Titles/lander.png</titleshot><thumbnail>~/../thumbs/Uzebox/Named_Boxarts/lander.png</thumbnail><marquee>~/../thumbs/Uzebox/Named_Logos/lander.png</marquee></game>
<game><path>./Uzebox Split/laserpuz.zip</path><name>laserpuz</name><image>~/../thumbs/Uzebox/Named_Snaps/laserpuz.png</image><titleshot>~/../thumbs/Uzebox/Named_Titles/laserpuz.png</titleshot><thumbnail>~/../thumbs/Uzebox/Named_Boxarts/laserpuz.png</thumbnail><marquee>~/../thumbs/Uzebox/Named_Logos/laserpuz.png</marquee></game>
<game><path>./Uzebox Split/laserpuz2.zip</path><name>laserpuz2</name><image>~/../thumbs/Uzebox/Named_Snaps/laserpuz2.png</image><titleshot>~/../thumbs/Uzebox/Named_Titles/laserpuz2.png</titleshot><thumbnail>~/../thumbs/Uzebox/Named_Boxarts/laserpuz2.png</thumbnail><marquee>~/../thumbs/Uzebox/Named_Logos/laserpuz2.png</marquee></game>
<game><path>./Uzebox Split/ldrun.zip</path><name>ldrun</name><image>~/../thumbs/Uzebox/Named_Snaps/ldrun.png</image><titleshot>~/../thumbs/Uzebox/Named_Titles/ldrun.png</titleshot><thumbnail>~/../thumbs/Uzebox/Named_Boxarts/ldrun.png</thumbnail><marquee>~/../thumbs/Uzebox/Named_Logos/ldrun.png</marquee></game>
<game><path>./Uzebox Split/lolo.zip</path><name>lolo</name><image>~/../thumbs/Uzebox/Named_Snaps/lolo.png</image><titleshot>~/../thumbs/Uzebox/Named_Titles/lolo.png</titleshot><thumbnail>~/../thumbs/Uzebox/Named_Boxarts/lolo.png</thumbnail><marquee>~/../thumbs/Uzebox/Named_Logos/lolo.png</marquee></game>
<game><path>./Uzebox Split/loloa.zip</path><name>loloa</name><image>~/../thumbs/Uzebox/Named_Snaps/loloa.png</image><titleshot>~/../thumbs/Uzebox/Named_Titles/loloa.png</titleshot><thumbnail>~/../thumbs/Uzebox/Named_Boxarts/loloa.png</thumbnail><marquee>~/../thumbs/Uzebox/Named_Logos/loloa.png</marquee></game>
<game><path>./Uzebox Split/matrix.zip</path><name>matrix</name><image>~/../thumbs/Uzebox/Named_Snaps/matrix.png</image><titleshot>~/../thumbs/Uzebox/Named_Titles/matrix.png</titleshot><thumbnail>~/../thumbs/Uzebox/Named_Boxarts/matrix.png</thumbnail><marquee>~/../thumbs/Uzebox/Named_Logos/matrix.png</marquee></game>
<game><path>./Uzebox Split/maze.zip</path><name>maze</name><image>~/../thumbs/Uzebox/Named_Snaps/maze.png</image><titleshot>~/../thumbs/Uzebox/Named_Titles/maze.png</titleshot><thumbnail>~/../thumbs/Uzebox/Named_Boxarts/maze.png</thumbnail><marquee>~/../thumbs/Uzebox/Named_Logos/maze.png</marquee></game>
<game><path>./Uzebox Split/mazea.zip</path><name>mazea</name><image>~/../thumbs/Uzebox/Named_Snaps/mazea.png</image><titleshot>~/../thumbs/Uzebox/Named_Titles/mazea.png</titleshot><thumbnail>~/../thumbs/Uzebox/Named_Boxarts/mazea.png</thumbnail><marquee>~/../thumbs/Uzebox/Named_Logos/mazea.png</marquee></game>
<game><path>./Uzebox Split/mazeb.zip</path><name>mazeb</name><image>~/../thumbs/Uzebox/Named_Snaps/mazeb.png</image><titleshot>~/../thumbs/Uzebox/Named_Titles/mazeb.png</titleshot><thumbnail>~/../thumbs/Uzebox/Named_Boxarts/mazeb.png</thumbnail><marquee>~/../thumbs/Uzebox/Named_Logos/mazeb.png</marquee></game>
<game><path>./Uzebox Split/megabomb.zip</path><name>megabomb</name><image>~/../thumbs/Uzebox/Named_Snaps/megabomb.png</image><titleshot>~/../thumbs/Uzebox/Named_Titles/megabomb.png</titleshot><thumbnail>~/../thumbs/Uzebox/Named_Boxarts/megabomb.png</thumbnail><marquee>~/../thumbs/Uzebox/Named_Logos/megabomb.png</marquee></game>
<game><path>./Uzebox Split/megasoko.zip</path><name>megasoko</name><image>~/../thumbs/Uzebox/Named_Snaps/megasoko.png</image><titleshot>~/../thumbs/Uzebox/Named_Titles/megasoko.png</titleshot><thumbnail>~/../thumbs/Uzebox/Named_Boxarts/megasoko.png</thumbnail><marquee>~/../thumbs/Uzebox/Named_Logos/megasoko.png</marquee></game>
<game><path>./Uzebox Split/megatris.zip</path><name>megatris</name><image>~/../thumbs/Uzebox/Named_Snaps/megatris.png</image><titleshot>~/../thumbs/Uzebox/Named_Titles/megatris.png</titleshot><thumbnail>~/../thumbs/Uzebox/Named_Boxarts/megatris.png</thumbnail><marquee>~/../thumbs/Uzebox/Named_Logos/megatris.png</marquee></game>
<game><path>./Uzebox Split/megatrisa.zip</path><name>megatrisa</name><image>~/../thumbs/Uzebox/Named_Snaps/megatrisa.png</image><titleshot>~/../thumbs/Uzebox/Named_Titles/megatrisa.png</titleshot><thumbnail>~/../thumbs/Uzebox/Named_Boxarts/megatrisa.png</thumbnail><marquee>~/../thumbs/Uzebox/Named_Logos/megatrisa.png</marquee></game>
<game><path>./Uzebox Split/melli.zip</path><name>melli</name><image>~/../thumbs/Uzebox/Named_Snaps/melli.png</image><titleshot>~/../thumbs/Uzebox/Named_Titles/melli.png</titleshot><thumbnail>~/../thumbs/Uzebox/Named_Boxarts/melli.png</thumbnail><marquee>~/../thumbs/Uzebox/Named_Logos/melli.png</marquee></game>
<game><path>./Uzebox Split/memory.zip</path><name>memory</name><image>~/../thumbs/Uzebox/Named_Snaps/memory.png</image><titleshot>~/../thumbs/Uzebox/Named_Titles/memory.png</titleshot><thumbnail>~/../thumbs/Uzebox/Named_Boxarts/memory.png</thumbnail><marquee>~/../thumbs/Uzebox/Named_Logos/memory.png</marquee></game>
<game><path>./Uzebox Split/moonpatr.zip</path><name>moonpatr</name><image>~/../thumbs/Uzebox/Named_Snaps/moonpatr.png</image><titleshot>~/../thumbs/Uzebox/Named_Titles/moonpatr.png</titleshot><thumbnail>~/../thumbs/Uzebox/Named_Boxarts/moonpatr.png</thumbnail><marquee>~/../thumbs/Uzebox/Named_Logos/moonpatr.png</marquee></game>
<game><path>./Uzebox Split/moviep.zip</path><name>moviep</name><image>~/../thumbs/Uzebox/Named_Snaps/moviep.png</image><titleshot>~/../thumbs/Uzebox/Named_Titles/moviep.png</titleshot><thumbnail>~/../thumbs/Uzebox/Named_Boxarts/moviep.png</thumbnail><marquee>~/../thumbs/Uzebox/Named_Logos/moviep.png</marquee></game>
<game><path>./Uzebox Split/musicd.zip</path><name>musicd</name><image>~/../thumbs/Uzebox/Named_Snaps/musicd.png</image><titleshot>~/../thumbs/Uzebox/Named_Titles/musicd.png</titleshot><thumbnail>~/../thumbs/Uzebox/Named_Boxarts/musicd.png</thumbnail><marquee>~/../thumbs/Uzebox/Named_Logos/musicd.png</marquee></game>
<game><path>./Uzebox Split/musicda.zip</path><name>musicda</name><image>~/../thumbs/Uzebox/Named_Snaps/musicda.png</image><titleshot>~/../thumbs/Uzebox/Named_Titles/musicda.png</titleshot><thumbnail>~/../thumbs/Uzebox/Named_Boxarts/musicda.png</thumbnail><marquee>~/../thumbs/Uzebox/Named_Logos/musicda.png</marquee></game>
<game><path>./Uzebox Split/ninjabea.zip</path><name>ninjabea</name><image>~/../thumbs/Uzebox/Named_Snaps/ninjabea.png</image><titleshot>~/../thumbs/Uzebox/Named_Titles/ninjabea.png</titleshot><thumbnail>~/../thumbs/Uzebox/Named_Boxarts/ninjabea.png</thumbnail><marquee>~/../thumbs/Uzebox/Named_Logos/ninjabea.png</marquee></game>
<game><path>./Uzebox Split/pacman.zip</path><name>pacman</name><image>~/../thumbs/Uzebox/Named_Snaps/pacman.png</image><titleshot>~/../thumbs/Uzebox/Named_Titles/pacman.png</titleshot><thumbnail>~/../thumbs/Uzebox/Named_Boxarts/pacman.png</thumbnail><marquee>~/../thumbs/Uzebox/Named_Logos/pacman.png</marquee></game>
<game><path>./Uzebox Split/pacmana.zip</path><name>pacmana</name><image>~/../thumbs/Uzebox/Named_Snaps/pacmana.png</image><titleshot>~/../thumbs/Uzebox/Named_Titles/pacmana.png</titleshot><thumbnail>~/../thumbs/Uzebox/Named_Boxarts/pacmana.png</thumbnail><marquee>~/../thumbs/Uzebox/Named_Logos/pacmana.png</marquee></game>
<game><path>./Uzebox Split/pengouze.zip</path><name>pengouze</name><image>~/../thumbs/Uzebox/Named_Snaps/pengouze.png</image><titleshot>~/../thumbs/Uzebox/Named_Titles/pengouze.png</titleshot><thumbnail>~/../thumbs/Uzebox/Named_Boxarts/pengouze.png</thumbnail><marquee>~/../thumbs/Uzebox/Named_Logos/pengouze.png</marquee></game>
<game><path>./Uzebox Split/pentago.zip</path><name>pentago</name><image>~/../thumbs/Uzebox/Named_Snaps/pentago.png</image><titleshot>~/../thumbs/Uzebox/Named_Titles/pentago.png</titleshot><thumbnail>~/../thumbs/Uzebox/Named_Boxarts/pentago.png</thumbnail><marquee>~/../thumbs/Uzebox/Named_Logos/pentago.png</marquee></game>
<game><path>./Uzebox Split/pipes.zip</path><name>pipes</name><image>~/../thumbs/Uzebox/Named_Snaps/pipes.png</image><titleshot>~/../thumbs/Uzebox/Named_Titles/pipes.png</titleshot><thumbnail>~/../thumbs/Uzebox/Named_Boxarts/pipes.png</thumbnail><marquee>~/../thumbs/Uzebox/Named_Logos/pipes.png</marquee></game>
<game><path>./Uzebox Split/pong.zip</path><name>pong</name><image>~/../thumbs/Uzebox/Named_Snaps/pong.png</image><titleshot>~/../thumbs/Uzebox/Named_Titles/pong.png</titleshot><thumbnail>~/../thumbs/Uzebox/Named_Boxarts/pong.png</thumbnail><marquee>~/../thumbs/Uzebox/Named_Logos/pong.png</marquee></game>
<game><path>./Uzebox Split/rcdemo.zip</path><name>rcdemo</name><image>~/../thumbs/Uzebox/Named_Snaps/rcdemo.png</image><titleshot>~/../thumbs/Uzebox/Named_Titles/rcdemo.png</titleshot><thumbnail>~/../thumbs/Uzebox/Named_Boxarts/rcdemo.png</thumbnail><marquee>~/../thumbs/Uzebox/Named_Logos/rcdemo.png</marquee></game>
<game><path>./Uzebox Split/redbull.zip</path><name>redbull</name><image>~/../thumbs/Uzebox/Named_Snaps/redbull.png</image><titleshot>~/../thumbs/Uzebox/Named_Titles/redbull.png</titleshot><thumbnail>~/../thumbs/Uzebox/Named_Boxarts/redbull.png</thumbnail><marquee>~/../thumbs/Uzebox/Named_Logos/redbull.png</marquee></game>
<game><path>./Uzebox Split/redbulla.zip</path><name>redbulla</name><image>~/../thumbs/Uzebox/Named_Snaps/redbulla.png</image><titleshot>~/../thumbs/Uzebox/Named_Titles/redbulla.png</titleshot><thumbnail>~/../thumbs/Uzebox/Named_Boxarts/redbulla.png</thumbnail><marquee>~/../thumbs/Uzebox/Named_Logos/redbulla.png</marquee></game>
<game><path>./Uzebox Split/reels.zip</path><name>reels</name><image>~/../thumbs/Uzebox/Named_Snaps/reels.png</image><titleshot>~/../thumbs/Uzebox/Named_Titles/reels.png</titleshot><thumbnail>~/../thumbs/Uzebox/Named_Boxarts/reels.png</thumbnail><marquee>~/../thumbs/Uzebox/Named_Logos/reels.png</marquee></game>
<game><path>./Uzebox Split/rubycrus.zip</path><name>rubycrus</name><image>~/../thumbs/Uzebox/Named_Snaps/rubycrus.png</image><titleshot>~/../thumbs/Uzebox/Named_Titles/rubycrus.png</titleshot><thumbnail>~/../thumbs/Uzebox/Named_Boxarts/rubycrus.png</thumbnail><marquee>~/../thumbs/Uzebox/Named_Logos/rubycrus.png</marquee></game>
<game><path>./Uzebox Split/scrolld.zip</path><name>scrolld</name><image>~/../thumbs/Uzebox/Named_Snaps/scrolld.png</image><titleshot>~/../thumbs/Uzebox/Named_Titles/scrolld.png</titleshot><thumbnail>~/../thumbs/Uzebox/Named_Boxarts/scrolld.png</thumbnail><marquee>~/../thumbs/Uzebox/Named_Logos/scrolld.png</marquee></game>
<game><path>./Uzebox Split/sdcardd.zip</path><name>sdcardd</name><image>~/../thumbs/Uzebox/Named_Snaps/sdcardd.png</image><titleshot>~/../thumbs/Uzebox/Named_Titles/sdcardd.png</titleshot><thumbnail>~/../thumbs/Uzebox/Named_Boxarts/sdcardd.png</thumbnail><marquee>~/../thumbs/Uzebox/Named_Logos/sdcardd.png</marquee></game>
<game><path>./Uzebox Split/sdcardda.zip</path><name>sdcardda</name><image>~/../thumbs/Uzebox/Named_Snaps/sdcardda.png</image><titleshot>~/../thumbs/Uzebox/Named_Titles/sdcardda.png</titleshot><thumbnail>~/../thumbs/Uzebox/Named_Boxarts/sdcardda.png</thumbnail><marquee>~/../thumbs/Uzebox/Named_Logos/sdcardda.png</marquee></game>
<game><path>./Uzebox Split/simon.zip</path><name>simon</name><image>~/../thumbs/Uzebox/Named_Snaps/simon.png</image><titleshot>~/../thumbs/Uzebox/Named_Titles/simon.png</titleshot><thumbnail>~/../thumbs/Uzebox/Named_Boxarts/simon.png</thumbnail><marquee>~/../thumbs/Uzebox/Named_Logos/simon.png</marquee></game>
<game><path>./Uzebox Split/smariod.zip</path><name>smariod</name><image>~/../thumbs/Uzebox/Named_Snaps/smariod.png</image><titleshot>~/../thumbs/Uzebox/Named_Titles/smariod.png</titleshot><thumbnail>~/../thumbs/Uzebox/Named_Boxarts/smariod.png</thumbnail><marquee>~/../thumbs/Uzebox/Named_Logos/smariod.png</marquee></game>
<game><path>./Uzebox Split/smarioda.zip</path><name>smarioda</name><image>~/../thumbs/Uzebox/Named_Snaps/smarioda.png</image><titleshot>~/../thumbs/Uzebox/Named_Titles/smarioda.png</titleshot><thumbnail>~/../thumbs/Uzebox/Named_Boxarts/smarioda.png</thumbnail><marquee>~/../thumbs/Uzebox/Named_Logos/smarioda.png</marquee></game>
<game><path>./Uzebox Split/snakes.zip</path><name>snakes</name><image>~/../thumbs/Uzebox/Named_Snaps/snakes.png</image><titleshot>~/../thumbs/Uzebox/Named_Titles/snakes.png</titleshot><thumbnail>~/../thumbs/Uzebox/Named_Boxarts/snakes.png</thumbnail><marquee>~/../thumbs/Uzebox/Named_Logos/snakes.png</marquee></game>
<game><path>./Uzebox Split/sokoban.zip</path><name>sokoban</name><image>~/../thumbs/Uzebox/Named_Snaps/sokoban.png</image><titleshot>~/../thumbs/Uzebox/Named_Titles/sokoban.png</titleshot><thumbnail>~/../thumbs/Uzebox/Named_Boxarts/sokoban.png</thumbnail><marquee>~/../thumbs/Uzebox/Named_Logos/sokoban.png</marquee></game>
<game><path>./Uzebox Split/sokobanw.zip</path><name>sokobanw</name><image>~/../thumbs/Uzebox/Named_Snaps/sokobanw.png</image><titleshot>~/../thumbs/Uzebox/Named_Titles/sokobanw.png</titleshot><thumbnail>~/../thumbs/Uzebox/Named_Boxarts/sokobanw.png</thumbnail><marquee>~/../thumbs/Uzebox/Named_Logos/sokobanw.png</marquee></game>
<game><path>./Uzebox Split/solitaire.zip</path><name>solitaire</name><image>~/../thumbs/Uzebox/Named_Snaps/solitaire.png</image><titleshot>~/../thumbs/Uzebox/Named_Titles/solitaire.png</titleshot><thumbnail>~/../thumbs/Uzebox/Named_Boxarts/solitaire.png</thumbnail><marquee>~/../thumbs/Uzebox/Named_Logos/solitaire.png</marquee></game>
<game><path>./Uzebox Split/sonicd.zip</path><name>sonicd</name><image>~/../thumbs/Uzebox/Named_Snaps/sonicd.png</image><titleshot>~/../thumbs/Uzebox/Named_Titles/sonicd.png</titleshot><thumbnail>~/../thumbs/Uzebox/Named_Boxarts/sonicd.png</thumbnail><marquee>~/../thumbs/Uzebox/Named_Logos/sonicd.png</marquee></game>
<game><path>./Uzebox Split/soundpt.zip</path><name>soundpt</name><image>~/../thumbs/Uzebox/Named_Snaps/soundpt.png</image><titleshot>~/../thumbs/Uzebox/Named_Titles/soundpt.png</titleshot><thumbnail>~/../thumbs/Uzebox/Named_Boxarts/soundpt.png</thumbnail><marquee>~/../thumbs/Uzebox/Named_Logos/soundpt.png</marquee></game>
<game><path>./Uzebox Split/spaceage.zip</path><name>spaceage</name><image>~/../thumbs/Uzebox/Named_Snaps/spaceage.png</image><titleshot>~/../thumbs/Uzebox/Named_Titles/spaceage.png</titleshot><thumbnail>~/../thumbs/Uzebox/Named_Boxarts/spaceage.png</thumbnail><marquee>~/../thumbs/Uzebox/Named_Logos/spaceage.png</marquee></game>
<game><path>./Uzebox Split/spaceinv.zip</path><name>spaceinv</name><image>~/../thumbs/Uzebox/Named_Snaps/spaceinv.png</image><titleshot>~/../thumbs/Uzebox/Named_Titles/spaceinv.png</titleshot><thumbnail>~/../thumbs/Uzebox/Named_Boxarts/spaceinv.png</thumbnail><marquee>~/../thumbs/Uzebox/Named_Logos/spaceinv.png</marquee></game>
<game><path>./Uzebox Split/spaceinva.zip</path><name>spaceinva</name><image>~/../thumbs/Uzebox/Named_Snaps/spaceinva.png</image><titleshot>~/../thumbs/Uzebox/Named_Titles/spaceinva.png</titleshot><thumbnail>~/../thumbs/Uzebox/Named_Boxarts/spaceinva.png</thumbnail><marquee>~/../thumbs/Uzebox/Named_Logos/spaceinva.png</marquee></game>
<game><path>./Uzebox Split/sprited1.zip</path><name>sprited1</name><image>~/../thumbs/Uzebox/Named_Snaps/sprited1.png</image><titleshot>~/../thumbs/Uzebox/Named_Titles/sprited1.png</titleshot><thumbnail>~/../thumbs/Uzebox/Named_Boxarts/sprited1.png</thumbnail><marquee>~/../thumbs/Uzebox/Named_Logos/sprited1.png</marquee></game>
<game><path>./Uzebox Split/sprited2.zip</path><name>sprited2</name><image>~/../thumbs/Uzebox/Named_Snaps/sprited2.png</image><titleshot>~/../thumbs/Uzebox/Named_Titles/sprited2.png</titleshot><thumbnail>~/../thumbs/Uzebox/Named_Boxarts/sprited2.png</thumbnail><marquee>~/../thumbs/Uzebox/Named_Logos/sprited2.png</marquee></game>
<game><path>./Uzebox Split/sprited2a.zip</path><name>sprited2a</name><image>~/../thumbs/Uzebox/Named_Snaps/sprited2a.png</image><titleshot>~/../thumbs/Uzebox/Named_Titles/sprited2a.png</titleshot><thumbnail>~/../thumbs/Uzebox/Named_Boxarts/sprited2a.png</thumbnail><marquee>~/../thumbs/Uzebox/Named_Logos/sprited2a.png</marquee></game>
<game><path>./Uzebox Split/stmforce.zip</path><name>stmforce</name><image>~/../thumbs/Uzebox/Named_Snaps/stmforce.png</image><titleshot>~/../thumbs/Uzebox/Named_Titles/stmforce.png</titleshot><thumbnail>~/../thumbs/Uzebox/Named_Boxarts/stmforce.png</thumbnail><marquee>~/../thumbs/Uzebox/Named_Logos/stmforce.png</marquee></game>
<game><path>./Uzebox Split/tactics.zip</path><name>tactics</name><image>~/../thumbs/Uzebox/Named_Snaps/tactics.png</image><titleshot>~/../thumbs/Uzebox/Named_Titles/tactics.png</titleshot><thumbnail>~/../thumbs/Uzebox/Named_Boxarts/tactics.png</thumbnail><marquee>~/../thumbs/Uzebox/Named_Logos/tactics.png</marquee></game>
<game><path>./Uzebox Split/tankswip.zip</path><name>tankswip</name><image>~/../thumbs/Uzebox/Named_Snaps/tankswip.png</image><titleshot>~/../thumbs/Uzebox/Named_Titles/tankswip.png</titleshot><thumbnail>~/../thumbs/Uzebox/Named_Boxarts/tankswip.png</thumbnail><marquee>~/../thumbs/Uzebox/Named_Logos/tankswip.png</marquee></game>
<game><path>./Uzebox Split/tron.zip</path><name>tron</name><image>~/../thumbs/Uzebox/Named_Snaps/tron.png</image><titleshot>~/../thumbs/Uzebox/Named_Titles/tron.png</titleshot><thumbnail>~/../thumbs/Uzebox/Named_Boxarts/tron.png</thumbnail><marquee>~/../thumbs/Uzebox/Named_Logos/tron.png</marquee></game>
<game><path>./Uzebox Split/tutorial.zip</path><name>tutorial</name><image>~/../thumbs/Uzebox/Named_Snaps/tutorial.png</image><titleshot>~/../thumbs/Uzebox/Named_Titles/tutorial.png</titleshot><thumbnail>~/../thumbs/Uzebox/Named_Boxarts/tutorial.png</thumbnail><marquee>~/../thumbs/Uzebox/Named_Logos/tutorial.png</marquee></game>
<game><path>./Uzebox Split/utype.zip</path><name>utype</name><image>~/../thumbs/Uzebox/Named_Snaps/utype.png</image><titleshot>~/../thumbs/Uzebox/Named_Titles/utype.png</titleshot><thumbnail>~/../thumbs/Uzebox/Named_Boxarts/utype.png</thumbnail><marquee>~/../thumbs/Uzebox/Named_Logos/utype.png</marquee></game>
<game><path>./Uzebox Split/uzeamove.zip</path><name>uzeamove</name><image>~/../thumbs/Uzebox/Named_Snaps/uzeamove.png</image><titleshot>~/../thumbs/Uzebox/Named_Titles/uzeamove.png</titleshot><thumbnail>~/../thumbs/Uzebox/Named_Boxarts/uzeamove.png</thumbnail><marquee>~/../thumbs/Uzebox/Named_Logos/uzeamove.png</marquee></game>
<game><path>./Uzebox Split/uzeamp.zip</path><name>uzeamp</name><image>~/../thumbs/Uzebox/Named_Snaps/uzeamp.png</image><titleshot>~/../thumbs/Uzebox/Named_Titles/uzeamp.png</titleshot><thumbnail>~/../thumbs/Uzebox/Named_Boxarts/uzeamp.png</thumbnail><marquee>~/../thumbs/Uzebox/Named_Logos/uzeamp.png</marquee></game>
<game><path>./Uzebox Split/uzefeud.zip</path><name>uzefeud</name><image>~/../thumbs/Uzebox/Named_Snaps/uzefeud.png</image><titleshot>~/../thumbs/Uzebox/Named_Titles/uzefeud.png</titleshot><thumbnail>~/../thumbs/Uzebox/Named_Boxarts/uzefeud.png</thumbnail><marquee>~/../thumbs/Uzebox/Named_Logos/uzefeud.png</marquee></game>
<game><path>./Uzebox Split/uzekick.zip</path><name>uzekick</name><image>~/../thumbs/Uzebox/Named_Snaps/uzekick.png</image><titleshot>~/../thumbs/Uzebox/Named_Titles/uzekick.png</titleshot><thumbnail>~/../thumbs/Uzebox/Named_Boxarts/uzekick.png</thumbnail><marquee>~/../thumbs/Uzebox/Named_Logos/uzekick.png</marquee></game>
<game><path>./Uzebox Split/uzesnake.zip</path><name>uzesnake</name><image>~/../thumbs/Uzebox/Named_Snaps/uzesnake.png</image><titleshot>~/../thumbs/Uzebox/Named_Titles/uzesnake.png</titleshot><thumbnail>~/../thumbs/Uzebox/Named_Boxarts/uzesnake.png</thumbnail><marquee>~/../thumbs/Uzebox/Named_Logos/uzesnake.png</marquee></game>
<game><path>./Uzebox Split/uzesweep.zip</path><name>uzesweep</name><image>~/../thumbs/Uzebox/Named_Snaps/uzesweep.png</image><titleshot>~/../thumbs/Uzebox/Named_Titles/uzesweep.png</titleshot><thumbnail>~/../thumbs/Uzebox/Named_Boxarts/uzesweep.png</thumbnail><marquee>~/../thumbs/Uzebox/Named_Logos/uzesweep.png</marquee></game>
<game><path>./Uzebox Split/uzewars.zip</path><name>uzewars</name><image>~/../thumbs/Uzebox/Named_Snaps/uzewars.png</image><titleshot>~/../thumbs/Uzebox/Named_Titles/uzewars.png</titleshot><thumbnail>~/../thumbs/Uzebox/Named_Boxarts/uzewars.png</thumbnail><marquee>~/../thumbs/Uzebox/Named_Logos/uzewars.png</marquee></game>
<game><path>./Uzebox Split/vectgame.zip</path><name>vectgame</name><image>~/../thumbs/Uzebox/Named_Snaps/vectgame.png</image><titleshot>~/../thumbs/Uzebox/Named_Titles/vectgame.png</titleshot><thumbnail>~/../thumbs/Uzebox/Named_Boxarts/vectgame.png</thumbnail><marquee>~/../thumbs/Uzebox/Named_Logos/vectgame.png</marquee></game>
<game><path>./Uzebox Split/vectord.zip</path><name>vectord</name><image>~/../thumbs/Uzebox/Named_Snaps/vectord.png</image><titleshot>~/../thumbs/Uzebox/Named_Titles/vectord.png</titleshot><thumbnail>~/../thumbs/Uzebox/Named_Boxarts/vectord.png</thumbnail><marquee>~/../thumbs/Uzebox/Named_Logos/vectord.png</marquee></game>
<game><path>./Uzebox Split/vectord2.zip</path><name>vectord2</name><image>~/../thumbs/Uzebox/Named_Snaps/vectord2.png</image><titleshot>~/../thumbs/Uzebox/Named_Titles/vectord2.png</titleshot><thumbnail>~/../thumbs/Uzebox/Named_Boxarts/vectord2.png</thumbnail><marquee>~/../thumbs/Uzebox/Named_Logos/vectord2.png</marquee></game>
<game><path>./Uzebox Split/video9d.zip</path><name>video9d</name><image>~/../thumbs/Uzebox/Named_Snaps/video9d.png</image><titleshot>~/../thumbs/Uzebox/Named_Titles/video9d.png</titleshot><thumbnail>~/../thumbs/Uzebox/Named_Boxarts/video9d.png</thumbnail><marquee>~/../thumbs/Uzebox/Named_Logos/video9d.png</marquee></game>
<game><path>./Uzebox Split/videod.zip</path><name>videod</name><image>~/../thumbs/Uzebox/Named_Snaps/videod.png</image><titleshot>~/../thumbs/Uzebox/Named_Titles/videod.png</titleshot><thumbnail>~/../thumbs/Uzebox/Named_Boxarts/videod.png</thumbnail><marquee>~/../thumbs/Uzebox/Named_Logos/videod.png</marquee></game>
<game><path>./Uzebox Split/videoda.zip</path><name>videoda</name><image>~/../thumbs/Uzebox/Named_Snaps/videoda.png</image><titleshot>~/../thumbs/Uzebox/Named_Titles/videoda.png</titleshot><thumbnail>~/../thumbs/Uzebox/Named_Boxarts/videoda.png</thumbnail><marquee>~/../thumbs/Uzebox/Named_Logos/videoda.png</marquee></game>
<game><path>./Uzebox Split/videopoker.zip</path><name>videopoker</name><image>~/../thumbs/Uzebox/Named_Snaps/videopoker.png</image><titleshot>~/../thumbs/Uzebox/Named_Titles/videopoker.png</titleshot><thumbnail>~/../thumbs/Uzebox/Named_Boxarts/videopoker.png</thumbnail><marquee>~/../thumbs/Uzebox/Named_Logos/videopoker.png</marquee></game>
<game><path>./Uzebox Split/voidfigh.zip</path><name>voidfigh</name><image>~/../thumbs/Uzebox/Named_Snaps/voidfigh.png</image><titleshot>~/../thumbs/Uzebox/Named_Titles/voidfigh.png</titleshot><thumbnail>~/../thumbs/Uzebox/Named_Boxarts/voidfigh.png</thumbnail><marquee>~/../thumbs/Uzebox/Named_Logos/voidfigh.png</marquee></game>
<game><path>./Uzebox Split/wamole.zip</path><name>wamole</name><image>~/../thumbs/Uzebox/Named_Snaps/wamole.png</image><titleshot>~/../thumbs/Uzebox/Named_Titles/wamole.png</titleshot><thumbnail>~/../thumbs/Uzebox/Named_Boxarts/wamole.png</thumbnail><marquee>~/../thumbs/Uzebox/Named_Logos/wamole.png</marquee></game>
<game><path>./Uzebox Split/wamolea.zip</path><name>wamolea</name><image>~/../thumbs/Uzebox/Named_Snaps/wamolea.png</image><titleshot>~/../thumbs/Uzebox/Named_Titles/wamolea.png</titleshot><thumbnail>~/../thumbs/Uzebox/Named_Boxarts/wamolea.png</thumbnail><marquee>~/../thumbs/Uzebox/Named_Logos/wamolea.png</marquee></game>
<game><path>./Uzebox Split/wamoleb.zip</path><name>wamoleb</name><image>~/../thumbs/Uzebox/Named_Snaps/wamoleb.png</image><titleshot>~/../thumbs/Uzebox/Named_Titles/wamoleb.png</titleshot><thumbnail>~/../thumbs/Uzebox/Named_Boxarts/wamoleb.png</thumbnail><marquee>~/../thumbs/Uzebox/Named_Logos/wamoleb.png</marquee></game>
<game><path>./Uzebox Split/wrgrtm_md.zip</path><name>wrgrtm_md</name><image>~/../thumbs/Uzebox/Named_Snaps/wrgrtm_md.png</image><titleshot>~/../thumbs/Uzebox/Named_Titles/wrgrtm_md.png</titleshot><thumbnail>~/../thumbs/Uzebox/Named_Boxarts/wrgrtm_md.png</thumbnail><marquee>~/../thumbs/Uzebox/Named_Logos/wrgrtm_md.png</marquee></game>
<game><path>./Uzebox Split/wuergrtm_d.zip</path><name>wuergrtm_d</name><image>~/../thumbs/Uzebox/Named_Snaps/wuergrtm_d.png</image><titleshot>~/../thumbs/Uzebox/Named_Titles/wuergrtm_d.png</titleshot><thumbnail>~/../thumbs/Uzebox/Named_Boxarts/wuergrtm_d.png</thumbnail><marquee>~/../thumbs/Uzebox/Named_Logos/wuergrtm_d.png</marquee></game>
<game><path>./Uzebox Split/xor.zip</path><name>xor</name><image>~/../thumbs/Uzebox/Named_Snaps/xor.png</image><titleshot>~/../thumbs/Uzebox/Named_Titles/xor.png</titleshot><thumbnail>~/../thumbs/Uzebox/Named_Boxarts/xor.png</thumbnail><marquee>~/../thumbs/Uzebox/Named_Logos/xor.png</marquee></game>
<game><path>./Uzebox Split/zeldad.zip</path><name>zeldad</name><image>~/../thumbs/Uzebox/Named_Snaps/zeldad.png</image><titleshot>~/../thumbs/Uzebox/Named_Titles/zeldad.png</titleshot><thumbnail>~/../thumbs/Uzebox/Named_Boxarts/zeldad.png</thumbnail><marquee>~/../thumbs/Uzebox/Named_Logos/zeldad.png</marquee></game>
<game><path>./Uzebox Split/zombiena.zip</path><name>zombiena</name><image>~/../thumbs/Uzebox/Named_Snaps/zombiena.png</image><titleshot>~/../thumbs/Uzebox/Named_Titles/zombiena.png</titleshot><thumbnail>~/../thumbs/Uzebox/Named_Boxarts/zombiena.png</thumbnail><marquee>~/../thumbs/Uzebox/Named_Logos/zombiena.png</marquee></game>
<folder><path>./Uzebox Split</path><name>Uzebox Split</name><image>~/../thumb/uzebox.png</image></folder>
</gameList>
