<gameList>
<game><path>./GamePark GP32 NoIntro/Astonishia Story R (Korea).zip</path><name>Astonishia Story R (Korea)</name><image>~/../thumbs/GamePark - GP32/Named_Snaps/Astonishia Story R (Korea).png</image><titleshot>~/../thumbs/GamePark - GP32/Named_Titles/Astonishia Story R (Korea).png</titleshot><thumbnail>~/../thumbs/GamePark - GP32/Named_Boxarts/Astonishia Story R (Korea).png</thumbnail><marquee>~/../thumbs/GamePark - GP32/Named_Logos/Astonishia Story R (Korea).png</marquee></game>
<game><path>./GamePark GP32 NoIntro/Blue Angelo - Angels from the Shrine (Europe) (En,Fr,De,Es,It,Pt).zip</path><name>Blue Angelo - Angels from the Shrine (Europe) (En,Fr,De,Es,It,Pt)</name><image>~/../thumbs/GamePark - GP32/Named_Snaps/Blue Angelo - Angels from the Shrine (Europe) (En,Fr,De,Es,It,Pt).png</image><titleshot>~/../thumbs/GamePark - GP32/Named_Titles/Blue Angelo - Angels from the Shrine (Europe) (En,Fr,De,Es,It,Pt).png</titleshot><thumbnail>~/../thumbs/GamePark - GP32/Named_Boxarts/Blue Angelo - Angels from the Shrine (Europe) (En,Fr,De,Es,It,Pt).png</thumbnail><marquee>~/../thumbs/GamePark - GP32/Named_Logos/Blue Angelo - Angels from the Shrine (Europe) (En,Fr,De,Es,It,Pt).png</marquee></game>
<game><path>./GamePark GP32 NoIntro/Dooly Soccer 2002 (Korea).zip</path><name>Dooly Soccer 2002 (Korea)</name><image>~/../thumbs/GamePark - GP32/Named_Snaps/Dooly Soccer 2002 (Korea).png</image><titleshot>~/../thumbs/GamePark - GP32/Named_Titles/Dooly Soccer 2002 (Korea).png</titleshot><thumbnail>~/../thumbs/GamePark - GP32/Named_Boxarts/Dooly Soccer 2002 (Korea).png</thumbnail><marquee>~/../thumbs/GamePark - GP32/Named_Logos/Dooly Soccer 2002 (Korea).png</marquee></game>
<game><path>./GamePark GP32 NoIntro/Dungeon & Guarder - Dragon Gore (Europe).zip</path><name>Dungeon & Guarder - Dragon Gore (Europe)</name><image>~/../thumbs/GamePark - GP32/Named_Snaps/Dungeon & Guarder - Dragon Gore (Europe).png</image><titleshot>~/../thumbs/GamePark - GP32/Named_Titles/Dungeon & Guarder - Dragon Gore (Europe).png</titleshot><thumbnail>~/../thumbs/GamePark - GP32/Named_Boxarts/Dungeon & Guarder - Dragon Gore (Europe).png</thumbnail><marquee>~/../thumbs/GamePark - GP32/Named_Logos/Dungeon & Guarder - Dragon Gore (Europe).png</marquee></game>
<game><path>./GamePark GP32 NoIntro/Dungeon & Guarder - Dragon Gore (Korea) (En).zip</path><name>Dungeon & Guarder - Dragon Gore (Korea) (En)</name><image>~/../thumbs/GamePark - GP32/Named_Snaps/Dungeon & Guarder - Dragon Gore (Korea) (En).png</image><titleshot>~/../thumbs/GamePark - GP32/Named_Titles/Dungeon & Guarder - Dragon Gore (Korea) (En).png</titleshot><thumbnail>~/../thumbs/GamePark - GP32/Named_Boxarts/Dungeon & Guarder - Dragon Gore (Korea) (En).png</thumbnail><marquee>~/../thumbs/GamePark - GP32/Named_Logos/Dungeon & Guarder - Dragon Gore (Korea) (En).png</marquee></game>
<game><path>./GamePark GP32 NoIntro/Dyhard - With Infinite Stairs (Europe).zip</path><name>Dyhard - With Infinite Stairs (Europe)</name><image>~/../thumbs/GamePark - GP32/Named_Snaps/Dyhard - With Infinite Stairs (Europe).png</image><titleshot>~/../thumbs/GamePark - GP32/Named_Titles/Dyhard - With Infinite Stairs (Europe).png</titleshot><thumbnail>~/../thumbs/GamePark - GP32/Named_Boxarts/Dyhard - With Infinite Stairs (Europe).png</thumbnail><marquee>~/../thumbs/GamePark - GP32/Named_Logos/Dyhard - With Infinite Stairs (Europe).png</marquee></game>
<game><path>./GamePark GP32 NoIntro/Dyhard - With Infinite Stairs (Korea).zip</path><name>Dyhard - With Infinite Stairs (Korea)</name><image>~/../thumbs/GamePark - GP32/Named_Snaps/Dyhard - With Infinite Stairs (Korea).png</image><titleshot>~/../thumbs/GamePark - GP32/Named_Titles/Dyhard - With Infinite Stairs (Korea).png</titleshot><thumbnail>~/../thumbs/GamePark - GP32/Named_Boxarts/Dyhard - With Infinite Stairs (Korea).png</thumbnail><marquee>~/../thumbs/GamePark - GP32/Named_Logos/Dyhard - With Infinite Stairs (Korea).png</marquee></game>
<game><path>./GamePark GP32 NoIntro/GP Fight (Korea).zip</path><name>GP Fight (Korea)</name><image>~/../thumbs/GamePark - GP32/Named_Snaps/GP Fight (Korea).png</image><titleshot>~/../thumbs/GamePark - GP32/Named_Titles/GP Fight (Korea).png</titleshot><thumbnail>~/../thumbs/GamePark - GP32/Named_Boxarts/GP Fight (Korea).png</thumbnail><marquee>~/../thumbs/GamePark - GP32/Named_Logos/GP Fight (Korea).png</marquee></game>
<game><path>./GamePark GP32 NoIntro/Hany Party Game (Korea).zip</path><name>Hany Party Game (Korea)</name><image>~/../thumbs/GamePark - GP32/Named_Snaps/Hany Party Game (Korea).png</image><titleshot>~/../thumbs/GamePark - GP32/Named_Titles/Hany Party Game (Korea).png</titleshot><thumbnail>~/../thumbs/GamePark - GP32/Named_Boxarts/Hany Party Game (Korea).png</thumbnail><marquee>~/../thumbs/GamePark - GP32/Named_Logos/Hany Party Game (Korea).png</marquee></game>
<game><path>./GamePark GP32 NoIntro/Her Knights - All for Princess - Deadline (Korea).zip</path><name>Her Knights - All for Princess - Deadline (Korea)</name><image>~/../thumbs/GamePark - GP32/Named_Snaps/Her Knights - All for Princess - Deadline (Korea).png</image><titleshot>~/../thumbs/GamePark - GP32/Named_Titles/Her Knights - All for Princess - Deadline (Korea).png</titleshot><thumbnail>~/../thumbs/GamePark - GP32/Named_Boxarts/Her Knights - All for Princess - Deadline (Korea).png</thumbnail><marquee>~/../thumbs/GamePark - GP32/Named_Logos/Her Knights - All for Princess - Deadline (Korea).png</marquee></game>
<game><path>./GamePark GP32 NoIntro/Her Knights - All for the Princess (Europe).zip</path><name>Her Knights - All for the Princess (Europe)</name><image>~/../thumbs/GamePark - GP32/Named_Snaps/Her Knights - All for the Princess (Europe).png</image><titleshot>~/../thumbs/GamePark - GP32/Named_Titles/Her Knights - All for the Princess (Europe).png</titleshot><thumbnail>~/../thumbs/GamePark - GP32/Named_Boxarts/Her Knights - All for the Princess (Europe).png</thumbnail><marquee>~/../thumbs/GamePark - GP32/Named_Logos/Her Knights - All for the Princess (Europe).png</marquee></game>
<game><path>./GamePark GP32 NoIntro/Kimchiman GP32 (Korea).zip</path><name>Kimchiman GP32 (Korea)</name><image>~/../thumbs/GamePark - GP32/Named_Snaps/Kimchiman GP32 (Korea).png</image><titleshot>~/../thumbs/GamePark - GP32/Named_Titles/Kimchiman GP32 (Korea).png</titleshot><thumbnail>~/../thumbs/GamePark - GP32/Named_Boxarts/Kimchiman GP32 (Korea).png</thumbnail><marquee>~/../thumbs/GamePark - GP32/Named_Logos/Kimchiman GP32 (Korea).png</marquee></game>
<game><path>./GamePark GP32 NoIntro/Little Girl Mill of a Gingko, The (Korea).zip</path><name>Little Girl Mill of a Gingko, The (Korea)</name><image>~/../thumbs/GamePark - GP32/Named_Snaps/Little Girl Mill of a Gingko, The (Korea).png</image><titleshot>~/../thumbs/GamePark - GP32/Named_Titles/Little Girl Mill of a Gingko, The (Korea).png</titleshot><thumbnail>~/../thumbs/GamePark - GP32/Named_Boxarts/Little Girl Mill of a Gingko, The (Korea).png</thumbnail><marquee>~/../thumbs/GamePark - GP32/Named_Logos/Little Girl Mill of a Gingko, The (Korea).png</marquee></game>
<game><path>./GamePark GP32 NoIntro/Little Wizard (Europe).zip</path><name>Little Wizard (Europe)</name><image>~/../thumbs/GamePark - GP32/Named_Snaps/Little Wizard (Europe).png</image><titleshot>~/../thumbs/GamePark - GP32/Named_Titles/Little Wizard (Europe).png</titleshot><thumbnail>~/../thumbs/GamePark - GP32/Named_Boxarts/Little Wizard (Europe).png</thumbnail><marquee>~/../thumbs/GamePark - GP32/Named_Logos/Little Wizard (Europe).png</marquee></game>
<game><path>./GamePark GP32 NoIntro/Little Wizard (Korea).zip</path><name>Little Wizard (Korea)</name><image>~/../thumbs/GamePark - GP32/Named_Snaps/Little Wizard (Korea).png</image><titleshot>~/../thumbs/GamePark - GP32/Named_Titles/Little Wizard (Korea).png</titleshot><thumbnail>~/../thumbs/GamePark - GP32/Named_Boxarts/Little Wizard (Korea).png</thumbnail><marquee>~/../thumbs/GamePark - GP32/Named_Logos/Little Wizard (Korea).png</marquee></game>
<game><path>./GamePark GP32 NoIntro/OneShot Voca (Korea).zip</path><name>OneShot Voca (Korea)</name><image>~/../thumbs/GamePark - GP32/Named_Snaps/OneShot Voca (Korea).png</image><titleshot>~/../thumbs/GamePark - GP32/Named_Titles/OneShot Voca (Korea).png</titleshot><thumbnail>~/../thumbs/GamePark - GP32/Named_Boxarts/OneShot Voca (Korea).png</thumbnail><marquee>~/../thumbs/GamePark - GP32/Named_Logos/OneShot Voca (Korea).png</marquee></game>
<game><path>./GamePark GP32 NoIntro/Princess Maker 2 (Korea).zip</path><name>Princess Maker 2 (Korea)</name><image>~/../thumbs/GamePark - GP32/Named_Snaps/Princess Maker 2 (Korea).png</image><titleshot>~/../thumbs/GamePark - GP32/Named_Titles/Princess Maker 2 (Korea).png</titleshot><thumbnail>~/../thumbs/GamePark - GP32/Named_Boxarts/Princess Maker 2 (Korea).png</thumbnail><marquee>~/../thumbs/GamePark - GP32/Named_Logos/Princess Maker 2 (Korea).png</marquee></game>
<game><path>./GamePark GP32 NoIntro/Rally Pop (Korea).zip</path><name>Rally Pop (Korea)</name><image>~/../thumbs/GamePark - GP32/Named_Snaps/Rally Pop (Korea).png</image><titleshot>~/../thumbs/GamePark - GP32/Named_Titles/Rally Pop (Korea).png</titleshot><thumbnail>~/../thumbs/GamePark - GP32/Named_Boxarts/Rally Pop (Korea).png</thumbnail><marquee>~/../thumbs/GamePark - GP32/Named_Logos/Rally Pop (Korea).png</marquee></game>
<game><path>./GamePark GP32 NoIntro/Raphael (Korea).zip</path><name>Raphael (Korea)</name><image>~/../thumbs/GamePark - GP32/Named_Snaps/Raphael (Korea).png</image><titleshot>~/../thumbs/GamePark - GP32/Named_Titles/Raphael (Korea).png</titleshot><thumbnail>~/../thumbs/GamePark - GP32/Named_Boxarts/Raphael (Korea).png</thumbnail><marquee>~/../thumbs/GamePark - GP32/Named_Logos/Raphael (Korea).png</marquee></game>
<game><path>./GamePark GP32 NoIntro/Tanggle's Magic Square (Korea).zip</path><name>Tanggle's Magic Square (Korea)</name><image>~/../thumbs/GamePark - GP32/Named_Snaps/Tanggle's Magic Square (Korea).png</image><titleshot>~/../thumbs/GamePark - GP32/Named_Titles/Tanggle's Magic Square (Korea).png</titleshot><thumbnail>~/../thumbs/GamePark - GP32/Named_Boxarts/Tanggle's Magic Square (Korea).png</thumbnail><marquee>~/../thumbs/GamePark - GP32/Named_Logos/Tanggle's Magic Square (Korea).png</marquee></game>
<game><path>./GamePark GP32 NoIntro/Therapy (Korea).zip</path><name>Therapy (Korea)</name><image>~/../thumbs/GamePark - GP32/Named_Snaps/Therapy (Korea).png</image><titleshot>~/../thumbs/GamePark - GP32/Named_Titles/Therapy (Korea).png</titleshot><thumbnail>~/../thumbs/GamePark - GP32/Named_Boxarts/Therapy (Korea).png</thumbnail><marquee>~/../thumbs/GamePark - GP32/Named_Logos/Therapy (Korea).png</marquee></game>
<game><path>./GamePark GP32 NoIntro/Tomak - Save the Earth, Again (Europe) (v1.0).zip</path><name>Tomak - Save the Earth, Again (Europe) (v1.0)</name><image>~/../thumbs/GamePark - GP32/Named_Snaps/Tomak - Save the Earth, Again (Europe) (v1.0).png</image><titleshot>~/../thumbs/GamePark - GP32/Named_Titles/Tomak - Save the Earth, Again (Europe) (v1.0).png</titleshot><thumbnail>~/../thumbs/GamePark - GP32/Named_Boxarts/Tomak - Save the Earth, Again (Europe) (v1.0).png</thumbnail><marquee>~/../thumbs/GamePark - GP32/Named_Logos/Tomak - Save the Earth, Again (Europe) (v1.0).png</marquee></game>
<game><path>./GamePark GP32 NoIntro/Tomak - Save the Earth, Again (Europe) (v2.0).zip</path><name>Tomak - Save the Earth, Again (Europe) (v2.0)</name><image>~/../thumbs/GamePark - GP32/Named_Snaps/Tomak - Save the Earth, Again (Europe) (v2.0).png</image><titleshot>~/../thumbs/GamePark - GP32/Named_Titles/Tomak - Save the Earth, Again (Europe) (v2.0).png</titleshot><thumbnail>~/../thumbs/GamePark - GP32/Named_Boxarts/Tomak - Save the Earth, Again (Europe) (v2.0).png</thumbnail><marquee>~/../thumbs/GamePark - GP32/Named_Logos/Tomak - Save the Earth, Again (Europe) (v2.0).png</marquee></game>
<game><path>./GamePark GP32 NoIntro/Tomak - Save the Earth, Again (Korea).zip</path><name>Tomak - Save the Earth, Again (Korea)</name><image>~/../thumbs/GamePark - GP32/Named_Snaps/Tomak - Save the Earth, Again (Korea).png</image><titleshot>~/../thumbs/GamePark - GP32/Named_Titles/Tomak - Save the Earth, Again (Korea).png</titleshot><thumbnail>~/../thumbs/GamePark - GP32/Named_Boxarts/Tomak - Save the Earth, Again (Korea).png</thumbnail><marquee>~/../thumbs/GamePark - GP32/Named_Logos/Tomak - Save the Earth, Again (Korea).png</marquee></game>
<game><path>./GamePark GP32 NoIntro/W.B.W. - Wanna Be Wizard! (Korea).zip</path><name>W.B.W. - Wanna Be Wizard! (Korea)</name><image>~/../thumbs/GamePark - GP32/Named_Snaps/W.B.W. - Wanna Be Wizard! (Korea).png</image><titleshot>~/../thumbs/GamePark - GP32/Named_Titles/W.B.W. - Wanna Be Wizard! (Korea).png</titleshot><thumbnail>~/../thumbs/GamePark - GP32/Named_Boxarts/W.B.W. - Wanna Be Wizard! (Korea).png</thumbnail><marquee>~/../thumbs/GamePark - GP32/Named_Logos/W.B.W. - Wanna Be Wizard! (Korea).png</marquee></game>
<game><path>./GamePark GP32 NoIntro/Wizard Slayer (Korea).zip</path><name>Wizard Slayer (Korea)</name><image>~/../thumbs/GamePark - GP32/Named_Snaps/Wizard Slayer (Korea).png</image><titleshot>~/../thumbs/GamePark - GP32/Named_Titles/Wizard Slayer (Korea).png</titleshot><thumbnail>~/../thumbs/GamePark - GP32/Named_Boxarts/Wizard Slayer (Korea).png</thumbnail><marquee>~/../thumbs/GamePark - GP32/Named_Logos/Wizard Slayer (Korea).png</marquee></game>
<game><path>./GamePark GP32 NoIntro/Woody & Kunta - Treasure Island (Europe).zip</path><name>Woody & Kunta - Treasure Island (Europe)</name><image>~/../thumbs/GamePark - GP32/Named_Snaps/Woody & Kunta - Treasure Island (Europe).png</image><titleshot>~/../thumbs/GamePark - GP32/Named_Titles/Woody & Kunta - Treasure Island (Europe).png</titleshot><thumbnail>~/../thumbs/GamePark - GP32/Named_Boxarts/Woody & Kunta - Treasure Island (Europe).png</thumbnail><marquee>~/../thumbs/GamePark - GP32/Named_Logos/Woody & Kunta - Treasure Island (Europe).png</marquee></game>
<game><path>./GamePark GP32 NoIntro/Woody & Kunta - Treasure Island (Korea).zip</path><name>Woody & Kunta - Treasure Island (Korea)</name><image>~/../thumbs/GamePark - GP32/Named_Snaps/Woody & Kunta - Treasure Island (Korea).png</image><titleshot>~/../thumbs/GamePark - GP32/Named_Titles/Woody & Kunta - Treasure Island (Korea).png</titleshot><thumbnail>~/../thumbs/GamePark - GP32/Named_Boxarts/Woody & Kunta - Treasure Island (Korea).png</thumbnail><marquee>~/../thumbs/GamePark - GP32/Named_Logos/Woody & Kunta - Treasure Island (Korea).png</marquee></game>
<game><path>./GamePark GP32 NoIntro/[BIOS] GamePark GP32 (Europe) (v1.5.7).zip</path><name>[BIOS] GamePark GP32 (Europe) (v1.5.7)</name><image>~/../thumbs/GamePark - GP32/Named_Snaps/[BIOS] GamePark GP32 (Europe) (v1.5.7).png</image><titleshot>~/../thumbs/GamePark - GP32/Named_Titles/[BIOS] GamePark GP32 (Europe) (v1.5.7).png</titleshot><thumbnail>~/../thumbs/GamePark - GP32/Named_Boxarts/[BIOS] GamePark GP32 (Europe) (v1.5.7).png</thumbnail><marquee>~/../thumbs/GamePark - GP32/Named_Logos/[BIOS] GamePark GP32 (Europe) (v1.5.7).png</marquee><hidden>true</hidden></game>
<game><path>./GamePark GP32 NoIntro/[BIOS] GamePark GP32 (Europe) (v1.6.6) (2003-05-21).zip</path><name>[BIOS] GamePark GP32 (Europe) (v1.6.6) (2003-05-21)</name><image>~/../thumbs/GamePark - GP32/Named_Snaps/[BIOS] GamePark GP32 (Europe) (v1.6.6) (2003-05-21).png</image><titleshot>~/../thumbs/GamePark - GP32/Named_Titles/[BIOS] GamePark GP32 (Europe) (v1.6.6) (2003-05-21).png</titleshot><thumbnail>~/../thumbs/GamePark - GP32/Named_Boxarts/[BIOS] GamePark GP32 (Europe) (v1.6.6) (2003-05-21).png</thumbnail><marquee>~/../thumbs/GamePark - GP32/Named_Logos/[BIOS] GamePark GP32 (Europe) (v1.6.6) (2003-05-21).png</marquee><hidden>true</hidden></game>
<game><path>./GamePark GP32 NoIntro/[BIOS] GamePark GP32 (Europe) (v1.6.6) (2004-10-10).zip</path><name>[BIOS] GamePark GP32 (Europe) (v1.6.6) (2004-10-10)</name><image>~/../thumbs/GamePark - GP32/Named_Snaps/[BIOS] GamePark GP32 (Europe) (v1.6.6) (2004-10-10).png</image><titleshot>~/../thumbs/GamePark - GP32/Named_Titles/[BIOS] GamePark GP32 (Europe) (v1.6.6) (2004-10-10).png</titleshot><thumbnail>~/../thumbs/GamePark - GP32/Named_Boxarts/[BIOS] GamePark GP32 (Europe) (v1.6.6) (2004-10-10).png</thumbnail><marquee>~/../thumbs/GamePark - GP32/Named_Logos/[BIOS] GamePark GP32 (Europe) (v1.6.6) (2004-10-10).png</marquee><hidden>true</hidden></game>
<game><path>./GamePark GP32 NoIntro/[BIOS] GamePark GP32 (Europe) (v1.6.6) (Beta).zip</path><name>[BIOS] GamePark GP32 (Europe) (v1.6.6) (Beta)</name><image>~/../thumbs/GamePark - GP32/Named_Snaps/[BIOS] GamePark GP32 (Europe) (v1.6.6) (Beta).png</image><titleshot>~/../thumbs/GamePark - GP32/Named_Titles/[BIOS] GamePark GP32 (Europe) (v1.6.6) (Beta).png</titleshot><thumbnail>~/../thumbs/GamePark - GP32/Named_Boxarts/[BIOS] GamePark GP32 (Europe) (v1.6.6) (Beta).png</thumbnail><marquee>~/../thumbs/GamePark - GP32/Named_Logos/[BIOS] GamePark GP32 (Europe) (v1.6.6) (Beta).png</marquee><hidden>true</hidden></game>
<game><path>./GamePark GP32 NoIntro/[BIOS] GamePark GP32 (Europe) (v1.6.6).zip</path><name>[BIOS] GamePark GP32 (Europe) (v1.6.6)</name><image>~/../thumbs/GamePark - GP32/Named_Snaps/[BIOS] GamePark GP32 (Europe) (v1.6.6).png</image><titleshot>~/../thumbs/GamePark - GP32/Named_Titles/[BIOS] GamePark GP32 (Europe) (v1.6.6).png</titleshot><thumbnail>~/../thumbs/GamePark - GP32/Named_Boxarts/[BIOS] GamePark GP32 (Europe) (v1.6.6).png</thumbnail><marquee>~/../thumbs/GamePark - GP32/Named_Logos/[BIOS] GamePark GP32 (Europe) (v1.6.6).png</marquee><hidden>true</hidden></game>
<game><path>./GamePark GP32 NoIntro/[BIOS] GamePark GP32 (Korea) (v1.0.0).zip</path><name>[BIOS] GamePark GP32 (Korea) (v1.0.0)</name><image>~/../thumbs/GamePark - GP32/Named_Snaps/[BIOS] GamePark GP32 (Korea) (v1.0.0).png</image><titleshot>~/../thumbs/GamePark - GP32/Named_Titles/[BIOS] GamePark GP32 (Korea) (v1.0.0).png</titleshot><thumbnail>~/../thumbs/GamePark - GP32/Named_Boxarts/[BIOS] GamePark GP32 (Korea) (v1.0.0).png</thumbnail><marquee>~/../thumbs/GamePark - GP32/Named_Logos/[BIOS] GamePark GP32 (Korea) (v1.0.0).png</marquee><hidden>true</hidden></game>
<game><path>./GamePark GP32 NoIntro/[BIOS] GamePark GP32 (Korea) (v1.5.6).zip</path><name>[BIOS] GamePark GP32 (Korea) (v1.5.6)</name><image>~/../thumbs/GamePark - GP32/Named_Snaps/[BIOS] GamePark GP32 (Korea) (v1.5.6).png</image><titleshot>~/../thumbs/GamePark - GP32/Named_Titles/[BIOS] GamePark GP32 (Korea) (v1.5.6).png</titleshot><thumbnail>~/../thumbs/GamePark - GP32/Named_Boxarts/[BIOS] GamePark GP32 (Korea) (v1.5.6).png</thumbnail><marquee>~/../thumbs/GamePark - GP32/Named_Logos/[BIOS] GamePark GP32 (Korea) (v1.5.6).png</marquee><hidden>true</hidden></game>
<folder><path>./GamePark GP32 NoIntro</path><name>GamePark GP32 NoIntro</name><image>~/../thumb/gp32.png</image></folder>
<game><path>./GamePark GP32 TOSEC//home/runner/rom/TOSEC/Game Park/GP32/Games/[SMC]/Game Park GP32 - Games - [SMC].zip</path><name>/home/runner/rom/TOSEC/Game Park/GP32/Games/[SMC]/Game Park GP32 - Games - [SMC]</name><image>~/../thumbs/GamePark - GP32/Named_Snaps//home/runner/rom/TOSEC/Game Park/GP32/Games/[SMC]/Game Park GP32 - Games - [SMC].png</image><titleshot>~/../thumbs/GamePark - GP32/Named_Titles//home/runner/rom/TOSEC/Game Park/GP32/Games/[SMC]/Game Park GP32 - Games - [SMC].png</titleshot><thumbnail>~/../thumbs/GamePark - GP32/Named_Boxarts//home/runner/rom/TOSEC/Game Park/GP32/Games/[SMC]/Game Park GP32 - Games - [SMC].png</thumbnail><marquee>~/../thumbs/GamePark - GP32/Named_Logos//home/runner/rom/TOSEC/Game Park/GP32/Games/[SMC]/Game Park GP32 - Games - [SMC].png</marquee></game>
<folder><path>./GamePark GP32 TOSEC</path><name>GamePark GP32 TOSEC</name><image>~/../thumb/gp32.png</image></folder>
</gameList>
