<gameList>
<game><path>./Amiga CDTV Redump/17 Bit - Collection for Amiga CDTV (Europe) (Disc A) (The Early Classics).zip</path><name>17 Bit - Collection for Amiga CDTV (Europe) (Disc A) (The Early Classics)</name><image>~/../thumbs/Commodore - CDTV/Named_Snaps/17 Bit - Collection for Amiga CDTV (Europe) (Disc A) (The Early Classics).png</image><titleshot>~/../thumbs/Commodore - CDTV/Named_Titles/17 Bit - Collection for Amiga CDTV (Europe) (Disc A) (The Early Classics).png</titleshot><thumbnail>~/../thumbs/Commodore - CDTV/Named_Boxarts/17 Bit - Collection for Amiga CDTV (Europe) (Disc A) (The Early Classics).png</thumbnail><marquee>~/../thumbs/Commodore - CDTV/Named_Logos/17 Bit - Collection for Amiga CDTV (Europe) (Disc A) (The Early Classics).png</marquee></game>
<game><path>./Amiga CDTV Redump/17 Bit - Collection for Amiga CDTV (Europe) (Disc B) (The Latest Batch) (Rev 1).zip</path><name>17 Bit - Collection for Amiga CDTV (Europe) (Disc B) (The Latest Batch) (Rev 1)</name><image>~/../thumbs/Commodore - CDTV/Named_Snaps/17 Bit - Collection for Amiga CDTV (Europe) (Disc B) (The Latest Batch) (Rev 1).png</image><titleshot>~/../thumbs/Commodore - CDTV/Named_Titles/17 Bit - Collection for Amiga CDTV (Europe) (Disc B) (The Latest Batch) (Rev 1).png</titleshot><thumbnail>~/../thumbs/Commodore - CDTV/Named_Boxarts/17 Bit - Collection for Amiga CDTV (Europe) (Disc B) (The Latest Batch) (Rev 1).png</thumbnail><marquee>~/../thumbs/Commodore - CDTV/Named_Logos/17 Bit - Collection for Amiga CDTV (Europe) (Disc B) (The Latest Batch) (Rev 1).png</marquee></game>
<game><path>./Amiga CDTV Redump/17 Bit - Collection for Amiga CDTV (Europe) (Disc B) (The Latest Batch).zip</path><name>17 Bit - Collection for Amiga CDTV (Europe) (Disc B) (The Latest Batch)</name><image>~/../thumbs/Commodore - CDTV/Named_Snaps/17 Bit - Collection for Amiga CDTV (Europe) (Disc B) (The Latest Batch).png</image><titleshot>~/../thumbs/Commodore - CDTV/Named_Titles/17 Bit - Collection for Amiga CDTV (Europe) (Disc B) (The Latest Batch).png</titleshot><thumbnail>~/../thumbs/Commodore - CDTV/Named_Boxarts/17 Bit - Collection for Amiga CDTV (Europe) (Disc B) (The Latest Batch).png</thumbnail><marquee>~/../thumbs/Commodore - CDTV/Named_Logos/17 Bit - Collection for Amiga CDTV (Europe) (Disc B) (The Latest Batch).png</marquee></game>
<game><path>./Amiga CDTV Redump/17 Bit - Continuation Disc (Europe).zip</path><name>17 Bit - Continuation Disc (Europe)</name><image>~/../thumbs/Commodore - CDTV/Named_Snaps/17 Bit - Continuation Disc (Europe).png</image><titleshot>~/../thumbs/Commodore - CDTV/Named_Titles/17 Bit - Continuation Disc (Europe).png</titleshot><thumbnail>~/../thumbs/Commodore - CDTV/Named_Boxarts/17 Bit - Continuation Disc (Europe).png</thumbnail><marquee>~/../thumbs/Commodore - CDTV/Named_Logos/17 Bit - Continuation Disc (Europe).png</marquee></game>
<game><path>./Amiga CDTV Redump/Advanced Military Systems (Europe).zip</path><name>Advanced Military Systems (Europe)</name><image>~/../thumbs/Commodore - CDTV/Named_Snaps/Advanced Military Systems (Europe).png</image><titleshot>~/../thumbs/Commodore - CDTV/Named_Titles/Advanced Military Systems (Europe).png</titleshot><thumbnail>~/../thumbs/Commodore - CDTV/Named_Boxarts/Advanced Military Systems (Europe).png</thumbnail><marquee>~/../thumbs/Commodore - CDTV/Named_Logos/Advanced Military Systems (Europe).png</marquee></game>
<game><path>./Amiga CDTV Redump/Almathera Clipart & Fonts CD, The (Europe).zip</path><name>Almathera Clipart & Fonts CD, The (Europe)</name><image>~/../thumbs/Commodore - CDTV/Named_Snaps/Almathera Clipart & Fonts CD, The (Europe).png</image><titleshot>~/../thumbs/Commodore - CDTV/Named_Titles/Almathera Clipart & Fonts CD, The (Europe).png</titleshot><thumbnail>~/../thumbs/Commodore - CDTV/Named_Boxarts/Almathera Clipart & Fonts CD, The (Europe).png</thumbnail><marquee>~/../thumbs/Commodore - CDTV/Named_Logos/Almathera Clipart & Fonts CD, The (Europe).png</marquee></game>
<game><path>./Amiga CDTV Redump/Almathera Comms & Networking CD (Europe).zip</path><name>Almathera Comms & Networking CD (Europe)</name><image>~/../thumbs/Commodore - CDTV/Named_Snaps/Almathera Comms & Networking CD (Europe).png</image><titleshot>~/../thumbs/Commodore - CDTV/Named_Titles/Almathera Comms & Networking CD (Europe).png</titleshot><thumbnail>~/../thumbs/Commodore - CDTV/Named_Boxarts/Almathera Comms & Networking CD (Europe).png</thumbnail><marquee>~/../thumbs/Commodore - CDTV/Named_Logos/Almathera Comms & Networking CD (Europe).png</marquee></game>
<game><path>./Amiga CDTV Redump/Almathera Photo Library CD, The (Europe).zip</path><name>Almathera Photo Library CD, The (Europe)</name><image>~/../thumbs/Commodore - CDTV/Named_Snaps/Almathera Photo Library CD, The (Europe).png</image><titleshot>~/../thumbs/Commodore - CDTV/Named_Titles/Almathera Photo Library CD, The (Europe).png</titleshot><thumbnail>~/../thumbs/Commodore - CDTV/Named_Boxarts/Almathera Photo Library CD, The (Europe).png</thumbnail><marquee>~/../thumbs/Commodore - CDTV/Named_Logos/Almathera Photo Library CD, The (Europe).png</marquee></game>
<game><path>./Amiga CDTV Redump/American Heritage - Illustrated Encyclopedic Dictionary - 1991a Edition (USA).zip</path><name>American Heritage - Illustrated Encyclopedic Dictionary - 1991a Edition (USA)</name><image>~/../thumbs/Commodore - CDTV/Named_Snaps/American Heritage - Illustrated Encyclopedic Dictionary - 1991a Edition (USA).png</image><titleshot>~/../thumbs/Commodore - CDTV/Named_Titles/American Heritage - Illustrated Encyclopedic Dictionary - 1991a Edition (USA).png</titleshot><thumbnail>~/../thumbs/Commodore - CDTV/Named_Boxarts/American Heritage - Illustrated Encyclopedic Dictionary - 1991a Edition (USA).png</thumbnail><marquee>~/../thumbs/Commodore - CDTV/Named_Logos/American Heritage - Illustrated Encyclopedic Dictionary - 1991a Edition (USA).png</marquee></game>
<game><path>./Amiga CDTV Redump/Barney Bear Goes to School (USA).zip</path><name>Barney Bear Goes to School (USA)</name><image>~/../thumbs/Commodore - CDTV/Named_Snaps/Barney Bear Goes to School (USA).png</image><titleshot>~/../thumbs/Commodore - CDTV/Named_Titles/Barney Bear Goes to School (USA).png</titleshot><thumbnail>~/../thumbs/Commodore - CDTV/Named_Boxarts/Barney Bear Goes to School (USA).png</thumbnail><marquee>~/../thumbs/Commodore - CDTV/Named_Logos/Barney Bear Goes to School (USA).png</marquee></game>
<game><path>./Amiga CDTV Redump/Bun for Barney, A (USA).zip</path><name>Bun for Barney, A (USA)</name><image>~/../thumbs/Commodore - CDTV/Named_Snaps/Bun for Barney, A (USA).png</image><titleshot>~/../thumbs/Commodore - CDTV/Named_Titles/Bun for Barney, A (USA).png</titleshot><thumbnail>~/../thumbs/Commodore - CDTV/Named_Boxarts/Bun for Barney, A (USA).png</thumbnail><marquee>~/../thumbs/Commodore - CDTV/Named_Logos/Bun for Barney, A (USA).png</marquee></game>
<game><path>./Amiga CDTV Redump/CD Remix Version II (Europe).zip</path><name>CD Remix Version II (Europe)</name><image>~/../thumbs/Commodore - CDTV/Named_Snaps/CD Remix Version II (Europe).png</image><titleshot>~/../thumbs/Commodore - CDTV/Named_Titles/CD Remix Version II (Europe).png</titleshot><thumbnail>~/../thumbs/Commodore - CDTV/Named_Boxarts/CD Remix Version II (Europe).png</thumbnail><marquee>~/../thumbs/Commodore - CDTV/Named_Logos/CD Remix Version II (Europe).png</marquee></game>
<game><path>./Amiga CDTV Redump/CDPD 1 (Europe) (Rerelease).zip</path><name>CDPD 1 (Europe) (Rerelease)</name><image>~/../thumbs/Commodore - CDTV/Named_Snaps/CDPD 1 (Europe) (Rerelease).png</image><titleshot>~/../thumbs/Commodore - CDTV/Named_Titles/CDPD 1 (Europe) (Rerelease).png</titleshot><thumbnail>~/../thumbs/Commodore - CDTV/Named_Boxarts/CDPD 1 (Europe) (Rerelease).png</thumbnail><marquee>~/../thumbs/Commodore - CDTV/Named_Logos/CDPD 1 (Europe) (Rerelease).png</marquee></game>
<game><path>./Amiga CDTV Redump/CDPD 1 (Europe).zip</path><name>CDPD 1 (Europe)</name><image>~/../thumbs/Commodore - CDTV/Named_Snaps/CDPD 1 (Europe).png</image><titleshot>~/../thumbs/Commodore - CDTV/Named_Titles/CDPD 1 (Europe).png</titleshot><thumbnail>~/../thumbs/Commodore - CDTV/Named_Boxarts/CDPD 1 (Europe).png</thumbnail><marquee>~/../thumbs/Commodore - CDTV/Named_Logos/CDPD 1 (Europe).png</marquee></game>
<game><path>./Amiga CDTV Redump/CDPD 2 (Europe) (Rerelease).zip</path><name>CDPD 2 (Europe) (Rerelease)</name><image>~/../thumbs/Commodore - CDTV/Named_Snaps/CDPD 2 (Europe) (Rerelease).png</image><titleshot>~/../thumbs/Commodore - CDTV/Named_Titles/CDPD 2 (Europe) (Rerelease).png</titleshot><thumbnail>~/../thumbs/Commodore - CDTV/Named_Boxarts/CDPD 2 (Europe) (Rerelease).png</thumbnail><marquee>~/../thumbs/Commodore - CDTV/Named_Logos/CDPD 2 (Europe) (Rerelease).png</marquee></game>
<game><path>./Amiga CDTV Redump/CDPD 2 (Europe).zip</path><name>CDPD 2 (Europe)</name><image>~/../thumbs/Commodore - CDTV/Named_Snaps/CDPD 2 (Europe).png</image><titleshot>~/../thumbs/Commodore - CDTV/Named_Titles/CDPD 2 (Europe).png</titleshot><thumbnail>~/../thumbs/Commodore - CDTV/Named_Boxarts/CDPD 2 (Europe).png</thumbnail><marquee>~/../thumbs/Commodore - CDTV/Named_Logos/CDPD 2 (Europe).png</marquee></game>
<game><path>./Amiga CDTV Redump/CDTV Demo Disc (Europe) (Disc 1) (Amiga CD Psygnosis Demo).zip</path><name>CDTV Demo Disc (Europe) (Disc 1) (Amiga CD Psygnosis Demo)</name><image>~/../thumbs/Commodore - CDTV/Named_Snaps/CDTV Demo Disc (Europe) (Disc 1) (Amiga CD Psygnosis Demo).png</image><titleshot>~/../thumbs/Commodore - CDTV/Named_Titles/CDTV Demo Disc (Europe) (Disc 1) (Amiga CD Psygnosis Demo).png</titleshot><thumbnail>~/../thumbs/Commodore - CDTV/Named_Boxarts/CDTV Demo Disc (Europe) (Disc 1) (Amiga CD Psygnosis Demo).png</thumbnail><marquee>~/../thumbs/Commodore - CDTV/Named_Logos/CDTV Demo Disc (Europe) (Disc 1) (Amiga CD Psygnosis Demo).png</marquee></game>
<game><path>./Amiga CDTV Redump/CDTV Demo Disc (Europe) (Disc 2) (Amiga CDTV - Amiga 600 - Amiga 600 HD).zip</path><name>CDTV Demo Disc (Europe) (Disc 2) (Amiga CDTV - Amiga 600 - Amiga 600 HD)</name><image>~/../thumbs/Commodore - CDTV/Named_Snaps/CDTV Demo Disc (Europe) (Disc 2) (Amiga CDTV - Amiga 600 - Amiga 600 HD).png</image><titleshot>~/../thumbs/Commodore - CDTV/Named_Titles/CDTV Demo Disc (Europe) (Disc 2) (Amiga CDTV - Amiga 600 - Amiga 600 HD).png</titleshot><thumbnail>~/../thumbs/Commodore - CDTV/Named_Boxarts/CDTV Demo Disc (Europe) (Disc 2) (Amiga CDTV - Amiga 600 - Amiga 600 HD).png</thumbnail><marquee>~/../thumbs/Commodore - CDTV/Named_Logos/CDTV Demo Disc (Europe) (Disc 2) (Amiga CDTV - Amiga 600 - Amiga 600 HD).png</marquee></game>
<game><path>./Amiga CDTV Redump/Case of the Cautious Condor, The (Europe).zip</path><name>Case of the Cautious Condor, The (Europe)</name><image>~/../thumbs/Commodore - CDTV/Named_Snaps/Case of the Cautious Condor, The (Europe).png</image><titleshot>~/../thumbs/Commodore - CDTV/Named_Titles/Case of the Cautious Condor, The (Europe).png</titleshot><thumbnail>~/../thumbs/Commodore - CDTV/Named_Boxarts/Case of the Cautious Condor, The (Europe).png</thumbnail><marquee>~/../thumbs/Commodore - CDTV/Named_Logos/Case of the Cautious Condor, The (Europe).png</marquee></game>
<game><path>./Amiga CDTV Redump/Cinderella - The Original Fairy Tale (USA) (En,Fr,De,Es,It).zip</path><name>Cinderella - The Original Fairy Tale (USA) (En,Fr,De,Es,It)</name><image>~/../thumbs/Commodore - CDTV/Named_Snaps/Cinderella - The Original Fairy Tale (USA) (En,Fr,De,Es,It).png</image><titleshot>~/../thumbs/Commodore - CDTV/Named_Titles/Cinderella - The Original Fairy Tale (USA) (En,Fr,De,Es,It).png</titleshot><thumbnail>~/../thumbs/Commodore - CDTV/Named_Boxarts/Cinderella - The Original Fairy Tale (USA) (En,Fr,De,Es,It).png</thumbnail><marquee>~/../thumbs/Commodore - CDTV/Named_Logos/Cinderella - The Original Fairy Tale (USA) (En,Fr,De,Es,It).png</marquee></game>
<game><path>./Amiga CDTV Redump/Classic Board Games (Europe) (En,Ja,Fr,De,Es,It).zip</path><name>Classic Board Games (Europe) (En,Ja,Fr,De,Es,It)</name><image>~/../thumbs/Commodore - CDTV/Named_Snaps/Classic Board Games (Europe) (En,Ja,Fr,De,Es,It).png</image><titleshot>~/../thumbs/Commodore - CDTV/Named_Titles/Classic Board Games (Europe) (En,Ja,Fr,De,Es,It).png</titleshot><thumbnail>~/../thumbs/Commodore - CDTV/Named_Boxarts/Classic Board Games (Europe) (En,Ja,Fr,De,Es,It).png</thumbnail><marquee>~/../thumbs/Commodore - CDTV/Named_Logos/Classic Board Games (Europe) (En,Ja,Fr,De,Es,It).png</marquee></game>
<game><path>./Amiga CDTV Redump/Curse of RA, The (Germany).zip</path><name>Curse of RA, The (Germany)</name><image>~/../thumbs/Commodore - CDTV/Named_Snaps/Curse of RA, The (Germany).png</image><titleshot>~/../thumbs/Commodore - CDTV/Named_Titles/Curse of RA, The (Germany).png</titleshot><thumbnail>~/../thumbs/Commodore - CDTV/Named_Boxarts/Curse of RA, The (Germany).png</thumbnail><marquee>~/../thumbs/Commodore - CDTV/Named_Logos/Curse of RA, The (Germany).png</marquee></game>
<game><path>./Amiga CDTV Redump/Defender of the Crown (Europe).zip</path><name>Defender of the Crown (Europe)</name><image>~/../thumbs/Commodore - CDTV/Named_Snaps/Defender of the Crown (Europe).png</image><titleshot>~/../thumbs/Commodore - CDTV/Named_Titles/Defender of the Crown (Europe).png</titleshot><thumbnail>~/../thumbs/Commodore - CDTV/Named_Boxarts/Defender of the Crown (Europe).png</thumbnail><marquee>~/../thumbs/Commodore - CDTV/Named_Logos/Defender of the Crown (Europe).png</marquee></game>
<game><path>./Amiga CDTV Redump/Defender of the Crown II (Europe).zip</path><name>Defender of the Crown II (Europe)</name><image>~/../thumbs/Commodore - CDTV/Named_Snaps/Defender of the Crown II (Europe).png</image><titleshot>~/../thumbs/Commodore - CDTV/Named_Titles/Defender of the Crown II (Europe).png</titleshot><thumbnail>~/../thumbs/Commodore - CDTV/Named_Boxarts/Defender of the Crown II (Europe).png</thumbnail><marquee>~/../thumbs/Commodore - CDTV/Named_Logos/Defender of the Crown II (Europe).png</marquee></game>
<game><path>./Amiga CDTV Redump/Defender of the Crown II (USA) (En,Fr,De,Es,It).zip</path><name>Defender of the Crown II (USA) (En,Fr,De,Es,It)</name><image>~/../thumbs/Commodore - CDTV/Named_Snaps/Defender of the Crown II (USA) (En,Fr,De,Es,It).png</image><titleshot>~/../thumbs/Commodore - CDTV/Named_Titles/Defender of the Crown II (USA) (En,Fr,De,Es,It).png</titleshot><thumbnail>~/../thumbs/Commodore - CDTV/Named_Boxarts/Defender of the Crown II (USA) (En,Fr,De,Es,It).png</thumbnail><marquee>~/../thumbs/Commodore - CDTV/Named_Logos/Defender of the Crown II (USA) (En,Fr,De,Es,It).png</marquee></game>
<game><path>./Amiga CDTV Redump/Demo 1 (Europe).zip</path><name>Demo 1 (Europe)</name><image>~/../thumbs/Commodore - CDTV/Named_Snaps/Demo 1 (Europe).png</image><titleshot>~/../thumbs/Commodore - CDTV/Named_Titles/Demo 1 (Europe).png</titleshot><thumbnail>~/../thumbs/Commodore - CDTV/Named_Boxarts/Demo 1 (Europe).png</thumbnail><marquee>~/../thumbs/Commodore - CDTV/Named_Logos/Demo 1 (Europe).png</marquee></game>
<game><path>./Amiga CDTV Redump/Demo Collection for Amiga CDTV, The (Europe) (Black Disc).zip</path><name>Demo Collection for Amiga CDTV, The (Europe) (Black Disc)</name><image>~/../thumbs/Commodore - CDTV/Named_Snaps/Demo Collection for Amiga CDTV, The (Europe) (Black Disc).png</image><titleshot>~/../thumbs/Commodore - CDTV/Named_Titles/Demo Collection for Amiga CDTV, The (Europe) (Black Disc).png</titleshot><thumbnail>~/../thumbs/Commodore - CDTV/Named_Boxarts/Demo Collection for Amiga CDTV, The (Europe) (Black Disc).png</thumbnail><marquee>~/../thumbs/Commodore - CDTV/Named_Logos/Demo Collection for Amiga CDTV, The (Europe) (Black Disc).png</marquee></game>
<game><path>./Amiga CDTV Redump/Deutschland Kompakt (Germany).zip</path><name>Deutschland Kompakt (Germany)</name><image>~/../thumbs/Commodore - CDTV/Named_Snaps/Deutschland Kompakt (Germany).png</image><titleshot>~/../thumbs/Commodore - CDTV/Named_Titles/Deutschland Kompakt (Germany).png</titleshot><thumbnail>~/../thumbs/Commodore - CDTV/Named_Boxarts/Deutschland Kompakt (Germany).png</thumbnail><marquee>~/../thumbs/Commodore - CDTV/Named_Logos/Deutschland Kompakt (Germany).png</marquee></game>
<game><path>./Amiga CDTV Redump/Fantastic Voyage (USA).zip</path><name>Fantastic Voyage (USA)</name><image>~/../thumbs/Commodore - CDTV/Named_Snaps/Fantastic Voyage (USA).png</image><titleshot>~/../thumbs/Commodore - CDTV/Named_Titles/Fantastic Voyage (USA).png</titleshot><thumbnail>~/../thumbs/Commodore - CDTV/Named_Boxarts/Fantastic Voyage (USA).png</thumbnail><marquee>~/../thumbs/Commodore - CDTV/Named_Logos/Fantastic Voyage (USA).png</marquee></game>
<game><path>./Amiga CDTV Redump/Games & Goodies (UK).zip</path><name>Games & Goodies (UK)</name><image>~/../thumbs/Commodore - CDTV/Named_Snaps/Games & Goodies (UK).png</image><titleshot>~/../thumbs/Commodore - CDTV/Named_Titles/Games & Goodies (UK).png</titleshot><thumbnail>~/../thumbs/Commodore - CDTV/Named_Boxarts/Games & Goodies (UK).png</thumbnail><marquee>~/../thumbs/Commodore - CDTV/Named_Logos/Games & Goodies (UK).png</marquee></game>
<game><path>./Amiga CDTV Redump/Garden Fax - Fruits, Vegetables & Herbs (USA).zip</path><name>Garden Fax - Fruits, Vegetables & Herbs (USA)</name><image>~/../thumbs/Commodore - CDTV/Named_Snaps/Garden Fax - Fruits, Vegetables & Herbs (USA).png</image><titleshot>~/../thumbs/Commodore - CDTV/Named_Titles/Garden Fax - Fruits, Vegetables & Herbs (USA).png</titleshot><thumbnail>~/../thumbs/Commodore - CDTV/Named_Boxarts/Garden Fax - Fruits, Vegetables & Herbs (USA).png</thumbnail><marquee>~/../thumbs/Commodore - CDTV/Named_Logos/Garden Fax - Fruits, Vegetables & Herbs (USA).png</marquee></game>
<game><path>./Amiga CDTV Redump/Garden Fax - Garden Plants (USA).zip</path><name>Garden Fax - Garden Plants (USA)</name><image>~/../thumbs/Commodore - CDTV/Named_Snaps/Garden Fax - Garden Plants (USA).png</image><titleshot>~/../thumbs/Commodore - CDTV/Named_Titles/Garden Fax - Garden Plants (USA).png</titleshot><thumbnail>~/../thumbs/Commodore - CDTV/Named_Boxarts/Garden Fax - Garden Plants (USA).png</thumbnail><marquee>~/../thumbs/Commodore - CDTV/Named_Logos/Garden Fax - Garden Plants (USA).png</marquee></game>
<game><path>./Amiga CDTV Redump/Garden Fax - Indoor Plants (USA).zip</path><name>Garden Fax - Indoor Plants (USA)</name><image>~/../thumbs/Commodore - CDTV/Named_Snaps/Garden Fax - Indoor Plants (USA).png</image><titleshot>~/../thumbs/Commodore - CDTV/Named_Titles/Garden Fax - Indoor Plants (USA).png</titleshot><thumbnail>~/../thumbs/Commodore - CDTV/Named_Boxarts/Garden Fax - Indoor Plants (USA).png</thumbnail><marquee>~/../thumbs/Commodore - CDTV/Named_Logos/Garden Fax - Indoor Plants (USA).png</marquee></game>
<game><path>./Amiga CDTV Redump/Garden Fax - Trees, Shrubs, Roses & Conifers (USA).zip</path><name>Garden Fax - Trees, Shrubs, Roses & Conifers (USA)</name><image>~/../thumbs/Commodore - CDTV/Named_Snaps/Garden Fax - Trees, Shrubs, Roses & Conifers (USA).png</image><titleshot>~/../thumbs/Commodore - CDTV/Named_Titles/Garden Fax - Trees, Shrubs, Roses & Conifers (USA).png</titleshot><thumbnail>~/../thumbs/Commodore - CDTV/Named_Boxarts/Garden Fax - Trees, Shrubs, Roses & Conifers (USA).png</thumbnail><marquee>~/../thumbs/Commodore - CDTV/Named_Logos/Garden Fax - Trees, Shrubs, Roses & Conifers (USA).png</marquee></game>
<game><path>./Amiga CDTV Redump/Hutchinson Encyclopedia, The (Europe).zip</path><name>Hutchinson Encyclopedia, The (Europe)</name><image>~/../thumbs/Commodore - CDTV/Named_Snaps/Hutchinson Encyclopedia, The (Europe).png</image><titleshot>~/../thumbs/Commodore - CDTV/Named_Titles/Hutchinson Encyclopedia, The (Europe).png</titleshot><thumbnail>~/../thumbs/Commodore - CDTV/Named_Boxarts/Hutchinson Encyclopedia, The (Europe).png</thumbnail><marquee>~/../thumbs/Commodore - CDTV/Named_Logos/Hutchinson Encyclopedia, The (Europe).png</marquee></game>
<game><path>./Amiga CDTV Redump/Illustrated Works of Shakespeare (Europe).zip</path><name>Illustrated Works of Shakespeare (Europe)</name><image>~/../thumbs/Commodore - CDTV/Named_Snaps/Illustrated Works of Shakespeare (Europe).png</image><titleshot>~/../thumbs/Commodore - CDTV/Named_Titles/Illustrated Works of Shakespeare (Europe).png</titleshot><thumbnail>~/../thumbs/Commodore - CDTV/Named_Boxarts/Illustrated Works of Shakespeare (Europe).png</thumbnail><marquee>~/../thumbs/Commodore - CDTV/Named_Logos/Illustrated Works of Shakespeare (Europe).png</marquee></game>
<game><path>./Amiga CDTV Redump/Insight Dinosaurs (Europe).zip</path><name>Insight Dinosaurs (Europe)</name><image>~/../thumbs/Commodore - CDTV/Named_Snaps/Insight Dinosaurs (Europe).png</image><titleshot>~/../thumbs/Commodore - CDTV/Named_Titles/Insight Dinosaurs (Europe).png</titleshot><thumbnail>~/../thumbs/Commodore - CDTV/Named_Boxarts/Insight Dinosaurs (Europe).png</thumbnail><marquee>~/../thumbs/Commodore - CDTV/Named_Logos/Insight Dinosaurs (Europe).png</marquee></game>
<game><path>./Amiga CDTV Redump/Language TV - English (France).zip</path><name>Language TV - English (France)</name><image>~/../thumbs/Commodore - CDTV/Named_Snaps/Language TV - English (France).png</image><titleshot>~/../thumbs/Commodore - CDTV/Named_Titles/Language TV - English (France).png</titleshot><thumbnail>~/../thumbs/Commodore - CDTV/Named_Boxarts/Language TV - English (France).png</thumbnail><marquee>~/../thumbs/Commodore - CDTV/Named_Logos/Language TV - English (France).png</marquee></game>
<game><path>./Amiga CDTV Redump/Lemmings (Europe).zip</path><name>Lemmings (Europe)</name><image>~/../thumbs/Commodore - CDTV/Named_Snaps/Lemmings (Europe).png</image><titleshot>~/../thumbs/Commodore - CDTV/Named_Titles/Lemmings (Europe).png</titleshot><thumbnail>~/../thumbs/Commodore - CDTV/Named_Boxarts/Lemmings (Europe).png</thumbnail><marquee>~/../thumbs/Commodore - CDTV/Named_Logos/Lemmings (Europe).png</marquee></game>
<game><path>./Amiga CDTV Redump/Log!cal (Europe).zip</path><name>Log!cal (Europe)</name><image>~/../thumbs/Commodore - CDTV/Named_Snaps/Log!cal (Europe).png</image><titleshot>~/../thumbs/Commodore - CDTV/Named_Titles/Log!cal (Europe).png</titleshot><thumbnail>~/../thumbs/Commodore - CDTV/Named_Boxarts/Log!cal (Europe).png</thumbnail><marquee>~/../thumbs/Commodore - CDTV/Named_Logos/Log!cal (Europe).png</marquee></game>
<game><path>./Amiga CDTV Redump/Mud Puddle (USA) (En,Fr,De,Es,It).zip</path><name>Mud Puddle (USA) (En,Fr,De,Es,It)</name><image>~/../thumbs/Commodore - CDTV/Named_Snaps/Mud Puddle (USA) (En,Fr,De,Es,It).png</image><titleshot>~/../thumbs/Commodore - CDTV/Named_Titles/Mud Puddle (USA) (En,Fr,De,Es,It).png</titleshot><thumbnail>~/../thumbs/Commodore - CDTV/Named_Boxarts/Mud Puddle (USA) (En,Fr,De,Es,It).png</thumbnail><marquee>~/../thumbs/Commodore - CDTV/Named_Logos/Mud Puddle (USA) (En,Fr,De,Es,It).png</marquee></game>
<game><path>./Amiga CDTV Redump/New Basics Electronic Cookbook, The - 1991a Edition (USA).zip</path><name>New Basics Electronic Cookbook, The - 1991a Edition (USA)</name><image>~/../thumbs/Commodore - CDTV/Named_Snaps/New Basics Electronic Cookbook, The - 1991a Edition (USA).png</image><titleshot>~/../thumbs/Commodore - CDTV/Named_Titles/New Basics Electronic Cookbook, The - 1991a Edition (USA).png</titleshot><thumbnail>~/../thumbs/Commodore - CDTV/Named_Boxarts/New Basics Electronic Cookbook, The - 1991a Edition (USA).png</thumbnail><marquee>~/../thumbs/Commodore - CDTV/Named_Logos/New Basics Electronic Cookbook, The - 1991a Edition (USA).png</marquee></game>
<game><path>./Amiga CDTV Redump/Now That's What I Call Games (UK).zip</path><name>Now That's What I Call Games (UK)</name><image>~/../thumbs/Commodore - CDTV/Named_Snaps/Now That's What I Call Games (UK).png</image><titleshot>~/../thumbs/Commodore - CDTV/Named_Titles/Now That's What I Call Games (UK).png</titleshot><thumbnail>~/../thumbs/Commodore - CDTV/Named_Boxarts/Now That's What I Call Games (UK).png</thumbnail><marquee>~/../thumbs/Commodore - CDTV/Named_Logos/Now That's What I Call Games (UK).png</marquee></game>
<game><path>./Amiga CDTV Redump/Pandora's CD (Europe) (Alt).zip</path><name>Pandora's CD (Europe) (Alt)</name><image>~/../thumbs/Commodore - CDTV/Named_Snaps/Pandora's CD (Europe) (Alt).png</image><titleshot>~/../thumbs/Commodore - CDTV/Named_Titles/Pandora's CD (Europe) (Alt).png</titleshot><thumbnail>~/../thumbs/Commodore - CDTV/Named_Boxarts/Pandora's CD (Europe) (Alt).png</thumbnail><marquee>~/../thumbs/Commodore - CDTV/Named_Logos/Pandora's CD (Europe) (Alt).png</marquee><hidden>true</hidden></game>
<game><path>./Amiga CDTV Redump/Pandora's CD (Europe).zip</path><name>Pandora's CD (Europe)</name><image>~/../thumbs/Commodore - CDTV/Named_Snaps/Pandora's CD (Europe).png</image><titleshot>~/../thumbs/Commodore - CDTV/Named_Titles/Pandora's CD (Europe).png</titleshot><thumbnail>~/../thumbs/Commodore - CDTV/Named_Boxarts/Pandora's CD (Europe).png</thumbnail><marquee>~/../thumbs/Commodore - CDTV/Named_Logos/Pandora's CD (Europe).png</marquee></game>
<game><path>./Amiga CDTV Redump/Prehistorik (Europe).zip</path><name>Prehistorik (Europe)</name><image>~/../thumbs/Commodore - CDTV/Named_Snaps/Prehistorik (Europe).png</image><titleshot>~/../thumbs/Commodore - CDTV/Named_Titles/Prehistorik (Europe).png</titleshot><thumbnail>~/../thumbs/Commodore - CDTV/Named_Boxarts/Prehistorik (Europe).png</thumbnail><marquee>~/../thumbs/Commodore - CDTV/Named_Logos/Prehistorik (Europe).png</marquee></game>
<game><path>./Amiga CDTV Redump/Psycho Killer (Europe).zip</path><name>Psycho Killer (Europe)</name><image>~/../thumbs/Commodore - CDTV/Named_Snaps/Psycho Killer (Europe).png</image><titleshot>~/../thumbs/Commodore - CDTV/Named_Titles/Psycho Killer (Europe).png</titleshot><thumbnail>~/../thumbs/Commodore - CDTV/Named_Boxarts/Psycho Killer (Europe).png</thumbnail><marquee>~/../thumbs/Commodore - CDTV/Named_Logos/Psycho Killer (Europe).png</marquee></game>
<game><path>./Amiga CDTV Redump/Raffles (Sweden).zip</path><name>Raffles (Sweden)</name><image>~/../thumbs/Commodore - CDTV/Named_Snaps/Raffles (Sweden).png</image><titleshot>~/../thumbs/Commodore - CDTV/Named_Titles/Raffles (Sweden).png</titleshot><thumbnail>~/../thumbs/Commodore - CDTV/Named_Boxarts/Raffles (Sweden).png</thumbnail><marquee>~/../thumbs/Commodore - CDTV/Named_Logos/Raffles (Sweden).png</marquee></game>
<game><path>./Amiga CDTV Redump/SimCity (Europe) (En,Fr,De,Es,It).zip</path><name>SimCity (Europe) (En,Fr,De,Es,It)</name><image>~/../thumbs/Commodore - CDTV/Named_Snaps/SimCity (Europe) (En,Fr,De,Es,It).png</image><titleshot>~/../thumbs/Commodore - CDTV/Named_Titles/SimCity (Europe) (En,Fr,De,Es,It).png</titleshot><thumbnail>~/../thumbs/Commodore - CDTV/Named_Boxarts/SimCity (Europe) (En,Fr,De,Es,It).png</thumbnail><marquee>~/../thumbs/Commodore - CDTV/Named_Logos/SimCity (Europe) (En,Fr,De,Es,It).png</marquee></game>
<game><path>./Amiga CDTV Redump/Snoopy - The Case of the Missing Blanket (Sweden).zip</path><name>Snoopy - The Case of the Missing Blanket (Sweden)</name><image>~/../thumbs/Commodore - CDTV/Named_Snaps/Snoopy - The Case of the Missing Blanket (Sweden).png</image><titleshot>~/../thumbs/Commodore - CDTV/Named_Titles/Snoopy - The Case of the Missing Blanket (Sweden).png</titleshot><thumbnail>~/../thumbs/Commodore - CDTV/Named_Boxarts/Snoopy - The Case of the Missing Blanket (Sweden).png</thumbnail><marquee>~/../thumbs/Commodore - CDTV/Named_Logos/Snoopy - The Case of the Missing Blanket (Sweden).png</marquee></game>
<game><path>./Amiga CDTV Redump/Team Yankee (Europe) (Ten on Ten).zip</path><name>Team Yankee (Europe) (Ten on Ten)</name><image>~/../thumbs/Commodore - CDTV/Named_Snaps/Team Yankee (Europe) (Ten on Ten).png</image><titleshot>~/../thumbs/Commodore - CDTV/Named_Titles/Team Yankee (Europe) (Ten on Ten).png</titleshot><thumbnail>~/../thumbs/Commodore - CDTV/Named_Boxarts/Team Yankee (Europe) (Ten on Ten).png</thumbnail><marquee>~/../thumbs/Commodore - CDTV/Named_Logos/Team Yankee (Europe) (Ten on Ten).png</marquee></game>
<game><path>./Amiga CDTV Redump/Team Yankee (Europe).zip</path><name>Team Yankee (Europe)</name><image>~/../thumbs/Commodore - CDTV/Named_Snaps/Team Yankee (Europe).png</image><titleshot>~/../thumbs/Commodore - CDTV/Named_Titles/Team Yankee (Europe).png</titleshot><thumbnail>~/../thumbs/Commodore - CDTV/Named_Boxarts/Team Yankee (Europe).png</thumbnail><marquee>~/../thumbs/Commodore - CDTV/Named_Logos/Team Yankee (Europe).png</marquee></game>
<game><path>./Amiga CDTV Redump/Time Table of History - Business, Politics & Media - 1991a Edition (USA).zip</path><name>Time Table of History - Business, Politics & Media - 1991a Edition (USA)</name><image>~/../thumbs/Commodore - CDTV/Named_Snaps/Time Table of History - Business, Politics & Media - 1991a Edition (USA).png</image><titleshot>~/../thumbs/Commodore - CDTV/Named_Titles/Time Table of History - Business, Politics & Media - 1991a Edition (USA).png</titleshot><thumbnail>~/../thumbs/Commodore - CDTV/Named_Boxarts/Time Table of History - Business, Politics & Media - 1991a Edition (USA).png</thumbnail><marquee>~/../thumbs/Commodore - CDTV/Named_Logos/Time Table of History - Business, Politics & Media - 1991a Edition (USA).png</marquee></game>
<game><path>./Amiga CDTV Redump/Trivial Pursuit - The CDTV Edition (Europe) (Disc 1).zip</path><name>Trivial Pursuit - The CDTV Edition (Europe) (Disc 1)</name><image>~/../thumbs/Commodore - CDTV/Named_Snaps/Trivial Pursuit - The CDTV Edition (Europe) (Disc 1).png</image><titleshot>~/../thumbs/Commodore - CDTV/Named_Titles/Trivial Pursuit - The CDTV Edition (Europe) (Disc 1).png</titleshot><thumbnail>~/../thumbs/Commodore - CDTV/Named_Boxarts/Trivial Pursuit - The CDTV Edition (Europe) (Disc 1).png</thumbnail><marquee>~/../thumbs/Commodore - CDTV/Named_Logos/Trivial Pursuit - The CDTV Edition (Europe) (Disc 1).png</marquee></game>
<game><path>./Amiga CDTV Redump/Trivial Pursuit - The CDTV Edition (Europe) (Disc 2).zip</path><name>Trivial Pursuit - The CDTV Edition (Europe) (Disc 2)</name><image>~/../thumbs/Commodore - CDTV/Named_Snaps/Trivial Pursuit - The CDTV Edition (Europe) (Disc 2).png</image><titleshot>~/../thumbs/Commodore - CDTV/Named_Titles/Trivial Pursuit - The CDTV Edition (Europe) (Disc 2).png</titleshot><thumbnail>~/../thumbs/Commodore - CDTV/Named_Boxarts/Trivial Pursuit - The CDTV Edition (Europe) (Disc 2).png</thumbnail><marquee>~/../thumbs/Commodore - CDTV/Named_Logos/Trivial Pursuit - The CDTV Edition (Europe) (Disc 2).png</marquee></game>
<game><path>./Amiga CDTV Redump/Turrican (Germany).zip</path><name>Turrican (Germany)</name><image>~/../thumbs/Commodore - CDTV/Named_Snaps/Turrican (Germany).png</image><titleshot>~/../thumbs/Commodore - CDTV/Named_Titles/Turrican (Germany).png</titleshot><thumbnail>~/../thumbs/Commodore - CDTV/Named_Boxarts/Turrican (Germany).png</thumbnail><marquee>~/../thumbs/Commodore - CDTV/Named_Logos/Turrican (Germany).png</marquee></game>
<game><path>./Amiga CDTV Redump/Turrican II - The Final Fight (Germany).zip</path><name>Turrican II - The Final Fight (Germany)</name><image>~/../thumbs/Commodore - CDTV/Named_Snaps/Turrican II - The Final Fight (Germany).png</image><titleshot>~/../thumbs/Commodore - CDTV/Named_Titles/Turrican II - The Final Fight (Germany).png</titleshot><thumbnail>~/../thumbs/Commodore - CDTV/Named_Boxarts/Turrican II - The Final Fight (Germany).png</thumbnail><marquee>~/../thumbs/Commodore - CDTV/Named_Logos/Turrican II - The Final Fight (Germany).png</marquee></game>
<game><path>./Amiga CDTV Redump/Welcome to CDTV Multimedia (USA).zip</path><name>Welcome to CDTV Multimedia (USA)</name><image>~/../thumbs/Commodore - CDTV/Named_Snaps/Welcome to CDTV Multimedia (USA).png</image><titleshot>~/../thumbs/Commodore - CDTV/Named_Titles/Welcome to CDTV Multimedia (USA).png</titleshot><thumbnail>~/../thumbs/Commodore - CDTV/Named_Boxarts/Welcome to CDTV Multimedia (USA).png</thumbnail><marquee>~/../thumbs/Commodore - CDTV/Named_Logos/Welcome to CDTV Multimedia (USA).png</marquee></game>
<game><path>./Amiga CDTV Redump/Will Bridge Vol. 1 - Initiation aux Encheres - Practice (France).zip</path><name>Will Bridge Vol. 1 - Initiation aux Encheres - Practice (France)</name><image>~/../thumbs/Commodore - CDTV/Named_Snaps/Will Bridge Vol. 1 - Initiation aux Encheres - Practice (France).png</image><titleshot>~/../thumbs/Commodore - CDTV/Named_Titles/Will Bridge Vol. 1 - Initiation aux Encheres - Practice (France).png</titleshot><thumbnail>~/../thumbs/Commodore - CDTV/Named_Boxarts/Will Bridge Vol. 1 - Initiation aux Encheres - Practice (France).png</thumbnail><marquee>~/../thumbs/Commodore - CDTV/Named_Logos/Will Bridge Vol. 1 - Initiation aux Encheres - Practice (France).png</marquee></game>
<game><path>./Amiga CDTV Redump/World Vista (Europe).zip</path><name>World Vista (Europe)</name><image>~/../thumbs/Commodore - CDTV/Named_Snaps/World Vista (Europe).png</image><titleshot>~/../thumbs/Commodore - CDTV/Named_Titles/World Vista (Europe).png</titleshot><thumbnail>~/../thumbs/Commodore - CDTV/Named_Boxarts/World Vista (Europe).png</thumbnail><marquee>~/../thumbs/Commodore - CDTV/Named_Logos/World Vista (Europe).png</marquee></game>
<game><path>./Amiga CDTV Redump/Wrath of the Demon (USA).zip</path><name>Wrath of the Demon (USA)</name><image>~/../thumbs/Commodore - CDTV/Named_Snaps/Wrath of the Demon (USA).png</image><titleshot>~/../thumbs/Commodore - CDTV/Named_Titles/Wrath of the Demon (USA).png</titleshot><thumbnail>~/../thumbs/Commodore - CDTV/Named_Boxarts/Wrath of the Demon (USA).png</thumbnail><marquee>~/../thumbs/Commodore - CDTV/Named_Logos/Wrath of the Demon (USA).png</marquee></game>
<game><path>./Amiga CDTV Redump/Xenon 2 - Megablast (Europe) (En,Fr,De,It).zip</path><name>Xenon 2 - Megablast (Europe) (En,Fr,De,It)</name><image>~/../thumbs/Commodore - CDTV/Named_Snaps/Xenon 2 - Megablast (Europe) (En,Fr,De,It).png</image><titleshot>~/../thumbs/Commodore - CDTV/Named_Titles/Xenon 2 - Megablast (Europe) (En,Fr,De,It).png</titleshot><thumbnail>~/../thumbs/Commodore - CDTV/Named_Boxarts/Xenon 2 - Megablast (Europe) (En,Fr,De,It).png</thumbnail><marquee>~/../thumbs/Commodore - CDTV/Named_Logos/Xenon 2 - Megablast (Europe) (En,Fr,De,It).png</marquee></game>
<folder><path>./Amiga CDTV Redump</path><name>Amiga CDTV Redump</name><image>~/../thumb/amigacdtv.png</image></folder>
<game><path>./Amiga CDTV ISO/Battlestorm (1991)(Titus)[!].zip</path><name>Battlestorm (1991)(Titus)[!]</name><image>~/../thumbs/Commodore - CDTV/Named_Snaps/Battlestorm (1991)(Titus)[!].png</image><titleshot>~/../thumbs/Commodore - CDTV/Named_Titles/Battlestorm (1991)(Titus)[!].png</titleshot><thumbnail>~/../thumbs/Commodore - CDTV/Named_Boxarts/Battlestorm (1991)(Titus)[!].png</thumbnail><marquee>~/../thumbs/Commodore - CDTV/Named_Logos/Battlestorm (1991)(Titus)[!].png</marquee></game>
<game><path>./Amiga CDTV ISO/Case of the Cautious Condor, The (1990)(Tiger Media)[!].zip</path><name>Case of the Cautious Condor, The (1990)(Tiger Media)[!]</name><image>~/../thumbs/Commodore - CDTV/Named_Snaps/Case of the Cautious Condor, The (1990)(Tiger Media)[!].png</image><titleshot>~/../thumbs/Commodore - CDTV/Named_Titles/Case of the Cautious Condor, The (1990)(Tiger Media)[!].png</titleshot><thumbnail>~/../thumbs/Commodore - CDTV/Named_Boxarts/Case of the Cautious Condor, The (1990)(Tiger Media)[!].png</thumbnail><marquee>~/../thumbs/Commodore - CDTV/Named_Logos/Case of the Cautious Condor, The (1990)(Tiger Media)[!].png</marquee></game>
<game><path>./Amiga CDTV ISO/Chaos in Andromeda - Eyes of the Eagle (1992)(On-line)[!][1122-094-0321].zip</path><name>Chaos in Andromeda - Eyes of the Eagle (1992)(On-line)[!][1122-094-0321]</name><image>~/../thumbs/Commodore - CDTV/Named_Snaps/Chaos in Andromeda - Eyes of the Eagle (1992)(On-line)[!][1122-094-0321].png</image><titleshot>~/../thumbs/Commodore - CDTV/Named_Titles/Chaos in Andromeda - Eyes of the Eagle (1992)(On-line)[!][1122-094-0321].png</titleshot><thumbnail>~/../thumbs/Commodore - CDTV/Named_Boxarts/Chaos in Andromeda - Eyes of the Eagle (1992)(On-line)[!][1122-094-0321].png</thumbnail><marquee>~/../thumbs/Commodore - CDTV/Named_Logos/Chaos in Andromeda - Eyes of the Eagle (1992)(On-line)[!][1122-094-0321].png</marquee></game>
<game><path>./Amiga CDTV ISO/Cover Girl Strip Poker (1991)(Emotional Pictures)(DK)[92121507-01].zip</path><name>Cover Girl Strip Poker (1991)(Emotional Pictures)(DK)[92121507-01]</name><image>~/../thumbs/Commodore - CDTV/Named_Snaps/Cover Girl Strip Poker (1991)(Emotional Pictures)(DK)[92121507-01].png</image><titleshot>~/../thumbs/Commodore - CDTV/Named_Titles/Cover Girl Strip Poker (1991)(Emotional Pictures)(DK)[92121507-01].png</titleshot><thumbnail>~/../thumbs/Commodore - CDTV/Named_Boxarts/Cover Girl Strip Poker (1991)(Emotional Pictures)(DK)[92121507-01].png</thumbnail><marquee>~/../thumbs/Commodore - CDTV/Named_Logos/Cover Girl Strip Poker (1991)(Emotional Pictures)(DK)[92121507-01].png</marquee></game>
<game><path>./Amiga CDTV ISO/Cubulus & Magic Serpent (1991)(Software 2000)(DE)(en)[!][compilation].zip</path><name>Cubulus & Magic Serpent (1991)(Software 2000)(DE)(en)[!][compilation]</name><image>~/../thumbs/Commodore - CDTV/Named_Snaps/Cubulus & Magic Serpent (1991)(Software 2000)(DE)(en)[!][compilation].png</image><titleshot>~/../thumbs/Commodore - CDTV/Named_Titles/Cubulus & Magic Serpent (1991)(Software 2000)(DE)(en)[!][compilation].png</titleshot><thumbnail>~/../thumbs/Commodore - CDTV/Named_Boxarts/Cubulus & Magic Serpent (1991)(Software 2000)(DE)(en)[!][compilation].png</thumbnail><marquee>~/../thumbs/Commodore - CDTV/Named_Logos/Cubulus & Magic Serpent (1991)(Software 2000)(DE)(en)[!][compilation].png</marquee></game>
<game><path>./Amiga CDTV ISO/Curse of RA, The (1992)(Rainbow Arts)[!].zip</path><name>Curse of RA, The (1992)(Rainbow Arts)[!]</name><image>~/../thumbs/Commodore - CDTV/Named_Snaps/Curse of RA, The (1992)(Rainbow Arts)[!].png</image><titleshot>~/../thumbs/Commodore - CDTV/Named_Titles/Curse of RA, The (1992)(Rainbow Arts)[!].png</titleshot><thumbnail>~/../thumbs/Commodore - CDTV/Named_Boxarts/Curse of RA, The (1992)(Rainbow Arts)[!].png</thumbnail><marquee>~/../thumbs/Commodore - CDTV/Named_Logos/Curse of RA, The (1992)(Rainbow Arts)[!].png</marquee></game>
<game><path>./Amiga CDTV ISO/Defender of the Crown (1991)(CDTV Publishing)[!].zip</path><name>Defender of the Crown (1991)(CDTV Publishing)[!]</name><image>~/../thumbs/Commodore - CDTV/Named_Snaps/Defender of the Crown (1991)(CDTV Publishing)[!].png</image><titleshot>~/../thumbs/Commodore - CDTV/Named_Titles/Defender of the Crown (1991)(CDTV Publishing)[!].png</titleshot><thumbnail>~/../thumbs/Commodore - CDTV/Named_Boxarts/Defender of the Crown (1991)(CDTV Publishing)[!].png</thumbnail><marquee>~/../thumbs/Commodore - CDTV/Named_Logos/Defender of the Crown (1991)(CDTV Publishing)[!].png</marquee></game>
<game><path>./Amiga CDTV ISO/E.S.S Mega (1991)(Coktel)[CDTV ESS MEGA MPO 02].zip</path><name>E.S.S Mega (1991)(Coktel)[CDTV ESS MEGA MPO 02]</name><image>~/../thumbs/Commodore - CDTV/Named_Snaps/E.S.S Mega (1991)(Coktel)[CDTV ESS MEGA MPO 02].png</image><titleshot>~/../thumbs/Commodore - CDTV/Named_Titles/E.S.S Mega (1991)(Coktel)[CDTV ESS MEGA MPO 02].png</titleshot><thumbnail>~/../thumbs/Commodore - CDTV/Named_Boxarts/E.S.S Mega (1991)(Coktel)[CDTV ESS MEGA MPO 02].png</thumbnail><marquee>~/../thumbs/Commodore - CDTV/Named_Logos/E.S.S Mega (1991)(Coktel)[CDTV ESS MEGA MPO 02].png</marquee></game>
<game><path>./Amiga CDTV ISO/Fantastic Voyage (1992)(Centaur).zip</path><name>Fantastic Voyage (1992)(Centaur)</name><image>~/../thumbs/Commodore - CDTV/Named_Snaps/Fantastic Voyage (1992)(Centaur).png</image><titleshot>~/../thumbs/Commodore - CDTV/Named_Titles/Fantastic Voyage (1992)(Centaur).png</titleshot><thumbnail>~/../thumbs/Commodore - CDTV/Named_Boxarts/Fantastic Voyage (1992)(Centaur).png</thumbnail><marquee>~/../thumbs/Commodore - CDTV/Named_Logos/Fantastic Voyage (1992)(Centaur).png</marquee></game>
<game><path>./Amiga CDTV ISO/Guy Spy and the Crystals of Armageddon v1.0 (1992)(ReadySoft)[!][CDTV-PC].zip</path><name>Guy Spy and the Crystals of Armageddon v1.0 (1992)(ReadySoft)[!][CDTV-PC]</name><image>~/../thumbs/Commodore - CDTV/Named_Snaps/Guy Spy and the Crystals of Armageddon v1.0 (1992)(ReadySoft)[!][CDTV-PC].png</image><titleshot>~/../thumbs/Commodore - CDTV/Named_Titles/Guy Spy and the Crystals of Armageddon v1.0 (1992)(ReadySoft)[!][CDTV-PC].png</titleshot><thumbnail>~/../thumbs/Commodore - CDTV/Named_Boxarts/Guy Spy and the Crystals of Armageddon v1.0 (1992)(ReadySoft)[!][CDTV-PC].png</thumbnail><marquee>~/../thumbs/Commodore - CDTV/Named_Logos/Guy Spy and the Crystals of Armageddon v1.0 (1992)(ReadySoft)[!][CDTV-PC].png</marquee></game>
<game><path>./Amiga CDTV ISO/Hound of the Baskervilles, The (1991)(On-line)[!].zip</path><name>Hound of the Baskervilles, The (1991)(On-line)[!]</name><image>~/../thumbs/Commodore - CDTV/Named_Snaps/Hound of the Baskervilles, The (1991)(On-line)[!].png</image><titleshot>~/../thumbs/Commodore - CDTV/Named_Titles/Hound of the Baskervilles, The (1991)(On-line)[!].png</titleshot><thumbnail>~/../thumbs/Commodore - CDTV/Named_Boxarts/Hound of the Baskervilles, The (1991)(On-line)[!].png</thumbnail><marquee>~/../thumbs/Commodore - CDTV/Named_Logos/Hound of the Baskervilles, The (1991)(On-line)[!].png</marquee></game>
<game><path>./Amiga CDTV ISO/Indiana Jones and the Last Crusade (1992)(Softgold)(DE)[!][cp code].zip</path><name>Indiana Jones and the Last Crusade (1992)(Softgold)(DE)[!][cp code]</name><image>~/../thumbs/Commodore - CDTV/Named_Snaps/Indiana Jones and the Last Crusade (1992)(Softgold)(DE)[!][cp code].png</image><titleshot>~/../thumbs/Commodore - CDTV/Named_Titles/Indiana Jones and the Last Crusade (1992)(Softgold)(DE)[!][cp code].png</titleshot><thumbnail>~/../thumbs/Commodore - CDTV/Named_Boxarts/Indiana Jones and the Last Crusade (1992)(Softgold)(DE)[!][cp code].png</thumbnail><marquee>~/../thumbs/Commodore - CDTV/Named_Logos/Indiana Jones and the Last Crusade (1992)(Softgold)(DE)[!][cp code].png</marquee></game>
<game><path>./Amiga CDTV ISO/Lemmings (1994)(Psygnosis)[!].zip</path><name>Lemmings (1994)(Psygnosis)[!]</name><image>~/../thumbs/Commodore - CDTV/Named_Snaps/Lemmings (1994)(Psygnosis)[!].png</image><titleshot>~/../thumbs/Commodore - CDTV/Named_Titles/Lemmings (1994)(Psygnosis)[!].png</titleshot><thumbnail>~/../thumbs/Commodore - CDTV/Named_Boxarts/Lemmings (1994)(Psygnosis)[!].png</thumbnail><marquee>~/../thumbs/Commodore - CDTV/Named_Logos/Lemmings (1994)(Psygnosis)[!].png</marquee></game>
<game><path>./Amiga CDTV ISO/Lettrix & Shiftrix (1991)(Software 2000)(DE)[!].zip</path><name>Lettrix & Shiftrix (1991)(Software 2000)(DE)[!]</name><image>~/../thumbs/Commodore - CDTV/Named_Snaps/Lettrix & Shiftrix (1991)(Software 2000)(DE)[!].png</image><titleshot>~/../thumbs/Commodore - CDTV/Named_Titles/Lettrix & Shiftrix (1991)(Software 2000)(DE)[!].png</titleshot><thumbnail>~/../thumbs/Commodore - CDTV/Named_Boxarts/Lettrix & Shiftrix (1991)(Software 2000)(DE)[!].png</thumbnail><marquee>~/../thumbs/Commodore - CDTV/Named_Logos/Lettrix & Shiftrix (1991)(Software 2000)(DE)[!].png</marquee></game>
<game><path>./Amiga CDTV ISO/Log!cal (1992)(Rainbow Arts)[!].zip</path><name>Log!cal (1992)(Rainbow Arts)[!]</name><image>~/../thumbs/Commodore - CDTV/Named_Snaps/Log!cal (1992)(Rainbow Arts)[!].png</image><titleshot>~/../thumbs/Commodore - CDTV/Named_Titles/Log!cal (1992)(Rainbow Arts)[!].png</titleshot><thumbnail>~/../thumbs/Commodore - CDTV/Named_Boxarts/Log!cal (1992)(Rainbow Arts)[!].png</thumbnail><marquee>~/../thumbs/Commodore - CDTV/Named_Logos/Log!cal (1992)(Rainbow Arts)[!].png</marquee></game>
<game><path>./Amiga CDTV ISO/Logical (1991)(Rainbow Arts).zip</path><name>Logical (1991)(Rainbow Arts)</name><image>~/../thumbs/Commodore - CDTV/Named_Snaps/Logical (1991)(Rainbow Arts).png</image><titleshot>~/../thumbs/Commodore - CDTV/Named_Titles/Logical (1991)(Rainbow Arts).png</titleshot><thumbnail>~/../thumbs/Commodore - CDTV/Named_Boxarts/Logical (1991)(Rainbow Arts).png</thumbnail><marquee>~/../thumbs/Commodore - CDTV/Named_Logos/Logical (1991)(Rainbow Arts).png</marquee></game>
<game><path>./Amiga CDTV ISO/Loom (1990)(Lucasfilm)(DE)[manual protection][F-9002].zip</path><name>Loom (1990)(Lucasfilm)(DE)[manual protection][F-9002]</name><image>~/../thumbs/Commodore - CDTV/Named_Snaps/Loom (1990)(Lucasfilm)(DE)[manual protection][F-9002].png</image><titleshot>~/../thumbs/Commodore - CDTV/Named_Titles/Loom (1990)(Lucasfilm)(DE)[manual protection][F-9002].png</titleshot><thumbnail>~/../thumbs/Commodore - CDTV/Named_Boxarts/Loom (1990)(Lucasfilm)(DE)[manual protection][F-9002].png</thumbnail><marquee>~/../thumbs/Commodore - CDTV/Named_Logos/Loom (1990)(Lucasfilm)(DE)[manual protection][F-9002].png</marquee></game>
<game><path>./Amiga CDTV ISO/Mind Run (1991)(Crealude)(FR)(M6)[!][CFI MINDRUM 91148].zip</path><name>Mind Run (1991)(Crealude)(FR)(M6)[!][CFI MINDRUM 91148]</name><image>~/../thumbs/Commodore - CDTV/Named_Snaps/Mind Run (1991)(Crealude)(FR)(M6)[!][CFI MINDRUM 91148].png</image><titleshot>~/../thumbs/Commodore - CDTV/Named_Titles/Mind Run (1991)(Crealude)(FR)(M6)[!][CFI MINDRUM 91148].png</titleshot><thumbnail>~/../thumbs/Commodore - CDTV/Named_Boxarts/Mind Run (1991)(Crealude)(FR)(M6)[!][CFI MINDRUM 91148].png</thumbnail><marquee>~/../thumbs/Commodore - CDTV/Named_Logos/Mind Run (1991)(Crealude)(FR)(M6)[!][CFI MINDRUM 91148].png</marquee></game>
<game><path>./Amiga CDTV ISO/Mind Run (1991)(Crealude)(FR)(M6)[CFI MINDRUM 91137].zip</path><name>Mind Run (1991)(Crealude)(FR)(M6)[CFI MINDRUM 91137]</name><image>~/../thumbs/Commodore - CDTV/Named_Snaps/Mind Run (1991)(Crealude)(FR)(M6)[CFI MINDRUM 91137].png</image><titleshot>~/../thumbs/Commodore - CDTV/Named_Titles/Mind Run (1991)(Crealude)(FR)(M6)[CFI MINDRUM 91137].png</titleshot><thumbnail>~/../thumbs/Commodore - CDTV/Named_Boxarts/Mind Run (1991)(Crealude)(FR)(M6)[CFI MINDRUM 91137].png</thumbnail><marquee>~/../thumbs/Commodore - CDTV/Named_Logos/Mind Run (1991)(Crealude)(FR)(M6)[CFI MINDRUM 91137].png</marquee></game>
<game><path>./Amiga CDTV ISO/Power Pinball (1990)(KarmaSoft).zip</path><name>Power Pinball (1990)(KarmaSoft)</name><image>~/../thumbs/Commodore - CDTV/Named_Snaps/Power Pinball (1990)(KarmaSoft).png</image><titleshot>~/../thumbs/Commodore - CDTV/Named_Titles/Power Pinball (1990)(KarmaSoft).png</titleshot><thumbnail>~/../thumbs/Commodore - CDTV/Named_Boxarts/Power Pinball (1990)(KarmaSoft).png</thumbnail><marquee>~/../thumbs/Commodore - CDTV/Named_Logos/Power Pinball (1990)(KarmaSoft).png</marquee></game>
<game><path>./Amiga CDTV ISO/Prehistorik (1991)(Titus)[!].zip</path><name>Prehistorik (1991)(Titus)[!]</name><image>~/../thumbs/Commodore - CDTV/Named_Snaps/Prehistorik (1991)(Titus)[!].png</image><titleshot>~/../thumbs/Commodore - CDTV/Named_Titles/Prehistorik (1991)(Titus)[!].png</titleshot><thumbnail>~/../thumbs/Commodore - CDTV/Named_Boxarts/Prehistorik (1991)(Titus)[!].png</thumbnail><marquee>~/../thumbs/Commodore - CDTV/Named_Logos/Prehistorik (1991)(Titus)[!].png</marquee></game>
<game><path>./Amiga CDTV ISO/Psycho Killer (1992)(On-line)[!][U2A2030UB].zip</path><name>Psycho Killer (1992)(On-line)[!][U2A2030UB]</name><image>~/../thumbs/Commodore - CDTV/Named_Snaps/Psycho Killer (1992)(On-line)[!][U2A2030UB].png</image><titleshot>~/../thumbs/Commodore - CDTV/Named_Titles/Psycho Killer (1992)(On-line)[!][U2A2030UB].png</titleshot><thumbnail>~/../thumbs/Commodore - CDTV/Named_Boxarts/Psycho Killer (1992)(On-line)[!][U2A2030UB].png</thumbnail><marquee>~/../thumbs/Commodore - CDTV/Named_Logos/Psycho Killer (1992)(On-line)[!][U2A2030UB].png</marquee></game>
<game><path>./Amiga CDTV ISO/Raffles (1991)(Edge)[Amiga-CDTV].zip</path><name>Raffles (1991)(Edge)[Amiga-CDTV]</name><image>~/../thumbs/Commodore - CDTV/Named_Snaps/Raffles (1991)(Edge)[Amiga-CDTV].png</image><titleshot>~/../thumbs/Commodore - CDTV/Named_Titles/Raffles (1991)(Edge)[Amiga-CDTV].png</titleshot><thumbnail>~/../thumbs/Commodore - CDTV/Named_Boxarts/Raffles (1991)(Edge)[Amiga-CDTV].png</thumbnail><marquee>~/../thumbs/Commodore - CDTV/Named_Logos/Raffles (1991)(Edge)[Amiga-CDTV].png</marquee></game>
<game><path>./Amiga CDTV ISO/Sim City (1991)(Infogrames)(M5)[!].zip</path><name>Sim City (1991)(Infogrames)(M5)[!]</name><image>~/../thumbs/Commodore - CDTV/Named_Snaps/Sim City (1991)(Infogrames)(M5)[!].png</image><titleshot>~/../thumbs/Commodore - CDTV/Named_Titles/Sim City (1991)(Infogrames)(M5)[!].png</titleshot><thumbnail>~/../thumbs/Commodore - CDTV/Named_Boxarts/Sim City (1991)(Infogrames)(M5)[!].png</thumbnail><marquee>~/../thumbs/Commodore - CDTV/Named_Logos/Sim City (1991)(Infogrames)(M5)[!].png</marquee></game>
<game><path>./Amiga CDTV ISO/Snoopy - The Case of the Missing Blanket (1991)(Edge)[!].zip</path><name>Snoopy - The Case of the Missing Blanket (1991)(Edge)[!]</name><image>~/../thumbs/Commodore - CDTV/Named_Snaps/Snoopy - The Case of the Missing Blanket (1991)(Edge)[!].png</image><titleshot>~/../thumbs/Commodore - CDTV/Named_Titles/Snoopy - The Case of the Missing Blanket (1991)(Edge)[!].png</titleshot><thumbnail>~/../thumbs/Commodore - CDTV/Named_Boxarts/Snoopy - The Case of the Missing Blanket (1991)(Edge)[!].png</thumbnail><marquee>~/../thumbs/Commodore - CDTV/Named_Logos/Snoopy - The Case of the Missing Blanket (1991)(Edge)[!].png</marquee></game>
<game><path>./Amiga CDTV ISO/Stadt der Loewen, Die (1991)(Software 2000)(DE).zip</path><name>Stadt der Loewen, Die (1991)(Software 2000)(DE)</name><image>~/../thumbs/Commodore - CDTV/Named_Snaps/Stadt der Loewen, Die (1991)(Software 2000)(DE).png</image><titleshot>~/../thumbs/Commodore - CDTV/Named_Titles/Stadt der Loewen, Die (1991)(Software 2000)(DE).png</titleshot><thumbnail>~/../thumbs/Commodore - CDTV/Named_Boxarts/Stadt der Loewen, Die (1991)(Software 2000)(DE).png</thumbnail><marquee>~/../thumbs/Commodore - CDTV/Named_Logos/Stadt der Loewen, Die (1991)(Software 2000)(DE).png</marquee></game>
<game><path>./Amiga CDTV ISO/Super Games Pak (1991)(Odyssey)[!][compilation].zip</path><name>Super Games Pak (1991)(Odyssey)[!][compilation]</name><image>~/../thumbs/Commodore - CDTV/Named_Snaps/Super Games Pak (1991)(Odyssey)[!][compilation].png</image><titleshot>~/../thumbs/Commodore - CDTV/Named_Titles/Super Games Pak (1991)(Odyssey)[!][compilation].png</titleshot><thumbnail>~/../thumbs/Commodore - CDTV/Named_Boxarts/Super Games Pak (1991)(Odyssey)[!][compilation].png</thumbnail><marquee>~/../thumbs/Commodore - CDTV/Named_Logos/Super Games Pak (1991)(Odyssey)[!][compilation].png</marquee></game>
<game><path>./Amiga CDTV ISO/Team Yankee (1995)(Almathera)[!][compilation Ten On Ten].zip</path><name>Team Yankee (1995)(Almathera)[!][compilation Ten On Ten]</name><image>~/../thumbs/Commodore - CDTV/Named_Snaps/Team Yankee (1995)(Almathera)[!][compilation Ten On Ten].png</image><titleshot>~/../thumbs/Commodore - CDTV/Named_Titles/Team Yankee (1995)(Almathera)[!][compilation Ten On Ten].png</titleshot><thumbnail>~/../thumbs/Commodore - CDTV/Named_Boxarts/Team Yankee (1995)(Almathera)[!][compilation Ten On Ten].png</thumbnail><marquee>~/../thumbs/Commodore - CDTV/Named_Logos/Team Yankee (1995)(Almathera)[!][compilation Ten On Ten].png</marquee></game>
<game><path>./Amiga CDTV ISO/Tie Break (1991)(Starbyte)[!].zip</path><name>Tie Break (1991)(Starbyte)[!]</name><image>~/../thumbs/Commodore - CDTV/Named_Snaps/Tie Break (1991)(Starbyte)[!].png</image><titleshot>~/../thumbs/Commodore - CDTV/Named_Titles/Tie Break (1991)(Starbyte)[!].png</titleshot><thumbnail>~/../thumbs/Commodore - CDTV/Named_Boxarts/Tie Break (1991)(Starbyte)[!].png</thumbnail><marquee>~/../thumbs/Commodore - CDTV/Named_Logos/Tie Break (1991)(Starbyte)[!].png</marquee></game>
<game><path>./Amiga CDTV ISO/Town With No Name (1992)(On-line)(M6)[!][CDTV-TOWNS].zip</path><name>Town With No Name (1992)(On-line)(M6)[!][CDTV-TOWNS]</name><image>~/../thumbs/Commodore - CDTV/Named_Snaps/Town With No Name (1992)(On-line)(M6)[!][CDTV-TOWNS].png</image><titleshot>~/../thumbs/Commodore - CDTV/Named_Titles/Town With No Name (1992)(On-line)(M6)[!][CDTV-TOWNS].png</titleshot><thumbnail>~/../thumbs/Commodore - CDTV/Named_Boxarts/Town With No Name (1992)(On-line)(M6)[!][CDTV-TOWNS].png</thumbnail><marquee>~/../thumbs/Commodore - CDTV/Named_Logos/Town With No Name (1992)(On-line)(M6)[!][CDTV-TOWNS].png</marquee></game>
<game><path>./Amiga CDTV ISO/Trivial Pursuit - The CDTV Edition v1.0A (1991)(Domark)(PAL)(Disc 1 of 2)[!][Amiga-CDTV].zip</path><name>Trivial Pursuit - The CDTV Edition v1.0A (1991)(Domark)(PAL)(Disc 1 of 2)[!][Amiga-CDTV]</name><image>~/../thumbs/Commodore - CDTV/Named_Snaps/Trivial Pursuit - The CDTV Edition v1.0A (1991)(Domark)(PAL)(Disc 1 of 2)[!][Amiga-CDTV].png</image><titleshot>~/../thumbs/Commodore - CDTV/Named_Titles/Trivial Pursuit - The CDTV Edition v1.0A (1991)(Domark)(PAL)(Disc 1 of 2)[!][Amiga-CDTV].png</titleshot><thumbnail>~/../thumbs/Commodore - CDTV/Named_Boxarts/Trivial Pursuit - The CDTV Edition v1.0A (1991)(Domark)(PAL)(Disc 1 of 2)[!][Amiga-CDTV].png</thumbnail><marquee>~/../thumbs/Commodore - CDTV/Named_Logos/Trivial Pursuit - The CDTV Edition v1.0A (1991)(Domark)(PAL)(Disc 1 of 2)[!][Amiga-CDTV].png</marquee></game>
<game><path>./Amiga CDTV ISO/Trivial Pursuit - The CDTV Edition v1.0A (1991)(Domark)(PAL)(Disc 2 of 2)[!][Amiga-CDTV].zip</path><name>Trivial Pursuit - The CDTV Edition v1.0A (1991)(Domark)(PAL)(Disc 2 of 2)[!][Amiga-CDTV]</name><image>~/../thumbs/Commodore - CDTV/Named_Snaps/Trivial Pursuit - The CDTV Edition v1.0A (1991)(Domark)(PAL)(Disc 2 of 2)[!][Amiga-CDTV].png</image><titleshot>~/../thumbs/Commodore - CDTV/Named_Titles/Trivial Pursuit - The CDTV Edition v1.0A (1991)(Domark)(PAL)(Disc 2 of 2)[!][Amiga-CDTV].png</titleshot><thumbnail>~/../thumbs/Commodore - CDTV/Named_Boxarts/Trivial Pursuit - The CDTV Edition v1.0A (1991)(Domark)(PAL)(Disc 2 of 2)[!][Amiga-CDTV].png</thumbnail><marquee>~/../thumbs/Commodore - CDTV/Named_Logos/Trivial Pursuit - The CDTV Edition v1.0A (1991)(Domark)(PAL)(Disc 2 of 2)[!][Amiga-CDTV].png</marquee></game>
<game><path>./Amiga CDTV ISO/Turrican (1992)(Rainbow Arts).zip</path><name>Turrican (1992)(Rainbow Arts)</name><image>~/../thumbs/Commodore - CDTV/Named_Snaps/Turrican (1992)(Rainbow Arts).png</image><titleshot>~/../thumbs/Commodore - CDTV/Named_Titles/Turrican (1992)(Rainbow Arts).png</titleshot><thumbnail>~/../thumbs/Commodore - CDTV/Named_Boxarts/Turrican (1992)(Rainbow Arts).png</thumbnail><marquee>~/../thumbs/Commodore - CDTV/Named_Logos/Turrican (1992)(Rainbow Arts).png</marquee></game>
<game><path>./Amiga CDTV ISO/Ultimate Basketball! (1991)(Context Systems)[!].zip</path><name>Ultimate Basketball! (1991)(Context Systems)[!]</name><image>~/../thumbs/Commodore - CDTV/Named_Snaps/Ultimate Basketball! (1991)(Context Systems)[!].png</image><titleshot>~/../thumbs/Commodore - CDTV/Named_Titles/Ultimate Basketball! (1991)(Context Systems)[!].png</titleshot><thumbnail>~/../thumbs/Commodore - CDTV/Named_Boxarts/Ultimate Basketball! (1991)(Context Systems)[!].png</thumbnail><marquee>~/../thumbs/Commodore - CDTV/Named_Logos/Ultimate Basketball! (1991)(Context Systems)[!].png</marquee></game>
<game><path>./Amiga CDTV ISO/Will Bridge - Practice 1 - Introduction to Bidding (1991)(Will Bridge).zip</path><name>Will Bridge - Practice 1 - Introduction to Bidding (1991)(Will Bridge)</name><image>~/../thumbs/Commodore - CDTV/Named_Snaps/Will Bridge - Practice 1 - Introduction to Bidding (1991)(Will Bridge).png</image><titleshot>~/../thumbs/Commodore - CDTV/Named_Titles/Will Bridge - Practice 1 - Introduction to Bidding (1991)(Will Bridge).png</titleshot><thumbnail>~/../thumbs/Commodore - CDTV/Named_Boxarts/Will Bridge - Practice 1 - Introduction to Bidding (1991)(Will Bridge).png</thumbnail><marquee>~/../thumbs/Commodore - CDTV/Named_Logos/Will Bridge - Practice 1 - Introduction to Bidding (1991)(Will Bridge).png</marquee></game>
<game><path>./Amiga CDTV ISO/Will Bridge - Practice 2 - Intermediate (1991)(Will Bridge).zip</path><name>Will Bridge - Practice 2 - Intermediate (1991)(Will Bridge)</name><image>~/../thumbs/Commodore - CDTV/Named_Snaps/Will Bridge - Practice 2 - Intermediate (1991)(Will Bridge).png</image><titleshot>~/../thumbs/Commodore - CDTV/Named_Titles/Will Bridge - Practice 2 - Intermediate (1991)(Will Bridge).png</titleshot><thumbnail>~/../thumbs/Commodore - CDTV/Named_Boxarts/Will Bridge - Practice 2 - Intermediate (1991)(Will Bridge).png</thumbnail><marquee>~/../thumbs/Commodore - CDTV/Named_Logos/Will Bridge - Practice 2 - Intermediate (1991)(Will Bridge).png</marquee></game>
<game><path>./Amiga CDTV ISO/Will Bridge - Practice 2 - Perfectionnement (1991)(Will Bridge)(FR)[!].zip</path><name>Will Bridge - Practice 2 - Perfectionnement (1991)(Will Bridge)(FR)[!]</name><image>~/../thumbs/Commodore - CDTV/Named_Snaps/Will Bridge - Practice 2 - Perfectionnement (1991)(Will Bridge)(FR)[!].png</image><titleshot>~/../thumbs/Commodore - CDTV/Named_Titles/Will Bridge - Practice 2 - Perfectionnement (1991)(Will Bridge)(FR)[!].png</titleshot><thumbnail>~/../thumbs/Commodore - CDTV/Named_Boxarts/Will Bridge - Practice 2 - Perfectionnement (1991)(Will Bridge)(FR)[!].png</thumbnail><marquee>~/../thumbs/Commodore - CDTV/Named_Logos/Will Bridge - Practice 2 - Perfectionnement (1991)(Will Bridge)(FR)[!].png</marquee></game>
<game><path>./Amiga CDTV ISO/Will Bridge - Practice 3 - Standard (1991)(Will Bridge)(FR).zip</path><name>Will Bridge - Practice 3 - Standard (1991)(Will Bridge)(FR)</name><image>~/../thumbs/Commodore - CDTV/Named_Snaps/Will Bridge - Practice 3 - Standard (1991)(Will Bridge)(FR).png</image><titleshot>~/../thumbs/Commodore - CDTV/Named_Titles/Will Bridge - Practice 3 - Standard (1991)(Will Bridge)(FR).png</titleshot><thumbnail>~/../thumbs/Commodore - CDTV/Named_Boxarts/Will Bridge - Practice 3 - Standard (1991)(Will Bridge)(FR).png</thumbnail><marquee>~/../thumbs/Commodore - CDTV/Named_Logos/Will Bridge - Practice 3 - Standard (1991)(Will Bridge)(FR).png</marquee></game>
<game><path>./Amiga CDTV ISO/Will Bridge - Practice 4 - Competition (1991)(Will Bridge)(FR)[!].zip</path><name>Will Bridge - Practice 4 - Competition (1991)(Will Bridge)(FR)[!]</name><image>~/../thumbs/Commodore - CDTV/Named_Snaps/Will Bridge - Practice 4 - Competition (1991)(Will Bridge)(FR)[!].png</image><titleshot>~/../thumbs/Commodore - CDTV/Named_Titles/Will Bridge - Practice 4 - Competition (1991)(Will Bridge)(FR)[!].png</titleshot><thumbnail>~/../thumbs/Commodore - CDTV/Named_Boxarts/Will Bridge - Practice 4 - Competition (1991)(Will Bridge)(FR)[!].png</thumbnail><marquee>~/../thumbs/Commodore - CDTV/Named_Logos/Will Bridge - Practice 4 - Competition (1991)(Will Bridge)(FR)[!].png</marquee></game>
<game><path>./Amiga CDTV ISO/Will Bridge - Practice 4 - Competition (1991)(Will Bridge).zip</path><name>Will Bridge - Practice 4 - Competition (1991)(Will Bridge)</name><image>~/../thumbs/Commodore - CDTV/Named_Snaps/Will Bridge - Practice 4 - Competition (1991)(Will Bridge).png</image><titleshot>~/../thumbs/Commodore - CDTV/Named_Titles/Will Bridge - Practice 4 - Competition (1991)(Will Bridge).png</titleshot><thumbnail>~/../thumbs/Commodore - CDTV/Named_Boxarts/Will Bridge - Practice 4 - Competition (1991)(Will Bridge).png</thumbnail><marquee>~/../thumbs/Commodore - CDTV/Named_Logos/Will Bridge - Practice 4 - Competition (1991)(Will Bridge).png</marquee></game>
<game><path>./Amiga CDTV ISO/Will Bridge - Practice 5 - Haute Competition (1991)(Will Bridge)(FR).zip</path><name>Will Bridge - Practice 5 - Haute Competition (1991)(Will Bridge)(FR)</name><image>~/../thumbs/Commodore - CDTV/Named_Snaps/Will Bridge - Practice 5 - Haute Competition (1991)(Will Bridge)(FR).png</image><titleshot>~/../thumbs/Commodore - CDTV/Named_Titles/Will Bridge - Practice 5 - Haute Competition (1991)(Will Bridge)(FR).png</titleshot><thumbnail>~/../thumbs/Commodore - CDTV/Named_Boxarts/Will Bridge - Practice 5 - Haute Competition (1991)(Will Bridge)(FR).png</thumbnail><marquee>~/../thumbs/Commodore - CDTV/Named_Logos/Will Bridge - Practice 5 - Haute Competition (1991)(Will Bridge)(FR).png</marquee></game>
<game><path>./Amiga CDTV ISO/Winzer v1.15 (1992)(Starbyte)(DE)[!].zip</path><name>Winzer v1.15 (1992)(Starbyte)(DE)[!]</name><image>~/../thumbs/Commodore - CDTV/Named_Snaps/Winzer v1.15 (1992)(Starbyte)(DE)[!].png</image><titleshot>~/../thumbs/Commodore - CDTV/Named_Titles/Winzer v1.15 (1992)(Starbyte)(DE)[!].png</titleshot><thumbnail>~/../thumbs/Commodore - CDTV/Named_Boxarts/Winzer v1.15 (1992)(Starbyte)(DE)[!].png</thumbnail><marquee>~/../thumbs/Commodore - CDTV/Named_Logos/Winzer v1.15 (1992)(Starbyte)(DE)[!].png</marquee></game>
<game><path>./Amiga CDTV ISO/Wrath of the Demon (1990)(ReadySoft)[!].zip</path><name>Wrath of the Demon (1990)(ReadySoft)[!]</name><image>~/../thumbs/Commodore - CDTV/Named_Snaps/Wrath of the Demon (1990)(ReadySoft)[!].png</image><titleshot>~/../thumbs/Commodore - CDTV/Named_Titles/Wrath of the Demon (1990)(ReadySoft)[!].png</titleshot><thumbnail>~/../thumbs/Commodore - CDTV/Named_Boxarts/Wrath of the Demon (1990)(ReadySoft)[!].png</thumbnail><marquee>~/../thumbs/Commodore - CDTV/Named_Logos/Wrath of the Demon (1990)(ReadySoft)[!].png</marquee></game>
<folder><path>./Amiga CDTV ISO</path><name>Amiga CDTV ISO</name><image>~/../thumb/amigacdtv.png</image></folder>
</gameList>
