<gameList>
<game><path>./Bally Astrocade NoIntro/280 Zzzap ~ Dodgem (USA).zip</path><name>280 Zzzap ~ Dodgem (USA)</name><image>~/../thumbs/Bally - Astrocade/Named_Snaps/280 Zzzap ~ Dodgem (USA).png</image></game>
<game><path>./Bally Astrocade NoIntro/Amazing Maze ~ Tic-Tac-Toe (USA).zip</path><name>Amazing Maze ~ Tic-Tac-Toe (USA)</name><image>~/../thumbs/Bally - Astrocade/Named_Snaps/Amazing Maze ~ Tic-Tac-Toe (USA).png</image></game>
<game><path>./Bally Astrocade NoIntro/Artillery Duel (USA) (Proto) (Alt).zip</path><name>Artillery Duel (USA) (Proto) (Alt)</name><image>~/../thumbs/Bally - Astrocade/Named_Snaps/Artillery Duel (USA).png</image></game>
<game><path>./Bally Astrocade NoIntro/Artillery Duel (USA) (Proto).zip</path><name>Artillery Duel (USA) (Proto)</name><image>~/../thumbs/Bally - Astrocade/Named_Snaps/Artillery Duel (USA).png</image></game>
<game><path>./Bally Astrocade NoIntro/Astro Battle (USA).zip</path><name>Astro Battle (USA)</name><image>~/../thumbs/Bally - Astrocade/Named_Snaps/Astro Battle (USA).png</image></game>
<game><path>./Bally Astrocade NoIntro/Bally Black Box (USA).zip</path><name>Bally Black Box (USA)</name><image>~/../thumbs/Bally - Astrocade/Named_Snaps/Bally Black Box (USA).png</image></game>
<game><path>./Bally Astrocade NoIntro/Bally Pin (USA).zip</path><name>Bally Pin (USA)</name><image>~/../thumbs/Bally - Astrocade/Named_Snaps/Bally Pin (USA).png</image></game>
<game><path>./Bally Astrocade NoIntro/Blackjack ~ Poker ~ Acey-Duecy (USA).zip</path><name>Blackjack ~ Poker ~ Acey-Duecy (USA)</name><image>~/../thumbs/Bally - Astrocade/Named_Snaps/Blackjack ~ Poker ~ Acey-Duecy (USA).png</image></game>
<game><path>./Bally Astrocade NoIntro/Blast Droids (USA).zip</path><name>Blast Droids (USA)</name><image>~/../thumbs/Bally - Astrocade/Named_Snaps/Blast Droids (USA).png</image></game>
<game><path>./Bally Astrocade NoIntro/Bowling (USA) (Proto).zip</path><name>Bowling (USA) (Proto)</name><image>~/../thumbs/Bally - Astrocade/Named_Snaps/Bowling (USA).png</image></game>
<game><path>./Bally Astrocade NoIntro/Candyman (USA).zip</path><name>Candyman (USA)</name><image>~/../thumbs/Bally - Astrocade/Named_Snaps/Candyman (USA).png</image></game>
<game><path>./Bally Astrocade NoIntro/Checkers (USA) (Proto).zip</path><name>Checkers (USA) (Proto)</name><image>~/../thumbs/Bally - Astrocade/Named_Snaps/Checkers (USA).png</image></game>
<game><path>./Bally Astrocade NoIntro/Chicken (USA).zip</path><name>Chicken (USA)</name><image>~/../thumbs/Bally - Astrocade/Named_Snaps/Chicken (USA).png</image></game>
<game><path>./Bally Astrocade NoIntro/Claim Jumper (USA).zip</path><name>Claim Jumper (USA)</name><image>~/../thumbs/Bally - Astrocade/Named_Snaps/Claim Jumper (USA).png</image></game>
<game><path>./Bally Astrocade NoIntro/Clowns ~ Brickyard (USA).zip</path><name>Clowns ~ Brickyard (USA)</name><image>~/../thumbs/Bally - Astrocade/Named_Snaps/Clowns ~ Brickyard (USA).png</image></game>
<game><path>./Bally Astrocade NoIntro/Conan the Barbarian (USA) (Proto).zip</path><name>Conan the Barbarian (USA) (Proto)</name><image>~/../thumbs/Bally - Astrocade/Named_Snaps/Conan the Barbarian (USA).png</image></game>
<game><path>./Bally Astrocade NoIntro/Conan the Barbarian (USA).zip</path><name>Conan the Barbarian (USA)</name><image>~/../thumbs/Bally - Astrocade/Named_Snaps/Conan the Barbarian (USA).png</image></game>
<game><path>./Bally Astrocade NoIntro/Cosmic Raider (USA).zip</path><name>Cosmic Raider (USA)</name><image>~/../thumbs/Bally - Astrocade/Named_Snaps/Cosmic Raider (USA).png</image></game>
<game><path>./Bally Astrocade NoIntro/Cosmic Raiders (USA) (Proto) (Alt).zip</path><name>Cosmic Raiders (USA) (Proto) (Alt)</name><image>~/../thumbs/Bally - Astrocade/Named_Snaps/Cosmic Raiders (USA).png</image></game>
<game><path>./Bally Astrocade NoIntro/Cosmic Raiders (USA) (Proto).zip</path><name>Cosmic Raiders (USA) (Proto)</name><image>~/../thumbs/Bally - Astrocade/Named_Snaps/Cosmic Raiders (USA).png</image></game>
<game><path>./Bally Astrocade NoIntro/Cosmic Raiders (v3.5) (USA) (Proto).zip</path><name>Cosmic Raiders (v3.5) (USA) (Proto)</name><image>~/../thumbs/Bally - Astrocade/Named_Snaps/Cosmic Raiders (v3.5).png</image></game>
<game><path>./Bally Astrocade NoIntro/Cosmic Raiders (v3.6) (USA) (Proto).zip</path><name>Cosmic Raiders (v3.6) (USA) (Proto)</name><image>~/../thumbs/Bally - Astrocade/Named_Snaps/Cosmic Raiders (v3.6).png</image></game>
<game><path>./Bally Astrocade NoIntro/Crazy Climber (USA).zip</path><name>Crazy Climber (USA)</name><image>~/../thumbs/Bally - Astrocade/Named_Snaps/Crazy Climber (USA).png</image></game>
<game><path>./Bally Astrocade NoIntro/Dogpatch (USA).zip</path><name>Dogpatch (USA)</name><image>~/../thumbs/Bally - Astrocade/Named_Snaps/Dogpatch (USA).png</image></game>
<game><path>./Bally Astrocade NoIntro/Fawn Dungeon (USA) (Proto) (1st Version).zip</path><name>Fawn Dungeon (USA) (Proto) (1st Version)</name><image>~/../thumbs/Bally - Astrocade/Named_Snaps/Fawn Dungeon (USA).png</image></game>
<game><path>./Bally Astrocade NoIntro/Fawn Dungeon (USA) (Proto) (2nd Version).zip</path><name>Fawn Dungeon (USA) (Proto) (2nd Version)</name><image>~/../thumbs/Bally - Astrocade/Named_Snaps/Fawn Dungeon (USA).png</image></game>
<game><path>./Bally Astrocade NoIntro/Football (USA).zip</path><name>Football (USA)</name><image>~/../thumbs/Bally - Astrocade/Named_Snaps/Football (USA).png</image></game>
<game><path>./Bally Astrocade NoIntro/Galactic Invasion (USA).zip</path><name>Galactic Invasion (USA)</name><image>~/../thumbs/Bally - Astrocade/Named_Snaps/Galactic Invasion (USA).png</image></game>
<game><path>./Bally Astrocade NoIntro/Gate Escape, The (USA).zip</path><name>Gate Escape, The (USA)</name><image>~/../thumbs/Bally - Astrocade/Named_Snaps/Gate Escape, The (USA).png</image></game>
<game><path>./Bally Astrocade NoIntro/Grand Prix ~ Demolition Derby (USA).zip</path><name>Grand Prix ~ Demolition Derby (USA)</name><image>~/../thumbs/Bally - Astrocade/Named_Snaps/Grand Prix ~ Demolition Derby (USA).png</image></game>
<game><path>./Bally Astrocade NoIntro/Haunted House (USA) (Part 1).zip</path><name>Haunted House (USA) (Part 1)</name><image>~/../thumbs/Bally - Astrocade/Named_Snaps/Haunted House (USA).png</image></game>
<game><path>./Bally Astrocade NoIntro/Haunted House (USA) (Part 2).zip</path><name>Haunted House (USA) (Part 2)</name><image>~/../thumbs/Bally - Astrocade/Named_Snaps/Haunted House (USA).png</image></game>
<game><path>./Bally Astrocade NoIntro/Haunted House (USA) (Part 3).zip</path><name>Haunted House (USA) (Part 3)</name><image>~/../thumbs/Bally - Astrocade/Named_Snaps/Haunted House (USA).png</image></game>
<game><path>./Bally Astrocade NoIntro/Haunted House (USA) (Part 4).zip</path><name>Haunted House (USA) (Part 4)</name><image>~/../thumbs/Bally - Astrocade/Named_Snaps/Haunted House (USA).png</image></game>
<game><path>./Bally Astrocade NoIntro/Haunted House (USA) (Part 5).zip</path><name>Haunted House (USA) (Part 5)</name><image>~/../thumbs/Bally - Astrocade/Named_Snaps/Haunted House (USA).png</image></game>
<game><path>./Bally Astrocade NoIntro/Haunted House (USA) (Part 6).zip</path><name>Haunted House (USA) (Part 6)</name><image>~/../thumbs/Bally - Astrocade/Named_Snaps/Haunted House (USA).png</image></game>
<game><path>./Bally Astrocade NoIntro/Haunted House (USA) (Part 7).zip</path><name>Haunted House (USA) (Part 7)</name><image>~/../thumbs/Bally - Astrocade/Named_Snaps/Haunted House (USA).png</image></game>
<game><path>./Bally Astrocade NoIntro/Haunted House (USA) (Part 8).zip</path><name>Haunted House (USA) (Part 8)</name><image>~/../thumbs/Bally - Astrocade/Named_Snaps/Haunted House (USA).png</image></game>
<game><path>./Bally Astrocade NoIntro/Haunted House (USA) (Part 9).zip</path><name>Haunted House (USA) (Part 9)</name><image>~/../thumbs/Bally - Astrocade/Named_Snaps/Haunted House (USA).png</image></game>
<game><path>./Bally Astrocade NoIntro/Incredible Wizard, The (USA) (Proto) [b].zip</path><name>Incredible Wizard, The (USA) (Proto) [b]</name><image>~/../thumbs/Bally - Astrocade/Named_Snaps/Incredible Wizard, The (USA).png</image></game>
<game><path>./Bally Astrocade NoIntro/Incredible Wizard, The (USA).zip</path><name>Incredible Wizard, The (USA)</name><image>~/../thumbs/Bally - Astrocade/Named_Snaps/Incredible Wizard, The (USA).png</image></game>
<game><path>./Bally Astrocade NoIntro/Life (USA).zip</path><name>Life (USA)</name><image>~/../thumbs/Bally - Astrocade/Named_Snaps/Life (USA).png</image></game>
<game><path>./Bally Astrocade NoIntro/Mazeman (USA) (Proto).zip</path><name>Mazeman (USA) (Proto)</name><image>~/../thumbs/Bally - Astrocade/Named_Snaps/Mazeman (USA).png</image></game>
<game><path>./Bally Astrocade NoIntro/Mazeman (USA).zip</path><name>Mazeman (USA)</name><image>~/../thumbs/Bally - Astrocade/Named_Snaps/Mazeman (USA).png</image></game>
<game><path>./Bally Astrocade NoIntro/Ms. Candyman (USA).zip</path><name>Ms. Candyman (USA)</name><image>~/../thumbs/Bally - Astrocade/Named_Snaps/Ms. Candyman (USA).png</image></game>
<game><path>./Bally Astrocade NoIntro/Muncher (USA).zip</path><name>Muncher (USA)</name><image>~/../thumbs/Bally - Astrocade/Named_Snaps/Muncher (USA).png</image></game>
<game><path>./Bally Astrocade NoIntro/No-Die! (USA).zip</path><name>No-Die! (USA)</name><image>~/../thumbs/Bally - Astrocade/Named_Snaps/No-Die! (USA).png</image></game>
<game><path>./Bally Astrocade NoIntro/Pac-Man (USA) (Proto) (Alt).zip</path><name>Pac-Man (USA) (Proto) (Alt)</name><image>~/../thumbs/Bally - Astrocade/Named_Snaps/Pac-Man (USA).png</image></game>
<game><path>./Bally Astrocade NoIntro/Pac-Man (USA) (Proto).zip</path><name>Pac-Man (USA) (Proto)</name><image>~/../thumbs/Bally - Astrocade/Named_Snaps/Pac-Man (USA).png</image></game>
<game><path>./Bally Astrocade NoIntro/Pacmaze (USA) (Proto).zip</path><name>Pacmaze (USA) (Proto)</name><image>~/../thumbs/Bally - Astrocade/Named_Snaps/Pacmaze (USA).png</image></game>
<game><path>./Bally Astrocade NoIntro/Panzer Attack ~ Red Baron (USA).zip</path><name>Panzer Attack ~ Red Baron (USA)</name><image>~/../thumbs/Bally - Astrocade/Named_Snaps/Panzer Attack ~ Red Baron (USA).png</image></game>
<game><path>./Bally Astrocade NoIntro/Pirate's Chase (USA).zip</path><name>Pirate's Chase (USA)</name><image>~/../thumbs/Bally - Astrocade/Named_Snaps/Pirate's Chase (USA).png</image></game>
<game><path>./Bally Astrocade NoIntro/Road Toad (USA).zip</path><name>Road Toad (USA)</name><image>~/../thumbs/Bally - Astrocade/Named_Snaps/Road Toad (USA).png</image></game>
<game><path>./Bally Astrocade NoIntro/Sea Devil (USA).zip</path><name>Sea Devil (USA)</name><image>~/../thumbs/Bally - Astrocade/Named_Snaps/Sea Devil (USA).png</image></game>
<game><path>./Bally Astrocade NoIntro/Seawolf ~ Missile (USA) [b].zip</path><name>Seawolf ~ Missile (USA) [b]</name><image>~/../thumbs/Bally - Astrocade/Named_Snaps/Seawolf ~ Missile (USA).png</image></game>
<game><path>./Bally Astrocade NoIntro/Soccer (USA) (Proto) (Alt 2).zip</path><name>Soccer (USA) (Proto) (Alt 2)</name><image>~/../thumbs/Bally - Astrocade/Named_Snaps/Soccer (USA).png</image></game>
<game><path>./Bally Astrocade NoIntro/Soccer (USA) (Proto) (Alt 3).zip</path><name>Soccer (USA) (Proto) (Alt 3)</name><image>~/../thumbs/Bally - Astrocade/Named_Snaps/Soccer (USA).png</image></game>
<game><path>./Bally Astrocade NoIntro/Soccer (USA) (Proto) (Alt 4).zip</path><name>Soccer (USA) (Proto) (Alt 4)</name><image>~/../thumbs/Bally - Astrocade/Named_Snaps/Soccer (USA).png</image></game>
<game><path>./Bally Astrocade NoIntro/Soccer (USA) (Proto) (Alt).zip</path><name>Soccer (USA) (Proto) (Alt)</name><image>~/../thumbs/Bally - Astrocade/Named_Snaps/Soccer (USA).png</image></game>
<game><path>./Bally Astrocade NoIntro/Soccer (USA) (Proto).zip</path><name>Soccer (USA) (Proto)</name><image>~/../thumbs/Bally - Astrocade/Named_Snaps/Soccer (USA).png</image></game>
<game><path>./Bally Astrocade NoIntro/Soccer (USA).zip</path><name>Soccer (USA)</name><image>~/../thumbs/Bally - Astrocade/Named_Snaps/Soccer (USA).png</image></game>
<game><path>./Bally Astrocade NoIntro/Solar Conqueror (USA) (Proto).zip</path><name>Solar Conqueror (USA) (Proto)</name><image>~/../thumbs/Bally - Astrocade/Named_Snaps/Solar Conqueror (USA).png</image></game>
<game><path>./Bally Astrocade NoIntro/Solar Conqueror (USA).zip</path><name>Solar Conqueror (USA)</name><image>~/../thumbs/Bally - Astrocade/Named_Snaps/Solar Conqueror (USA).png</image></game>
<game><path>./Bally Astrocade NoIntro/Solar Conqueror (v2.8) (USA) (Proto).zip</path><name>Solar Conqueror (v2.8) (USA) (Proto)</name><image>~/../thumbs/Bally - Astrocade/Named_Snaps/Solar Conqueror (v2.8).png</image></game>
<game><path>./Bally Astrocade NoIntro/Solar Conqueror (v3.9) (USA) (Proto).zip</path><name>Solar Conqueror (v3.9) (USA) (Proto)</name><image>~/../thumbs/Bally - Astrocade/Named_Snaps/Solar Conqueror (v3.9).png</image></game>
<game><path>./Bally Astrocade NoIntro/Space Fortress (USA) (Proto).zip</path><name>Space Fortress (USA) (Proto)</name><image>~/../thumbs/Bally - Astrocade/Named_Snaps/Space Fortress (USA).png</image></game>
<game><path>./Bally Astrocade NoIntro/Space Fortress (USA).zip</path><name>Space Fortress (USA)</name><image>~/../thumbs/Bally - Astrocade/Named_Snaps/Space Fortress (USA).png</image></game>
<game><path>./Bally Astrocade NoIntro/Space Invaders (USA) (Proto).zip</path><name>Space Invaders (USA) (Proto)</name><image>~/../thumbs/Bally - Astrocade/Named_Snaps/Space Invaders (USA).png</image></game>
<game><path>./Bally Astrocade NoIntro/Space Invaders (USA).zip</path><name>Space Invaders (USA)</name><image>~/../thumbs/Bally - Astrocade/Named_Snaps/Space Invaders (USA).png</image></game>
<game><path>./Bally Astrocade NoIntro/Star Battle (USA) (Astrovision) [b].zip</path><name>Star Battle (USA) (Astrovision) [b]</name><image>~/../thumbs/Bally - Astrocade/Named_Snaps/Star Battle (USA).png</image></game>
<game><path>./Bally Astrocade NoIntro/Star Battle (USA) (Bally).zip</path><name>Star Battle (USA) (Bally)</name><image>~/../thumbs/Bally - Astrocade/Named_Snaps/Star Battle (USA).png</image></game>
<game><path>./Bally Astrocade NoIntro/Stweek (USA).zip</path><name>Stweek (USA)</name><image>~/../thumbs/Bally - Astrocade/Named_Snaps/Stweek (USA).png</image></game>
<game><path>./Bally Astrocade NoIntro/Super Slope (USA).zip</path><name>Super Slope (USA)</name><image>~/../thumbs/Bally - Astrocade/Named_Snaps/Super Slope (USA).png</image></game>
<game><path>./Bally Astrocade NoIntro/Tornado Baseball ~ Tennis ~ Hockey ~ Handball (USA).zip</path><name>Tornado Baseball ~ Tennis ~ Hockey ~ Handball (USA)</name><image>~/../thumbs/Bally - Astrocade/Named_Snaps/Tornado Baseball ~ Tennis ~ Hockey ~ Handball (USA).png</image></game>
<game><path>./Bally Astrocade NoIntro/War (USA).zip</path><name>War (USA)</name><image>~/../thumbs/Bally - Astrocade/Named_Snaps/War (USA).png</image></game>
<game><path>./Bally Astrocade NoIntro/[BIOS] Bally Astrocade (USA).zip</path><name>[BIOS] Bally Astrocade (USA)</name><image>~/../thumbs/Bally - Astrocade/Named_Snaps/[BIOS] Bally Astrocade (USA).png</image></game>
<game><path>./Bally Astrocade NoIntro/[BIOS] Bally Professional Arcade (USA).zip</path><name>[BIOS] Bally Professional Arcade (USA)</name><image>~/../thumbs/Bally - Astrocade/Named_Snaps/[BIOS] Bally Professional Arcade (USA).png</image></game>
<folder><path>./Bally Astrocade NoIntro</path><name>Bally Astrocade NoIntro</name><image>~/../thumb/astrocade.png</image></folder>
<game><path>./Bally Astrocade TOSEC/280 Zzzap + Dodgem (19xx)(Bally).zip</path><name>280 Zzzap + Dodgem (19xx)(Bally)</name><image>~/../thumbs/Bally - Astrocade/Named_Snaps/280 Zzzap + Dodgem (19xx).png</image></game>
<game><path>./Bally Astrocade TOSEC/Amazing Maze + Tic-Tac-Toe (19xx)(Bally).zip</path><name>Amazing Maze + Tic-Tac-Toe (19xx)(Bally)</name><image>~/../thumbs/Bally - Astrocade/Named_Snaps/Amazing Maze + Tic-Tac-Toe (19xx).png</image></game>
<game><path>./Bally Astrocade TOSEC/Artillery Duel (1982)(Astrocade)(proto).zip</path><name>Artillery Duel (1982)(Astrocade)(proto)</name><image>~/../thumbs/Bally - Astrocade/Named_Snaps/Artillery Duel (1982).png</image></game>
<game><path>./Bally Astrocade TOSEC/Artillery Duel (1982)(Astrocade)(proto)[a].zip</path><name>Artillery Duel (1982)(Astrocade)(proto)[a]</name><image>~/../thumbs/Bally - Astrocade/Named_Snaps/Artillery Duel (1982).png</image></game>
<game><path>./Bally Astrocade TOSEC/Artillery Duel (1982)(Bally).zip</path><name>Artillery Duel (1982)(Bally)</name><image>~/../thumbs/Bally - Astrocade/Named_Snaps/Artillery Duel (1982).png</image></game>
<game><path>./Bally Astrocade TOSEC/Artillery Duel (1982-05-23)(Astrocade)(proto).zip</path><name>Artillery Duel (1982-05-23)(Astrocade)(proto)</name><image>~/../thumbs/Bally - Astrocade/Named_Snaps/Artillery Duel (1982-05-23).png</image></game>
<game><path>./Bally Astrocade TOSEC/Astro Battle (1979)(Bally).zip</path><name>Astro Battle (1979)(Bally)</name><image>~/../thumbs/Bally - Astrocade/Named_Snaps/Astro Battle (1979).png</image></game>
<game><path>./Bally Astrocade TOSEC/Astro Battle (1981)(Astrovision)[b].zip</path><name>Astro Battle (1981)(Astrovision)[b]</name><image>~/../thumbs/Bally - Astrocade/Named_Snaps/Astro Battle (1981).png</image></game>
<game><path>./Bally Astrocade TOSEC/Bally Black Box (1980)(Walters, Steve)[BASIC Cart].zip</path><name>Bally Black Box (1980)(Walters, Steve)[BASIC Cart]</name><image>~/../thumbs/Bally - Astrocade/Named_Snaps/Bally Black Box (1980).png</image></game>
<game><path>./Bally Astrocade TOSEC/Bally Pin (1979)(Bally).zip</path><name>Bally Pin (1979)(Bally)</name><image>~/../thumbs/Bally - Astrocade/Named_Snaps/Bally Pin (1979).png</image></game>
<game><path>./Bally Astrocade TOSEC/Bally Pinball (1981)(Bally)[b].zip</path><name>Bally Pinball (1981)(Bally)[b]</name><image>~/../thumbs/Bally - Astrocade/Named_Snaps/Bally Pinball (1981).png</image></game>
<game><path>./Bally Astrocade TOSEC/Blackjack + Poker + Acey-Duecy (19xx)(Bally).zip</path><name>Blackjack + Poker + Acey-Duecy (19xx)(Bally)</name><image>~/../thumbs/Bally - Astrocade/Named_Snaps/Blackjack + Poker + Acey-Duecy (19xx).png</image></game>
<game><path>./Bally Astrocade TOSEC/Blast Droids (19xx)(Esoterica).zip</path><name>Blast Droids (19xx)(Esoterica)</name><image>~/../thumbs/Bally - Astrocade/Named_Snaps/Blast Droids (19xx).png</image></game>
<game><path>./Bally Astrocade TOSEC/Bowling (198x)(Astrocade)(proto).zip</path><name>Bowling (198x)(Astrocade)(proto)</name><image>~/../thumbs/Bally - Astrocade/Named_Snaps/Bowling (198x).png</image></game>
<game><path>./Bally Astrocade TOSEC/Candyman (1986)(L&M Software - White, Mike).zip</path><name>Candyman (1986)(L&M Software - White, Mike)</name><image>~/../thumbs/Bally - Astrocade/Named_Snaps/Candyman (1986).png</image></game>
<game><path>./Bally Astrocade TOSEC/Checkers (19xx)(Bally)(proto).zip</path><name>Checkers (19xx)(Bally)(proto)</name><image>~/../thumbs/Bally - Astrocade/Named_Snaps/Checkers (19xx).png</image></game>
<game><path>./Bally Astrocade TOSEC/Chicken (1986)(Bit Fiddlers, The - White, Mike).zip</path><name>Chicken (1986)(Bit Fiddlers, The - White, Mike)</name><image>~/../thumbs/Bally - Astrocade/Named_Snaps/Chicken (1986).png</image></game>
<game><path>./Bally Astrocade TOSEC/Claim Jumper (1986)(L&M Software - White, Mike).zip</path><name>Claim Jumper (1986)(L&M Software - White, Mike)</name><image>~/../thumbs/Bally - Astrocade/Named_Snaps/Claim Jumper (1986).png</image></game>
<game><path>./Bally Astrocade TOSEC/Clowns + Brickyard (19xx)(Bally).zip</path><name>Clowns + Brickyard (19xx)(Bally)</name><image>~/../thumbs/Bally - Astrocade/Named_Snaps/Clowns + Brickyard (19xx).png</image></game>
<game><path>./Bally Astrocade TOSEC/Conan the Barbarian (1982)(Astrocade)(proto).zip</path><name>Conan the Barbarian (1982)(Astrocade)(proto)</name><image>~/../thumbs/Bally - Astrocade/Named_Snaps/Conan the Barbarian (1982).png</image></game>
<game><path>./Bally Astrocade TOSEC/Conan the Barbarian (1985)(Astrocade - Dave Carson Software).zip</path><name>Conan the Barbarian (1985)(Astrocade - Dave Carson Software)</name><image>~/../thumbs/Bally - Astrocade/Named_Snaps/Conan the Barbarian (1985).png</image></game>
<game><path>./Bally Astrocade TOSEC/Cosmic Raider (19xx)(Astrovision).zip</path><name>Cosmic Raider (19xx)(Astrovision)</name><image>~/../thumbs/Bally - Astrocade/Named_Snaps/Cosmic Raider (19xx).png</image></game>
<game><path>./Bally Astrocade TOSEC/Cosmic Raiders (198x)(Astrocade)(proto).zip</path><name>Cosmic Raiders (198x)(Astrocade)(proto)</name><image>~/../thumbs/Bally - Astrocade/Named_Snaps/Cosmic Raiders (198x).png</image></game>
<game><path>./Bally Astrocade TOSEC/Cosmic Raiders (198x)(Astrocade)(proto)[a].zip</path><name>Cosmic Raiders (198x)(Astrocade)(proto)[a]</name><image>~/../thumbs/Bally - Astrocade/Named_Snaps/Cosmic Raiders (198x).png</image></game>
<game><path>./Bally Astrocade TOSEC/Cosmic Raiders v3.5 (198x)(Astrocade)(proto).zip</path><name>Cosmic Raiders v3.5 (198x)(Astrocade)(proto)</name><image>~/../thumbs/Bally - Astrocade/Named_Snaps/Cosmic Raiders v3.5 (198x).png</image></game>
<game><path>./Bally Astrocade TOSEC/Cosmic Raiders v3.6 (198x)(Astrocade)(proto).zip</path><name>Cosmic Raiders v3.6 (198x)(Astrocade)(proto)</name><image>~/../thumbs/Bally - Astrocade/Named_Snaps/Cosmic Raiders v3.6 (198x).png</image></game>
<game><path>./Bally Astrocade TOSEC/Crazy Climber (2011)(Riff Raff Games)[ccv054f].zip</path><name>Crazy Climber (2011)(Riff Raff Games)[ccv054f]</name><image>~/../thumbs/Bally - Astrocade/Named_Snaps/Crazy Climber (2011).png</image></game>
<game><path>./Bally Astrocade TOSEC/Dogpatch (19xx)(Bally).zip</path><name>Dogpatch (19xx)(Bally)</name><image>~/../thumbs/Bally - Astrocade/Named_Snaps/Dogpatch (19xx).png</image></game>
<game><path>./Bally Astrocade TOSEC/Fawn Dungeon (1981)(McLeave, Barry)(proto)[1st Version].zip</path><name>Fawn Dungeon (1981)(McLeave, Barry)(proto)[1st Version]</name><image>~/../thumbs/Bally - Astrocade/Named_Snaps/Fawn Dungeon (1981).png</image></game>
<game><path>./Bally Astrocade TOSEC/Fawn Dungeon (1981)(McLeave, Barry)(proto)[2nd Version].zip</path><name>Fawn Dungeon (1981)(McLeave, Barry)(proto)[2nd Version]</name><image>~/../thumbs/Bally - Astrocade/Named_Snaps/Fawn Dungeon (1981).png</image></game>
<game><path>./Bally Astrocade TOSEC/Football (19xx)(Bally).zip</path><name>Football (19xx)(Bally)</name><image>~/../thumbs/Bally - Astrocade/Named_Snaps/Football (19xx).png</image></game>
<game><path>./Bally Astrocade TOSEC/Galactic Invasion (1981)(Astrovision).zip</path><name>Galactic Invasion (1981)(Astrovision)</name><image>~/../thumbs/Bally - Astrocade/Named_Snaps/Galactic Invasion (1981).png</image></game>
<game><path>./Bally Astrocade TOSEC/Galaxian (1981)(Astrovision)[p].zip</path><name>Galaxian (1981)(Astrovision)[p]</name><image>~/../thumbs/Bally - Astrocade/Named_Snaps/Galaxian (1981).png</image></game>
<game><path>./Bally Astrocade TOSEC/Gate Escape, The (1986)(WaveMakers - White, Mike).zip</path><name>Gate Escape, The (1986)(WaveMakers - White, Mike)</name><image>~/../thumbs/Bally - Astrocade/Named_Snaps/Gate Escape, The (1986).png</image></game>
<game><path>./Bally Astrocade TOSEC/Grand Prix + Demolition Derby (19xx)(Bally).zip</path><name>Grand Prix + Demolition Derby (19xx)(Bally)</name><image>~/../thumbs/Bally - Astrocade/Named_Snaps/Grand Prix + Demolition Derby (19xx).png</image></game>
<game><path>./Bally Astrocade TOSEC/Haunted House (198x)(New Image)[Part 0].zip</path><name>Haunted House (198x)(New Image)[Part 0]</name><image>~/../thumbs/Bally - Astrocade/Named_Snaps/Haunted House (198x).png</image></game>
<game><path>./Bally Astrocade TOSEC/Haunted House (198x)(New Image)[Part 1].zip</path><name>Haunted House (198x)(New Image)[Part 1]</name><image>~/../thumbs/Bally - Astrocade/Named_Snaps/Haunted House (198x).png</image></game>
<game><path>./Bally Astrocade TOSEC/Haunted House (198x)(New Image)[Part 2].zip</path><name>Haunted House (198x)(New Image)[Part 2]</name><image>~/../thumbs/Bally - Astrocade/Named_Snaps/Haunted House (198x).png</image></game>
<game><path>./Bally Astrocade TOSEC/Haunted House (198x)(New Image)[Part 3].zip</path><name>Haunted House (198x)(New Image)[Part 3]</name><image>~/../thumbs/Bally - Astrocade/Named_Snaps/Haunted House (198x).png</image></game>
<game><path>./Bally Astrocade TOSEC/Haunted House (198x)(New Image)[Part 4].zip</path><name>Haunted House (198x)(New Image)[Part 4]</name><image>~/../thumbs/Bally - Astrocade/Named_Snaps/Haunted House (198x).png</image></game>
<game><path>./Bally Astrocade TOSEC/Haunted House (198x)(New Image)[Part 5].zip</path><name>Haunted House (198x)(New Image)[Part 5]</name><image>~/../thumbs/Bally - Astrocade/Named_Snaps/Haunted House (198x).png</image></game>
<game><path>./Bally Astrocade TOSEC/Haunted House (198x)(New Image)[Part 6].zip</path><name>Haunted House (198x)(New Image)[Part 6]</name><image>~/../thumbs/Bally - Astrocade/Named_Snaps/Haunted House (198x).png</image></game>
<game><path>./Bally Astrocade TOSEC/Haunted House (198x)(New Image)[Part 7].zip</path><name>Haunted House (198x)(New Image)[Part 7]</name><image>~/../thumbs/Bally - Astrocade/Named_Snaps/Haunted House (198x).png</image></game>
<game><path>./Bally Astrocade TOSEC/Haunted House (198x)(New Image)[Part 8].zip</path><name>Haunted House (198x)(New Image)[Part 8]</name><image>~/../thumbs/Bally - Astrocade/Named_Snaps/Haunted House (198x).png</image></game>
<game><path>./Bally Astrocade TOSEC/ICBM Attack (1982)(Spectre Systems)(PD)(proto).zip</path><name>ICBM Attack (1982)(Spectre Systems)(PD)(proto)</name><image>~/../thumbs/Bally - Astrocade/Named_Snaps/ICBM Attack (1982).png</image></game>
<game><path>./Bally Astrocade TOSEC/ICBM Attack (1982)(Spectre Systems)(PD).zip</path><name>ICBM Attack (1982)(Spectre Systems)(PD)</name><image>~/../thumbs/Bally - Astrocade/Named_Snaps/ICBM Attack (1982).png</image></game>
<game><path>./Bally Astrocade TOSEC/Incredible Wizard, The (1981)(Astrovision).zip</path><name>Incredible Wizard, The (1981)(Astrovision)</name><image>~/../thumbs/Bally - Astrocade/Named_Snaps/Incredible Wizard, The (1981).png</image></game>
<game><path>./Bally Astrocade TOSEC/Incredible Wizard, The (198x)(Astrocade)(proto)[b].zip</path><name>Incredible Wizard, The (198x)(Astrocade)(proto)[b]</name><image>~/../thumbs/Bally - Astrocade/Named_Snaps/Incredible Wizard, The (198x).png</image></game>
<game><path>./Bally Astrocade TOSEC/Life (1985)(Degler, Richard)(PD).zip</path><name>Life (1985)(Degler, Richard)(PD)</name><image>~/../thumbs/Bally - Astrocade/Named_Snaps/Life (1985).png</image></game>
<game><path>./Bally Astrocade TOSEC/Mazeman (1984)(Dave Carson Software)(proto).zip</path><name>Mazeman (1984)(Dave Carson Software)(proto)</name><image>~/../thumbs/Bally - Astrocade/Named_Snaps/Mazeman (1984).png</image></game>
<game><path>./Bally Astrocade TOSEC/Mazeman (1984)(Dave Carson Software).zip</path><name>Mazeman (1984)(Dave Carson Software)</name><image>~/../thumbs/Bally - Astrocade/Named_Snaps/Mazeman (1984).png</image></game>
<game><path>./Bally Astrocade TOSEC/Missile Attack (1985)(Spectre Systems - White, Mike)(PD).zip</path><name>Missile Attack (1985)(Spectre Systems - White, Mike)(PD)</name><image>~/../thumbs/Bally - Astrocade/Named_Snaps/Missile Attack (1985).png</image></game>
<game><path>./Bally Astrocade TOSEC/Ms. Candyman (1983)(L&M Software).zip</path><name>Ms. Candyman (1983)(L&M Software)</name><image>~/../thumbs/Bally - Astrocade/Named_Snaps/Ms. Candyman (1983).png</image></game>
<game><path>./Bally Astrocade TOSEC/Muncher (19xx)(Esoterica).zip</path><name>Muncher (19xx)(Esoterica)</name><image>~/../thumbs/Bally - Astrocade/Named_Snaps/Muncher (19xx).png</image></game>
<game><path>./Bally Astrocade TOSEC/No-Die! (1984)(Astrocade - Carson, Dave - White, Mike).zip</path><name>No-Die! (1984)(Astrocade - Carson, Dave - White, Mike)</name><image>~/../thumbs/Bally - Astrocade/Named_Snaps/No-Die! (1984).png</image></game>
<game><path>./Bally Astrocade TOSEC/Outpost 19 (1986)(WaveMakers - White, Mike)(PD).zip</path><name>Outpost 19 (1986)(WaveMakers - White, Mike)(PD)</name><image>~/../thumbs/Bally - Astrocade/Named_Snaps/Outpost 19 (1986).png</image></game>
<game><path>./Bally Astrocade TOSEC/Pac-Man (198x)(Astrocade)(proto).zip</path><name>Pac-Man (198x)(Astrocade)(proto)</name><image>~/../thumbs/Bally - Astrocade/Named_Snaps/Pac-Man (198x).png</image></game>
<game><path>./Bally Astrocade TOSEC/Pac-Man (198x)(Astrocade)(proto)[a].zip</path><name>Pac-Man (198x)(Astrocade)(proto)[a]</name><image>~/../thumbs/Bally - Astrocade/Named_Snaps/Pac-Man (198x).png</image></game>
<game><path>./Bally Astrocade TOSEC/Pacmaze (198x)(Dave Carson Software)(proto).zip</path><name>Pacmaze (198x)(Dave Carson Software)(proto)</name><image>~/../thumbs/Bally - Astrocade/Named_Snaps/Pacmaze (198x).png</image></game>
<game><path>./Bally Astrocade TOSEC/Panzer Attack + Red Baron (19xx)(Bally).zip</path><name>Panzer Attack + Red Baron (19xx)(Bally)</name><image>~/../thumbs/Bally - Astrocade/Named_Snaps/Panzer Attack + Red Baron (19xx).png</image></game>
<game><path>./Bally Astrocade TOSEC/Pirate's Chase (1982)(Astrocade).zip</path><name>Pirate's Chase (1982)(Astrocade)</name><image>~/../thumbs/Bally - Astrocade/Named_Snaps/Pirate's Chase (1982).png</image></game>
<game><path>./Bally Astrocade TOSEC/Road Toad (1986)(Esoterica - White, Mike).zip</path><name>Road Toad (1986)(Esoterica - White, Mike)</name><image>~/../thumbs/Bally - Astrocade/Named_Snaps/Road Toad (1986).png</image></game>
<game><path>./Bally Astrocade TOSEC/Saucer Attack (1982)(New Image)(PD)[2000 baud].zip</path><name>Saucer Attack (1982)(New Image)(PD)[2000 baud]</name><image>~/../thumbs/Bally - Astrocade/Named_Snaps/Saucer Attack (1982).png</image></game>
<game><path>./Bally Astrocade TOSEC/Sea Devil (1983)(L&M Software).zip</path><name>Sea Devil (1983)(L&M Software)</name><image>~/../thumbs/Bally - Astrocade/Named_Snaps/Sea Devil (1983).png</image></game>
<game><path>./Bally Astrocade TOSEC/Seawolf + Missile (19xx)(Bally)[b].zip</path><name>Seawolf + Missile (19xx)(Bally)[b]</name><image>~/../thumbs/Bally - Astrocade/Named_Snaps/Seawolf + Missile (19xx).png</image></game>
<game><path>./Bally Astrocade TOSEC/Sloshed! (1982)(New Image)[f cartridge White, Mike].zip</path><name>Sloshed! (1982)(New Image)[f cartridge White, Mike]</name><image>~/../thumbs/Bally - Astrocade/Named_Snaps/Sloshed! (1982).png</image></game>
<game><path>./Bally Astrocade TOSEC/Sneaky Snake (1983)(New Image)(PD).zip</path><name>Sneaky Snake (1983)(New Image)(PD)</name><image>~/../thumbs/Bally - Astrocade/Named_Snaps/Sneaky Snake (1983).png</image></game>
<game><path>./Bally Astrocade TOSEC/Soccer (1985)(Astrocade).zip</path><name>Soccer (1985)(Astrocade)</name><image>~/../thumbs/Bally - Astrocade/Named_Snaps/Soccer (1985).png</image></game>
<game><path>./Bally Astrocade TOSEC/Soccer (198x)(Astrocade)(proto).zip</path><name>Soccer (198x)(Astrocade)(proto)</name><image>~/../thumbs/Bally - Astrocade/Named_Snaps/Soccer (198x).png</image></game>
<game><path>./Bally Astrocade TOSEC/Soccer (198x)(Astrocade)(proto)[a2].zip</path><name>Soccer (198x)(Astrocade)(proto)[a2]</name><image>~/../thumbs/Bally - Astrocade/Named_Snaps/Soccer (198x).png</image></game>
<game><path>./Bally Astrocade TOSEC/Soccer (198x)(Astrocade)(proto)[a3].zip</path><name>Soccer (198x)(Astrocade)(proto)[a3]</name><image>~/../thumbs/Bally - Astrocade/Named_Snaps/Soccer (198x).png</image></game>
<game><path>./Bally Astrocade TOSEC/Soccer (198x)(Astrocade)(proto)[a4].zip</path><name>Soccer (198x)(Astrocade)(proto)[a4]</name><image>~/../thumbs/Bally - Astrocade/Named_Snaps/Soccer (198x).png</image></game>
<game><path>./Bally Astrocade TOSEC/Soccer (198x)(Astrocade)(proto)[a].zip</path><name>Soccer (198x)(Astrocade)(proto)[a]</name><image>~/../thumbs/Bally - Astrocade/Named_Snaps/Soccer (198x).png</image></game>
<game><path>./Bally Astrocade TOSEC/Solar Conqueror (1982)(Astrocade)(proto).zip</path><name>Solar Conqueror (1982)(Astrocade)(proto)</name><image>~/../thumbs/Bally - Astrocade/Named_Snaps/Solar Conqueror (1982).png</image></game>
<game><path>./Bally Astrocade TOSEC/Solar Conqueror (1983)(Astrocade).zip</path><name>Solar Conqueror (1983)(Astrocade)</name><image>~/../thumbs/Bally - Astrocade/Named_Snaps/Solar Conqueror (1983).png</image></game>
<game><path>./Bally Astrocade TOSEC/Solar Conqueror v2.8 (198x)(Astrocade)(proto).zip</path><name>Solar Conqueror v2.8 (198x)(Astrocade)(proto)</name><image>~/../thumbs/Bally - Astrocade/Named_Snaps/Solar Conqueror v2.8 (198x).png</image></game>
<game><path>./Bally Astrocade TOSEC/Solar Conqueror v3.9 (198x)(Astrocade)(proto).zip</path><name>Solar Conqueror v3.9 (198x)(Astrocade)(proto)</name><image>~/../thumbs/Bally - Astrocade/Named_Snaps/Solar Conqueror v3.9 (198x).png</image></game>
<game><path>./Bally Astrocade TOSEC/Space Fortress (1981)(Astrocade)(proto).zip</path><name>Space Fortress (1981)(Astrocade)(proto)</name><image>~/../thumbs/Bally - Astrocade/Named_Snaps/Space Fortress (1981).png</image></game>
<game><path>./Bally Astrocade TOSEC/Space Fortress (19xx)(Bally).zip</path><name>Space Fortress (19xx)(Bally)</name><image>~/../thumbs/Bally - Astrocade/Named_Snaps/Space Fortress (19xx).png</image></game>
<game><path>./Bally Astrocade TOSEC/Space Invaders (1979)(Bally).zip</path><name>Space Invaders (1979)(Bally)</name><image>~/../thumbs/Bally - Astrocade/Named_Snaps/Space Invaders (1979).png</image></game>
<game><path>./Bally Astrocade TOSEC/Space Invaders (197x)(Bally)(proto).zip</path><name>Space Invaders (197x)(Bally)(proto)</name><image>~/../thumbs/Bally - Astrocade/Named_Snaps/Space Invaders (197x).png</image></game>
<game><path>./Bally Astrocade TOSEC/Star Battle (1979)(Bally).zip</path><name>Star Battle (1979)(Bally)</name><image>~/../thumbs/Bally - Astrocade/Named_Snaps/Star Battle (1979).png</image></game>
<game><path>./Bally Astrocade TOSEC/Star Battle (19xx)(Astrovision)[b].zip</path><name>Star Battle (19xx)(Astrovision)[b]</name><image>~/../thumbs/Bally - Astrocade/Named_Snaps/Star Battle (19xx).png</image></game>
<game><path>./Bally Astrocade TOSEC/Stweek (19xx)(Bally).zip</path><name>Stweek (19xx)(Bally)</name><image>~/../thumbs/Bally - Astrocade/Named_Snaps/Stweek (19xx).png</image></game>
<game><path>./Bally Astrocade TOSEC/Super Slope (1982)(Esoterica)[2000 baud].zip</path><name>Super Slope (1982)(Esoterica)[2000 baud]</name><image>~/../thumbs/Bally - Astrocade/Named_Snaps/Super Slope (1982).png</image></game>
<game><path>./Bally Astrocade TOSEC/Super Slope (1986)(Esoterica - White, Mike).zip</path><name>Super Slope (1986)(Esoterica - White, Mike)</name><image>~/../thumbs/Bally - Astrocade/Named_Snaps/Super Slope (1986).png</image></game>
<game><path>./Bally Astrocade TOSEC/Tornado Baseball + Tennis + Hockey + Handball (19xx)(Bally).zip</path><name>Tornado Baseball + Tennis + Hockey + Handball (19xx)(Bally)</name><image>~/../thumbs/Bally - Astrocade/Named_Snaps/Tornado Baseball + Tennis + Hockey + Handball (19xx).png</image></game>
<game><path>./Bally Astrocade TOSEC/Treasure Cove (1983)(Esoterica)(PD).zip</path><name>Treasure Cove (1983)(Esoterica)(PD)</name><image>~/../thumbs/Bally - Astrocade/Named_Snaps/Treasure Cove (1983).png</image></game>
<game><path>./Bally Astrocade TOSEC/Treasure Cove (198x)(Esoterica)(PD)(proto).zip</path><name>Treasure Cove (198x)(Esoterica)(PD)(proto)</name><image>~/../thumbs/Bally - Astrocade/Named_Snaps/Treasure Cove (198x).png</image></game>
<game><path>./Bally Astrocade TOSEC/War (2012)(Riff Raff Games)[Second Printing].zip</path><name>War (2012)(Riff Raff Games)[Second Printing]</name><image>~/../thumbs/Bally - Astrocade/Named_Snaps/War (2012).png</image></game>
<game><path>./Bally Astrocade TOSEC/X-Ray Maze (2010)(Degler, Richard)[h Amazing Maze].zip</path><name>X-Ray Maze (2010)(Degler, Richard)[h Amazing Maze]</name><image>~/../thumbs/Bally - Astrocade/Named_Snaps/X-Ray Maze (2010).png</image></game>
<folder><path>./Bally Astrocade TOSEC</path><name>Bally Astrocade TOSEC</name><image>~/../thumb/astrocade.png</image></folder>
<game><path>./Bally Astrocade Merged/280zzap.zip</path><name>280zzap</name><image>~/../thumbs/Bally - Astrocade/Named_Snaps/280zzap.png</image></game>
<game><path>./Bally Astrocade Merged/adssm.zip</path><name>adssm</name><image>~/../thumbs/Bally - Astrocade/Named_Snaps/adssm.png</image></game>
<game><path>./Bally Astrocade Merged/amazmaze.zip</path><name>amazmaze</name><image>~/../thumbs/Bally - Astrocade/Named_Snaps/amazmaze.png</image></game>
<game><path>./Bally Astrocade Merged/artiduel.zip</path><name>artiduel</name><image>~/../thumbs/Bally - Astrocade/Named_Snaps/artiduel.png</image></game>
<game><path>./Bally Astrocade Merged/artjello.zip</path><name>artjello</name><image>~/../thumbs/Bally - Astrocade/Named_Snaps/artjello.png</image></game>
<game><path>./Bally Astrocade Merged/astrobas.zip</path><name>astrobas</name><image>~/../thumbs/Bally - Astrocade/Named_Snaps/astrobas.png</image></game>
<game><path>./Bally Astrocade Merged/astrobat.zip</path><name>astrobat</name><image>~/../thumbs/Bally - Astrocade/Named_Snaps/astrobat.png</image></game>
<game><path>./Bally Astrocade Merged/balchecn.zip</path><name>balchecn</name><image>~/../thumbs/Bally - Astrocade/Named_Snaps/balchecn.png</image></game>
<game><path>./Bally Astrocade Merged/balcheco.zip</path><name>balcheco</name><image>~/../thumbs/Bally - Astrocade/Named_Snaps/balcheco.png</image></game>
<game><path>./Bally Astrocade Merged/ballypin.zip</path><name>ballypin</name><image>~/../thumbs/Bally - Astrocade/Named_Snaps/ballypin.png</image></game>
<game><path>./Bally Astrocade Merged/baseball.zip</path><name>baseball</name><image>~/../thumbs/Bally - Astrocade/Named_Snaps/baseball.png</image></game>
<game><path>./Bally Astrocade Merged/bbasdemo.zip</path><name>bbasdemo</name><image>~/../thumbs/Bally - Astrocade/Named_Snaps/bbasdemo.png</image></game>
<game><path>./Bally Astrocade Merged/bbasic.zip</path><name>bbasic</name><image>~/../thumbs/Bally - Astrocade/Named_Snaps/bbasic.png</image></game>
<game><path>./Bally Astrocade Merged/biorhy.zip</path><name>biorhy</name><image>~/../thumbs/Bally - Astrocade/Named_Snaps/biorhy.png</image></game>
<game><path>./Bally Astrocade Merged/blckjack.zip</path><name>blckjack</name><image>~/../thumbs/Bally - Astrocade/Named_Snaps/blckjack.png</image></game>
<game><path>./Bally Astrocade Merged/blueutil.zip</path><name>blueutil</name><image>~/../thumbs/Bally - Astrocade/Named_Snaps/blueutil.png</image></game>
<game><path>./Bally Astrocade Merged/bowling.zip</path><name>bowling</name><image>~/../thumbs/Bally - Astrocade/Named_Snaps/bowling.png</image></game>
<game><path>./Bally Astrocade Merged/brb10.zip</path><name>brb10</name><image>~/../thumbs/Bally - Astrocade/Named_Snaps/brb10.png</image></game>
<game><path>./Bally Astrocade Merged/brb11.zip</path><name>brb11</name><image>~/../thumbs/Bally - Astrocade/Named_Snaps/brb11.png</image></game>
<game><path>./Bally Astrocade Merged/brckyard.zip</path><name>brckyard</name><image>~/../thumbs/Bally - Astrocade/Named_Snaps/brckyard.png</image></game>
<game><path>./Bally Astrocade Merged/bstdroid.zip</path><name>bstdroid</name><image>~/../thumbs/Bally - Astrocade/Named_Snaps/bstdroid.png</image></game>
<game><path>./Bally Astrocade Merged/buylove.zip</path><name>buylove</name><image>~/../thumbs/Bally - Astrocade/Named_Snaps/buylove.png</image></game>
<game><path>./Bally Astrocade Merged/c4simon.zip</path><name>c4simon</name><image>~/../thumbs/Bally - Astrocade/Named_Snaps/c4simon.png</image></game>
<game><path>./Bally Astrocade Merged/candyman.zip</path><name>candyman</name><image>~/../thumbs/Bally - Astrocade/Named_Snaps/candyman.png</image></game>
<game><path>./Bally Astrocade Merged/cclimber.zip</path><name>cclimber</name><image>~/../thumbs/Bally - Astrocade/Named_Snaps/cclimber.png</image></game>
<game><path>./Bally Astrocade Merged/checkbac.zip</path><name>checkbac</name><image>~/../thumbs/Bally - Astrocade/Named_Snaps/checkbac.png</image></game>
<game><path>./Bally Astrocade Merged/checkers.zip</path><name>checkers</name><image>~/../thumbs/Bally - Astrocade/Named_Snaps/checkers.png</image></game>
<game><path>./Bally Astrocade Merged/chicken.zip</path><name>chicken</name><image>~/../thumbs/Bally - Astrocade/Named_Snaps/chicken.png</image></game>
<game><path>./Bally Astrocade Merged/claim.zip</path><name>claim</name><image>~/../thumbs/Bally - Astrocade/Named_Snaps/claim.png</image></game>
<game><path>./Bally Astrocade Merged/colbook.zip</path><name>colbook</name><image>~/../thumbs/Bally - Astrocade/Named_Snaps/colbook.png</image></game>
<game><path>./Bally Astrocade Merged/collwack.zip</path><name>collwack</name><image>~/../thumbs/Bally - Astrocade/Named_Snaps/collwack.png</image></game>
<game><path>./Bally Astrocade Merged/colorbas.zip</path><name>colorbas</name><image>~/../thumbs/Bally - Astrocade/Named_Snaps/colorbas.png</image></game>
<game><path>./Bally Astrocade Merged/conan.zip</path><name>conan</name><image>~/../thumbs/Bally - Astrocade/Named_Snaps/conan.png</image></game>
<game><path>./Bally Astrocade Merged/cosmicrd.zip</path><name>cosmicrd</name><image>~/../thumbs/Bally - Astrocade/Named_Snaps/cosmicrd.png</image></game>
<game><path>./Bally Astrocade Merged/dealdemo.zip</path><name>dealdemo</name><image>~/../thumbs/Bally - Astrocade/Named_Snaps/dealdemo.png</image></game>
<game><path>./Bally Astrocade Merged/dogpatch.zip</path><name>dogpatch</name><image>~/../thumbs/Bally - Astrocade/Named_Snaps/dogpatch.png</image></game>
<game><path>./Bally Astrocade Merged/eightday.zip</path><name>eightday</name><image>~/../thumbs/Bally - Astrocade/Named_Snaps/eightday.png</image></game>
<game><path>./Bally Astrocade Merged/fawn.zip</path><name>fawn</name><image>~/../thumbs/Bally - Astrocade/Named_Snaps/fawn.png</image></game>
<game><path>./Bally Astrocade Merged/feelfine.zip</path><name>feelfine</name><image>~/../thumbs/Bally - Astrocade/Named_Snaps/feelfine.png</image></game>
<game><path>./Bally Astrocade Merged/flymonk.zip</path><name>flymonk</name><image>~/../thumbs/Bally - Astrocade/Named_Snaps/flymonk.png</image></game>
<game><path>./Bally Astrocade Merged/football.zip</path><name>football</name><image>~/../thumbs/Bally - Astrocade/Named_Snaps/football.png</image></game>
<game><path>./Bally Astrocade Merged/galactic.zip</path><name>galactic</name><image>~/../thumbs/Bally - Astrocade/Named_Snaps/galactic.png</image></game>
<game><path>./Bally Astrocade Merged/galaxian.zip</path><name>galaxian</name><image>~/../thumbs/Bally - Astrocade/Named_Snaps/galaxian.png</image></game>
<game><path>./Bally Astrocade Merged/gateesc.zip</path><name>gateesc</name><image>~/../thumbs/Bally - Astrocade/Named_Snaps/gateesc.png</image></game>
<game><path>./Bally Astrocade Merged/golddig.zip</path><name>golddig</name><image>~/../thumbs/Bally - Astrocade/Named_Snaps/golddig.png</image></game>
<game><path>./Bally Astrocade Merged/grandprx.zip</path><name>grandprx</name><image>~/../thumbs/Bally - Astrocade/Named_Snaps/grandprx.png</image></game>
<game><path>./Bally Astrocade Merged/hardday.zip</path><name>hardday</name><image>~/../thumbs/Bally - Astrocade/Named_Snaps/hardday.png</image></game>
<game><path>./Bally Astrocade Merged/icbmatk.zip</path><name>icbmatk</name><image>~/../thumbs/Bally - Astrocade/Named_Snaps/icbmatk.png</image></game>
<game><path>./Bally Astrocade Merged/jigqb2b.zip</path><name>jigqb2b</name><image>~/../thumbs/Bally - Astrocade/Named_Snaps/jigqb2b.png</image></game>
<game><path>./Bally Astrocade Merged/letitbe.zip</path><name>letitbe</name><image>~/../thumbs/Bally - Astrocade/Named_Snaps/letitbe.png</image></game>
<game><path>./Bally Astrocade Merged/life.zip</path><name>life</name><image>~/../thumbs/Bally - Astrocade/Named_Snaps/life.png</image></game>
<game><path>./Bally Astrocade Merged/lttrmtch.zip</path><name>lttrmtch</name><image>~/../thumbs/Bally - Astrocade/Named_Snaps/lttrmtch.png</image></game>
<game><path>./Bally Astrocade Merged/matk.zip</path><name>matk</name><image>~/../thumbs/Bally - Astrocade/Named_Snaps/matk.png</image></game>
<game><path>./Bally Astrocade Merged/mazeman.zip</path><name>mazeman</name><image>~/../thumbs/Bally - Astrocade/Named_Snaps/mazeman.png</image></game>
<game><path>./Bally Astrocade Merged/mlangman.zip</path><name>mlangman</name><image>~/../thumbs/Bally - Astrocade/Named_Snaps/mlangman.png</image></game>
<game><path>./Bally Astrocade Merged/mscandy.zip</path><name>mscandy</name><image>~/../thumbs/Bally - Astrocade/Named_Snaps/mscandy.png</image></game>
<game><path>./Bally Astrocade Merged/muncher.zip</path><name>muncher</name><image>~/../thumbs/Bally - Astrocade/Named_Snaps/muncher.png</image></game>
<game><path>./Bally Astrocade Merged/musicmak.zip</path><name>musicmak</name><image>~/../thumbs/Bally - Astrocade/Named_Snaps/musicmak.png</image></game>
<game><path>./Bally Astrocade Merged/nodie.zip</path><name>nodie</name><image>~/../thumbs/Bally - Astrocade/Named_Snaps/nodie.png</image></game>
<game><path>./Bally Astrocade Merged/oldyaht.zip</path><name>oldyaht</name><image>~/../thumbs/Bally - Astrocade/Named_Snaps/oldyaht.png</image></game>
<game><path>./Bally Astrocade Merged/outpost.zip</path><name>outpost</name><image>~/../thumbs/Bally - Astrocade/Named_Snaps/outpost.png</image></game>
<game><path>./Bally Astrocade Merged/pacman.zip</path><name>pacman</name><image>~/../thumbs/Bally - Astrocade/Named_Snaps/pacman.png</image></game>
<game><path>./Bally Astrocade Merged/pacmaze.zip</path><name>pacmaze</name><image>~/../thumbs/Bally - Astrocade/Named_Snaps/pacmaze.png</image></game>
<game><path>./Bally Astrocade Merged/paperbck.zip</path><name>paperbck</name><image>~/../thumbs/Bally - Astrocade/Named_Snaps/paperbck.png</image></game>
<game><path>./Bally Astrocade Merged/pirate.zip</path><name>pirate</name><image>~/../thumbs/Bally - Astrocade/Named_Snaps/pirate.png</image></game>
<game><path>./Bally Astrocade Merged/quadra.zip</path><name>quadra</name><image>~/../thumbs/Bally - Astrocade/Named_Snaps/quadra.png</image></game>
<game><path>./Bally Astrocade Merged/rainbow2.zip</path><name>rainbow2</name><image>~/../thumbs/Bally - Astrocade/Named_Snaps/rainbow2.png</image></game>
<game><path>./Bally Astrocade Merged/redbaron.zip</path><name>redbaron</name><image>~/../thumbs/Bally - Astrocade/Named_Snaps/redbaron.png</image></game>
<game><path>./Bally Astrocade Merged/roadtoad.zip</path><name>roadtoad</name><image>~/../thumbs/Bally - Astrocade/Named_Snaps/roadtoad.png</image></game>
<game><path>./Bally Astrocade Merged/seadevil.zip</path><name>seadevil</name><image>~/../thumbs/Bally - Astrocade/Named_Snaps/seadevil.png</image></game>
<game><path>./Bally Astrocade Merged/seawolf.zip</path><name>seawolf</name><image>~/../thumbs/Bally - Astrocade/Named_Snaps/seawolf.png</image></game>
<game><path>./Bally Astrocade Merged/sheloves.zip</path><name>sheloves</name><image>~/../thumbs/Bally - Astrocade/Named_Snaps/sheloves.png</image></game>
<game><path>./Bally Astrocade Merged/simgolf.zip</path><name>simgolf</name><image>~/../thumbs/Bally - Astrocade/Named_Snaps/simgolf.png</image></game>
<game><path>./Bally Astrocade Merged/sloshed.zip</path><name>sloshed</name><image>~/../thumbs/Bally - Astrocade/Named_Snaps/sloshed.png</image></game>
<game><path>./Bally Astrocade Merged/sneaky.zip</path><name>sneaky</name><image>~/../thumbs/Bally - Astrocade/Named_Snaps/sneaky.png</image></game>
<game><path>./Bally Astrocade Merged/soccer.zip</path><name>soccer</name><image>~/../thumbs/Bally - Astrocade/Named_Snaps/soccer.png</image></game>
<game><path>./Bally Astrocade Merged/soccera.zip</path><name>soccera</name><image>~/../thumbs/Bally - Astrocade/Named_Snaps/soccera.png</image></game>
<game><path>./Bally Astrocade Merged/soccera2.zip</path><name>soccera2</name><image>~/../thumbs/Bally - Astrocade/Named_Snaps/soccera2.png</image></game>
<game><path>./Bally Astrocade Merged/soccera3.zip</path><name>soccera3</name><image>~/../thumbs/Bally - Astrocade/Named_Snaps/soccera3.png</image></game>
<game><path>./Bally Astrocade Merged/soccera4.zip</path><name>soccera4</name><image>~/../thumbs/Bally - Astrocade/Named_Snaps/soccera4.png</image></game>
<game><path>./Bally Astrocade Merged/soccerp.zip</path><name>soccerp</name><image>~/../thumbs/Bally - Astrocade/Named_Snaps/soccerp.png</image></game>
<game><path>./Bally Astrocade Merged/solarcnq.zip</path><name>solarcnq</name><image>~/../thumbs/Bally - Astrocade/Named_Snaps/solarcnq.png</image></game>
<game><path>./Bally Astrocade Merged/songs.zip</path><name>songs</name><image>~/../thumbs/Bally - Astrocade/Named_Snaps/songs.png</image></game>
<game><path>./Bally Astrocade Merged/spacefrt.zip</path><name>spacefrt</name><image>~/../thumbs/Bally - Astrocade/Named_Snaps/spacefrt.png</image></game>
<game><path>./Bally Astrocade Merged/spaceinv.zip</path><name>spaceinv</name><image>~/../thumbs/Bally - Astrocade/Named_Snaps/spaceinv.png</image></game>
<game><path>./Bally Astrocade Merged/spedmath.zip</path><name>spedmath</name><image>~/../thumbs/Bally - Astrocade/Named_Snaps/spedmath.png</image></game>
<game><path>./Bally Astrocade Merged/sslope.zip</path><name>sslope</name><image>~/../thumbs/Bally - Astrocade/Named_Snaps/sslope.png</image></game>
<game><path>./Bally Astrocade Merged/starbttl.zip</path><name>starbttl</name><image>~/../thumbs/Bally - Astrocade/Named_Snaps/starbttl.png</image></game>
<game><path>./Bally Astrocade Merged/stweek.zip</path><name>stweek</name><image>~/../thumbs/Bally - Astrocade/Named_Snaps/stweek.png</image></game>
<game><path>./Bally Astrocade Merged/tests.zip</path><name>tests</name><image>~/../thumbs/Bally - Astrocade/Named_Snaps/tests.png</image></game>
<game><path>./Bally Astrocade Merged/treasure.zip</path><name>treasure</name><image>~/../thumbs/Bally - Astrocade/Named_Snaps/treasure.png</image></game>
<game><path>./Bally Astrocade Merged/vidstory.zip</path><name>vidstory</name><image>~/../thumbs/Bally - Astrocade/Named_Snaps/vidstory.png</image></game>
<game><path>./Bally Astrocade Merged/viperb.zip</path><name>viperb</name><image>~/../thumbs/Bally - Astrocade/Named_Snaps/viperb.png</image></game>
<game><path>./Bally Astrocade Merged/war.zip</path><name>war</name><image>~/../thumbs/Bally - Astrocade/Named_Snaps/war.png</image></game>
<game><path>./Bally Astrocade Merged/wizard.zip</path><name>wizard</name><image>~/../thumbs/Bally - Astrocade/Named_Snaps/wizard.png</image></game>
<game><path>./Bally Astrocade Merged/yahtgold.zip</path><name>yahtgold</name><image>~/../thumbs/Bally - Astrocade/Named_Snaps/yahtgold.png</image></game>
<game><path>./Bally Astrocade Merged/yesternv.zip</path><name>yesternv</name><image>~/../thumbs/Bally - Astrocade/Named_Snaps/yesternv.png</image></game>
<game><path>./Bally Astrocade Merged/yesterv.zip</path><name>yesterv</name><image>~/../thumbs/Bally - Astrocade/Named_Snaps/yesterv.png</image></game>
<game><path>./Bally Astrocade Merged/ziggyjx.zip</path><name>ziggyjx</name><image>~/../thumbs/Bally - Astrocade/Named_Snaps/ziggyjx.png</image></game>
<game><path>./Bally Astrocade Merged/ziggymo.zip</path><name>ziggymo</name><image>~/../thumbs/Bally - Astrocade/Named_Snaps/ziggymo.png</image></game>
<folder><path>./Bally Astrocade Merged</path><name>Bally Astrocade Merged</name><image>~/../thumb/astrocade.png</image></folder>
<game><path>./Bally Astrocade Split/280zzap.zip</path><name>280zzap</name><image>~/../thumbs/Bally - Astrocade/Named_Snaps/280zzap.png</image></game>
<game><path>./Bally Astrocade Split/adssm.zip</path><name>adssm</name><image>~/../thumbs/Bally - Astrocade/Named_Snaps/adssm.png</image></game>
<game><path>./Bally Astrocade Split/amazmaze.zip</path><name>amazmaze</name><image>~/../thumbs/Bally - Astrocade/Named_Snaps/amazmaze.png</image></game>
<game><path>./Bally Astrocade Split/artiduel.zip</path><name>artiduel</name><image>~/../thumbs/Bally - Astrocade/Named_Snaps/artiduel.png</image></game>
<game><path>./Bally Astrocade Split/artiduelp1.zip</path><name>artiduelp1</name><image>~/../thumbs/Bally - Astrocade/Named_Snaps/artiduelp1.png</image></game>
<game><path>./Bally Astrocade Split/artiduelp2.zip</path><name>artiduelp2</name><image>~/../thumbs/Bally - Astrocade/Named_Snaps/artiduelp2.png</image></game>
<game><path>./Bally Astrocade Split/artiduelp3.zip</path><name>artiduelp3</name><image>~/../thumbs/Bally - Astrocade/Named_Snaps/artiduelp3.png</image></game>
<game><path>./Bally Astrocade Split/artjello.zip</path><name>artjello</name><image>~/../thumbs/Bally - Astrocade/Named_Snaps/artjello.png</image></game>
<game><path>./Bally Astrocade Split/astrobas.zip</path><name>astrobas</name><image>~/../thumbs/Bally - Astrocade/Named_Snaps/astrobas.png</image></game>
<game><path>./Bally Astrocade Split/astrobat.zip</path><name>astrobat</name><image>~/../thumbs/Bally - Astrocade/Named_Snaps/astrobat.png</image></game>
<game><path>./Bally Astrocade Split/balchecn.zip</path><name>balchecn</name><image>~/../thumbs/Bally - Astrocade/Named_Snaps/balchecn.png</image></game>
<game><path>./Bally Astrocade Split/balcheco.zip</path><name>balcheco</name><image>~/../thumbs/Bally - Astrocade/Named_Snaps/balcheco.png</image></game>
<game><path>./Bally Astrocade Split/ballypin.zip</path><name>ballypin</name><image>~/../thumbs/Bally - Astrocade/Named_Snaps/ballypin.png</image></game>
<game><path>./Bally Astrocade Split/baseball.zip</path><name>baseball</name><image>~/../thumbs/Bally - Astrocade/Named_Snaps/baseball.png</image></game>
<game><path>./Bally Astrocade Split/bbasdemo.zip</path><name>bbasdemo</name><image>~/../thumbs/Bally - Astrocade/Named_Snaps/bbasdemo.png</image></game>
<game><path>./Bally Astrocade Split/bbasic.zip</path><name>bbasic</name><image>~/../thumbs/Bally - Astrocade/Named_Snaps/bbasic.png</image></game>
<game><path>./Bally Astrocade Split/biorhy.zip</path><name>biorhy</name><image>~/../thumbs/Bally - Astrocade/Named_Snaps/biorhy.png</image></game>
<game><path>./Bally Astrocade Split/blckjack.zip</path><name>blckjack</name><image>~/../thumbs/Bally - Astrocade/Named_Snaps/blckjack.png</image></game>
<game><path>./Bally Astrocade Split/blueutil.zip</path><name>blueutil</name><image>~/../thumbs/Bally - Astrocade/Named_Snaps/blueutil.png</image></game>
<game><path>./Bally Astrocade Split/bowling.zip</path><name>bowling</name><image>~/../thumbs/Bally - Astrocade/Named_Snaps/bowling.png</image></game>
<game><path>./Bally Astrocade Split/brb10.zip</path><name>brb10</name><image>~/../thumbs/Bally - Astrocade/Named_Snaps/brb10.png</image></game>
<game><path>./Bally Astrocade Split/brb10p.zip</path><name>brb10p</name><image>~/../thumbs/Bally - Astrocade/Named_Snaps/brb10p.png</image></game>
<game><path>./Bally Astrocade Split/brb11.zip</path><name>brb11</name><image>~/../thumbs/Bally - Astrocade/Named_Snaps/brb11.png</image></game>
<game><path>./Bally Astrocade Split/brckyard.zip</path><name>brckyard</name><image>~/../thumbs/Bally - Astrocade/Named_Snaps/brckyard.png</image></game>
<game><path>./Bally Astrocade Split/bstdroid.zip</path><name>bstdroid</name><image>~/../thumbs/Bally - Astrocade/Named_Snaps/bstdroid.png</image></game>
<game><path>./Bally Astrocade Split/buylove.zip</path><name>buylove</name><image>~/../thumbs/Bally - Astrocade/Named_Snaps/buylove.png</image></game>
<game><path>./Bally Astrocade Split/c4simon.zip</path><name>c4simon</name><image>~/../thumbs/Bally - Astrocade/Named_Snaps/c4simon.png</image></game>
<game><path>./Bally Astrocade Split/candyman.zip</path><name>candyman</name><image>~/../thumbs/Bally - Astrocade/Named_Snaps/candyman.png</image></game>
<game><path>./Bally Astrocade Split/cclimber.zip</path><name>cclimber</name><image>~/../thumbs/Bally - Astrocade/Named_Snaps/cclimber.png</image></game>
<game><path>./Bally Astrocade Split/checkbac.zip</path><name>checkbac</name><image>~/../thumbs/Bally - Astrocade/Named_Snaps/checkbac.png</image></game>
<game><path>./Bally Astrocade Split/checkers.zip</path><name>checkers</name><image>~/../thumbs/Bally - Astrocade/Named_Snaps/checkers.png</image></game>
<game><path>./Bally Astrocade Split/chicken.zip</path><name>chicken</name><image>~/../thumbs/Bally - Astrocade/Named_Snaps/chicken.png</image></game>
<game><path>./Bally Astrocade Split/claim.zip</path><name>claim</name><image>~/../thumbs/Bally - Astrocade/Named_Snaps/claim.png</image></game>
<game><path>./Bally Astrocade Split/colbook.zip</path><name>colbook</name><image>~/../thumbs/Bally - Astrocade/Named_Snaps/colbook.png</image></game>
<game><path>./Bally Astrocade Split/collwack.zip</path><name>collwack</name><image>~/../thumbs/Bally - Astrocade/Named_Snaps/collwack.png</image></game>
<game><path>./Bally Astrocade Split/colorbas.zip</path><name>colorbas</name><image>~/../thumbs/Bally - Astrocade/Named_Snaps/colorbas.png</image></game>
<game><path>./Bally Astrocade Split/conan.zip</path><name>conan</name><image>~/../thumbs/Bally - Astrocade/Named_Snaps/conan.png</image></game>
<game><path>./Bally Astrocade Split/conanp.zip</path><name>conanp</name><image>~/../thumbs/Bally - Astrocade/Named_Snaps/conanp.png</image></game>
<game><path>./Bally Astrocade Split/cosmicrd.zip</path><name>cosmicrd</name><image>~/../thumbs/Bally - Astrocade/Named_Snaps/cosmicrd.png</image></game>
<game><path>./Bally Astrocade Split/cosmicrd35.zip</path><name>cosmicrd35</name><image>~/../thumbs/Bally - Astrocade/Named_Snaps/cosmicrd35.png</image></game>
<game><path>./Bally Astrocade Split/cosmicrd36.zip</path><name>cosmicrd36</name><image>~/../thumbs/Bally - Astrocade/Named_Snaps/cosmicrd36.png</image></game>
<game><path>./Bally Astrocade Split/cosmicrda.zip</path><name>cosmicrda</name><image>~/../thumbs/Bally - Astrocade/Named_Snaps/cosmicrda.png</image></game>
<game><path>./Bally Astrocade Split/cosmicrdb.zip</path><name>cosmicrdb</name><image>~/../thumbs/Bally - Astrocade/Named_Snaps/cosmicrdb.png</image></game>
<game><path>./Bally Astrocade Split/dealdemo.zip</path><name>dealdemo</name><image>~/../thumbs/Bally - Astrocade/Named_Snaps/dealdemo.png</image></game>
<game><path>./Bally Astrocade Split/dogpatch.zip</path><name>dogpatch</name><image>~/../thumbs/Bally - Astrocade/Named_Snaps/dogpatch.png</image></game>
<game><path>./Bally Astrocade Split/eightday.zip</path><name>eightday</name><image>~/../thumbs/Bally - Astrocade/Named_Snaps/eightday.png</image></game>
<game><path>./Bally Astrocade Split/fawn.zip</path><name>fawn</name><image>~/../thumbs/Bally - Astrocade/Named_Snaps/fawn.png</image></game>
<game><path>./Bally Astrocade Split/fawna.zip</path><name>fawna</name><image>~/../thumbs/Bally - Astrocade/Named_Snaps/fawna.png</image></game>
<game><path>./Bally Astrocade Split/feelfine.zip</path><name>feelfine</name><image>~/../thumbs/Bally - Astrocade/Named_Snaps/feelfine.png</image></game>
<game><path>./Bally Astrocade Split/flymonk.zip</path><name>flymonk</name><image>~/../thumbs/Bally - Astrocade/Named_Snaps/flymonk.png</image></game>
<game><path>./Bally Astrocade Split/football.zip</path><name>football</name><image>~/../thumbs/Bally - Astrocade/Named_Snaps/football.png</image></game>
<game><path>./Bally Astrocade Split/galactic.zip</path><name>galactic</name><image>~/../thumbs/Bally - Astrocade/Named_Snaps/galactic.png</image></game>
<game><path>./Bally Astrocade Split/galaxian.zip</path><name>galaxian</name><image>~/../thumbs/Bally - Astrocade/Named_Snaps/galaxian.png</image></game>
<game><path>./Bally Astrocade Split/gateesc.zip</path><name>gateesc</name><image>~/../thumbs/Bally - Astrocade/Named_Snaps/gateesc.png</image></game>
<game><path>./Bally Astrocade Split/golddig.zip</path><name>golddig</name><image>~/../thumbs/Bally - Astrocade/Named_Snaps/golddig.png</image></game>
<game><path>./Bally Astrocade Split/golddiga.zip</path><name>golddiga</name><image>~/../thumbs/Bally - Astrocade/Named_Snaps/golddiga.png</image></game>
<game><path>./Bally Astrocade Split/golddigb.zip</path><name>golddigb</name><image>~/../thumbs/Bally - Astrocade/Named_Snaps/golddigb.png</image></game>
<game><path>./Bally Astrocade Split/grandprx.zip</path><name>grandprx</name><image>~/../thumbs/Bally - Astrocade/Named_Snaps/grandprx.png</image></game>
<game><path>./Bally Astrocade Split/hardday.zip</path><name>hardday</name><image>~/../thumbs/Bally - Astrocade/Named_Snaps/hardday.png</image></game>
<game><path>./Bally Astrocade Split/icbmatk.zip</path><name>icbmatk</name><image>~/../thumbs/Bally - Astrocade/Named_Snaps/icbmatk.png</image></game>
<game><path>./Bally Astrocade Split/icbmatkp.zip</path><name>icbmatkp</name><image>~/../thumbs/Bally - Astrocade/Named_Snaps/icbmatkp.png</image></game>
<game><path>./Bally Astrocade Split/jigqb2b.zip</path><name>jigqb2b</name><image>~/../thumbs/Bally - Astrocade/Named_Snaps/jigqb2b.png</image></game>
<game><path>./Bally Astrocade Split/letitbe.zip</path><name>letitbe</name><image>~/../thumbs/Bally - Astrocade/Named_Snaps/letitbe.png</image></game>
<game><path>./Bally Astrocade Split/life.zip</path><name>life</name><image>~/../thumbs/Bally - Astrocade/Named_Snaps/life.png</image></game>
<game><path>./Bally Astrocade Split/lttrmtch.zip</path><name>lttrmtch</name><image>~/../thumbs/Bally - Astrocade/Named_Snaps/lttrmtch.png</image></game>
<game><path>./Bally Astrocade Split/matk.zip</path><name>matk</name><image>~/../thumbs/Bally - Astrocade/Named_Snaps/matk.png</image></game>
<game><path>./Bally Astrocade Split/mazeman.zip</path><name>mazeman</name><image>~/../thumbs/Bally - Astrocade/Named_Snaps/mazeman.png</image></game>
<game><path>./Bally Astrocade Split/mazemanp.zip</path><name>mazemanp</name><image>~/../thumbs/Bally - Astrocade/Named_Snaps/mazemanp.png</image></game>
<game><path>./Bally Astrocade Split/mlangman.zip</path><name>mlangman</name><image>~/../thumbs/Bally - Astrocade/Named_Snaps/mlangman.png</image></game>
<game><path>./Bally Astrocade Split/mscandy.zip</path><name>mscandy</name><image>~/../thumbs/Bally - Astrocade/Named_Snaps/mscandy.png</image></game>
<game><path>./Bally Astrocade Split/muncher.zip</path><name>muncher</name><image>~/../thumbs/Bally - Astrocade/Named_Snaps/muncher.png</image></game>
<game><path>./Bally Astrocade Split/musicmak.zip</path><name>musicmak</name><image>~/../thumbs/Bally - Astrocade/Named_Snaps/musicmak.png</image></game>
<game><path>./Bally Astrocade Split/musicmakp.zip</path><name>musicmakp</name><image>~/../thumbs/Bally - Astrocade/Named_Snaps/musicmakp.png</image></game>
<game><path>./Bally Astrocade Split/musicmakp2.zip</path><name>musicmakp2</name><image>~/../thumbs/Bally - Astrocade/Named_Snaps/musicmakp2.png</image></game>
<game><path>./Bally Astrocade Split/nodie.zip</path><name>nodie</name><image>~/../thumbs/Bally - Astrocade/Named_Snaps/nodie.png</image></game>
<game><path>./Bally Astrocade Split/oldyaht.zip</path><name>oldyaht</name><image>~/../thumbs/Bally - Astrocade/Named_Snaps/oldyaht.png</image></game>
<game><path>./Bally Astrocade Split/outpost.zip</path><name>outpost</name><image>~/../thumbs/Bally - Astrocade/Named_Snaps/outpost.png</image></game>
<game><path>./Bally Astrocade Split/pacman.zip</path><name>pacman</name><image>~/../thumbs/Bally - Astrocade/Named_Snaps/pacman.png</image></game>
<game><path>./Bally Astrocade Split/pacmana.zip</path><name>pacmana</name><image>~/../thumbs/Bally - Astrocade/Named_Snaps/pacmana.png</image></game>
<game><path>./Bally Astrocade Split/pacmaze.zip</path><name>pacmaze</name><image>~/../thumbs/Bally - Astrocade/Named_Snaps/pacmaze.png</image></game>
<game><path>./Bally Astrocade Split/paperbck.zip</path><name>paperbck</name><image>~/../thumbs/Bally - Astrocade/Named_Snaps/paperbck.png</image></game>
<game><path>./Bally Astrocade Split/pirate.zip</path><name>pirate</name><image>~/../thumbs/Bally - Astrocade/Named_Snaps/pirate.png</image></game>
<game><path>./Bally Astrocade Split/quadra.zip</path><name>quadra</name><image>~/../thumbs/Bally - Astrocade/Named_Snaps/quadra.png</image></game>
<game><path>./Bally Astrocade Split/rainbow2.zip</path><name>rainbow2</name><image>~/../thumbs/Bally - Astrocade/Named_Snaps/rainbow2.png</image></game>
<game><path>./Bally Astrocade Split/redbaron.zip</path><name>redbaron</name><image>~/../thumbs/Bally - Astrocade/Named_Snaps/redbaron.png</image></game>
<game><path>./Bally Astrocade Split/roadtoad.zip</path><name>roadtoad</name><image>~/../thumbs/Bally - Astrocade/Named_Snaps/roadtoad.png</image></game>
<game><path>./Bally Astrocade Split/seadevil.zip</path><name>seadevil</name><image>~/../thumbs/Bally - Astrocade/Named_Snaps/seadevil.png</image></game>
<game><path>./Bally Astrocade Split/seawolf.zip</path><name>seawolf</name><image>~/../thumbs/Bally - Astrocade/Named_Snaps/seawolf.png</image></game>
<game><path>./Bally Astrocade Split/sheloves.zip</path><name>sheloves</name><image>~/../thumbs/Bally - Astrocade/Named_Snaps/sheloves.png</image></game>
<game><path>./Bally Astrocade Split/simgolf.zip</path><name>simgolf</name><image>~/../thumbs/Bally - Astrocade/Named_Snaps/simgolf.png</image></game>
<game><path>./Bally Astrocade Split/sloshed.zip</path><name>sloshed</name><image>~/../thumbs/Bally - Astrocade/Named_Snaps/sloshed.png</image></game>
<game><path>./Bally Astrocade Split/sneaky.zip</path><name>sneaky</name><image>~/../thumbs/Bally - Astrocade/Named_Snaps/sneaky.png</image></game>
<game><path>./Bally Astrocade Split/soccer.zip</path><name>soccer</name><image>~/../thumbs/Bally - Astrocade/Named_Snaps/soccer.png</image></game>
<game><path>./Bally Astrocade Split/soccera.zip</path><name>soccera</name><image>~/../thumbs/Bally - Astrocade/Named_Snaps/soccera.png</image></game>
<game><path>./Bally Astrocade Split/soccera2.zip</path><name>soccera2</name><image>~/../thumbs/Bally - Astrocade/Named_Snaps/soccera2.png</image></game>
<game><path>./Bally Astrocade Split/soccera3.zip</path><name>soccera3</name><image>~/../thumbs/Bally - Astrocade/Named_Snaps/soccera3.png</image></game>
<game><path>./Bally Astrocade Split/soccera4.zip</path><name>soccera4</name><image>~/../thumbs/Bally - Astrocade/Named_Snaps/soccera4.png</image></game>
<game><path>./Bally Astrocade Split/soccerp.zip</path><name>soccerp</name><image>~/../thumbs/Bally - Astrocade/Named_Snaps/soccerp.png</image></game>
<game><path>./Bally Astrocade Split/solarcnq.zip</path><name>solarcnq</name><image>~/../thumbs/Bally - Astrocade/Named_Snaps/solarcnq.png</image></game>
<game><path>./Bally Astrocade Split/solarcnqp.zip</path><name>solarcnqp</name><image>~/../thumbs/Bally - Astrocade/Named_Snaps/solarcnqp.png</image></game>
<game><path>./Bally Astrocade Split/solarcnqp28.zip</path><name>solarcnqp28</name><image>~/../thumbs/Bally - Astrocade/Named_Snaps/solarcnqp28.png</image></game>
<game><path>./Bally Astrocade Split/solarcnqp39.zip</path><name>solarcnqp39</name><image>~/../thumbs/Bally - Astrocade/Named_Snaps/solarcnqp39.png</image></game>
<game><path>./Bally Astrocade Split/songs.zip</path><name>songs</name><image>~/../thumbs/Bally - Astrocade/Named_Snaps/songs.png</image></game>
<game><path>./Bally Astrocade Split/songsa.zip</path><name>songsa</name><image>~/../thumbs/Bally - Astrocade/Named_Snaps/songsa.png</image></game>
<game><path>./Bally Astrocade Split/songsu.zip</path><name>songsu</name><image>~/../thumbs/Bally - Astrocade/Named_Snaps/songsu.png</image></game>
<game><path>./Bally Astrocade Split/spacefrt.zip</path><name>spacefrt</name><image>~/../thumbs/Bally - Astrocade/Named_Snaps/spacefrt.png</image></game>
<game><path>./Bally Astrocade Split/spacefrtp.zip</path><name>spacefrtp</name><image>~/../thumbs/Bally - Astrocade/Named_Snaps/spacefrtp.png</image></game>
<game><path>./Bally Astrocade Split/spaceinv.zip</path><name>spaceinv</name><image>~/../thumbs/Bally - Astrocade/Named_Snaps/spaceinv.png</image></game>
<game><path>./Bally Astrocade Split/spaceinvp.zip</path><name>spaceinvp</name><image>~/../thumbs/Bally - Astrocade/Named_Snaps/spaceinvp.png</image></game>
<game><path>./Bally Astrocade Split/spedmath.zip</path><name>spedmath</name><image>~/../thumbs/Bally - Astrocade/Named_Snaps/spedmath.png</image></game>
<game><path>./Bally Astrocade Split/sslope.zip</path><name>sslope</name><image>~/../thumbs/Bally - Astrocade/Named_Snaps/sslope.png</image></game>
<game><path>./Bally Astrocade Split/starbttl.zip</path><name>starbttl</name><image>~/../thumbs/Bally - Astrocade/Named_Snaps/starbttl.png</image></game>
<game><path>./Bally Astrocade Split/stweek.zip</path><name>stweek</name><image>~/../thumbs/Bally - Astrocade/Named_Snaps/stweek.png</image></game>
<game><path>./Bally Astrocade Split/tests.zip</path><name>tests</name><image>~/../thumbs/Bally - Astrocade/Named_Snaps/tests.png</image></game>
<game><path>./Bally Astrocade Split/treasure.zip</path><name>treasure</name><image>~/../thumbs/Bally - Astrocade/Named_Snaps/treasure.png</image></game>
<game><path>./Bally Astrocade Split/treasurep.zip</path><name>treasurep</name><image>~/../thumbs/Bally - Astrocade/Named_Snaps/treasurep.png</image></game>
<game><path>./Bally Astrocade Split/vidstory.zip</path><name>vidstory</name><image>~/../thumbs/Bally - Astrocade/Named_Snaps/vidstory.png</image></game>
<game><path>./Bally Astrocade Split/viperb.zip</path><name>viperb</name><image>~/../thumbs/Bally - Astrocade/Named_Snaps/viperb.png</image></game>
<game><path>./Bally Astrocade Split/viperbp.zip</path><name>viperbp</name><image>~/../thumbs/Bally - Astrocade/Named_Snaps/viperbp.png</image></game>
<game><path>./Bally Astrocade Split/war.zip</path><name>war</name><image>~/../thumbs/Bally - Astrocade/Named_Snaps/war.png</image></game>
<game><path>./Bally Astrocade Split/wizard.zip</path><name>wizard</name><image>~/../thumbs/Bally - Astrocade/Named_Snaps/wizard.png</image></game>
<game><path>./Bally Astrocade Split/wizardp.zip</path><name>wizardp</name><image>~/../thumbs/Bally - Astrocade/Named_Snaps/wizardp.png</image></game>
<game><path>./Bally Astrocade Split/yahtgold.zip</path><name>yahtgold</name><image>~/../thumbs/Bally - Astrocade/Named_Snaps/yahtgold.png</image></game>
<game><path>./Bally Astrocade Split/yesternv.zip</path><name>yesternv</name><image>~/../thumbs/Bally - Astrocade/Named_Snaps/yesternv.png</image></game>
<game><path>./Bally Astrocade Split/yesterv.zip</path><name>yesterv</name><image>~/../thumbs/Bally - Astrocade/Named_Snaps/yesterv.png</image></game>
<game><path>./Bally Astrocade Split/ziggyjx.zip</path><name>ziggyjx</name><image>~/../thumbs/Bally - Astrocade/Named_Snaps/ziggyjx.png</image></game>
<game><path>./Bally Astrocade Split/ziggymo.zip</path><name>ziggymo</name><image>~/../thumbs/Bally - Astrocade/Named_Snaps/ziggymo.png</image></game>
<folder><path>./Bally Astrocade Split</path><name>Bally Astrocade Split</name><image>~/../thumb/astrocade.png</image></folder>
</gameList>
