<game><path>./Bally Astrocade NoIntro/280 Zzzap ~ Dodgem (USA).zip</path><name>280 Zzzap ~ Dodgem (USA)</name><image>~/../thumbs/Bally - Astrocade/Named_Snaps/280 Zzzap ~ Dodgem (USA).png</image><titleshot>~/../thumbs/Bally - Astrocade/Named_Titles/280 Zzzap ~ Dodgem (USA).png</titleshot><thumbnail>~/../thumbs/Bally - Astrocade/Named_Boxarts/280 Zzzap ~ Dodgem (USA).png</thumbnail><marquee>~/../thumbs/Bally - Astrocade/Named_Logos/280 Zzzap ~ Dodgem (USA).png</marquee></game>
<game><path>./Bally Astrocade NoIntro/Amazing Maze ~ Tic-Tac-Toe (USA).zip</path><name>Amazing Maze ~ Tic-Tac-Toe (USA)</name><image>~/../thumbs/Bally - Astrocade/Named_Snaps/Amazing Maze ~ Tic-Tac-Toe (USA).png</image><titleshot>~/../thumbs/Bally - Astrocade/Named_Titles/Amazing Maze ~ Tic-Tac-Toe (USA).png</titleshot><thumbnail>~/../thumbs/Bally - Astrocade/Named_Boxarts/Amazing Maze ~ Tic-Tac-Toe (USA).png</thumbnail><marquee>~/../thumbs/Bally - Astrocade/Named_Logos/Amazing Maze ~ Tic-Tac-Toe (USA).png</marquee></game>
<game><path>./Bally Astrocade NoIntro/Artillery Duel (USA) (Proto) (Alt).zip</path><name>Artillery Duel (USA) (Proto) (Alt)</name><image>~/../thumbs/Bally - Astrocade/Named_Snaps/Artillery Duel (USA) (Proto) (Alt).png</image><titleshot>~/../thumbs/Bally - Astrocade/Named_Titles/Artillery Duel (USA) (Proto) (Alt).png</titleshot><thumbnail>~/../thumbs/Bally - Astrocade/Named_Boxarts/Artillery Duel (USA) (Proto) (Alt).png</thumbnail><marquee>~/../thumbs/Bally - Astrocade/Named_Logos/Artillery Duel (USA) (Proto) (Alt).png</marquee></game>
<game><path>./Bally Astrocade NoIntro/Artillery Duel (USA) (Proto).zip</path><name>Artillery Duel (USA) (Proto)</name><image>~/../thumbs/Bally - Astrocade/Named_Snaps/Artillery Duel (USA) (Proto).png</image><titleshot>~/../thumbs/Bally - Astrocade/Named_Titles/Artillery Duel (USA) (Proto).png</titleshot><thumbnail>~/../thumbs/Bally - Astrocade/Named_Boxarts/Artillery Duel (USA) (Proto).png</thumbnail><marquee>~/../thumbs/Bally - Astrocade/Named_Logos/Artillery Duel (USA) (Proto).png</marquee></game>
<game><path>./Bally Astrocade NoIntro/Astro Battle (USA).zip</path><name>Astro Battle (USA)</name><image>~/../thumbs/Bally - Astrocade/Named_Snaps/Astro Battle (USA).png</image><titleshot>~/../thumbs/Bally - Astrocade/Named_Titles/Astro Battle (USA).png</titleshot><thumbnail>~/../thumbs/Bally - Astrocade/Named_Boxarts/Astro Battle (USA).png</thumbnail><marquee>~/../thumbs/Bally - Astrocade/Named_Logos/Astro Battle (USA).png</marquee></game>
<game><path>./Bally Astrocade NoIntro/Bally Black Box (USA).zip</path><name>Bally Black Box (USA)</name><image>~/../thumbs/Bally - Astrocade/Named_Snaps/Bally Black Box (USA).png</image><titleshot>~/../thumbs/Bally - Astrocade/Named_Titles/Bally Black Box (USA).png</titleshot><thumbnail>~/../thumbs/Bally - Astrocade/Named_Boxarts/Bally Black Box (USA).png</thumbnail><marquee>~/../thumbs/Bally - Astrocade/Named_Logos/Bally Black Box (USA).png</marquee></game>
<game><path>./Bally Astrocade NoIntro/Bally Pin (USA).zip</path><name>Bally Pin (USA)</name><image>~/../thumbs/Bally - Astrocade/Named_Snaps/Bally Pin (USA).png</image><titleshot>~/../thumbs/Bally - Astrocade/Named_Titles/Bally Pin (USA).png</titleshot><thumbnail>~/../thumbs/Bally - Astrocade/Named_Boxarts/Bally Pin (USA).png</thumbnail><marquee>~/../thumbs/Bally - Astrocade/Named_Logos/Bally Pin (USA).png</marquee></game>
<game><path>./Bally Astrocade NoIntro/Blackjack ~ Poker ~ Acey-Duecy (USA).zip</path><name>Blackjack ~ Poker ~ Acey-Duecy (USA)</name><image>~/../thumbs/Bally - Astrocade/Named_Snaps/Blackjack ~ Poker ~ Acey-Duecy (USA).png</image><titleshot>~/../thumbs/Bally - Astrocade/Named_Titles/Blackjack ~ Poker ~ Acey-Duecy (USA).png</titleshot><thumbnail>~/../thumbs/Bally - Astrocade/Named_Boxarts/Blackjack ~ Poker ~ Acey-Duecy (USA).png</thumbnail><marquee>~/../thumbs/Bally - Astrocade/Named_Logos/Blackjack ~ Poker ~ Acey-Duecy (USA).png</marquee></game>
<game><path>./Bally Astrocade NoIntro/Blast Droids (USA).zip</path><name>Blast Droids (USA)</name><image>~/../thumbs/Bally - Astrocade/Named_Snaps/Blast Droids (USA).png</image><titleshot>~/../thumbs/Bally - Astrocade/Named_Titles/Blast Droids (USA).png</titleshot><thumbnail>~/../thumbs/Bally - Astrocade/Named_Boxarts/Blast Droids (USA).png</thumbnail><marquee>~/../thumbs/Bally - Astrocade/Named_Logos/Blast Droids (USA).png</marquee></game>
<game><path>./Bally Astrocade NoIntro/Bowling (USA) (Proto).zip</path><name>Bowling (USA) (Proto)</name><image>~/../thumbs/Bally - Astrocade/Named_Snaps/Bowling (USA) (Proto).png</image><titleshot>~/../thumbs/Bally - Astrocade/Named_Titles/Bowling (USA) (Proto).png</titleshot><thumbnail>~/../thumbs/Bally - Astrocade/Named_Boxarts/Bowling (USA) (Proto).png</thumbnail><marquee>~/../thumbs/Bally - Astrocade/Named_Logos/Bowling (USA) (Proto).png</marquee></game>
<game><path>./Bally Astrocade NoIntro/Candyman (USA).zip</path><name>Candyman (USA)</name><image>~/../thumbs/Bally - Astrocade/Named_Snaps/Candyman (USA).png</image><titleshot>~/../thumbs/Bally - Astrocade/Named_Titles/Candyman (USA).png</titleshot><thumbnail>~/../thumbs/Bally - Astrocade/Named_Boxarts/Candyman (USA).png</thumbnail><marquee>~/../thumbs/Bally - Astrocade/Named_Logos/Candyman (USA).png</marquee></game>
<game><path>./Bally Astrocade NoIntro/Checkers (USA) (Proto).zip</path><name>Checkers (USA) (Proto)</name><image>~/../thumbs/Bally - Astrocade/Named_Snaps/Checkers (USA) (Proto).png</image><titleshot>~/../thumbs/Bally - Astrocade/Named_Titles/Checkers (USA) (Proto).png</titleshot><thumbnail>~/../thumbs/Bally - Astrocade/Named_Boxarts/Checkers (USA) (Proto).png</thumbnail><marquee>~/../thumbs/Bally - Astrocade/Named_Logos/Checkers (USA) (Proto).png</marquee></game>
<game><path>./Bally Astrocade NoIntro/Chicken (USA).zip</path><name>Chicken (USA)</name><image>~/../thumbs/Bally - Astrocade/Named_Snaps/Chicken (USA).png</image><titleshot>~/../thumbs/Bally - Astrocade/Named_Titles/Chicken (USA).png</titleshot><thumbnail>~/../thumbs/Bally - Astrocade/Named_Boxarts/Chicken (USA).png</thumbnail><marquee>~/../thumbs/Bally - Astrocade/Named_Logos/Chicken (USA).png</marquee></game>
<game><path>./Bally Astrocade NoIntro/Claim Jumper (USA).zip</path><name>Claim Jumper (USA)</name><image>~/../thumbs/Bally - Astrocade/Named_Snaps/Claim Jumper (USA).png</image><titleshot>~/../thumbs/Bally - Astrocade/Named_Titles/Claim Jumper (USA).png</titleshot><thumbnail>~/../thumbs/Bally - Astrocade/Named_Boxarts/Claim Jumper (USA).png</thumbnail><marquee>~/../thumbs/Bally - Astrocade/Named_Logos/Claim Jumper (USA).png</marquee></game>
<game><path>./Bally Astrocade NoIntro/Clowns ~ Brickyard (USA).zip</path><name>Clowns ~ Brickyard (USA)</name><image>~/../thumbs/Bally - Astrocade/Named_Snaps/Clowns ~ Brickyard (USA).png</image><titleshot>~/../thumbs/Bally - Astrocade/Named_Titles/Clowns ~ Brickyard (USA).png</titleshot><thumbnail>~/../thumbs/Bally - Astrocade/Named_Boxarts/Clowns ~ Brickyard (USA).png</thumbnail><marquee>~/../thumbs/Bally - Astrocade/Named_Logos/Clowns ~ Brickyard (USA).png</marquee></game>
<game><path>./Bally Astrocade NoIntro/Conan the Barbarian (USA) (Proto).zip</path><name>Conan the Barbarian (USA) (Proto)</name><image>~/../thumbs/Bally - Astrocade/Named_Snaps/Conan the Barbarian (USA) (Proto).png</image><titleshot>~/../thumbs/Bally - Astrocade/Named_Titles/Conan the Barbarian (USA) (Proto).png</titleshot><thumbnail>~/../thumbs/Bally - Astrocade/Named_Boxarts/Conan the Barbarian (USA) (Proto).png</thumbnail><marquee>~/../thumbs/Bally - Astrocade/Named_Logos/Conan the Barbarian (USA) (Proto).png</marquee></game>
<game><path>./Bally Astrocade NoIntro/Conan the Barbarian (USA).zip</path><name>Conan the Barbarian (USA)</name><image>~/../thumbs/Bally - Astrocade/Named_Snaps/Conan the Barbarian (USA).png</image><titleshot>~/../thumbs/Bally - Astrocade/Named_Titles/Conan the Barbarian (USA).png</titleshot><thumbnail>~/../thumbs/Bally - Astrocade/Named_Boxarts/Conan the Barbarian (USA).png</thumbnail><marquee>~/../thumbs/Bally - Astrocade/Named_Logos/Conan the Barbarian (USA).png</marquee></game>
<game><path>./Bally Astrocade NoIntro/Cosmic Raider (USA).zip</path><name>Cosmic Raider (USA)</name><image>~/../thumbs/Bally - Astrocade/Named_Snaps/Cosmic Raider (USA).png</image><titleshot>~/../thumbs/Bally - Astrocade/Named_Titles/Cosmic Raider (USA).png</titleshot><thumbnail>~/../thumbs/Bally - Astrocade/Named_Boxarts/Cosmic Raider (USA).png</thumbnail><marquee>~/../thumbs/Bally - Astrocade/Named_Logos/Cosmic Raider (USA).png</marquee></game>
<game><path>./Bally Astrocade NoIntro/Cosmic Raiders (USA) (Proto) (Alt).zip</path><name>Cosmic Raiders (USA) (Proto) (Alt)</name><image>~/../thumbs/Bally - Astrocade/Named_Snaps/Cosmic Raiders (USA) (Proto) (Alt).png</image><titleshot>~/../thumbs/Bally - Astrocade/Named_Titles/Cosmic Raiders (USA) (Proto) (Alt).png</titleshot><thumbnail>~/../thumbs/Bally - Astrocade/Named_Boxarts/Cosmic Raiders (USA) (Proto) (Alt).png</thumbnail><marquee>~/../thumbs/Bally - Astrocade/Named_Logos/Cosmic Raiders (USA) (Proto) (Alt).png</marquee></game>
<game><path>./Bally Astrocade NoIntro/Cosmic Raiders (USA) (Proto).zip</path><name>Cosmic Raiders (USA) (Proto)</name><image>~/../thumbs/Bally - Astrocade/Named_Snaps/Cosmic Raiders (USA) (Proto).png</image><titleshot>~/../thumbs/Bally - Astrocade/Named_Titles/Cosmic Raiders (USA) (Proto).png</titleshot><thumbnail>~/../thumbs/Bally - Astrocade/Named_Boxarts/Cosmic Raiders (USA) (Proto).png</thumbnail><marquee>~/../thumbs/Bally - Astrocade/Named_Logos/Cosmic Raiders (USA) (Proto).png</marquee></game>
<game><path>./Bally Astrocade NoIntro/Cosmic Raiders (v3.5) (USA) (Proto).zip</path><name>Cosmic Raiders (v3.5) (USA) (Proto)</name><image>~/../thumbs/Bally - Astrocade/Named_Snaps/Cosmic Raiders (v3.5) (USA) (Proto).png</image><titleshot>~/../thumbs/Bally - Astrocade/Named_Titles/Cosmic Raiders (v3.5) (USA) (Proto).png</titleshot><thumbnail>~/../thumbs/Bally - Astrocade/Named_Boxarts/Cosmic Raiders (v3.5) (USA) (Proto).png</thumbnail><marquee>~/../thumbs/Bally - Astrocade/Named_Logos/Cosmic Raiders (v3.5) (USA) (Proto).png</marquee></game>
<game><path>./Bally Astrocade NoIntro/Cosmic Raiders (v3.6) (USA) (Proto).zip</path><name>Cosmic Raiders (v3.6) (USA) (Proto)</name><image>~/../thumbs/Bally - Astrocade/Named_Snaps/Cosmic Raiders (v3.6) (USA) (Proto).png</image><titleshot>~/../thumbs/Bally - Astrocade/Named_Titles/Cosmic Raiders (v3.6) (USA) (Proto).png</titleshot><thumbnail>~/../thumbs/Bally - Astrocade/Named_Boxarts/Cosmic Raiders (v3.6) (USA) (Proto).png</thumbnail><marquee>~/../thumbs/Bally - Astrocade/Named_Logos/Cosmic Raiders (v3.6) (USA) (Proto).png</marquee></game>
<game><path>./Bally Astrocade NoIntro/Crazy Climber (USA).zip</path><name>Crazy Climber (USA)</name><image>~/../thumbs/Bally - Astrocade/Named_Snaps/Crazy Climber (USA).png</image><titleshot>~/../thumbs/Bally - Astrocade/Named_Titles/Crazy Climber (USA).png</titleshot><thumbnail>~/../thumbs/Bally - Astrocade/Named_Boxarts/Crazy Climber (USA).png</thumbnail><marquee>~/../thumbs/Bally - Astrocade/Named_Logos/Crazy Climber (USA).png</marquee></game>
<game><path>./Bally Astrocade NoIntro/Dogpatch (USA).zip</path><name>Dogpatch (USA)</name><image>~/../thumbs/Bally - Astrocade/Named_Snaps/Dogpatch (USA).png</image><titleshot>~/../thumbs/Bally - Astrocade/Named_Titles/Dogpatch (USA).png</titleshot><thumbnail>~/../thumbs/Bally - Astrocade/Named_Boxarts/Dogpatch (USA).png</thumbnail><marquee>~/../thumbs/Bally - Astrocade/Named_Logos/Dogpatch (USA).png</marquee></game>
<game><path>./Bally Astrocade NoIntro/Fawn Dungeon (USA) (Proto) (1st Version).zip</path><name>Fawn Dungeon (USA) (Proto) (1st Version)</name><image>~/../thumbs/Bally - Astrocade/Named_Snaps/Fawn Dungeon (USA) (Proto) (1st Version).png</image><titleshot>~/../thumbs/Bally - Astrocade/Named_Titles/Fawn Dungeon (USA) (Proto) (1st Version).png</titleshot><thumbnail>~/../thumbs/Bally - Astrocade/Named_Boxarts/Fawn Dungeon (USA) (Proto) (1st Version).png</thumbnail><marquee>~/../thumbs/Bally - Astrocade/Named_Logos/Fawn Dungeon (USA) (Proto) (1st Version).png</marquee></game>
<game><path>./Bally Astrocade NoIntro/Fawn Dungeon (USA) (Proto) (2nd Version).zip</path><name>Fawn Dungeon (USA) (Proto) (2nd Version)</name><image>~/../thumbs/Bally - Astrocade/Named_Snaps/Fawn Dungeon (USA) (Proto) (2nd Version).png</image><titleshot>~/../thumbs/Bally - Astrocade/Named_Titles/Fawn Dungeon (USA) (Proto) (2nd Version).png</titleshot><thumbnail>~/../thumbs/Bally - Astrocade/Named_Boxarts/Fawn Dungeon (USA) (Proto) (2nd Version).png</thumbnail><marquee>~/../thumbs/Bally - Astrocade/Named_Logos/Fawn Dungeon (USA) (Proto) (2nd Version).png</marquee></game>
<game><path>./Bally Astrocade NoIntro/Football (USA).zip</path><name>Football (USA)</name><image>~/../thumbs/Bally - Astrocade/Named_Snaps/Football (USA).png</image><titleshot>~/../thumbs/Bally - Astrocade/Named_Titles/Football (USA).png</titleshot><thumbnail>~/../thumbs/Bally - Astrocade/Named_Boxarts/Football (USA).png</thumbnail><marquee>~/../thumbs/Bally - Astrocade/Named_Logos/Football (USA).png</marquee></game>
<game><path>./Bally Astrocade NoIntro/Galactic Invasion (USA).zip</path><name>Galactic Invasion (USA)</name><image>~/../thumbs/Bally - Astrocade/Named_Snaps/Galactic Invasion (USA).png</image><titleshot>~/../thumbs/Bally - Astrocade/Named_Titles/Galactic Invasion (USA).png</titleshot><thumbnail>~/../thumbs/Bally - Astrocade/Named_Boxarts/Galactic Invasion (USA).png</thumbnail><marquee>~/../thumbs/Bally - Astrocade/Named_Logos/Galactic Invasion (USA).png</marquee></game>
<game><path>./Bally Astrocade NoIntro/Gate Escape, The (USA).zip</path><name>Gate Escape, The (USA)</name><image>~/../thumbs/Bally - Astrocade/Named_Snaps/Gate Escape, The (USA).png</image><titleshot>~/../thumbs/Bally - Astrocade/Named_Titles/Gate Escape, The (USA).png</titleshot><thumbnail>~/../thumbs/Bally - Astrocade/Named_Boxarts/Gate Escape, The (USA).png</thumbnail><marquee>~/../thumbs/Bally - Astrocade/Named_Logos/Gate Escape, The (USA).png</marquee></game>
<game><path>./Bally Astrocade NoIntro/Grand Prix ~ Demolition Derby (USA).zip</path><name>Grand Prix ~ Demolition Derby (USA)</name><image>~/../thumbs/Bally - Astrocade/Named_Snaps/Grand Prix ~ Demolition Derby (USA).png</image><titleshot>~/../thumbs/Bally - Astrocade/Named_Titles/Grand Prix ~ Demolition Derby (USA).png</titleshot><thumbnail>~/../thumbs/Bally - Astrocade/Named_Boxarts/Grand Prix ~ Demolition Derby (USA).png</thumbnail><marquee>~/../thumbs/Bally - Astrocade/Named_Logos/Grand Prix ~ Demolition Derby (USA).png</marquee></game>
<game><path>./Bally Astrocade NoIntro/Haunted House (USA) (Part 1).zip</path><name>Haunted House (USA) (Part 1)</name><image>~/../thumbs/Bally - Astrocade/Named_Snaps/Haunted House (USA) (Part 1).png</image><titleshot>~/../thumbs/Bally - Astrocade/Named_Titles/Haunted House (USA) (Part 1).png</titleshot><thumbnail>~/../thumbs/Bally - Astrocade/Named_Boxarts/Haunted House (USA) (Part 1).png</thumbnail><marquee>~/../thumbs/Bally - Astrocade/Named_Logos/Haunted House (USA) (Part 1).png</marquee></game>
<game><path>./Bally Astrocade NoIntro/Haunted House (USA) (Part 2).zip</path><name>Haunted House (USA) (Part 2)</name><image>~/../thumbs/Bally - Astrocade/Named_Snaps/Haunted House (USA) (Part 2).png</image><titleshot>~/../thumbs/Bally - Astrocade/Named_Titles/Haunted House (USA) (Part 2).png</titleshot><thumbnail>~/../thumbs/Bally - Astrocade/Named_Boxarts/Haunted House (USA) (Part 2).png</thumbnail><marquee>~/../thumbs/Bally - Astrocade/Named_Logos/Haunted House (USA) (Part 2).png</marquee></game>
<game><path>./Bally Astrocade NoIntro/Haunted House (USA) (Part 3).zip</path><name>Haunted House (USA) (Part 3)</name><image>~/../thumbs/Bally - Astrocade/Named_Snaps/Haunted House (USA) (Part 3).png</image><titleshot>~/../thumbs/Bally - Astrocade/Named_Titles/Haunted House (USA) (Part 3).png</titleshot><thumbnail>~/../thumbs/Bally - Astrocade/Named_Boxarts/Haunted House (USA) (Part 3).png</thumbnail><marquee>~/../thumbs/Bally - Astrocade/Named_Logos/Haunted House (USA) (Part 3).png</marquee></game>
<game><path>./Bally Astrocade NoIntro/Haunted House (USA) (Part 4).zip</path><name>Haunted House (USA) (Part 4)</name><image>~/../thumbs/Bally - Astrocade/Named_Snaps/Haunted House (USA) (Part 4).png</image><titleshot>~/../thumbs/Bally - Astrocade/Named_Titles/Haunted House (USA) (Part 4).png</titleshot><thumbnail>~/../thumbs/Bally - Astrocade/Named_Boxarts/Haunted House (USA) (Part 4).png</thumbnail><marquee>~/../thumbs/Bally - Astrocade/Named_Logos/Haunted House (USA) (Part 4).png</marquee></game>
<game><path>./Bally Astrocade NoIntro/Haunted House (USA) (Part 5).zip</path><name>Haunted House (USA) (Part 5)</name><image>~/../thumbs/Bally - Astrocade/Named_Snaps/Haunted House (USA) (Part 5).png</image><titleshot>~/../thumbs/Bally - Astrocade/Named_Titles/Haunted House (USA) (Part 5).png</titleshot><thumbnail>~/../thumbs/Bally - Astrocade/Named_Boxarts/Haunted House (USA) (Part 5).png</thumbnail><marquee>~/../thumbs/Bally - Astrocade/Named_Logos/Haunted House (USA) (Part 5).png</marquee></game>
<game><path>./Bally Astrocade NoIntro/Haunted House (USA) (Part 6).zip</path><name>Haunted House (USA) (Part 6)</name><image>~/../thumbs/Bally - Astrocade/Named_Snaps/Haunted House (USA) (Part 6).png</image><titleshot>~/../thumbs/Bally - Astrocade/Named_Titles/Haunted House (USA) (Part 6).png</titleshot><thumbnail>~/../thumbs/Bally - Astrocade/Named_Boxarts/Haunted House (USA) (Part 6).png</thumbnail><marquee>~/../thumbs/Bally - Astrocade/Named_Logos/Haunted House (USA) (Part 6).png</marquee></game>
<game><path>./Bally Astrocade NoIntro/Haunted House (USA) (Part 7).zip</path><name>Haunted House (USA) (Part 7)</name><image>~/../thumbs/Bally - Astrocade/Named_Snaps/Haunted House (USA) (Part 7).png</image><titleshot>~/../thumbs/Bally - Astrocade/Named_Titles/Haunted House (USA) (Part 7).png</titleshot><thumbnail>~/../thumbs/Bally - Astrocade/Named_Boxarts/Haunted House (USA) (Part 7).png</thumbnail><marquee>~/../thumbs/Bally - Astrocade/Named_Logos/Haunted House (USA) (Part 7).png</marquee></game>
<game><path>./Bally Astrocade NoIntro/Haunted House (USA) (Part 8).zip</path><name>Haunted House (USA) (Part 8)</name><image>~/../thumbs/Bally - Astrocade/Named_Snaps/Haunted House (USA) (Part 8).png</image><titleshot>~/../thumbs/Bally - Astrocade/Named_Titles/Haunted House (USA) (Part 8).png</titleshot><thumbnail>~/../thumbs/Bally - Astrocade/Named_Boxarts/Haunted House (USA) (Part 8).png</thumbnail><marquee>~/../thumbs/Bally - Astrocade/Named_Logos/Haunted House (USA) (Part 8).png</marquee></game>
<game><path>./Bally Astrocade NoIntro/Haunted House (USA) (Part 9).zip</path><name>Haunted House (USA) (Part 9)</name><image>~/../thumbs/Bally - Astrocade/Named_Snaps/Haunted House (USA) (Part 9).png</image><titleshot>~/../thumbs/Bally - Astrocade/Named_Titles/Haunted House (USA) (Part 9).png</titleshot><thumbnail>~/../thumbs/Bally - Astrocade/Named_Boxarts/Haunted House (USA) (Part 9).png</thumbnail><marquee>~/../thumbs/Bally - Astrocade/Named_Logos/Haunted House (USA) (Part 9).png</marquee></game>
<game><path>./Bally Astrocade NoIntro/Incredible Wizard, The (USA) (Proto) [b].zip</path><name>Incredible Wizard, The (USA) (Proto) [b]</name><image>~/../thumbs/Bally - Astrocade/Named_Snaps/Incredible Wizard, The (USA) (Proto) [b].png</image><titleshot>~/../thumbs/Bally - Astrocade/Named_Titles/Incredible Wizard, The (USA) (Proto) [b].png</titleshot><thumbnail>~/../thumbs/Bally - Astrocade/Named_Boxarts/Incredible Wizard, The (USA) (Proto) [b].png</thumbnail><marquee>~/../thumbs/Bally - Astrocade/Named_Logos/Incredible Wizard, The (USA) (Proto) [b].png</marquee><hidden>true</hidden></game>
<game><path>./Bally Astrocade NoIntro/Incredible Wizard, The (USA).zip</path><name>Incredible Wizard, The (USA)</name><image>~/../thumbs/Bally - Astrocade/Named_Snaps/Incredible Wizard, The (USA).png</image><titleshot>~/../thumbs/Bally - Astrocade/Named_Titles/Incredible Wizard, The (USA).png</titleshot><thumbnail>~/../thumbs/Bally - Astrocade/Named_Boxarts/Incredible Wizard, The (USA).png</thumbnail><marquee>~/../thumbs/Bally - Astrocade/Named_Logos/Incredible Wizard, The (USA).png</marquee></game>
<game><path>./Bally Astrocade NoIntro/Life (USA).zip</path><name>Life (USA)</name><image>~/../thumbs/Bally - Astrocade/Named_Snaps/Life (USA).png</image><titleshot>~/../thumbs/Bally - Astrocade/Named_Titles/Life (USA).png</titleshot><thumbnail>~/../thumbs/Bally - Astrocade/Named_Boxarts/Life (USA).png</thumbnail><marquee>~/../thumbs/Bally - Astrocade/Named_Logos/Life (USA).png</marquee></game>
<game><path>./Bally Astrocade NoIntro/Mazeman (USA) (Proto).zip</path><name>Mazeman (USA) (Proto)</name><image>~/../thumbs/Bally - Astrocade/Named_Snaps/Mazeman (USA) (Proto).png</image><titleshot>~/../thumbs/Bally - Astrocade/Named_Titles/Mazeman (USA) (Proto).png</titleshot><thumbnail>~/../thumbs/Bally - Astrocade/Named_Boxarts/Mazeman (USA) (Proto).png</thumbnail><marquee>~/../thumbs/Bally - Astrocade/Named_Logos/Mazeman (USA) (Proto).png</marquee></game>
<game><path>./Bally Astrocade NoIntro/Mazeman (USA).zip</path><name>Mazeman (USA)</name><image>~/../thumbs/Bally - Astrocade/Named_Snaps/Mazeman (USA).png</image><titleshot>~/../thumbs/Bally - Astrocade/Named_Titles/Mazeman (USA).png</titleshot><thumbnail>~/../thumbs/Bally - Astrocade/Named_Boxarts/Mazeman (USA).png</thumbnail><marquee>~/../thumbs/Bally - Astrocade/Named_Logos/Mazeman (USA).png</marquee></game>
<game><path>./Bally Astrocade NoIntro/Ms. Candyman (USA).zip</path><name>Ms. Candyman (USA)</name><image>~/../thumbs/Bally - Astrocade/Named_Snaps/Ms. Candyman (USA).png</image><titleshot>~/../thumbs/Bally - Astrocade/Named_Titles/Ms. Candyman (USA).png</titleshot><thumbnail>~/../thumbs/Bally - Astrocade/Named_Boxarts/Ms. Candyman (USA).png</thumbnail><marquee>~/../thumbs/Bally - Astrocade/Named_Logos/Ms. Candyman (USA).png</marquee></game>
<game><path>./Bally Astrocade NoIntro/Muncher (USA).zip</path><name>Muncher (USA)</name><image>~/../thumbs/Bally - Astrocade/Named_Snaps/Muncher (USA).png</image><titleshot>~/../thumbs/Bally - Astrocade/Named_Titles/Muncher (USA).png</titleshot><thumbnail>~/../thumbs/Bally - Astrocade/Named_Boxarts/Muncher (USA).png</thumbnail><marquee>~/../thumbs/Bally - Astrocade/Named_Logos/Muncher (USA).png</marquee></game>
<game><path>./Bally Astrocade NoIntro/No-Die! (USA).zip</path><name>No-Die! (USA)</name><image>~/../thumbs/Bally - Astrocade/Named_Snaps/No-Die! (USA).png</image><titleshot>~/../thumbs/Bally - Astrocade/Named_Titles/No-Die! (USA).png</titleshot><thumbnail>~/../thumbs/Bally - Astrocade/Named_Boxarts/No-Die! (USA).png</thumbnail><marquee>~/../thumbs/Bally - Astrocade/Named_Logos/No-Die! (USA).png</marquee></game>
<game><path>./Bally Astrocade NoIntro/Pac-Man (USA) (Proto) (Alt).zip</path><name>Pac-Man (USA) (Proto) (Alt)</name><image>~/../thumbs/Bally - Astrocade/Named_Snaps/Pac-Man (USA) (Proto) (Alt).png</image><titleshot>~/../thumbs/Bally - Astrocade/Named_Titles/Pac-Man (USA) (Proto) (Alt).png</titleshot><thumbnail>~/../thumbs/Bally - Astrocade/Named_Boxarts/Pac-Man (USA) (Proto) (Alt).png</thumbnail><marquee>~/../thumbs/Bally - Astrocade/Named_Logos/Pac-Man (USA) (Proto) (Alt).png</marquee></game>
<game><path>./Bally Astrocade NoIntro/Pac-Man (USA) (Proto).zip</path><name>Pac-Man (USA) (Proto)</name><image>~/../thumbs/Bally - Astrocade/Named_Snaps/Pac-Man (USA) (Proto).png</image><titleshot>~/../thumbs/Bally - Astrocade/Named_Titles/Pac-Man (USA) (Proto).png</titleshot><thumbnail>~/../thumbs/Bally - Astrocade/Named_Boxarts/Pac-Man (USA) (Proto).png</thumbnail><marquee>~/../thumbs/Bally - Astrocade/Named_Logos/Pac-Man (USA) (Proto).png</marquee></game>
<game><path>./Bally Astrocade NoIntro/Pacmaze (USA) (Proto).zip</path><name>Pacmaze (USA) (Proto)</name><image>~/../thumbs/Bally - Astrocade/Named_Snaps/Pacmaze (USA) (Proto).png</image><titleshot>~/../thumbs/Bally - Astrocade/Named_Titles/Pacmaze (USA) (Proto).png</titleshot><thumbnail>~/../thumbs/Bally - Astrocade/Named_Boxarts/Pacmaze (USA) (Proto).png</thumbnail><marquee>~/../thumbs/Bally - Astrocade/Named_Logos/Pacmaze (USA) (Proto).png</marquee></game>
<game><path>./Bally Astrocade NoIntro/Panzer Attack ~ Red Baron (USA).zip</path><name>Panzer Attack ~ Red Baron (USA)</name><image>~/../thumbs/Bally - Astrocade/Named_Snaps/Panzer Attack ~ Red Baron (USA).png</image><titleshot>~/../thumbs/Bally - Astrocade/Named_Titles/Panzer Attack ~ Red Baron (USA).png</titleshot><thumbnail>~/../thumbs/Bally - Astrocade/Named_Boxarts/Panzer Attack ~ Red Baron (USA).png</thumbnail><marquee>~/../thumbs/Bally - Astrocade/Named_Logos/Panzer Attack ~ Red Baron (USA).png</marquee></game>
<game><path>./Bally Astrocade NoIntro/Pirate's Chase (USA).zip</path><name>Pirate's Chase (USA)</name><image>~/../thumbs/Bally - Astrocade/Named_Snaps/Pirate's Chase (USA).png</image><titleshot>~/../thumbs/Bally - Astrocade/Named_Titles/Pirate's Chase (USA).png</titleshot><thumbnail>~/../thumbs/Bally - Astrocade/Named_Boxarts/Pirate's Chase (USA).png</thumbnail><marquee>~/../thumbs/Bally - Astrocade/Named_Logos/Pirate's Chase (USA).png</marquee></game>
<game><path>./Bally Astrocade NoIntro/Road Toad (USA).zip</path><name>Road Toad (USA)</name><image>~/../thumbs/Bally - Astrocade/Named_Snaps/Road Toad (USA).png</image><titleshot>~/../thumbs/Bally - Astrocade/Named_Titles/Road Toad (USA).png</titleshot><thumbnail>~/../thumbs/Bally - Astrocade/Named_Boxarts/Road Toad (USA).png</thumbnail><marquee>~/../thumbs/Bally - Astrocade/Named_Logos/Road Toad (USA).png</marquee></game>
<game><path>./Bally Astrocade NoIntro/Sea Devil (USA).zip</path><name>Sea Devil (USA)</name><image>~/../thumbs/Bally - Astrocade/Named_Snaps/Sea Devil (USA).png</image><titleshot>~/../thumbs/Bally - Astrocade/Named_Titles/Sea Devil (USA).png</titleshot><thumbnail>~/../thumbs/Bally - Astrocade/Named_Boxarts/Sea Devil (USA).png</thumbnail><marquee>~/../thumbs/Bally - Astrocade/Named_Logos/Sea Devil (USA).png</marquee></game>
<game><path>./Bally Astrocade NoIntro/Seawolf ~ Missile (USA) [b].zip</path><name>Seawolf ~ Missile (USA) [b]</name><image>~/../thumbs/Bally - Astrocade/Named_Snaps/Seawolf ~ Missile (USA) [b].png</image><titleshot>~/../thumbs/Bally - Astrocade/Named_Titles/Seawolf ~ Missile (USA) [b].png</titleshot><thumbnail>~/../thumbs/Bally - Astrocade/Named_Boxarts/Seawolf ~ Missile (USA) [b].png</thumbnail><marquee>~/../thumbs/Bally - Astrocade/Named_Logos/Seawolf ~ Missile (USA) [b].png</marquee><hidden>true</hidden></game>
<game><path>./Bally Astrocade NoIntro/Soccer (USA) (Proto) (Alt 2).zip</path><name>Soccer (USA) (Proto) (Alt 2)</name><image>~/../thumbs/Bally - Astrocade/Named_Snaps/Soccer (USA) (Proto) (Alt 2).png</image><titleshot>~/../thumbs/Bally - Astrocade/Named_Titles/Soccer (USA) (Proto) (Alt 2).png</titleshot><thumbnail>~/../thumbs/Bally - Astrocade/Named_Boxarts/Soccer (USA) (Proto) (Alt 2).png</thumbnail><marquee>~/../thumbs/Bally - Astrocade/Named_Logos/Soccer (USA) (Proto) (Alt 2).png</marquee></game>
<game><path>./Bally Astrocade NoIntro/Soccer (USA) (Proto) (Alt 3).zip</path><name>Soccer (USA) (Proto) (Alt 3)</name><image>~/../thumbs/Bally - Astrocade/Named_Snaps/Soccer (USA) (Proto) (Alt 3).png</image><titleshot>~/../thumbs/Bally - Astrocade/Named_Titles/Soccer (USA) (Proto) (Alt 3).png</titleshot><thumbnail>~/../thumbs/Bally - Astrocade/Named_Boxarts/Soccer (USA) (Proto) (Alt 3).png</thumbnail><marquee>~/../thumbs/Bally - Astrocade/Named_Logos/Soccer (USA) (Proto) (Alt 3).png</marquee></game>
<game><path>./Bally Astrocade NoIntro/Soccer (USA) (Proto) (Alt 4).zip</path><name>Soccer (USA) (Proto) (Alt 4)</name><image>~/../thumbs/Bally - Astrocade/Named_Snaps/Soccer (USA) (Proto) (Alt 4).png</image><titleshot>~/../thumbs/Bally - Astrocade/Named_Titles/Soccer (USA) (Proto) (Alt 4).png</titleshot><thumbnail>~/../thumbs/Bally - Astrocade/Named_Boxarts/Soccer (USA) (Proto) (Alt 4).png</thumbnail><marquee>~/../thumbs/Bally - Astrocade/Named_Logos/Soccer (USA) (Proto) (Alt 4).png</marquee></game>
<game><path>./Bally Astrocade NoIntro/Soccer (USA) (Proto) (Alt).zip</path><name>Soccer (USA) (Proto) (Alt)</name><image>~/../thumbs/Bally - Astrocade/Named_Snaps/Soccer (USA) (Proto) (Alt).png</image><titleshot>~/../thumbs/Bally - Astrocade/Named_Titles/Soccer (USA) (Proto) (Alt).png</titleshot><thumbnail>~/../thumbs/Bally - Astrocade/Named_Boxarts/Soccer (USA) (Proto) (Alt).png</thumbnail><marquee>~/../thumbs/Bally - Astrocade/Named_Logos/Soccer (USA) (Proto) (Alt).png</marquee></game>
<game><path>./Bally Astrocade NoIntro/Soccer (USA) (Proto).zip</path><name>Soccer (USA) (Proto)</name><image>~/../thumbs/Bally - Astrocade/Named_Snaps/Soccer (USA) (Proto).png</image><titleshot>~/../thumbs/Bally - Astrocade/Named_Titles/Soccer (USA) (Proto).png</titleshot><thumbnail>~/../thumbs/Bally - Astrocade/Named_Boxarts/Soccer (USA) (Proto).png</thumbnail><marquee>~/../thumbs/Bally - Astrocade/Named_Logos/Soccer (USA) (Proto).png</marquee></game>
<game><path>./Bally Astrocade NoIntro/Soccer (USA).zip</path><name>Soccer (USA)</name><image>~/../thumbs/Bally - Astrocade/Named_Snaps/Soccer (USA).png</image><titleshot>~/../thumbs/Bally - Astrocade/Named_Titles/Soccer (USA).png</titleshot><thumbnail>~/../thumbs/Bally - Astrocade/Named_Boxarts/Soccer (USA).png</thumbnail><marquee>~/../thumbs/Bally - Astrocade/Named_Logos/Soccer (USA).png</marquee></game>
<game><path>./Bally Astrocade NoIntro/Solar Conqueror (USA) (Proto).zip</path><name>Solar Conqueror (USA) (Proto)</name><image>~/../thumbs/Bally - Astrocade/Named_Snaps/Solar Conqueror (USA) (Proto).png</image><titleshot>~/../thumbs/Bally - Astrocade/Named_Titles/Solar Conqueror (USA) (Proto).png</titleshot><thumbnail>~/../thumbs/Bally - Astrocade/Named_Boxarts/Solar Conqueror (USA) (Proto).png</thumbnail><marquee>~/../thumbs/Bally - Astrocade/Named_Logos/Solar Conqueror (USA) (Proto).png</marquee></game>
<game><path>./Bally Astrocade NoIntro/Solar Conqueror (USA).zip</path><name>Solar Conqueror (USA)</name><image>~/../thumbs/Bally - Astrocade/Named_Snaps/Solar Conqueror (USA).png</image><titleshot>~/../thumbs/Bally - Astrocade/Named_Titles/Solar Conqueror (USA).png</titleshot><thumbnail>~/../thumbs/Bally - Astrocade/Named_Boxarts/Solar Conqueror (USA).png</thumbnail><marquee>~/../thumbs/Bally - Astrocade/Named_Logos/Solar Conqueror (USA).png</marquee></game>
<game><path>./Bally Astrocade NoIntro/Solar Conqueror (v2.8) (USA) (Proto).zip</path><name>Solar Conqueror (v2.8) (USA) (Proto)</name><image>~/../thumbs/Bally - Astrocade/Named_Snaps/Solar Conqueror (v2.8) (USA) (Proto).png</image><titleshot>~/../thumbs/Bally - Astrocade/Named_Titles/Solar Conqueror (v2.8) (USA) (Proto).png</titleshot><thumbnail>~/../thumbs/Bally - Astrocade/Named_Boxarts/Solar Conqueror (v2.8) (USA) (Proto).png</thumbnail><marquee>~/../thumbs/Bally - Astrocade/Named_Logos/Solar Conqueror (v2.8) (USA) (Proto).png</marquee></game>
<game><path>./Bally Astrocade NoIntro/Solar Conqueror (v3.9) (USA) (Proto).zip</path><name>Solar Conqueror (v3.9) (USA) (Proto)</name><image>~/../thumbs/Bally - Astrocade/Named_Snaps/Solar Conqueror (v3.9) (USA) (Proto).png</image><titleshot>~/../thumbs/Bally - Astrocade/Named_Titles/Solar Conqueror (v3.9) (USA) (Proto).png</titleshot><thumbnail>~/../thumbs/Bally - Astrocade/Named_Boxarts/Solar Conqueror (v3.9) (USA) (Proto).png</thumbnail><marquee>~/../thumbs/Bally - Astrocade/Named_Logos/Solar Conqueror (v3.9) (USA) (Proto).png</marquee></game>
<game><path>./Bally Astrocade NoIntro/Space Fortress (USA) (Proto).zip</path><name>Space Fortress (USA) (Proto)</name><image>~/../thumbs/Bally - Astrocade/Named_Snaps/Space Fortress (USA) (Proto).png</image><titleshot>~/../thumbs/Bally - Astrocade/Named_Titles/Space Fortress (USA) (Proto).png</titleshot><thumbnail>~/../thumbs/Bally - Astrocade/Named_Boxarts/Space Fortress (USA) (Proto).png</thumbnail><marquee>~/../thumbs/Bally - Astrocade/Named_Logos/Space Fortress (USA) (Proto).png</marquee></game>
<game><path>./Bally Astrocade NoIntro/Space Fortress (USA).zip</path><name>Space Fortress (USA)</name><image>~/../thumbs/Bally - Astrocade/Named_Snaps/Space Fortress (USA).png</image><titleshot>~/../thumbs/Bally - Astrocade/Named_Titles/Space Fortress (USA).png</titleshot><thumbnail>~/../thumbs/Bally - Astrocade/Named_Boxarts/Space Fortress (USA).png</thumbnail><marquee>~/../thumbs/Bally - Astrocade/Named_Logos/Space Fortress (USA).png</marquee></game>
<game><path>./Bally Astrocade NoIntro/Space Invaders (USA) (Proto).zip</path><name>Space Invaders (USA) (Proto)</name><image>~/../thumbs/Bally - Astrocade/Named_Snaps/Space Invaders (USA) (Proto).png</image><titleshot>~/../thumbs/Bally - Astrocade/Named_Titles/Space Invaders (USA) (Proto).png</titleshot><thumbnail>~/../thumbs/Bally - Astrocade/Named_Boxarts/Space Invaders (USA) (Proto).png</thumbnail><marquee>~/../thumbs/Bally - Astrocade/Named_Logos/Space Invaders (USA) (Proto).png</marquee></game>
<game><path>./Bally Astrocade NoIntro/Space Invaders (USA).zip</path><name>Space Invaders (USA)</name><image>~/../thumbs/Bally - Astrocade/Named_Snaps/Space Invaders (USA).png</image><titleshot>~/../thumbs/Bally - Astrocade/Named_Titles/Space Invaders (USA).png</titleshot><thumbnail>~/../thumbs/Bally - Astrocade/Named_Boxarts/Space Invaders (USA).png</thumbnail><marquee>~/../thumbs/Bally - Astrocade/Named_Logos/Space Invaders (USA).png</marquee></game>
<game><path>./Bally Astrocade NoIntro/Star Battle (USA) (Astrovision) [b].zip</path><name>Star Battle (USA) (Astrovision) [b]</name><image>~/../thumbs/Bally - Astrocade/Named_Snaps/Star Battle (USA) (Astrovision) [b].png</image><titleshot>~/../thumbs/Bally - Astrocade/Named_Titles/Star Battle (USA) (Astrovision) [b].png</titleshot><thumbnail>~/../thumbs/Bally - Astrocade/Named_Boxarts/Star Battle (USA) (Astrovision) [b].png</thumbnail><marquee>~/../thumbs/Bally - Astrocade/Named_Logos/Star Battle (USA) (Astrovision) [b].png</marquee><hidden>true</hidden></game>
<game><path>./Bally Astrocade NoIntro/Star Battle (USA) (Bally).zip</path><name>Star Battle (USA) (Bally)</name><image>~/../thumbs/Bally - Astrocade/Named_Snaps/Star Battle (USA) (Bally).png</image><titleshot>~/../thumbs/Bally - Astrocade/Named_Titles/Star Battle (USA) (Bally).png</titleshot><thumbnail>~/../thumbs/Bally - Astrocade/Named_Boxarts/Star Battle (USA) (Bally).png</thumbnail><marquee>~/../thumbs/Bally - Astrocade/Named_Logos/Star Battle (USA) (Bally).png</marquee></game>
<game><path>./Bally Astrocade NoIntro/Stweek (USA).zip</path><name>Stweek (USA)</name><image>~/../thumbs/Bally - Astrocade/Named_Snaps/Stweek (USA).png</image><titleshot>~/../thumbs/Bally - Astrocade/Named_Titles/Stweek (USA).png</titleshot><thumbnail>~/../thumbs/Bally - Astrocade/Named_Boxarts/Stweek (USA).png</thumbnail><marquee>~/../thumbs/Bally - Astrocade/Named_Logos/Stweek (USA).png</marquee></game>
<game><path>./Bally Astrocade NoIntro/Super Slope (USA).zip</path><name>Super Slope (USA)</name><image>~/../thumbs/Bally - Astrocade/Named_Snaps/Super Slope (USA).png</image><titleshot>~/../thumbs/Bally - Astrocade/Named_Titles/Super Slope (USA).png</titleshot><thumbnail>~/../thumbs/Bally - Astrocade/Named_Boxarts/Super Slope (USA).png</thumbnail><marquee>~/../thumbs/Bally - Astrocade/Named_Logos/Super Slope (USA).png</marquee></game>
<game><path>./Bally Astrocade NoIntro/Tornado Baseball ~ Tennis ~ Hockey ~ Handball (USA).zip</path><name>Tornado Baseball ~ Tennis ~ Hockey ~ Handball (USA)</name><image>~/../thumbs/Bally - Astrocade/Named_Snaps/Tornado Baseball ~ Tennis ~ Hockey ~ Handball (USA).png</image><titleshot>~/../thumbs/Bally - Astrocade/Named_Titles/Tornado Baseball ~ Tennis ~ Hockey ~ Handball (USA).png</titleshot><thumbnail>~/../thumbs/Bally - Astrocade/Named_Boxarts/Tornado Baseball ~ Tennis ~ Hockey ~ Handball (USA).png</thumbnail><marquee>~/../thumbs/Bally - Astrocade/Named_Logos/Tornado Baseball ~ Tennis ~ Hockey ~ Handball (USA).png</marquee></game>
<game><path>./Bally Astrocade NoIntro/War (USA).zip</path><name>War (USA)</name><image>~/../thumbs/Bally - Astrocade/Named_Snaps/War (USA).png</image><titleshot>~/../thumbs/Bally - Astrocade/Named_Titles/War (USA).png</titleshot><thumbnail>~/../thumbs/Bally - Astrocade/Named_Boxarts/War (USA).png</thumbnail><marquee>~/../thumbs/Bally - Astrocade/Named_Logos/War (USA).png</marquee></game>
<game><path>./Bally Astrocade NoIntro/[BIOS] Bally Astrocade (USA).zip</path><name>[BIOS] Bally Astrocade (USA)</name><image>~/../thumbs/Bally - Astrocade/Named_Snaps/[BIOS] Bally Astrocade (USA).png</image><titleshot>~/../thumbs/Bally - Astrocade/Named_Titles/[BIOS] Bally Astrocade (USA).png</titleshot><thumbnail>~/../thumbs/Bally - Astrocade/Named_Boxarts/[BIOS] Bally Astrocade (USA).png</thumbnail><marquee>~/../thumbs/Bally - Astrocade/Named_Logos/[BIOS] Bally Astrocade (USA).png</marquee></game>
<game><path>./Bally Astrocade NoIntro/[BIOS] Bally Professional Arcade (USA).zip</path><name>[BIOS] Bally Professional Arcade (USA)</name><image>~/../thumbs/Bally - Astrocade/Named_Snaps/[BIOS] Bally Professional Arcade (USA).png</image><titleshot>~/../thumbs/Bally - Astrocade/Named_Titles/[BIOS] Bally Professional Arcade (USA).png</titleshot><thumbnail>~/../thumbs/Bally - Astrocade/Named_Boxarts/[BIOS] Bally Professional Arcade (USA).png</thumbnail><marquee>~/../thumbs/Bally - Astrocade/Named_Logos/[BIOS] Bally Professional Arcade (USA).png</marquee></game>
<folder><path>./Bally Astrocade NoIntro</path><name>Bally Astrocade NoIntro</name><image>~/../thumb/astrocade.png</image></folder>
<game><path>./Bally Astrocade TOSEC/280 Zzzap + Dodgem (19xx)(Bally).zip</path><name>280 Zzzap + Dodgem (19xx)(Bally)</name><image>~/../thumbs/Bally - Astrocade/Named_Snaps/280 Zzzap + Dodgem (19xx)(Bally).png</image><titleshot>~/../thumbs/Bally - Astrocade/Named_Titles/280 Zzzap + Dodgem (19xx)(Bally).png</titleshot><thumbnail>~/../thumbs/Bally - Astrocade/Named_Boxarts/280 Zzzap + Dodgem (19xx)(Bally).png</thumbnail><marquee>~/../thumbs/Bally - Astrocade/Named_Logos/280 Zzzap + Dodgem (19xx)(Bally).png</marquee></game>
<game><path>./Bally Astrocade TOSEC/Amazing Maze + Tic-Tac-Toe (19xx)(Bally).zip</path><name>Amazing Maze + Tic-Tac-Toe (19xx)(Bally)</name><image>~/../thumbs/Bally - Astrocade/Named_Snaps/Amazing Maze + Tic-Tac-Toe (19xx)(Bally).png</image><titleshot>~/../thumbs/Bally - Astrocade/Named_Titles/Amazing Maze + Tic-Tac-Toe (19xx)(Bally).png</titleshot><thumbnail>~/../thumbs/Bally - Astrocade/Named_Boxarts/Amazing Maze + Tic-Tac-Toe (19xx)(Bally).png</thumbnail><marquee>~/../thumbs/Bally - Astrocade/Named_Logos/Amazing Maze + Tic-Tac-Toe (19xx)(Bally).png</marquee></game>
<game><path>./Bally Astrocade TOSEC/Artillery Duel (1982)(Astrocade)(proto).zip</path><name>Artillery Duel (1982)(Astrocade)(proto)</name><image>~/../thumbs/Bally - Astrocade/Named_Snaps/Artillery Duel (1982)(Astrocade)(proto).png</image><titleshot>~/../thumbs/Bally - Astrocade/Named_Titles/Artillery Duel (1982)(Astrocade)(proto).png</titleshot><thumbnail>~/../thumbs/Bally - Astrocade/Named_Boxarts/Artillery Duel (1982)(Astrocade)(proto).png</thumbnail><marquee>~/../thumbs/Bally - Astrocade/Named_Logos/Artillery Duel (1982)(Astrocade)(proto).png</marquee></game>
<game><path>./Bally Astrocade TOSEC/Artillery Duel (1982)(Astrocade)(proto)[a].zip</path><name>Artillery Duel (1982)(Astrocade)(proto)[a]</name><image>~/../thumbs/Bally - Astrocade/Named_Snaps/Artillery Duel (1982)(Astrocade)(proto)[a].png</image><titleshot>~/../thumbs/Bally - Astrocade/Named_Titles/Artillery Duel (1982)(Astrocade)(proto)[a].png</titleshot><thumbnail>~/../thumbs/Bally - Astrocade/Named_Boxarts/Artillery Duel (1982)(Astrocade)(proto)[a].png</thumbnail><marquee>~/../thumbs/Bally - Astrocade/Named_Logos/Artillery Duel (1982)(Astrocade)(proto)[a].png</marquee><hidden>true</hidden></game>
<game><path>./Bally Astrocade TOSEC/Artillery Duel (1982)(Bally).zip</path><name>Artillery Duel (1982)(Bally)</name><image>~/../thumbs/Bally - Astrocade/Named_Snaps/Artillery Duel (1982)(Bally).png</image><titleshot>~/../thumbs/Bally - Astrocade/Named_Titles/Artillery Duel (1982)(Bally).png</titleshot><thumbnail>~/../thumbs/Bally - Astrocade/Named_Boxarts/Artillery Duel (1982)(Bally).png</thumbnail><marquee>~/../thumbs/Bally - Astrocade/Named_Logos/Artillery Duel (1982)(Bally).png</marquee></game>
<game><path>./Bally Astrocade TOSEC/Artillery Duel (1982-05-23)(Astrocade)(proto).zip</path><name>Artillery Duel (1982-05-23)(Astrocade)(proto)</name><image>~/../thumbs/Bally - Astrocade/Named_Snaps/Artillery Duel (1982-05-23)(Astrocade)(proto).png</image><titleshot>~/../thumbs/Bally - Astrocade/Named_Titles/Artillery Duel (1982-05-23)(Astrocade)(proto).png</titleshot><thumbnail>~/../thumbs/Bally - Astrocade/Named_Boxarts/Artillery Duel (1982-05-23)(Astrocade)(proto).png</thumbnail><marquee>~/../thumbs/Bally - Astrocade/Named_Logos/Artillery Duel (1982-05-23)(Astrocade)(proto).png</marquee></game>
<game><path>./Bally Astrocade TOSEC/Astro Battle (1979)(Bally).zip</path><name>Astro Battle (1979)(Bally)</name><image>~/../thumbs/Bally - Astrocade/Named_Snaps/Astro Battle (1979)(Bally).png</image><titleshot>~/../thumbs/Bally - Astrocade/Named_Titles/Astro Battle (1979)(Bally).png</titleshot><thumbnail>~/../thumbs/Bally - Astrocade/Named_Boxarts/Astro Battle (1979)(Bally).png</thumbnail><marquee>~/../thumbs/Bally - Astrocade/Named_Logos/Astro Battle (1979)(Bally).png</marquee></game>
<game><path>./Bally Astrocade TOSEC/Astro Battle (1981)(Astrovision)[b].zip</path><name>Astro Battle (1981)(Astrovision)[b]</name><image>~/../thumbs/Bally - Astrocade/Named_Snaps/Astro Battle (1981)(Astrovision)[b].png</image><titleshot>~/../thumbs/Bally - Astrocade/Named_Titles/Astro Battle (1981)(Astrovision)[b].png</titleshot><thumbnail>~/../thumbs/Bally - Astrocade/Named_Boxarts/Astro Battle (1981)(Astrovision)[b].png</thumbnail><marquee>~/../thumbs/Bally - Astrocade/Named_Logos/Astro Battle (1981)(Astrovision)[b].png</marquee><hidden>true</hidden></game>
<game><path>./Bally Astrocade TOSEC/Bally Black Box (1980)(Walters, Steve)[BASIC Cart].zip</path><name>Bally Black Box (1980)(Walters, Steve)[BASIC Cart]</name><image>~/../thumbs/Bally - Astrocade/Named_Snaps/Bally Black Box (1980)(Walters, Steve)[BASIC Cart].png</image><titleshot>~/../thumbs/Bally - Astrocade/Named_Titles/Bally Black Box (1980)(Walters, Steve)[BASIC Cart].png</titleshot><thumbnail>~/../thumbs/Bally - Astrocade/Named_Boxarts/Bally Black Box (1980)(Walters, Steve)[BASIC Cart].png</thumbnail><marquee>~/../thumbs/Bally - Astrocade/Named_Logos/Bally Black Box (1980)(Walters, Steve)[BASIC Cart].png</marquee></game>
<game><path>./Bally Astrocade TOSEC/Bally Pin (1979)(Bally).zip</path><name>Bally Pin (1979)(Bally)</name><image>~/../thumbs/Bally - Astrocade/Named_Snaps/Bally Pin (1979)(Bally).png</image><titleshot>~/../thumbs/Bally - Astrocade/Named_Titles/Bally Pin (1979)(Bally).png</titleshot><thumbnail>~/../thumbs/Bally - Astrocade/Named_Boxarts/Bally Pin (1979)(Bally).png</thumbnail><marquee>~/../thumbs/Bally - Astrocade/Named_Logos/Bally Pin (1979)(Bally).png</marquee></game>
<game><path>./Bally Astrocade TOSEC/Bally Pinball (1981)(Bally)[b].zip</path><name>Bally Pinball (1981)(Bally)[b]</name><image>~/../thumbs/Bally - Astrocade/Named_Snaps/Bally Pinball (1981)(Bally)[b].png</image><titleshot>~/../thumbs/Bally - Astrocade/Named_Titles/Bally Pinball (1981)(Bally)[b].png</titleshot><thumbnail>~/../thumbs/Bally - Astrocade/Named_Boxarts/Bally Pinball (1981)(Bally)[b].png</thumbnail><marquee>~/../thumbs/Bally - Astrocade/Named_Logos/Bally Pinball (1981)(Bally)[b].png</marquee><hidden>true</hidden></game>
<game><path>./Bally Astrocade TOSEC/Blackjack + Poker + Acey-Duecy (19xx)(Bally).zip</path><name>Blackjack + Poker + Acey-Duecy (19xx)(Bally)</name><image>~/../thumbs/Bally - Astrocade/Named_Snaps/Blackjack + Poker + Acey-Duecy (19xx)(Bally).png</image><titleshot>~/../thumbs/Bally - Astrocade/Named_Titles/Blackjack + Poker + Acey-Duecy (19xx)(Bally).png</titleshot><thumbnail>~/../thumbs/Bally - Astrocade/Named_Boxarts/Blackjack + Poker + Acey-Duecy (19xx)(Bally).png</thumbnail><marquee>~/../thumbs/Bally - Astrocade/Named_Logos/Blackjack + Poker + Acey-Duecy (19xx)(Bally).png</marquee></game>
<game><path>./Bally Astrocade TOSEC/Blast Droids (19xx)(Esoterica).zip</path><name>Blast Droids (19xx)(Esoterica)</name><image>~/../thumbs/Bally - Astrocade/Named_Snaps/Blast Droids (19xx)(Esoterica).png</image><titleshot>~/../thumbs/Bally - Astrocade/Named_Titles/Blast Droids (19xx)(Esoterica).png</titleshot><thumbnail>~/../thumbs/Bally - Astrocade/Named_Boxarts/Blast Droids (19xx)(Esoterica).png</thumbnail><marquee>~/../thumbs/Bally - Astrocade/Named_Logos/Blast Droids (19xx)(Esoterica).png</marquee></game>
<game><path>./Bally Astrocade TOSEC/Bowling (198x)(Astrocade)(proto).zip</path><name>Bowling (198x)(Astrocade)(proto)</name><image>~/../thumbs/Bally - Astrocade/Named_Snaps/Bowling (198x)(Astrocade)(proto).png</image><titleshot>~/../thumbs/Bally - Astrocade/Named_Titles/Bowling (198x)(Astrocade)(proto).png</titleshot><thumbnail>~/../thumbs/Bally - Astrocade/Named_Boxarts/Bowling (198x)(Astrocade)(proto).png</thumbnail><marquee>~/../thumbs/Bally - Astrocade/Named_Logos/Bowling (198x)(Astrocade)(proto).png</marquee></game>
<game><path>./Bally Astrocade TOSEC/Candyman (1986)(L&M Software - White, Mike).zip</path><name>Candyman (1986)(L&M Software - White, Mike)</name><image>~/../thumbs/Bally - Astrocade/Named_Snaps/Candyman (1986)(L&M Software - White, Mike).png</image><titleshot>~/../thumbs/Bally - Astrocade/Named_Titles/Candyman (1986)(L&M Software - White, Mike).png</titleshot><thumbnail>~/../thumbs/Bally - Astrocade/Named_Boxarts/Candyman (1986)(L&M Software - White, Mike).png</thumbnail><marquee>~/../thumbs/Bally - Astrocade/Named_Logos/Candyman (1986)(L&M Software - White, Mike).png</marquee></game>
<game><path>./Bally Astrocade TOSEC/Checkers (19xx)(Bally)(proto).zip</path><name>Checkers (19xx)(Bally)(proto)</name><image>~/../thumbs/Bally - Astrocade/Named_Snaps/Checkers (19xx)(Bally)(proto).png</image><titleshot>~/../thumbs/Bally - Astrocade/Named_Titles/Checkers (19xx)(Bally)(proto).png</titleshot><thumbnail>~/../thumbs/Bally - Astrocade/Named_Boxarts/Checkers (19xx)(Bally)(proto).png</thumbnail><marquee>~/../thumbs/Bally - Astrocade/Named_Logos/Checkers (19xx)(Bally)(proto).png</marquee></game>
<game><path>./Bally Astrocade TOSEC/Chicken (1986)(Bit Fiddlers, The - White, Mike).zip</path><name>Chicken (1986)(Bit Fiddlers, The - White, Mike)</name><image>~/../thumbs/Bally - Astrocade/Named_Snaps/Chicken (1986)(Bit Fiddlers, The - White, Mike).png</image><titleshot>~/../thumbs/Bally - Astrocade/Named_Titles/Chicken (1986)(Bit Fiddlers, The - White, Mike).png</titleshot><thumbnail>~/../thumbs/Bally - Astrocade/Named_Boxarts/Chicken (1986)(Bit Fiddlers, The - White, Mike).png</thumbnail><marquee>~/../thumbs/Bally - Astrocade/Named_Logos/Chicken (1986)(Bit Fiddlers, The - White, Mike).png</marquee></game>
<game><path>./Bally Astrocade TOSEC/Claim Jumper (1986)(L&M Software - White, Mike).zip</path><name>Claim Jumper (1986)(L&M Software - White, Mike)</name><image>~/../thumbs/Bally - Astrocade/Named_Snaps/Claim Jumper (1986)(L&M Software - White, Mike).png</image><titleshot>~/../thumbs/Bally - Astrocade/Named_Titles/Claim Jumper (1986)(L&M Software - White, Mike).png</titleshot><thumbnail>~/../thumbs/Bally - Astrocade/Named_Boxarts/Claim Jumper (1986)(L&M Software - White, Mike).png</thumbnail><marquee>~/../thumbs/Bally - Astrocade/Named_Logos/Claim Jumper (1986)(L&M Software - White, Mike).png</marquee></game>
<game><path>./Bally Astrocade TOSEC/Clowns + Brickyard (19xx)(Bally).zip</path><name>Clowns + Brickyard (19xx)(Bally)</name><image>~/../thumbs/Bally - Astrocade/Named_Snaps/Clowns + Brickyard (19xx)(Bally).png</image><titleshot>~/../thumbs/Bally - Astrocade/Named_Titles/Clowns + Brickyard (19xx)(Bally).png</titleshot><thumbnail>~/../thumbs/Bally - Astrocade/Named_Boxarts/Clowns + Brickyard (19xx)(Bally).png</thumbnail><marquee>~/../thumbs/Bally - Astrocade/Named_Logos/Clowns + Brickyard (19xx)(Bally).png</marquee></game>
<game><path>./Bally Astrocade TOSEC/Conan the Barbarian (1982)(Astrocade)(proto).zip</path><name>Conan the Barbarian (1982)(Astrocade)(proto)</name><image>~/../thumbs/Bally - Astrocade/Named_Snaps/Conan the Barbarian (1982)(Astrocade)(proto).png</image><titleshot>~/../thumbs/Bally - Astrocade/Named_Titles/Conan the Barbarian (1982)(Astrocade)(proto).png</titleshot><thumbnail>~/../thumbs/Bally - Astrocade/Named_Boxarts/Conan the Barbarian (1982)(Astrocade)(proto).png</thumbnail><marquee>~/../thumbs/Bally - Astrocade/Named_Logos/Conan the Barbarian (1982)(Astrocade)(proto).png</marquee></game>
<game><path>./Bally Astrocade TOSEC/Conan the Barbarian (1985)(Astrocade - Dave Carson Software).zip</path><name>Conan the Barbarian (1985)(Astrocade - Dave Carson Software)</name><image>~/../thumbs/Bally - Astrocade/Named_Snaps/Conan the Barbarian (1985)(Astrocade - Dave Carson Software).png</image><titleshot>~/../thumbs/Bally - Astrocade/Named_Titles/Conan the Barbarian (1985)(Astrocade - Dave Carson Software).png</titleshot><thumbnail>~/../thumbs/Bally - Astrocade/Named_Boxarts/Conan the Barbarian (1985)(Astrocade - Dave Carson Software).png</thumbnail><marquee>~/../thumbs/Bally - Astrocade/Named_Logos/Conan the Barbarian (1985)(Astrocade - Dave Carson Software).png</marquee></game>
<game><path>./Bally Astrocade TOSEC/Cosmic Raider (19xx)(Astrovision).zip</path><name>Cosmic Raider (19xx)(Astrovision)</name><image>~/../thumbs/Bally - Astrocade/Named_Snaps/Cosmic Raider (19xx)(Astrovision).png</image><titleshot>~/../thumbs/Bally - Astrocade/Named_Titles/Cosmic Raider (19xx)(Astrovision).png</titleshot><thumbnail>~/../thumbs/Bally - Astrocade/Named_Boxarts/Cosmic Raider (19xx)(Astrovision).png</thumbnail><marquee>~/../thumbs/Bally - Astrocade/Named_Logos/Cosmic Raider (19xx)(Astrovision).png</marquee></game>
<game><path>./Bally Astrocade TOSEC/Cosmic Raiders (198x)(Astrocade)(proto).zip</path><name>Cosmic Raiders (198x)(Astrocade)(proto)</name><image>~/../thumbs/Bally - Astrocade/Named_Snaps/Cosmic Raiders (198x)(Astrocade)(proto).png</image><titleshot>~/../thumbs/Bally - Astrocade/Named_Titles/Cosmic Raiders (198x)(Astrocade)(proto).png</titleshot><thumbnail>~/../thumbs/Bally - Astrocade/Named_Boxarts/Cosmic Raiders (198x)(Astrocade)(proto).png</thumbnail><marquee>~/../thumbs/Bally - Astrocade/Named_Logos/Cosmic Raiders (198x)(Astrocade)(proto).png</marquee></game>
<game><path>./Bally Astrocade TOSEC/Cosmic Raiders (198x)(Astrocade)(proto)[a].zip</path><name>Cosmic Raiders (198x)(Astrocade)(proto)[a]</name><image>~/../thumbs/Bally - Astrocade/Named_Snaps/Cosmic Raiders (198x)(Astrocade)(proto)[a].png</image><titleshot>~/../thumbs/Bally - Astrocade/Named_Titles/Cosmic Raiders (198x)(Astrocade)(proto)[a].png</titleshot><thumbnail>~/../thumbs/Bally - Astrocade/Named_Boxarts/Cosmic Raiders (198x)(Astrocade)(proto)[a].png</thumbnail><marquee>~/../thumbs/Bally - Astrocade/Named_Logos/Cosmic Raiders (198x)(Astrocade)(proto)[a].png</marquee><hidden>true</hidden></game>
<game><path>./Bally Astrocade TOSEC/Cosmic Raiders v3.5 (198x)(Astrocade)(proto).zip</path><name>Cosmic Raiders v3.5 (198x)(Astrocade)(proto)</name><image>~/../thumbs/Bally - Astrocade/Named_Snaps/Cosmic Raiders v3.5 (198x)(Astrocade)(proto).png</image><titleshot>~/../thumbs/Bally - Astrocade/Named_Titles/Cosmic Raiders v3.5 (198x)(Astrocade)(proto).png</titleshot><thumbnail>~/../thumbs/Bally - Astrocade/Named_Boxarts/Cosmic Raiders v3.5 (198x)(Astrocade)(proto).png</thumbnail><marquee>~/../thumbs/Bally - Astrocade/Named_Logos/Cosmic Raiders v3.5 (198x)(Astrocade)(proto).png</marquee></game>
<game><path>./Bally Astrocade TOSEC/Cosmic Raiders v3.6 (198x)(Astrocade)(proto).zip</path><name>Cosmic Raiders v3.6 (198x)(Astrocade)(proto)</name><image>~/../thumbs/Bally - Astrocade/Named_Snaps/Cosmic Raiders v3.6 (198x)(Astrocade)(proto).png</image><titleshot>~/../thumbs/Bally - Astrocade/Named_Titles/Cosmic Raiders v3.6 (198x)(Astrocade)(proto).png</titleshot><thumbnail>~/../thumbs/Bally - Astrocade/Named_Boxarts/Cosmic Raiders v3.6 (198x)(Astrocade)(proto).png</thumbnail><marquee>~/../thumbs/Bally - Astrocade/Named_Logos/Cosmic Raiders v3.6 (198x)(Astrocade)(proto).png</marquee></game>
<game><path>./Bally Astrocade TOSEC/Crazy Climber (2011)(Riff Raff Games)[ccv054f].zip</path><name>Crazy Climber (2011)(Riff Raff Games)[ccv054f]</name><image>~/../thumbs/Bally - Astrocade/Named_Snaps/Crazy Climber (2011)(Riff Raff Games)[ccv054f].png</image><titleshot>~/../thumbs/Bally - Astrocade/Named_Titles/Crazy Climber (2011)(Riff Raff Games)[ccv054f].png</titleshot><thumbnail>~/../thumbs/Bally - Astrocade/Named_Boxarts/Crazy Climber (2011)(Riff Raff Games)[ccv054f].png</thumbnail><marquee>~/../thumbs/Bally - Astrocade/Named_Logos/Crazy Climber (2011)(Riff Raff Games)[ccv054f].png</marquee></game>
<game><path>./Bally Astrocade TOSEC/Dogpatch (19xx)(Bally).zip</path><name>Dogpatch (19xx)(Bally)</name><image>~/../thumbs/Bally - Astrocade/Named_Snaps/Dogpatch (19xx)(Bally).png</image><titleshot>~/../thumbs/Bally - Astrocade/Named_Titles/Dogpatch (19xx)(Bally).png</titleshot><thumbnail>~/../thumbs/Bally - Astrocade/Named_Boxarts/Dogpatch (19xx)(Bally).png</thumbnail><marquee>~/../thumbs/Bally - Astrocade/Named_Logos/Dogpatch (19xx)(Bally).png</marquee></game>
<game><path>./Bally Astrocade TOSEC/Fawn Dungeon (1981)(McLeave, Barry)(proto)[1st Version].zip</path><name>Fawn Dungeon (1981)(McLeave, Barry)(proto)[1st Version]</name><image>~/../thumbs/Bally - Astrocade/Named_Snaps/Fawn Dungeon (1981)(McLeave, Barry)(proto)[1st Version].png</image><titleshot>~/../thumbs/Bally - Astrocade/Named_Titles/Fawn Dungeon (1981)(McLeave, Barry)(proto)[1st Version].png</titleshot><thumbnail>~/../thumbs/Bally - Astrocade/Named_Boxarts/Fawn Dungeon (1981)(McLeave, Barry)(proto)[1st Version].png</thumbnail><marquee>~/../thumbs/Bally - Astrocade/Named_Logos/Fawn Dungeon (1981)(McLeave, Barry)(proto)[1st Version].png</marquee></game>
<game><path>./Bally Astrocade TOSEC/Fawn Dungeon (1981)(McLeave, Barry)(proto)[2nd Version].zip</path><name>Fawn Dungeon (1981)(McLeave, Barry)(proto)[2nd Version]</name><image>~/../thumbs/Bally - Astrocade/Named_Snaps/Fawn Dungeon (1981)(McLeave, Barry)(proto)[2nd Version].png</image><titleshot>~/../thumbs/Bally - Astrocade/Named_Titles/Fawn Dungeon (1981)(McLeave, Barry)(proto)[2nd Version].png</titleshot><thumbnail>~/../thumbs/Bally - Astrocade/Named_Boxarts/Fawn Dungeon (1981)(McLeave, Barry)(proto)[2nd Version].png</thumbnail><marquee>~/../thumbs/Bally - Astrocade/Named_Logos/Fawn Dungeon (1981)(McLeave, Barry)(proto)[2nd Version].png</marquee></game>
<game><path>./Bally Astrocade TOSEC/Football (19xx)(Bally).zip</path><name>Football (19xx)(Bally)</name><image>~/../thumbs/Bally - Astrocade/Named_Snaps/Football (19xx)(Bally).png</image><titleshot>~/../thumbs/Bally - Astrocade/Named_Titles/Football (19xx)(Bally).png</titleshot><thumbnail>~/../thumbs/Bally - Astrocade/Named_Boxarts/Football (19xx)(Bally).png</thumbnail><marquee>~/../thumbs/Bally - Astrocade/Named_Logos/Football (19xx)(Bally).png</marquee></game>
<game><path>./Bally Astrocade TOSEC/Galactic Invasion (1981)(Astrovision).zip</path><name>Galactic Invasion (1981)(Astrovision)</name><image>~/../thumbs/Bally - Astrocade/Named_Snaps/Galactic Invasion (1981)(Astrovision).png</image><titleshot>~/../thumbs/Bally - Astrocade/Named_Titles/Galactic Invasion (1981)(Astrovision).png</titleshot><thumbnail>~/../thumbs/Bally - Astrocade/Named_Boxarts/Galactic Invasion (1981)(Astrovision).png</thumbnail><marquee>~/../thumbs/Bally - Astrocade/Named_Logos/Galactic Invasion (1981)(Astrovision).png</marquee></game>
<game><path>./Bally Astrocade TOSEC/Galaxian (1981)(Astrovision)[p].zip</path><name>Galaxian (1981)(Astrovision)[p]</name><image>~/../thumbs/Bally - Astrocade/Named_Snaps/Galaxian (1981)(Astrovision)[p].png</image><titleshot>~/../thumbs/Bally - Astrocade/Named_Titles/Galaxian (1981)(Astrovision)[p].png</titleshot><thumbnail>~/../thumbs/Bally - Astrocade/Named_Boxarts/Galaxian (1981)(Astrovision)[p].png</thumbnail><marquee>~/../thumbs/Bally - Astrocade/Named_Logos/Galaxian (1981)(Astrovision)[p].png</marquee><hidden>true</hidden></game>
<game><path>./Bally Astrocade TOSEC/Gate Escape, The (1986)(WaveMakers - White, Mike).zip</path><name>Gate Escape, The (1986)(WaveMakers - White, Mike)</name><image>~/../thumbs/Bally - Astrocade/Named_Snaps/Gate Escape, The (1986)(WaveMakers - White, Mike).png</image><titleshot>~/../thumbs/Bally - Astrocade/Named_Titles/Gate Escape, The (1986)(WaveMakers - White, Mike).png</titleshot><thumbnail>~/../thumbs/Bally - Astrocade/Named_Boxarts/Gate Escape, The (1986)(WaveMakers - White, Mike).png</thumbnail><marquee>~/../thumbs/Bally - Astrocade/Named_Logos/Gate Escape, The (1986)(WaveMakers - White, Mike).png</marquee></game>
<game><path>./Bally Astrocade TOSEC/Grand Prix + Demolition Derby (19xx)(Bally).zip</path><name>Grand Prix + Demolition Derby (19xx)(Bally)</name><image>~/../thumbs/Bally - Astrocade/Named_Snaps/Grand Prix + Demolition Derby (19xx)(Bally).png</image><titleshot>~/../thumbs/Bally - Astrocade/Named_Titles/Grand Prix + Demolition Derby (19xx)(Bally).png</titleshot><thumbnail>~/../thumbs/Bally - Astrocade/Named_Boxarts/Grand Prix + Demolition Derby (19xx)(Bally).png</thumbnail><marquee>~/../thumbs/Bally - Astrocade/Named_Logos/Grand Prix + Demolition Derby (19xx)(Bally).png</marquee></game>
<game><path>./Bally Astrocade TOSEC/Haunted House (198x)(New Image)[Part 0].zip</path><name>Haunted House (198x)(New Image)[Part 0]</name><image>~/../thumbs/Bally - Astrocade/Named_Snaps/Haunted House (198x)(New Image)[Part 0].png</image><titleshot>~/../thumbs/Bally - Astrocade/Named_Titles/Haunted House (198x)(New Image)[Part 0].png</titleshot><thumbnail>~/../thumbs/Bally - Astrocade/Named_Boxarts/Haunted House (198x)(New Image)[Part 0].png</thumbnail><marquee>~/../thumbs/Bally - Astrocade/Named_Logos/Haunted House (198x)(New Image)[Part 0].png</marquee></game>
<game><path>./Bally Astrocade TOSEC/Haunted House (198x)(New Image)[Part 1].zip</path><name>Haunted House (198x)(New Image)[Part 1]</name><image>~/../thumbs/Bally - Astrocade/Named_Snaps/Haunted House (198x)(New Image)[Part 1].png</image><titleshot>~/../thumbs/Bally - Astrocade/Named_Titles/Haunted House (198x)(New Image)[Part 1].png</titleshot><thumbnail>~/../thumbs/Bally - Astrocade/Named_Boxarts/Haunted House (198x)(New Image)[Part 1].png</thumbnail><marquee>~/../thumbs/Bally - Astrocade/Named_Logos/Haunted House (198x)(New Image)[Part 1].png</marquee></game>
<game><path>./Bally Astrocade TOSEC/Haunted House (198x)(New Image)[Part 2].zip</path><name>Haunted House (198x)(New Image)[Part 2]</name><image>~/../thumbs/Bally - Astrocade/Named_Snaps/Haunted House (198x)(New Image)[Part 2].png</image><titleshot>~/../thumbs/Bally - Astrocade/Named_Titles/Haunted House (198x)(New Image)[Part 2].png</titleshot><thumbnail>~/../thumbs/Bally - Astrocade/Named_Boxarts/Haunted House (198x)(New Image)[Part 2].png</thumbnail><marquee>~/../thumbs/Bally - Astrocade/Named_Logos/Haunted House (198x)(New Image)[Part 2].png</marquee></game>
<game><path>./Bally Astrocade TOSEC/Haunted House (198x)(New Image)[Part 3].zip</path><name>Haunted House (198x)(New Image)[Part 3]</name><image>~/../thumbs/Bally - Astrocade/Named_Snaps/Haunted House (198x)(New Image)[Part 3].png</image><titleshot>~/../thumbs/Bally - Astrocade/Named_Titles/Haunted House (198x)(New Image)[Part 3].png</titleshot><thumbnail>~/../thumbs/Bally - Astrocade/Named_Boxarts/Haunted House (198x)(New Image)[Part 3].png</thumbnail><marquee>~/../thumbs/Bally - Astrocade/Named_Logos/Haunted House (198x)(New Image)[Part 3].png</marquee></game>
<game><path>./Bally Astrocade TOSEC/Haunted House (198x)(New Image)[Part 4].zip</path><name>Haunted House (198x)(New Image)[Part 4]</name><image>~/../thumbs/Bally - Astrocade/Named_Snaps/Haunted House (198x)(New Image)[Part 4].png</image><titleshot>~/../thumbs/Bally - Astrocade/Named_Titles/Haunted House (198x)(New Image)[Part 4].png</titleshot><thumbnail>~/../thumbs/Bally - Astrocade/Named_Boxarts/Haunted House (198x)(New Image)[Part 4].png</thumbnail><marquee>~/../thumbs/Bally - Astrocade/Named_Logos/Haunted House (198x)(New Image)[Part 4].png</marquee></game>
<game><path>./Bally Astrocade TOSEC/Haunted House (198x)(New Image)[Part 5].zip</path><name>Haunted House (198x)(New Image)[Part 5]</name><image>~/../thumbs/Bally - Astrocade/Named_Snaps/Haunted House (198x)(New Image)[Part 5].png</image><titleshot>~/../thumbs/Bally - Astrocade/Named_Titles/Haunted House (198x)(New Image)[Part 5].png</titleshot><thumbnail>~/../thumbs/Bally - Astrocade/Named_Boxarts/Haunted House (198x)(New Image)[Part 5].png</thumbnail><marquee>~/../thumbs/Bally - Astrocade/Named_Logos/Haunted House (198x)(New Image)[Part 5].png</marquee></game>
<game><path>./Bally Astrocade TOSEC/Haunted House (198x)(New Image)[Part 6].zip</path><name>Haunted House (198x)(New Image)[Part 6]</name><image>~/../thumbs/Bally - Astrocade/Named_Snaps/Haunted House (198x)(New Image)[Part 6].png</image><titleshot>~/../thumbs/Bally - Astrocade/Named_Titles/Haunted House (198x)(New Image)[Part 6].png</titleshot><thumbnail>~/../thumbs/Bally - Astrocade/Named_Boxarts/Haunted House (198x)(New Image)[Part 6].png</thumbnail><marquee>~/../thumbs/Bally - Astrocade/Named_Logos/Haunted House (198x)(New Image)[Part 6].png</marquee></game>
<game><path>./Bally Astrocade TOSEC/Haunted House (198x)(New Image)[Part 7].zip</path><name>Haunted House (198x)(New Image)[Part 7]</name><image>~/../thumbs/Bally - Astrocade/Named_Snaps/Haunted House (198x)(New Image)[Part 7].png</image><titleshot>~/../thumbs/Bally - Astrocade/Named_Titles/Haunted House (198x)(New Image)[Part 7].png</titleshot><thumbnail>~/../thumbs/Bally - Astrocade/Named_Boxarts/Haunted House (198x)(New Image)[Part 7].png</thumbnail><marquee>~/../thumbs/Bally - Astrocade/Named_Logos/Haunted House (198x)(New Image)[Part 7].png</marquee></game>
<game><path>./Bally Astrocade TOSEC/Haunted House (198x)(New Image)[Part 8].zip</path><name>Haunted House (198x)(New Image)[Part 8]</name><image>~/../thumbs/Bally - Astrocade/Named_Snaps/Haunted House (198x)(New Image)[Part 8].png</image><titleshot>~/../thumbs/Bally - Astrocade/Named_Titles/Haunted House (198x)(New Image)[Part 8].png</titleshot><thumbnail>~/../thumbs/Bally - Astrocade/Named_Boxarts/Haunted House (198x)(New Image)[Part 8].png</thumbnail><marquee>~/../thumbs/Bally - Astrocade/Named_Logos/Haunted House (198x)(New Image)[Part 8].png</marquee></game>
<game><path>./Bally Astrocade TOSEC/ICBM Attack (1982)(Spectre Systems)(PD)(proto).zip</path><name>ICBM Attack (1982)(Spectre Systems)(PD)(proto)</name><image>~/../thumbs/Bally - Astrocade/Named_Snaps/ICBM Attack (1982)(Spectre Systems)(PD)(proto).png</image><titleshot>~/../thumbs/Bally - Astrocade/Named_Titles/ICBM Attack (1982)(Spectre Systems)(PD)(proto).png</titleshot><thumbnail>~/../thumbs/Bally - Astrocade/Named_Boxarts/ICBM Attack (1982)(Spectre Systems)(PD)(proto).png</thumbnail><marquee>~/../thumbs/Bally - Astrocade/Named_Logos/ICBM Attack (1982)(Spectre Systems)(PD)(proto).png</marquee></game>
<game><path>./Bally Astrocade TOSEC/ICBM Attack (1982)(Spectre Systems)(PD).zip</path><name>ICBM Attack (1982)(Spectre Systems)(PD)</name><image>~/../thumbs/Bally - Astrocade/Named_Snaps/ICBM Attack (1982)(Spectre Systems)(PD).png</image><titleshot>~/../thumbs/Bally - Astrocade/Named_Titles/ICBM Attack (1982)(Spectre Systems)(PD).png</titleshot><thumbnail>~/../thumbs/Bally - Astrocade/Named_Boxarts/ICBM Attack (1982)(Spectre Systems)(PD).png</thumbnail><marquee>~/../thumbs/Bally - Astrocade/Named_Logos/ICBM Attack (1982)(Spectre Systems)(PD).png</marquee></game>
<game><path>./Bally Astrocade TOSEC/Incredible Wizard, The (1981)(Astrovision).zip</path><name>Incredible Wizard, The (1981)(Astrovision)</name><image>~/../thumbs/Bally - Astrocade/Named_Snaps/Incredible Wizard, The (1981)(Astrovision).png</image><titleshot>~/../thumbs/Bally - Astrocade/Named_Titles/Incredible Wizard, The (1981)(Astrovision).png</titleshot><thumbnail>~/../thumbs/Bally - Astrocade/Named_Boxarts/Incredible Wizard, The (1981)(Astrovision).png</thumbnail><marquee>~/../thumbs/Bally - Astrocade/Named_Logos/Incredible Wizard, The (1981)(Astrovision).png</marquee></game>
<game><path>./Bally Astrocade TOSEC/Incredible Wizard, The (198x)(Astrocade)(proto)[b].zip</path><name>Incredible Wizard, The (198x)(Astrocade)(proto)[b]</name><image>~/../thumbs/Bally - Astrocade/Named_Snaps/Incredible Wizard, The (198x)(Astrocade)(proto)[b].png</image><titleshot>~/../thumbs/Bally - Astrocade/Named_Titles/Incredible Wizard, The (198x)(Astrocade)(proto)[b].png</titleshot><thumbnail>~/../thumbs/Bally - Astrocade/Named_Boxarts/Incredible Wizard, The (198x)(Astrocade)(proto)[b].png</thumbnail><marquee>~/../thumbs/Bally - Astrocade/Named_Logos/Incredible Wizard, The (198x)(Astrocade)(proto)[b].png</marquee><hidden>true</hidden></game>
<game><path>./Bally Astrocade TOSEC/Life (1985)(Degler, Richard)(PD).zip</path><name>Life (1985)(Degler, Richard)(PD)</name><image>~/../thumbs/Bally - Astrocade/Named_Snaps/Life (1985)(Degler, Richard)(PD).png</image><titleshot>~/../thumbs/Bally - Astrocade/Named_Titles/Life (1985)(Degler, Richard)(PD).png</titleshot><thumbnail>~/../thumbs/Bally - Astrocade/Named_Boxarts/Life (1985)(Degler, Richard)(PD).png</thumbnail><marquee>~/../thumbs/Bally - Astrocade/Named_Logos/Life (1985)(Degler, Richard)(PD).png</marquee></game>
<game><path>./Bally Astrocade TOSEC/Mazeman (1984)(Dave Carson Software)(proto).zip</path><name>Mazeman (1984)(Dave Carson Software)(proto)</name><image>~/../thumbs/Bally - Astrocade/Named_Snaps/Mazeman (1984)(Dave Carson Software)(proto).png</image><titleshot>~/../thumbs/Bally - Astrocade/Named_Titles/Mazeman (1984)(Dave Carson Software)(proto).png</titleshot><thumbnail>~/../thumbs/Bally - Astrocade/Named_Boxarts/Mazeman (1984)(Dave Carson Software)(proto).png</thumbnail><marquee>~/../thumbs/Bally - Astrocade/Named_Logos/Mazeman (1984)(Dave Carson Software)(proto).png</marquee></game>
<game><path>./Bally Astrocade TOSEC/Mazeman (1984)(Dave Carson Software).zip</path><name>Mazeman (1984)(Dave Carson Software)</name><image>~/../thumbs/Bally - Astrocade/Named_Snaps/Mazeman (1984)(Dave Carson Software).png</image><titleshot>~/../thumbs/Bally - Astrocade/Named_Titles/Mazeman (1984)(Dave Carson Software).png</titleshot><thumbnail>~/../thumbs/Bally - Astrocade/Named_Boxarts/Mazeman (1984)(Dave Carson Software).png</thumbnail><marquee>~/../thumbs/Bally - Astrocade/Named_Logos/Mazeman (1984)(Dave Carson Software).png</marquee></game>
<game><path>./Bally Astrocade TOSEC/Missile Attack (1985)(Spectre Systems - White, Mike)(PD).zip</path><name>Missile Attack (1985)(Spectre Systems - White, Mike)(PD)</name><image>~/../thumbs/Bally - Astrocade/Named_Snaps/Missile Attack (1985)(Spectre Systems - White, Mike)(PD).png</image><titleshot>~/../thumbs/Bally - Astrocade/Named_Titles/Missile Attack (1985)(Spectre Systems - White, Mike)(PD).png</titleshot><thumbnail>~/../thumbs/Bally - Astrocade/Named_Boxarts/Missile Attack (1985)(Spectre Systems - White, Mike)(PD).png</thumbnail><marquee>~/../thumbs/Bally - Astrocade/Named_Logos/Missile Attack (1985)(Spectre Systems - White, Mike)(PD).png</marquee></game>
<game><path>./Bally Astrocade TOSEC/Ms. Candyman (1983)(L&M Software).zip</path><name>Ms. Candyman (1983)(L&M Software)</name><image>~/../thumbs/Bally - Astrocade/Named_Snaps/Ms. Candyman (1983)(L&M Software).png</image><titleshot>~/../thumbs/Bally - Astrocade/Named_Titles/Ms. Candyman (1983)(L&M Software).png</titleshot><thumbnail>~/../thumbs/Bally - Astrocade/Named_Boxarts/Ms. Candyman (1983)(L&M Software).png</thumbnail><marquee>~/../thumbs/Bally - Astrocade/Named_Logos/Ms. Candyman (1983)(L&M Software).png</marquee></game>
<game><path>./Bally Astrocade TOSEC/Muncher (19xx)(Esoterica).zip</path><name>Muncher (19xx)(Esoterica)</name><image>~/../thumbs/Bally - Astrocade/Named_Snaps/Muncher (19xx)(Esoterica).png</image><titleshot>~/../thumbs/Bally - Astrocade/Named_Titles/Muncher (19xx)(Esoterica).png</titleshot><thumbnail>~/../thumbs/Bally - Astrocade/Named_Boxarts/Muncher (19xx)(Esoterica).png</thumbnail><marquee>~/../thumbs/Bally - Astrocade/Named_Logos/Muncher (19xx)(Esoterica).png</marquee></game>
<game><path>./Bally Astrocade TOSEC/No-Die! (1984)(Astrocade - Carson, Dave - White, Mike).zip</path><name>No-Die! (1984)(Astrocade - Carson, Dave - White, Mike)</name><image>~/../thumbs/Bally - Astrocade/Named_Snaps/No-Die! (1984)(Astrocade - Carson, Dave - White, Mike).png</image><titleshot>~/../thumbs/Bally - Astrocade/Named_Titles/No-Die! (1984)(Astrocade - Carson, Dave - White, Mike).png</titleshot><thumbnail>~/../thumbs/Bally - Astrocade/Named_Boxarts/No-Die! (1984)(Astrocade - Carson, Dave - White, Mike).png</thumbnail><marquee>~/../thumbs/Bally - Astrocade/Named_Logos/No-Die! (1984)(Astrocade - Carson, Dave - White, Mike).png</marquee></game>
<game><path>./Bally Astrocade TOSEC/Outpost 19 (1986)(WaveMakers - White, Mike)(PD).zip</path><name>Outpost 19 (1986)(WaveMakers - White, Mike)(PD)</name><image>~/../thumbs/Bally - Astrocade/Named_Snaps/Outpost 19 (1986)(WaveMakers - White, Mike)(PD).png</image><titleshot>~/../thumbs/Bally - Astrocade/Named_Titles/Outpost 19 (1986)(WaveMakers - White, Mike)(PD).png</titleshot><thumbnail>~/../thumbs/Bally - Astrocade/Named_Boxarts/Outpost 19 (1986)(WaveMakers - White, Mike)(PD).png</thumbnail><marquee>~/../thumbs/Bally - Astrocade/Named_Logos/Outpost 19 (1986)(WaveMakers - White, Mike)(PD).png</marquee></game>
<game><path>./Bally Astrocade TOSEC/Pac-Man (198x)(Astrocade)(proto).zip</path><name>Pac-Man (198x)(Astrocade)(proto)</name><image>~/../thumbs/Bally - Astrocade/Named_Snaps/Pac-Man (198x)(Astrocade)(proto).png</image><titleshot>~/../thumbs/Bally - Astrocade/Named_Titles/Pac-Man (198x)(Astrocade)(proto).png</titleshot><thumbnail>~/../thumbs/Bally - Astrocade/Named_Boxarts/Pac-Man (198x)(Astrocade)(proto).png</thumbnail><marquee>~/../thumbs/Bally - Astrocade/Named_Logos/Pac-Man (198x)(Astrocade)(proto).png</marquee></game>
<game><path>./Bally Astrocade TOSEC/Pac-Man (198x)(Astrocade)(proto)[a].zip</path><name>Pac-Man (198x)(Astrocade)(proto)[a]</name><image>~/../thumbs/Bally - Astrocade/Named_Snaps/Pac-Man (198x)(Astrocade)(proto)[a].png</image><titleshot>~/../thumbs/Bally - Astrocade/Named_Titles/Pac-Man (198x)(Astrocade)(proto)[a].png</titleshot><thumbnail>~/../thumbs/Bally - Astrocade/Named_Boxarts/Pac-Man (198x)(Astrocade)(proto)[a].png</thumbnail><marquee>~/../thumbs/Bally - Astrocade/Named_Logos/Pac-Man (198x)(Astrocade)(proto)[a].png</marquee><hidden>true</hidden></game>
<game><path>./Bally Astrocade TOSEC/Pacmaze (198x)(Dave Carson Software)(proto).zip</path><name>Pacmaze (198x)(Dave Carson Software)(proto)</name><image>~/../thumbs/Bally - Astrocade/Named_Snaps/Pacmaze (198x)(Dave Carson Software)(proto).png</image><titleshot>~/../thumbs/Bally - Astrocade/Named_Titles/Pacmaze (198x)(Dave Carson Software)(proto).png</titleshot><thumbnail>~/../thumbs/Bally - Astrocade/Named_Boxarts/Pacmaze (198x)(Dave Carson Software)(proto).png</thumbnail><marquee>~/../thumbs/Bally - Astrocade/Named_Logos/Pacmaze (198x)(Dave Carson Software)(proto).png</marquee></game>
<game><path>./Bally Astrocade TOSEC/Panzer Attack + Red Baron (19xx)(Bally).zip</path><name>Panzer Attack + Red Baron (19xx)(Bally)</name><image>~/../thumbs/Bally - Astrocade/Named_Snaps/Panzer Attack + Red Baron (19xx)(Bally).png</image><titleshot>~/../thumbs/Bally - Astrocade/Named_Titles/Panzer Attack + Red Baron (19xx)(Bally).png</titleshot><thumbnail>~/../thumbs/Bally - Astrocade/Named_Boxarts/Panzer Attack + Red Baron (19xx)(Bally).png</thumbnail><marquee>~/../thumbs/Bally - Astrocade/Named_Logos/Panzer Attack + Red Baron (19xx)(Bally).png</marquee></game>
<game><path>./Bally Astrocade TOSEC/Pirate's Chase (1982)(Astrocade).zip</path><name>Pirate's Chase (1982)(Astrocade)</name><image>~/../thumbs/Bally - Astrocade/Named_Snaps/Pirate's Chase (1982)(Astrocade).png</image><titleshot>~/../thumbs/Bally - Astrocade/Named_Titles/Pirate's Chase (1982)(Astrocade).png</titleshot><thumbnail>~/../thumbs/Bally - Astrocade/Named_Boxarts/Pirate's Chase (1982)(Astrocade).png</thumbnail><marquee>~/../thumbs/Bally - Astrocade/Named_Logos/Pirate's Chase (1982)(Astrocade).png</marquee></game>
<game><path>./Bally Astrocade TOSEC/Road Toad (1986)(Esoterica - White, Mike).zip</path><name>Road Toad (1986)(Esoterica - White, Mike)</name><image>~/../thumbs/Bally - Astrocade/Named_Snaps/Road Toad (1986)(Esoterica - White, Mike).png</image><titleshot>~/../thumbs/Bally - Astrocade/Named_Titles/Road Toad (1986)(Esoterica - White, Mike).png</titleshot><thumbnail>~/../thumbs/Bally - Astrocade/Named_Boxarts/Road Toad (1986)(Esoterica - White, Mike).png</thumbnail><marquee>~/../thumbs/Bally - Astrocade/Named_Logos/Road Toad (1986)(Esoterica - White, Mike).png</marquee></game>
<game><path>./Bally Astrocade TOSEC/Saucer Attack (1982)(New Image)(PD)[2000 baud].zip</path><name>Saucer Attack (1982)(New Image)(PD)[2000 baud]</name><image>~/../thumbs/Bally - Astrocade/Named_Snaps/Saucer Attack (1982)(New Image)(PD)[2000 baud].png</image><titleshot>~/../thumbs/Bally - Astrocade/Named_Titles/Saucer Attack (1982)(New Image)(PD)[2000 baud].png</titleshot><thumbnail>~/../thumbs/Bally - Astrocade/Named_Boxarts/Saucer Attack (1982)(New Image)(PD)[2000 baud].png</thumbnail><marquee>~/../thumbs/Bally - Astrocade/Named_Logos/Saucer Attack (1982)(New Image)(PD)[2000 baud].png</marquee></game>
<game><path>./Bally Astrocade TOSEC/Sea Devil (1983)(L&M Software).zip</path><name>Sea Devil (1983)(L&M Software)</name><image>~/../thumbs/Bally - Astrocade/Named_Snaps/Sea Devil (1983)(L&M Software).png</image><titleshot>~/../thumbs/Bally - Astrocade/Named_Titles/Sea Devil (1983)(L&M Software).png</titleshot><thumbnail>~/../thumbs/Bally - Astrocade/Named_Boxarts/Sea Devil (1983)(L&M Software).png</thumbnail><marquee>~/../thumbs/Bally - Astrocade/Named_Logos/Sea Devil (1983)(L&M Software).png</marquee></game>
<game><path>./Bally Astrocade TOSEC/Seawolf + Missile (19xx)(Bally)[b].zip</path><name>Seawolf + Missile (19xx)(Bally)[b]</name><image>~/../thumbs/Bally - Astrocade/Named_Snaps/Seawolf + Missile (19xx)(Bally)[b].png</image><titleshot>~/../thumbs/Bally - Astrocade/Named_Titles/Seawolf + Missile (19xx)(Bally)[b].png</titleshot><thumbnail>~/../thumbs/Bally - Astrocade/Named_Boxarts/Seawolf + Missile (19xx)(Bally)[b].png</thumbnail><marquee>~/../thumbs/Bally - Astrocade/Named_Logos/Seawolf + Missile (19xx)(Bally)[b].png</marquee><hidden>true</hidden></game>
<game><path>./Bally Astrocade TOSEC/Sloshed! (1982)(New Image)[f cartridge White, Mike].zip</path><name>Sloshed! (1982)(New Image)[f cartridge White, Mike]</name><image>~/../thumbs/Bally - Astrocade/Named_Snaps/Sloshed! (1982)(New Image)[f cartridge White, Mike].png</image><titleshot>~/../thumbs/Bally - Astrocade/Named_Titles/Sloshed! (1982)(New Image)[f cartridge White, Mike].png</titleshot><thumbnail>~/../thumbs/Bally - Astrocade/Named_Boxarts/Sloshed! (1982)(New Image)[f cartridge White, Mike].png</thumbnail><marquee>~/../thumbs/Bally - Astrocade/Named_Logos/Sloshed! (1982)(New Image)[f cartridge White, Mike].png</marquee></game>
<game><path>./Bally Astrocade TOSEC/Sneaky Snake (1983)(New Image)(PD).zip</path><name>Sneaky Snake (1983)(New Image)(PD)</name><image>~/../thumbs/Bally - Astrocade/Named_Snaps/Sneaky Snake (1983)(New Image)(PD).png</image><titleshot>~/../thumbs/Bally - Astrocade/Named_Titles/Sneaky Snake (1983)(New Image)(PD).png</titleshot><thumbnail>~/../thumbs/Bally - Astrocade/Named_Boxarts/Sneaky Snake (1983)(New Image)(PD).png</thumbnail><marquee>~/../thumbs/Bally - Astrocade/Named_Logos/Sneaky Snake (1983)(New Image)(PD).png</marquee></game>
<game><path>./Bally Astrocade TOSEC/Soccer (1985)(Astrocade).zip</path><name>Soccer (1985)(Astrocade)</name><image>~/../thumbs/Bally - Astrocade/Named_Snaps/Soccer (1985)(Astrocade).png</image><titleshot>~/../thumbs/Bally - Astrocade/Named_Titles/Soccer (1985)(Astrocade).png</titleshot><thumbnail>~/../thumbs/Bally - Astrocade/Named_Boxarts/Soccer (1985)(Astrocade).png</thumbnail><marquee>~/../thumbs/Bally - Astrocade/Named_Logos/Soccer (1985)(Astrocade).png</marquee></game>
<game><path>./Bally Astrocade TOSEC/Soccer (198x)(Astrocade)(proto).zip</path><name>Soccer (198x)(Astrocade)(proto)</name><image>~/../thumbs/Bally - Astrocade/Named_Snaps/Soccer (198x)(Astrocade)(proto).png</image><titleshot>~/../thumbs/Bally - Astrocade/Named_Titles/Soccer (198x)(Astrocade)(proto).png</titleshot><thumbnail>~/../thumbs/Bally - Astrocade/Named_Boxarts/Soccer (198x)(Astrocade)(proto).png</thumbnail><marquee>~/../thumbs/Bally - Astrocade/Named_Logos/Soccer (198x)(Astrocade)(proto).png</marquee></game>
<game><path>./Bally Astrocade TOSEC/Soccer (198x)(Astrocade)(proto)[a2].zip</path><name>Soccer (198x)(Astrocade)(proto)[a2]</name><image>~/../thumbs/Bally - Astrocade/Named_Snaps/Soccer (198x)(Astrocade)(proto)[a2].png</image><titleshot>~/../thumbs/Bally - Astrocade/Named_Titles/Soccer (198x)(Astrocade)(proto)[a2].png</titleshot><thumbnail>~/../thumbs/Bally - Astrocade/Named_Boxarts/Soccer (198x)(Astrocade)(proto)[a2].png</thumbnail><marquee>~/../thumbs/Bally - Astrocade/Named_Logos/Soccer (198x)(Astrocade)(proto)[a2].png</marquee><hidden>true</hidden></game>
<game><path>./Bally Astrocade TOSEC/Soccer (198x)(Astrocade)(proto)[a3].zip</path><name>Soccer (198x)(Astrocade)(proto)[a3]</name><image>~/../thumbs/Bally - Astrocade/Named_Snaps/Soccer (198x)(Astrocade)(proto)[a3].png</image><titleshot>~/../thumbs/Bally - Astrocade/Named_Titles/Soccer (198x)(Astrocade)(proto)[a3].png</titleshot><thumbnail>~/../thumbs/Bally - Astrocade/Named_Boxarts/Soccer (198x)(Astrocade)(proto)[a3].png</thumbnail><marquee>~/../thumbs/Bally - Astrocade/Named_Logos/Soccer (198x)(Astrocade)(proto)[a3].png</marquee><hidden>true</hidden></game>
<game><path>./Bally Astrocade TOSEC/Soccer (198x)(Astrocade)(proto)[a4].zip</path><name>Soccer (198x)(Astrocade)(proto)[a4]</name><image>~/../thumbs/Bally - Astrocade/Named_Snaps/Soccer (198x)(Astrocade)(proto)[a4].png</image><titleshot>~/../thumbs/Bally - Astrocade/Named_Titles/Soccer (198x)(Astrocade)(proto)[a4].png</titleshot><thumbnail>~/../thumbs/Bally - Astrocade/Named_Boxarts/Soccer (198x)(Astrocade)(proto)[a4].png</thumbnail><marquee>~/../thumbs/Bally - Astrocade/Named_Logos/Soccer (198x)(Astrocade)(proto)[a4].png</marquee><hidden>true</hidden></game>
<game><path>./Bally Astrocade TOSEC/Soccer (198x)(Astrocade)(proto)[a].zip</path><name>Soccer (198x)(Astrocade)(proto)[a]</name><image>~/../thumbs/Bally - Astrocade/Named_Snaps/Soccer (198x)(Astrocade)(proto)[a].png</image><titleshot>~/../thumbs/Bally - Astrocade/Named_Titles/Soccer (198x)(Astrocade)(proto)[a].png</titleshot><thumbnail>~/../thumbs/Bally - Astrocade/Named_Boxarts/Soccer (198x)(Astrocade)(proto)[a].png</thumbnail><marquee>~/../thumbs/Bally - Astrocade/Named_Logos/Soccer (198x)(Astrocade)(proto)[a].png</marquee><hidden>true</hidden></game>
<game><path>./Bally Astrocade TOSEC/Solar Conqueror (1982)(Astrocade)(proto).zip</path><name>Solar Conqueror (1982)(Astrocade)(proto)</name><image>~/../thumbs/Bally - Astrocade/Named_Snaps/Solar Conqueror (1982)(Astrocade)(proto).png</image><titleshot>~/../thumbs/Bally - Astrocade/Named_Titles/Solar Conqueror (1982)(Astrocade)(proto).png</titleshot><thumbnail>~/../thumbs/Bally - Astrocade/Named_Boxarts/Solar Conqueror (1982)(Astrocade)(proto).png</thumbnail><marquee>~/../thumbs/Bally - Astrocade/Named_Logos/Solar Conqueror (1982)(Astrocade)(proto).png</marquee></game>
<game><path>./Bally Astrocade TOSEC/Solar Conqueror (1983)(Astrocade).zip</path><name>Solar Conqueror (1983)(Astrocade)</name><image>~/../thumbs/Bally - Astrocade/Named_Snaps/Solar Conqueror (1983)(Astrocade).png</image><titleshot>~/../thumbs/Bally - Astrocade/Named_Titles/Solar Conqueror (1983)(Astrocade).png</titleshot><thumbnail>~/../thumbs/Bally - Astrocade/Named_Boxarts/Solar Conqueror (1983)(Astrocade).png</thumbnail><marquee>~/../thumbs/Bally - Astrocade/Named_Logos/Solar Conqueror (1983)(Astrocade).png</marquee></game>
<game><path>./Bally Astrocade TOSEC/Solar Conqueror v2.8 (198x)(Astrocade)(proto).zip</path><name>Solar Conqueror v2.8 (198x)(Astrocade)(proto)</name><image>~/../thumbs/Bally - Astrocade/Named_Snaps/Solar Conqueror v2.8 (198x)(Astrocade)(proto).png</image><titleshot>~/../thumbs/Bally - Astrocade/Named_Titles/Solar Conqueror v2.8 (198x)(Astrocade)(proto).png</titleshot><thumbnail>~/../thumbs/Bally - Astrocade/Named_Boxarts/Solar Conqueror v2.8 (198x)(Astrocade)(proto).png</thumbnail><marquee>~/../thumbs/Bally - Astrocade/Named_Logos/Solar Conqueror v2.8 (198x)(Astrocade)(proto).png</marquee></game>
<game><path>./Bally Astrocade TOSEC/Solar Conqueror v3.9 (198x)(Astrocade)(proto).zip</path><name>Solar Conqueror v3.9 (198x)(Astrocade)(proto)</name><image>~/../thumbs/Bally - Astrocade/Named_Snaps/Solar Conqueror v3.9 (198x)(Astrocade)(proto).png</image><titleshot>~/../thumbs/Bally - Astrocade/Named_Titles/Solar Conqueror v3.9 (198x)(Astrocade)(proto).png</titleshot><thumbnail>~/../thumbs/Bally - Astrocade/Named_Boxarts/Solar Conqueror v3.9 (198x)(Astrocade)(proto).png</thumbnail><marquee>~/../thumbs/Bally - Astrocade/Named_Logos/Solar Conqueror v3.9 (198x)(Astrocade)(proto).png</marquee></game>
<game><path>./Bally Astrocade TOSEC/Space Fortress (1981)(Astrocade)(proto).zip</path><name>Space Fortress (1981)(Astrocade)(proto)</name><image>~/../thumbs/Bally - Astrocade/Named_Snaps/Space Fortress (1981)(Astrocade)(proto).png</image><titleshot>~/../thumbs/Bally - Astrocade/Named_Titles/Space Fortress (1981)(Astrocade)(proto).png</titleshot><thumbnail>~/../thumbs/Bally - Astrocade/Named_Boxarts/Space Fortress (1981)(Astrocade)(proto).png</thumbnail><marquee>~/../thumbs/Bally - Astrocade/Named_Logos/Space Fortress (1981)(Astrocade)(proto).png</marquee></game>
<game><path>./Bally Astrocade TOSEC/Space Fortress (19xx)(Bally).zip</path><name>Space Fortress (19xx)(Bally)</name><image>~/../thumbs/Bally - Astrocade/Named_Snaps/Space Fortress (19xx)(Bally).png</image><titleshot>~/../thumbs/Bally - Astrocade/Named_Titles/Space Fortress (19xx)(Bally).png</titleshot><thumbnail>~/../thumbs/Bally - Astrocade/Named_Boxarts/Space Fortress (19xx)(Bally).png</thumbnail><marquee>~/../thumbs/Bally - Astrocade/Named_Logos/Space Fortress (19xx)(Bally).png</marquee></game>
<game><path>./Bally Astrocade TOSEC/Space Invaders (1979)(Bally).zip</path><name>Space Invaders (1979)(Bally)</name><image>~/../thumbs/Bally - Astrocade/Named_Snaps/Space Invaders (1979)(Bally).png</image><titleshot>~/../thumbs/Bally - Astrocade/Named_Titles/Space Invaders (1979)(Bally).png</titleshot><thumbnail>~/../thumbs/Bally - Astrocade/Named_Boxarts/Space Invaders (1979)(Bally).png</thumbnail><marquee>~/../thumbs/Bally - Astrocade/Named_Logos/Space Invaders (1979)(Bally).png</marquee></game>
<game><path>./Bally Astrocade TOSEC/Space Invaders (197x)(Bally)(proto).zip</path><name>Space Invaders (197x)(Bally)(proto)</name><image>~/../thumbs/Bally - Astrocade/Named_Snaps/Space Invaders (197x)(Bally)(proto).png</image><titleshot>~/../thumbs/Bally - Astrocade/Named_Titles/Space Invaders (197x)(Bally)(proto).png</titleshot><thumbnail>~/../thumbs/Bally - Astrocade/Named_Boxarts/Space Invaders (197x)(Bally)(proto).png</thumbnail><marquee>~/../thumbs/Bally - Astrocade/Named_Logos/Space Invaders (197x)(Bally)(proto).png</marquee></game>
<game><path>./Bally Astrocade TOSEC/Star Battle (1979)(Bally).zip</path><name>Star Battle (1979)(Bally)</name><image>~/../thumbs/Bally - Astrocade/Named_Snaps/Star Battle (1979)(Bally).png</image><titleshot>~/../thumbs/Bally - Astrocade/Named_Titles/Star Battle (1979)(Bally).png</titleshot><thumbnail>~/../thumbs/Bally - Astrocade/Named_Boxarts/Star Battle (1979)(Bally).png</thumbnail><marquee>~/../thumbs/Bally - Astrocade/Named_Logos/Star Battle (1979)(Bally).png</marquee></game>
<game><path>./Bally Astrocade TOSEC/Star Battle (19xx)(Astrovision)[b].zip</path><name>Star Battle (19xx)(Astrovision)[b]</name><image>~/../thumbs/Bally - Astrocade/Named_Snaps/Star Battle (19xx)(Astrovision)[b].png</image><titleshot>~/../thumbs/Bally - Astrocade/Named_Titles/Star Battle (19xx)(Astrovision)[b].png</titleshot><thumbnail>~/../thumbs/Bally - Astrocade/Named_Boxarts/Star Battle (19xx)(Astrovision)[b].png</thumbnail><marquee>~/../thumbs/Bally - Astrocade/Named_Logos/Star Battle (19xx)(Astrovision)[b].png</marquee><hidden>true</hidden></game>
<game><path>./Bally Astrocade TOSEC/Stweek (19xx)(Bally).zip</path><name>Stweek (19xx)(Bally)</name><image>~/../thumbs/Bally - Astrocade/Named_Snaps/Stweek (19xx)(Bally).png</image><titleshot>~/../thumbs/Bally - Astrocade/Named_Titles/Stweek (19xx)(Bally).png</titleshot><thumbnail>~/../thumbs/Bally - Astrocade/Named_Boxarts/Stweek (19xx)(Bally).png</thumbnail><marquee>~/../thumbs/Bally - Astrocade/Named_Logos/Stweek (19xx)(Bally).png</marquee></game>
<game><path>./Bally Astrocade TOSEC/Super Slope (1982)(Esoterica)[2000 baud].zip</path><name>Super Slope (1982)(Esoterica)[2000 baud]</name><image>~/../thumbs/Bally - Astrocade/Named_Snaps/Super Slope (1982)(Esoterica)[2000 baud].png</image><titleshot>~/../thumbs/Bally - Astrocade/Named_Titles/Super Slope (1982)(Esoterica)[2000 baud].png</titleshot><thumbnail>~/../thumbs/Bally - Astrocade/Named_Boxarts/Super Slope (1982)(Esoterica)[2000 baud].png</thumbnail><marquee>~/../thumbs/Bally - Astrocade/Named_Logos/Super Slope (1982)(Esoterica)[2000 baud].png</marquee></game>
<game><path>./Bally Astrocade TOSEC/Super Slope (1986)(Esoterica - White, Mike).zip</path><name>Super Slope (1986)(Esoterica - White, Mike)</name><image>~/../thumbs/Bally - Astrocade/Named_Snaps/Super Slope (1986)(Esoterica - White, Mike).png</image><titleshot>~/../thumbs/Bally - Astrocade/Named_Titles/Super Slope (1986)(Esoterica - White, Mike).png</titleshot><thumbnail>~/../thumbs/Bally - Astrocade/Named_Boxarts/Super Slope (1986)(Esoterica - White, Mike).png</thumbnail><marquee>~/../thumbs/Bally - Astrocade/Named_Logos/Super Slope (1986)(Esoterica - White, Mike).png</marquee></game>
<game><path>./Bally Astrocade TOSEC/Tornado Baseball + Tennis + Hockey + Handball (19xx)(Bally).zip</path><name>Tornado Baseball + Tennis + Hockey + Handball (19xx)(Bally)</name><image>~/../thumbs/Bally - Astrocade/Named_Snaps/Tornado Baseball + Tennis + Hockey + Handball (19xx)(Bally).png</image><titleshot>~/../thumbs/Bally - Astrocade/Named_Titles/Tornado Baseball + Tennis + Hockey + Handball (19xx)(Bally).png</titleshot><thumbnail>~/../thumbs/Bally - Astrocade/Named_Boxarts/Tornado Baseball + Tennis + Hockey + Handball (19xx)(Bally).png</thumbnail><marquee>~/../thumbs/Bally - Astrocade/Named_Logos/Tornado Baseball + Tennis + Hockey + Handball (19xx)(Bally).png</marquee></game>
<game><path>./Bally Astrocade TOSEC/Treasure Cove (1983)(Esoterica)(PD).zip</path><name>Treasure Cove (1983)(Esoterica)(PD)</name><image>~/../thumbs/Bally - Astrocade/Named_Snaps/Treasure Cove (1983)(Esoterica)(PD).png</image><titleshot>~/../thumbs/Bally - Astrocade/Named_Titles/Treasure Cove (1983)(Esoterica)(PD).png</titleshot><thumbnail>~/../thumbs/Bally - Astrocade/Named_Boxarts/Treasure Cove (1983)(Esoterica)(PD).png</thumbnail><marquee>~/../thumbs/Bally - Astrocade/Named_Logos/Treasure Cove (1983)(Esoterica)(PD).png</marquee></game>
<game><path>./Bally Astrocade TOSEC/Treasure Cove (198x)(Esoterica)(PD)(proto).zip</path><name>Treasure Cove (198x)(Esoterica)(PD)(proto)</name><image>~/../thumbs/Bally - Astrocade/Named_Snaps/Treasure Cove (198x)(Esoterica)(PD)(proto).png</image><titleshot>~/../thumbs/Bally - Astrocade/Named_Titles/Treasure Cove (198x)(Esoterica)(PD)(proto).png</titleshot><thumbnail>~/../thumbs/Bally - Astrocade/Named_Boxarts/Treasure Cove (198x)(Esoterica)(PD)(proto).png</thumbnail><marquee>~/../thumbs/Bally - Astrocade/Named_Logos/Treasure Cove (198x)(Esoterica)(PD)(proto).png</marquee></game>
<game><path>./Bally Astrocade TOSEC/War (2012)(Riff Raff Games)[Second Printing].zip</path><name>War (2012)(Riff Raff Games)[Second Printing]</name><image>~/../thumbs/Bally - Astrocade/Named_Snaps/War (2012)(Riff Raff Games)[Second Printing].png</image><titleshot>~/../thumbs/Bally - Astrocade/Named_Titles/War (2012)(Riff Raff Games)[Second Printing].png</titleshot><thumbnail>~/../thumbs/Bally - Astrocade/Named_Boxarts/War (2012)(Riff Raff Games)[Second Printing].png</thumbnail><marquee>~/../thumbs/Bally - Astrocade/Named_Logos/War (2012)(Riff Raff Games)[Second Printing].png</marquee></game>
<game><path>./Bally Astrocade TOSEC/X-Ray Maze (2010)(Degler, Richard)[h Amazing Maze].zip</path><name>X-Ray Maze (2010)(Degler, Richard)[h Amazing Maze]</name><image>~/../thumbs/Bally - Astrocade/Named_Snaps/X-Ray Maze (2010)(Degler, Richard)[h Amazing Maze].png</image><titleshot>~/../thumbs/Bally - Astrocade/Named_Titles/X-Ray Maze (2010)(Degler, Richard)[h Amazing Maze].png</titleshot><thumbnail>~/../thumbs/Bally - Astrocade/Named_Boxarts/X-Ray Maze (2010)(Degler, Richard)[h Amazing Maze].png</thumbnail><marquee>~/../thumbs/Bally - Astrocade/Named_Logos/X-Ray Maze (2010)(Degler, Richard)[h Amazing Maze].png</marquee><hidden>true</hidden></game>
<folder><path>./Bally Astrocade TOSEC</path><name>Bally Astrocade TOSEC</name><image>~/../thumb/astrocade.png</image></folder>
