<gameList>
<game><path>./Merged/chitaikuu.zip</path><name>chitaikuu</name><image>~/../thumbs/Gakken - Compact Vision TV Boy/Named_Snaps/chitaikuu.png</image></game>
<game><path>./Merged/einvader.zip</path><name>einvader</name><image>~/../thumbs/Gakken - Compact Vision TV Boy/Named_Snaps/einvader.png</image></game>
<game><path>./Merged/frogger.zip</path><name>frogger</name><image>~/../thumbs/Gakken - Compact Vision TV Boy/Named_Snaps/frogger.png</image></game>
<game><path>./Merged/mrbomb.zip</path><name>mrbomb</name><image>~/../thumbs/Gakken - Compact Vision TV Boy/Named_Snaps/mrbomb.png</image></game>
<game><path>./Merged/robotan.zip</path><name>robotan</name><image>~/../thumbs/Gakken - Compact Vision TV Boy/Named_Snaps/robotan.png</image></game>
<game><path>./Merged/shigaisen.zip</path><name>shigaisen</name><image>~/../thumbs/Gakken - Compact Vision TV Boy/Named_Snaps/shigaisen.png</image></game>
<folder><path>./Merged</path><name>Merged</name><image>~/../thumb/ctvboy.png</image></folder>
<game><path>./Split/chitaikuu.zip</path><name>chitaikuu</name><image>~/../thumbs/Gakken - Compact Vision TV Boy/Named_Snaps/chitaikuu.png</image></game>
<game><path>./Split/einvader.zip</path><name>einvader</name><image>~/../thumbs/Gakken - Compact Vision TV Boy/Named_Snaps/einvader.png</image></game>
<game><path>./Split/frogger.zip</path><name>frogger</name><image>~/../thumbs/Gakken - Compact Vision TV Boy/Named_Snaps/frogger.png</image></game>
<game><path>./Split/mrbomb.zip</path><name>mrbomb</name><image>~/../thumbs/Gakken - Compact Vision TV Boy/Named_Snaps/mrbomb.png</image></game>
<game><path>./Split/robotan.zip</path><name>robotan</name><image>~/../thumbs/Gakken - Compact Vision TV Boy/Named_Snaps/robotan.png</image></game>
<game><path>./Split/shigaisen.zip</path><name>shigaisen</name><image>~/../thumbs/Gakken - Compact Vision TV Boy/Named_Snaps/shigaisen.png</image></game>
<folder><path>./Split</path><name>Split</name><image>~/../thumb/ctvboy.png</image></folder>
</gameList>
