<gameList>
<game><path>./GameKing 3 Merged/2030.zip</path><name>2030</name><image>~/../thumbs/TimeTop - GameKing 3/Named_Snaps/2030.png</image></game>
<game><path>./GameKing 3 Merged/adventr.zip</path><name>adventr</name><image>~/../thumbs/TimeTop - GameKing 3/Named_Snaps/adventr.png</image></game>
<game><path>./GameKing 3 Merged/diamond.zip</path><name>diamond</name><image>~/../thumbs/TimeTop - GameKing 3/Named_Snaps/diamond.png</image></game>
<game><path>./GameKing 3 Merged/falconc.zip</path><name>falconc</name><image>~/../thumbs/TimeTop - GameKing 3/Named_Snaps/falconc.png</image></game>
<game><path>./GameKing 3 Merged/flycar.zip</path><name>flycar</name><image>~/../thumbs/TimeTop - GameKing 3/Named_Snaps/flycar.png</image></game>
<game><path>./GameKing 3 Merged/hemic.zip</path><name>hemic</name><image>~/../thumbs/TimeTop - GameKing 3/Named_Snaps/hemic.png</image></game>
<game><path>./GameKing 3 Merged/panzer.zip</path><name>panzer</name><image>~/../thumbs/TimeTop - GameKing 3/Named_Snaps/panzer.png</image></game>
<game><path>./GameKing 3 Merged/searcha.zip</path><name>searcha</name><image>~/../thumbs/TimeTop - GameKing 3/Named_Snaps/searcha.png</image></game>
<game><path>./GameKing 3 Merged/urgent.zip</path><name>urgent</name><image>~/../thumbs/TimeTop - GameKing 3/Named_Snaps/urgent.png</image></game>
<game><path>./GameKing 3 Merged/vagrant.zip</path><name>vagrant</name><image>~/../thumbs/TimeTop - GameKing 3/Named_Snaps/vagrant.png</image></game>
<folder><path>./GameKing 3 Merged</path><name>GameKing 3 Merged</name><image>~/../thumb/gameking3.png</image></folder>
<game><path>./GameKing 3 Split/2030.zip</path><name>2030</name><image>~/../thumbs/TimeTop - GameKing 3/Named_Snaps/2030.png</image></game>
<game><path>./GameKing 3 Split/adventr.zip</path><name>adventr</name><image>~/../thumbs/TimeTop - GameKing 3/Named_Snaps/adventr.png</image></game>
<game><path>./GameKing 3 Split/diamond.zip</path><name>diamond</name><image>~/../thumbs/TimeTop - GameKing 3/Named_Snaps/diamond.png</image></game>
<game><path>./GameKing 3 Split/falconc.zip</path><name>falconc</name><image>~/../thumbs/TimeTop - GameKing 3/Named_Snaps/falconc.png</image></game>
<game><path>./GameKing 3 Split/flycar.zip</path><name>flycar</name><image>~/../thumbs/TimeTop - GameKing 3/Named_Snaps/flycar.png</image></game>
<game><path>./GameKing 3 Split/hemic.zip</path><name>hemic</name><image>~/../thumbs/TimeTop - GameKing 3/Named_Snaps/hemic.png</image></game>
<game><path>./GameKing 3 Split/panzer.zip</path><name>panzer</name><image>~/../thumbs/TimeTop - GameKing 3/Named_Snaps/panzer.png</image></game>
<game><path>./GameKing 3 Split/searcha.zip</path><name>searcha</name><image>~/../thumbs/TimeTop - GameKing 3/Named_Snaps/searcha.png</image></game>
<game><path>./GameKing 3 Split/urgent.zip</path><name>urgent</name><image>~/../thumbs/TimeTop - GameKing 3/Named_Snaps/urgent.png</image></game>
<game><path>./GameKing 3 Split/vagrant.zip</path><name>vagrant</name><image>~/../thumbs/TimeTop - GameKing 3/Named_Snaps/vagrant.png</image></game>
<folder><path>./GameKing 3 Split</path><name>GameKing 3 Split</name><image>~/../thumb/gameking3.png</image></folder>
</gameList>
