<gameList>
<game><path>./Apple II DSK//home/runner/rom/TOSEC/Apple/II/Games/[DSK]/Apple II - Games - [DSK].zip</path><name>/home/runner/rom/TOSEC/Apple/II/Games/[DSK]/Apple II - Games - [DSK]</name><image>~/../thumbs/Apple - II/Named_Snaps//home/runner/rom/TOSEC/Apple/II/Games/[DSK]/Apple II - Games - [DSK].png</image><titleshot>~/../thumbs/Apple - II/Named_Titles//home/runner/rom/TOSEC/Apple/II/Games/[DSK]/Apple II - Games - [DSK].png</titleshot><thumbnail>~/../thumbs/Apple - II/Named_Boxarts//home/runner/rom/TOSEC/Apple/II/Games/[DSK]/Apple II - Games - [DSK].png</thumbnail><marquee>~/../thumbs/Apple - II/Named_Logos//home/runner/rom/TOSEC/Apple/II/Games/[DSK]/Apple II - Games - [DSK].png</marquee></game>
<folder><path>./Apple II DSK</path><name>Apple II DSK</name><image>~/../thumb/apple2.png</image></folder>
<game><path>./Apple II WOZ//home/runner/rom/TOSEC/Apple/II/Games/[WOZ]/Apple II - Games - [WOZ].zip</path><name>/home/runner/rom/TOSEC/Apple/II/Games/[WOZ]/Apple II - Games - [WOZ]</name><image>~/../thumbs/Apple - II/Named_Snaps//home/runner/rom/TOSEC/Apple/II/Games/[WOZ]/Apple II - Games - [WOZ].png</image><titleshot>~/../thumbs/Apple - II/Named_Titles//home/runner/rom/TOSEC/Apple/II/Games/[WOZ]/Apple II - Games - [WOZ].png</titleshot><thumbnail>~/../thumbs/Apple - II/Named_Boxarts//home/runner/rom/TOSEC/Apple/II/Games/[WOZ]/Apple II - Games - [WOZ].png</thumbnail><marquee>~/../thumbs/Apple - II/Named_Logos//home/runner/rom/TOSEC/Apple/II/Games/[WOZ]/Apple II - Games - [WOZ].png</marquee></game>
<folder><path>./Apple II WOZ</path><name>Apple II WOZ</name><image>~/../thumb/apple2.png</image></folder>
<game><path>./Apple II Edu DSK//home/runner/rom/TOSEC/Apple/II/Educational/[DSK]/Apple II - Educational - [DSK].zip</path><name>/home/runner/rom/TOSEC/Apple/II/Educational/[DSK]/Apple II - Educational - [DSK]</name><image>~/../thumbs/Apple - II/Named_Snaps//home/runner/rom/TOSEC/Apple/II/Educational/[DSK]/Apple II - Educational - [DSK].png</image><titleshot>~/../thumbs/Apple - II/Named_Titles//home/runner/rom/TOSEC/Apple/II/Educational/[DSK]/Apple II - Educational - [DSK].png</titleshot><thumbnail>~/../thumbs/Apple - II/Named_Boxarts//home/runner/rom/TOSEC/Apple/II/Educational/[DSK]/Apple II - Educational - [DSK].png</thumbnail><marquee>~/../thumbs/Apple - II/Named_Logos//home/runner/rom/TOSEC/Apple/II/Educational/[DSK]/Apple II - Educational - [DSK].png</marquee></game>
<folder><path>./Apple II Edu DSK</path><name>Apple II Edu DSK</name><image>~/../thumb/apple2.png</image></folder>
<game><path>./Apple II Edu WOZ//home/runner/rom/TOSEC/Apple/II/Educational/[WOZ]/Apple II - Educational - [WOZ].zip</path><name>/home/runner/rom/TOSEC/Apple/II/Educational/[WOZ]/Apple II - Educational - [WOZ]</name><image>~/../thumbs/Apple - II/Named_Snaps//home/runner/rom/TOSEC/Apple/II/Educational/[WOZ]/Apple II - Educational - [WOZ].png</image><titleshot>~/../thumbs/Apple - II/Named_Titles//home/runner/rom/TOSEC/Apple/II/Educational/[WOZ]/Apple II - Educational - [WOZ].png</titleshot><thumbnail>~/../thumbs/Apple - II/Named_Boxarts//home/runner/rom/TOSEC/Apple/II/Educational/[WOZ]/Apple II - Educational - [WOZ].png</thumbnail><marquee>~/../thumbs/Apple - II/Named_Logos//home/runner/rom/TOSEC/Apple/II/Educational/[WOZ]/Apple II - Educational - [WOZ].png</marquee></game>
<folder><path>./Apple II Edu WOZ</path><name>Apple II Edu WOZ</name><image>~/../thumb/apple2.png</image></folder>
<game><path>./Apple II App DSK//home/runner/rom/TOSEC/Apple/II/Applications/[DSK]/Apple II - Applications - [DSK].zip</path><name>/home/runner/rom/TOSEC/Apple/II/Applications/[DSK]/Apple II - Applications - [DSK]</name><image>~/../thumbs/Apple - II/Named_Snaps//home/runner/rom/TOSEC/Apple/II/Applications/[DSK]/Apple II - Applications - [DSK].png</image><titleshot>~/../thumbs/Apple - II/Named_Titles//home/runner/rom/TOSEC/Apple/II/Applications/[DSK]/Apple II - Applications - [DSK].png</titleshot><thumbnail>~/../thumbs/Apple - II/Named_Boxarts//home/runner/rom/TOSEC/Apple/II/Applications/[DSK]/Apple II - Applications - [DSK].png</thumbnail><marquee>~/../thumbs/Apple - II/Named_Logos//home/runner/rom/TOSEC/Apple/II/Applications/[DSK]/Apple II - Applications - [DSK].png</marquee></game>
<folder><path>./Apple II App DSK</path><name>Apple II App DSK</name><image>~/../thumb/apple2.png</image></folder>
<game><path>./Apple II App WOZ//home/runner/rom/TOSEC/Apple/II/Applications/[WOZ]/Apple II - Applications - [WOZ].zip</path><name>/home/runner/rom/TOSEC/Apple/II/Applications/[WOZ]/Apple II - Applications - [WOZ]</name><image>~/../thumbs/Apple - II/Named_Snaps//home/runner/rom/TOSEC/Apple/II/Applications/[WOZ]/Apple II - Applications - [WOZ].png</image><titleshot>~/../thumbs/Apple - II/Named_Titles//home/runner/rom/TOSEC/Apple/II/Applications/[WOZ]/Apple II - Applications - [WOZ].png</titleshot><thumbnail>~/../thumbs/Apple - II/Named_Boxarts//home/runner/rom/TOSEC/Apple/II/Applications/[WOZ]/Apple II - Applications - [WOZ].png</thumbnail><marquee>~/../thumbs/Apple - II/Named_Logos//home/runner/rom/TOSEC/Apple/II/Applications/[WOZ]/Apple II - Applications - [WOZ].png</marquee></game>
<folder><path>./Apple II App WOZ</path><name>Apple II App WOZ</name><image>~/../thumb/apple2.png</image></folder>
</gameList>
