<gameList>
<game><path>./Acorn Electron//home/runner/rom/TOSEC/Acorn/Electron/Games/[UEF]/Acorn Electron - Games - [UEF].zip</path><name>/home/runner/rom/TOSEC/Acorn/Electron/Games/[UEF]/Acorn Electron - Games - [UEF]</name><image>~/../thumbs/Acorn - Electron/Named_Snaps//home/runner/rom/TOSEC/Acorn/Electron/Games/[UEF]/Acorn Electron - Games - [UEF].png</image><titleshot>~/../thumbs/Acorn - Electron/Named_Titles//home/runner/rom/TOSEC/Acorn/Electron/Games/[UEF]/Acorn Electron - Games - [UEF].png</titleshot><thumbnail>~/../thumbs/Acorn - Electron/Named_Boxarts//home/runner/rom/TOSEC/Acorn/Electron/Games/[UEF]/Acorn Electron - Games - [UEF].png</thumbnail><marquee>~/../thumbs/Acorn - Electron/Named_Logos//home/runner/rom/TOSEC/Acorn/Electron/Games/[UEF]/Acorn Electron - Games - [UEF].png</marquee></game>
<folder><path>./Acorn Electron</path><name>Acorn Electron</name><image>~/../thumb/electron.png</image></folder>
</gameList>
