<gameList>
<game><path>./Arcadia 2001 NoIntro/3D Bowling (USA, Europe).zip</path><name>3D Bowling (USA, Europe)</name><image>~/../thumbs/Emerson - Arcadia 2001/Named_Snaps/3D Bowling (USA, Europe).png</image><titleshot>~/../thumbs/Emerson - Arcadia 2001/Named_Titles/3D Bowling (USA, Europe).png</titleshot><thumbnail>~/../thumbs/Emerson - Arcadia 2001/Named_Boxarts/3D Bowling (USA, Europe).png</thumbnail><marquee>~/../thumbs/Emerson - Arcadia 2001/Named_Logos/3D Bowling (USA, Europe).png</marquee></game>
<game><path>./Arcadia 2001 NoIntro/3D Soccer (Europe).zip</path><name>3D Soccer (Europe)</name><image>~/../thumbs/Emerson - Arcadia 2001/Named_Snaps/3D Soccer (Europe).png</image><titleshot>~/../thumbs/Emerson - Arcadia 2001/Named_Titles/3D Soccer (Europe).png</titleshot><thumbnail>~/../thumbs/Emerson - Arcadia 2001/Named_Boxarts/3D Soccer (Europe).png</thumbnail><marquee>~/../thumbs/Emerson - Arcadia 2001/Named_Logos/3D Soccer (Europe).png</marquee></game>
<game><path>./Arcadia 2001 NoIntro/Alien Invaders (USA, Europe).zip</path><name>Alien Invaders (USA, Europe)</name><image>~/../thumbs/Emerson - Arcadia 2001/Named_Snaps/Alien Invaders (USA, Europe).png</image><titleshot>~/../thumbs/Emerson - Arcadia 2001/Named_Titles/Alien Invaders (USA, Europe).png</titleshot><thumbnail>~/../thumbs/Emerson - Arcadia 2001/Named_Boxarts/Alien Invaders (USA, Europe).png</thumbnail><marquee>~/../thumbs/Emerson - Arcadia 2001/Named_Logos/Alien Invaders (USA, Europe).png</marquee></game>
<game><path>./Arcadia 2001 NoIntro/American Football (USA, Europe).zip</path><name>American Football (USA, Europe)</name><image>~/../thumbs/Emerson - Arcadia 2001/Named_Snaps/American Football (USA, Europe).png</image><titleshot>~/../thumbs/Emerson - Arcadia 2001/Named_Titles/American Football (USA, Europe).png</titleshot><thumbnail>~/../thumbs/Emerson - Arcadia 2001/Named_Boxarts/American Football (USA, Europe).png</thumbnail><marquee>~/../thumbs/Emerson - Arcadia 2001/Named_Logos/American Football (USA, Europe).png</marquee></game>
<game><path>./Arcadia 2001 NoIntro/Astro Invader (Europe).zip</path><name>Astro Invader (Europe)</name><image>~/../thumbs/Emerson - Arcadia 2001/Named_Snaps/Astro Invader (Europe).png</image><titleshot>~/../thumbs/Emerson - Arcadia 2001/Named_Titles/Astro Invader (Europe).png</titleshot><thumbnail>~/../thumbs/Emerson - Arcadia 2001/Named_Boxarts/Astro Invader (Europe).png</thumbnail><marquee>~/../thumbs/Emerson - Arcadia 2001/Named_Logos/Astro Invader (Europe).png</marquee></game>
<game><path>./Arcadia 2001 NoIntro/Autorace (Europe).zip</path><name>Autorace (Europe)</name><image>~/../thumbs/Emerson - Arcadia 2001/Named_Snaps/Autorace (Europe).png</image><titleshot>~/../thumbs/Emerson - Arcadia 2001/Named_Titles/Autorace (Europe).png</titleshot><thumbnail>~/../thumbs/Emerson - Arcadia 2001/Named_Boxarts/Autorace (Europe).png</thumbnail><marquee>~/../thumbs/Emerson - Arcadia 2001/Named_Logos/Autorace (Europe).png</marquee></game>
<game><path>./Arcadia 2001 NoIntro/Baseball (USA, Europe).zip</path><name>Baseball (USA, Europe)</name><image>~/../thumbs/Emerson - Arcadia 2001/Named_Snaps/Baseball (USA, Europe).png</image><titleshot>~/../thumbs/Emerson - Arcadia 2001/Named_Titles/Baseball (USA, Europe).png</titleshot><thumbnail>~/../thumbs/Emerson - Arcadia 2001/Named_Boxarts/Baseball (USA, Europe).png</thumbnail><marquee>~/../thumbs/Emerson - Arcadia 2001/Named_Logos/Baseball (USA, Europe).png</marquee></game>
<game><path>./Arcadia 2001 NoIntro/Basketball (Europe).zip</path><name>Basketball (Europe)</name><image>~/../thumbs/Emerson - Arcadia 2001/Named_Snaps/Basketball (Europe).png</image><titleshot>~/../thumbs/Emerson - Arcadia 2001/Named_Titles/Basketball (Europe).png</titleshot><thumbnail>~/../thumbs/Emerson - Arcadia 2001/Named_Boxarts/Basketball (Europe).png</thumbnail><marquee>~/../thumbs/Emerson - Arcadia 2001/Named_Logos/Basketball (Europe).png</marquee></game>
<game><path>./Arcadia 2001 NoIntro/Blackjack and Poker (Europe).zip</path><name>Blackjack and Poker (Europe)</name><image>~/../thumbs/Emerson - Arcadia 2001/Named_Snaps/Blackjack and Poker (Europe).png</image><titleshot>~/../thumbs/Emerson - Arcadia 2001/Named_Titles/Blackjack and Poker (Europe).png</titleshot><thumbnail>~/../thumbs/Emerson - Arcadia 2001/Named_Boxarts/Blackjack and Poker (Europe).png</thumbnail><marquee>~/../thumbs/Emerson - Arcadia 2001/Named_Logos/Blackjack and Poker (Europe).png</marquee></game>
<game><path>./Arcadia 2001 NoIntro/Boxing (Europe).zip</path><name>Boxing (Europe)</name><image>~/../thumbs/Emerson - Arcadia 2001/Named_Snaps/Boxing (Europe).png</image><titleshot>~/../thumbs/Emerson - Arcadia 2001/Named_Titles/Boxing (Europe).png</titleshot><thumbnail>~/../thumbs/Emerson - Arcadia 2001/Named_Boxarts/Boxing (Europe).png</thumbnail><marquee>~/../thumbs/Emerson - Arcadia 2001/Named_Logos/Boxing (Europe).png</marquee></game>
<game><path>./Arcadia 2001 NoIntro/Brain Quiz (USA, Europe).zip</path><name>Brain Quiz (USA, Europe)</name><image>~/../thumbs/Emerson - Arcadia 2001/Named_Snaps/Brain Quiz (USA, Europe).png</image><titleshot>~/../thumbs/Emerson - Arcadia 2001/Named_Titles/Brain Quiz (USA, Europe).png</titleshot><thumbnail>~/../thumbs/Emerson - Arcadia 2001/Named_Boxarts/Brain Quiz (USA, Europe).png</thumbnail><marquee>~/../thumbs/Emerson - Arcadia 2001/Named_Logos/Brain Quiz (USA, Europe).png</marquee></game>
<game><path>./Arcadia 2001 NoIntro/Breakaway (USA, Europe).zip</path><name>Breakaway (USA, Europe)</name><image>~/../thumbs/Emerson - Arcadia 2001/Named_Snaps/Breakaway (USA, Europe).png</image><titleshot>~/../thumbs/Emerson - Arcadia 2001/Named_Titles/Breakaway (USA, Europe).png</titleshot><thumbnail>~/../thumbs/Emerson - Arcadia 2001/Named_Boxarts/Breakaway (USA, Europe).png</thumbnail><marquee>~/../thumbs/Emerson - Arcadia 2001/Named_Logos/Breakaway (USA, Europe).png</marquee></game>
<game><path>./Arcadia 2001 NoIntro/Capture (USA, Europe).zip</path><name>Capture (USA, Europe)</name><image>~/../thumbs/Emerson - Arcadia 2001/Named_Snaps/Capture (USA, Europe).png</image><titleshot>~/../thumbs/Emerson - Arcadia 2001/Named_Titles/Capture (USA, Europe).png</titleshot><thumbnail>~/../thumbs/Emerson - Arcadia 2001/Named_Boxarts/Capture (USA, Europe).png</thumbnail><marquee>~/../thumbs/Emerson - Arcadia 2001/Named_Logos/Capture (USA, Europe).png</marquee></game>
<game><path>./Arcadia 2001 NoIntro/Cat Trax (USA, Europe).zip</path><name>Cat Trax (USA, Europe)</name><image>~/../thumbs/Emerson - Arcadia 2001/Named_Snaps/Cat Trax (USA, Europe).png</image><titleshot>~/../thumbs/Emerson - Arcadia 2001/Named_Titles/Cat Trax (USA, Europe).png</titleshot><thumbnail>~/../thumbs/Emerson - Arcadia 2001/Named_Boxarts/Cat Trax (USA, Europe).png</thumbnail><marquee>~/../thumbs/Emerson - Arcadia 2001/Named_Logos/Cat Trax (USA, Europe).png</marquee></game>
<game><path>./Arcadia 2001 NoIntro/Circus (Europe).zip</path><name>Circus (Europe)</name><image>~/../thumbs/Emerson - Arcadia 2001/Named_Snaps/Circus (Europe).png</image><titleshot>~/../thumbs/Emerson - Arcadia 2001/Named_Titles/Circus (Europe).png</titleshot><thumbnail>~/../thumbs/Emerson - Arcadia 2001/Named_Boxarts/Circus (Europe).png</thumbnail><marquee>~/../thumbs/Emerson - Arcadia 2001/Named_Logos/Circus (Europe).png</marquee></game>
<game><path>./Arcadia 2001 NoIntro/Combat (Europe).zip</path><name>Combat (Europe)</name><image>~/../thumbs/Emerson - Arcadia 2001/Named_Snaps/Combat (Europe).png</image><titleshot>~/../thumbs/Emerson - Arcadia 2001/Named_Titles/Combat (Europe).png</titleshot><thumbnail>~/../thumbs/Emerson - Arcadia 2001/Named_Boxarts/Combat (Europe).png</thumbnail><marquee>~/../thumbs/Emerson - Arcadia 2001/Named_Logos/Combat (Europe).png</marquee></game>
<game><path>./Arcadia 2001 NoIntro/Crazy Climber (Europe).zip</path><name>Crazy Climber (Europe)</name><image>~/../thumbs/Emerson - Arcadia 2001/Named_Snaps/Crazy Climber (Europe).png</image><titleshot>~/../thumbs/Emerson - Arcadia 2001/Named_Titles/Crazy Climber (Europe).png</titleshot><thumbnail>~/../thumbs/Emerson - Arcadia 2001/Named_Boxarts/Crazy Climber (Europe).png</thumbnail><marquee>~/../thumbs/Emerson - Arcadia 2001/Named_Logos/Crazy Climber (Europe).png</marquee></game>
<game><path>./Arcadia 2001 NoIntro/Crazy Gobbler (Europe).zip</path><name>Crazy Gobbler (Europe)</name><image>~/../thumbs/Emerson - Arcadia 2001/Named_Snaps/Crazy Gobbler (Europe).png</image><titleshot>~/../thumbs/Emerson - Arcadia 2001/Named_Titles/Crazy Gobbler (Europe).png</titleshot><thumbnail>~/../thumbs/Emerson - Arcadia 2001/Named_Boxarts/Crazy Gobbler (Europe).png</thumbnail><marquee>~/../thumbs/Emerson - Arcadia 2001/Named_Logos/Crazy Gobbler (Europe).png</marquee></game>
<game><path>./Arcadia 2001 NoIntro/Escape (USA, Europe).zip</path><name>Escape (USA, Europe)</name><image>~/../thumbs/Emerson - Arcadia 2001/Named_Snaps/Escape (USA, Europe).png</image><titleshot>~/../thumbs/Emerson - Arcadia 2001/Named_Titles/Escape (USA, Europe).png</titleshot><thumbnail>~/../thumbs/Emerson - Arcadia 2001/Named_Boxarts/Escape (USA, Europe).png</thumbnail><marquee>~/../thumbs/Emerson - Arcadia 2001/Named_Logos/Escape (USA, Europe).png</marquee></game>
<game><path>./Arcadia 2001 NoIntro/Funky Fish (Europe).zip</path><name>Funky Fish (Europe)</name><image>~/../thumbs/Emerson - Arcadia 2001/Named_Snaps/Funky Fish (Europe).png</image><titleshot>~/../thumbs/Emerson - Arcadia 2001/Named_Titles/Funky Fish (Europe).png</titleshot><thumbnail>~/../thumbs/Emerson - Arcadia 2001/Named_Boxarts/Funky Fish (Europe).png</thumbnail><marquee>~/../thumbs/Emerson - Arcadia 2001/Named_Logos/Funky Fish (Europe).png</marquee></game>
<game><path>./Arcadia 2001 NoIntro/Golf (Europe).zip</path><name>Golf (Europe)</name><image>~/../thumbs/Emerson - Arcadia 2001/Named_Snaps/Golf (Europe).png</image><titleshot>~/../thumbs/Emerson - Arcadia 2001/Named_Titles/Golf (Europe).png</titleshot><thumbnail>~/../thumbs/Emerson - Arcadia 2001/Named_Boxarts/Golf (Europe).png</thumbnail><marquee>~/../thumbs/Emerson - Arcadia 2001/Named_Logos/Golf (Europe).png</marquee></game>
<game><path>./Arcadia 2001 NoIntro/Grand Slam Tennis (USA, Europe).zip</path><name>Grand Slam Tennis (USA, Europe)</name><image>~/../thumbs/Emerson - Arcadia 2001/Named_Snaps/Grand Slam Tennis (USA, Europe).png</image><titleshot>~/../thumbs/Emerson - Arcadia 2001/Named_Titles/Grand Slam Tennis (USA, Europe).png</titleshot><thumbnail>~/../thumbs/Emerson - Arcadia 2001/Named_Boxarts/Grand Slam Tennis (USA, Europe).png</thumbnail><marquee>~/../thumbs/Emerson - Arcadia 2001/Named_Logos/Grand Slam Tennis (USA, Europe).png</marquee></game>
<game><path>./Arcadia 2001 NoIntro/Hobo (Europe).zip</path><name>Hobo (Europe)</name><image>~/../thumbs/Emerson - Arcadia 2001/Named_Snaps/Hobo (Europe).png</image><titleshot>~/../thumbs/Emerson - Arcadia 2001/Named_Titles/Hobo (Europe).png</titleshot><thumbnail>~/../thumbs/Emerson - Arcadia 2001/Named_Boxarts/Hobo (Europe).png</thumbnail><marquee>~/../thumbs/Emerson - Arcadia 2001/Named_Logos/Hobo (Europe).png</marquee></game>
<game><path>./Arcadia 2001 NoIntro/Horse Racing (Europe).zip</path><name>Horse Racing (Europe)</name><image>~/../thumbs/Emerson - Arcadia 2001/Named_Snaps/Horse Racing (Europe).png</image><titleshot>~/../thumbs/Emerson - Arcadia 2001/Named_Titles/Horse Racing (Europe).png</titleshot><thumbnail>~/../thumbs/Emerson - Arcadia 2001/Named_Boxarts/Horse Racing (Europe).png</thumbnail><marquee>~/../thumbs/Emerson - Arcadia 2001/Named_Logos/Horse Racing (Europe).png</marquee></game>
<game><path>./Arcadia 2001 NoIntro/Jump Bug (Europe).zip</path><name>Jump Bug (Europe)</name><image>~/../thumbs/Emerson - Arcadia 2001/Named_Snaps/Jump Bug (Europe).png</image><titleshot>~/../thumbs/Emerson - Arcadia 2001/Named_Titles/Jump Bug (Europe).png</titleshot><thumbnail>~/../thumbs/Emerson - Arcadia 2001/Named_Boxarts/Jump Bug (Europe).png</thumbnail><marquee>~/../thumbs/Emerson - Arcadia 2001/Named_Logos/Jump Bug (Europe).png</marquee></game>
<game><path>./Arcadia 2001 NoIntro/Jungler (USA, Europe).zip</path><name>Jungler (USA, Europe)</name><image>~/../thumbs/Emerson - Arcadia 2001/Named_Snaps/Jungler (USA, Europe).png</image><titleshot>~/../thumbs/Emerson - Arcadia 2001/Named_Titles/Jungler (USA, Europe).png</titleshot><thumbnail>~/../thumbs/Emerson - Arcadia 2001/Named_Boxarts/Jungler (USA, Europe).png</thumbnail><marquee>~/../thumbs/Emerson - Arcadia 2001/Named_Logos/Jungler (USA, Europe).png</marquee></game>
<game><path>./Arcadia 2001 NoIntro/Missile War (USA, Europe).zip</path><name>Missile War (USA, Europe)</name><image>~/../thumbs/Emerson - Arcadia 2001/Named_Snaps/Missile War (USA, Europe).png</image><titleshot>~/../thumbs/Emerson - Arcadia 2001/Named_Titles/Missile War (USA, Europe).png</titleshot><thumbnail>~/../thumbs/Emerson - Arcadia 2001/Named_Boxarts/Missile War (USA, Europe).png</thumbnail><marquee>~/../thumbs/Emerson - Arcadia 2001/Named_Logos/Missile War (USA, Europe).png</marquee></game>
<game><path>./Arcadia 2001 NoIntro/Monaco Grand Prix (Europe).zip</path><name>Monaco Grand Prix (Europe)</name><image>~/../thumbs/Emerson - Arcadia 2001/Named_Snaps/Monaco Grand Prix (Europe).png</image><titleshot>~/../thumbs/Emerson - Arcadia 2001/Named_Titles/Monaco Grand Prix (Europe).png</titleshot><thumbnail>~/../thumbs/Emerson - Arcadia 2001/Named_Boxarts/Monaco Grand Prix (Europe).png</thumbnail><marquee>~/../thumbs/Emerson - Arcadia 2001/Named_Logos/Monaco Grand Prix (Europe).png</marquee></game>
<game><path>./Arcadia 2001 NoIntro/Nibblemen (Europe).zip</path><name>Nibblemen (Europe)</name><image>~/../thumbs/Emerson - Arcadia 2001/Named_Snaps/Nibblemen (Europe).png</image><titleshot>~/../thumbs/Emerson - Arcadia 2001/Named_Titles/Nibblemen (Europe).png</titleshot><thumbnail>~/../thumbs/Emerson - Arcadia 2001/Named_Boxarts/Nibblemen (Europe).png</thumbnail><marquee>~/../thumbs/Emerson - Arcadia 2001/Named_Logos/Nibblemen (Europe).png</marquee></game>
<game><path>./Arcadia 2001 NoIntro/Ocean Battle (USA, Europe).zip</path><name>Ocean Battle (USA, Europe)</name><image>~/../thumbs/Emerson - Arcadia 2001/Named_Snaps/Ocean Battle (USA, Europe).png</image><titleshot>~/../thumbs/Emerson - Arcadia 2001/Named_Titles/Ocean Battle (USA, Europe).png</titleshot><thumbnail>~/../thumbs/Emerson - Arcadia 2001/Named_Boxarts/Ocean Battle (USA, Europe).png</thumbnail><marquee>~/../thumbs/Emerson - Arcadia 2001/Named_Logos/Ocean Battle (USA, Europe).png</marquee></game>
<game><path>./Arcadia 2001 NoIntro/Parashooter (Europe).zip</path><name>Parashooter (Europe)</name><image>~/../thumbs/Emerson - Arcadia 2001/Named_Snaps/Parashooter (Europe).png</image><titleshot>~/../thumbs/Emerson - Arcadia 2001/Named_Titles/Parashooter (Europe).png</titleshot><thumbnail>~/../thumbs/Emerson - Arcadia 2001/Named_Boxarts/Parashooter (Europe).png</thumbnail><marquee>~/../thumbs/Emerson - Arcadia 2001/Named_Logos/Parashooter (Europe).png</marquee></game>
<game><path>./Arcadia 2001 NoIntro/Pleiades (Europe).zip</path><name>Pleiades (Europe)</name><image>~/../thumbs/Emerson - Arcadia 2001/Named_Snaps/Pleiades (Europe).png</image><titleshot>~/../thumbs/Emerson - Arcadia 2001/Named_Titles/Pleiades (Europe).png</titleshot><thumbnail>~/../thumbs/Emerson - Arcadia 2001/Named_Boxarts/Pleiades (Europe).png</thumbnail><marquee>~/../thumbs/Emerson - Arcadia 2001/Named_Logos/Pleiades (Europe).png</marquee></game>
<game><path>./Arcadia 2001 NoIntro/R2D Tank (Europe).zip</path><name>R2D Tank (Europe)</name><image>~/../thumbs/Emerson - Arcadia 2001/Named_Snaps/R2D Tank (Europe).png</image><titleshot>~/../thumbs/Emerson - Arcadia 2001/Named_Titles/R2D Tank (Europe).png</titleshot><thumbnail>~/../thumbs/Emerson - Arcadia 2001/Named_Boxarts/R2D Tank (Europe).png</thumbnail><marquee>~/../thumbs/Emerson - Arcadia 2001/Named_Logos/R2D Tank (Europe).png</marquee></game>
<game><path>./Arcadia 2001 NoIntro/Red Clash (USA, Europe).zip</path><name>Red Clash (USA, Europe)</name><image>~/../thumbs/Emerson - Arcadia 2001/Named_Snaps/Red Clash (USA, Europe).png</image><titleshot>~/../thumbs/Emerson - Arcadia 2001/Named_Titles/Red Clash (USA, Europe).png</titleshot><thumbnail>~/../thumbs/Emerson - Arcadia 2001/Named_Boxarts/Red Clash (USA, Europe).png</thumbnail><marquee>~/../thumbs/Emerson - Arcadia 2001/Named_Logos/Red Clash (USA, Europe).png</marquee></game>
<game><path>./Arcadia 2001 NoIntro/Robot Killer (Europe).zip</path><name>Robot Killer (Europe)</name><image>~/../thumbs/Emerson - Arcadia 2001/Named_Snaps/Robot Killer (Europe).png</image><titleshot>~/../thumbs/Emerson - Arcadia 2001/Named_Titles/Robot Killer (Europe).png</titleshot><thumbnail>~/../thumbs/Emerson - Arcadia 2001/Named_Boxarts/Robot Killer (Europe).png</thumbnail><marquee>~/../thumbs/Emerson - Arcadia 2001/Named_Logos/Robot Killer (Europe).png</marquee></game>
<game><path>./Arcadia 2001 NoIntro/Route 16 (Europe).zip</path><name>Route 16 (Europe)</name><image>~/../thumbs/Emerson - Arcadia 2001/Named_Snaps/Route 16 (Europe).png</image><titleshot>~/../thumbs/Emerson - Arcadia 2001/Named_Titles/Route 16 (Europe).png</titleshot><thumbnail>~/../thumbs/Emerson - Arcadia 2001/Named_Boxarts/Route 16 (Europe).png</thumbnail><marquee>~/../thumbs/Emerson - Arcadia 2001/Named_Logos/Route 16 (Europe).png</marquee></game>
<game><path>./Arcadia 2001 NoIntro/Soccer (USA, Europe).zip</path><name>Soccer (USA, Europe)</name><image>~/../thumbs/Emerson - Arcadia 2001/Named_Snaps/Soccer (USA, Europe).png</image><titleshot>~/../thumbs/Emerson - Arcadia 2001/Named_Titles/Soccer (USA, Europe).png</titleshot><thumbnail>~/../thumbs/Emerson - Arcadia 2001/Named_Boxarts/Soccer (USA, Europe).png</thumbnail><marquee>~/../thumbs/Emerson - Arcadia 2001/Named_Logos/Soccer (USA, Europe).png</marquee></game>
<game><path>./Arcadia 2001 NoIntro/Space Attack (USA, Europe).zip</path><name>Space Attack (USA, Europe)</name><image>~/../thumbs/Emerson - Arcadia 2001/Named_Snaps/Space Attack (USA, Europe).png</image><titleshot>~/../thumbs/Emerson - Arcadia 2001/Named_Titles/Space Attack (USA, Europe).png</titleshot><thumbnail>~/../thumbs/Emerson - Arcadia 2001/Named_Boxarts/Space Attack (USA, Europe).png</thumbnail><marquee>~/../thumbs/Emerson - Arcadia 2001/Named_Logos/Space Attack (USA, Europe).png</marquee></game>
<game><path>./Arcadia 2001 NoIntro/Space Mission (USA, Europe).zip</path><name>Space Mission (USA, Europe)</name><image>~/../thumbs/Emerson - Arcadia 2001/Named_Snaps/Space Mission (USA, Europe).png</image><titleshot>~/../thumbs/Emerson - Arcadia 2001/Named_Titles/Space Mission (USA, Europe).png</titleshot><thumbnail>~/../thumbs/Emerson - Arcadia 2001/Named_Boxarts/Space Mission (USA, Europe).png</thumbnail><marquee>~/../thumbs/Emerson - Arcadia 2001/Named_Logos/Space Mission (USA, Europe).png</marquee></game>
<game><path>./Arcadia 2001 NoIntro/Space Raiders (USA, Europe).zip</path><name>Space Raiders (USA, Europe)</name><image>~/../thumbs/Emerson - Arcadia 2001/Named_Snaps/Space Raiders (USA, Europe).png</image><titleshot>~/../thumbs/Emerson - Arcadia 2001/Named_Titles/Space Raiders (USA, Europe).png</titleshot><thumbnail>~/../thumbs/Emerson - Arcadia 2001/Named_Boxarts/Space Raiders (USA, Europe).png</thumbnail><marquee>~/../thumbs/Emerson - Arcadia 2001/Named_Logos/Space Raiders (USA, Europe).png</marquee></game>
<game><path>./Arcadia 2001 NoIntro/Space Squadron (Europe).zip</path><name>Space Squadron (Europe)</name><image>~/../thumbs/Emerson - Arcadia 2001/Named_Snaps/Space Squadron (Europe).png</image><titleshot>~/../thumbs/Emerson - Arcadia 2001/Named_Titles/Space Squadron (Europe).png</titleshot><thumbnail>~/../thumbs/Emerson - Arcadia 2001/Named_Boxarts/Space Squadron (Europe).png</thumbnail><marquee>~/../thumbs/Emerson - Arcadia 2001/Named_Logos/Space Squadron (Europe).png</marquee></game>
<game><path>./Arcadia 2001 NoIntro/Space Vultures (USA, Europe).zip</path><name>Space Vultures (USA, Europe)</name><image>~/../thumbs/Emerson - Arcadia 2001/Named_Snaps/Space Vultures (USA, Europe).png</image><titleshot>~/../thumbs/Emerson - Arcadia 2001/Named_Titles/Space Vultures (USA, Europe).png</titleshot><thumbnail>~/../thumbs/Emerson - Arcadia 2001/Named_Boxarts/Space Vultures (USA, Europe).png</thumbnail><marquee>~/../thumbs/Emerson - Arcadia 2001/Named_Logos/Space Vultures (USA, Europe).png</marquee></game>
<game><path>./Arcadia 2001 NoIntro/Spiders (USA, Europe).zip</path><name>Spiders (USA, Europe)</name><image>~/../thumbs/Emerson - Arcadia 2001/Named_Snaps/Spiders (USA, Europe).png</image><titleshot>~/../thumbs/Emerson - Arcadia 2001/Named_Titles/Spiders (USA, Europe).png</titleshot><thumbnail>~/../thumbs/Emerson - Arcadia 2001/Named_Boxarts/Spiders (USA, Europe).png</thumbnail><marquee>~/../thumbs/Emerson - Arcadia 2001/Named_Logos/Spiders (USA, Europe).png</marquee></game>
<game><path>./Arcadia 2001 NoIntro/Star Chess (USA, Europe).zip</path><name>Star Chess (USA, Europe)</name><image>~/../thumbs/Emerson - Arcadia 2001/Named_Snaps/Star Chess (USA, Europe).png</image><titleshot>~/../thumbs/Emerson - Arcadia 2001/Named_Titles/Star Chess (USA, Europe).png</titleshot><thumbnail>~/../thumbs/Emerson - Arcadia 2001/Named_Boxarts/Star Chess (USA, Europe).png</thumbnail><marquee>~/../thumbs/Emerson - Arcadia 2001/Named_Logos/Star Chess (USA, Europe).png</marquee></game>
<game><path>./Arcadia 2001 NoIntro/Super Gobbler (Europe).zip</path><name>Super Gobbler (Europe)</name><image>~/../thumbs/Emerson - Arcadia 2001/Named_Snaps/Super Gobbler (Europe).png</image><titleshot>~/../thumbs/Emerson - Arcadia 2001/Named_Titles/Super Gobbler (Europe).png</titleshot><thumbnail>~/../thumbs/Emerson - Arcadia 2001/Named_Boxarts/Super Gobbler (Europe).png</thumbnail><marquee>~/../thumbs/Emerson - Arcadia 2001/Named_Logos/Super Gobbler (Europe).png</marquee></game>
<game><path>./Arcadia 2001 NoIntro/Tanks a Lot (USA, Europe).zip</path><name>Tanks a Lot (USA, Europe)</name><image>~/../thumbs/Emerson - Arcadia 2001/Named_Snaps/Tanks a Lot (USA, Europe).png</image><titleshot>~/../thumbs/Emerson - Arcadia 2001/Named_Titles/Tanks a Lot (USA, Europe).png</titleshot><thumbnail>~/../thumbs/Emerson - Arcadia 2001/Named_Boxarts/Tanks a Lot (USA, Europe).png</thumbnail><marquee>~/../thumbs/Emerson - Arcadia 2001/Named_Logos/Tanks a Lot (USA, Europe).png</marquee></game>
<game><path>./Arcadia 2001 NoIntro/The End (Europe).zip</path><name>The End (Europe)</name><image>~/../thumbs/Emerson - Arcadia 2001/Named_Snaps/The End (Europe).png</image><titleshot>~/../thumbs/Emerson - Arcadia 2001/Named_Titles/The End (Europe).png</titleshot><thumbnail>~/../thumbs/Emerson - Arcadia 2001/Named_Boxarts/The End (Europe).png</thumbnail><marquee>~/../thumbs/Emerson - Arcadia 2001/Named_Logos/The End (Europe).png</marquee></game>
<game><path>./Arcadia 2001 NoIntro/Turtles (Europe).zip</path><name>Turtles (Europe)</name><image>~/../thumbs/Emerson - Arcadia 2001/Named_Snaps/Turtles (Europe).png</image><titleshot>~/../thumbs/Emerson - Arcadia 2001/Named_Titles/Turtles (Europe).png</titleshot><thumbnail>~/../thumbs/Emerson - Arcadia 2001/Named_Boxarts/Turtles (Europe).png</thumbnail><marquee>~/../thumbs/Emerson - Arcadia 2001/Named_Logos/Turtles (Europe).png</marquee></game>
<folder><path>./Arcadia 2001 NoIntro</path><name>Arcadia 2001 NoIntro</name><image>~/../thumb/arcadia.png</image></folder>
<game><path>./Arcadia 2001 TOSEC//home/runner/rom/TOSEC/Emerson/Arcadia 2001/Games/Emerson Arcadia 2001 - Games.zip</path><name>/home/runner/rom/TOSEC/Emerson/Arcadia 2001/Games/Emerson Arcadia 2001 - Games</name><image>~/../thumbs/Emerson - Arcadia 2001/Named_Snaps//home/runner/rom/TOSEC/Emerson/Arcadia 2001/Games/Emerson Arcadia 2001 - Games.png</image><titleshot>~/../thumbs/Emerson - Arcadia 2001/Named_Titles//home/runner/rom/TOSEC/Emerson/Arcadia 2001/Games/Emerson Arcadia 2001 - Games.png</titleshot><thumbnail>~/../thumbs/Emerson - Arcadia 2001/Named_Boxarts//home/runner/rom/TOSEC/Emerson/Arcadia 2001/Games/Emerson Arcadia 2001 - Games.png</thumbnail><marquee>~/../thumbs/Emerson - Arcadia 2001/Named_Logos//home/runner/rom/TOSEC/Emerson/Arcadia 2001/Games/Emerson Arcadia 2001 - Games.png</marquee></game>
<folder><path>./Arcadia 2001 TOSEC</path><name>Arcadia 2001 TOSEC</name><image>~/../thumb/arcadia.png</image></folder>
</gameList>
