<gameList>
<game><path>./GCE Vectrex NoIntro/3D Crazy Coaster (USA).zip</path><name>3D Crazy Coaster (USA)</name><image>~/../thumbs/GCE - Vectrex/Named_Snaps/3D Crazy Coaster (USA).png</image><titleshot>~/../thumbs/GCE - Vectrex/Named_Titles/3D Crazy Coaster (USA).png</titleshot><thumbnail>~/../thumbs/GCE - Vectrex/Named_Boxarts/3D Crazy Coaster (USA).png</thumbnail><marquee>~/../thumbs/GCE - Vectrex/Named_Logos/3D Crazy Coaster (USA).png</marquee></game>
<game><path>./GCE Vectrex NoIntro/3D Mine Storm (USA).zip</path><name>3D Mine Storm (USA)</name><image>~/../thumbs/GCE - Vectrex/Named_Snaps/3D Mine Storm (USA).png</image><titleshot>~/../thumbs/GCE - Vectrex/Named_Titles/3D Mine Storm (USA).png</titleshot><thumbnail>~/../thumbs/GCE - Vectrex/Named_Boxarts/3D Mine Storm (USA).png</thumbnail><marquee>~/../thumbs/GCE - Vectrex/Named_Logos/3D Mine Storm (USA).png</marquee></game>
<game><path>./GCE Vectrex NoIntro/3D Narrow Escape (USA).zip</path><name>3D Narrow Escape (USA)</name><image>~/../thumbs/GCE - Vectrex/Named_Snaps/3D Narrow Escape (USA).png</image><titleshot>~/../thumbs/GCE - Vectrex/Named_Titles/3D Narrow Escape (USA).png</titleshot><thumbnail>~/../thumbs/GCE - Vectrex/Named_Boxarts/3D Narrow Escape (USA).png</thumbnail><marquee>~/../thumbs/GCE - Vectrex/Named_Logos/3D Narrow Escape (USA).png</marquee></game>
<game><path>./GCE Vectrex NoIntro/AnimAction - Advanced Animation (USA).zip</path><name>AnimAction - Advanced Animation (USA)</name><image>~/../thumbs/GCE - Vectrex/Named_Snaps/AnimAction - Advanced Animation (USA).png</image><titleshot>~/../thumbs/GCE - Vectrex/Named_Titles/AnimAction - Advanced Animation (USA).png</titleshot><thumbnail>~/../thumbs/GCE - Vectrex/Named_Boxarts/AnimAction - Advanced Animation (USA).png</thumbnail><marquee>~/../thumbs/GCE - Vectrex/Named_Logos/AnimAction - Advanced Animation (USA).png</marquee></game>
<game><path>./GCE Vectrex NoIntro/Armor Attack (World).zip</path><name>Armor Attack (World)</name><image>~/../thumbs/GCE - Vectrex/Named_Snaps/Armor Attack (World).png</image><titleshot>~/../thumbs/GCE - Vectrex/Named_Titles/Armor Attack (World).png</titleshot><thumbnail>~/../thumbs/GCE - Vectrex/Named_Boxarts/Armor Attack (World).png</thumbnail><marquee>~/../thumbs/GCE - Vectrex/Named_Logos/Armor Attack (World).png</marquee></game>
<game><path>./GCE Vectrex NoIntro/Art Master (USA).zip</path><name>Art Master (USA)</name><image>~/../thumbs/GCE - Vectrex/Named_Snaps/Art Master (USA).png</image><titleshot>~/../thumbs/GCE - Vectrex/Named_Titles/Art Master (USA).png</titleshot><thumbnail>~/../thumbs/GCE - Vectrex/Named_Boxarts/Art Master (USA).png</thumbnail><marquee>~/../thumbs/GCE - Vectrex/Named_Logos/Art Master (USA).png</marquee></game>
<game><path>./GCE Vectrex NoIntro/Bedlam (USA, Europe).zip</path><name>Bedlam (USA, Europe)</name><image>~/../thumbs/GCE - Vectrex/Named_Snaps/Bedlam (USA, Europe).png</image><titleshot>~/../thumbs/GCE - Vectrex/Named_Titles/Bedlam (USA, Europe).png</titleshot><thumbnail>~/../thumbs/GCE - Vectrex/Named_Boxarts/Bedlam (USA, Europe).png</thumbnail><marquee>~/../thumbs/GCE - Vectrex/Named_Logos/Bedlam (USA, Europe).png</marquee></game>
<game><path>./GCE Vectrex NoIntro/Berzerk (Europe) (Rev 2).zip</path><name>Berzerk (Europe) (Rev 2)</name><image>~/../thumbs/GCE - Vectrex/Named_Snaps/Berzerk (Europe) (Rev 2).png</image><titleshot>~/../thumbs/GCE - Vectrex/Named_Titles/Berzerk (Europe) (Rev 2).png</titleshot><thumbnail>~/../thumbs/GCE - Vectrex/Named_Boxarts/Berzerk (Europe) (Rev 2).png</thumbnail><marquee>~/../thumbs/GCE - Vectrex/Named_Logos/Berzerk (Europe) (Rev 2).png</marquee></game>
<game><path>./GCE Vectrex NoIntro/Berzerk (USA).zip</path><name>Berzerk (USA)</name><image>~/../thumbs/GCE - Vectrex/Named_Snaps/Berzerk (USA).png</image><titleshot>~/../thumbs/GCE - Vectrex/Named_Titles/Berzerk (USA).png</titleshot><thumbnail>~/../thumbs/GCE - Vectrex/Named_Boxarts/Berzerk (USA).png</thumbnail><marquee>~/../thumbs/GCE - Vectrex/Named_Logos/Berzerk (USA).png</marquee></game>
<game><path>./GCE Vectrex NoIntro/Blitz! - Action Football (USA, Europe) (Alt).zip</path><name>Blitz! - Action Football (USA, Europe) (Alt)</name><image>~/../thumbs/GCE - Vectrex/Named_Snaps/Blitz! - Action Football (USA, Europe) (Alt).png</image><titleshot>~/../thumbs/GCE - Vectrex/Named_Titles/Blitz! - Action Football (USA, Europe) (Alt).png</titleshot><thumbnail>~/../thumbs/GCE - Vectrex/Named_Boxarts/Blitz! - Action Football (USA, Europe) (Alt).png</thumbnail><marquee>~/../thumbs/GCE - Vectrex/Named_Logos/Blitz! - Action Football (USA, Europe) (Alt).png</marquee><hidden>true</hidden></game>
<game><path>./GCE Vectrex NoIntro/Blitz! - Action Football (World).zip</path><name>Blitz! - Action Football (World)</name><image>~/../thumbs/GCE - Vectrex/Named_Snaps/Blitz! - Action Football (World).png</image><titleshot>~/../thumbs/GCE - Vectrex/Named_Titles/Blitz! - Action Football (World).png</titleshot><thumbnail>~/../thumbs/GCE - Vectrex/Named_Boxarts/Blitz! - Action Football (World).png</thumbnail><marquee>~/../thumbs/GCE - Vectrex/Named_Logos/Blitz! - Action Football (World).png</marquee></game>
<game><path>./GCE Vectrex NoIntro/Clean Sweep (World).zip</path><name>Clean Sweep (World)</name><image>~/../thumbs/GCE - Vectrex/Named_Snaps/Clean Sweep (World).png</image><titleshot>~/../thumbs/GCE - Vectrex/Named_Titles/Clean Sweep (World).png</titleshot><thumbnail>~/../thumbs/GCE - Vectrex/Named_Boxarts/Clean Sweep (World).png</thumbnail><marquee>~/../thumbs/GCE - Vectrex/Named_Logos/Clean Sweep (World).png</marquee></game>
<game><path>./GCE Vectrex NoIntro/Cosmic Chasm (World).zip</path><name>Cosmic Chasm (World)</name><image>~/../thumbs/GCE - Vectrex/Named_Snaps/Cosmic Chasm (World).png</image><titleshot>~/../thumbs/GCE - Vectrex/Named_Titles/Cosmic Chasm (World).png</titleshot><thumbnail>~/../thumbs/GCE - Vectrex/Named_Boxarts/Cosmic Chasm (World).png</thumbnail><marquee>~/../thumbs/GCE - Vectrex/Named_Logos/Cosmic Chasm (World).png</marquee></game>
<game><path>./GCE Vectrex NoIntro/Dark Tower (USA) (Proto).zip</path><name>Dark Tower (USA) (Proto)</name><image>~/../thumbs/GCE - Vectrex/Named_Snaps/Dark Tower (USA) (Proto).png</image><titleshot>~/../thumbs/GCE - Vectrex/Named_Titles/Dark Tower (USA) (Proto).png</titleshot><thumbnail>~/../thumbs/GCE - Vectrex/Named_Boxarts/Dark Tower (USA) (Proto).png</thumbnail><marquee>~/../thumbs/GCE - Vectrex/Named_Logos/Dark Tower (USA) (Proto).png</marquee></game>
<game><path>./GCE Vectrex NoIntro/Engine Analyzer (USA) (Proto).zip</path><name>Engine Analyzer (USA) (Proto)</name><image>~/../thumbs/GCE - Vectrex/Named_Snaps/Engine Analyzer (USA) (Proto).png</image><titleshot>~/../thumbs/GCE - Vectrex/Named_Titles/Engine Analyzer (USA) (Proto).png</titleshot><thumbnail>~/../thumbs/GCE - Vectrex/Named_Boxarts/Engine Analyzer (USA) (Proto).png</thumbnail><marquee>~/../thumbs/GCE - Vectrex/Named_Logos/Engine Analyzer (USA) (Proto).png</marquee></game>
<game><path>./GCE Vectrex NoIntro/Fortress of Narzod (USA, Europe).zip</path><name>Fortress of Narzod (USA, Europe)</name><image>~/../thumbs/GCE - Vectrex/Named_Snaps/Fortress of Narzod (USA, Europe).png</image><titleshot>~/../thumbs/GCE - Vectrex/Named_Titles/Fortress of Narzod (USA, Europe).png</titleshot><thumbnail>~/../thumbs/GCE - Vectrex/Named_Boxarts/Fortress of Narzod (USA, Europe).png</thumbnail><marquee>~/../thumbs/GCE - Vectrex/Named_Logos/Fortress of Narzod (USA, Europe).png</marquee></game>
<game><path>./GCE Vectrex NoIntro/Heads-Up - Action Soccer (World).zip</path><name>Heads-Up - Action Soccer (World)</name><image>~/../thumbs/GCE - Vectrex/Named_Snaps/Heads-Up - Action Soccer (World).png</image><titleshot>~/../thumbs/GCE - Vectrex/Named_Titles/Heads-Up - Action Soccer (World).png</titleshot><thumbnail>~/../thumbs/GCE - Vectrex/Named_Boxarts/Heads-Up - Action Soccer (World).png</thumbnail><marquee>~/../thumbs/GCE - Vectrex/Named_Logos/Heads-Up - Action Soccer (World).png</marquee></game>
<game><path>./GCE Vectrex NoIntro/HyperChase - Auto Race (World).zip</path><name>HyperChase - Auto Race (World)</name><image>~/../thumbs/GCE - Vectrex/Named_Snaps/HyperChase - Auto Race (World).png</image><titleshot>~/../thumbs/GCE - Vectrex/Named_Titles/HyperChase - Auto Race (World).png</titleshot><thumbnail>~/../thumbs/GCE - Vectrex/Named_Boxarts/HyperChase - Auto Race (World).png</thumbnail><marquee>~/../thumbs/GCE - Vectrex/Named_Logos/HyperChase - Auto Race (World).png</marquee></game>
<game><path>./GCE Vectrex NoIntro/Mail Plane (USA) (Proto) (05838962).zip</path><name>Mail Plane (USA) (Proto) (05838962)</name><image>~/../thumbs/GCE - Vectrex/Named_Snaps/Mail Plane (USA) (Proto) (05838962).png</image><titleshot>~/../thumbs/GCE - Vectrex/Named_Titles/Mail Plane (USA) (Proto) (05838962).png</titleshot><thumbnail>~/../thumbs/GCE - Vectrex/Named_Boxarts/Mail Plane (USA) (Proto) (05838962).png</thumbnail><marquee>~/../thumbs/GCE - Vectrex/Named_Logos/Mail Plane (USA) (Proto) (05838962).png</marquee></game>
<game><path>./GCE Vectrex NoIntro/Mail Plane (USA) (Proto) (DA1AC0DB).zip</path><name>Mail Plane (USA) (Proto) (DA1AC0DB)</name><image>~/../thumbs/GCE - Vectrex/Named_Snaps/Mail Plane (USA) (Proto) (DA1AC0DB).png</image><titleshot>~/../thumbs/GCE - Vectrex/Named_Titles/Mail Plane (USA) (Proto) (DA1AC0DB).png</titleshot><thumbnail>~/../thumbs/GCE - Vectrex/Named_Boxarts/Mail Plane (USA) (Proto) (DA1AC0DB).png</thumbnail><marquee>~/../thumbs/GCE - Vectrex/Named_Logos/Mail Plane (USA) (Proto) (DA1AC0DB).png</marquee></game>
<game><path>./GCE Vectrex NoIntro/Melody Master - Music Composition and Entertainment (USA).zip</path><name>Melody Master - Music Composition and Entertainment (USA)</name><image>~/../thumbs/GCE - Vectrex/Named_Snaps/Melody Master - Music Composition and Entertainment (USA).png</image><titleshot>~/../thumbs/GCE - Vectrex/Named_Titles/Melody Master - Music Composition and Entertainment (USA).png</titleshot><thumbnail>~/../thumbs/GCE - Vectrex/Named_Boxarts/Melody Master - Music Composition and Entertainment (USA).png</thumbnail><marquee>~/../thumbs/GCE - Vectrex/Named_Logos/Melody Master - Music Composition and Entertainment (USA).png</marquee></game>
<game><path>./GCE Vectrex NoIntro/Mine Storm (World).zip</path><name>Mine Storm (World)</name><image>~/../thumbs/GCE - Vectrex/Named_Snaps/Mine Storm (World).png</image><titleshot>~/../thumbs/GCE - Vectrex/Named_Titles/Mine Storm (World).png</titleshot><thumbnail>~/../thumbs/GCE - Vectrex/Named_Boxarts/Mine Storm (World).png</thumbnail><marquee>~/../thumbs/GCE - Vectrex/Named_Logos/Mine Storm (World).png</marquee></game>
<game><path>./GCE Vectrex NoIntro/Mine Storm II (USA) (Rev 2).zip</path><name>Mine Storm II (USA) (Rev 2)</name><image>~/../thumbs/GCE - Vectrex/Named_Snaps/Mine Storm II (USA) (Rev 2).png</image><titleshot>~/../thumbs/GCE - Vectrex/Named_Titles/Mine Storm II (USA) (Rev 2).png</titleshot><thumbnail>~/../thumbs/GCE - Vectrex/Named_Boxarts/Mine Storm II (USA) (Rev 2).png</thumbnail><marquee>~/../thumbs/GCE - Vectrex/Named_Logos/Mine Storm II (USA) (Rev 2).png</marquee></game>
<game><path>./GCE Vectrex NoIntro/Mr. Boston Clean Sweep (Europe).zip</path><name>Mr. Boston Clean Sweep (Europe)</name><image>~/../thumbs/GCE - Vectrex/Named_Snaps/Mr. Boston Clean Sweep (Europe).png</image><titleshot>~/../thumbs/GCE - Vectrex/Named_Titles/Mr. Boston Clean Sweep (Europe).png</titleshot><thumbnail>~/../thumbs/GCE - Vectrex/Named_Boxarts/Mr. Boston Clean Sweep (Europe).png</thumbnail><marquee>~/../thumbs/GCE - Vectrex/Named_Logos/Mr. Boston Clean Sweep (Europe).png</marquee></game>
<game><path>./GCE Vectrex NoIntro/Pitcher's Duel (USA) (Proto).zip</path><name>Pitcher's Duel (USA) (Proto)</name><image>~/../thumbs/GCE - Vectrex/Named_Snaps/Pitcher's Duel (USA) (Proto).png</image><titleshot>~/../thumbs/GCE - Vectrex/Named_Titles/Pitcher's Duel (USA) (Proto).png</titleshot><thumbnail>~/../thumbs/GCE - Vectrex/Named_Boxarts/Pitcher's Duel (USA) (Proto).png</thumbnail><marquee>~/../thumbs/GCE - Vectrex/Named_Logos/Pitcher's Duel (USA) (Proto).png</marquee></game>
<game><path>./GCE Vectrex NoIntro/Polar Rescue (USA) (Beta).zip</path><name>Polar Rescue (USA) (Beta)</name><image>~/../thumbs/GCE - Vectrex/Named_Snaps/Polar Rescue (USA) (Beta).png</image><titleshot>~/../thumbs/GCE - Vectrex/Named_Titles/Polar Rescue (USA) (Beta).png</titleshot><thumbnail>~/../thumbs/GCE - Vectrex/Named_Boxarts/Polar Rescue (USA) (Beta).png</thumbnail><marquee>~/../thumbs/GCE - Vectrex/Named_Logos/Polar Rescue (USA) (Beta).png</marquee><hidden>true</hidden></game>
<game><path>./GCE Vectrex NoIntro/Polar Rescue (USA).zip</path><name>Polar Rescue (USA)</name><image>~/../thumbs/GCE - Vectrex/Named_Snaps/Polar Rescue (USA).png</image><titleshot>~/../thumbs/GCE - Vectrex/Named_Titles/Polar Rescue (USA).png</titleshot><thumbnail>~/../thumbs/GCE - Vectrex/Named_Boxarts/Polar Rescue (USA).png</thumbnail><marquee>~/../thumbs/GCE - Vectrex/Named_Logos/Polar Rescue (USA).png</marquee></game>
<game><path>./GCE Vectrex NoIntro/Pole Position (USA) (Alt).zip</path><name>Pole Position (USA) (Alt)</name><image>~/../thumbs/GCE - Vectrex/Named_Snaps/Pole Position (USA) (Alt).png</image><titleshot>~/../thumbs/GCE - Vectrex/Named_Titles/Pole Position (USA) (Alt).png</titleshot><thumbnail>~/../thumbs/GCE - Vectrex/Named_Boxarts/Pole Position (USA) (Alt).png</thumbnail><marquee>~/../thumbs/GCE - Vectrex/Named_Logos/Pole Position (USA) (Alt).png</marquee><hidden>true</hidden></game>
<game><path>./GCE Vectrex NoIntro/Pole Position (USA).zip</path><name>Pole Position (USA)</name><image>~/../thumbs/GCE - Vectrex/Named_Snaps/Pole Position (USA).png</image><titleshot>~/../thumbs/GCE - Vectrex/Named_Titles/Pole Position (USA).png</titleshot><thumbnail>~/../thumbs/GCE - Vectrex/Named_Boxarts/Pole Position (USA).png</thumbnail><marquee>~/../thumbs/GCE - Vectrex/Named_Logos/Pole Position (USA).png</marquee></game>
<game><path>./GCE Vectrex NoIntro/RA+A Spectrum I+ Stress Tester (USA) (Proto).zip</path><name>RA+A Spectrum I+ Stress Tester (USA) (Proto)</name><image>~/../thumbs/GCE - Vectrex/Named_Snaps/RA+A Spectrum I+ Stress Tester (USA) (Proto).png</image><titleshot>~/../thumbs/GCE - Vectrex/Named_Titles/RA+A Spectrum I+ Stress Tester (USA) (Proto).png</titleshot><thumbnail>~/../thumbs/GCE - Vectrex/Named_Boxarts/RA+A Spectrum I+ Stress Tester (USA) (Proto).png</thumbnail><marquee>~/../thumbs/GCE - Vectrex/Named_Logos/RA+A Spectrum I+ Stress Tester (USA) (Proto).png</marquee></game>
<game><path>./GCE Vectrex NoIntro/Rip Off (World).zip</path><name>Rip Off (World)</name><image>~/../thumbs/GCE - Vectrex/Named_Snaps/Rip Off (World).png</image><titleshot>~/../thumbs/GCE - Vectrex/Named_Titles/Rip Off (World).png</titleshot><thumbnail>~/../thumbs/GCE - Vectrex/Named_Boxarts/Rip Off (World).png</thumbnail><marquee>~/../thumbs/GCE - Vectrex/Named_Logos/Rip Off (World).png</marquee></game>
<game><path>./GCE Vectrex NoIntro/Scramble (USA, Europe).zip</path><name>Scramble (USA, Europe)</name><image>~/../thumbs/GCE - Vectrex/Named_Snaps/Scramble (USA, Europe).png</image><titleshot>~/../thumbs/GCE - Vectrex/Named_Titles/Scramble (USA, Europe).png</titleshot><thumbnail>~/../thumbs/GCE - Vectrex/Named_Boxarts/Scramble (USA, Europe).png</thumbnail><marquee>~/../thumbs/GCE - Vectrex/Named_Logos/Scramble (USA, Europe).png</marquee></game>
<game><path>./GCE Vectrex NoIntro/Sledge 3D (USA) (Sample).zip</path><name>Sledge 3D (USA) (Sample)</name><image>~/../thumbs/GCE - Vectrex/Named_Snaps/Sledge 3D (USA) (Sample).png</image><titleshot>~/../thumbs/GCE - Vectrex/Named_Titles/Sledge 3D (USA) (Sample).png</titleshot><thumbnail>~/../thumbs/GCE - Vectrex/Named_Boxarts/Sledge 3D (USA) (Sample).png</thumbnail><marquee>~/../thumbs/GCE - Vectrex/Named_Logos/Sledge 3D (USA) (Sample).png</marquee></game>
<game><path>./GCE Vectrex NoIntro/Solar Quest (World).zip</path><name>Solar Quest (World)</name><image>~/../thumbs/GCE - Vectrex/Named_Snaps/Solar Quest (World).png</image><titleshot>~/../thumbs/GCE - Vectrex/Named_Titles/Solar Quest (World).png</titleshot><thumbnail>~/../thumbs/GCE - Vectrex/Named_Boxarts/Solar Quest (World).png</thumbnail><marquee>~/../thumbs/GCE - Vectrex/Named_Logos/Solar Quest (World).png</marquee></game>
<game><path>./GCE Vectrex NoIntro/Space Wars (World).zip</path><name>Space Wars (World)</name><image>~/../thumbs/GCE - Vectrex/Named_Snaps/Space Wars (World).png</image><titleshot>~/../thumbs/GCE - Vectrex/Named_Titles/Space Wars (World).png</titleshot><thumbnail>~/../thumbs/GCE - Vectrex/Named_Boxarts/Space Wars (World).png</thumbnail><marquee>~/../thumbs/GCE - Vectrex/Named_Logos/Space Wars (World).png</marquee></game>
<game><path>./GCE Vectrex NoIntro/Spike (USA, Europe).zip</path><name>Spike (USA, Europe)</name><image>~/../thumbs/GCE - Vectrex/Named_Snaps/Spike (USA, Europe).png</image><titleshot>~/../thumbs/GCE - Vectrex/Named_Titles/Spike (USA, Europe).png</titleshot><thumbnail>~/../thumbs/GCE - Vectrex/Named_Boxarts/Spike (USA, Europe).png</thumbnail><marquee>~/../thumbs/GCE - Vectrex/Named_Logos/Spike (USA, Europe).png</marquee></game>
<game><path>./GCE Vectrex NoIntro/Spinball (USA).zip</path><name>Spinball (USA)</name><image>~/../thumbs/GCE - Vectrex/Named_Snaps/Spinball (USA).png</image><titleshot>~/../thumbs/GCE - Vectrex/Named_Titles/Spinball (USA).png</titleshot><thumbnail>~/../thumbs/GCE - Vectrex/Named_Boxarts/Spinball (USA).png</thumbnail><marquee>~/../thumbs/GCE - Vectrex/Named_Logos/Spinball (USA).png</marquee></game>
<game><path>./GCE Vectrex NoIntro/Star Castle (USA).zip</path><name>Star Castle (USA)</name><image>~/../thumbs/GCE - Vectrex/Named_Snaps/Star Castle (USA).png</image><titleshot>~/../thumbs/GCE - Vectrex/Named_Titles/Star Castle (USA).png</titleshot><thumbnail>~/../thumbs/GCE - Vectrex/Named_Boxarts/Star Castle (USA).png</thumbnail><marquee>~/../thumbs/GCE - Vectrex/Named_Logos/Star Castle (USA).png</marquee></game>
<game><path>./GCE Vectrex NoIntro/Star Ship (Europe).zip</path><name>Star Ship (Europe)</name><image>~/../thumbs/GCE - Vectrex/Named_Snaps/Star Ship (Europe).png</image><titleshot>~/../thumbs/GCE - Vectrex/Named_Titles/Star Ship (Europe).png</titleshot><thumbnail>~/../thumbs/GCE - Vectrex/Named_Boxarts/Star Ship (Europe).png</thumbnail><marquee>~/../thumbs/GCE - Vectrex/Named_Logos/Star Ship (Europe).png</marquee></game>
<game><path>./GCE Vectrex NoIntro/Star Trek - The Motion Picture (USA).zip</path><name>Star Trek - The Motion Picture (USA)</name><image>~/../thumbs/GCE - Vectrex/Named_Snaps/Star Trek - The Motion Picture (USA).png</image><titleshot>~/../thumbs/GCE - Vectrex/Named_Titles/Star Trek - The Motion Picture (USA).png</titleshot><thumbnail>~/../thumbs/GCE - Vectrex/Named_Boxarts/Star Trek - The Motion Picture (USA).png</thumbnail><marquee>~/../thumbs/GCE - Vectrex/Named_Logos/Star Trek - The Motion Picture (USA).png</marquee></game>
<game><path>./GCE Vectrex NoIntro/StarHawk (World).zip</path><name>StarHawk (World)</name><image>~/../thumbs/GCE - Vectrex/Named_Snaps/StarHawk (World).png</image><titleshot>~/../thumbs/GCE - Vectrex/Named_Titles/StarHawk (World).png</titleshot><thumbnail>~/../thumbs/GCE - Vectrex/Named_Boxarts/StarHawk (World).png</thumbnail><marquee>~/../thumbs/GCE - Vectrex/Named_Logos/StarHawk (World).png</marquee></game>
<game><path>./GCE Vectrex NoIntro/Test Cartridge (USA) (Rev 4) (Proto).zip</path><name>Test Cartridge (USA) (Rev 4) (Proto)</name><image>~/../thumbs/GCE - Vectrex/Named_Snaps/Test Cartridge (USA) (Rev 4) (Proto).png</image><titleshot>~/../thumbs/GCE - Vectrex/Named_Titles/Test Cartridge (USA) (Rev 4) (Proto).png</titleshot><thumbnail>~/../thumbs/GCE - Vectrex/Named_Boxarts/Test Cartridge (USA) (Rev 4) (Proto).png</thumbnail><marquee>~/../thumbs/GCE - Vectrex/Named_Logos/Test Cartridge (USA) (Rev 4) (Proto).png</marquee></game>
<game><path>./GCE Vectrex NoIntro/Tour De France (USA) (Proto).zip</path><name>Tour De France (USA) (Proto)</name><image>~/../thumbs/GCE - Vectrex/Named_Snaps/Tour De France (USA) (Proto).png</image><titleshot>~/../thumbs/GCE - Vectrex/Named_Titles/Tour De France (USA) (Proto).png</titleshot><thumbnail>~/../thumbs/GCE - Vectrex/Named_Boxarts/Tour De France (USA) (Proto).png</thumbnail><marquee>~/../thumbs/GCE - Vectrex/Named_Logos/Tour De France (USA) (Proto).png</marquee></game>
<game><path>./GCE Vectrex NoIntro/WebWarp (Europe).zip</path><name>WebWarp (Europe)</name><image>~/../thumbs/GCE - Vectrex/Named_Snaps/WebWarp (Europe).png</image><titleshot>~/../thumbs/GCE - Vectrex/Named_Titles/WebWarp (Europe).png</titleshot><thumbnail>~/../thumbs/GCE - Vectrex/Named_Boxarts/WebWarp (Europe).png</thumbnail><marquee>~/../thumbs/GCE - Vectrex/Named_Logos/WebWarp (Europe).png</marquee></game>
<game><path>./GCE Vectrex NoIntro/WebWars (USA).zip</path><name>WebWars (USA)</name><image>~/../thumbs/GCE - Vectrex/Named_Snaps/WebWars (USA).png</image><titleshot>~/../thumbs/GCE - Vectrex/Named_Titles/WebWars (USA).png</titleshot><thumbnail>~/../thumbs/GCE - Vectrex/Named_Boxarts/WebWars (USA).png</thumbnail><marquee>~/../thumbs/GCE - Vectrex/Named_Logos/WebWars (USA).png</marquee></game>
<game><path>./GCE Vectrex NoIntro/[BIOS] GCE Vectrex (World).zip</path><name>[BIOS] GCE Vectrex (World)</name><image>~/../thumbs/GCE - Vectrex/Named_Snaps/[BIOS] GCE Vectrex (World).png</image><titleshot>~/../thumbs/GCE - Vectrex/Named_Titles/[BIOS] GCE Vectrex (World).png</titleshot><thumbnail>~/../thumbs/GCE - Vectrex/Named_Boxarts/[BIOS] GCE Vectrex (World).png</thumbnail><marquee>~/../thumbs/GCE - Vectrex/Named_Logos/[BIOS] GCE Vectrex (World).png</marquee><hidden>true</hidden></game>
<folder><path>./GCE Vectrex NoIntro</path><name>GCE Vectrex NoIntro</name><image>~/../thumb/vectrex.png</image></folder>
<game><path>./GCE Vectrex TOSEC//home/runner/rom/TOSEC/GCE/Vectrex/Games/GCE Vectrex - Games.zip</path><name>/home/runner/rom/TOSEC/GCE/Vectrex/Games/GCE Vectrex - Games</name><image>~/../thumbs/GCE - Vectrex/Named_Snaps//home/runner/rom/TOSEC/GCE/Vectrex/Games/GCE Vectrex - Games.png</image><titleshot>~/../thumbs/GCE - Vectrex/Named_Titles//home/runner/rom/TOSEC/GCE/Vectrex/Games/GCE Vectrex - Games.png</titleshot><thumbnail>~/../thumbs/GCE - Vectrex/Named_Boxarts//home/runner/rom/TOSEC/GCE/Vectrex/Games/GCE Vectrex - Games.png</thumbnail><marquee>~/../thumbs/GCE - Vectrex/Named_Logos//home/runner/rom/TOSEC/GCE/Vectrex/Games/GCE Vectrex - Games.png</marquee></game>
<folder><path>./GCE Vectrex TOSEC</path><name>GCE Vectrex TOSEC</name><image>~/../thumb/vectrex.png</image></folder>
</gameList>
