<gameList>
<game><path>./Amstrad GX4000 TOSEC//home/runner/rom/TOSEC/Amstrad/GX4000/Games/Amstrad GX4000 - Games.zip</path><name>/home/runner/rom/TOSEC/Amstrad/GX4000/Games/Amstrad GX4000 - Games</name><image>~/../thumbs/Amstrad - GX4000/Named_Snaps//home/runner/rom/TOSEC/Amstrad/GX4000/Games/Amstrad GX4000 - Games.png</image><titleshot>~/../thumbs/Amstrad - GX4000/Named_Titles//home/runner/rom/TOSEC/Amstrad/GX4000/Games/Amstrad GX4000 - Games.png</titleshot><thumbnail>~/../thumbs/Amstrad - GX4000/Named_Boxarts//home/runner/rom/TOSEC/Amstrad/GX4000/Games/Amstrad GX4000 - Games.png</thumbnail><marquee>~/../thumbs/Amstrad - GX4000/Named_Logos//home/runner/rom/TOSEC/Amstrad/GX4000/Games/Amstrad GX4000 - Games.png</marquee></game>
<folder><path>./Amstrad GX4000 TOSEC</path><name>Amstrad GX4000 TOSEC</name><image>~/../thumb/gx4000.png</image></folder>
</gameList>
