<gameList>
<game><path>./Merged/concpm86.zip</path><name>concpm86</name><image>~/../thumbs/MAME/Named_Snaps/concpm86.png</image></game>
<game><path>./Merged/cpm8011.zip</path><name>cpm8011</name><image>~/../thumbs/MAME/Named_Snaps/cpm8011.png</image></game>
<game><path>./Merged/cpm8021.zip</path><name>cpm8021</name><image>~/../thumbs/MAME/Named_Snaps/cpm8021.png</image></game>
<game><path>./Merged/decnet.zip</path><name>decnet</name><image>~/../thumbs/MAME/Named_Snaps/decnet.png</image></game>
<game><path>./Merged/diagn.zip</path><name>diagn</name><image>~/../thumbs/MAME/Named_Snaps/diagn.png</image></game>
<game><path>./Merged/diagnb2.zip</path><name>diagnb2</name><image>~/../thumbs/MAME/Named_Snaps/diagnb2.png</image></game>
<game><path>./Merged/dmtd.zip</path><name>dmtd</name><image>~/../thumbs/MAME/Named_Snaps/dmtd.png</image></game>
<game><path>./Merged/grapdiag.zip</path><name>grapdiag</name><image>~/../thumbs/MAME/Named_Snaps/grapdiag.png</image></game>
<game><path>./Merged/gsx86.zip</path><name>gsx86</name><image>~/../thumbs/MAME/Named_Snaps/gsx86.png</image></game>
<game><path>./Merged/lrn100.zip</path><name>lrn100</name><image>~/../thumbs/MAME/Named_Snaps/lrn100.png</image></game>
<game><path>./Merged/mbasic86.zip</path><name>mbasic86</name><image>~/../thumbs/MAME/Named_Snaps/mbasic86.png</image></game>
<game><path>./Merged/memdiag.zip</path><name>memdiag</name><image>~/../thumbs/MAME/Named_Snaps/memdiag.png</image></game>
<game><path>./Merged/msdos201.zip</path><name>msdos201</name><image>~/../thumbs/MAME/Named_Snaps/msdos201.png</image></game>
<game><path>./Merged/msdos211.zip</path><name>msdos211</name><image>~/../thumbs/MAME/Named_Snaps/msdos211.png</image></game>
<game><path>./Merged/msdos31b.zip</path><name>msdos31b</name><image>~/../thumbs/MAME/Named_Snaps/msdos31b.png</image></game>
<game><path>./Merged/psystem.zip</path><name>psystem</name><image>~/../thumbs/MAME/Named_Snaps/psystem.png</image></game>
<game><path>./Merged/sysover.zip</path><name>sysover</name><image>~/../thumbs/MAME/Named_Snaps/sysover.png</image></game>
<game><path>./Merged/wp4.zip</path><name>wp4</name><image>~/../thumbs/MAME/Named_Snaps/wp4.png</image></game>
<folder><path>./Merged</path><name>Merged</name><image>~/../thumb/rainbow.png</image></folder>
<game><path>./Split/concpm86.zip</path><name>concpm86</name><image>~/../thumbs/MAME/Named_Snaps/concpm86.png</image></game>
<game><path>./Split/cpm8011.zip</path><name>cpm8011</name><image>~/../thumbs/MAME/Named_Snaps/cpm8011.png</image></game>
<game><path>./Split/cpm8021.zip</path><name>cpm8021</name><image>~/../thumbs/MAME/Named_Snaps/cpm8021.png</image></game>
<game><path>./Split/decnet.zip</path><name>decnet</name><image>~/../thumbs/MAME/Named_Snaps/decnet.png</image></game>
<game><path>./Split/diagn.zip</path><name>diagn</name><image>~/../thumbs/MAME/Named_Snaps/diagn.png</image></game>
<game><path>./Split/diagnb2.zip</path><name>diagnb2</name><image>~/../thumbs/MAME/Named_Snaps/diagnb2.png</image></game>
<game><path>./Split/dmtd.zip</path><name>dmtd</name><image>~/../thumbs/MAME/Named_Snaps/dmtd.png</image></game>
<game><path>./Split/grapdiag.zip</path><name>grapdiag</name><image>~/../thumbs/MAME/Named_Snaps/grapdiag.png</image></game>
<game><path>./Split/gsx86.zip</path><name>gsx86</name><image>~/../thumbs/MAME/Named_Snaps/gsx86.png</image></game>
<game><path>./Split/lrn100.zip</path><name>lrn100</name><image>~/../thumbs/MAME/Named_Snaps/lrn100.png</image></game>
<game><path>./Split/mbasic86.zip</path><name>mbasic86</name><image>~/../thumbs/MAME/Named_Snaps/mbasic86.png</image></game>
<game><path>./Split/memdiag.zip</path><name>memdiag</name><image>~/../thumbs/MAME/Named_Snaps/memdiag.png</image></game>
<game><path>./Split/msdos201.zip</path><name>msdos201</name><image>~/../thumbs/MAME/Named_Snaps/msdos201.png</image></game>
<game><path>./Split/msdos211.zip</path><name>msdos211</name><image>~/../thumbs/MAME/Named_Snaps/msdos211.png</image></game>
<game><path>./Split/msdos31b.zip</path><name>msdos31b</name><image>~/../thumbs/MAME/Named_Snaps/msdos31b.png</image></game>
<game><path>./Split/psystem.zip</path><name>psystem</name><image>~/../thumbs/MAME/Named_Snaps/psystem.png</image></game>
<game><path>./Split/sysover.zip</path><name>sysover</name><image>~/../thumbs/MAME/Named_Snaps/sysover.png</image></game>
<game><path>./Split/wp4.zip</path><name>wp4</name><image>~/../thumbs/MAME/Named_Snaps/wp4.png</image></game>
<folder><path>./Split</path><name>Split</name><image>~/../thumb/rainbow.png</image></folder>
</gameList>
