<gameList>
<game><path>./Atari 7800 NoIntro/32 in 1 (Australia).zip</path><name>32 in 1 (Australia)</name><image>~/../thumbs/Atari - 7800/Named_Snaps/32 in 1 (Australia).png</image><titleshot>~/../thumbs/Atari - 7800/Named_Titles/32 in 1 (Australia).png</titleshot><thumbnail>~/../thumbs/Atari - 7800/Named_Boxarts/32 in 1 (Australia).png</thumbnail><marquee>~/../thumbs/Atari - 7800/Named_Logos/32 in 1 (Australia).png</marquee></game>
<game><path>./Atari 7800 NoIntro/7800 Monitor Cart (USA) (Program) (Unl).zip</path><name>7800 Monitor Cart (USA) (Program) (Unl)</name><image>~/../thumbs/Atari - 7800/Named_Snaps/7800 Monitor Cart (USA) (Program) (Unl).png</image><titleshot>~/../thumbs/Atari - 7800/Named_Titles/7800 Monitor Cart (USA) (Program) (Unl).png</titleshot><thumbnail>~/../thumbs/Atari - 7800/Named_Boxarts/7800 Monitor Cart (USA) (Program) (Unl).png</thumbnail><marquee>~/../thumbs/Atari - 7800/Named_Logos/7800 Monitor Cart (USA) (Program) (Unl).png</marquee><hidden>true</hidden></game>
<game><path>./Atari 7800 NoIntro/Ace of Aces (Europe).zip</path><name>Ace of Aces (Europe)</name><image>~/../thumbs/Atari - 7800/Named_Snaps/Ace of Aces (Europe).png</image><titleshot>~/../thumbs/Atari - 7800/Named_Titles/Ace of Aces (Europe).png</titleshot><thumbnail>~/../thumbs/Atari - 7800/Named_Boxarts/Ace of Aces (Europe).png</thumbnail><marquee>~/../thumbs/Atari - 7800/Named_Logos/Ace of Aces (Europe).png</marquee></game>
<game><path>./Atari 7800 NoIntro/Ace of Aces (USA).zip</path><name>Ace of Aces (USA)</name><image>~/../thumbs/Atari - 7800/Named_Snaps/Ace of Aces (USA).png</image><titleshot>~/../thumbs/Atari - 7800/Named_Titles/Ace of Aces (USA).png</titleshot><thumbnail>~/../thumbs/Atari - 7800/Named_Boxarts/Ace of Aces (USA).png</thumbnail><marquee>~/../thumbs/Atari - 7800/Named_Logos/Ace of Aces (USA).png</marquee></game>
<game><path>./Atari 7800 NoIntro/Alien Brigade (Europe).zip</path><name>Alien Brigade (Europe)</name><image>~/../thumbs/Atari - 7800/Named_Snaps/Alien Brigade (Europe).png</image><titleshot>~/../thumbs/Atari - 7800/Named_Titles/Alien Brigade (Europe).png</titleshot><thumbnail>~/../thumbs/Atari - 7800/Named_Boxarts/Alien Brigade (Europe).png</thumbnail><marquee>~/../thumbs/Atari - 7800/Named_Logos/Alien Brigade (Europe).png</marquee></game>
<game><path>./Atari 7800 NoIntro/Alien Brigade (USA).zip</path><name>Alien Brigade (USA)</name><image>~/../thumbs/Atari - 7800/Named_Snaps/Alien Brigade (USA).png</image><titleshot>~/../thumbs/Atari - 7800/Named_Titles/Alien Brigade (USA).png</titleshot><thumbnail>~/../thumbs/Atari - 7800/Named_Boxarts/Alien Brigade (USA).png</thumbnail><marquee>~/../thumbs/Atari - 7800/Named_Logos/Alien Brigade (USA).png</marquee></game>
<game><path>./Atari 7800 NoIntro/Asteroids (USA) (Beta).zip</path><name>Asteroids (USA) (Beta)</name><image>~/../thumbs/Atari - 7800/Named_Snaps/Asteroids (USA) (Beta).png</image><titleshot>~/../thumbs/Atari - 7800/Named_Titles/Asteroids (USA) (Beta).png</titleshot><thumbnail>~/../thumbs/Atari - 7800/Named_Boxarts/Asteroids (USA) (Beta).png</thumbnail><marquee>~/../thumbs/Atari - 7800/Named_Logos/Asteroids (USA) (Beta).png</marquee><hidden>true</hidden></game>
<game><path>./Atari 7800 NoIntro/Asteroids (USA).zip</path><name>Asteroids (USA)</name><image>~/../thumbs/Atari - 7800/Named_Snaps/Asteroids (USA).png</image><titleshot>~/../thumbs/Atari - 7800/Named_Titles/Asteroids (USA).png</titleshot><thumbnail>~/../thumbs/Atari - 7800/Named_Boxarts/Asteroids (USA).png</thumbnail><marquee>~/../thumbs/Atari - 7800/Named_Logos/Asteroids (USA).png</marquee></game>
<game><path>./Atari 7800 NoIntro/Atari 7800 Development Card (USA).zip</path><name>Atari 7800 Development Card (USA)</name><image>~/../thumbs/Atari - 7800/Named_Snaps/Atari 7800 Development Card (USA).png</image><titleshot>~/../thumbs/Atari - 7800/Named_Titles/Atari 7800 Development Card (USA).png</titleshot><thumbnail>~/../thumbs/Atari - 7800/Named_Boxarts/Atari 7800 Development Card (USA).png</thumbnail><marquee>~/../thumbs/Atari - 7800/Named_Logos/Atari 7800 Development Card (USA).png</marquee></game>
<game><path>./Atari 7800 NoIntro/Attack of the PETSCII Robots (World) (Demo) (Aftermarket) (Unl).zip</path><name>Attack of the PETSCII Robots (World) (Demo) (Aftermarket) (Unl)</name><image>~/../thumbs/Atari - 7800/Named_Snaps/Attack of the PETSCII Robots (World) (Demo) (Aftermarket) (Unl).png</image><titleshot>~/../thumbs/Atari - 7800/Named_Titles/Attack of the PETSCII Robots (World) (Demo) (Aftermarket) (Unl).png</titleshot><thumbnail>~/../thumbs/Atari - 7800/Named_Boxarts/Attack of the PETSCII Robots (World) (Demo) (Aftermarket) (Unl).png</thumbnail><marquee>~/../thumbs/Atari - 7800/Named_Logos/Attack of the PETSCII Robots (World) (Demo) (Aftermarket) (Unl).png</marquee><hidden>true</hidden></game>
<game><path>./Atari 7800 NoIntro/Ballblazer (Europe).zip</path><name>Ballblazer (Europe)</name><image>~/../thumbs/Atari - 7800/Named_Snaps/Ballblazer (Europe).png</image><titleshot>~/../thumbs/Atari - 7800/Named_Titles/Ballblazer (Europe).png</titleshot><thumbnail>~/../thumbs/Atari - 7800/Named_Boxarts/Ballblazer (Europe).png</thumbnail><marquee>~/../thumbs/Atari - 7800/Named_Logos/Ballblazer (Europe).png</marquee></game>
<game><path>./Atari 7800 NoIntro/Ballblazer (USA).zip</path><name>Ballblazer (USA)</name><image>~/../thumbs/Atari - 7800/Named_Snaps/Ballblazer (USA).png</image><titleshot>~/../thumbs/Atari - 7800/Named_Titles/Ballblazer (USA).png</titleshot><thumbnail>~/../thumbs/Atari - 7800/Named_Boxarts/Ballblazer (USA).png</thumbnail><marquee>~/../thumbs/Atari - 7800/Named_Logos/Ballblazer (USA).png</marquee></game>
<game><path>./Atari 7800 NoIntro/Barnyard Blaster (Europe).zip</path><name>Barnyard Blaster (Europe)</name><image>~/../thumbs/Atari - 7800/Named_Snaps/Barnyard Blaster (Europe).png</image><titleshot>~/../thumbs/Atari - 7800/Named_Titles/Barnyard Blaster (Europe).png</titleshot><thumbnail>~/../thumbs/Atari - 7800/Named_Boxarts/Barnyard Blaster (Europe).png</thumbnail><marquee>~/../thumbs/Atari - 7800/Named_Logos/Barnyard Blaster (Europe).png</marquee></game>
<game><path>./Atari 7800 NoIntro/Barnyard Blaster (USA).zip</path><name>Barnyard Blaster (USA)</name><image>~/../thumbs/Atari - 7800/Named_Snaps/Barnyard Blaster (USA).png</image><titleshot>~/../thumbs/Atari - 7800/Named_Titles/Barnyard Blaster (USA).png</titleshot><thumbnail>~/../thumbs/Atari - 7800/Named_Boxarts/Barnyard Blaster (USA).png</thumbnail><marquee>~/../thumbs/Atari - 7800/Named_Logos/Barnyard Blaster (USA).png</marquee></game>
<game><path>./Atari 7800 NoIntro/Baseball (Europe).zip</path><name>Baseball (Europe)</name><image>~/../thumbs/Atari - 7800/Named_Snaps/Baseball (Europe).png</image><titleshot>~/../thumbs/Atari - 7800/Named_Titles/Baseball (Europe).png</titleshot><thumbnail>~/../thumbs/Atari - 7800/Named_Boxarts/Baseball (Europe).png</thumbnail><marquee>~/../thumbs/Atari - 7800/Named_Logos/Baseball (Europe).png</marquee></game>
<game><path>./Atari 7800 NoIntro/Basketbrawl (Europe).zip</path><name>Basketbrawl (Europe)</name><image>~/../thumbs/Atari - 7800/Named_Snaps/Basketbrawl (Europe).png</image><titleshot>~/../thumbs/Atari - 7800/Named_Titles/Basketbrawl (Europe).png</titleshot><thumbnail>~/../thumbs/Atari - 7800/Named_Boxarts/Basketbrawl (Europe).png</thumbnail><marquee>~/../thumbs/Atari - 7800/Named_Logos/Basketbrawl (Europe).png</marquee></game>
<game><path>./Atari 7800 NoIntro/Basketbrawl (USA).zip</path><name>Basketbrawl (USA)</name><image>~/../thumbs/Atari - 7800/Named_Snaps/Basketbrawl (USA).png</image><titleshot>~/../thumbs/Atari - 7800/Named_Titles/Basketbrawl (USA).png</titleshot><thumbnail>~/../thumbs/Atari - 7800/Named_Boxarts/Basketbrawl (USA).png</thumbnail><marquee>~/../thumbs/Atari - 7800/Named_Logos/Basketbrawl (USA).png</marquee></game>
<game><path>./Atari 7800 NoIntro/Centipede (Europe).zip</path><name>Centipede (Europe)</name><image>~/../thumbs/Atari - 7800/Named_Snaps/Centipede (Europe).png</image><titleshot>~/../thumbs/Atari - 7800/Named_Titles/Centipede (Europe).png</titleshot><thumbnail>~/../thumbs/Atari - 7800/Named_Boxarts/Centipede (Europe).png</thumbnail><marquee>~/../thumbs/Atari - 7800/Named_Logos/Centipede (Europe).png</marquee></game>
<game><path>./Atari 7800 NoIntro/Centipede (USA).zip</path><name>Centipede (USA)</name><image>~/../thumbs/Atari - 7800/Named_Snaps/Centipede (USA).png</image><titleshot>~/../thumbs/Atari - 7800/Named_Titles/Centipede (USA).png</titleshot><thumbnail>~/../thumbs/Atari - 7800/Named_Boxarts/Centipede (USA).png</thumbnail><marquee>~/../thumbs/Atari - 7800/Named_Logos/Centipede (USA).png</marquee></game>
<game><path>./Atari 7800 NoIntro/Choplifter! (Europe).zip</path><name>Choplifter! (Europe)</name><image>~/../thumbs/Atari - 7800/Named_Snaps/Choplifter! (Europe).png</image><titleshot>~/../thumbs/Atari - 7800/Named_Titles/Choplifter! (Europe).png</titleshot><thumbnail>~/../thumbs/Atari - 7800/Named_Boxarts/Choplifter! (Europe).png</thumbnail><marquee>~/../thumbs/Atari - 7800/Named_Logos/Choplifter! (Europe).png</marquee></game>
<game><path>./Atari 7800 NoIntro/Choplifter! (USA).zip</path><name>Choplifter! (USA)</name><image>~/../thumbs/Atari - 7800/Named_Snaps/Choplifter! (USA).png</image><titleshot>~/../thumbs/Atari - 7800/Named_Titles/Choplifter! (USA).png</titleshot><thumbnail>~/../thumbs/Atari - 7800/Named_Boxarts/Choplifter! (USA).png</thumbnail><marquee>~/../thumbs/Atari - 7800/Named_Logos/Choplifter! (USA).png</marquee></game>
<game><path>./Atari 7800 NoIntro/Commando (Europe).zip</path><name>Commando (Europe)</name><image>~/../thumbs/Atari - 7800/Named_Snaps/Commando (Europe).png</image><titleshot>~/../thumbs/Atari - 7800/Named_Titles/Commando (Europe).png</titleshot><thumbnail>~/../thumbs/Atari - 7800/Named_Boxarts/Commando (Europe).png</thumbnail><marquee>~/../thumbs/Atari - 7800/Named_Logos/Commando (Europe).png</marquee></game>
<game><path>./Atari 7800 NoIntro/Commando (USA).zip</path><name>Commando (USA)</name><image>~/../thumbs/Atari - 7800/Named_Snaps/Commando (USA).png</image><titleshot>~/../thumbs/Atari - 7800/Named_Titles/Commando (USA).png</titleshot><thumbnail>~/../thumbs/Atari - 7800/Named_Boxarts/Commando (USA).png</thumbnail><marquee>~/../thumbs/Atari - 7800/Named_Logos/Commando (USA).png</marquee></game>
<game><path>./Atari 7800 NoIntro/Crack'ed (Europe).zip</path><name>Crack'ed (Europe)</name><image>~/../thumbs/Atari - 7800/Named_Snaps/Crack'ed (Europe).png</image><titleshot>~/../thumbs/Atari - 7800/Named_Titles/Crack'ed (Europe).png</titleshot><thumbnail>~/../thumbs/Atari - 7800/Named_Boxarts/Crack'ed (Europe).png</thumbnail><marquee>~/../thumbs/Atari - 7800/Named_Logos/Crack'ed (Europe).png</marquee></game>
<game><path>./Atari 7800 NoIntro/Crack'ed (USA).zip</path><name>Crack'ed (USA)</name><image>~/../thumbs/Atari - 7800/Named_Snaps/Crack'ed (USA).png</image><titleshot>~/../thumbs/Atari - 7800/Named_Titles/Crack'ed (USA).png</titleshot><thumbnail>~/../thumbs/Atari - 7800/Named_Boxarts/Crack'ed (USA).png</thumbnail><marquee>~/../thumbs/Atari - 7800/Named_Logos/Crack'ed (USA).png</marquee></game>
<game><path>./Atari 7800 NoIntro/Crossbow (Europe).zip</path><name>Crossbow (Europe)</name><image>~/../thumbs/Atari - 7800/Named_Snaps/Crossbow (Europe).png</image><titleshot>~/../thumbs/Atari - 7800/Named_Titles/Crossbow (Europe).png</titleshot><thumbnail>~/../thumbs/Atari - 7800/Named_Boxarts/Crossbow (Europe).png</thumbnail><marquee>~/../thumbs/Atari - 7800/Named_Logos/Crossbow (Europe).png</marquee></game>
<game><path>./Atari 7800 NoIntro/Crossbow (USA).zip</path><name>Crossbow (USA)</name><image>~/../thumbs/Atari - 7800/Named_Snaps/Crossbow (USA).png</image><titleshot>~/../thumbs/Atari - 7800/Named_Titles/Crossbow (USA).png</titleshot><thumbnail>~/../thumbs/Atari - 7800/Named_Boxarts/Crossbow (USA).png</thumbnail><marquee>~/../thumbs/Atari - 7800/Named_Logos/Crossbow (USA).png</marquee></game>
<game><path>./Atari 7800 NoIntro/Dark Chambers (Europe).zip</path><name>Dark Chambers (Europe)</name><image>~/../thumbs/Atari - 7800/Named_Snaps/Dark Chambers (Europe).png</image><titleshot>~/../thumbs/Atari - 7800/Named_Titles/Dark Chambers (Europe).png</titleshot><thumbnail>~/../thumbs/Atari - 7800/Named_Boxarts/Dark Chambers (Europe).png</thumbnail><marquee>~/../thumbs/Atari - 7800/Named_Logos/Dark Chambers (Europe).png</marquee></game>
<game><path>./Atari 7800 NoIntro/Dark Chambers (USA).zip</path><name>Dark Chambers (USA)</name><image>~/../thumbs/Atari - 7800/Named_Snaps/Dark Chambers (USA).png</image><titleshot>~/../thumbs/Atari - 7800/Named_Titles/Dark Chambers (USA).png</titleshot><thumbnail>~/../thumbs/Atari - 7800/Named_Boxarts/Dark Chambers (USA).png</thumbnail><marquee>~/../thumbs/Atari - 7800/Named_Logos/Dark Chambers (USA).png</marquee></game>
<game><path>./Atari 7800 NoIntro/Desert Falcon (Europe).zip</path><name>Desert Falcon (Europe)</name><image>~/../thumbs/Atari - 7800/Named_Snaps/Desert Falcon (Europe).png</image><titleshot>~/../thumbs/Atari - 7800/Named_Titles/Desert Falcon (Europe).png</titleshot><thumbnail>~/../thumbs/Atari - 7800/Named_Boxarts/Desert Falcon (Europe).png</thumbnail><marquee>~/../thumbs/Atari - 7800/Named_Logos/Desert Falcon (Europe).png</marquee></game>
<game><path>./Atari 7800 NoIntro/Desert Falcon (USA).zip</path><name>Desert Falcon (USA)</name><image>~/../thumbs/Atari - 7800/Named_Snaps/Desert Falcon (USA).png</image><titleshot>~/../thumbs/Atari - 7800/Named_Titles/Desert Falcon (USA).png</titleshot><thumbnail>~/../thumbs/Atari - 7800/Named_Boxarts/Desert Falcon (USA).png</thumbnail><marquee>~/../thumbs/Atari - 7800/Named_Logos/Desert Falcon (USA).png</marquee></game>
<game><path>./Atari 7800 NoIntro/Diagnostic Test Cartrige (USA) (Beta).zip</path><name>Diagnostic Test Cartrige (USA) (Beta)</name><image>~/../thumbs/Atari - 7800/Named_Snaps/Diagnostic Test Cartrige (USA) (Beta).png</image><titleshot>~/../thumbs/Atari - 7800/Named_Titles/Diagnostic Test Cartrige (USA) (Beta).png</titleshot><thumbnail>~/../thumbs/Atari - 7800/Named_Boxarts/Diagnostic Test Cartrige (USA) (Beta).png</thumbnail><marquee>~/../thumbs/Atari - 7800/Named_Logos/Diagnostic Test Cartrige (USA) (Beta).png</marquee><hidden>true</hidden></game>
<game><path>./Atari 7800 NoIntro/Diagnostic Test Cartrige (USA).zip</path><name>Diagnostic Test Cartrige (USA)</name><image>~/../thumbs/Atari - 7800/Named_Snaps/Diagnostic Test Cartrige (USA).png</image><titleshot>~/../thumbs/Atari - 7800/Named_Titles/Diagnostic Test Cartrige (USA).png</titleshot><thumbnail>~/../thumbs/Atari - 7800/Named_Boxarts/Diagnostic Test Cartrige (USA).png</thumbnail><marquee>~/../thumbs/Atari - 7800/Named_Logos/Diagnostic Test Cartrige (USA).png</marquee></game>
<game><path>./Atari 7800 NoIntro/Dig Dug (Europe).zip</path><name>Dig Dug (Europe)</name><image>~/../thumbs/Atari - 7800/Named_Snaps/Dig Dug (Europe).png</image><titleshot>~/../thumbs/Atari - 7800/Named_Titles/Dig Dug (Europe).png</titleshot><thumbnail>~/../thumbs/Atari - 7800/Named_Boxarts/Dig Dug (Europe).png</thumbnail><marquee>~/../thumbs/Atari - 7800/Named_Logos/Dig Dug (Europe).png</marquee></game>
<game><path>./Atari 7800 NoIntro/Dig Dug (USA).zip</path><name>Dig Dug (USA)</name><image>~/../thumbs/Atari - 7800/Named_Snaps/Dig Dug (USA).png</image><titleshot>~/../thumbs/Atari - 7800/Named_Titles/Dig Dug (USA).png</titleshot><thumbnail>~/../thumbs/Atari - 7800/Named_Boxarts/Dig Dug (USA).png</thumbnail><marquee>~/../thumbs/Atari - 7800/Named_Logos/Dig Dug (USA).png</marquee></game>
<game><path>./Atari 7800 NoIntro/Donkey Kong (Europe).zip</path><name>Donkey Kong (Europe)</name><image>~/../thumbs/Atari - 7800/Named_Snaps/Donkey Kong (Europe).png</image><titleshot>~/../thumbs/Atari - 7800/Named_Titles/Donkey Kong (Europe).png</titleshot><thumbnail>~/../thumbs/Atari - 7800/Named_Boxarts/Donkey Kong (Europe).png</thumbnail><marquee>~/../thumbs/Atari - 7800/Named_Logos/Donkey Kong (Europe).png</marquee></game>
<game><path>./Atari 7800 NoIntro/Donkey Kong (USA).zip</path><name>Donkey Kong (USA)</name><image>~/../thumbs/Atari - 7800/Named_Snaps/Donkey Kong (USA).png</image><titleshot>~/../thumbs/Atari - 7800/Named_Titles/Donkey Kong (USA).png</titleshot><thumbnail>~/../thumbs/Atari - 7800/Named_Boxarts/Donkey Kong (USA).png</thumbnail><marquee>~/../thumbs/Atari - 7800/Named_Logos/Donkey Kong (USA).png</marquee></game>
<game><path>./Atari 7800 NoIntro/Donkey Kong Junior (Europe).zip</path><name>Donkey Kong Junior (Europe)</name><image>~/../thumbs/Atari - 7800/Named_Snaps/Donkey Kong Junior (Europe).png</image><titleshot>~/../thumbs/Atari - 7800/Named_Titles/Donkey Kong Junior (Europe).png</titleshot><thumbnail>~/../thumbs/Atari - 7800/Named_Boxarts/Donkey Kong Junior (Europe).png</thumbnail><marquee>~/../thumbs/Atari - 7800/Named_Logos/Donkey Kong Junior (Europe).png</marquee></game>
<game><path>./Atari 7800 NoIntro/Donkey Kong Junior (USA).zip</path><name>Donkey Kong Junior (USA)</name><image>~/../thumbs/Atari - 7800/Named_Snaps/Donkey Kong Junior (USA).png</image><titleshot>~/../thumbs/Atari - 7800/Named_Titles/Donkey Kong Junior (USA).png</titleshot><thumbnail>~/../thumbs/Atari - 7800/Named_Boxarts/Donkey Kong Junior (USA).png</thumbnail><marquee>~/../thumbs/Atari - 7800/Named_Logos/Donkey Kong Junior (USA).png</marquee></game>
<game><path>./Atari 7800 NoIntro/Double Dragon (Europe).zip</path><name>Double Dragon (Europe)</name><image>~/../thumbs/Atari - 7800/Named_Snaps/Double Dragon (Europe).png</image><titleshot>~/../thumbs/Atari - 7800/Named_Titles/Double Dragon (Europe).png</titleshot><thumbnail>~/../thumbs/Atari - 7800/Named_Boxarts/Double Dragon (Europe).png</thumbnail><marquee>~/../thumbs/Atari - 7800/Named_Logos/Double Dragon (Europe).png</marquee></game>
<game><path>./Atari 7800 NoIntro/Double Dragon (USA).zip</path><name>Double Dragon (USA)</name><image>~/../thumbs/Atari - 7800/Named_Snaps/Double Dragon (USA).png</image><titleshot>~/../thumbs/Atari - 7800/Named_Titles/Double Dragon (USA).png</titleshot><thumbnail>~/../thumbs/Atari - 7800/Named_Boxarts/Double Dragon (USA).png</thumbnail><marquee>~/../thumbs/Atari - 7800/Named_Logos/Double Dragon (USA).png</marquee></game>
<game><path>./Atari 7800 NoIntro/F-18 Hornet (Europe).zip</path><name>F-18 Hornet (Europe)</name><image>~/../thumbs/Atari - 7800/Named_Snaps/F-18 Hornet (Europe).png</image><titleshot>~/../thumbs/Atari - 7800/Named_Titles/F-18 Hornet (Europe).png</titleshot><thumbnail>~/../thumbs/Atari - 7800/Named_Boxarts/F-18 Hornet (Europe).png</thumbnail><marquee>~/../thumbs/Atari - 7800/Named_Logos/F-18 Hornet (Europe).png</marquee></game>
<game><path>./Atari 7800 NoIntro/F-18 Hornet (USA).zip</path><name>F-18 Hornet (USA)</name><image>~/../thumbs/Atari - 7800/Named_Snaps/F-18 Hornet (USA).png</image><titleshot>~/../thumbs/Atari - 7800/Named_Titles/F-18 Hornet (USA).png</titleshot><thumbnail>~/../thumbs/Atari - 7800/Named_Boxarts/F-18 Hornet (USA).png</thumbnail><marquee>~/../thumbs/Atari - 7800/Named_Logos/F-18 Hornet (USA).png</marquee></game>
<game><path>./Atari 7800 NoIntro/Fatal Run (Europe).zip</path><name>Fatal Run (Europe)</name><image>~/../thumbs/Atari - 7800/Named_Snaps/Fatal Run (Europe).png</image><titleshot>~/../thumbs/Atari - 7800/Named_Titles/Fatal Run (Europe).png</titleshot><thumbnail>~/../thumbs/Atari - 7800/Named_Boxarts/Fatal Run (Europe).png</thumbnail><marquee>~/../thumbs/Atari - 7800/Named_Logos/Fatal Run (Europe).png</marquee></game>
<game><path>./Atari 7800 NoIntro/Fatal Run (USA).zip</path><name>Fatal Run (USA)</name><image>~/../thumbs/Atari - 7800/Named_Snaps/Fatal Run (USA).png</image><titleshot>~/../thumbs/Atari - 7800/Named_Titles/Fatal Run (USA).png</titleshot><thumbnail>~/../thumbs/Atari - 7800/Named_Boxarts/Fatal Run (USA).png</thumbnail><marquee>~/../thumbs/Atari - 7800/Named_Logos/Fatal Run (USA).png</marquee></game>
<game><path>./Atari 7800 NoIntro/Fight Night (Europe).zip</path><name>Fight Night (Europe)</name><image>~/../thumbs/Atari - 7800/Named_Snaps/Fight Night (Europe).png</image><titleshot>~/../thumbs/Atari - 7800/Named_Titles/Fight Night (Europe).png</titleshot><thumbnail>~/../thumbs/Atari - 7800/Named_Boxarts/Fight Night (Europe).png</thumbnail><marquee>~/../thumbs/Atari - 7800/Named_Logos/Fight Night (Europe).png</marquee></game>
<game><path>./Atari 7800 NoIntro/Fight Night (USA).zip</path><name>Fight Night (USA)</name><image>~/../thumbs/Atari - 7800/Named_Snaps/Fight Night (USA).png</image><titleshot>~/../thumbs/Atari - 7800/Named_Titles/Fight Night (USA).png</titleshot><thumbnail>~/../thumbs/Atari - 7800/Named_Boxarts/Fight Night (USA).png</thumbnail><marquee>~/../thumbs/Atari - 7800/Named_Logos/Fight Night (USA).png</marquee></game>
<game><path>./Atari 7800 NoIntro/Food Fight (Europe).zip</path><name>Food Fight (Europe)</name><image>~/../thumbs/Atari - 7800/Named_Snaps/Food Fight (Europe).png</image><titleshot>~/../thumbs/Atari - 7800/Named_Titles/Food Fight (Europe).png</titleshot><thumbnail>~/../thumbs/Atari - 7800/Named_Boxarts/Food Fight (Europe).png</thumbnail><marquee>~/../thumbs/Atari - 7800/Named_Logos/Food Fight (Europe).png</marquee></game>
<game><path>./Atari 7800 NoIntro/Food Fight (USA) (Beta).zip</path><name>Food Fight (USA) (Beta)</name><image>~/../thumbs/Atari - 7800/Named_Snaps/Food Fight (USA) (Beta).png</image><titleshot>~/../thumbs/Atari - 7800/Named_Titles/Food Fight (USA) (Beta).png</titleshot><thumbnail>~/../thumbs/Atari - 7800/Named_Boxarts/Food Fight (USA) (Beta).png</thumbnail><marquee>~/../thumbs/Atari - 7800/Named_Logos/Food Fight (USA) (Beta).png</marquee><hidden>true</hidden></game>
<game><path>./Atari 7800 NoIntro/Food Fight (USA).zip</path><name>Food Fight (USA)</name><image>~/../thumbs/Atari - 7800/Named_Snaps/Food Fight (USA).png</image><titleshot>~/../thumbs/Atari - 7800/Named_Titles/Food Fight (USA).png</titleshot><thumbnail>~/../thumbs/Atari - 7800/Named_Boxarts/Food Fight (USA).png</thumbnail><marquee>~/../thumbs/Atari - 7800/Named_Logos/Food Fight (USA).png</marquee></game>
<game><path>./Atari 7800 NoIntro/GATO (USA) (Proto).zip</path><name>GATO (USA) (Proto)</name><image>~/../thumbs/Atari - 7800/Named_Snaps/GATO (USA) (Proto).png</image><titleshot>~/../thumbs/Atari - 7800/Named_Titles/GATO (USA) (Proto).png</titleshot><thumbnail>~/../thumbs/Atari - 7800/Named_Boxarts/GATO (USA) (Proto).png</thumbnail><marquee>~/../thumbs/Atari - 7800/Named_Logos/GATO (USA) (Proto).png</marquee></game>
<game><path>./Atari 7800 NoIntro/Galaga (Europe).zip</path><name>Galaga (Europe)</name><image>~/../thumbs/Atari - 7800/Named_Snaps/Galaga (Europe).png</image><titleshot>~/../thumbs/Atari - 7800/Named_Titles/Galaga (Europe).png</titleshot><thumbnail>~/../thumbs/Atari - 7800/Named_Boxarts/Galaga (Europe).png</thumbnail><marquee>~/../thumbs/Atari - 7800/Named_Logos/Galaga (Europe).png</marquee></game>
<game><path>./Atari 7800 NoIntro/Galaga (USA).zip</path><name>Galaga (USA)</name><image>~/../thumbs/Atari - 7800/Named_Snaps/Galaga (USA).png</image><titleshot>~/../thumbs/Atari - 7800/Named_Titles/Galaga (USA).png</titleshot><thumbnail>~/../thumbs/Atari - 7800/Named_Boxarts/Galaga (USA).png</thumbnail><marquee>~/../thumbs/Atari - 7800/Named_Logos/Galaga (USA).png</marquee></game>
<game><path>./Atari 7800 NoIntro/Hat Trick (Europe).zip</path><name>Hat Trick (Europe)</name><image>~/../thumbs/Atari - 7800/Named_Snaps/Hat Trick (Europe).png</image><titleshot>~/../thumbs/Atari - 7800/Named_Titles/Hat Trick (Europe).png</titleshot><thumbnail>~/../thumbs/Atari - 7800/Named_Boxarts/Hat Trick (Europe).png</thumbnail><marquee>~/../thumbs/Atari - 7800/Named_Logos/Hat Trick (Europe).png</marquee></game>
<game><path>./Atari 7800 NoIntro/Hat Trick (USA).zip</path><name>Hat Trick (USA)</name><image>~/../thumbs/Atari - 7800/Named_Snaps/Hat Trick (USA).png</image><titleshot>~/../thumbs/Atari - 7800/Named_Titles/Hat Trick (USA).png</titleshot><thumbnail>~/../thumbs/Atari - 7800/Named_Boxarts/Hat Trick (USA).png</thumbnail><marquee>~/../thumbs/Atari - 7800/Named_Logos/Hat Trick (USA).png</marquee></game>
<game><path>./Atari 7800 NoIntro/High Score Cartridge (USA) (Proto).zip</path><name>High Score Cartridge (USA) (Proto)</name><image>~/../thumbs/Atari - 7800/Named_Snaps/High Score Cartridge (USA) (Proto).png</image><titleshot>~/../thumbs/Atari - 7800/Named_Titles/High Score Cartridge (USA) (Proto).png</titleshot><thumbnail>~/../thumbs/Atari - 7800/Named_Boxarts/High Score Cartridge (USA) (Proto).png</thumbnail><marquee>~/../thumbs/Atari - 7800/Named_Logos/High Score Cartridge (USA) (Proto).png</marquee></game>
<game><path>./Atari 7800 NoIntro/Ikari Warriors (Europe).zip</path><name>Ikari Warriors (Europe)</name><image>~/../thumbs/Atari - 7800/Named_Snaps/Ikari Warriors (Europe).png</image><titleshot>~/../thumbs/Atari - 7800/Named_Titles/Ikari Warriors (Europe).png</titleshot><thumbnail>~/../thumbs/Atari - 7800/Named_Boxarts/Ikari Warriors (Europe).png</thumbnail><marquee>~/../thumbs/Atari - 7800/Named_Logos/Ikari Warriors (Europe).png</marquee></game>
<game><path>./Atari 7800 NoIntro/Ikari Warriors (USA).zip</path><name>Ikari Warriors (USA)</name><image>~/../thumbs/Atari - 7800/Named_Snaps/Ikari Warriors (USA).png</image><titleshot>~/../thumbs/Atari - 7800/Named_Titles/Ikari Warriors (USA).png</titleshot><thumbnail>~/../thumbs/Atari - 7800/Named_Boxarts/Ikari Warriors (USA).png</thumbnail><marquee>~/../thumbs/Atari - 7800/Named_Logos/Ikari Warriors (USA).png</marquee></game>
<game><path>./Atari 7800 NoIntro/Impossible Mission (Europe).zip</path><name>Impossible Mission (Europe)</name><image>~/../thumbs/Atari - 7800/Named_Snaps/Impossible Mission (Europe).png</image><titleshot>~/../thumbs/Atari - 7800/Named_Titles/Impossible Mission (Europe).png</titleshot><thumbnail>~/../thumbs/Atari - 7800/Named_Boxarts/Impossible Mission (Europe).png</thumbnail><marquee>~/../thumbs/Atari - 7800/Named_Logos/Impossible Mission (Europe).png</marquee></game>
<game><path>./Atari 7800 NoIntro/Impossible Mission (USA).zip</path><name>Impossible Mission (USA)</name><image>~/../thumbs/Atari - 7800/Named_Snaps/Impossible Mission (USA).png</image><titleshot>~/../thumbs/Atari - 7800/Named_Titles/Impossible Mission (USA).png</titleshot><thumbnail>~/../thumbs/Atari - 7800/Named_Boxarts/Impossible Mission (USA).png</thumbnail><marquee>~/../thumbs/Atari - 7800/Named_Logos/Impossible Mission (USA).png</marquee></game>
<game><path>./Atari 7800 NoIntro/Jinks (Europe).zip</path><name>Jinks (Europe)</name><image>~/../thumbs/Atari - 7800/Named_Snaps/Jinks (Europe).png</image><titleshot>~/../thumbs/Atari - 7800/Named_Titles/Jinks (Europe).png</titleshot><thumbnail>~/../thumbs/Atari - 7800/Named_Boxarts/Jinks (Europe).png</thumbnail><marquee>~/../thumbs/Atari - 7800/Named_Logos/Jinks (Europe).png</marquee></game>
<game><path>./Atari 7800 NoIntro/Jinks (USA).zip</path><name>Jinks (USA)</name><image>~/../thumbs/Atari - 7800/Named_Snaps/Jinks (USA).png</image><titleshot>~/../thumbs/Atari - 7800/Named_Titles/Jinks (USA).png</titleshot><thumbnail>~/../thumbs/Atari - 7800/Named_Boxarts/Jinks (USA).png</thumbnail><marquee>~/../thumbs/Atari - 7800/Named_Logos/Jinks (USA).png</marquee></game>
<game><path>./Atari 7800 NoIntro/Joust (Europe).zip</path><name>Joust (Europe)</name><image>~/../thumbs/Atari - 7800/Named_Snaps/Joust (Europe).png</image><titleshot>~/../thumbs/Atari - 7800/Named_Titles/Joust (Europe).png</titleshot><thumbnail>~/../thumbs/Atari - 7800/Named_Boxarts/Joust (Europe).png</thumbnail><marquee>~/../thumbs/Atari - 7800/Named_Logos/Joust (Europe).png</marquee></game>
<game><path>./Atari 7800 NoIntro/Joust (USA).zip</path><name>Joust (USA)</name><image>~/../thumbs/Atari - 7800/Named_Snaps/Joust (USA).png</image><titleshot>~/../thumbs/Atari - 7800/Named_Titles/Joust (USA).png</titleshot><thumbnail>~/../thumbs/Atari - 7800/Named_Boxarts/Joust (USA).png</thumbnail><marquee>~/../thumbs/Atari - 7800/Named_Logos/Joust (USA).png</marquee></game>
<game><path>./Atari 7800 NoIntro/Karateka (Europe).zip</path><name>Karateka (Europe)</name><image>~/../thumbs/Atari - 7800/Named_Snaps/Karateka (Europe).png</image><titleshot>~/../thumbs/Atari - 7800/Named_Titles/Karateka (Europe).png</titleshot><thumbnail>~/../thumbs/Atari - 7800/Named_Boxarts/Karateka (Europe).png</thumbnail><marquee>~/../thumbs/Atari - 7800/Named_Logos/Karateka (Europe).png</marquee></game>
<game><path>./Atari 7800 NoIntro/Karateka (USA).zip</path><name>Karateka (USA)</name><image>~/../thumbs/Atari - 7800/Named_Snaps/Karateka (USA).png</image><titleshot>~/../thumbs/Atari - 7800/Named_Titles/Karateka (USA).png</titleshot><thumbnail>~/../thumbs/Atari - 7800/Named_Boxarts/Karateka (USA).png</thumbnail><marquee>~/../thumbs/Atari - 7800/Named_Logos/Karateka (USA).png</marquee></game>
<game><path>./Atari 7800 NoIntro/Klax (USA) (Proto).zip</path><name>Klax (USA) (Proto)</name><image>~/../thumbs/Atari - 7800/Named_Snaps/Klax (USA) (Proto).png</image><titleshot>~/../thumbs/Atari - 7800/Named_Titles/Klax (USA) (Proto).png</titleshot><thumbnail>~/../thumbs/Atari - 7800/Named_Boxarts/Klax (USA) (Proto).png</thumbnail><marquee>~/../thumbs/Atari - 7800/Named_Logos/Klax (USA) (Proto).png</marquee></game>
<game><path>./Atari 7800 NoIntro/Kung-Fu Master (Europe).zip</path><name>Kung-Fu Master (Europe)</name><image>~/../thumbs/Atari - 7800/Named_Snaps/Kung-Fu Master (Europe).png</image><titleshot>~/../thumbs/Atari - 7800/Named_Titles/Kung-Fu Master (Europe).png</titleshot><thumbnail>~/../thumbs/Atari - 7800/Named_Boxarts/Kung-Fu Master (Europe).png</thumbnail><marquee>~/../thumbs/Atari - 7800/Named_Logos/Kung-Fu Master (Europe).png</marquee></game>
<game><path>./Atari 7800 NoIntro/Kung-Fu Master (USA).zip</path><name>Kung-Fu Master (USA)</name><image>~/../thumbs/Atari - 7800/Named_Snaps/Kung-Fu Master (USA).png</image><titleshot>~/../thumbs/Atari - 7800/Named_Titles/Kung-Fu Master (USA).png</titleshot><thumbnail>~/../thumbs/Atari - 7800/Named_Boxarts/Kung-Fu Master (USA).png</thumbnail><marquee>~/../thumbs/Atari - 7800/Named_Logos/Kung-Fu Master (USA).png</marquee></game>
<game><path>./Atari 7800 NoIntro/Mario Bros. (Europe).zip</path><name>Mario Bros. (Europe)</name><image>~/../thumbs/Atari - 7800/Named_Snaps/Mario Bros. (Europe).png</image><titleshot>~/../thumbs/Atari - 7800/Named_Titles/Mario Bros. (Europe).png</titleshot><thumbnail>~/../thumbs/Atari - 7800/Named_Boxarts/Mario Bros. (Europe).png</thumbnail><marquee>~/../thumbs/Atari - 7800/Named_Logos/Mario Bros. (Europe).png</marquee></game>
<game><path>./Atari 7800 NoIntro/Mario Bros. (USA).zip</path><name>Mario Bros. (USA)</name><image>~/../thumbs/Atari - 7800/Named_Snaps/Mario Bros. (USA).png</image><titleshot>~/../thumbs/Atari - 7800/Named_Titles/Mario Bros. (USA).png</titleshot><thumbnail>~/../thumbs/Atari - 7800/Named_Boxarts/Mario Bros. (USA).png</thumbnail><marquee>~/../thumbs/Atari - 7800/Named_Logos/Mario Bros. (USA).png</marquee></game>
<game><path>./Atari 7800 NoIntro/Mat Mania Challenge (Europe).zip</path><name>Mat Mania Challenge (Europe)</name><image>~/../thumbs/Atari - 7800/Named_Snaps/Mat Mania Challenge (Europe).png</image><titleshot>~/../thumbs/Atari - 7800/Named_Titles/Mat Mania Challenge (Europe).png</titleshot><thumbnail>~/../thumbs/Atari - 7800/Named_Boxarts/Mat Mania Challenge (Europe).png</thumbnail><marquee>~/../thumbs/Atari - 7800/Named_Logos/Mat Mania Challenge (Europe).png</marquee></game>
<game><path>./Atari 7800 NoIntro/Mat Mania Challenge (USA).zip</path><name>Mat Mania Challenge (USA)</name><image>~/../thumbs/Atari - 7800/Named_Snaps/Mat Mania Challenge (USA).png</image><titleshot>~/../thumbs/Atari - 7800/Named_Titles/Mat Mania Challenge (USA).png</titleshot><thumbnail>~/../thumbs/Atari - 7800/Named_Boxarts/Mat Mania Challenge (USA).png</thumbnail><marquee>~/../thumbs/Atari - 7800/Named_Logos/Mat Mania Challenge (USA).png</marquee></game>
<game><path>./Atari 7800 NoIntro/Mean 18 Ultimate Golf (Europe).zip</path><name>Mean 18 Ultimate Golf (Europe)</name><image>~/../thumbs/Atari - 7800/Named_Snaps/Mean 18 Ultimate Golf (Europe).png</image><titleshot>~/../thumbs/Atari - 7800/Named_Titles/Mean 18 Ultimate Golf (Europe).png</titleshot><thumbnail>~/../thumbs/Atari - 7800/Named_Boxarts/Mean 18 Ultimate Golf (Europe).png</thumbnail><marquee>~/../thumbs/Atari - 7800/Named_Logos/Mean 18 Ultimate Golf (Europe).png</marquee></game>
<game><path>./Atari 7800 NoIntro/Mean 18 Ultimate Golf (USA).zip</path><name>Mean 18 Ultimate Golf (USA)</name><image>~/../thumbs/Atari - 7800/Named_Snaps/Mean 18 Ultimate Golf (USA).png</image><titleshot>~/../thumbs/Atari - 7800/Named_Titles/Mean 18 Ultimate Golf (USA).png</titleshot><thumbnail>~/../thumbs/Atari - 7800/Named_Boxarts/Mean 18 Ultimate Golf (USA).png</thumbnail><marquee>~/../thumbs/Atari - 7800/Named_Logos/Mean 18 Ultimate Golf (USA).png</marquee></game>
<game><path>./Atari 7800 NoIntro/Meltdown (Europe).zip</path><name>Meltdown (Europe)</name><image>~/../thumbs/Atari - 7800/Named_Snaps/Meltdown (Europe).png</image><titleshot>~/../thumbs/Atari - 7800/Named_Titles/Meltdown (Europe).png</titleshot><thumbnail>~/../thumbs/Atari - 7800/Named_Boxarts/Meltdown (Europe).png</thumbnail><marquee>~/../thumbs/Atari - 7800/Named_Logos/Meltdown (Europe).png</marquee></game>
<game><path>./Atari 7800 NoIntro/Meltdown (USA).zip</path><name>Meltdown (USA)</name><image>~/../thumbs/Atari - 7800/Named_Snaps/Meltdown (USA).png</image><titleshot>~/../thumbs/Atari - 7800/Named_Titles/Meltdown (USA).png</titleshot><thumbnail>~/../thumbs/Atari - 7800/Named_Boxarts/Meltdown (USA).png</thumbnail><marquee>~/../thumbs/Atari - 7800/Named_Logos/Meltdown (USA).png</marquee></game>
<game><path>./Atari 7800 NoIntro/Midnight Mutants (Europe).zip</path><name>Midnight Mutants (Europe)</name><image>~/../thumbs/Atari - 7800/Named_Snaps/Midnight Mutants (Europe).png</image><titleshot>~/../thumbs/Atari - 7800/Named_Titles/Midnight Mutants (Europe).png</titleshot><thumbnail>~/../thumbs/Atari - 7800/Named_Boxarts/Midnight Mutants (Europe).png</thumbnail><marquee>~/../thumbs/Atari - 7800/Named_Logos/Midnight Mutants (Europe).png</marquee></game>
<game><path>./Atari 7800 NoIntro/Midnight Mutants (USA).zip</path><name>Midnight Mutants (USA)</name><image>~/../thumbs/Atari - 7800/Named_Snaps/Midnight Mutants (USA).png</image><titleshot>~/../thumbs/Atari - 7800/Named_Titles/Midnight Mutants (USA).png</titleshot><thumbnail>~/../thumbs/Atari - 7800/Named_Boxarts/Midnight Mutants (USA).png</thumbnail><marquee>~/../thumbs/Atari - 7800/Named_Logos/Midnight Mutants (USA).png</marquee></game>
<game><path>./Atari 7800 NoIntro/Missing in Action (USA) (Proto).zip</path><name>Missing in Action (USA) (Proto)</name><image>~/../thumbs/Atari - 7800/Named_Snaps/Missing in Action (USA) (Proto).png</image><titleshot>~/../thumbs/Atari - 7800/Named_Titles/Missing in Action (USA) (Proto).png</titleshot><thumbnail>~/../thumbs/Atari - 7800/Named_Boxarts/Missing in Action (USA) (Proto).png</thumbnail><marquee>~/../thumbs/Atari - 7800/Named_Logos/Missing in Action (USA) (Proto).png</marquee></game>
<game><path>./Atari 7800 NoIntro/Motor Psycho (Europe).zip</path><name>Motor Psycho (Europe)</name><image>~/../thumbs/Atari - 7800/Named_Snaps/Motor Psycho (Europe).png</image><titleshot>~/../thumbs/Atari - 7800/Named_Titles/Motor Psycho (Europe).png</titleshot><thumbnail>~/../thumbs/Atari - 7800/Named_Boxarts/Motor Psycho (Europe).png</thumbnail><marquee>~/../thumbs/Atari - 7800/Named_Logos/Motor Psycho (Europe).png</marquee></game>
<game><path>./Atari 7800 NoIntro/Motor Psycho (USA).zip</path><name>Motor Psycho (USA)</name><image>~/../thumbs/Atari - 7800/Named_Snaps/Motor Psycho (USA).png</image><titleshot>~/../thumbs/Atari - 7800/Named_Titles/Motor Psycho (USA).png</titleshot><thumbnail>~/../thumbs/Atari - 7800/Named_Boxarts/Motor Psycho (USA).png</thumbnail><marquee>~/../thumbs/Atari - 7800/Named_Logos/Motor Psycho (USA).png</marquee></game>
<game><path>./Atari 7800 NoIntro/Ms. Pac-Man (Europe).zip</path><name>Ms. Pac-Man (Europe)</name><image>~/../thumbs/Atari - 7800/Named_Snaps/Ms. Pac-Man (Europe).png</image><titleshot>~/../thumbs/Atari - 7800/Named_Titles/Ms. Pac-Man (Europe).png</titleshot><thumbnail>~/../thumbs/Atari - 7800/Named_Boxarts/Ms. Pac-Man (Europe).png</thumbnail><marquee>~/../thumbs/Atari - 7800/Named_Logos/Ms. Pac-Man (Europe).png</marquee></game>
<game><path>./Atari 7800 NoIntro/Ms. Pac-Man (USA).zip</path><name>Ms. Pac-Man (USA)</name><image>~/../thumbs/Atari - 7800/Named_Snaps/Ms. Pac-Man (USA).png</image><titleshot>~/../thumbs/Atari - 7800/Named_Titles/Ms. Pac-Man (USA).png</titleshot><thumbnail>~/../thumbs/Atari - 7800/Named_Boxarts/Ms. Pac-Man (USA).png</thumbnail><marquee>~/../thumbs/Atari - 7800/Named_Logos/Ms. Pac-Man (USA).png</marquee></game>
<game><path>./Atari 7800 NoIntro/Ninja Golf (Europe).zip</path><name>Ninja Golf (Europe)</name><image>~/../thumbs/Atari - 7800/Named_Snaps/Ninja Golf (Europe).png</image><titleshot>~/../thumbs/Atari - 7800/Named_Titles/Ninja Golf (Europe).png</titleshot><thumbnail>~/../thumbs/Atari - 7800/Named_Boxarts/Ninja Golf (Europe).png</thumbnail><marquee>~/../thumbs/Atari - 7800/Named_Logos/Ninja Golf (Europe).png</marquee></game>
<game><path>./Atari 7800 NoIntro/Ninja Golf (USA).zip</path><name>Ninja Golf (USA)</name><image>~/../thumbs/Atari - 7800/Named_Snaps/Ninja Golf (USA).png</image><titleshot>~/../thumbs/Atari - 7800/Named_Titles/Ninja Golf (USA).png</titleshot><thumbnail>~/../thumbs/Atari - 7800/Named_Boxarts/Ninja Golf (USA).png</thumbnail><marquee>~/../thumbs/Atari - 7800/Named_Logos/Ninja Golf (USA).png</marquee></game>
<game><path>./Atari 7800 NoIntro/One-on-One Basketball (Europe).zip</path><name>One-on-One Basketball (Europe)</name><image>~/../thumbs/Atari - 7800/Named_Snaps/One-on-One Basketball (Europe).png</image><titleshot>~/../thumbs/Atari - 7800/Named_Titles/One-on-One Basketball (Europe).png</titleshot><thumbnail>~/../thumbs/Atari - 7800/Named_Boxarts/One-on-One Basketball (Europe).png</thumbnail><marquee>~/../thumbs/Atari - 7800/Named_Logos/One-on-One Basketball (Europe).png</marquee></game>
<game><path>./Atari 7800 NoIntro/One-on-One Basketball (USA).zip</path><name>One-on-One Basketball (USA)</name><image>~/../thumbs/Atari - 7800/Named_Snaps/One-on-One Basketball (USA).png</image><titleshot>~/../thumbs/Atari - 7800/Named_Titles/One-on-One Basketball (USA).png</titleshot><thumbnail>~/../thumbs/Atari - 7800/Named_Boxarts/One-on-One Basketball (USA).png</thumbnail><marquee>~/../thumbs/Atari - 7800/Named_Logos/One-on-One Basketball (USA).png</marquee></game>
<game><path>./Atari 7800 NoIntro/Pete Rose Baseball (USA).zip</path><name>Pete Rose Baseball (USA)</name><image>~/../thumbs/Atari - 7800/Named_Snaps/Pete Rose Baseball (USA).png</image><titleshot>~/../thumbs/Atari - 7800/Named_Titles/Pete Rose Baseball (USA).png</titleshot><thumbnail>~/../thumbs/Atari - 7800/Named_Boxarts/Pete Rose Baseball (USA).png</thumbnail><marquee>~/../thumbs/Atari - 7800/Named_Logos/Pete Rose Baseball (USA).png</marquee></game>
<game><path>./Atari 7800 NoIntro/Pit Fighter (USA) (Proto).zip</path><name>Pit Fighter (USA) (Proto)</name><image>~/../thumbs/Atari - 7800/Named_Snaps/Pit Fighter (USA) (Proto).png</image><titleshot>~/../thumbs/Atari - 7800/Named_Titles/Pit Fighter (USA) (Proto).png</titleshot><thumbnail>~/../thumbs/Atari - 7800/Named_Boxarts/Pit Fighter (USA) (Proto).png</thumbnail><marquee>~/../thumbs/Atari - 7800/Named_Logos/Pit Fighter (USA) (Proto).png</marquee></game>
<game><path>./Atari 7800 NoIntro/Planet Smashers (Europe).zip</path><name>Planet Smashers (Europe)</name><image>~/../thumbs/Atari - 7800/Named_Snaps/Planet Smashers (Europe).png</image><titleshot>~/../thumbs/Atari - 7800/Named_Titles/Planet Smashers (Europe).png</titleshot><thumbnail>~/../thumbs/Atari - 7800/Named_Boxarts/Planet Smashers (Europe).png</thumbnail><marquee>~/../thumbs/Atari - 7800/Named_Logos/Planet Smashers (Europe).png</marquee></game>
<game><path>./Atari 7800 NoIntro/Planet Smashers (USA).zip</path><name>Planet Smashers (USA)</name><image>~/../thumbs/Atari - 7800/Named_Snaps/Planet Smashers (USA).png</image><titleshot>~/../thumbs/Atari - 7800/Named_Titles/Planet Smashers (USA).png</titleshot><thumbnail>~/../thumbs/Atari - 7800/Named_Boxarts/Planet Smashers (USA).png</thumbnail><marquee>~/../thumbs/Atari - 7800/Named_Logos/Planet Smashers (USA).png</marquee></game>
<game><path>./Atari 7800 NoIntro/Plutos (USA) (Proto).zip</path><name>Plutos (USA) (Proto)</name><image>~/../thumbs/Atari - 7800/Named_Snaps/Plutos (USA) (Proto).png</image><titleshot>~/../thumbs/Atari - 7800/Named_Titles/Plutos (USA) (Proto).png</titleshot><thumbnail>~/../thumbs/Atari - 7800/Named_Boxarts/Plutos (USA) (Proto).png</thumbnail><marquee>~/../thumbs/Atari - 7800/Named_Logos/Plutos (USA) (Proto).png</marquee></game>
<game><path>./Atari 7800 NoIntro/Pole Position II (Europe).zip</path><name>Pole Position II (Europe)</name><image>~/../thumbs/Atari - 7800/Named_Snaps/Pole Position II (Europe).png</image><titleshot>~/../thumbs/Atari - 7800/Named_Titles/Pole Position II (Europe).png</titleshot><thumbnail>~/../thumbs/Atari - 7800/Named_Boxarts/Pole Position II (Europe).png</thumbnail><marquee>~/../thumbs/Atari - 7800/Named_Logos/Pole Position II (Europe).png</marquee></game>
<game><path>./Atari 7800 NoIntro/Pole Position II (USA) (Beta).zip</path><name>Pole Position II (USA) (Beta)</name><image>~/../thumbs/Atari - 7800/Named_Snaps/Pole Position II (USA) (Beta).png</image><titleshot>~/../thumbs/Atari - 7800/Named_Titles/Pole Position II (USA) (Beta).png</titleshot><thumbnail>~/../thumbs/Atari - 7800/Named_Boxarts/Pole Position II (USA) (Beta).png</thumbnail><marquee>~/../thumbs/Atari - 7800/Named_Logos/Pole Position II (USA) (Beta).png</marquee><hidden>true</hidden></game>
<game><path>./Atari 7800 NoIntro/Pole Position II (USA).zip</path><name>Pole Position II (USA)</name><image>~/../thumbs/Atari - 7800/Named_Snaps/Pole Position II (USA).png</image><titleshot>~/../thumbs/Atari - 7800/Named_Titles/Pole Position II (USA).png</titleshot><thumbnail>~/../thumbs/Atari - 7800/Named_Boxarts/Pole Position II (USA).png</thumbnail><marquee>~/../thumbs/Atari - 7800/Named_Logos/Pole Position II (USA).png</marquee></game>
<game><path>./Atari 7800 NoIntro/Popeye (World) (v2.40) (Aftermarket) (Unl).zip</path><name>Popeye (World) (v2.40) (Aftermarket) (Unl)</name><image>~/../thumbs/Atari - 7800/Named_Snaps/Popeye (World) (v2.40) (Aftermarket) (Unl).png</image><titleshot>~/../thumbs/Atari - 7800/Named_Titles/Popeye (World) (v2.40) (Aftermarket) (Unl).png</titleshot><thumbnail>~/../thumbs/Atari - 7800/Named_Boxarts/Popeye (World) (v2.40) (Aftermarket) (Unl).png</thumbnail><marquee>~/../thumbs/Atari - 7800/Named_Logos/Popeye (World) (v2.40) (Aftermarket) (Unl).png</marquee><hidden>true</hidden></game>
<game><path>./Atari 7800 NoIntro/Popeye (World) (v2.40) (Demo) (Aftermarket) (Unl).zip</path><name>Popeye (World) (v2.40) (Demo) (Aftermarket) (Unl)</name><image>~/../thumbs/Atari - 7800/Named_Snaps/Popeye (World) (v2.40) (Demo) (Aftermarket) (Unl).png</image><titleshot>~/../thumbs/Atari - 7800/Named_Titles/Popeye (World) (v2.40) (Demo) (Aftermarket) (Unl).png</titleshot><thumbnail>~/../thumbs/Atari - 7800/Named_Boxarts/Popeye (World) (v2.40) (Demo) (Aftermarket) (Unl).png</thumbnail><marquee>~/../thumbs/Atari - 7800/Named_Logos/Popeye (World) (v2.40) (Demo) (Aftermarket) (Unl).png</marquee><hidden>true</hidden></game>
<game><path>./Atari 7800 NoIntro/Rampage (USA).zip</path><name>Rampage (USA)</name><image>~/../thumbs/Atari - 7800/Named_Snaps/Rampage (USA).png</image><titleshot>~/../thumbs/Atari - 7800/Named_Titles/Rampage (USA).png</titleshot><thumbnail>~/../thumbs/Atari - 7800/Named_Boxarts/Rampage (USA).png</thumbnail><marquee>~/../thumbs/Atari - 7800/Named_Logos/Rampage (USA).png</marquee></game>
<game><path>./Atari 7800 NoIntro/Rampart (USA) (Proto).zip</path><name>Rampart (USA) (Proto)</name><image>~/../thumbs/Atari - 7800/Named_Snaps/Rampart (USA) (Proto).png</image><titleshot>~/../thumbs/Atari - 7800/Named_Titles/Rampart (USA) (Proto).png</titleshot><thumbnail>~/../thumbs/Atari - 7800/Named_Boxarts/Rampart (USA) (Proto).png</thumbnail><marquee>~/../thumbs/Atari - 7800/Named_Logos/Rampart (USA) (Proto).png</marquee></game>
<game><path>./Atari 7800 NoIntro/RealSports Baseball (USA).zip</path><name>RealSports Baseball (USA)</name><image>~/../thumbs/Atari - 7800/Named_Snaps/RealSports Baseball (USA).png</image><titleshot>~/../thumbs/Atari - 7800/Named_Titles/RealSports Baseball (USA).png</titleshot><thumbnail>~/../thumbs/Atari - 7800/Named_Boxarts/RealSports Baseball (USA).png</thumbnail><marquee>~/../thumbs/Atari - 7800/Named_Logos/RealSports Baseball (USA).png</marquee></game>
<game><path>./Atari 7800 NoIntro/Rescue on Fractalus (USA) (Proto).zip</path><name>Rescue on Fractalus (USA) (Proto)</name><image>~/../thumbs/Atari - 7800/Named_Snaps/Rescue on Fractalus (USA) (Proto).png</image><titleshot>~/../thumbs/Atari - 7800/Named_Titles/Rescue on Fractalus (USA) (Proto).png</titleshot><thumbnail>~/../thumbs/Atari - 7800/Named_Boxarts/Rescue on Fractalus (USA) (Proto).png</thumbnail><marquee>~/../thumbs/Atari - 7800/Named_Logos/Rescue on Fractalus (USA) (Proto).png</marquee></game>
<game><path>./Atari 7800 NoIntro/Robotron - 2084 (USA).zip</path><name>Robotron - 2084 (USA)</name><image>~/../thumbs/Atari - 7800/Named_Snaps/Robotron - 2084 (USA).png</image><titleshot>~/../thumbs/Atari - 7800/Named_Titles/Robotron - 2084 (USA).png</titleshot><thumbnail>~/../thumbs/Atari - 7800/Named_Boxarts/Robotron - 2084 (USA).png</thumbnail><marquee>~/../thumbs/Atari - 7800/Named_Logos/Robotron - 2084 (USA).png</marquee></game>
<game><path>./Atari 7800 NoIntro/Scrapyard Dog (Europe).zip</path><name>Scrapyard Dog (Europe)</name><image>~/../thumbs/Atari - 7800/Named_Snaps/Scrapyard Dog (Europe).png</image><titleshot>~/../thumbs/Atari - 7800/Named_Titles/Scrapyard Dog (Europe).png</titleshot><thumbnail>~/../thumbs/Atari - 7800/Named_Boxarts/Scrapyard Dog (Europe).png</thumbnail><marquee>~/../thumbs/Atari - 7800/Named_Logos/Scrapyard Dog (Europe).png</marquee></game>
<game><path>./Atari 7800 NoIntro/Scrapyard Dog (USA).zip</path><name>Scrapyard Dog (USA)</name><image>~/../thumbs/Atari - 7800/Named_Snaps/Scrapyard Dog (USA).png</image><titleshot>~/../thumbs/Atari - 7800/Named_Titles/Scrapyard Dog (USA).png</titleshot><thumbnail>~/../thumbs/Atari - 7800/Named_Boxarts/Scrapyard Dog (USA).png</thumbnail><marquee>~/../thumbs/Atari - 7800/Named_Logos/Scrapyard Dog (USA).png</marquee></game>
<game><path>./Atari 7800 NoIntro/Sentinel (Europe).zip</path><name>Sentinel (Europe)</name><image>~/../thumbs/Atari - 7800/Named_Snaps/Sentinel (Europe).png</image><titleshot>~/../thumbs/Atari - 7800/Named_Titles/Sentinel (Europe).png</titleshot><thumbnail>~/../thumbs/Atari - 7800/Named_Boxarts/Sentinel (Europe).png</thumbnail><marquee>~/../thumbs/Atari - 7800/Named_Logos/Sentinel (Europe).png</marquee></game>
<game><path>./Atari 7800 NoIntro/Sentinel (USA) (Proto).zip</path><name>Sentinel (USA) (Proto)</name><image>~/../thumbs/Atari - 7800/Named_Snaps/Sentinel (USA) (Proto).png</image><titleshot>~/../thumbs/Atari - 7800/Named_Titles/Sentinel (USA) (Proto).png</titleshot><thumbnail>~/../thumbs/Atari - 7800/Named_Boxarts/Sentinel (USA) (Proto).png</thumbnail><marquee>~/../thumbs/Atari - 7800/Named_Logos/Sentinel (USA) (Proto).png</marquee></game>
<game><path>./Atari 7800 NoIntro/Sirius (USA) (Proto).zip</path><name>Sirius (USA) (Proto)</name><image>~/../thumbs/Atari - 7800/Named_Snaps/Sirius (USA) (Proto).png</image><titleshot>~/../thumbs/Atari - 7800/Named_Titles/Sirius (USA) (Proto).png</titleshot><thumbnail>~/../thumbs/Atari - 7800/Named_Boxarts/Sirius (USA) (Proto).png</thumbnail><marquee>~/../thumbs/Atari - 7800/Named_Logos/Sirius (USA) (Proto).png</marquee></game>
<game><path>./Atari 7800 NoIntro/Summer Games (USA).zip</path><name>Summer Games (USA)</name><image>~/../thumbs/Atari - 7800/Named_Snaps/Summer Games (USA).png</image><titleshot>~/../thumbs/Atari - 7800/Named_Titles/Summer Games (USA).png</titleshot><thumbnail>~/../thumbs/Atari - 7800/Named_Boxarts/Summer Games (USA).png</thumbnail><marquee>~/../thumbs/Atari - 7800/Named_Logos/Summer Games (USA).png</marquee></game>
<game><path>./Atari 7800 NoIntro/Super Huey UH-IX (Europe).zip</path><name>Super Huey UH-IX (Europe)</name><image>~/../thumbs/Atari - 7800/Named_Snaps/Super Huey UH-IX (Europe).png</image><titleshot>~/../thumbs/Atari - 7800/Named_Titles/Super Huey UH-IX (Europe).png</titleshot><thumbnail>~/../thumbs/Atari - 7800/Named_Boxarts/Super Huey UH-IX (Europe).png</thumbnail><marquee>~/../thumbs/Atari - 7800/Named_Logos/Super Huey UH-IX (Europe).png</marquee></game>
<game><path>./Atari 7800 NoIntro/Super Huey UH-IX (USA).zip</path><name>Super Huey UH-IX (USA)</name><image>~/../thumbs/Atari - 7800/Named_Snaps/Super Huey UH-IX (USA).png</image><titleshot>~/../thumbs/Atari - 7800/Named_Titles/Super Huey UH-IX (USA).png</titleshot><thumbnail>~/../thumbs/Atari - 7800/Named_Boxarts/Super Huey UH-IX (USA).png</thumbnail><marquee>~/../thumbs/Atari - 7800/Named_Logos/Super Huey UH-IX (USA).png</marquee></game>
<game><path>./Atari 7800 NoIntro/Super Skateboardin' (Europe).zip</path><name>Super Skateboardin' (Europe)</name><image>~/../thumbs/Atari - 7800/Named_Snaps/Super Skateboardin' (Europe).png</image><titleshot>~/../thumbs/Atari - 7800/Named_Titles/Super Skateboardin' (Europe).png</titleshot><thumbnail>~/../thumbs/Atari - 7800/Named_Boxarts/Super Skateboardin' (Europe).png</thumbnail><marquee>~/../thumbs/Atari - 7800/Named_Logos/Super Skateboardin' (Europe).png</marquee></game>
<game><path>./Atari 7800 NoIntro/Super Skateboardin' (USA).zip</path><name>Super Skateboardin' (USA)</name><image>~/../thumbs/Atari - 7800/Named_Snaps/Super Skateboardin' (USA).png</image><titleshot>~/../thumbs/Atari - 7800/Named_Titles/Super Skateboardin' (USA).png</titleshot><thumbnail>~/../thumbs/Atari - 7800/Named_Boxarts/Super Skateboardin' (USA).png</thumbnail><marquee>~/../thumbs/Atari - 7800/Named_Logos/Super Skateboardin' (USA).png</marquee></game>
<game><path>./Atari 7800 NoIntro/Tank Command (USA).zip</path><name>Tank Command (USA)</name><image>~/../thumbs/Atari - 7800/Named_Snaps/Tank Command (USA).png</image><titleshot>~/../thumbs/Atari - 7800/Named_Titles/Tank Command (USA).png</titleshot><thumbnail>~/../thumbs/Atari - 7800/Named_Boxarts/Tank Command (USA).png</thumbnail><marquee>~/../thumbs/Atari - 7800/Named_Logos/Tank Command (USA).png</marquee></game>
<game><path>./Atari 7800 NoIntro/Title Match Pro Wrestling (Europe).zip</path><name>Title Match Pro Wrestling (Europe)</name><image>~/../thumbs/Atari - 7800/Named_Snaps/Title Match Pro Wrestling (Europe).png</image><titleshot>~/../thumbs/Atari - 7800/Named_Titles/Title Match Pro Wrestling (Europe).png</titleshot><thumbnail>~/../thumbs/Atari - 7800/Named_Boxarts/Title Match Pro Wrestling (Europe).png</thumbnail><marquee>~/../thumbs/Atari - 7800/Named_Logos/Title Match Pro Wrestling (Europe).png</marquee></game>
<game><path>./Atari 7800 NoIntro/Title Match Pro Wrestling (USA).zip</path><name>Title Match Pro Wrestling (USA)</name><image>~/../thumbs/Atari - 7800/Named_Snaps/Title Match Pro Wrestling (USA).png</image><titleshot>~/../thumbs/Atari - 7800/Named_Titles/Title Match Pro Wrestling (USA).png</titleshot><thumbnail>~/../thumbs/Atari - 7800/Named_Boxarts/Title Match Pro Wrestling (USA).png</thumbnail><marquee>~/../thumbs/Atari - 7800/Named_Logos/Title Match Pro Wrestling (USA).png</marquee></game>
<game><path>./Atari 7800 NoIntro/Tomcat - The F-14 Fighter Simulator (Europe).zip</path><name>Tomcat - The F-14 Fighter Simulator (Europe)</name><image>~/../thumbs/Atari - 7800/Named_Snaps/Tomcat - The F-14 Fighter Simulator (Europe).png</image><titleshot>~/../thumbs/Atari - 7800/Named_Titles/Tomcat - The F-14 Fighter Simulator (Europe).png</titleshot><thumbnail>~/../thumbs/Atari - 7800/Named_Boxarts/Tomcat - The F-14 Fighter Simulator (Europe).png</thumbnail><marquee>~/../thumbs/Atari - 7800/Named_Logos/Tomcat - The F-14 Fighter Simulator (Europe).png</marquee></game>
<game><path>./Atari 7800 NoIntro/Tomcat - The F-14 Fighter Simulator (USA).zip</path><name>Tomcat - The F-14 Fighter Simulator (USA)</name><image>~/../thumbs/Atari - 7800/Named_Snaps/Tomcat - The F-14 Fighter Simulator (USA).png</image><titleshot>~/../thumbs/Atari - 7800/Named_Titles/Tomcat - The F-14 Fighter Simulator (USA).png</titleshot><thumbnail>~/../thumbs/Atari - 7800/Named_Boxarts/Tomcat - The F-14 Fighter Simulator (USA).png</thumbnail><marquee>~/../thumbs/Atari - 7800/Named_Logos/Tomcat - The F-14 Fighter Simulator (USA).png</marquee></game>
<game><path>./Atari 7800 NoIntro/Touchdown Football (USA).zip</path><name>Touchdown Football (USA)</name><image>~/../thumbs/Atari - 7800/Named_Snaps/Touchdown Football (USA).png</image><titleshot>~/../thumbs/Atari - 7800/Named_Titles/Touchdown Football (USA).png</titleshot><thumbnail>~/../thumbs/Atari - 7800/Named_Boxarts/Touchdown Football (USA).png</thumbnail><marquee>~/../thumbs/Atari - 7800/Named_Logos/Touchdown Football (USA).png</marquee></game>
<game><path>./Atari 7800 NoIntro/Tower Toppler (Europe).zip</path><name>Tower Toppler (Europe)</name><image>~/../thumbs/Atari - 7800/Named_Snaps/Tower Toppler (Europe).png</image><titleshot>~/../thumbs/Atari - 7800/Named_Titles/Tower Toppler (Europe).png</titleshot><thumbnail>~/../thumbs/Atari - 7800/Named_Boxarts/Tower Toppler (Europe).png</thumbnail><marquee>~/../thumbs/Atari - 7800/Named_Logos/Tower Toppler (Europe).png</marquee></game>
<game><path>./Atari 7800 NoIntro/Tower Toppler (USA).zip</path><name>Tower Toppler (USA)</name><image>~/../thumbs/Atari - 7800/Named_Snaps/Tower Toppler (USA).png</image><titleshot>~/../thumbs/Atari - 7800/Named_Titles/Tower Toppler (USA).png</titleshot><thumbnail>~/../thumbs/Atari - 7800/Named_Boxarts/Tower Toppler (USA).png</thumbnail><marquee>~/../thumbs/Atari - 7800/Named_Logos/Tower Toppler (USA).png</marquee></game>
<game><path>./Atari 7800 NoIntro/Water Ski (USA).zip</path><name>Water Ski (USA)</name><image>~/../thumbs/Atari - 7800/Named_Snaps/Water Ski (USA).png</image><titleshot>~/../thumbs/Atari - 7800/Named_Titles/Water Ski (USA).png</titleshot><thumbnail>~/../thumbs/Atari - 7800/Named_Boxarts/Water Ski (USA).png</thumbnail><marquee>~/../thumbs/Atari - 7800/Named_Logos/Water Ski (USA).png</marquee></game>
<game><path>./Atari 7800 NoIntro/Winter Games (USA).zip</path><name>Winter Games (USA)</name><image>~/../thumbs/Atari - 7800/Named_Snaps/Winter Games (USA).png</image><titleshot>~/../thumbs/Atari - 7800/Named_Titles/Winter Games (USA).png</titleshot><thumbnail>~/../thumbs/Atari - 7800/Named_Boxarts/Winter Games (USA).png</thumbnail><marquee>~/../thumbs/Atari - 7800/Named_Logos/Winter Games (USA).png</marquee></game>
<game><path>./Atari 7800 NoIntro/Xenophobe (Europe).zip</path><name>Xenophobe (Europe)</name><image>~/../thumbs/Atari - 7800/Named_Snaps/Xenophobe (Europe).png</image><titleshot>~/../thumbs/Atari - 7800/Named_Titles/Xenophobe (Europe).png</titleshot><thumbnail>~/../thumbs/Atari - 7800/Named_Boxarts/Xenophobe (Europe).png</thumbnail><marquee>~/../thumbs/Atari - 7800/Named_Logos/Xenophobe (Europe).png</marquee></game>
<game><path>./Atari 7800 NoIntro/Xenophobe (USA).zip</path><name>Xenophobe (USA)</name><image>~/../thumbs/Atari - 7800/Named_Snaps/Xenophobe (USA).png</image><titleshot>~/../thumbs/Atari - 7800/Named_Titles/Xenophobe (USA).png</titleshot><thumbnail>~/../thumbs/Atari - 7800/Named_Boxarts/Xenophobe (USA).png</thumbnail><marquee>~/../thumbs/Atari - 7800/Named_Logos/Xenophobe (USA).png</marquee></game>
<game><path>./Atari 7800 NoIntro/Xevious (Europe).zip</path><name>Xevious (Europe)</name><image>~/../thumbs/Atari - 7800/Named_Snaps/Xevious (Europe).png</image><titleshot>~/../thumbs/Atari - 7800/Named_Titles/Xevious (Europe).png</titleshot><thumbnail>~/../thumbs/Atari - 7800/Named_Boxarts/Xevious (Europe).png</thumbnail><marquee>~/../thumbs/Atari - 7800/Named_Logos/Xevious (Europe).png</marquee></game>
<game><path>./Atari 7800 NoIntro/Xevious (USA) (Beta).zip</path><name>Xevious (USA) (Beta)</name><image>~/../thumbs/Atari - 7800/Named_Snaps/Xevious (USA) (Beta).png</image><titleshot>~/../thumbs/Atari - 7800/Named_Titles/Xevious (USA) (Beta).png</titleshot><thumbnail>~/../thumbs/Atari - 7800/Named_Boxarts/Xevious (USA) (Beta).png</thumbnail><marquee>~/../thumbs/Atari - 7800/Named_Logos/Xevious (USA) (Beta).png</marquee><hidden>true</hidden></game>
<game><path>./Atari 7800 NoIntro/Xevious (USA).zip</path><name>Xevious (USA)</name><image>~/../thumbs/Atari - 7800/Named_Snaps/Xevious (USA).png</image><titleshot>~/../thumbs/Atari - 7800/Named_Titles/Xevious (USA).png</titleshot><thumbnail>~/../thumbs/Atari - 7800/Named_Boxarts/Xevious (USA).png</thumbnail><marquee>~/../thumbs/Atari - 7800/Named_Logos/Xevious (USA).png</marquee></game>
<game><path>./Atari 7800 NoIntro/[BIOS] Atari 7800 (Europe).zip</path><name>[BIOS] Atari 7800 (Europe)</name><image>~/../thumbs/Atari - 7800/Named_Snaps/[BIOS] Atari 7800 (Europe).png</image><titleshot>~/../thumbs/Atari - 7800/Named_Titles/[BIOS] Atari 7800 (Europe).png</titleshot><thumbnail>~/../thumbs/Atari - 7800/Named_Boxarts/[BIOS] Atari 7800 (Europe).png</thumbnail><marquee>~/../thumbs/Atari - 7800/Named_Logos/[BIOS] Atari 7800 (Europe).png</marquee><hidden>true</hidden></game>
<game><path>./Atari 7800 NoIntro/[BIOS] Atari 7800 (USA).zip</path><name>[BIOS] Atari 7800 (USA)</name><image>~/../thumbs/Atari - 7800/Named_Snaps/[BIOS] Atari 7800 (USA).png</image><titleshot>~/../thumbs/Atari - 7800/Named_Titles/[BIOS] Atari 7800 (USA).png</titleshot><thumbnail>~/../thumbs/Atari - 7800/Named_Boxarts/[BIOS] Atari 7800 (USA).png</thumbnail><marquee>~/../thumbs/Atari - 7800/Named_Logos/[BIOS] Atari 7800 (USA).png</marquee><hidden>true</hidden></game>
<folder><path>./Atari 7800 NoIntro</path><name>Atari 7800 NoIntro</name><image>~/../thumb/atari7800.png</image></folder>
<game><path>./Atari 7800 TOSEC//home/runner/rom/TOSEC/Atari/7800/Games/Atari 7800 - Games.zip</path><name>/home/runner/rom/TOSEC/Atari/7800/Games/Atari 7800 - Games</name><image>~/../thumbs/Atari - 7800/Named_Snaps//home/runner/rom/TOSEC/Atari/7800/Games/Atari 7800 - Games.png</image><titleshot>~/../thumbs/Atari - 7800/Named_Titles//home/runner/rom/TOSEC/Atari/7800/Games/Atari 7800 - Games.png</titleshot><thumbnail>~/../thumbs/Atari - 7800/Named_Boxarts//home/runner/rom/TOSEC/Atari/7800/Games/Atari 7800 - Games.png</thumbnail><marquee>~/../thumbs/Atari - 7800/Named_Logos//home/runner/rom/TOSEC/Atari/7800/Games/Atari 7800 - Games.png</marquee></game>
<folder><path>./Atari 7800 TOSEC</path><name>Atari 7800 TOSEC</name><image>~/../thumb/atari7800.png</image></folder>
</gameList>
