<gameList>
<game><path>./WASM-4/wasmstein3d.wasm</path><name>WASMstein 3D</name><image>./WASM-4/wasmstein3d.png</image></game>
<game><path>./WASM-4/melancholy-cart-0.wasm</path><name>Melancholy: cart 0</name><image>./WASM-4/melancholy-cart-0.png</image></game>
<game><path>./WASM-4/earth-invaders.wasm</path><name>Earth Invaders</name><image>./WASM-4/earth-invaders.png</image></game>
<game><path>./WASM-4/duck-maze.wasm</path><name>Duck Maze</name><image>./WASM-4/duck-maze.png</image></game>
<game><path>./WASM-4/comic-sans.wasm</path><name>comic-sans</name><image>./WASM-4/comic-sans.png</image></game>
<game><path>./WASM-4/jump-n-shoot.wasm</path><name>Jump &#x27;n&#x27; Shoot</name><image>./WASM-4/jump-n-shoot.png</image></game>
<game><path>./WASM-4/pixelvszombies.wasm</path><name>Pixel vs Zombies</name><image>./WASM-4/pixelvszombies.png</image></game>
<game><path>./WASM-4/uem-mini-game.wasm</path><name>UEM Mini Game</name><image>./WASM-4/uem-mini-game.png</image></game>
<game><path>./WASM-4/pega-pega-the-game.wasm</path><name>Pega-Pega: the game</name><image>./WASM-4/pega-pega-the-game.png</image></game>
<game><path>./WASM-4/wasminvaders.wasm</path><name>WASM Invaders</name><image>./WASM-4/wasminvaders.png</image></game>
<game><path>./WASM-4/tank-wars.wasm</path><name>Tank Wars</name><image>./WASM-4/tank-wars.png</image></game>
<game><path>./WASM-4/lava-hop.wasm</path><name>Lava Hop!</name><image>./WASM-4/lava-hop.png</image></game>
<game><path>./WASM-4/custom-pong.wasm</path><name>Customizable Pong</name><image>./WASM-4/custom-pong.png</image></game>
<game><path>./WASM-4/hotw.wasm</path><name>Hero of the Woods v3</name><image>./WASM-4/hotw.png</image></game>
<game><path>./WASM-4/zigtris.wasm</path><name>Zigtris</name><image>./WASM-4/zigtris.png</image></game>
<game><path>./WASM-4/lad2024.wasm</path><name>Lad 2024</name><image>./WASM-4/lad2024.png</image></game>
<game><path>./WASM-4/untangle.wasm</path><name>Untangle</name><image>./WASM-4/untangle.png</image></game>
<game><path>./WASM-4/tankle-adventure.wasm</path><name>Tankle Adventure</name><image>./WASM-4/tankle-adventure.png</image></game>
<game><path>./WASM-4/tankle.wasm</path><name>Tankle</name><image>./WASM-4/tankle.png</image></game>
<game><path>./WASM-4/miniciv.wasm</path><name>Mini Civ</name><image>./WASM-4/miniciv.png</image></game>
<game><path>./WASM-4/mazethingie.wasm</path><name>Mazethingie</name><image>./WASM-4/mazethingie.png</image></game>
<game><path>./WASM-4/formula-1.wasm</path><name>Formula 1</name><image>./WASM-4/formula-1.png</image></game>
<game><path>./WASM-4/rubido.wasm</path><name>Rubido</name><image>./WASM-4/rubido.png</image></game>
<game><path>./WASM-4/waternet.wasm</path><name>Waternet</name><image>./WASM-4/waternet.png</image></game>
<game><path>./WASM-4/wasm4-gbvgm-player.wasm</path><name>Wasm4 Gameboy VGM Player</name><image>./WASM-4/wasm4-gbvgm-player.png</image></game>
<game><path>./WASM-4/iwas.wasm</path><name>IWAS</name><image>./WASM-4/iwas.png</image></game>
<game><path>./WASM-4/tinypong.wasm</path><name>Tiny Pong</name><image>./WASM-4/tinypong.png</image></game>
<game><path>./WASM-4/starshard-scavengers.wasm</path><name>StarShard Scavengers</name><image>./WASM-4/starshard-scavengers.png</image></game>
<game><path>./WASM-4/kittygame.wasm</path><name>Kitty Game</name><image>./WASM-4/kittygame.png</image></game>
<game><path>./WASM-4/ioccc98flightsim.wasm</path><name>IOCCC 98 Flight Sim</name><image>./WASM-4/ioccc98flightsim.png</image></game>
<game><path>./WASM-4/starfighterarena.wasm</path><name>Starfighter Arena</name><image>./WASM-4/starfighterarena.png</image></game>
<game><path>./WASM-4/starfightercreator.wasm</path><name>Starfighter Ship Creator</name><image>./WASM-4/starfightercreator.png</image></game>
<game><path>./WASM-4/tankbattle.wasm</path><name>Tank Battle</name><image>./WASM-4/tankbattle.png</image></game>
<game><path>./WASM-4/wasm4-city.wasm</path><name>WASM-4 City</name><image>./WASM-4/wasm4-city.png</image></game>
<game><path>./WASM-4/wasm4-rpg.wasm</path><name>WASM-4 RPG</name><image>./WASM-4/wasm4-rpg.png</image></game>
<game><path>./WASM-4/phantom-shift.wasm</path><name>PHANTOM SHIFT</name><image>./WASM-4/phantom-shift.png</image></game>
<game><path>./WASM-4/ping.wasm</path><name>PING</name><image>./WASM-4/ping.png</image></game>
<game><path>./WASM-4/ur.wasm</path><name>The Royal Game of Ur</name><image>./WASM-4/ur.png</image></game>
<game><path>./WASM-4/bombfighters.wasm</path><name>Bombfighters</name><image>./WASM-4/bombfighters.png</image></game>
<game><path>./WASM-4/snakery.wasm</path><name>Snakery</name><image>./WASM-4/snakery.png</image></game>
<game><path>./WASM-4/seal-adventure.wasm</path><name>Seal Adventure</name><image>./WASM-4/seal-adventure.png</image></game>
<game><path>./WASM-4/break-it.wasm</path><name>Break-It</name><image>./WASM-4/break-it.png</image></game>
<game><path>./WASM-4/maze-wanderer.wasm</path><name>Maze Wanderer</name><image>./WASM-4/maze-wanderer.png</image></game>
<game><path>./WASM-4/train.wasm</path><name>Train!</name><image>./WASM-4/train.png</image></game>
<game><path>./WASM-4/seed-creator-showcase.wasm</path><name>Seed Creator Showcase</name><image>./WASM-4/seed-creator-showcase.png</image></game>
<game><path>./WASM-4/fuzzy-world-cup.wasm</path><name>Fuzzy World Cup</name><image>./WASM-4/fuzzy-world-cup.png</image></game>
<game><path>./WASM-4/corn.wasm</path><name>It&#x27;s Corn!</name><image>./WASM-4/corn.png</image></game>
<game><path>./WASM-4/zoopzoop.wasm</path><name>Zoop Zoop Bee Adventures 7</name><image>./WASM-4/zoopzoop.png</image></game>
<game><path>./WASM-4/samurai-revenge.wasm</path><name>Samurai Revenge</name><image>./WASM-4/samurai-revenge.png</image></game>
<game><path>./WASM-4/game-of-life-zig-edition.wasm</path><name>Game of Life: Zig Edition</name><image>./WASM-4/game-of-life-zig-edition.png</image></game>
<game><path>./WASM-4/minicraft.wasm</path><name>Minicraft</name><image>./WASM-4/minicraft.png</image></game>
<game><path>./WASM-4/wired.wasm</path><name>Wired</name><image>./WASM-4/wired.png</image></game>
<game><path>./WASM-4/the-romans-are-coming.wasm</path><name>The Romans Are Coming</name><image>./WASM-4/the-romans-are-coming.png</image></game>
<game><path>./WASM-4/escape-guldur.wasm</path><name>Escape Guldur</name><image>./WASM-4/escape-guldur.png</image></game>
<game><path>./WASM-4/journey-to-entorus.wasm</path><name>Journey to Entorus</name><image>./WASM-4/journey-to-entorus.png</image></game>
<game><path>./WASM-4/one-slime-army.wasm</path><name>One Slime Army</name><image>./WASM-4/one-slime-army.png</image></game>
<game><path>./WASM-4/punch-em-up.wasm</path><name>Punch&#x27;Em Up</name><image>./WASM-4/punch-em-up.png</image></game>
<game><path>./WASM-4/taufl.wasm</path><name>Tᴀᴜ Flight Simulator 1.0</name><image>./WASM-4/taufl.png</image></game>
<game><path>./WASM-4/dashy-dango.wasm</path><name>Dashy Dango</name><image>./WASM-4/dashy-dango.png</image></game>
<game><path>./WASM-4/disk-0-madness.wasm</path><name>disk-0 MADNESS</name><image>./WASM-4/disk-0-madness.png</image></game>
<game><path>./WASM-4/strikeforce.wasm</path><name>Strikeforce</name><image>./WASM-4/strikeforce.png</image></game>
<game><path>./WASM-4/trials-of-the-dark-sea.wasm</path><name>Trials of the dark sea</name><image>./WASM-4/trials-of-the-dark-sea.png</image></game>
<game><path>./WASM-4/ninja-vs-knights.wasm</path><name>Ninja vs Knights</name><image>./WASM-4/ninja-vs-knights.png</image></game>
<game><path>./WASM-4/first-flight.wasm</path><name>First Flight</name><image>./WASM-4/first-flight.png</image></game>
<game><path>./WASM-4/text-input.wasm</path><name>Text Input</name><image>./WASM-4/text-input.png</image></game>
<game><path>./WASM-4/bubblewrap.wasm</path><name>Bubblewrap</name><image>./WASM-4/bubblewrap.png</image></game>
<game><path>./WASM-4/sound-test.wasm</path><name>Sound Test</name><image>./WASM-4/sound-test.png</image></game>
<game><path>./WASM-4/simple-space-invaders.wasm</path><name>A Simple Space Invaders game</name><image>./WASM-4/simple-space-invaders.png</image></game>
<game><path>./WASM-4/touhou-spirits.wasm</path><name>Touhou Spirits</name><image>./WASM-4/touhou-spirits.png</image></game>
<game><path>./WASM-4/floppy-fish.wasm</path><name>Floppy Fish</name><image>./WASM-4/floppy-fish.png</image></game>
<game><path>./WASM-4/w4f.wasm</path><name>Win 4 Fighter (W4F)</name><image>./WASM-4/w4f.png</image></game>
<game><path>./WASM-4/glowfish-chess.wasm</path><name>Glowfish Chess</name><image>./WASM-4/glowfish-chess.png</image></game>
<game><path>./WASM-4/shieldshooter.wasm</path><name>Shieldshooter</name><image>./WASM-4/shieldshooter.png</image></game>
<game><path>./WASM-4/zxz.wasm</path><name>ZxZ</name><image>./WASM-4/zxz.png</image></game>
<game><path>./WASM-4/lingword.wasm</path><name>Lingword</name><image>./WASM-4/lingword.png</image></game>
<game><path>./WASM-4/totally-not-sumo.wasm</path><name>Totally not sumo</name><image>./WASM-4/totally-not-sumo.png</image></game>
<game><path>./WASM-4/antcopter.wasm</path><name>Antcopter</name><image>./WASM-4/antcopter.png</image></game>
<game><path>./WASM-4/you-will-return.wasm</path><name>You Will Return</name><image>./WASM-4/you-will-return.png</image></game>
<game><path>./WASM-4/wasm4nia.wasm</path><name>wasm4nia</name><image>./WASM-4/wasm4nia.png</image></game>
<game><path>./WASM-4/explore-the-grotto.wasm</path><name>Explore the Grotto</name><image>./WASM-4/explore-the-grotto.png</image></game>
<game><path>./WASM-4/future-avoid.wasm</path><name>Future Avoid</name><image>./WASM-4/future-avoid.png</image></game>
<game><path>./WASM-4/mind-palace.wasm</path><name>Mind Palace</name><image>./WASM-4/mind-palace.png</image></game>
<game><path>./WASM-4/plctfarmer.wasm</path><name>Pl¢tfarmer</name><image>./WASM-4/plctfarmer.png</image></game>
<game><path>./WASM-4/to-the-core.wasm</path><name>TO THE CORE</name><image>./WASM-4/to-the-core.png</image></game>
<game><path>./WASM-4/hills-moonlight.wasm</path><name>Hills in the Moonlight</name><image>./WASM-4/hills-moonlight.png</image></game>
<game><path>./WASM-4/lime-volleyball.wasm</path><name>Lime Volleyball</name><image>./WASM-4/lime-volleyball.png</image></game>
<game><path>./WASM-4/fools-paradise.wasm</path><name>Fool&#x27;s Paradise</name><image>./WASM-4/fools-paradise.png</image></game>
<game><path>./WASM-4/rolly-dango.wasm</path><name>Rolly Dango</name><image>./WASM-4/rolly-dango.png</image></game>
<game><path>./WASM-4/space-delivery.wasm</path><name>Space Delivery</name><image>./WASM-4/space-delivery.png</image></game>
<game><path>./WASM-4/pocket-dust.wasm</path><name>Pocket Dust</name><image>./WASM-4/pocket-dust.png</image></game>
<game><path>./WASM-4/spunky.wasm</path><name>Spunky</name><image>./WASM-4/spunky.png</image></game>
<game><path>./WASM-4/assemblio.wasm</path><name>Assemblio</name><image>./WASM-4/assemblio.png</image></game>
<game><path>./WASM-4/tail-gunner.wasm</path><name>Tail Gunner</name><image>./WASM-4/tail-gunner.png</image></game>
<game><path>./WASM-4/hammer-joe.wasm</path><name>HAMMER JOE</name><image>./WASM-4/hammer-joe.png</image></game>
<game><path>./WASM-4/sokoban.wasm</path><name>Sokoban</name><image>./WASM-4/sokoban.png</image></game>
<game><path>./WASM-4/presents-to-the-metal.wasm</path><name>Presents to the Metal</name><image>./WASM-4/presents-to-the-metal.png</image></game>
<game><path>./WASM-4/micro-quest.wasm</path><name>Micro Quest</name><image>./WASM-4/micro-quest.png</image></game>
<game><path>./WASM-4/space-kommand.wasm</path><name>Space Kommand</name><image>./WASM-4/space-kommand.png</image></game>
<game><path>./WASM-4/the-legend-of-geml-awakening.wasm</path><name>The Legend of GEML: Awakening</name><image>./WASM-4/the-legend-of-geml-awakening.png</image></game>
<game><path>./WASM-4/lumber-night.wasm</path><name>Lumber Night</name><image>./WASM-4/lumber-night.png</image></game>
<game><path>./WASM-4/big-space-iron.wasm</path><name>Big Space Iron</name><image>./WASM-4/big-space-iron.png</image></game>
<game><path>./WASM-4/wloku.wasm</path><name>WLOKU</name><image>./WASM-4/wloku.png</image></game>
<game><path>./WASM-4/wasm-wars.wasm</path><name>Wasm Wars</name><image>./WASM-4/wasm-wars.png</image></game>
<game><path>./WASM-4/pid-controller.wasm</path><name>PID Controller</name><image>./WASM-4/pid-controller.png</image></game>
<game><path>./WASM-4/puyo.wasm</path><name>Puyo</name><image>./WASM-4/puyo.png</image></game>
<game><path>./WASM-4/smash-sugar-parallelepipeds.wasm</path><name>Smash Sugar Parallelepipeds</name><image>./WASM-4/smash-sugar-parallelepipeds.png</image></game>
<game><path>./WASM-4/dont-smash-into-obstacles.wasm</path><name>Don&#x27;t Smash Into Obstacles</name><image>./WASM-4/dont-smash-into-obstacles.png</image></game>
<game><path>./WASM-4/wumpus-hunt.wasm</path><name>Wumpus Hunt</name><image>./WASM-4/wumpus-hunt.png</image></game>
<game><path>./WASM-4/projectron.wasm</path><name>Projectron</name><image>./WASM-4/projectron.png</image></game>
<game><path>./WASM-4/simple-rocket.wasm</path><name>Simple Rocket</name><image>./WASM-4/simple-rocket.png</image></game>
<game><path>./WASM-4/image-carousel.wasm</path><name>Image Carousel</name><image>./WASM-4/image-carousel.png</image></game>
<game><path>./WASM-4/sound-demo.wasm</path><name>Sound Demo</name><image>./WASM-4/sound-demo.png</image></game>
<game><path>./WASM-4/dodgeball.wasm</path><name>Dodgeball</name><image>./WASM-4/dodgeball.png</image></game>
<game><path>./WASM-4/piano.wasm</path><name>Piano</name><image>./WASM-4/piano.png</image></game>
<game><path>./WASM-4/racer.wasm</path><name>Racer</name><image>./WASM-4/racer.png</image></game>
<game><path>./WASM-4/miku-15.wasm</path><name>MIKU-15</name><image>./WASM-4/miku-15.png</image></game>
<game><path>./WASM-4/maze.wasm</path><name>Maze</name><image>./WASM-4/maze.png</image></game>
<game><path>./WASM-4/game-of-life.wasm</path><name>Game of Life</name><image>./WASM-4/game-of-life.png</image></game>
<game><path>./WASM-4/match3.wasm</path><name>Match3</name><image>./WASM-4/match3.png</image></game>
<game><path>./WASM-4/minesweeper.wasm</path><name>Minesweeper</name><image>./WASM-4/minesweeper.png</image></game>
<game><path>./WASM-4/snake.wasm</path><name>Snake</name><image>./WASM-4/snake.png</image></game>
<game><path>./WASM-4/nyancat.wasm</path><name>Nyan Cat</name><image>./WASM-4/nyancat.png</image></game>
<game><path>./WASM-4/skipahead.wasm</path><name>Skip Ahead</name><image>./WASM-4/skipahead.png</image></game>
<game><path>./WASM-4/endless-runner.wasm</path><name>Endless Runner</name><image>./WASM-4/endless-runner.png</image></game>
<game><path>./WASM-4/lakeshooter.wasm</path><name>Lake Shooter</name><image>./WASM-4/lakeshooter.png</image></game>
<game><path>./WASM-4/mouse-demo.wasm</path><name>Mouse Demo</name><image>./WASM-4/mouse-demo.png</image></game>
<game><path>./WASM-4/palette-previewer.wasm</path><name>Palette Previewer</name><image>./WASM-4/palette-previewer.png</image></game>
<game><path>./WASM-4/plasma-cube.wasm</path><name>Plasma Cube</name><image>./WASM-4/plasma-cube.png</image></game>
<game><path>./WASM-4/2048.wasm</path><name>2048</name><image>./WASM-4/2048.png</image></game>
<game><path>./WASM-4/meteoroids.wasm</path><name>Meteoroids</name><image>./WASM-4/meteoroids.png</image></game>
<game><path>./WASM-4/wormhole.wasm</path><name>Wormhole</name><image>./WASM-4/wormhole.png</image></game>
<game><path>./WASM-4/tictactoe.wasm</path><name>Tic Tac Toe</name><image>./WASM-4/tictactoe.png</image></game>
<game><path>./WASM-4/pong.wasm</path><name>Pong</name><image>./WASM-4/pong.png</image></game>
<game><path>./WASM-4/raw-assembly.wasm</path><name>Raw Assembly Test</name><image>./WASM-4/raw-assembly.png</image></game>
<game><path>./WASM-4/platformer-test.wasm</path><name>Platformer Test</name><image>./WASM-4/platformer-test.png</image></game>
<game><path>./WASM-4/watris.wasm</path><name>Watris</name><image>./WASM-4/watris.png</image></game>
</gameList>
