<gameList>
<game><path>./Merged/dezaemon.zip</path><name>dezaemon</name><image>~/../thumbs/Nintendo - Nintendo 64DD/Named_Snaps/dezaemon.png</image></game>
<game><path>./Merged/fzerox.zip</path><name>fzerox</name><image>~/../thumbs/Nintendo - Nintendo 64DD/Named_Snaps/fzerox.png</image></game>
<game><path>./Merged/kdoshin.zip</path><name>kdoshin</name><image>~/../thumbs/Nintendo - Nintendo 64DD/Named_Snaps/kdoshin.png</image></game>
<game><path>./Merged/kdoshin2.zip</path><name>kdoshin2</name><image>~/../thumbs/Nintendo - Nintendo 64DD/Named_Snaps/kdoshin2.png</image></game>
<game><path>./Merged/mariartc.zip</path><name>mariartc</name><image>~/../thumbs/Nintendo - Nintendo 64DD/Named_Snaps/mariartc.png</image></game>
<game><path>./Merged/mariartg.zip</path><name>mariartg</name><image>~/../thumbs/Nintendo - Nintendo 64DD/Named_Snaps/mariartg.png</image></game>
<game><path>./Merged/mariartp.zip</path><name>mariartp</name><image>~/../thumbs/Nintendo - Nintendo 64DD/Named_Snaps/mariartp.png</image></game>
<game><path>./Merged/mariartt.zip</path><name>mariartt</name><image>~/../thumbs/Nintendo - Nintendo 64DD/Named_Snaps/mariartt.png</image></game>
<game><path>./Merged/progolf.zip</path><name>progolf</name><image>~/../thumbs/Nintendo - Nintendo 64DD/Named_Snaps/progolf.png</image></game>
<game><path>./Merged/randnet.zip</path><name>randnet</name><image>~/../thumbs/Nintendo - Nintendo 64DD/Named_Snaps/randnet.png</image></game>
<game><path>./Merged/simcity.zip</path><name>simcity</name><image>~/../thumbs/Nintendo - Nintendo 64DD/Named_Snaps/simcity.png</image></game>
<game><path>./Merged/sm64.zip</path><name>sm64</name><image>~/../thumbs/Nintendo - Nintendo 64DD/Named_Snaps/sm64.png</image></game>
<folder><path>./Merged</path><name>Merged</name><image>~/../thumb/n64dd.png</image></folder>
<game><path>./Split/dezaemon.zip</path><name>dezaemon</name><image>~/../thumbs/Nintendo - Nintendo 64DD/Named_Snaps/dezaemon.png</image></game>
<game><path>./Split/fzerox.zip</path><name>fzerox</name><image>~/../thumbs/Nintendo - Nintendo 64DD/Named_Snaps/fzerox.png</image></game>
<game><path>./Split/kdoshin.zip</path><name>kdoshin</name><image>~/../thumbs/Nintendo - Nintendo 64DD/Named_Snaps/kdoshin.png</image></game>
<game><path>./Split/kdoshin2.zip</path><name>kdoshin2</name><image>~/../thumbs/Nintendo - Nintendo 64DD/Named_Snaps/kdoshin2.png</image></game>
<game><path>./Split/kdoshind.zip</path><name>kdoshind</name><image>~/../thumbs/Nintendo - Nintendo 64DD/Named_Snaps/kdoshind.png</image></game>
<game><path>./Split/mariartc.zip</path><name>mariartc</name><image>~/../thumbs/Nintendo - Nintendo 64DD/Named_Snaps/mariartc.png</image></game>
<game><path>./Split/mariartg.zip</path><name>mariartg</name><image>~/../thumbs/Nintendo - Nintendo 64DD/Named_Snaps/mariartg.png</image></game>
<game><path>./Split/mariartp.zip</path><name>mariartp</name><image>~/../thumbs/Nintendo - Nintendo 64DD/Named_Snaps/mariartp.png</image></game>
<game><path>./Split/mariartt.zip</path><name>mariartt</name><image>~/../thumbs/Nintendo - Nintendo 64DD/Named_Snaps/mariartt.png</image></game>
<game><path>./Split/progolf.zip</path><name>progolf</name><image>~/../thumbs/Nintendo - Nintendo 64DD/Named_Snaps/progolf.png</image></game>
<game><path>./Split/randnet.zip</path><name>randnet</name><image>~/../thumbs/Nintendo - Nintendo 64DD/Named_Snaps/randnet.png</image></game>
<game><path>./Split/simcity.zip</path><name>simcity</name><image>~/../thumbs/Nintendo - Nintendo 64DD/Named_Snaps/simcity.png</image></game>
<game><path>./Split/sm64.zip</path><name>sm64</name><image>~/../thumbs/Nintendo - Nintendo 64DD/Named_Snaps/sm64.png</image></game>
<folder><path>./Split</path><name>Split</name><image>~/../thumb/n64dd.png</image></folder>
</gameList>
