<gameList>
<game><path>./ZX Spectrum DSK//home/runner/rom/TOSEC/Sinclair/ZX Spectrum/Games/[DSK]/Sinclair ZX Spectrum - Games - [DSK].zip</path><name>/home/runner/rom/TOSEC/Sinclair/ZX Spectrum/Games/[DSK]/Sinclair ZX Spectrum - Games - [DSK]</name><image>~/../thumbs/Sinclair - ZX Spectrum/Named_Snaps//home/runner/rom/TOSEC/Sinclair/ZX Spectrum/Games/[DSK]/Sinclair ZX Spectrum - Games - [DSK].png</image><titleshot>~/../thumbs/Sinclair - ZX Spectrum/Named_Titles//home/runner/rom/TOSEC/Sinclair/ZX Spectrum/Games/[DSK]/Sinclair ZX Spectrum - Games - [DSK].png</titleshot><thumbnail>~/../thumbs/Sinclair - ZX Spectrum/Named_Boxarts//home/runner/rom/TOSEC/Sinclair/ZX Spectrum/Games/[DSK]/Sinclair ZX Spectrum - Games - [DSK].png</thumbnail><marquee>~/../thumbs/Sinclair - ZX Spectrum/Named_Logos//home/runner/rom/TOSEC/Sinclair/ZX Spectrum/Games/[DSK]/Sinclair ZX Spectrum - Games - [DSK].png</marquee></game>
<folder><path>./ZX Spectrum DSK</path><name>ZX Spectrum DSK</name><image>~/../thumb/zxspectrum.png</image></folder>
<game><path>./ZX Spectrum SCL//home/runner/rom/TOSEC/Sinclair/ZX Spectrum/Games/[SCL]/Sinclair ZX Spectrum - Games - [SCL].zip</path><name>/home/runner/rom/TOSEC/Sinclair/ZX Spectrum/Games/[SCL]/Sinclair ZX Spectrum - Games - [SCL]</name><image>~/../thumbs/Sinclair - ZX Spectrum/Named_Snaps//home/runner/rom/TOSEC/Sinclair/ZX Spectrum/Games/[SCL]/Sinclair ZX Spectrum - Games - [SCL].png</image><titleshot>~/../thumbs/Sinclair - ZX Spectrum/Named_Titles//home/runner/rom/TOSEC/Sinclair/ZX Spectrum/Games/[SCL]/Sinclair ZX Spectrum - Games - [SCL].png</titleshot><thumbnail>~/../thumbs/Sinclair - ZX Spectrum/Named_Boxarts//home/runner/rom/TOSEC/Sinclair/ZX Spectrum/Games/[SCL]/Sinclair ZX Spectrum - Games - [SCL].png</thumbnail><marquee>~/../thumbs/Sinclair - ZX Spectrum/Named_Logos//home/runner/rom/TOSEC/Sinclair/ZX Spectrum/Games/[SCL]/Sinclair ZX Spectrum - Games - [SCL].png</marquee></game>
<folder><path>./ZX Spectrum SCL</path><name>ZX Spectrum SCL</name><image>~/../thumb/zxspectrum.png</image></folder>
<game><path>./ZX Spectrum TAP//home/runner/rom/TOSEC/Sinclair/ZX Spectrum/Games/[TAP]/Sinclair ZX Spectrum - Games - [TAP].zip</path><name>/home/runner/rom/TOSEC/Sinclair/ZX Spectrum/Games/[TAP]/Sinclair ZX Spectrum - Games - [TAP]</name><image>~/../thumbs/Sinclair - ZX Spectrum/Named_Snaps//home/runner/rom/TOSEC/Sinclair/ZX Spectrum/Games/[TAP]/Sinclair ZX Spectrum - Games - [TAP].png</image><titleshot>~/../thumbs/Sinclair - ZX Spectrum/Named_Titles//home/runner/rom/TOSEC/Sinclair/ZX Spectrum/Games/[TAP]/Sinclair ZX Spectrum - Games - [TAP].png</titleshot><thumbnail>~/../thumbs/Sinclair - ZX Spectrum/Named_Boxarts//home/runner/rom/TOSEC/Sinclair/ZX Spectrum/Games/[TAP]/Sinclair ZX Spectrum - Games - [TAP].png</thumbnail><marquee>~/../thumbs/Sinclair - ZX Spectrum/Named_Logos//home/runner/rom/TOSEC/Sinclair/ZX Spectrum/Games/[TAP]/Sinclair ZX Spectrum - Games - [TAP].png</marquee><hidden>true</hidden></game>
<folder><path>./ZX Spectrum TAP</path><name>ZX Spectrum TAP</name><image>~/../thumb/zxspectrum.png</image></folder>
<game><path>./ZX Spectrum TRD//home/runner/rom/TOSEC/Sinclair/ZX Spectrum/Games/[TRD]/Sinclair ZX Spectrum - Games - [TRD].zip</path><name>/home/runner/rom/TOSEC/Sinclair/ZX Spectrum/Games/[TRD]/Sinclair ZX Spectrum - Games - [TRD]</name><image>~/../thumbs/Sinclair - ZX Spectrum/Named_Snaps//home/runner/rom/TOSEC/Sinclair/ZX Spectrum/Games/[TRD]/Sinclair ZX Spectrum - Games - [TRD].png</image><titleshot>~/../thumbs/Sinclair - ZX Spectrum/Named_Titles//home/runner/rom/TOSEC/Sinclair/ZX Spectrum/Games/[TRD]/Sinclair ZX Spectrum - Games - [TRD].png</titleshot><thumbnail>~/../thumbs/Sinclair - ZX Spectrum/Named_Boxarts//home/runner/rom/TOSEC/Sinclair/ZX Spectrum/Games/[TRD]/Sinclair ZX Spectrum - Games - [TRD].png</thumbnail><marquee>~/../thumbs/Sinclair - ZX Spectrum/Named_Logos//home/runner/rom/TOSEC/Sinclair/ZX Spectrum/Games/[TRD]/Sinclair ZX Spectrum - Games - [TRD].png</marquee><hidden>true</hidden></game>
<folder><path>./ZX Spectrum TRD</path><name>ZX Spectrum TRD</name><image>~/../thumb/zxspectrum.png</image></folder>
<game><path>./ZX Spectrum TZX//home/runner/rom/TOSEC/Sinclair/ZX Spectrum/Games/[TZX]/Sinclair ZX Spectrum - Games - [TZX].zip</path><name>/home/runner/rom/TOSEC/Sinclair/ZX Spectrum/Games/[TZX]/Sinclair ZX Spectrum - Games - [TZX]</name><image>~/../thumbs/Sinclair - ZX Spectrum/Named_Snaps//home/runner/rom/TOSEC/Sinclair/ZX Spectrum/Games/[TZX]/Sinclair ZX Spectrum - Games - [TZX].png</image><titleshot>~/../thumbs/Sinclair - ZX Spectrum/Named_Titles//home/runner/rom/TOSEC/Sinclair/ZX Spectrum/Games/[TZX]/Sinclair ZX Spectrum - Games - [TZX].png</titleshot><thumbnail>~/../thumbs/Sinclair - ZX Spectrum/Named_Boxarts//home/runner/rom/TOSEC/Sinclair/ZX Spectrum/Games/[TZX]/Sinclair ZX Spectrum - Games - [TZX].png</thumbnail><marquee>~/../thumbs/Sinclair - ZX Spectrum/Named_Logos//home/runner/rom/TOSEC/Sinclair/ZX Spectrum/Games/[TZX]/Sinclair ZX Spectrum - Games - [TZX].png</marquee><hidden>true</hidden></game>
<folder><path>./ZX Spectrum TZX</path><name>ZX Spectrum TZX</name><image>~/../thumb/zxspectrum.png</image></folder>
<game><path>./ZX Spectrum Z80//home/runner/rom/TOSEC/Sinclair/ZX Spectrum/Games/[Z80]/Sinclair ZX Spectrum - Games - [Z80].zip</path><name>/home/runner/rom/TOSEC/Sinclair/ZX Spectrum/Games/[Z80]/Sinclair ZX Spectrum - Games - [Z80]</name><image>~/../thumbs/Sinclair - ZX Spectrum/Named_Snaps//home/runner/rom/TOSEC/Sinclair/ZX Spectrum/Games/[Z80]/Sinclair ZX Spectrum - Games - [Z80].png</image><titleshot>~/../thumbs/Sinclair - ZX Spectrum/Named_Titles//home/runner/rom/TOSEC/Sinclair/ZX Spectrum/Games/[Z80]/Sinclair ZX Spectrum - Games - [Z80].png</titleshot><thumbnail>~/../thumbs/Sinclair - ZX Spectrum/Named_Boxarts//home/runner/rom/TOSEC/Sinclair/ZX Spectrum/Games/[Z80]/Sinclair ZX Spectrum - Games - [Z80].png</thumbnail><marquee>~/../thumbs/Sinclair - ZX Spectrum/Named_Logos//home/runner/rom/TOSEC/Sinclair/ZX Spectrum/Games/[Z80]/Sinclair ZX Spectrum - Games - [Z80].png</marquee></game>
<folder><path>./ZX Spectrum Z80</path><name>ZX Spectrum Z80</name><image>~/../thumb/zxspectrum.png</image></folder>
<game><path>./ZX Spectrum Edu TAP//home/runner/rom/TOSEC/Sinclair/ZX Spectrum/Educational/[TAP]/Sinclair ZX Spectrum - Educational - [TAP].zip</path><name>/home/runner/rom/TOSEC/Sinclair/ZX Spectrum/Educational/[TAP]/Sinclair ZX Spectrum - Educational - [TAP]</name><image>~/../thumbs/Sinclair - ZX Spectrum/Named_Snaps//home/runner/rom/TOSEC/Sinclair/ZX Spectrum/Educational/[TAP]/Sinclair ZX Spectrum - Educational - [TAP].png</image><titleshot>~/../thumbs/Sinclair - ZX Spectrum/Named_Titles//home/runner/rom/TOSEC/Sinclair/ZX Spectrum/Educational/[TAP]/Sinclair ZX Spectrum - Educational - [TAP].png</titleshot><thumbnail>~/../thumbs/Sinclair - ZX Spectrum/Named_Boxarts//home/runner/rom/TOSEC/Sinclair/ZX Spectrum/Educational/[TAP]/Sinclair ZX Spectrum - Educational - [TAP].png</thumbnail><marquee>~/../thumbs/Sinclair - ZX Spectrum/Named_Logos//home/runner/rom/TOSEC/Sinclair/ZX Spectrum/Educational/[TAP]/Sinclair ZX Spectrum - Educational - [TAP].png</marquee><hidden>true</hidden></game>
<folder><path>./ZX Spectrum Edu TAP</path><name>ZX Spectrum Edu TAP</name><image>~/../thumb/zxspectrum.png</image></folder>
<game><path>./ZX Spectrum Edu TZX//home/runner/rom/TOSEC/Sinclair/ZX Spectrum/Educational/[TZX]/Sinclair ZX Spectrum - Educational - [TZX].zip</path><name>/home/runner/rom/TOSEC/Sinclair/ZX Spectrum/Educational/[TZX]/Sinclair ZX Spectrum - Educational - [TZX]</name><image>~/../thumbs/Sinclair - ZX Spectrum/Named_Snaps//home/runner/rom/TOSEC/Sinclair/ZX Spectrum/Educational/[TZX]/Sinclair ZX Spectrum - Educational - [TZX].png</image><titleshot>~/../thumbs/Sinclair - ZX Spectrum/Named_Titles//home/runner/rom/TOSEC/Sinclair/ZX Spectrum/Educational/[TZX]/Sinclair ZX Spectrum - Educational - [TZX].png</titleshot><thumbnail>~/../thumbs/Sinclair - ZX Spectrum/Named_Boxarts//home/runner/rom/TOSEC/Sinclair/ZX Spectrum/Educational/[TZX]/Sinclair ZX Spectrum - Educational - [TZX].png</thumbnail><marquee>~/../thumbs/Sinclair - ZX Spectrum/Named_Logos//home/runner/rom/TOSEC/Sinclair/ZX Spectrum/Educational/[TZX]/Sinclair ZX Spectrum - Educational - [TZX].png</marquee><hidden>true</hidden></game>
<folder><path>./ZX Spectrum Edu TZX</path><name>ZX Spectrum Edu TZX</name><image>~/../thumb/zxspectrum.png</image></folder>
<game><path>./ZX Spectrum Edu Z80//home/runner/rom/TOSEC/Sinclair/ZX Spectrum/Educational/[Z80]/Sinclair ZX Spectrum - Educational - [Z80].zip</path><name>/home/runner/rom/TOSEC/Sinclair/ZX Spectrum/Educational/[Z80]/Sinclair ZX Spectrum - Educational - [Z80]</name><image>~/../thumbs/Sinclair - ZX Spectrum/Named_Snaps//home/runner/rom/TOSEC/Sinclair/ZX Spectrum/Educational/[Z80]/Sinclair ZX Spectrum - Educational - [Z80].png</image><titleshot>~/../thumbs/Sinclair - ZX Spectrum/Named_Titles//home/runner/rom/TOSEC/Sinclair/ZX Spectrum/Educational/[Z80]/Sinclair ZX Spectrum - Educational - [Z80].png</titleshot><thumbnail>~/../thumbs/Sinclair - ZX Spectrum/Named_Boxarts//home/runner/rom/TOSEC/Sinclair/ZX Spectrum/Educational/[Z80]/Sinclair ZX Spectrum - Educational - [Z80].png</thumbnail><marquee>~/../thumbs/Sinclair - ZX Spectrum/Named_Logos//home/runner/rom/TOSEC/Sinclair/ZX Spectrum/Educational/[Z80]/Sinclair ZX Spectrum - Educational - [Z80].png</marquee></game>
<folder><path>./ZX Spectrum Edu Z80</path><name>ZX Spectrum Edu Z80</name><image>~/../thumb/zxspectrum.png</image></folder>
<game><path>./ZX Spectrum App TAP//home/runner/rom/TOSEC/Sinclair/ZX Spectrum/Applications/[TAP]/Sinclair ZX Spectrum - Applications - [TAP].zip</path><name>/home/runner/rom/TOSEC/Sinclair/ZX Spectrum/Applications/[TAP]/Sinclair ZX Spectrum - Applications - [TAP]</name><image>~/../thumbs/Sinclair - ZX Spectrum/Named_Snaps//home/runner/rom/TOSEC/Sinclair/ZX Spectrum/Applications/[TAP]/Sinclair ZX Spectrum - Applications - [TAP].png</image><titleshot>~/../thumbs/Sinclair - ZX Spectrum/Named_Titles//home/runner/rom/TOSEC/Sinclair/ZX Spectrum/Applications/[TAP]/Sinclair ZX Spectrum - Applications - [TAP].png</titleshot><thumbnail>~/../thumbs/Sinclair - ZX Spectrum/Named_Boxarts//home/runner/rom/TOSEC/Sinclair/ZX Spectrum/Applications/[TAP]/Sinclair ZX Spectrum - Applications - [TAP].png</thumbnail><marquee>~/../thumbs/Sinclair - ZX Spectrum/Named_Logos//home/runner/rom/TOSEC/Sinclair/ZX Spectrum/Applications/[TAP]/Sinclair ZX Spectrum - Applications - [TAP].png</marquee><hidden>true</hidden></game>
<folder><path>./ZX Spectrum App TAP</path><name>ZX Spectrum App TAP</name><image>~/../thumb/zxspectrum.png</image></folder>
<game><path>./ZX Spectrum App TZX//home/runner/rom/TOSEC/Sinclair/ZX Spectrum/Applications/[TZX]/Sinclair ZX Spectrum - Applications - [TZX].zip</path><name>/home/runner/rom/TOSEC/Sinclair/ZX Spectrum/Applications/[TZX]/Sinclair ZX Spectrum - Applications - [TZX]</name><image>~/../thumbs/Sinclair - ZX Spectrum/Named_Snaps//home/runner/rom/TOSEC/Sinclair/ZX Spectrum/Applications/[TZX]/Sinclair ZX Spectrum - Applications - [TZX].png</image><titleshot>~/../thumbs/Sinclair - ZX Spectrum/Named_Titles//home/runner/rom/TOSEC/Sinclair/ZX Spectrum/Applications/[TZX]/Sinclair ZX Spectrum - Applications - [TZX].png</titleshot><thumbnail>~/../thumbs/Sinclair - ZX Spectrum/Named_Boxarts//home/runner/rom/TOSEC/Sinclair/ZX Spectrum/Applications/[TZX]/Sinclair ZX Spectrum - Applications - [TZX].png</thumbnail><marquee>~/../thumbs/Sinclair - ZX Spectrum/Named_Logos//home/runner/rom/TOSEC/Sinclair/ZX Spectrum/Applications/[TZX]/Sinclair ZX Spectrum - Applications - [TZX].png</marquee><hidden>true</hidden></game>
<folder><path>./ZX Spectrum App TZX</path><name>ZX Spectrum App TZX</name><image>~/../thumb/zxspectrum.png</image></folder>
<game><path>./ZX Spectrum App Z80//home/runner/rom/TOSEC/Sinclair/ZX Spectrum/Applications/[Z80]/Sinclair ZX Spectrum - Applications - [Z80].zip</path><name>/home/runner/rom/TOSEC/Sinclair/ZX Spectrum/Applications/[Z80]/Sinclair ZX Spectrum - Applications - [Z80]</name><image>~/../thumbs/Sinclair - ZX Spectrum/Named_Snaps//home/runner/rom/TOSEC/Sinclair/ZX Spectrum/Applications/[Z80]/Sinclair ZX Spectrum - Applications - [Z80].png</image><titleshot>~/../thumbs/Sinclair - ZX Spectrum/Named_Titles//home/runner/rom/TOSEC/Sinclair/ZX Spectrum/Applications/[Z80]/Sinclair ZX Spectrum - Applications - [Z80].png</titleshot><thumbnail>~/../thumbs/Sinclair - ZX Spectrum/Named_Boxarts//home/runner/rom/TOSEC/Sinclair/ZX Spectrum/Applications/[Z80]/Sinclair ZX Spectrum - Applications - [Z80].png</thumbnail><marquee>~/../thumbs/Sinclair - ZX Spectrum/Named_Logos//home/runner/rom/TOSEC/Sinclair/ZX Spectrum/Applications/[Z80]/Sinclair ZX Spectrum - Applications - [Z80].png</marquee></game>
<folder><path>./ZX Spectrum App Z80</path><name>ZX Spectrum App Z80</name><image>~/../thumb/zxspectrum.png</image></folder>
</gameList>
