<gameList>
<game><path>./Pokemon Mini NoIntro/Lunch Time (Europe) (Demo) (Pokemon Channel).zip</path><name>Lunch Time (Europe) (Demo) (Pokemon Channel)</name><image>~/../thumbs/Nintendo - Pokemon Mini/Named_Snaps/Lunch Time (Europe).png</image><titleshot>~/../thumbs/Nintendo - Pokemon Mini/Named_Titles/Lunch Time (Europe).png</titleshot><thumbnail>~/../thumbs/Nintendo - Pokemon Mini/Named_Boxarts/Lunch Time (Europe).png</thumbnail><marquee>~/../thumbs/Nintendo - Pokemon Mini/Named_Logos/Lunch Time (Europe).png</marquee></game>
<game><path>./Pokemon Mini NoIntro/Pichu Bros. Mini (Japan).zip</path><name>Pichu Bros. Mini (Japan)</name><image>~/../thumbs/Nintendo - Pokemon Mini/Named_Snaps/Pichu Bros. Mini (Japan).png</image><titleshot>~/../thumbs/Nintendo - Pokemon Mini/Named_Titles/Pichu Bros. Mini (Japan).png</titleshot><thumbnail>~/../thumbs/Nintendo - Pokemon Mini/Named_Boxarts/Pichu Bros. Mini (Japan).png</thumbnail><marquee>~/../thumbs/Nintendo - Pokemon Mini/Named_Logos/Pichu Bros. Mini (Japan).png</marquee></game>
<game><path>./Pokemon Mini NoIntro/Pichu Bros. Mini - Hoppip's Jump Match (Japan) (Preview).zip</path><name>Pichu Bros. Mini - Hoppip's Jump Match (Japan) (Preview)</name><image>~/../thumbs/Nintendo - Pokemon Mini/Named_Snaps/Pichu Bros. Mini - Hoppip's Jump Match (Japan).png</image><titleshot>~/../thumbs/Nintendo - Pokemon Mini/Named_Titles/Pichu Bros. Mini - Hoppip's Jump Match (Japan).png</titleshot><thumbnail>~/../thumbs/Nintendo - Pokemon Mini/Named_Boxarts/Pichu Bros. Mini - Hoppip's Jump Match (Japan).png</thumbnail><marquee>~/../thumbs/Nintendo - Pokemon Mini/Named_Logos/Pichu Bros. Mini - Hoppip's Jump Match (Japan).png</marquee></game>
<game><path>./Pokemon Mini NoIntro/Pichu Bros. Mini - Netsukikyuu (Japan) (Preview).zip</path><name>Pichu Bros. Mini - Netsukikyuu (Japan) (Preview)</name><image>~/../thumbs/Nintendo - Pokemon Mini/Named_Snaps/Pichu Bros. Mini - Netsukikyuu (Japan).png</image><titleshot>~/../thumbs/Nintendo - Pokemon Mini/Named_Titles/Pichu Bros. Mini - Netsukikyuu (Japan).png</titleshot><thumbnail>~/../thumbs/Nintendo - Pokemon Mini/Named_Boxarts/Pichu Bros. Mini - Netsukikyuu (Japan).png</thumbnail><marquee>~/../thumbs/Nintendo - Pokemon Mini/Named_Logos/Pichu Bros. Mini - Netsukikyuu (Japan).png</marquee></game>
<game><path>./Pokemon Mini NoIntro/Pichu Bros. Mini - Skateboard (Japan) (Preview).zip</path><name>Pichu Bros. Mini - Skateboard (Japan) (Preview)</name><image>~/../thumbs/Nintendo - Pokemon Mini/Named_Snaps/Pichu Bros. Mini - Skateboard (Japan).png</image><titleshot>~/../thumbs/Nintendo - Pokemon Mini/Named_Titles/Pichu Bros. Mini - Skateboard (Japan).png</titleshot><thumbnail>~/../thumbs/Nintendo - Pokemon Mini/Named_Boxarts/Pichu Bros. Mini - Skateboard (Japan).png</thumbnail><marquee>~/../thumbs/Nintendo - Pokemon Mini/Named_Logos/Pichu Bros. Mini - Skateboard (Japan).png</marquee></game>
<game><path>./Pokemon Mini NoIntro/Pokemon Anime Card Daisakusen (Japan).zip</path><name>Pokemon Anime Card Daisakusen (Japan)</name><image>~/../thumbs/Nintendo - Pokemon Mini/Named_Snaps/Pokemon Anime Card Daisakusen (Japan).png</image><titleshot>~/../thumbs/Nintendo - Pokemon Mini/Named_Titles/Pokemon Anime Card Daisakusen (Japan).png</titleshot><thumbnail>~/../thumbs/Nintendo - Pokemon Mini/Named_Boxarts/Pokemon Anime Card Daisakusen (Japan).png</thumbnail><marquee>~/../thumbs/Nintendo - Pokemon Mini/Named_Logos/Pokemon Anime Card Daisakusen (Japan).png</marquee></game>
<game><path>./Pokemon Mini NoIntro/Pokemon Party Mini (Europe).zip</path><name>Pokemon Party Mini (Europe)</name><image>~/../thumbs/Nintendo - Pokemon Mini/Named_Snaps/Pokemon Party Mini (Europe).png</image><titleshot>~/../thumbs/Nintendo - Pokemon Mini/Named_Titles/Pokemon Party Mini (Europe).png</titleshot><thumbnail>~/../thumbs/Nintendo - Pokemon Mini/Named_Boxarts/Pokemon Party Mini (Europe).png</thumbnail><marquee>~/../thumbs/Nintendo - Pokemon Mini/Named_Logos/Pokemon Party Mini (Europe).png</marquee></game>
<game><path>./Pokemon Mini NoIntro/Pokemon Party Mini (Japan).zip</path><name>Pokemon Party Mini (Japan)</name><image>~/../thumbs/Nintendo - Pokemon Mini/Named_Snaps/Pokemon Party Mini (Japan).png</image><titleshot>~/../thumbs/Nintendo - Pokemon Mini/Named_Titles/Pokemon Party Mini (Japan).png</titleshot><thumbnail>~/../thumbs/Nintendo - Pokemon Mini/Named_Boxarts/Pokemon Party Mini (Japan).png</thumbnail><marquee>~/../thumbs/Nintendo - Pokemon Mini/Named_Logos/Pokemon Party Mini (Japan).png</marquee></game>
<game><path>./Pokemon Mini NoIntro/Pokemon Party Mini (USA).zip</path><name>Pokemon Party Mini (USA)</name><image>~/../thumbs/Nintendo - Pokemon Mini/Named_Snaps/Pokemon Party Mini (USA).png</image><titleshot>~/../thumbs/Nintendo - Pokemon Mini/Named_Titles/Pokemon Party Mini (USA).png</titleshot><thumbnail>~/../thumbs/Nintendo - Pokemon Mini/Named_Boxarts/Pokemon Party Mini (USA).png</thumbnail><marquee>~/../thumbs/Nintendo - Pokemon Mini/Named_Logos/Pokemon Party Mini (USA).png</marquee></game>
<game><path>./Pokemon Mini NoIntro/Pokemon Party Mini - Baseline Judge (Europe) (GameCube).zip</path><name>Pokemon Party Mini - Baseline Judge (Europe) (GameCube)</name><image>~/../thumbs/Nintendo - Pokemon Mini/Named_Snaps/Pokemon Party Mini - Baseline Judge (Europe).png</image><titleshot>~/../thumbs/Nintendo - Pokemon Mini/Named_Titles/Pokemon Party Mini - Baseline Judge (Europe).png</titleshot><thumbnail>~/../thumbs/Nintendo - Pokemon Mini/Named_Boxarts/Pokemon Party Mini - Baseline Judge (Europe).png</thumbnail><marquee>~/../thumbs/Nintendo - Pokemon Mini/Named_Logos/Pokemon Party Mini - Baseline Judge (Europe).png</marquee></game>
<game><path>./Pokemon Mini NoIntro/Pokemon Party Mini - Baseline Judge (Japan) (GameCube).zip</path><name>Pokemon Party Mini - Baseline Judge (Japan) (GameCube)</name><image>~/../thumbs/Nintendo - Pokemon Mini/Named_Snaps/Pokemon Party Mini - Baseline Judge (Japan).png</image><titleshot>~/../thumbs/Nintendo - Pokemon Mini/Named_Titles/Pokemon Party Mini - Baseline Judge (Japan).png</titleshot><thumbnail>~/../thumbs/Nintendo - Pokemon Mini/Named_Boxarts/Pokemon Party Mini - Baseline Judge (Japan).png</thumbnail><marquee>~/../thumbs/Nintendo - Pokemon Mini/Named_Logos/Pokemon Party Mini - Baseline Judge (Japan).png</marquee></game>
<game><path>./Pokemon Mini NoIntro/Pokemon Party Mini - Baseline Judge (USA) (GameCube).zip</path><name>Pokemon Party Mini - Baseline Judge (USA) (GameCube)</name><image>~/../thumbs/Nintendo - Pokemon Mini/Named_Snaps/Pokemon Party Mini - Baseline Judge (USA).png</image><titleshot>~/../thumbs/Nintendo - Pokemon Mini/Named_Titles/Pokemon Party Mini - Baseline Judge (USA).png</titleshot><thumbnail>~/../thumbs/Nintendo - Pokemon Mini/Named_Boxarts/Pokemon Party Mini - Baseline Judge (USA).png</thumbnail><marquee>~/../thumbs/Nintendo - Pokemon Mini/Named_Logos/Pokemon Party Mini - Baseline Judge (USA).png</marquee></game>
<game><path>./Pokemon Mini NoIntro/Pokemon Party Mini - Chansey's Dribble (Europe) (GameCube).zip</path><name>Pokemon Party Mini - Chansey's Dribble (Europe) (GameCube)</name><image>~/../thumbs/Nintendo - Pokemon Mini/Named_Snaps/Pokemon Party Mini - Chansey's Dribble (Europe).png</image><titleshot>~/../thumbs/Nintendo - Pokemon Mini/Named_Titles/Pokemon Party Mini - Chansey's Dribble (Europe).png</titleshot><thumbnail>~/../thumbs/Nintendo - Pokemon Mini/Named_Boxarts/Pokemon Party Mini - Chansey's Dribble (Europe).png</thumbnail><marquee>~/../thumbs/Nintendo - Pokemon Mini/Named_Logos/Pokemon Party Mini - Chansey's Dribble (Europe).png</marquee></game>
<game><path>./Pokemon Mini NoIntro/Pokemon Party Mini - Pikachu's Rocket Start (Europe) (GameCube).zip</path><name>Pokemon Party Mini - Pikachu's Rocket Start (Europe) (GameCube)</name><image>~/../thumbs/Nintendo - Pokemon Mini/Named_Snaps/Pokemon Party Mini - Pikachu's Rocket Start (Europe).png</image><titleshot>~/../thumbs/Nintendo - Pokemon Mini/Named_Titles/Pokemon Party Mini - Pikachu's Rocket Start (Europe).png</titleshot><thumbnail>~/../thumbs/Nintendo - Pokemon Mini/Named_Boxarts/Pokemon Party Mini - Pikachu's Rocket Start (Europe).png</thumbnail><marquee>~/../thumbs/Nintendo - Pokemon Mini/Named_Logos/Pokemon Party Mini - Pikachu's Rocket Start (Europe).png</marquee></game>
<game><path>./Pokemon Mini NoIntro/Pokemon Party Mini - Ricochet Dribble (Japan) (GameCube).zip</path><name>Pokemon Party Mini - Ricochet Dribble (Japan) (GameCube)</name><image>~/../thumbs/Nintendo - Pokemon Mini/Named_Snaps/Pokemon Party Mini - Ricochet Dribble (Japan).png</image><titleshot>~/../thumbs/Nintendo - Pokemon Mini/Named_Titles/Pokemon Party Mini - Ricochet Dribble (Japan).png</titleshot><thumbnail>~/../thumbs/Nintendo - Pokemon Mini/Named_Boxarts/Pokemon Party Mini - Ricochet Dribble (Japan).png</thumbnail><marquee>~/../thumbs/Nintendo - Pokemon Mini/Named_Logos/Pokemon Party Mini - Ricochet Dribble (Japan).png</marquee></game>
<game><path>./Pokemon Mini NoIntro/Pokemon Party Mini - Ricochet Dribble (USA) (GameCube).zip</path><name>Pokemon Party Mini - Ricochet Dribble (USA) (GameCube)</name><image>~/../thumbs/Nintendo - Pokemon Mini/Named_Snaps/Pokemon Party Mini - Ricochet Dribble (USA).png</image><titleshot>~/../thumbs/Nintendo - Pokemon Mini/Named_Titles/Pokemon Party Mini - Ricochet Dribble (USA).png</titleshot><thumbnail>~/../thumbs/Nintendo - Pokemon Mini/Named_Boxarts/Pokemon Party Mini - Ricochet Dribble (USA).png</thumbnail><marquee>~/../thumbs/Nintendo - Pokemon Mini/Named_Logos/Pokemon Party Mini - Ricochet Dribble (USA).png</marquee></game>
<game><path>./Pokemon Mini NoIntro/Pokemon Party Mini - Rocket Start (USA) (GameCube).zip</path><name>Pokemon Party Mini - Rocket Start (USA) (GameCube)</name><image>~/../thumbs/Nintendo - Pokemon Mini/Named_Snaps/Pokemon Party Mini - Rocket Start (USA).png</image><titleshot>~/../thumbs/Nintendo - Pokemon Mini/Named_Titles/Pokemon Party Mini - Rocket Start (USA).png</titleshot><thumbnail>~/../thumbs/Nintendo - Pokemon Mini/Named_Boxarts/Pokemon Party Mini - Rocket Start (USA).png</thumbnail><marquee>~/../thumbs/Nintendo - Pokemon Mini/Named_Logos/Pokemon Party Mini - Rocket Start (USA).png</marquee></game>
<game><path>./Pokemon Mini NoIntro/Pokemon Party Mini - Slowking's Judge (Europe) (GameCube).zip</path><name>Pokemon Party Mini - Slowking's Judge (Europe) (GameCube)</name><image>~/../thumbs/Nintendo - Pokemon Mini/Named_Snaps/Pokemon Party Mini - Slowking's Judge (Europe).png</image><titleshot>~/../thumbs/Nintendo - Pokemon Mini/Named_Titles/Pokemon Party Mini - Slowking's Judge (Europe).png</titleshot><thumbnail>~/../thumbs/Nintendo - Pokemon Mini/Named_Boxarts/Pokemon Party Mini - Slowking's Judge (Europe).png</thumbnail><marquee>~/../thumbs/Nintendo - Pokemon Mini/Named_Logos/Pokemon Party Mini - Slowking's Judge (Europe).png</marquee></game>
<game><path>./Pokemon Mini NoIntro/Pokemon Pinball Mini (Japan) (Demo) (Pokemon Channel).zip</path><name>Pokemon Pinball Mini (Japan) (Demo) (Pokemon Channel)</name><image>~/../thumbs/Nintendo - Pokemon Mini/Named_Snaps/Pokemon Pinball Mini (Japan).png</image><titleshot>~/../thumbs/Nintendo - Pokemon Mini/Named_Titles/Pokemon Pinball Mini (Japan).png</titleshot><thumbnail>~/../thumbs/Nintendo - Pokemon Mini/Named_Boxarts/Pokemon Pinball Mini (Japan).png</thumbnail><marquee>~/../thumbs/Nintendo - Pokemon Mini/Named_Logos/Pokemon Pinball Mini (Japan).png</marquee></game>
<game><path>./Pokemon Mini NoIntro/Pokemon Pinball Mini (Japan).zip</path><name>Pokemon Pinball Mini (Japan)</name><image>~/../thumbs/Nintendo - Pokemon Mini/Named_Snaps/Pokemon Pinball Mini (Japan).png</image><titleshot>~/../thumbs/Nintendo - Pokemon Mini/Named_Titles/Pokemon Pinball Mini (Japan).png</titleshot><thumbnail>~/../thumbs/Nintendo - Pokemon Mini/Named_Boxarts/Pokemon Pinball Mini (Japan).png</thumbnail><marquee>~/../thumbs/Nintendo - Pokemon Mini/Named_Logos/Pokemon Pinball Mini (Japan).png</marquee></game>
<game><path>./Pokemon Mini NoIntro/Pokemon Pinball Mini (USA, Europe).zip</path><name>Pokemon Pinball Mini (USA, Europe)</name><image>~/../thumbs/Nintendo - Pokemon Mini/Named_Snaps/Pokemon Pinball Mini (USA, Europe).png</image><titleshot>~/../thumbs/Nintendo - Pokemon Mini/Named_Titles/Pokemon Pinball Mini (USA, Europe).png</titleshot><thumbnail>~/../thumbs/Nintendo - Pokemon Mini/Named_Boxarts/Pokemon Pinball Mini (USA, Europe).png</thumbnail><marquee>~/../thumbs/Nintendo - Pokemon Mini/Named_Logos/Pokemon Pinball Mini (USA, Europe).png</marquee></game>
<game><path>./Pokemon Mini NoIntro/Pokemon Pinball Mini (USA, Europe, Australia) (Demo) (Pokemon Channel).zip</path><name>Pokemon Pinball Mini (USA, Europe, Australia) (Demo) (Pokemon Channel)</name><image>~/../thumbs/Nintendo - Pokemon Mini/Named_Snaps/Pokemon Pinball Mini (USA, Europe, Australia).png</image><titleshot>~/../thumbs/Nintendo - Pokemon Mini/Named_Titles/Pokemon Pinball Mini (USA, Europe, Australia).png</titleshot><thumbnail>~/../thumbs/Nintendo - Pokemon Mini/Named_Boxarts/Pokemon Pinball Mini (USA, Europe, Australia).png</thumbnail><marquee>~/../thumbs/Nintendo - Pokemon Mini/Named_Logos/Pokemon Pinball Mini (USA, Europe, Australia).png</marquee></game>
<game><path>./Pokemon Mini NoIntro/Pokemon Puzzle Collection (France) (GameCube Preview).zip</path><name>Pokemon Puzzle Collection (France) (GameCube Preview)</name><image>~/../thumbs/Nintendo - Pokemon Mini/Named_Snaps/Pokemon Puzzle Collection (France).png</image><titleshot>~/../thumbs/Nintendo - Pokemon Mini/Named_Titles/Pokemon Puzzle Collection (France).png</titleshot><thumbnail>~/../thumbs/Nintendo - Pokemon Mini/Named_Boxarts/Pokemon Puzzle Collection (France).png</thumbnail><marquee>~/../thumbs/Nintendo - Pokemon Mini/Named_Logos/Pokemon Puzzle Collection (France).png</marquee></game>
<game><path>./Pokemon Mini NoIntro/Pokemon Puzzle Collection (France).zip</path><name>Pokemon Puzzle Collection (France)</name><image>~/../thumbs/Nintendo - Pokemon Mini/Named_Snaps/Pokemon Puzzle Collection (France).png</image><titleshot>~/../thumbs/Nintendo - Pokemon Mini/Named_Titles/Pokemon Puzzle Collection (France).png</titleshot><thumbnail>~/../thumbs/Nintendo - Pokemon Mini/Named_Boxarts/Pokemon Puzzle Collection (France).png</thumbnail><marquee>~/../thumbs/Nintendo - Pokemon Mini/Named_Logos/Pokemon Puzzle Collection (France).png</marquee></game>
<game><path>./Pokemon Mini NoIntro/Pokemon Puzzle Collection (Germany) (GameCube Preview).zip</path><name>Pokemon Puzzle Collection (Germany) (GameCube Preview)</name><image>~/../thumbs/Nintendo - Pokemon Mini/Named_Snaps/Pokemon Puzzle Collection (Germany).png</image><titleshot>~/../thumbs/Nintendo - Pokemon Mini/Named_Titles/Pokemon Puzzle Collection (Germany).png</titleshot><thumbnail>~/../thumbs/Nintendo - Pokemon Mini/Named_Boxarts/Pokemon Puzzle Collection (Germany).png</thumbnail><marquee>~/../thumbs/Nintendo - Pokemon Mini/Named_Logos/Pokemon Puzzle Collection (Germany).png</marquee></game>
<game><path>./Pokemon Mini NoIntro/Pokemon Puzzle Collection (Germany).zip</path><name>Pokemon Puzzle Collection (Germany)</name><image>~/../thumbs/Nintendo - Pokemon Mini/Named_Snaps/Pokemon Puzzle Collection (Germany).png</image><titleshot>~/../thumbs/Nintendo - Pokemon Mini/Named_Titles/Pokemon Puzzle Collection (Germany).png</titleshot><thumbnail>~/../thumbs/Nintendo - Pokemon Mini/Named_Boxarts/Pokemon Puzzle Collection (Germany).png</thumbnail><marquee>~/../thumbs/Nintendo - Pokemon Mini/Named_Logos/Pokemon Puzzle Collection (Germany).png</marquee></game>
<game><path>./Pokemon Mini NoIntro/Pokemon Puzzle Collection (Japan) (GameCube).zip</path><name>Pokemon Puzzle Collection (Japan) (GameCube)</name><image>~/../thumbs/Nintendo - Pokemon Mini/Named_Snaps/Pokemon Puzzle Collection (Japan).png</image><titleshot>~/../thumbs/Nintendo - Pokemon Mini/Named_Titles/Pokemon Puzzle Collection (Japan).png</titleshot><thumbnail>~/../thumbs/Nintendo - Pokemon Mini/Named_Boxarts/Pokemon Puzzle Collection (Japan).png</thumbnail><marquee>~/../thumbs/Nintendo - Pokemon Mini/Named_Logos/Pokemon Puzzle Collection (Japan).png</marquee></game>
<game><path>./Pokemon Mini NoIntro/Pokemon Puzzle Collection (Japan).zip</path><name>Pokemon Puzzle Collection (Japan)</name><image>~/../thumbs/Nintendo - Pokemon Mini/Named_Snaps/Pokemon Puzzle Collection (Japan).png</image><titleshot>~/../thumbs/Nintendo - Pokemon Mini/Named_Titles/Pokemon Puzzle Collection (Japan).png</titleshot><thumbnail>~/../thumbs/Nintendo - Pokemon Mini/Named_Boxarts/Pokemon Puzzle Collection (Japan).png</thumbnail><marquee>~/../thumbs/Nintendo - Pokemon Mini/Named_Logos/Pokemon Puzzle Collection (Japan).png</marquee></game>
<game><path>./Pokemon Mini NoIntro/Pokemon Puzzle Collection (USA) (GameCube Preview).zip</path><name>Pokemon Puzzle Collection (USA) (GameCube Preview)</name><image>~/../thumbs/Nintendo - Pokemon Mini/Named_Snaps/Pokemon Puzzle Collection (USA).png</image><titleshot>~/../thumbs/Nintendo - Pokemon Mini/Named_Titles/Pokemon Puzzle Collection (USA).png</titleshot><thumbnail>~/../thumbs/Nintendo - Pokemon Mini/Named_Boxarts/Pokemon Puzzle Collection (USA).png</thumbnail><marquee>~/../thumbs/Nintendo - Pokemon Mini/Named_Logos/Pokemon Puzzle Collection (USA).png</marquee></game>
<game><path>./Pokemon Mini NoIntro/Pokemon Puzzle Collection (USA, Europe).zip</path><name>Pokemon Puzzle Collection (USA, Europe)</name><image>~/../thumbs/Nintendo - Pokemon Mini/Named_Snaps/Pokemon Puzzle Collection (USA, Europe).png</image><titleshot>~/../thumbs/Nintendo - Pokemon Mini/Named_Titles/Pokemon Puzzle Collection (USA, Europe).png</titleshot><thumbnail>~/../thumbs/Nintendo - Pokemon Mini/Named_Boxarts/Pokemon Puzzle Collection (USA, Europe).png</thumbnail><marquee>~/../thumbs/Nintendo - Pokemon Mini/Named_Logos/Pokemon Puzzle Collection (USA, Europe).png</marquee></game>
<game><path>./Pokemon Mini NoIntro/Pokemon Puzzle Collection Vol. 2 (Japan).zip</path><name>Pokemon Puzzle Collection Vol. 2 (Japan)</name><image>~/../thumbs/Nintendo - Pokemon Mini/Named_Snaps/Pokemon Puzzle Collection Vol. 2 (Japan).png</image><titleshot>~/../thumbs/Nintendo - Pokemon Mini/Named_Titles/Pokemon Puzzle Collection Vol. 2 (Japan).png</titleshot><thumbnail>~/../thumbs/Nintendo - Pokemon Mini/Named_Boxarts/Pokemon Puzzle Collection Vol. 2 (Japan).png</thumbnail><marquee>~/../thumbs/Nintendo - Pokemon Mini/Named_Logos/Pokemon Puzzle Collection Vol. 2 (Japan).png</marquee></game>
<game><path>./Pokemon Mini NoIntro/Pokemon Race Mini (Japan) (Preview).zip</path><name>Pokemon Race Mini (Japan) (Preview)</name><image>~/../thumbs/Nintendo - Pokemon Mini/Named_Snaps/Pokemon Race Mini (Japan).png</image><titleshot>~/../thumbs/Nintendo - Pokemon Mini/Named_Titles/Pokemon Race Mini (Japan).png</titleshot><thumbnail>~/../thumbs/Nintendo - Pokemon Mini/Named_Boxarts/Pokemon Race Mini (Japan).png</thumbnail><marquee>~/../thumbs/Nintendo - Pokemon Mini/Named_Logos/Pokemon Race Mini (Japan).png</marquee></game>
<game><path>./Pokemon Mini NoIntro/Pokemon Race Mini (Japan).zip</path><name>Pokemon Race Mini (Japan)</name><image>~/../thumbs/Nintendo - Pokemon Mini/Named_Snaps/Pokemon Race Mini (Japan).png</image><titleshot>~/../thumbs/Nintendo - Pokemon Mini/Named_Titles/Pokemon Race Mini (Japan).png</titleshot><thumbnail>~/../thumbs/Nintendo - Pokemon Mini/Named_Boxarts/Pokemon Race Mini (Japan).png</thumbnail><marquee>~/../thumbs/Nintendo - Pokemon Mini/Named_Logos/Pokemon Race Mini (Japan).png</marquee></game>
<game><path>./Pokemon Mini NoIntro/Pokemon Shock Tetris (Japan).zip</path><name>Pokemon Shock Tetris (Japan)</name><image>~/../thumbs/Nintendo - Pokemon Mini/Named_Snaps/Pokemon Shock Tetris (Japan).png</image><titleshot>~/../thumbs/Nintendo - Pokemon Mini/Named_Titles/Pokemon Shock Tetris (Japan).png</titleshot><thumbnail>~/../thumbs/Nintendo - Pokemon Mini/Named_Boxarts/Pokemon Shock Tetris (Japan).png</thumbnail><marquee>~/../thumbs/Nintendo - Pokemon Mini/Named_Logos/Pokemon Shock Tetris (Japan).png</marquee></game>
<game><path>./Pokemon Mini NoIntro/Pokemon Sodateyasan Mini (Japan).zip</path><name>Pokemon Sodateyasan Mini (Japan)</name><image>~/../thumbs/Nintendo - Pokemon Mini/Named_Snaps/Pokemon Sodateyasan Mini (Japan).png</image><titleshot>~/../thumbs/Nintendo - Pokemon Mini/Named_Titles/Pokemon Sodateyasan Mini (Japan).png</titleshot><thumbnail>~/../thumbs/Nintendo - Pokemon Mini/Named_Boxarts/Pokemon Sodateyasan Mini (Japan).png</thumbnail><marquee>~/../thumbs/Nintendo - Pokemon Mini/Named_Logos/Pokemon Sodateyasan Mini (Japan).png</marquee></game>
<game><path>./Pokemon Mini NoIntro/Pokemon Tetris (Europe) (En,Fr,De).zip</path><name>Pokemon Tetris (Europe) (En,Fr,De)</name><image>~/../thumbs/Nintendo - Pokemon Mini/Named_Snaps/Pokemon Tetris (Europe).png</image><titleshot>~/../thumbs/Nintendo - Pokemon Mini/Named_Titles/Pokemon Tetris (Europe).png</titleshot><thumbnail>~/../thumbs/Nintendo - Pokemon Mini/Named_Boxarts/Pokemon Tetris (Europe).png</thumbnail><marquee>~/../thumbs/Nintendo - Pokemon Mini/Named_Logos/Pokemon Tetris (Europe).png</marquee></game>
<game><path>./Pokemon Mini NoIntro/Pokemon Zany Cards (France).zip</path><name>Pokemon Zany Cards (France)</name><image>~/../thumbs/Nintendo - Pokemon Mini/Named_Snaps/Pokemon Zany Cards (France).png</image><titleshot>~/../thumbs/Nintendo - Pokemon Mini/Named_Titles/Pokemon Zany Cards (France).png</titleshot><thumbnail>~/../thumbs/Nintendo - Pokemon Mini/Named_Boxarts/Pokemon Zany Cards (France).png</thumbnail><marquee>~/../thumbs/Nintendo - Pokemon Mini/Named_Logos/Pokemon Zany Cards (France).png</marquee></game>
<game><path>./Pokemon Mini NoIntro/Pokemon Zany Cards (Germany).zip</path><name>Pokemon Zany Cards (Germany)</name><image>~/../thumbs/Nintendo - Pokemon Mini/Named_Snaps/Pokemon Zany Cards (Germany).png</image><titleshot>~/../thumbs/Nintendo - Pokemon Mini/Named_Titles/Pokemon Zany Cards (Germany).png</titleshot><thumbnail>~/../thumbs/Nintendo - Pokemon Mini/Named_Boxarts/Pokemon Zany Cards (Germany).png</thumbnail><marquee>~/../thumbs/Nintendo - Pokemon Mini/Named_Logos/Pokemon Zany Cards (Germany).png</marquee></game>
<game><path>./Pokemon Mini NoIntro/Pokemon Zany Cards (USA, Europe).zip</path><name>Pokemon Zany Cards (USA, Europe)</name><image>~/../thumbs/Nintendo - Pokemon Mini/Named_Snaps/Pokemon Zany Cards (USA, Europe).png</image><titleshot>~/../thumbs/Nintendo - Pokemon Mini/Named_Titles/Pokemon Zany Cards (USA, Europe).png</titleshot><thumbnail>~/../thumbs/Nintendo - Pokemon Mini/Named_Boxarts/Pokemon Zany Cards (USA, Europe).png</thumbnail><marquee>~/../thumbs/Nintendo - Pokemon Mini/Named_Logos/Pokemon Zany Cards (USA, Europe).png</marquee></game>
<game><path>./Pokemon Mini NoIntro/Snorlax's Lunch Time (Europe) (GameCube).zip</path><name>Snorlax's Lunch Time (Europe) (GameCube)</name><image>~/../thumbs/Nintendo - Pokemon Mini/Named_Snaps/Snorlax's Lunch Time (Europe).png</image><titleshot>~/../thumbs/Nintendo - Pokemon Mini/Named_Titles/Snorlax's Lunch Time (Europe).png</titleshot><thumbnail>~/../thumbs/Nintendo - Pokemon Mini/Named_Boxarts/Snorlax's Lunch Time (Europe).png</thumbnail><marquee>~/../thumbs/Nintendo - Pokemon Mini/Named_Logos/Snorlax's Lunch Time (Europe).png</marquee></game>
<game><path>./Pokemon Mini NoIntro/Snorlax's Lunch Time (Japan) (GameCube).zip</path><name>Snorlax's Lunch Time (Japan) (GameCube)</name><image>~/../thumbs/Nintendo - Pokemon Mini/Named_Snaps/Snorlax's Lunch Time (Japan).png</image><titleshot>~/../thumbs/Nintendo - Pokemon Mini/Named_Titles/Snorlax's Lunch Time (Japan).png</titleshot><thumbnail>~/../thumbs/Nintendo - Pokemon Mini/Named_Boxarts/Snorlax's Lunch Time (Japan).png</thumbnail><marquee>~/../thumbs/Nintendo - Pokemon Mini/Named_Logos/Snorlax's Lunch Time (Japan).png</marquee></game>
<game><path>./Pokemon Mini NoIntro/Togepi no Daibouken (Japan) (Preview).zip</path><name>Togepi no Daibouken (Japan) (Preview)</name><image>~/../thumbs/Nintendo - Pokemon Mini/Named_Snaps/Togepi no Daibouken (Japan).png</image><titleshot>~/../thumbs/Nintendo - Pokemon Mini/Named_Titles/Togepi no Daibouken (Japan).png</titleshot><thumbnail>~/../thumbs/Nintendo - Pokemon Mini/Named_Boxarts/Togepi no Daibouken (Japan).png</thumbnail><marquee>~/../thumbs/Nintendo - Pokemon Mini/Named_Logos/Togepi no Daibouken (Japan).png</marquee></game>
<game><path>./Pokemon Mini NoIntro/Togepi no Daibouken (Japan).zip</path><name>Togepi no Daibouken (Japan)</name><image>~/../thumbs/Nintendo - Pokemon Mini/Named_Snaps/Togepi no Daibouken (Japan).png</image><titleshot>~/../thumbs/Nintendo - Pokemon Mini/Named_Titles/Togepi no Daibouken (Japan).png</titleshot><thumbnail>~/../thumbs/Nintendo - Pokemon Mini/Named_Boxarts/Togepi no Daibouken (Japan).png</thumbnail><marquee>~/../thumbs/Nintendo - Pokemon Mini/Named_Logos/Togepi no Daibouken (Japan).png</marquee></game>
<game><path>./Pokemon Mini NoIntro/[BIOS] Nintendo Pokemon Mini (World).zip</path><name>[BIOS] Nintendo Pokemon Mini (World)</name><image>~/../thumbs/Nintendo - Pokemon Mini/Named_Snaps/[BIOS] Nintendo Pokemon Mini (World).png</image><titleshot>~/../thumbs/Nintendo - Pokemon Mini/Named_Titles/[BIOS] Nintendo Pokemon Mini (World).png</titleshot><thumbnail>~/../thumbs/Nintendo - Pokemon Mini/Named_Boxarts/[BIOS] Nintendo Pokemon Mini (World).png</thumbnail><marquee>~/../thumbs/Nintendo - Pokemon Mini/Named_Logos/[BIOS] Nintendo Pokemon Mini (World).png</marquee></game>
<folder><path>./Pokemon Mini NoIntro</path><name>Pokemon Mini NoIntro</name><image>~/../thumb/pokemini.png</image></folder>
<game><path>./Pokemon Mini TOSEC/Lunch Time (2003)(Nintendo)(US)[GameCube].zip</path><name>Lunch Time (2003)(Nintendo)(US)[GameCube]</name><image>~/../thumbs/Nintendo - Pokemon Mini/Named_Snaps/Lunch Time (2003).png</image><titleshot>~/../thumbs/Nintendo - Pokemon Mini/Named_Titles/Lunch Time (2003).png</titleshot><thumbnail>~/../thumbs/Nintendo - Pokemon Mini/Named_Boxarts/Lunch Time (2003).png</thumbnail><marquee>~/../thumbs/Nintendo - Pokemon Mini/Named_Logos/Lunch Time (2003).png</marquee></game>
<game><path>./Pokemon Mini TOSEC/Mini Cookie (2015)(Mihai, Sebastian).zip</path><name>Mini Cookie (2015)(Mihai, Sebastian)</name><image>~/../thumbs/Nintendo - Pokemon Mini/Named_Snaps/Mini Cookie (2015).png</image><titleshot>~/../thumbs/Nintendo - Pokemon Mini/Named_Titles/Mini Cookie (2015).png</titleshot><thumbnail>~/../thumbs/Nintendo - Pokemon Mini/Named_Boxarts/Mini Cookie (2015).png</thumbnail><marquee>~/../thumbs/Nintendo - Pokemon Mini/Named_Logos/Mini Cookie (2015).png</marquee></game>
<game><path>./Pokemon Mini TOSEC/Pichu Bros. Mini (2002)(Nintendo)(JP).zip</path><name>Pichu Bros. Mini (2002)(Nintendo)(JP)</name><image>~/../thumbs/Nintendo - Pokemon Mini/Named_Snaps/Pichu Bros. Mini (2002).png</image><titleshot>~/../thumbs/Nintendo - Pokemon Mini/Named_Titles/Pichu Bros. Mini (2002).png</titleshot><thumbnail>~/../thumbs/Nintendo - Pokemon Mini/Named_Boxarts/Pichu Bros. Mini (2002).png</thumbnail><marquee>~/../thumbs/Nintendo - Pokemon Mini/Named_Logos/Pichu Bros. Mini (2002).png</marquee></game>
<game><path>./Pokemon Mini TOSEC/Pichu Bros. Mini - Hoppip's Jump Match (2002)(Nintendo)(JP)[preview].zip</path><name>Pichu Bros. Mini - Hoppip's Jump Match (2002)(Nintendo)(JP)[preview]</name><image>~/../thumbs/Nintendo - Pokemon Mini/Named_Snaps/Pichu Bros. Mini - Hoppip's Jump Match (2002).png</image><titleshot>~/../thumbs/Nintendo - Pokemon Mini/Named_Titles/Pichu Bros. Mini - Hoppip's Jump Match (2002).png</titleshot><thumbnail>~/../thumbs/Nintendo - Pokemon Mini/Named_Boxarts/Pichu Bros. Mini - Hoppip's Jump Match (2002).png</thumbnail><marquee>~/../thumbs/Nintendo - Pokemon Mini/Named_Logos/Pichu Bros. Mini - Hoppip's Jump Match (2002).png</marquee></game>
<game><path>./Pokemon Mini TOSEC/Pichu Bros. Mini - Netsukikyuu (2002)(Nintendo)(JP)[preview].zip</path><name>Pichu Bros. Mini - Netsukikyuu (2002)(Nintendo)(JP)[preview]</name><image>~/../thumbs/Nintendo - Pokemon Mini/Named_Snaps/Pichu Bros. Mini - Netsukikyuu (2002).png</image><titleshot>~/../thumbs/Nintendo - Pokemon Mini/Named_Titles/Pichu Bros. Mini - Netsukikyuu (2002).png</titleshot><thumbnail>~/../thumbs/Nintendo - Pokemon Mini/Named_Boxarts/Pichu Bros. Mini - Netsukikyuu (2002).png</thumbnail><marquee>~/../thumbs/Nintendo - Pokemon Mini/Named_Logos/Pichu Bros. Mini - Netsukikyuu (2002).png</marquee></game>
<game><path>./Pokemon Mini TOSEC/Pichu Bros. Mini - Skateboard (2002)(Nintendo)(JP)[preview].zip</path><name>Pichu Bros. Mini - Skateboard (2002)(Nintendo)(JP)[preview]</name><image>~/../thumbs/Nintendo - Pokemon Mini/Named_Snaps/Pichu Bros. Mini - Skateboard (2002).png</image><titleshot>~/../thumbs/Nintendo - Pokemon Mini/Named_Titles/Pichu Bros. Mini - Skateboard (2002).png</titleshot><thumbnail>~/../thumbs/Nintendo - Pokemon Mini/Named_Boxarts/Pichu Bros. Mini - Skateboard (2002).png</thumbnail><marquee>~/../thumbs/Nintendo - Pokemon Mini/Named_Logos/Pichu Bros. Mini - Skateboard (2002).png</marquee></game>
<game><path>./Pokemon Mini TOSEC/Pokemon Anime Card Daisakusen (2001)(Nintendo)(JP).zip</path><name>Pokemon Anime Card Daisakusen (2001)(Nintendo)(JP)</name><image>~/../thumbs/Nintendo - Pokemon Mini/Named_Snaps/Pokemon Anime Card Daisakusen (2001).png</image><titleshot>~/../thumbs/Nintendo - Pokemon Mini/Named_Titles/Pokemon Anime Card Daisakusen (2001).png</titleshot><thumbnail>~/../thumbs/Nintendo - Pokemon Mini/Named_Boxarts/Pokemon Anime Card Daisakusen (2001).png</thumbnail><marquee>~/../thumbs/Nintendo - Pokemon Mini/Named_Logos/Pokemon Anime Card Daisakusen (2001).png</marquee></game>
<game><path>./Pokemon Mini TOSEC/Pokemon Party Mini (2001)(Nintendo)(EU).zip</path><name>Pokemon Party Mini (2001)(Nintendo)(EU)</name><image>~/../thumbs/Nintendo - Pokemon Mini/Named_Snaps/Pokemon Party Mini (2001).png</image><titleshot>~/../thumbs/Nintendo - Pokemon Mini/Named_Titles/Pokemon Party Mini (2001).png</titleshot><thumbnail>~/../thumbs/Nintendo - Pokemon Mini/Named_Boxarts/Pokemon Party Mini (2001).png</thumbnail><marquee>~/../thumbs/Nintendo - Pokemon Mini/Named_Logos/Pokemon Party Mini (2001).png</marquee></game>
<game><path>./Pokemon Mini TOSEC/Pokemon Party Mini (2001)(Nintendo)(JP).zip</path><name>Pokemon Party Mini (2001)(Nintendo)(JP)</name><image>~/../thumbs/Nintendo - Pokemon Mini/Named_Snaps/Pokemon Party Mini (2001).png</image><titleshot>~/../thumbs/Nintendo - Pokemon Mini/Named_Titles/Pokemon Party Mini (2001).png</titleshot><thumbnail>~/../thumbs/Nintendo - Pokemon Mini/Named_Boxarts/Pokemon Party Mini (2001).png</thumbnail><marquee>~/../thumbs/Nintendo - Pokemon Mini/Named_Logos/Pokemon Party Mini (2001).png</marquee></game>
<game><path>./Pokemon Mini TOSEC/Pokemon Party Mini (2001)(Nintendo)(US).zip</path><name>Pokemon Party Mini (2001)(Nintendo)(US)</name><image>~/../thumbs/Nintendo - Pokemon Mini/Named_Snaps/Pokemon Party Mini (2001).png</image><titleshot>~/../thumbs/Nintendo - Pokemon Mini/Named_Titles/Pokemon Party Mini (2001).png</titleshot><thumbnail>~/../thumbs/Nintendo - Pokemon Mini/Named_Boxarts/Pokemon Party Mini (2001).png</thumbnail><marquee>~/../thumbs/Nintendo - Pokemon Mini/Named_Logos/Pokemon Party Mini (2001).png</marquee></game>
<game><path>./Pokemon Mini TOSEC/Pokemon Party Mini - Baseline Judge (2001)(Nintendo)(EU)[GameCube].zip</path><name>Pokemon Party Mini - Baseline Judge (2001)(Nintendo)(EU)[GameCube]</name><image>~/../thumbs/Nintendo - Pokemon Mini/Named_Snaps/Pokemon Party Mini - Baseline Judge (2001).png</image><titleshot>~/../thumbs/Nintendo - Pokemon Mini/Named_Titles/Pokemon Party Mini - Baseline Judge (2001).png</titleshot><thumbnail>~/../thumbs/Nintendo - Pokemon Mini/Named_Boxarts/Pokemon Party Mini - Baseline Judge (2001).png</thumbnail><marquee>~/../thumbs/Nintendo - Pokemon Mini/Named_Logos/Pokemon Party Mini - Baseline Judge (2001).png</marquee></game>
<game><path>./Pokemon Mini TOSEC/Pokemon Party Mini - Baseline Judge (2001)(Nintendo)(JP)[GameCube].zip</path><name>Pokemon Party Mini - Baseline Judge (2001)(Nintendo)(JP)[GameCube]</name><image>~/../thumbs/Nintendo - Pokemon Mini/Named_Snaps/Pokemon Party Mini - Baseline Judge (2001).png</image><titleshot>~/../thumbs/Nintendo - Pokemon Mini/Named_Titles/Pokemon Party Mini - Baseline Judge (2001).png</titleshot><thumbnail>~/../thumbs/Nintendo - Pokemon Mini/Named_Boxarts/Pokemon Party Mini - Baseline Judge (2001).png</thumbnail><marquee>~/../thumbs/Nintendo - Pokemon Mini/Named_Logos/Pokemon Party Mini - Baseline Judge (2001).png</marquee></game>
<game><path>./Pokemon Mini TOSEC/Pokemon Party Mini - Baseline Judge (2001)(Nintendo)(US)[GameCube].zip</path><name>Pokemon Party Mini - Baseline Judge (2001)(Nintendo)(US)[GameCube]</name><image>~/../thumbs/Nintendo - Pokemon Mini/Named_Snaps/Pokemon Party Mini - Baseline Judge (2001).png</image><titleshot>~/../thumbs/Nintendo - Pokemon Mini/Named_Titles/Pokemon Party Mini - Baseline Judge (2001).png</titleshot><thumbnail>~/../thumbs/Nintendo - Pokemon Mini/Named_Boxarts/Pokemon Party Mini - Baseline Judge (2001).png</thumbnail><marquee>~/../thumbs/Nintendo - Pokemon Mini/Named_Logos/Pokemon Party Mini - Baseline Judge (2001).png</marquee></game>
<game><path>./Pokemon Mini TOSEC/Pokemon Party Mini - Chansey's Dribble (2001)(Nintendo)(EU)[GameCube].zip</path><name>Pokemon Party Mini - Chansey's Dribble (2001)(Nintendo)(EU)[GameCube]</name><image>~/../thumbs/Nintendo - Pokemon Mini/Named_Snaps/Pokemon Party Mini - Chansey's Dribble (2001).png</image><titleshot>~/../thumbs/Nintendo - Pokemon Mini/Named_Titles/Pokemon Party Mini - Chansey's Dribble (2001).png</titleshot><thumbnail>~/../thumbs/Nintendo - Pokemon Mini/Named_Boxarts/Pokemon Party Mini - Chansey's Dribble (2001).png</thumbnail><marquee>~/../thumbs/Nintendo - Pokemon Mini/Named_Logos/Pokemon Party Mini - Chansey's Dribble (2001).png</marquee></game>
<game><path>./Pokemon Mini TOSEC/Pokemon Party Mini - Pikachu's Rocket Start (2001)(Nintendo)(EU)[GameCube].zip</path><name>Pokemon Party Mini - Pikachu's Rocket Start (2001)(Nintendo)(EU)[GameCube]</name><image>~/../thumbs/Nintendo - Pokemon Mini/Named_Snaps/Pokemon Party Mini - Pikachu's Rocket Start (2001).png</image><titleshot>~/../thumbs/Nintendo - Pokemon Mini/Named_Titles/Pokemon Party Mini - Pikachu's Rocket Start (2001).png</titleshot><thumbnail>~/../thumbs/Nintendo - Pokemon Mini/Named_Boxarts/Pokemon Party Mini - Pikachu's Rocket Start (2001).png</thumbnail><marquee>~/../thumbs/Nintendo - Pokemon Mini/Named_Logos/Pokemon Party Mini - Pikachu's Rocket Start (2001).png</marquee></game>
<game><path>./Pokemon Mini TOSEC/Pokemon Party Mini - Ricochet Dribble (2001)(Nintendo)(JP)[GameCube].zip</path><name>Pokemon Party Mini - Ricochet Dribble (2001)(Nintendo)(JP)[GameCube]</name><image>~/../thumbs/Nintendo - Pokemon Mini/Named_Snaps/Pokemon Party Mini - Ricochet Dribble (2001).png</image><titleshot>~/../thumbs/Nintendo - Pokemon Mini/Named_Titles/Pokemon Party Mini - Ricochet Dribble (2001).png</titleshot><thumbnail>~/../thumbs/Nintendo - Pokemon Mini/Named_Boxarts/Pokemon Party Mini - Ricochet Dribble (2001).png</thumbnail><marquee>~/../thumbs/Nintendo - Pokemon Mini/Named_Logos/Pokemon Party Mini - Ricochet Dribble (2001).png</marquee></game>
<game><path>./Pokemon Mini TOSEC/Pokemon Party Mini - Ricochet Dribble (2001)(Nintendo)(US)[GameCube].zip</path><name>Pokemon Party Mini - Ricochet Dribble (2001)(Nintendo)(US)[GameCube]</name><image>~/../thumbs/Nintendo - Pokemon Mini/Named_Snaps/Pokemon Party Mini - Ricochet Dribble (2001).png</image><titleshot>~/../thumbs/Nintendo - Pokemon Mini/Named_Titles/Pokemon Party Mini - Ricochet Dribble (2001).png</titleshot><thumbnail>~/../thumbs/Nintendo - Pokemon Mini/Named_Boxarts/Pokemon Party Mini - Ricochet Dribble (2001).png</thumbnail><marquee>~/../thumbs/Nintendo - Pokemon Mini/Named_Logos/Pokemon Party Mini - Ricochet Dribble (2001).png</marquee></game>
<game><path>./Pokemon Mini TOSEC/Pokemon Party Mini - Rocket Start (2001)(Nintendo)(US)[GameCube].zip</path><name>Pokemon Party Mini - Rocket Start (2001)(Nintendo)(US)[GameCube]</name><image>~/../thumbs/Nintendo - Pokemon Mini/Named_Snaps/Pokemon Party Mini - Rocket Start (2001).png</image><titleshot>~/../thumbs/Nintendo - Pokemon Mini/Named_Titles/Pokemon Party Mini - Rocket Start (2001).png</titleshot><thumbnail>~/../thumbs/Nintendo - Pokemon Mini/Named_Boxarts/Pokemon Party Mini - Rocket Start (2001).png</thumbnail><marquee>~/../thumbs/Nintendo - Pokemon Mini/Named_Logos/Pokemon Party Mini - Rocket Start (2001).png</marquee></game>
<game><path>./Pokemon Mini TOSEC/Pokemon Party Mini - Slowking's Judge (2001)(Nintendo)(EU)[GameCube].zip</path><name>Pokemon Party Mini - Slowking's Judge (2001)(Nintendo)(EU)[GameCube]</name><image>~/../thumbs/Nintendo - Pokemon Mini/Named_Snaps/Pokemon Party Mini - Slowking's Judge (2001).png</image><titleshot>~/../thumbs/Nintendo - Pokemon Mini/Named_Titles/Pokemon Party Mini - Slowking's Judge (2001).png</titleshot><thumbnail>~/../thumbs/Nintendo - Pokemon Mini/Named_Boxarts/Pokemon Party Mini - Slowking's Judge (2001).png</thumbnail><marquee>~/../thumbs/Nintendo - Pokemon Mini/Named_Logos/Pokemon Party Mini - Slowking's Judge (2001).png</marquee></game>
<game><path>./Pokemon Mini TOSEC/Pokemon Pinball Mini (2001)(Nintendo)(AU-EU-US).zip</path><name>Pokemon Pinball Mini (2001)(Nintendo)(AU-EU-US)</name><image>~/../thumbs/Nintendo - Pokemon Mini/Named_Snaps/Pokemon Pinball Mini (2001).png</image><titleshot>~/../thumbs/Nintendo - Pokemon Mini/Named_Titles/Pokemon Pinball Mini (2001).png</titleshot><thumbnail>~/../thumbs/Nintendo - Pokemon Mini/Named_Boxarts/Pokemon Pinball Mini (2001).png</thumbnail><marquee>~/../thumbs/Nintendo - Pokemon Mini/Named_Logos/Pokemon Pinball Mini (2001).png</marquee></game>
<game><path>./Pokemon Mini TOSEC/Pokemon Pinball Mini (2001)(Nintendo)(JP).zip</path><name>Pokemon Pinball Mini (2001)(Nintendo)(JP)</name><image>~/../thumbs/Nintendo - Pokemon Mini/Named_Snaps/Pokemon Pinball Mini (2001).png</image><titleshot>~/../thumbs/Nintendo - Pokemon Mini/Named_Titles/Pokemon Pinball Mini (2001).png</titleshot><thumbnail>~/../thumbs/Nintendo - Pokemon Mini/Named_Boxarts/Pokemon Pinball Mini (2001).png</thumbnail><marquee>~/../thumbs/Nintendo - Pokemon Mini/Named_Logos/Pokemon Pinball Mini (2001).png</marquee></game>
<game><path>./Pokemon Mini TOSEC/Pokemon Pinball Mini (2001)(Nintendo)(JP)[preview].zip</path><name>Pokemon Pinball Mini (2001)(Nintendo)(JP)[preview]</name><image>~/../thumbs/Nintendo - Pokemon Mini/Named_Snaps/Pokemon Pinball Mini (2001).png</image><titleshot>~/../thumbs/Nintendo - Pokemon Mini/Named_Titles/Pokemon Pinball Mini (2001).png</titleshot><thumbnail>~/../thumbs/Nintendo - Pokemon Mini/Named_Boxarts/Pokemon Pinball Mini (2001).png</thumbnail><marquee>~/../thumbs/Nintendo - Pokemon Mini/Named_Logos/Pokemon Pinball Mini (2001).png</marquee></game>
<game><path>./Pokemon Mini TOSEC/Pokemon Pinball Mini (2001)(Nintendo)(US)[GameCube][preview].zip</path><name>Pokemon Pinball Mini (2001)(Nintendo)(US)[GameCube][preview]</name><image>~/../thumbs/Nintendo - Pokemon Mini/Named_Snaps/Pokemon Pinball Mini (2001).png</image><titleshot>~/../thumbs/Nintendo - Pokemon Mini/Named_Titles/Pokemon Pinball Mini (2001).png</titleshot><thumbnail>~/../thumbs/Nintendo - Pokemon Mini/Named_Boxarts/Pokemon Pinball Mini (2001).png</thumbnail><marquee>~/../thumbs/Nintendo - Pokemon Mini/Named_Logos/Pokemon Pinball Mini (2001).png</marquee></game>
<game><path>./Pokemon Mini TOSEC/Pokemon Puzzle Collection (2001)(Nintendo)(AU-EU-US).zip</path><name>Pokemon Puzzle Collection (2001)(Nintendo)(AU-EU-US)</name><image>~/../thumbs/Nintendo - Pokemon Mini/Named_Snaps/Pokemon Puzzle Collection (2001).png</image><titleshot>~/../thumbs/Nintendo - Pokemon Mini/Named_Titles/Pokemon Puzzle Collection (2001).png</titleshot><thumbnail>~/../thumbs/Nintendo - Pokemon Mini/Named_Boxarts/Pokemon Puzzle Collection (2001).png</thumbnail><marquee>~/../thumbs/Nintendo - Pokemon Mini/Named_Logos/Pokemon Puzzle Collection (2001).png</marquee></game>
<game><path>./Pokemon Mini TOSEC/Pokemon Puzzle Collection (2001)(Nintendo)(DE).zip</path><name>Pokemon Puzzle Collection (2001)(Nintendo)(DE)</name><image>~/../thumbs/Nintendo - Pokemon Mini/Named_Snaps/Pokemon Puzzle Collection (2001).png</image><titleshot>~/../thumbs/Nintendo - Pokemon Mini/Named_Titles/Pokemon Puzzle Collection (2001).png</titleshot><thumbnail>~/../thumbs/Nintendo - Pokemon Mini/Named_Boxarts/Pokemon Puzzle Collection (2001).png</thumbnail><marquee>~/../thumbs/Nintendo - Pokemon Mini/Named_Logos/Pokemon Puzzle Collection (2001).png</marquee></game>
<game><path>./Pokemon Mini TOSEC/Pokemon Puzzle Collection (2001)(Nintendo)(DE)[GameCube][preview].zip</path><name>Pokemon Puzzle Collection (2001)(Nintendo)(DE)[GameCube][preview]</name><image>~/../thumbs/Nintendo - Pokemon Mini/Named_Snaps/Pokemon Puzzle Collection (2001).png</image><titleshot>~/../thumbs/Nintendo - Pokemon Mini/Named_Titles/Pokemon Puzzle Collection (2001).png</titleshot><thumbnail>~/../thumbs/Nintendo - Pokemon Mini/Named_Boxarts/Pokemon Puzzle Collection (2001).png</thumbnail><marquee>~/../thumbs/Nintendo - Pokemon Mini/Named_Logos/Pokemon Puzzle Collection (2001).png</marquee></game>
<game><path>./Pokemon Mini TOSEC/Pokemon Puzzle Collection (2001)(Nintendo)(FR).zip</path><name>Pokemon Puzzle Collection (2001)(Nintendo)(FR)</name><image>~/../thumbs/Nintendo - Pokemon Mini/Named_Snaps/Pokemon Puzzle Collection (2001).png</image><titleshot>~/../thumbs/Nintendo - Pokemon Mini/Named_Titles/Pokemon Puzzle Collection (2001).png</titleshot><thumbnail>~/../thumbs/Nintendo - Pokemon Mini/Named_Boxarts/Pokemon Puzzle Collection (2001).png</thumbnail><marquee>~/../thumbs/Nintendo - Pokemon Mini/Named_Logos/Pokemon Puzzle Collection (2001).png</marquee></game>
<game><path>./Pokemon Mini TOSEC/Pokemon Puzzle Collection (2001)(Nintendo)(FR)[GameCube][preview].zip</path><name>Pokemon Puzzle Collection (2001)(Nintendo)(FR)[GameCube][preview]</name><image>~/../thumbs/Nintendo - Pokemon Mini/Named_Snaps/Pokemon Puzzle Collection (2001).png</image><titleshot>~/../thumbs/Nintendo - Pokemon Mini/Named_Titles/Pokemon Puzzle Collection (2001).png</titleshot><thumbnail>~/../thumbs/Nintendo - Pokemon Mini/Named_Boxarts/Pokemon Puzzle Collection (2001).png</thumbnail><marquee>~/../thumbs/Nintendo - Pokemon Mini/Named_Logos/Pokemon Puzzle Collection (2001).png</marquee></game>
<game><path>./Pokemon Mini TOSEC/Pokemon Puzzle Collection (2001)(Nintendo)(JP).zip</path><name>Pokemon Puzzle Collection (2001)(Nintendo)(JP)</name><image>~/../thumbs/Nintendo - Pokemon Mini/Named_Snaps/Pokemon Puzzle Collection (2001).png</image><titleshot>~/../thumbs/Nintendo - Pokemon Mini/Named_Titles/Pokemon Puzzle Collection (2001).png</titleshot><thumbnail>~/../thumbs/Nintendo - Pokemon Mini/Named_Boxarts/Pokemon Puzzle Collection (2001).png</thumbnail><marquee>~/../thumbs/Nintendo - Pokemon Mini/Named_Logos/Pokemon Puzzle Collection (2001).png</marquee></game>
<game><path>./Pokemon Mini TOSEC/Pokemon Puzzle Collection (2001)(Nintendo)(JP)[GameCube].zip</path><name>Pokemon Puzzle Collection (2001)(Nintendo)(JP)[GameCube]</name><image>~/../thumbs/Nintendo - Pokemon Mini/Named_Snaps/Pokemon Puzzle Collection (2001).png</image><titleshot>~/../thumbs/Nintendo - Pokemon Mini/Named_Titles/Pokemon Puzzle Collection (2001).png</titleshot><thumbnail>~/../thumbs/Nintendo - Pokemon Mini/Named_Boxarts/Pokemon Puzzle Collection (2001).png</thumbnail><marquee>~/../thumbs/Nintendo - Pokemon Mini/Named_Logos/Pokemon Puzzle Collection (2001).png</marquee></game>
<game><path>./Pokemon Mini TOSEC/Pokemon Puzzle Collection (2001)(Nintendo)(US)[GameCube][preview].zip</path><name>Pokemon Puzzle Collection (2001)(Nintendo)(US)[GameCube][preview]</name><image>~/../thumbs/Nintendo - Pokemon Mini/Named_Snaps/Pokemon Puzzle Collection (2001).png</image><titleshot>~/../thumbs/Nintendo - Pokemon Mini/Named_Titles/Pokemon Puzzle Collection (2001).png</titleshot><thumbnail>~/../thumbs/Nintendo - Pokemon Mini/Named_Boxarts/Pokemon Puzzle Collection (2001).png</thumbnail><marquee>~/../thumbs/Nintendo - Pokemon Mini/Named_Logos/Pokemon Puzzle Collection (2001).png</marquee></game>
<game><path>./Pokemon Mini TOSEC/Pokemon Puzzle Collection Vol. 2 (2002)(Nintendo)(JP).zip</path><name>Pokemon Puzzle Collection Vol. 2 (2002)(Nintendo)(JP)</name><image>~/../thumbs/Nintendo - Pokemon Mini/Named_Snaps/Pokemon Puzzle Collection Vol. 2 (2002).png</image><titleshot>~/../thumbs/Nintendo - Pokemon Mini/Named_Titles/Pokemon Puzzle Collection Vol. 2 (2002).png</titleshot><thumbnail>~/../thumbs/Nintendo - Pokemon Mini/Named_Boxarts/Pokemon Puzzle Collection Vol. 2 (2002).png</thumbnail><marquee>~/../thumbs/Nintendo - Pokemon Mini/Named_Logos/Pokemon Puzzle Collection Vol. 2 (2002).png</marquee></game>
<game><path>./Pokemon Mini TOSEC/Pokemon Race Mini (2002)(Nintendo)(JP).zip</path><name>Pokemon Race Mini (2002)(Nintendo)(JP)</name><image>~/../thumbs/Nintendo - Pokemon Mini/Named_Snaps/Pokemon Race Mini (2002).png</image><titleshot>~/../thumbs/Nintendo - Pokemon Mini/Named_Titles/Pokemon Race Mini (2002).png</titleshot><thumbnail>~/../thumbs/Nintendo - Pokemon Mini/Named_Boxarts/Pokemon Race Mini (2002).png</thumbnail><marquee>~/../thumbs/Nintendo - Pokemon Mini/Named_Logos/Pokemon Race Mini (2002).png</marquee></game>
<game><path>./Pokemon Mini TOSEC/Pokemon Race Mini (2002)(Nintendo)(JP)[preview].zip</path><name>Pokemon Race Mini (2002)(Nintendo)(JP)[preview]</name><image>~/../thumbs/Nintendo - Pokemon Mini/Named_Snaps/Pokemon Race Mini (2002).png</image><titleshot>~/../thumbs/Nintendo - Pokemon Mini/Named_Titles/Pokemon Race Mini (2002).png</titleshot><thumbnail>~/../thumbs/Nintendo - Pokemon Mini/Named_Boxarts/Pokemon Race Mini (2002).png</thumbnail><marquee>~/../thumbs/Nintendo - Pokemon Mini/Named_Logos/Pokemon Race Mini (2002).png</marquee></game>
<game><path>./Pokemon Mini TOSEC/Pokemon Shock Tetris (2002)(Nintendo)(JP).zip</path><name>Pokemon Shock Tetris (2002)(Nintendo)(JP)</name><image>~/../thumbs/Nintendo - Pokemon Mini/Named_Snaps/Pokemon Shock Tetris (2002).png</image><titleshot>~/../thumbs/Nintendo - Pokemon Mini/Named_Titles/Pokemon Shock Tetris (2002).png</titleshot><thumbnail>~/../thumbs/Nintendo - Pokemon Mini/Named_Boxarts/Pokemon Shock Tetris (2002).png</thumbnail><marquee>~/../thumbs/Nintendo - Pokemon Mini/Named_Logos/Pokemon Shock Tetris (2002).png</marquee></game>
<game><path>./Pokemon Mini TOSEC/Pokemon Sodateyasan Mini (2002)(Nintendo)(JP).zip</path><name>Pokemon Sodateyasan Mini (2002)(Nintendo)(JP)</name><image>~/../thumbs/Nintendo - Pokemon Mini/Named_Snaps/Pokemon Sodateyasan Mini (2002).png</image><titleshot>~/../thumbs/Nintendo - Pokemon Mini/Named_Titles/Pokemon Sodateyasan Mini (2002).png</titleshot><thumbnail>~/../thumbs/Nintendo - Pokemon Mini/Named_Boxarts/Pokemon Sodateyasan Mini (2002).png</thumbnail><marquee>~/../thumbs/Nintendo - Pokemon Mini/Named_Logos/Pokemon Sodateyasan Mini (2002).png</marquee></game>
<game><path>./Pokemon Mini TOSEC/Pokemon Tetris (2002)(Nintendo)(EU)(M3).zip</path><name>Pokemon Tetris (2002)(Nintendo)(EU)(M3)</name><image>~/../thumbs/Nintendo - Pokemon Mini/Named_Snaps/Pokemon Tetris (2002).png</image><titleshot>~/../thumbs/Nintendo - Pokemon Mini/Named_Titles/Pokemon Tetris (2002).png</titleshot><thumbnail>~/../thumbs/Nintendo - Pokemon Mini/Named_Boxarts/Pokemon Tetris (2002).png</thumbnail><marquee>~/../thumbs/Nintendo - Pokemon Mini/Named_Logos/Pokemon Tetris (2002).png</marquee></game>
<game><path>./Pokemon Mini TOSEC/Pokemon Zany Cards (2001)(Nintendo)(AU-EU-US).zip</path><name>Pokemon Zany Cards (2001)(Nintendo)(AU-EU-US)</name><image>~/../thumbs/Nintendo - Pokemon Mini/Named_Snaps/Pokemon Zany Cards (2001).png</image><titleshot>~/../thumbs/Nintendo - Pokemon Mini/Named_Titles/Pokemon Zany Cards (2001).png</titleshot><thumbnail>~/../thumbs/Nintendo - Pokemon Mini/Named_Boxarts/Pokemon Zany Cards (2001).png</thumbnail><marquee>~/../thumbs/Nintendo - Pokemon Mini/Named_Logos/Pokemon Zany Cards (2001).png</marquee></game>
<game><path>./Pokemon Mini TOSEC/Pokemon Zany Cards (2001)(Nintendo)(DE).zip</path><name>Pokemon Zany Cards (2001)(Nintendo)(DE)</name><image>~/../thumbs/Nintendo - Pokemon Mini/Named_Snaps/Pokemon Zany Cards (2001).png</image><titleshot>~/../thumbs/Nintendo - Pokemon Mini/Named_Titles/Pokemon Zany Cards (2001).png</titleshot><thumbnail>~/../thumbs/Nintendo - Pokemon Mini/Named_Boxarts/Pokemon Zany Cards (2001).png</thumbnail><marquee>~/../thumbs/Nintendo - Pokemon Mini/Named_Logos/Pokemon Zany Cards (2001).png</marquee></game>
<game><path>./Pokemon Mini TOSEC/Pokemon Zany Cards (2001)(Nintendo)(FR).zip</path><name>Pokemon Zany Cards (2001)(Nintendo)(FR)</name><image>~/../thumbs/Nintendo - Pokemon Mini/Named_Snaps/Pokemon Zany Cards (2001).png</image><titleshot>~/../thumbs/Nintendo - Pokemon Mini/Named_Titles/Pokemon Zany Cards (2001).png</titleshot><thumbnail>~/../thumbs/Nintendo - Pokemon Mini/Named_Boxarts/Pokemon Zany Cards (2001).png</thumbnail><marquee>~/../thumbs/Nintendo - Pokemon Mini/Named_Logos/Pokemon Zany Cards (2001).png</marquee></game>
<game><path>./Pokemon Mini TOSEC/Snorlax's Lunch Time (2003)(Nintendo)(EU)[GameCube].zip</path><name>Snorlax's Lunch Time (2003)(Nintendo)(EU)[GameCube]</name><image>~/../thumbs/Nintendo - Pokemon Mini/Named_Snaps/Snorlax's Lunch Time (2003).png</image><titleshot>~/../thumbs/Nintendo - Pokemon Mini/Named_Titles/Snorlax's Lunch Time (2003).png</titleshot><thumbnail>~/../thumbs/Nintendo - Pokemon Mini/Named_Boxarts/Snorlax's Lunch Time (2003).png</thumbnail><marquee>~/../thumbs/Nintendo - Pokemon Mini/Named_Logos/Snorlax's Lunch Time (2003).png</marquee></game>
<game><path>./Pokemon Mini TOSEC/Snorlax's Lunch Time (2003)(Nintendo)(JP)[GameCube].zip</path><name>Snorlax's Lunch Time (2003)(Nintendo)(JP)[GameCube]</name><image>~/../thumbs/Nintendo - Pokemon Mini/Named_Snaps/Snorlax's Lunch Time (2003).png</image><titleshot>~/../thumbs/Nintendo - Pokemon Mini/Named_Titles/Snorlax's Lunch Time (2003).png</titleshot><thumbnail>~/../thumbs/Nintendo - Pokemon Mini/Named_Boxarts/Snorlax's Lunch Time (2003).png</thumbnail><marquee>~/../thumbs/Nintendo - Pokemon Mini/Named_Logos/Snorlax's Lunch Time (2003).png</marquee></game>
<game><path>./Pokemon Mini TOSEC/Togepi no Daibouken (2002)(Nintendo)(JP).zip</path><name>Togepi no Daibouken (2002)(Nintendo)(JP)</name><image>~/../thumbs/Nintendo - Pokemon Mini/Named_Snaps/Togepi no Daibouken (2002).png</image><titleshot>~/../thumbs/Nintendo - Pokemon Mini/Named_Titles/Togepi no Daibouken (2002).png</titleshot><thumbnail>~/../thumbs/Nintendo - Pokemon Mini/Named_Boxarts/Togepi no Daibouken (2002).png</thumbnail><marquee>~/../thumbs/Nintendo - Pokemon Mini/Named_Logos/Togepi no Daibouken (2002).png</marquee></game>
<game><path>./Pokemon Mini TOSEC/Togepi no Daibouken (2002)(Nintendo)(JP)[preview].zip</path><name>Togepi no Daibouken (2002)(Nintendo)(JP)[preview]</name><image>~/../thumbs/Nintendo - Pokemon Mini/Named_Snaps/Togepi no Daibouken (2002).png</image><titleshot>~/../thumbs/Nintendo - Pokemon Mini/Named_Titles/Togepi no Daibouken (2002).png</titleshot><thumbnail>~/../thumbs/Nintendo - Pokemon Mini/Named_Boxarts/Togepi no Daibouken (2002).png</thumbnail><marquee>~/../thumbs/Nintendo - Pokemon Mini/Named_Logos/Togepi no Daibouken (2002).png</marquee></game>
<folder><path>./Pokemon Mini TOSEC</path><name>Pokemon Mini TOSEC</name><image>~/../thumb/pokemini.png</image></folder>
</gameList>
