<gameList>
<game><path>./Pokemon Mini NoIntro/Lunch Time (Europe) (Demo) (Pokemon Channel).zip</path><name>Lunch Time (Europe) (Demo) (Pokemon Channel)</name><image>~/../thumbs/Nintendo - Pokemon Mini/Named_Snaps/Lunch Time (Europe).png</image><titleshot>~/../thumbs/Nintendo - Pokemon Mini/Named_Titles/Lunch Time (Europe).png</titleshot><thumbnail>~/../thumbs/Nintendo - Pokemon Mini/Named_Boxarts/Lunch Time (Europe).png</thumbnail><marquee>~/../thumbs/Nintendo - Pokemon Mini/Named_Logos/Lunch Time (Europe).png</marquee></game>
<game><path>./Pokemon Mini NoIntro/Pichu Bros. Mini (Japan).zip</path><name>Pichu Bros. Mini (Japan)</name><image>~/../thumbs/Nintendo - Pokemon Mini/Named_Snaps/Pichu Bros. Mini (Japan).png</image><titleshot>~/../thumbs/Nintendo - Pokemon Mini/Named_Titles/Pichu Bros. Mini (Japan).png</titleshot><thumbnail>~/../thumbs/Nintendo - Pokemon Mini/Named_Boxarts/Pichu Bros. Mini (Japan).png</thumbnail><marquee>~/../thumbs/Nintendo - Pokemon Mini/Named_Logos/Pichu Bros. Mini (Japan).png</marquee></game>
<game><path>./Pokemon Mini NoIntro/Pichu Bros. Mini - Hoppip's Jump Match (Japan) (Preview).zip</path><name>Pichu Bros. Mini - Hoppip's Jump Match (Japan) (Preview)</name><image>~/../thumbs/Nintendo - Pokemon Mini/Named_Snaps/Pichu Bros. Mini - Hoppip's Jump Match (Japan).png</image><titleshot>~/../thumbs/Nintendo - Pokemon Mini/Named_Titles/Pichu Bros. Mini - Hoppip's Jump Match (Japan).png</titleshot><thumbnail>~/../thumbs/Nintendo - Pokemon Mini/Named_Boxarts/Pichu Bros. Mini - Hoppip's Jump Match (Japan).png</thumbnail><marquee>~/../thumbs/Nintendo - Pokemon Mini/Named_Logos/Pichu Bros. Mini - Hoppip's Jump Match (Japan).png</marquee></game>
<game><path>./Pokemon Mini NoIntro/Pichu Bros. Mini - Netsukikyuu (Japan) (Preview).zip</path><name>Pichu Bros. Mini - Netsukikyuu (Japan) (Preview)</name><image>~/../thumbs/Nintendo - Pokemon Mini/Named_Snaps/Pichu Bros. Mini - Netsukikyuu (Japan).png</image><titleshot>~/../thumbs/Nintendo - Pokemon Mini/Named_Titles/Pichu Bros. Mini - Netsukikyuu (Japan).png</titleshot><thumbnail>~/../thumbs/Nintendo - Pokemon Mini/Named_Boxarts/Pichu Bros. Mini - Netsukikyuu (Japan).png</thumbnail><marquee>~/../thumbs/Nintendo - Pokemon Mini/Named_Logos/Pichu Bros. Mini - Netsukikyuu (Japan).png</marquee></game>
<game><path>./Pokemon Mini NoIntro/Pichu Bros. Mini - Skateboard (Japan) (Preview).zip</path><name>Pichu Bros. Mini - Skateboard (Japan) (Preview)</name><image>~/../thumbs/Nintendo - Pokemon Mini/Named_Snaps/Pichu Bros. Mini - Skateboard (Japan).png</image><titleshot>~/../thumbs/Nintendo - Pokemon Mini/Named_Titles/Pichu Bros. Mini - Skateboard (Japan).png</titleshot><thumbnail>~/../thumbs/Nintendo - Pokemon Mini/Named_Boxarts/Pichu Bros. Mini - Skateboard (Japan).png</thumbnail><marquee>~/../thumbs/Nintendo - Pokemon Mini/Named_Logos/Pichu Bros. Mini - Skateboard (Japan).png</marquee></game>
<game><path>./Pokemon Mini NoIntro/Pokemon Anime Card Daisakusen (Japan).zip</path><name>Pokemon Anime Card Daisakusen (Japan)</name><image>~/../thumbs/Nintendo - Pokemon Mini/Named_Snaps/Pokemon Anime Card Daisakusen (Japan).png</image><titleshot>~/../thumbs/Nintendo - Pokemon Mini/Named_Titles/Pokemon Anime Card Daisakusen (Japan).png</titleshot><thumbnail>~/../thumbs/Nintendo - Pokemon Mini/Named_Boxarts/Pokemon Anime Card Daisakusen (Japan).png</thumbnail><marquee>~/../thumbs/Nintendo - Pokemon Mini/Named_Logos/Pokemon Anime Card Daisakusen (Japan).png</marquee></game>
<game><path>./Pokemon Mini NoIntro/Pokemon Party Mini (Europe).zip</path><name>Pokemon Party Mini (Europe)</name><image>~/../thumbs/Nintendo - Pokemon Mini/Named_Snaps/Pokemon Party Mini (Europe).png</image><titleshot>~/../thumbs/Nintendo - Pokemon Mini/Named_Titles/Pokemon Party Mini (Europe).png</titleshot><thumbnail>~/../thumbs/Nintendo - Pokemon Mini/Named_Boxarts/Pokemon Party Mini (Europe).png</thumbnail><marquee>~/../thumbs/Nintendo - Pokemon Mini/Named_Logos/Pokemon Party Mini (Europe).png</marquee></game>
<game><path>./Pokemon Mini NoIntro/Pokemon Party Mini (Japan).zip</path><name>Pokemon Party Mini (Japan)</name><image>~/../thumbs/Nintendo - Pokemon Mini/Named_Snaps/Pokemon Party Mini (Japan).png</image><titleshot>~/../thumbs/Nintendo - Pokemon Mini/Named_Titles/Pokemon Party Mini (Japan).png</titleshot><thumbnail>~/../thumbs/Nintendo - Pokemon Mini/Named_Boxarts/Pokemon Party Mini (Japan).png</thumbnail><marquee>~/../thumbs/Nintendo - Pokemon Mini/Named_Logos/Pokemon Party Mini (Japan).png</marquee></game>
<game><path>./Pokemon Mini NoIntro/Pokemon Party Mini (USA).zip</path><name>Pokemon Party Mini (USA)</name><image>~/../thumbs/Nintendo - Pokemon Mini/Named_Snaps/Pokemon Party Mini (USA).png</image><titleshot>~/../thumbs/Nintendo - Pokemon Mini/Named_Titles/Pokemon Party Mini (USA).png</titleshot><thumbnail>~/../thumbs/Nintendo - Pokemon Mini/Named_Boxarts/Pokemon Party Mini (USA).png</thumbnail><marquee>~/../thumbs/Nintendo - Pokemon Mini/Named_Logos/Pokemon Party Mini (USA).png</marquee></game>
<game><path>./Pokemon Mini NoIntro/Pokemon Party Mini - Baseline Judge (Europe) (GameCube).zip</path><name>Pokemon Party Mini - Baseline Judge (Europe) (GameCube)</name><image>~/../thumbs/Nintendo - Pokemon Mini/Named_Snaps/Pokemon Party Mini - Baseline Judge (Europe).png</image><titleshot>~/../thumbs/Nintendo - Pokemon Mini/Named_Titles/Pokemon Party Mini - Baseline Judge (Europe).png</titleshot><thumbnail>~/../thumbs/Nintendo - Pokemon Mini/Named_Boxarts/Pokemon Party Mini - Baseline Judge (Europe).png</thumbnail><marquee>~/../thumbs/Nintendo - Pokemon Mini/Named_Logos/Pokemon Party Mini - Baseline Judge (Europe).png</marquee></game>
<game><path>./Pokemon Mini NoIntro/Pokemon Party Mini - Baseline Judge (Japan) (GameCube).zip</path><name>Pokemon Party Mini - Baseline Judge (Japan) (GameCube)</name><image>~/../thumbs/Nintendo - Pokemon Mini/Named_Snaps/Pokemon Party Mini - Baseline Judge (Japan).png</image><titleshot>~/../thumbs/Nintendo - Pokemon Mini/Named_Titles/Pokemon Party Mini - Baseline Judge (Japan).png</titleshot><thumbnail>~/../thumbs/Nintendo - Pokemon Mini/Named_Boxarts/Pokemon Party Mini - Baseline Judge (Japan).png</thumbnail><marquee>~/../thumbs/Nintendo - Pokemon Mini/Named_Logos/Pokemon Party Mini - Baseline Judge (Japan).png</marquee></game>
<game><path>./Pokemon Mini NoIntro/Pokemon Party Mini - Baseline Judge (USA) (GameCube).zip</path><name>Pokemon Party Mini - Baseline Judge (USA) (GameCube)</name><image>~/../thumbs/Nintendo - Pokemon Mini/Named_Snaps/Pokemon Party Mini - Baseline Judge (USA).png</image><titleshot>~/../thumbs/Nintendo - Pokemon Mini/Named_Titles/Pokemon Party Mini - Baseline Judge (USA).png</titleshot><thumbnail>~/../thumbs/Nintendo - Pokemon Mini/Named_Boxarts/Pokemon Party Mini - Baseline Judge (USA).png</thumbnail><marquee>~/../thumbs/Nintendo - Pokemon Mini/Named_Logos/Pokemon Party Mini - Baseline Judge (USA).png</marquee></game>
<game><path>./Pokemon Mini NoIntro/Pokemon Party Mini - Chansey's Dribble (Europe) (GameCube).zip</path><name>Pokemon Party Mini - Chansey's Dribble (Europe) (GameCube)</name><image>~/../thumbs/Nintendo - Pokemon Mini/Named_Snaps/Pokemon Party Mini - Chansey's Dribble (Europe).png</image><titleshot>~/../thumbs/Nintendo - Pokemon Mini/Named_Titles/Pokemon Party Mini - Chansey's Dribble (Europe).png</titleshot><thumbnail>~/../thumbs/Nintendo - Pokemon Mini/Named_Boxarts/Pokemon Party Mini - Chansey's Dribble (Europe).png</thumbnail><marquee>~/../thumbs/Nintendo - Pokemon Mini/Named_Logos/Pokemon Party Mini - Chansey's Dribble (Europe).png</marquee></game>
<game><path>./Pokemon Mini NoIntro/Pokemon Party Mini - Pikachu's Rocket Start (Europe) (GameCube).zip</path><name>Pokemon Party Mini - Pikachu's Rocket Start (Europe) (GameCube)</name><image>~/../thumbs/Nintendo - Pokemon Mini/Named_Snaps/Pokemon Party Mini - Pikachu's Rocket Start (Europe).png</image><titleshot>~/../thumbs/Nintendo - Pokemon Mini/Named_Titles/Pokemon Party Mini - Pikachu's Rocket Start (Europe).png</titleshot><thumbnail>~/../thumbs/Nintendo - Pokemon Mini/Named_Boxarts/Pokemon Party Mini - Pikachu's Rocket Start (Europe).png</thumbnail><marquee>~/../thumbs/Nintendo - Pokemon Mini/Named_Logos/Pokemon Party Mini - Pikachu's Rocket Start (Europe).png</marquee></game>
<game><path>./Pokemon Mini NoIntro/Pokemon Party Mini - Ricochet Dribble (Japan) (GameCube).zip</path><name>Pokemon Party Mini - Ricochet Dribble (Japan) (GameCube)</name><image>~/../thumbs/Nintendo - Pokemon Mini/Named_Snaps/Pokemon Party Mini - Ricochet Dribble (Japan).png</image><titleshot>~/../thumbs/Nintendo - Pokemon Mini/Named_Titles/Pokemon Party Mini - Ricochet Dribble (Japan).png</titleshot><thumbnail>~/../thumbs/Nintendo - Pokemon Mini/Named_Boxarts/Pokemon Party Mini - Ricochet Dribble (Japan).png</thumbnail><marquee>~/../thumbs/Nintendo - Pokemon Mini/Named_Logos/Pokemon Party Mini - Ricochet Dribble (Japan).png</marquee></game>
<game><path>./Pokemon Mini NoIntro/Pokemon Party Mini - Ricochet Dribble (USA) (GameCube).zip</path><name>Pokemon Party Mini - Ricochet Dribble (USA) (GameCube)</name><image>~/../thumbs/Nintendo - Pokemon Mini/Named_Snaps/Pokemon Party Mini - Ricochet Dribble (USA).png</image><titleshot>~/../thumbs/Nintendo - Pokemon Mini/Named_Titles/Pokemon Party Mini - Ricochet Dribble (USA).png</titleshot><thumbnail>~/../thumbs/Nintendo - Pokemon Mini/Named_Boxarts/Pokemon Party Mini - Ricochet Dribble (USA).png</thumbnail><marquee>~/../thumbs/Nintendo - Pokemon Mini/Named_Logos/Pokemon Party Mini - Ricochet Dribble (USA).png</marquee></game>
<game><path>./Pokemon Mini NoIntro/Pokemon Party Mini - Rocket Start (USA) (GameCube).zip</path><name>Pokemon Party Mini - Rocket Start (USA) (GameCube)</name><image>~/../thumbs/Nintendo - Pokemon Mini/Named_Snaps/Pokemon Party Mini - Rocket Start (USA).png</image><titleshot>~/../thumbs/Nintendo - Pokemon Mini/Named_Titles/Pokemon Party Mini - Rocket Start (USA).png</titleshot><thumbnail>~/../thumbs/Nintendo - Pokemon Mini/Named_Boxarts/Pokemon Party Mini - Rocket Start (USA).png</thumbnail><marquee>~/../thumbs/Nintendo - Pokemon Mini/Named_Logos/Pokemon Party Mini - Rocket Start (USA).png</marquee></game>
<game><path>./Pokemon Mini NoIntro/Pokemon Party Mini - Slowking's Judge (Europe) (GameCube).zip</path><name>Pokemon Party Mini - Slowking's Judge (Europe) (GameCube)</name><image>~/../thumbs/Nintendo - Pokemon Mini/Named_Snaps/Pokemon Party Mini - Slowking's Judge (Europe).png</image><titleshot>~/../thumbs/Nintendo - Pokemon Mini/Named_Titles/Pokemon Party Mini - Slowking's Judge (Europe).png</titleshot><thumbnail>~/../thumbs/Nintendo - Pokemon Mini/Named_Boxarts/Pokemon Party Mini - Slowking's Judge (Europe).png</thumbnail><marquee>~/../thumbs/Nintendo - Pokemon Mini/Named_Logos/Pokemon Party Mini - Slowking's Judge (Europe).png</marquee></game>
<game><path>./Pokemon Mini NoIntro/Pokemon Pinball Mini (Japan) (Demo) (Pokemon Channel).zip</path><name>Pokemon Pinball Mini (Japan) (Demo) (Pokemon Channel)</name><image>~/../thumbs/Nintendo - Pokemon Mini/Named_Snaps/Pokemon Pinball Mini (Japan).png</image><titleshot>~/../thumbs/Nintendo - Pokemon Mini/Named_Titles/Pokemon Pinball Mini (Japan).png</titleshot><thumbnail>~/../thumbs/Nintendo - Pokemon Mini/Named_Boxarts/Pokemon Pinball Mini (Japan).png</thumbnail><marquee>~/../thumbs/Nintendo - Pokemon Mini/Named_Logos/Pokemon Pinball Mini (Japan).png</marquee></game>
<game><path>./Pokemon Mini NoIntro/Pokemon Pinball Mini (Japan).zip</path><name>Pokemon Pinball Mini (Japan)</name><image>~/../thumbs/Nintendo - Pokemon Mini/Named_Snaps/Pokemon Pinball Mini (Japan).png</image><titleshot>~/../thumbs/Nintendo - Pokemon Mini/Named_Titles/Pokemon Pinball Mini (Japan).png</titleshot><thumbnail>~/../thumbs/Nintendo - Pokemon Mini/Named_Boxarts/Pokemon Pinball Mini (Japan).png</thumbnail><marquee>~/../thumbs/Nintendo - Pokemon Mini/Named_Logos/Pokemon Pinball Mini (Japan).png</marquee></game>
<game><path>./Pokemon Mini NoIntro/Pokemon Pinball Mini (USA, Europe).zip</path><name>Pokemon Pinball Mini (USA, Europe)</name><image>~/../thumbs/Nintendo - Pokemon Mini/Named_Snaps/Pokemon Pinball Mini (USA, Europe).png</image><titleshot>~/../thumbs/Nintendo - Pokemon Mini/Named_Titles/Pokemon Pinball Mini (USA, Europe).png</titleshot><thumbnail>~/../thumbs/Nintendo - Pokemon Mini/Named_Boxarts/Pokemon Pinball Mini (USA, Europe).png</thumbnail><marquee>~/../thumbs/Nintendo - Pokemon Mini/Named_Logos/Pokemon Pinball Mini (USA, Europe).png</marquee></game>
<game><path>./Pokemon Mini NoIntro/Pokemon Pinball Mini (USA, Europe, Australia) (Demo) (Pokemon Channel).zip</path><name>Pokemon Pinball Mini (USA, Europe, Australia) (Demo) (Pokemon Channel)</name><image>~/../thumbs/Nintendo - Pokemon Mini/Named_Snaps/Pokemon Pinball Mini (USA, Europe, Australia).png</image><titleshot>~/../thumbs/Nintendo - Pokemon Mini/Named_Titles/Pokemon Pinball Mini (USA, Europe, Australia).png</titleshot><thumbnail>~/../thumbs/Nintendo - Pokemon Mini/Named_Boxarts/Pokemon Pinball Mini (USA, Europe, Australia).png</thumbnail><marquee>~/../thumbs/Nintendo - Pokemon Mini/Named_Logos/Pokemon Pinball Mini (USA, Europe, Australia).png</marquee></game>
<game><path>./Pokemon Mini NoIntro/Pokemon Puzzle Collection (France) (GameCube Preview).zip</path><name>Pokemon Puzzle Collection (France) (GameCube Preview)</name><image>~/../thumbs/Nintendo - Pokemon Mini/Named_Snaps/Pokemon Puzzle Collection (France).png</image><titleshot>~/../thumbs/Nintendo - Pokemon Mini/Named_Titles/Pokemon Puzzle Collection (France).png</titleshot><thumbnail>~/../thumbs/Nintendo - Pokemon Mini/Named_Boxarts/Pokemon Puzzle Collection (France).png</thumbnail><marquee>~/../thumbs/Nintendo - Pokemon Mini/Named_Logos/Pokemon Puzzle Collection (France).png</marquee></game>
<game><path>./Pokemon Mini NoIntro/Pokemon Puzzle Collection (France).zip</path><name>Pokemon Puzzle Collection (France)</name><image>~/../thumbs/Nintendo - Pokemon Mini/Named_Snaps/Pokemon Puzzle Collection (France).png</image><titleshot>~/../thumbs/Nintendo - Pokemon Mini/Named_Titles/Pokemon Puzzle Collection (France).png</titleshot><thumbnail>~/../thumbs/Nintendo - Pokemon Mini/Named_Boxarts/Pokemon Puzzle Collection (France).png</thumbnail><marquee>~/../thumbs/Nintendo - Pokemon Mini/Named_Logos/Pokemon Puzzle Collection (France).png</marquee></game>
<game><path>./Pokemon Mini NoIntro/Pokemon Puzzle Collection (Germany) (GameCube Preview).zip</path><name>Pokemon Puzzle Collection (Germany) (GameCube Preview)</name><image>~/../thumbs/Nintendo - Pokemon Mini/Named_Snaps/Pokemon Puzzle Collection (Germany).png</image><titleshot>~/../thumbs/Nintendo - Pokemon Mini/Named_Titles/Pokemon Puzzle Collection (Germany).png</titleshot><thumbnail>~/../thumbs/Nintendo - Pokemon Mini/Named_Boxarts/Pokemon Puzzle Collection (Germany).png</thumbnail><marquee>~/../thumbs/Nintendo - Pokemon Mini/Named_Logos/Pokemon Puzzle Collection (Germany).png</marquee></game>
<game><path>./Pokemon Mini NoIntro/Pokemon Puzzle Collection (Germany).zip</path><name>Pokemon Puzzle Collection (Germany)</name><image>~/../thumbs/Nintendo - Pokemon Mini/Named_Snaps/Pokemon Puzzle Collection (Germany).png</image><titleshot>~/../thumbs/Nintendo - Pokemon Mini/Named_Titles/Pokemon Puzzle Collection (Germany).png</titleshot><thumbnail>~/../thumbs/Nintendo - Pokemon Mini/Named_Boxarts/Pokemon Puzzle Collection (Germany).png</thumbnail><marquee>~/../thumbs/Nintendo - Pokemon Mini/Named_Logos/Pokemon Puzzle Collection (Germany).png</marquee></game>
<game><path>./Pokemon Mini NoIntro/Pokemon Puzzle Collection (Japan) (GameCube).zip</path><name>Pokemon Puzzle Collection (Japan) (GameCube)</name><image>~/../thumbs/Nintendo - Pokemon Mini/Named_Snaps/Pokemon Puzzle Collection (Japan).png</image><titleshot>~/../thumbs/Nintendo - Pokemon Mini/Named_Titles/Pokemon Puzzle Collection (Japan).png</titleshot><thumbnail>~/../thumbs/Nintendo - Pokemon Mini/Named_Boxarts/Pokemon Puzzle Collection (Japan).png</thumbnail><marquee>~/../thumbs/Nintendo - Pokemon Mini/Named_Logos/Pokemon Puzzle Collection (Japan).png</marquee></game>
<game><path>./Pokemon Mini NoIntro/Pokemon Puzzle Collection (Japan).zip</path><name>Pokemon Puzzle Collection (Japan)</name><image>~/../thumbs/Nintendo - Pokemon Mini/Named_Snaps/Pokemon Puzzle Collection (Japan).png</image><titleshot>~/../thumbs/Nintendo - Pokemon Mini/Named_Titles/Pokemon Puzzle Collection (Japan).png</titleshot><thumbnail>~/../thumbs/Nintendo - Pokemon Mini/Named_Boxarts/Pokemon Puzzle Collection (Japan).png</thumbnail><marquee>~/../thumbs/Nintendo - Pokemon Mini/Named_Logos/Pokemon Puzzle Collection (Japan).png</marquee></game>
<game><path>./Pokemon Mini NoIntro/Pokemon Puzzle Collection (USA) (GameCube Preview).zip</path><name>Pokemon Puzzle Collection (USA) (GameCube Preview)</name><image>~/../thumbs/Nintendo - Pokemon Mini/Named_Snaps/Pokemon Puzzle Collection (USA).png</image><titleshot>~/../thumbs/Nintendo - Pokemon Mini/Named_Titles/Pokemon Puzzle Collection (USA).png</titleshot><thumbnail>~/../thumbs/Nintendo - Pokemon Mini/Named_Boxarts/Pokemon Puzzle Collection (USA).png</thumbnail><marquee>~/../thumbs/Nintendo - Pokemon Mini/Named_Logos/Pokemon Puzzle Collection (USA).png</marquee></game>
<game><path>./Pokemon Mini NoIntro/Pokemon Puzzle Collection (USA, Europe).zip</path><name>Pokemon Puzzle Collection (USA, Europe)</name><image>~/../thumbs/Nintendo - Pokemon Mini/Named_Snaps/Pokemon Puzzle Collection (USA, Europe).png</image><titleshot>~/../thumbs/Nintendo - Pokemon Mini/Named_Titles/Pokemon Puzzle Collection (USA, Europe).png</titleshot><thumbnail>~/../thumbs/Nintendo - Pokemon Mini/Named_Boxarts/Pokemon Puzzle Collection (USA, Europe).png</thumbnail><marquee>~/../thumbs/Nintendo - Pokemon Mini/Named_Logos/Pokemon Puzzle Collection (USA, Europe).png</marquee></game>
<game><path>./Pokemon Mini NoIntro/Pokemon Puzzle Collection Vol. 2 (Japan).zip</path><name>Pokemon Puzzle Collection Vol. 2 (Japan)</name><image>~/../thumbs/Nintendo - Pokemon Mini/Named_Snaps/Pokemon Puzzle Collection Vol. 2 (Japan).png</image><titleshot>~/../thumbs/Nintendo - Pokemon Mini/Named_Titles/Pokemon Puzzle Collection Vol. 2 (Japan).png</titleshot><thumbnail>~/../thumbs/Nintendo - Pokemon Mini/Named_Boxarts/Pokemon Puzzle Collection Vol. 2 (Japan).png</thumbnail><marquee>~/../thumbs/Nintendo - Pokemon Mini/Named_Logos/Pokemon Puzzle Collection Vol. 2 (Japan).png</marquee></game>
<game><path>./Pokemon Mini NoIntro/Pokemon Race Mini (Japan) (Preview).zip</path><name>Pokemon Race Mini (Japan) (Preview)</name><image>~/../thumbs/Nintendo - Pokemon Mini/Named_Snaps/Pokemon Race Mini (Japan).png</image><titleshot>~/../thumbs/Nintendo - Pokemon Mini/Named_Titles/Pokemon Race Mini (Japan).png</titleshot><thumbnail>~/../thumbs/Nintendo - Pokemon Mini/Named_Boxarts/Pokemon Race Mini (Japan).png</thumbnail><marquee>~/../thumbs/Nintendo - Pokemon Mini/Named_Logos/Pokemon Race Mini (Japan).png</marquee></game>
<game><path>./Pokemon Mini NoIntro/Pokemon Race Mini (Japan).zip</path><name>Pokemon Race Mini (Japan)</name><image>~/../thumbs/Nintendo - Pokemon Mini/Named_Snaps/Pokemon Race Mini (Japan).png</image><titleshot>~/../thumbs/Nintendo - Pokemon Mini/Named_Titles/Pokemon Race Mini (Japan).png</titleshot><thumbnail>~/../thumbs/Nintendo - Pokemon Mini/Named_Boxarts/Pokemon Race Mini (Japan).png</thumbnail><marquee>~/../thumbs/Nintendo - Pokemon Mini/Named_Logos/Pokemon Race Mini (Japan).png</marquee></game>
<game><path>./Pokemon Mini NoIntro/Pokemon Shock Tetris (Japan).zip</path><name>Pokemon Shock Tetris (Japan)</name><image>~/../thumbs/Nintendo - Pokemon Mini/Named_Snaps/Pokemon Shock Tetris (Japan).png</image><titleshot>~/../thumbs/Nintendo - Pokemon Mini/Named_Titles/Pokemon Shock Tetris (Japan).png</titleshot><thumbnail>~/../thumbs/Nintendo - Pokemon Mini/Named_Boxarts/Pokemon Shock Tetris (Japan).png</thumbnail><marquee>~/../thumbs/Nintendo - Pokemon Mini/Named_Logos/Pokemon Shock Tetris (Japan).png</marquee></game>
<game><path>./Pokemon Mini NoIntro/Pokemon Sodateyasan Mini (Japan).zip</path><name>Pokemon Sodateyasan Mini (Japan)</name><image>~/../thumbs/Nintendo - Pokemon Mini/Named_Snaps/Pokemon Sodateyasan Mini (Japan).png</image><titleshot>~/../thumbs/Nintendo - Pokemon Mini/Named_Titles/Pokemon Sodateyasan Mini (Japan).png</titleshot><thumbnail>~/../thumbs/Nintendo - Pokemon Mini/Named_Boxarts/Pokemon Sodateyasan Mini (Japan).png</thumbnail><marquee>~/../thumbs/Nintendo - Pokemon Mini/Named_Logos/Pokemon Sodateyasan Mini (Japan).png</marquee></game>
<game><path>./Pokemon Mini NoIntro/Pokemon Tetris (Europe) (En,Fr,De).zip</path><name>Pokemon Tetris (Europe) (En,Fr,De)</name><image>~/../thumbs/Nintendo - Pokemon Mini/Named_Snaps/Pokemon Tetris (Europe).png</image><titleshot>~/../thumbs/Nintendo - Pokemon Mini/Named_Titles/Pokemon Tetris (Europe).png</titleshot><thumbnail>~/../thumbs/Nintendo - Pokemon Mini/Named_Boxarts/Pokemon Tetris (Europe).png</thumbnail><marquee>~/../thumbs/Nintendo - Pokemon Mini/Named_Logos/Pokemon Tetris (Europe).png</marquee></game>
<game><path>./Pokemon Mini NoIntro/Pokemon Zany Cards (France).zip</path><name>Pokemon Zany Cards (France)</name><image>~/../thumbs/Nintendo - Pokemon Mini/Named_Snaps/Pokemon Zany Cards (France).png</image><titleshot>~/../thumbs/Nintendo - Pokemon Mini/Named_Titles/Pokemon Zany Cards (France).png</titleshot><thumbnail>~/../thumbs/Nintendo - Pokemon Mini/Named_Boxarts/Pokemon Zany Cards (France).png</thumbnail><marquee>~/../thumbs/Nintendo - Pokemon Mini/Named_Logos/Pokemon Zany Cards (France).png</marquee></game>
<game><path>./Pokemon Mini NoIntro/Pokemon Zany Cards (Germany).zip</path><name>Pokemon Zany Cards (Germany)</name><image>~/../thumbs/Nintendo - Pokemon Mini/Named_Snaps/Pokemon Zany Cards (Germany).png</image><titleshot>~/../thumbs/Nintendo - Pokemon Mini/Named_Titles/Pokemon Zany Cards (Germany).png</titleshot><thumbnail>~/../thumbs/Nintendo - Pokemon Mini/Named_Boxarts/Pokemon Zany Cards (Germany).png</thumbnail><marquee>~/../thumbs/Nintendo - Pokemon Mini/Named_Logos/Pokemon Zany Cards (Germany).png</marquee></game>
<game><path>./Pokemon Mini NoIntro/Pokemon Zany Cards (USA, Europe).zip</path><name>Pokemon Zany Cards (USA, Europe)</name><image>~/../thumbs/Nintendo - Pokemon Mini/Named_Snaps/Pokemon Zany Cards (USA, Europe).png</image><titleshot>~/../thumbs/Nintendo - Pokemon Mini/Named_Titles/Pokemon Zany Cards (USA, Europe).png</titleshot><thumbnail>~/../thumbs/Nintendo - Pokemon Mini/Named_Boxarts/Pokemon Zany Cards (USA, Europe).png</thumbnail><marquee>~/../thumbs/Nintendo - Pokemon Mini/Named_Logos/Pokemon Zany Cards (USA, Europe).png</marquee></game>
<game><path>./Pokemon Mini NoIntro/Snorlax's Lunch Time (Europe) (GameCube).zip</path><name>Snorlax's Lunch Time (Europe) (GameCube)</name><image>~/../thumbs/Nintendo - Pokemon Mini/Named_Snaps/Snorlax's Lunch Time (Europe).png</image><titleshot>~/../thumbs/Nintendo - Pokemon Mini/Named_Titles/Snorlax's Lunch Time (Europe).png</titleshot><thumbnail>~/../thumbs/Nintendo - Pokemon Mini/Named_Boxarts/Snorlax's Lunch Time (Europe).png</thumbnail><marquee>~/../thumbs/Nintendo - Pokemon Mini/Named_Logos/Snorlax's Lunch Time (Europe).png</marquee></game>
<game><path>./Pokemon Mini NoIntro/Snorlax's Lunch Time (Japan) (GameCube).zip</path><name>Snorlax's Lunch Time (Japan) (GameCube)</name><image>~/../thumbs/Nintendo - Pokemon Mini/Named_Snaps/Snorlax's Lunch Time (Japan).png</image><titleshot>~/../thumbs/Nintendo - Pokemon Mini/Named_Titles/Snorlax's Lunch Time (Japan).png</titleshot><thumbnail>~/../thumbs/Nintendo - Pokemon Mini/Named_Boxarts/Snorlax's Lunch Time (Japan).png</thumbnail><marquee>~/../thumbs/Nintendo - Pokemon Mini/Named_Logos/Snorlax's Lunch Time (Japan).png</marquee></game>
<game><path>./Pokemon Mini NoIntro/Togepi no Daibouken (Japan) (Preview).zip</path><name>Togepi no Daibouken (Japan) (Preview)</name><image>~/../thumbs/Nintendo - Pokemon Mini/Named_Snaps/Togepi no Daibouken (Japan).png</image><titleshot>~/../thumbs/Nintendo - Pokemon Mini/Named_Titles/Togepi no Daibouken (Japan).png</titleshot><thumbnail>~/../thumbs/Nintendo - Pokemon Mini/Named_Boxarts/Togepi no Daibouken (Japan).png</thumbnail><marquee>~/../thumbs/Nintendo - Pokemon Mini/Named_Logos/Togepi no Daibouken (Japan).png</marquee></game>
<game><path>./Pokemon Mini NoIntro/Togepi no Daibouken (Japan).zip</path><name>Togepi no Daibouken (Japan)</name><image>~/../thumbs/Nintendo - Pokemon Mini/Named_Snaps/Togepi no Daibouken (Japan).png</image><titleshot>~/../thumbs/Nintendo - Pokemon Mini/Named_Titles/Togepi no Daibouken (Japan).png</titleshot><thumbnail>~/../thumbs/Nintendo - Pokemon Mini/Named_Boxarts/Togepi no Daibouken (Japan).png</thumbnail><marquee>~/../thumbs/Nintendo - Pokemon Mini/Named_Logos/Togepi no Daibouken (Japan).png</marquee></game>
<game><path>./Pokemon Mini NoIntro/[BIOS] Nintendo Pokemon Mini (World).zip</path><name>[BIOS] Nintendo Pokemon Mini (World)</name><image>~/../thumbs/Nintendo - Pokemon Mini/Named_Snaps/[BIOS] Nintendo Pokemon Mini (World).png</image><titleshot>~/../thumbs/Nintendo - Pokemon Mini/Named_Titles/[BIOS] Nintendo Pokemon Mini (World).png</titleshot><thumbnail>~/../thumbs/Nintendo - Pokemon Mini/Named_Boxarts/[BIOS] Nintendo Pokemon Mini (World).png</thumbnail><marquee>~/../thumbs/Nintendo - Pokemon Mini/Named_Logos/[BIOS] Nintendo Pokemon Mini (World).png</marquee></game>
<folder><path>./Pokemon Mini NoIntro</path><name>Pokemon Mini NoIntro</name><image>~/../thumb/pokemini.png</image></folder>
<game><path>./Pokemon Mini TOSEC/Lunch Time (2003)(Nintendo)(US)[GameCube].zip</path><name>Lunch Time (2003)(Nintendo)(US)[GameCube]</name><image>~/../thumbs/Nintendo - Pokemon Mini/Named_Snaps/Lunch Time (2003).png</image><titleshot>~/../thumbs/Nintendo - Pokemon Mini/Named_Titles/Lunch Time (2003).png</titleshot><thumbnail>~/../thumbs/Nintendo - Pokemon Mini/Named_Boxarts/Lunch Time (2003).png</thumbnail><marquee>~/../thumbs/Nintendo - Pokemon Mini/Named_Logos/Lunch Time (2003).png</marquee></game>
<game><path>./Pokemon Mini TOSEC/Mini Cookie (2015)(Mihai, Sebastian).zip</path><name>Mini Cookie (2015)(Mihai, Sebastian)</name><image>~/../thumbs/Nintendo - Pokemon Mini/Named_Snaps/Mini Cookie (2015).png</image><titleshot>~/../thumbs/Nintendo - Pokemon Mini/Named_Titles/Mini Cookie (2015).png</titleshot><thumbnail>~/../thumbs/Nintendo - Pokemon Mini/Named_Boxarts/Mini Cookie (2015).png</thumbnail><marquee>~/../thumbs/Nintendo - Pokemon Mini/Named_Logos/Mini Cookie (2015).png</marquee></game>
<game><path>./Pokemon Mini TOSEC/Pichu Bros. Mini (2002)(Nintendo)(JP).zip</path><name>Pichu Bros. Mini (2002)(Nintendo)(JP)</name><image>~/../thumbs/Nintendo - Pokemon Mini/Named_Snaps/Pichu Bros. Mini (2002).png</image><titleshot>~/../thumbs/Nintendo - Pokemon Mini/Named_Titles/Pichu Bros. Mini (2002).png</titleshot><thumbnail>~/../thumbs/Nintendo - Pokemon Mini/Named_Boxarts/Pichu Bros. Mini (2002).png</thumbnail><marquee>~/../thumbs/Nintendo - Pokemon Mini/Named_Logos/Pichu Bros. Mini (2002).png</marquee></game>
<game><path>./Pokemon Mini TOSEC/Pichu Bros. Mini - Hoppip's Jump Match (2002)(Nintendo)(JP)[preview].zip</path><name>Pichu Bros. Mini - Hoppip's Jump Match (2002)(Nintendo)(JP)[preview]</name><image>~/../thumbs/Nintendo - Pokemon Mini/Named_Snaps/Pichu Bros. Mini - Hoppip's Jump Match (2002).png</image><titleshot>~/../thumbs/Nintendo - Pokemon Mini/Named_Titles/Pichu Bros. Mini - Hoppip's Jump Match (2002).png</titleshot><thumbnail>~/../thumbs/Nintendo - Pokemon Mini/Named_Boxarts/Pichu Bros. Mini - Hoppip's Jump Match (2002).png</thumbnail><marquee>~/../thumbs/Nintendo - Pokemon Mini/Named_Logos/Pichu Bros. Mini - Hoppip's Jump Match (2002).png</marquee></game>
<game><path>./Pokemon Mini TOSEC/Pichu Bros. Mini - Netsukikyuu (2002)(Nintendo)(JP)[preview].zip</path><name>Pichu Bros. Mini - Netsukikyuu (2002)(Nintendo)(JP)[preview]</name><image>~/../thumbs/Nintendo - Pokemon Mini/Named_Snaps/Pichu Bros. Mini - Netsukikyuu (2002).png</image><titleshot>~/../thumbs/Nintendo - Pokemon Mini/Named_Titles/Pichu Bros. Mini - Netsukikyuu (2002).png</titleshot><thumbnail>~/../thumbs/Nintendo - Pokemon Mini/Named_Boxarts/Pichu Bros. Mini - Netsukikyuu (2002).png</thumbnail><marquee>~/../thumbs/Nintendo - Pokemon Mini/Named_Logos/Pichu Bros. Mini - Netsukikyuu (2002).png</marquee></game>
<game><path>./Pokemon Mini TOSEC/Pichu Bros. Mini - Skateboard (2002)(Nintendo)(JP)[preview].zip</path><name>Pichu Bros. Mini - Skateboard (2002)(Nintendo)(JP)[preview]</name><image>~/../thumbs/Nintendo - Pokemon Mini/Named_Snaps/Pichu Bros. Mini - Skateboard (2002).png</image><titleshot>~/../thumbs/Nintendo - Pokemon Mini/Named_Titles/Pichu Bros. Mini - Skateboard (2002).png</titleshot><thumbnail>~/../thumbs/Nintendo - Pokemon Mini/Named_Boxarts/Pichu Bros. Mini - Skateboard (2002).png</thumbnail><marquee>~/../thumbs/Nintendo - Pokemon Mini/Named_Logos/Pichu Bros. Mini - Skateboard (2002).png</marquee></game>
<game><path>./Pokemon Mini TOSEC/Pokemon Anime Card Daisakusen (2001)(Nintendo)(JP).zip</path><name>Pokemon Anime Card Daisakusen (2001)(Nintendo)(JP)</name><image>~/../thumbs/Nintendo - Pokemon Mini/Named_Snaps/Pokemon Anime Card Daisakusen (2001).png</image><titleshot>~/../thumbs/Nintendo - Pokemon Mini/Named_Titles/Pokemon Anime Card Daisakusen (2001).png</titleshot><thumbnail>~/../thumbs/Nintendo - Pokemon Mini/Named_Boxarts/Pokemon Anime Card Daisakusen (2001).png</thumbnail><marquee>~/../thumbs/Nintendo - Pokemon Mini/Named_Logos/Pokemon Anime Card Daisakusen (2001).png</marquee></game>
<game><path>./Pokemon Mini TOSEC/Pokemon Party Mini (2001)(Nintendo)(EU).zip</path><name>Pokemon Party Mini (2001)(Nintendo)(EU)</name><image>~/../thumbs/Nintendo - Pokemon Mini/Named_Snaps/Pokemon Party Mini (2001).png</image><titleshot>~/../thumbs/Nintendo - Pokemon Mini/Named_Titles/Pokemon Party Mini (2001).png</titleshot><thumbnail>~/../thumbs/Nintendo - Pokemon Mini/Named_Boxarts/Pokemon Party Mini (2001).png</thumbnail><marquee>~/../thumbs/Nintendo - Pokemon Mini/Named_Logos/Pokemon Party Mini (2001).png</marquee></game>
<game><path>./Pokemon Mini TOSEC/Pokemon Party Mini (2001)(Nintendo)(JP).zip</path><name>Pokemon Party Mini (2001)(Nintendo)(JP)</name><image>~/../thumbs/Nintendo - Pokemon Mini/Named_Snaps/Pokemon Party Mini (2001).png</image><titleshot>~/../thumbs/Nintendo - Pokemon Mini/Named_Titles/Pokemon Party Mini (2001).png</titleshot><thumbnail>~/../thumbs/Nintendo - Pokemon Mini/Named_Boxarts/Pokemon Party Mini (2001).png</thumbnail><marquee>~/../thumbs/Nintendo - Pokemon Mini/Named_Logos/Pokemon Party Mini (2001).png</marquee></game>
<game><path>./Pokemon Mini TOSEC/Pokemon Party Mini (2001)(Nintendo)(US).zip</path><name>Pokemon Party Mini (2001)(Nintendo)(US)</name><image>~/../thumbs/Nintendo - Pokemon Mini/Named_Snaps/Pokemon Party Mini (2001).png</image><titleshot>~/../thumbs/Nintendo - Pokemon Mini/Named_Titles/Pokemon Party Mini (2001).png</titleshot><thumbnail>~/../thumbs/Nintendo - Pokemon Mini/Named_Boxarts/Pokemon Party Mini (2001).png</thumbnail><marquee>~/../thumbs/Nintendo - Pokemon Mini/Named_Logos/Pokemon Party Mini (2001).png</marquee></game>
<game><path>./Pokemon Mini TOSEC/Pokemon Party Mini - Baseline Judge (2001)(Nintendo)(EU)[GameCube].zip</path><name>Pokemon Party Mini - Baseline Judge (2001)(Nintendo)(EU)[GameCube]</name><image>~/../thumbs/Nintendo - Pokemon Mini/Named_Snaps/Pokemon Party Mini - Baseline Judge (2001).png</image><titleshot>~/../thumbs/Nintendo - Pokemon Mini/Named_Titles/Pokemon Party Mini - Baseline Judge (2001).png</titleshot><thumbnail>~/../thumbs/Nintendo - Pokemon Mini/Named_Boxarts/Pokemon Party Mini - Baseline Judge (2001).png</thumbnail><marquee>~/../thumbs/Nintendo - Pokemon Mini/Named_Logos/Pokemon Party Mini - Baseline Judge (2001).png</marquee></game>
<game><path>./Pokemon Mini TOSEC/Pokemon Party Mini - Baseline Judge (2001)(Nintendo)(JP)[GameCube].zip</path><name>Pokemon Party Mini - Baseline Judge (2001)(Nintendo)(JP)[GameCube]</name><image>~/../thumbs/Nintendo - Pokemon Mini/Named_Snaps/Pokemon Party Mini - Baseline Judge (2001).png</image><titleshot>~/../thumbs/Nintendo - Pokemon Mini/Named_Titles/Pokemon Party Mini - Baseline Judge (2001).png</titleshot><thumbnail>~/../thumbs/Nintendo - Pokemon Mini/Named_Boxarts/Pokemon Party Mini - Baseline Judge (2001).png</thumbnail><marquee>~/../thumbs/Nintendo - Pokemon Mini/Named_Logos/Pokemon Party Mini - Baseline Judge (2001).png</marquee></game>
<game><path>./Pokemon Mini TOSEC/Pokemon Party Mini - Baseline Judge (2001)(Nintendo)(US)[GameCube].zip</path><name>Pokemon Party Mini - Baseline Judge (2001)(Nintendo)(US)[GameCube]</name><image>~/../thumbs/Nintendo - Pokemon Mini/Named_Snaps/Pokemon Party Mini - Baseline Judge (2001).png</image><titleshot>~/../thumbs/Nintendo - Pokemon Mini/Named_Titles/Pokemon Party Mini - Baseline Judge (2001).png</titleshot><thumbnail>~/../thumbs/Nintendo - Pokemon Mini/Named_Boxarts/Pokemon Party Mini - Baseline Judge (2001).png</thumbnail><marquee>~/../thumbs/Nintendo - Pokemon Mini/Named_Logos/Pokemon Party Mini - Baseline Judge (2001).png</marquee></game>
<game><path>./Pokemon Mini TOSEC/Pokemon Party Mini - Chansey's Dribble (2001)(Nintendo)(EU)[GameCube].zip</path><name>Pokemon Party Mini - Chansey's Dribble (2001)(Nintendo)(EU)[GameCube]</name><image>~/../thumbs/Nintendo - Pokemon Mini/Named_Snaps/Pokemon Party Mini - Chansey's Dribble (2001).png</image><titleshot>~/../thumbs/Nintendo - Pokemon Mini/Named_Titles/Pokemon Party Mini - Chansey's Dribble (2001).png</titleshot><thumbnail>~/../thumbs/Nintendo - Pokemon Mini/Named_Boxarts/Pokemon Party Mini - Chansey's Dribble (2001).png</thumbnail><marquee>~/../thumbs/Nintendo - Pokemon Mini/Named_Logos/Pokemon Party Mini - Chansey's Dribble (2001).png</marquee></game>
<game><path>./Pokemon Mini TOSEC/Pokemon Party Mini - Pikachu's Rocket Start (2001)(Nintendo)(EU)[GameCube].zip</path><name>Pokemon Party Mini - Pikachu's Rocket Start (2001)(Nintendo)(EU)[GameCube]</name><image>~/../thumbs/Nintendo - Pokemon Mini/Named_Snaps/Pokemon Party Mini - Pikachu's Rocket Start (2001).png</image><titleshot>~/../thumbs/Nintendo - Pokemon Mini/Named_Titles/Pokemon Party Mini - Pikachu's Rocket Start (2001).png</titleshot><thumbnail>~/../thumbs/Nintendo - Pokemon Mini/Named_Boxarts/Pokemon Party Mini - Pikachu's Rocket Start (2001).png</thumbnail><marquee>~/../thumbs/Nintendo - Pokemon Mini/Named_Logos/Pokemon Party Mini - Pikachu's Rocket Start (2001).png</marquee></game>
<game><path>./Pokemon Mini TOSEC/Pokemon Party Mini - Ricochet Dribble (2001)(Nintendo)(JP)[GameCube].zip</path><name>Pokemon Party Mini - Ricochet Dribble (2001)(Nintendo)(JP)[GameCube]</name><image>~/../thumbs/Nintendo - Pokemon Mini/Named_Snaps/Pokemon Party Mini - Ricochet Dribble (2001).png</image><titleshot>~/../thumbs/Nintendo - Pokemon Mini/Named_Titles/Pokemon Party Mini - Ricochet Dribble (2001).png</titleshot><thumbnail>~/../thumbs/Nintendo - Pokemon Mini/Named_Boxarts/Pokemon Party Mini - Ricochet Dribble (2001).png</thumbnail><marquee>~/../thumbs/Nintendo - Pokemon Mini/Named_Logos/Pokemon Party Mini - Ricochet Dribble (2001).png</marquee></game>
<game><path>./Pokemon Mini TOSEC/Pokemon Party Mini - Ricochet Dribble (2001)(Nintendo)(US)[GameCube].zip</path><name>Pokemon Party Mini - Ricochet Dribble (2001)(Nintendo)(US)[GameCube]</name><image>~/../thumbs/Nintendo - Pokemon Mini/Named_Snaps/Pokemon Party Mini - Ricochet Dribble (2001).png</image><titleshot>~/../thumbs/Nintendo - Pokemon Mini/Named_Titles/Pokemon Party Mini - Ricochet Dribble (2001).png</titleshot><thumbnail>~/../thumbs/Nintendo - Pokemon Mini/Named_Boxarts/Pokemon Party Mini - Ricochet Dribble (2001).png</thumbnail><marquee>~/../thumbs/Nintendo - Pokemon Mini/Named_Logos/Pokemon Party Mini - Ricochet Dribble (2001).png</marquee></game>
<game><path>./Pokemon Mini TOSEC/Pokemon Party Mini - Rocket Start (2001)(Nintendo)(US)[GameCube].zip</path><name>Pokemon Party Mini - Rocket Start (2001)(Nintendo)(US)[GameCube]</name><image>~/../thumbs/Nintendo - Pokemon Mini/Named_Snaps/Pokemon Party Mini - Rocket Start (2001).png</image><titleshot>~/../thumbs/Nintendo - Pokemon Mini/Named_Titles/Pokemon Party Mini - Rocket Start (2001).png</titleshot><thumbnail>~/../thumbs/Nintendo - Pokemon Mini/Named_Boxarts/Pokemon Party Mini - Rocket Start (2001).png</thumbnail><marquee>~/../thumbs/Nintendo - Pokemon Mini/Named_Logos/Pokemon Party Mini - Rocket Start (2001).png</marquee></game>
<game><path>./Pokemon Mini TOSEC/Pokemon Party Mini - Slowking's Judge (2001)(Nintendo)(EU)[GameCube].zip</path><name>Pokemon Party Mini - Slowking's Judge (2001)(Nintendo)(EU)[GameCube]</name><image>~/../thumbs/Nintendo - Pokemon Mini/Named_Snaps/Pokemon Party Mini - Slowking's Judge (2001).png</image><titleshot>~/../thumbs/Nintendo - Pokemon Mini/Named_Titles/Pokemon Party Mini - Slowking's Judge (2001).png</titleshot><thumbnail>~/../thumbs/Nintendo - Pokemon Mini/Named_Boxarts/Pokemon Party Mini - Slowking's Judge (2001).png</thumbnail><marquee>~/../thumbs/Nintendo - Pokemon Mini/Named_Logos/Pokemon Party Mini - Slowking's Judge (2001).png</marquee></game>
<game><path>./Pokemon Mini TOSEC/Pokemon Pinball Mini (2001)(Nintendo)(AU-EU-US).zip</path><name>Pokemon Pinball Mini (2001)(Nintendo)(AU-EU-US)</name><image>~/../thumbs/Nintendo - Pokemon Mini/Named_Snaps/Pokemon Pinball Mini (2001).png</image><titleshot>~/../thumbs/Nintendo - Pokemon Mini/Named_Titles/Pokemon Pinball Mini (2001).png</titleshot><thumbnail>~/../thumbs/Nintendo - Pokemon Mini/Named_Boxarts/Pokemon Pinball Mini (2001).png</thumbnail><marquee>~/../thumbs/Nintendo - Pokemon Mini/Named_Logos/Pokemon Pinball Mini (2001).png</marquee></game>
<game><path>./Pokemon Mini TOSEC/Pokemon Pinball Mini (2001)(Nintendo)(JP).zip</path><name>Pokemon Pinball Mini (2001)(Nintendo)(JP)</name><image>~/../thumbs/Nintendo - Pokemon Mini/Named_Snaps/Pokemon Pinball Mini (2001).png</image><titleshot>~/../thumbs/Nintendo - Pokemon Mini/Named_Titles/Pokemon Pinball Mini (2001).png</titleshot><thumbnail>~/../thumbs/Nintendo - Pokemon Mini/Named_Boxarts/Pokemon Pinball Mini (2001).png</thumbnail><marquee>~/../thumbs/Nintendo - Pokemon Mini/Named_Logos/Pokemon Pinball Mini (2001).png</marquee></game>
<game><path>./Pokemon Mini TOSEC/Pokemon Pinball Mini (2001)(Nintendo)(JP)[preview].zip</path><name>Pokemon Pinball Mini (2001)(Nintendo)(JP)[preview]</name><image>~/../thumbs/Nintendo - Pokemon Mini/Named_Snaps/Pokemon Pinball Mini (2001).png</image><titleshot>~/../thumbs/Nintendo - Pokemon Mini/Named_Titles/Pokemon Pinball Mini (2001).png</titleshot><thumbnail>~/../thumbs/Nintendo - Pokemon Mini/Named_Boxarts/Pokemon Pinball Mini (2001).png</thumbnail><marquee>~/../thumbs/Nintendo - Pokemon Mini/Named_Logos/Pokemon Pinball Mini (2001).png</marquee></game>
<game><path>./Pokemon Mini TOSEC/Pokemon Pinball Mini (2001)(Nintendo)(US)[GameCube][preview].zip</path><name>Pokemon Pinball Mini (2001)(Nintendo)(US)[GameCube][preview]</name><image>~/../thumbs/Nintendo - Pokemon Mini/Named_Snaps/Pokemon Pinball Mini (2001).png</image><titleshot>~/../thumbs/Nintendo - Pokemon Mini/Named_Titles/Pokemon Pinball Mini (2001).png</titleshot><thumbnail>~/../thumbs/Nintendo - Pokemon Mini/Named_Boxarts/Pokemon Pinball Mini (2001).png</thumbnail><marquee>~/../thumbs/Nintendo - Pokemon Mini/Named_Logos/Pokemon Pinball Mini (2001).png</marquee></game>
<game><path>./Pokemon Mini TOSEC/Pokemon Puzzle Collection (2001)(Nintendo)(AU-EU-US).zip</path><name>Pokemon Puzzle Collection (2001)(Nintendo)(AU-EU-US)</name><image>~/../thumbs/Nintendo - Pokemon Mini/Named_Snaps/Pokemon Puzzle Collection (2001).png</image><titleshot>~/../thumbs/Nintendo - Pokemon Mini/Named_Titles/Pokemon Puzzle Collection (2001).png</titleshot><thumbnail>~/../thumbs/Nintendo - Pokemon Mini/Named_Boxarts/Pokemon Puzzle Collection (2001).png</thumbnail><marquee>~/../thumbs/Nintendo - Pokemon Mini/Named_Logos/Pokemon Puzzle Collection (2001).png</marquee></game>
<game><path>./Pokemon Mini TOSEC/Pokemon Puzzle Collection (2001)(Nintendo)(DE).zip</path><name>Pokemon Puzzle Collection (2001)(Nintendo)(DE)</name><image>~/../thumbs/Nintendo - Pokemon Mini/Named_Snaps/Pokemon Puzzle Collection (2001).png</image><titleshot>~/../thumbs/Nintendo - Pokemon Mini/Named_Titles/Pokemon Puzzle Collection (2001).png</titleshot><thumbnail>~/../thumbs/Nintendo - Pokemon Mini/Named_Boxarts/Pokemon Puzzle Collection (2001).png</thumbnail><marquee>~/../thumbs/Nintendo - Pokemon Mini/Named_Logos/Pokemon Puzzle Collection (2001).png</marquee></game>
<game><path>./Pokemon Mini TOSEC/Pokemon Puzzle Collection (2001)(Nintendo)(DE)[GameCube][preview].zip</path><name>Pokemon Puzzle Collection (2001)(Nintendo)(DE)[GameCube][preview]</name><image>~/../thumbs/Nintendo - Pokemon Mini/Named_Snaps/Pokemon Puzzle Collection (2001).png</image><titleshot>~/../thumbs/Nintendo - Pokemon Mini/Named_Titles/Pokemon Puzzle Collection (2001).png</titleshot><thumbnail>~/../thumbs/Nintendo - Pokemon Mini/Named_Boxarts/Pokemon Puzzle Collection (2001).png</thumbnail><marquee>~/../thumbs/Nintendo - Pokemon Mini/Named_Logos/Pokemon Puzzle Collection (2001).png</marquee></game>
<game><path>./Pokemon Mini TOSEC/Pokemon Puzzle Collection (2001)(Nintendo)(FR).zip</path><name>Pokemon Puzzle Collection (2001)(Nintendo)(FR)</name><image>~/../thumbs/Nintendo - Pokemon Mini/Named_Snaps/Pokemon Puzzle Collection (2001).png</image><titleshot>~/../thumbs/Nintendo - Pokemon Mini/Named_Titles/Pokemon Puzzle Collection (2001).png</titleshot><thumbnail>~/../thumbs/Nintendo - Pokemon Mini/Named_Boxarts/Pokemon Puzzle Collection (2001).png</thumbnail><marquee>~/../thumbs/Nintendo - Pokemon Mini/Named_Logos/Pokemon Puzzle Collection (2001).png</marquee></game>
<game><path>./Pokemon Mini TOSEC/Pokemon Puzzle Collection (2001)(Nintendo)(FR)[GameCube][preview].zip</path><name>Pokemon Puzzle Collection (2001)(Nintendo)(FR)[GameCube][preview]</name><image>~/../thumbs/Nintendo - Pokemon Mini/Named_Snaps/Pokemon Puzzle Collection (2001).png</image><titleshot>~/../thumbs/Nintendo - Pokemon Mini/Named_Titles/Pokemon Puzzle Collection (2001).png</titleshot><thumbnail>~/../thumbs/Nintendo - Pokemon Mini/Named_Boxarts/Pokemon Puzzle Collection (2001).png</thumbnail><marquee>~/../thumbs/Nintendo - Pokemon Mini/Named_Logos/Pokemon Puzzle Collection (2001).png</marquee></game>
<game><path>./Pokemon Mini TOSEC/Pokemon Puzzle Collection (2001)(Nintendo)(JP).zip</path><name>Pokemon Puzzle Collection (2001)(Nintendo)(JP)</name><image>~/../thumbs/Nintendo - Pokemon Mini/Named_Snaps/Pokemon Puzzle Collection (2001).png</image><titleshot>~/../thumbs/Nintendo - Pokemon Mini/Named_Titles/Pokemon Puzzle Collection (2001).png</titleshot><thumbnail>~/../thumbs/Nintendo - Pokemon Mini/Named_Boxarts/Pokemon Puzzle Collection (2001).png</thumbnail><marquee>~/../thumbs/Nintendo - Pokemon Mini/Named_Logos/Pokemon Puzzle Collection (2001).png</marquee></game>
<game><path>./Pokemon Mini TOSEC/Pokemon Puzzle Collection (2001)(Nintendo)(JP)[GameCube].zip</path><name>Pokemon Puzzle Collection (2001)(Nintendo)(JP)[GameCube]</name><image>~/../thumbs/Nintendo - Pokemon Mini/Named_Snaps/Pokemon Puzzle Collection (2001).png</image><titleshot>~/../thumbs/Nintendo - Pokemon Mini/Named_Titles/Pokemon Puzzle Collection (2001).png</titleshot><thumbnail>~/../thumbs/Nintendo - Pokemon Mini/Named_Boxarts/Pokemon Puzzle Collection (2001).png</thumbnail><marquee>~/../thumbs/Nintendo - Pokemon Mini/Named_Logos/Pokemon Puzzle Collection (2001).png</marquee></game>
<game><path>./Pokemon Mini TOSEC/Pokemon Puzzle Collection (2001)(Nintendo)(US)[GameCube][preview].zip</path><name>Pokemon Puzzle Collection (2001)(Nintendo)(US)[GameCube][preview]</name><image>~/../thumbs/Nintendo - Pokemon Mini/Named_Snaps/Pokemon Puzzle Collection (2001).png</image><titleshot>~/../thumbs/Nintendo - Pokemon Mini/Named_Titles/Pokemon Puzzle Collection (2001).png</titleshot><thumbnail>~/../thumbs/Nintendo - Pokemon Mini/Named_Boxarts/Pokemon Puzzle Collection (2001).png</thumbnail><marquee>~/../thumbs/Nintendo - Pokemon Mini/Named_Logos/Pokemon Puzzle Collection (2001).png</marquee></game>
<game><path>./Pokemon Mini TOSEC/Pokemon Puzzle Collection Vol. 2 (2002)(Nintendo)(JP).zip</path><name>Pokemon Puzzle Collection Vol. 2 (2002)(Nintendo)(JP)</name><image>~/../thumbs/Nintendo - Pokemon Mini/Named_Snaps/Pokemon Puzzle Collection Vol. 2 (2002).png</image><titleshot>~/../thumbs/Nintendo - Pokemon Mini/Named_Titles/Pokemon Puzzle Collection Vol. 2 (2002).png</titleshot><thumbnail>~/../thumbs/Nintendo - Pokemon Mini/Named_Boxarts/Pokemon Puzzle Collection Vol. 2 (2002).png</thumbnail><marquee>~/../thumbs/Nintendo - Pokemon Mini/Named_Logos/Pokemon Puzzle Collection Vol. 2 (2002).png</marquee></game>
<game><path>./Pokemon Mini TOSEC/Pokemon Race Mini (2002)(Nintendo)(JP).zip</path><name>Pokemon Race Mini (2002)(Nintendo)(JP)</name><image>~/../thumbs/Nintendo - Pokemon Mini/Named_Snaps/Pokemon Race Mini (2002).png</image><titleshot>~/../thumbs/Nintendo - Pokemon Mini/Named_Titles/Pokemon Race Mini (2002).png</titleshot><thumbnail>~/../thumbs/Nintendo - Pokemon Mini/Named_Boxarts/Pokemon Race Mini (2002).png</thumbnail><marquee>~/../thumbs/Nintendo - Pokemon Mini/Named_Logos/Pokemon Race Mini (2002).png</marquee></game>
<game><path>./Pokemon Mini TOSEC/Pokemon Race Mini (2002)(Nintendo)(JP)[preview].zip</path><name>Pokemon Race Mini (2002)(Nintendo)(JP)[preview]</name><image>~/../thumbs/Nintendo - Pokemon Mini/Named_Snaps/Pokemon Race Mini (2002).png</image><titleshot>~/../thumbs/Nintendo - Pokemon Mini/Named_Titles/Pokemon Race Mini (2002).png</titleshot><thumbnail>~/../thumbs/Nintendo - Pokemon Mini/Named_Boxarts/Pokemon Race Mini (2002).png</thumbnail><marquee>~/../thumbs/Nintendo - Pokemon Mini/Named_Logos/Pokemon Race Mini (2002).png</marquee></game>
<game><path>./Pokemon Mini TOSEC/Pokemon Shock Tetris (2002)(Nintendo)(JP).zip</path><name>Pokemon Shock Tetris (2002)(Nintendo)(JP)</name><image>~/../thumbs/Nintendo - Pokemon Mini/Named_Snaps/Pokemon Shock Tetris (2002).png</image><titleshot>~/../thumbs/Nintendo - Pokemon Mini/Named_Titles/Pokemon Shock Tetris (2002).png</titleshot><thumbnail>~/../thumbs/Nintendo - Pokemon Mini/Named_Boxarts/Pokemon Shock Tetris (2002).png</thumbnail><marquee>~/../thumbs/Nintendo - Pokemon Mini/Named_Logos/Pokemon Shock Tetris (2002).png</marquee></game>
<game><path>./Pokemon Mini TOSEC/Pokemon Sodateyasan Mini (2002)(Nintendo)(JP).zip</path><name>Pokemon Sodateyasan Mini (2002)(Nintendo)(JP)</name><image>~/../thumbs/Nintendo - Pokemon Mini/Named_Snaps/Pokemon Sodateyasan Mini (2002).png</image><titleshot>~/../thumbs/Nintendo - Pokemon Mini/Named_Titles/Pokemon Sodateyasan Mini (2002).png</titleshot><thumbnail>~/../thumbs/Nintendo - Pokemon Mini/Named_Boxarts/Pokemon Sodateyasan Mini (2002).png</thumbnail><marquee>~/../thumbs/Nintendo - Pokemon Mini/Named_Logos/Pokemon Sodateyasan Mini (2002).png</marquee></game>
<game><path>./Pokemon Mini TOSEC/Pokemon Tetris (2002)(Nintendo)(EU)(M3).zip</path><name>Pokemon Tetris (2002)(Nintendo)(EU)(M3)</name><image>~/../thumbs/Nintendo - Pokemon Mini/Named_Snaps/Pokemon Tetris (2002).png</image><titleshot>~/../thumbs/Nintendo - Pokemon Mini/Named_Titles/Pokemon Tetris (2002).png</titleshot><thumbnail>~/../thumbs/Nintendo - Pokemon Mini/Named_Boxarts/Pokemon Tetris (2002).png</thumbnail><marquee>~/../thumbs/Nintendo - Pokemon Mini/Named_Logos/Pokemon Tetris (2002).png</marquee></game>
<game><path>./Pokemon Mini TOSEC/Pokemon Zany Cards (2001)(Nintendo)(AU-EU-US).zip</path><name>Pokemon Zany Cards (2001)(Nintendo)(AU-EU-US)</name><image>~/../thumbs/Nintendo - Pokemon Mini/Named_Snaps/Pokemon Zany Cards (2001).png</image><titleshot>~/../thumbs/Nintendo - Pokemon Mini/Named_Titles/Pokemon Zany Cards (2001).png</titleshot><thumbnail>~/../thumbs/Nintendo - Pokemon Mini/Named_Boxarts/Pokemon Zany Cards (2001).png</thumbnail><marquee>~/../thumbs/Nintendo - Pokemon Mini/Named_Logos/Pokemon Zany Cards (2001).png</marquee></game>
<game><path>./Pokemon Mini TOSEC/Pokemon Zany Cards (2001)(Nintendo)(DE).zip</path><name>Pokemon Zany Cards (2001)(Nintendo)(DE)</name><image>~/../thumbs/Nintendo - Pokemon Mini/Named_Snaps/Pokemon Zany Cards (2001).png</image><titleshot>~/../thumbs/Nintendo - Pokemon Mini/Named_Titles/Pokemon Zany Cards (2001).png</titleshot><thumbnail>~/../thumbs/Nintendo - Pokemon Mini/Named_Boxarts/Pokemon Zany Cards (2001).png</thumbnail><marquee>~/../thumbs/Nintendo - Pokemon Mini/Named_Logos/Pokemon Zany Cards (2001).png</marquee></game>
<game><path>./Pokemon Mini TOSEC/Pokemon Zany Cards (2001)(Nintendo)(FR).zip</path><name>Pokemon Zany Cards (2001)(Nintendo)(FR)</name><image>~/../thumbs/Nintendo - Pokemon Mini/Named_Snaps/Pokemon Zany Cards (2001).png</image><titleshot>~/../thumbs/Nintendo - Pokemon Mini/Named_Titles/Pokemon Zany Cards (2001).png</titleshot><thumbnail>~/../thumbs/Nintendo - Pokemon Mini/Named_Boxarts/Pokemon Zany Cards (2001).png</thumbnail><marquee>~/../thumbs/Nintendo - Pokemon Mini/Named_Logos/Pokemon Zany Cards (2001).png</marquee></game>
<game><path>./Pokemon Mini TOSEC/Snorlax's Lunch Time (2003)(Nintendo)(EU)[GameCube].zip</path><name>Snorlax's Lunch Time (2003)(Nintendo)(EU)[GameCube]</name><image>~/../thumbs/Nintendo - Pokemon Mini/Named_Snaps/Snorlax's Lunch Time (2003).png</image><titleshot>~/../thumbs/Nintendo - Pokemon Mini/Named_Titles/Snorlax's Lunch Time (2003).png</titleshot><thumbnail>~/../thumbs/Nintendo - Pokemon Mini/Named_Boxarts/Snorlax's Lunch Time (2003).png</thumbnail><marquee>~/../thumbs/Nintendo - Pokemon Mini/Named_Logos/Snorlax's Lunch Time (2003).png</marquee></game>
<game><path>./Pokemon Mini TOSEC/Snorlax's Lunch Time (2003)(Nintendo)(JP)[GameCube].zip</path><name>Snorlax's Lunch Time (2003)(Nintendo)(JP)[GameCube]</name><image>~/../thumbs/Nintendo - Pokemon Mini/Named_Snaps/Snorlax's Lunch Time (2003).png</image><titleshot>~/../thumbs/Nintendo - Pokemon Mini/Named_Titles/Snorlax's Lunch Time (2003).png</titleshot><thumbnail>~/../thumbs/Nintendo - Pokemon Mini/Named_Boxarts/Snorlax's Lunch Time (2003).png</thumbnail><marquee>~/../thumbs/Nintendo - Pokemon Mini/Named_Logos/Snorlax's Lunch Time (2003).png</marquee></game>
<game><path>./Pokemon Mini TOSEC/Togepi no Daibouken (2002)(Nintendo)(JP).zip</path><name>Togepi no Daibouken (2002)(Nintendo)(JP)</name><image>~/../thumbs/Nintendo - Pokemon Mini/Named_Snaps/Togepi no Daibouken (2002).png</image><titleshot>~/../thumbs/Nintendo - Pokemon Mini/Named_Titles/Togepi no Daibouken (2002).png</titleshot><thumbnail>~/../thumbs/Nintendo - Pokemon Mini/Named_Boxarts/Togepi no Daibouken (2002).png</thumbnail><marquee>~/../thumbs/Nintendo - Pokemon Mini/Named_Logos/Togepi no Daibouken (2002).png</marquee></game>
<game><path>./Pokemon Mini TOSEC/Togepi no Daibouken (2002)(Nintendo)(JP)[preview].zip</path><name>Togepi no Daibouken (2002)(Nintendo)(JP)[preview]</name><image>~/../thumbs/Nintendo - Pokemon Mini/Named_Snaps/Togepi no Daibouken (2002).png</image><titleshot>~/../thumbs/Nintendo - Pokemon Mini/Named_Titles/Togepi no Daibouken (2002).png</titleshot><thumbnail>~/../thumbs/Nintendo - Pokemon Mini/Named_Boxarts/Togepi no Daibouken (2002).png</thumbnail><marquee>~/../thumbs/Nintendo - Pokemon Mini/Named_Logos/Togepi no Daibouken (2002).png</marquee></game>
<folder><path>./Pokemon Mini TOSEC</path><name>Pokemon Mini TOSEC</name><image>~/../thumb/pokemini.png</image></folder>
<game><path>./Pokemon Mini Merged/pichubro.zip</path><name>pichubro</name><image>~/../thumbs/Nintendo - Pokemon Mini/Named_Snaps/pichubro.png</image><titleshot>~/../thumbs/Nintendo - Pokemon Mini/Named_Titles/pichubro.png</titleshot><thumbnail>~/../thumbs/Nintendo - Pokemon Mini/Named_Boxarts/pichubro.png</thumbnail><marquee>~/../thumbs/Nintendo - Pokemon Mini/Named_Logos/pichubro.png</marquee></game>
<game><path>./Pokemon Mini Merged/pichuhop.zip</path><name>pichuhop</name><image>~/../thumbs/Nintendo - Pokemon Mini/Named_Snaps/pichuhop.png</image><titleshot>~/../thumbs/Nintendo - Pokemon Mini/Named_Titles/pichuhop.png</titleshot><thumbnail>~/../thumbs/Nintendo - Pokemon Mini/Named_Boxarts/pichuhop.png</thumbnail><marquee>~/../thumbs/Nintendo - Pokemon Mini/Named_Logos/pichuhop.png</marquee></game>
<game><path>./Pokemon Mini Merged/pichunts.zip</path><name>pichunts</name><image>~/../thumbs/Nintendo - Pokemon Mini/Named_Snaps/pichunts.png</image><titleshot>~/../thumbs/Nintendo - Pokemon Mini/Named_Titles/pichunts.png</titleshot><thumbnail>~/../thumbs/Nintendo - Pokemon Mini/Named_Boxarts/pichunts.png</thumbnail><marquee>~/../thumbs/Nintendo - Pokemon Mini/Named_Logos/pichunts.png</marquee></game>
<game><path>./Pokemon Mini Merged/pichuskt.zip</path><name>pichuskt</name><image>~/../thumbs/Nintendo - Pokemon Mini/Named_Snaps/pichuskt.png</image><titleshot>~/../thumbs/Nintendo - Pokemon Mini/Named_Titles/pichuskt.png</titleshot><thumbnail>~/../thumbs/Nintendo - Pokemon Mini/Named_Boxarts/pichuskt.png</thumbnail><marquee>~/../thumbs/Nintendo - Pokemon Mini/Named_Logos/pichuskt.png</marquee></game>
<game><path>./Pokemon Mini Merged/pokerace.zip</path><name>pokerace</name><image>~/../thumbs/Nintendo - Pokemon Mini/Named_Snaps/pokerace.png</image><titleshot>~/../thumbs/Nintendo - Pokemon Mini/Named_Titles/pokerace.png</titleshot><thumbnail>~/../thumbs/Nintendo - Pokemon Mini/Named_Boxarts/pokerace.png</thumbnail><marquee>~/../thumbs/Nintendo - Pokemon Mini/Named_Logos/pokerace.png</marquee></game>
<game><path>./Pokemon Mini Merged/pokesoda.zip</path><name>pokesoda</name><image>~/../thumbs/Nintendo - Pokemon Mini/Named_Snaps/pokesoda.png</image><titleshot>~/../thumbs/Nintendo - Pokemon Mini/Named_Titles/pokesoda.png</titleshot><thumbnail>~/../thumbs/Nintendo - Pokemon Mini/Named_Boxarts/pokesoda.png</thumbnail><marquee>~/../thumbs/Nintendo - Pokemon Mini/Named_Logos/pokesoda.png</marquee></game>
<game><path>./Pokemon Mini Merged/pokezcrd.zip</path><name>pokezcrd</name><image>~/../thumbs/Nintendo - Pokemon Mini/Named_Snaps/pokezcrd.png</image><titleshot>~/../thumbs/Nintendo - Pokemon Mini/Named_Titles/pokezcrd.png</titleshot><thumbnail>~/../thumbs/Nintendo - Pokemon Mini/Named_Boxarts/pokezcrd.png</thumbnail><marquee>~/../thumbs/Nintendo - Pokemon Mini/Named_Logos/pokezcrd.png</marquee></game>
<game><path>./Pokemon Mini Merged/pparty.zip</path><name>pparty</name><image>~/../thumbs/Nintendo - Pokemon Mini/Named_Snaps/pparty.png</image><titleshot>~/../thumbs/Nintendo - Pokemon Mini/Named_Titles/pparty.png</titleshot><thumbnail>~/../thumbs/Nintendo - Pokemon Mini/Named_Boxarts/pparty.png</thumbnail><marquee>~/../thumbs/Nintendo - Pokemon Mini/Named_Logos/pparty.png</marquee></game>
<game><path>./Pokemon Mini Merged/ppinb.zip</path><name>ppinb</name><image>~/../thumbs/Nintendo - Pokemon Mini/Named_Snaps/ppinb.png</image><titleshot>~/../thumbs/Nintendo - Pokemon Mini/Named_Titles/ppinb.png</titleshot><thumbnail>~/../thumbs/Nintendo - Pokemon Mini/Named_Boxarts/ppinb.png</thumbnail><marquee>~/../thumbs/Nintendo - Pokemon Mini/Named_Logos/ppinb.png</marquee></game>
<game><path>./Pokemon Mini Merged/pptbasej.zip</path><name>pptbasej</name><image>~/../thumbs/Nintendo - Pokemon Mini/Named_Snaps/pptbasej.png</image><titleshot>~/../thumbs/Nintendo - Pokemon Mini/Named_Titles/pptbasej.png</titleshot><thumbnail>~/../thumbs/Nintendo - Pokemon Mini/Named_Boxarts/pptbasej.png</thumbnail><marquee>~/../thumbs/Nintendo - Pokemon Mini/Named_Logos/pptbasej.png</marquee></game>
<game><path>./Pokemon Mini Merged/pptdribl.zip</path><name>pptdribl</name><image>~/../thumbs/Nintendo - Pokemon Mini/Named_Snaps/pptdribl.png</image><titleshot>~/../thumbs/Nintendo - Pokemon Mini/Named_Titles/pptdribl.png</titleshot><thumbnail>~/../thumbs/Nintendo - Pokemon Mini/Named_Boxarts/pptdribl.png</thumbnail><marquee>~/../thumbs/Nintendo - Pokemon Mini/Named_Logos/pptdribl.png</marquee></game>
<game><path>./Pokemon Mini Merged/pptrocks.zip</path><name>pptrocks</name><image>~/../thumbs/Nintendo - Pokemon Mini/Named_Snaps/pptrocks.png</image><titleshot>~/../thumbs/Nintendo - Pokemon Mini/Named_Titles/pptrocks.png</titleshot><thumbnail>~/../thumbs/Nintendo - Pokemon Mini/Named_Boxarts/pptrocks.png</thumbnail><marquee>~/../thumbs/Nintendo - Pokemon Mini/Named_Logos/pptrocks.png</marquee></game>
<game><path>./Pokemon Mini Merged/ppuzzlc.zip</path><name>ppuzzlc</name><image>~/../thumbs/Nintendo - Pokemon Mini/Named_Snaps/ppuzzlc.png</image><titleshot>~/../thumbs/Nintendo - Pokemon Mini/Named_Titles/ppuzzlc.png</titleshot><thumbnail>~/../thumbs/Nintendo - Pokemon Mini/Named_Boxarts/ppuzzlc.png</thumbnail><marquee>~/../thumbs/Nintendo - Pokemon Mini/Named_Logos/ppuzzlc.png</marquee></game>
<game><path>./Pokemon Mini Merged/ppuzzlc2.zip</path><name>ppuzzlc2</name><image>~/../thumbs/Nintendo - Pokemon Mini/Named_Snaps/ppuzzlc2.png</image><titleshot>~/../thumbs/Nintendo - Pokemon Mini/Named_Titles/ppuzzlc2.png</titleshot><thumbnail>~/../thumbs/Nintendo - Pokemon Mini/Named_Boxarts/ppuzzlc2.png</thumbnail><marquee>~/../thumbs/Nintendo - Pokemon Mini/Named_Logos/ppuzzlc2.png</marquee></game>
<game><path>./Pokemon Mini Merged/ptetris.zip</path><name>ptetris</name><image>~/../thumbs/Nintendo - Pokemon Mini/Named_Snaps/ptetris.png</image><titleshot>~/../thumbs/Nintendo - Pokemon Mini/Named_Titles/ptetris.png</titleshot><thumbnail>~/../thumbs/Nintendo - Pokemon Mini/Named_Boxarts/ptetris.png</thumbnail><marquee>~/../thumbs/Nintendo - Pokemon Mini/Named_Logos/ptetris.png</marquee></game>
<game><path>./Pokemon Mini Merged/snorlax.zip</path><name>snorlax</name><image>~/../thumbs/Nintendo - Pokemon Mini/Named_Snaps/snorlax.png</image><titleshot>~/../thumbs/Nintendo - Pokemon Mini/Named_Titles/snorlax.png</titleshot><thumbnail>~/../thumbs/Nintendo - Pokemon Mini/Named_Boxarts/snorlax.png</thumbnail><marquee>~/../thumbs/Nintendo - Pokemon Mini/Named_Logos/snorlax.png</marquee></game>
<game><path>./Pokemon Mini Merged/togepi.zip</path><name>togepi</name><image>~/../thumbs/Nintendo - Pokemon Mini/Named_Snaps/togepi.png</image><titleshot>~/../thumbs/Nintendo - Pokemon Mini/Named_Titles/togepi.png</titleshot><thumbnail>~/../thumbs/Nintendo - Pokemon Mini/Named_Boxarts/togepi.png</thumbnail><marquee>~/../thumbs/Nintendo - Pokemon Mini/Named_Logos/togepi.png</marquee></game>
<folder><path>./Pokemon Mini Merged</path><name>Pokemon Mini Merged</name><image>~/../thumb/pokemini.png</image></folder>
<game><path>./Pokemon Mini Split/lunchtme.zip</path><name>lunchtme</name><image>~/../thumbs/Nintendo - Pokemon Mini/Named_Snaps/lunchtme.png</image><titleshot>~/../thumbs/Nintendo - Pokemon Mini/Named_Titles/lunchtme.png</titleshot><thumbnail>~/../thumbs/Nintendo - Pokemon Mini/Named_Boxarts/lunchtme.png</thumbnail><marquee>~/../thumbs/Nintendo - Pokemon Mini/Named_Logos/lunchtme.png</marquee></game>
<game><path>./Pokemon Mini Split/pichubro.zip</path><name>pichubro</name><image>~/../thumbs/Nintendo - Pokemon Mini/Named_Snaps/pichubro.png</image><titleshot>~/../thumbs/Nintendo - Pokemon Mini/Named_Titles/pichubro.png</titleshot><thumbnail>~/../thumbs/Nintendo - Pokemon Mini/Named_Boxarts/pichubro.png</thumbnail><marquee>~/../thumbs/Nintendo - Pokemon Mini/Named_Logos/pichubro.png</marquee></game>
<game><path>./Pokemon Mini Split/pichuhop.zip</path><name>pichuhop</name><image>~/../thumbs/Nintendo - Pokemon Mini/Named_Snaps/pichuhop.png</image><titleshot>~/../thumbs/Nintendo - Pokemon Mini/Named_Titles/pichuhop.png</titleshot><thumbnail>~/../thumbs/Nintendo - Pokemon Mini/Named_Boxarts/pichuhop.png</thumbnail><marquee>~/../thumbs/Nintendo - Pokemon Mini/Named_Logos/pichuhop.png</marquee></game>
<game><path>./Pokemon Mini Split/pichunts.zip</path><name>pichunts</name><image>~/../thumbs/Nintendo - Pokemon Mini/Named_Snaps/pichunts.png</image><titleshot>~/../thumbs/Nintendo - Pokemon Mini/Named_Titles/pichunts.png</titleshot><thumbnail>~/../thumbs/Nintendo - Pokemon Mini/Named_Boxarts/pichunts.png</thumbnail><marquee>~/../thumbs/Nintendo - Pokemon Mini/Named_Logos/pichunts.png</marquee></game>
<game><path>./Pokemon Mini Split/pichuskt.zip</path><name>pichuskt</name><image>~/../thumbs/Nintendo - Pokemon Mini/Named_Snaps/pichuskt.png</image><titleshot>~/../thumbs/Nintendo - Pokemon Mini/Named_Titles/pichuskt.png</titleshot><thumbnail>~/../thumbs/Nintendo - Pokemon Mini/Named_Boxarts/pichuskt.png</thumbnail><marquee>~/../thumbs/Nintendo - Pokemon Mini/Named_Logos/pichuskt.png</marquee></game>
<game><path>./Pokemon Mini Split/pokeacrd.zip</path><name>pokeacrd</name><image>~/../thumbs/Nintendo - Pokemon Mini/Named_Snaps/pokeacrd.png</image><titleshot>~/../thumbs/Nintendo - Pokemon Mini/Named_Titles/pokeacrd.png</titleshot><thumbnail>~/../thumbs/Nintendo - Pokemon Mini/Named_Boxarts/pokeacrd.png</thumbnail><marquee>~/../thumbs/Nintendo - Pokemon Mini/Named_Logos/pokeacrd.png</marquee></game>
<game><path>./Pokemon Mini Split/pokerace.zip</path><name>pokerace</name><image>~/../thumbs/Nintendo - Pokemon Mini/Named_Snaps/pokerace.png</image><titleshot>~/../thumbs/Nintendo - Pokemon Mini/Named_Titles/pokerace.png</titleshot><thumbnail>~/../thumbs/Nintendo - Pokemon Mini/Named_Boxarts/pokerace.png</thumbnail><marquee>~/../thumbs/Nintendo - Pokemon Mini/Named_Logos/pokerace.png</marquee></game>
<game><path>./Pokemon Mini Split/pokeracep.zip</path><name>pokeracep</name><image>~/../thumbs/Nintendo - Pokemon Mini/Named_Snaps/pokeracep.png</image><titleshot>~/../thumbs/Nintendo - Pokemon Mini/Named_Titles/pokeracep.png</titleshot><thumbnail>~/../thumbs/Nintendo - Pokemon Mini/Named_Boxarts/pokeracep.png</thumbnail><marquee>~/../thumbs/Nintendo - Pokemon Mini/Named_Logos/pokeracep.png</marquee></game>
<game><path>./Pokemon Mini Split/pokesoda.zip</path><name>pokesoda</name><image>~/../thumbs/Nintendo - Pokemon Mini/Named_Snaps/pokesoda.png</image><titleshot>~/../thumbs/Nintendo - Pokemon Mini/Named_Titles/pokesoda.png</titleshot><thumbnail>~/../thumbs/Nintendo - Pokemon Mini/Named_Boxarts/pokesoda.png</thumbnail><marquee>~/../thumbs/Nintendo - Pokemon Mini/Named_Logos/pokesoda.png</marquee></game>
<game><path>./Pokemon Mini Split/pokezcrd.zip</path><name>pokezcrd</name><image>~/../thumbs/Nintendo - Pokemon Mini/Named_Snaps/pokezcrd.png</image><titleshot>~/../thumbs/Nintendo - Pokemon Mini/Named_Titles/pokezcrd.png</titleshot><thumbnail>~/../thumbs/Nintendo - Pokemon Mini/Named_Boxarts/pokezcrd.png</thumbnail><marquee>~/../thumbs/Nintendo - Pokemon Mini/Named_Logos/pokezcrd.png</marquee></game>
<game><path>./Pokemon Mini Split/pokezcrdf.zip</path><name>pokezcrdf</name><image>~/../thumbs/Nintendo - Pokemon Mini/Named_Snaps/pokezcrdf.png</image><titleshot>~/../thumbs/Nintendo - Pokemon Mini/Named_Titles/pokezcrdf.png</titleshot><thumbnail>~/../thumbs/Nintendo - Pokemon Mini/Named_Boxarts/pokezcrdf.png</thumbnail><marquee>~/../thumbs/Nintendo - Pokemon Mini/Named_Logos/pokezcrdf.png</marquee></game>
<game><path>./Pokemon Mini Split/pokezcrdg.zip</path><name>pokezcrdg</name><image>~/../thumbs/Nintendo - Pokemon Mini/Named_Snaps/pokezcrdg.png</image><titleshot>~/../thumbs/Nintendo - Pokemon Mini/Named_Titles/pokezcrdg.png</titleshot><thumbnail>~/../thumbs/Nintendo - Pokemon Mini/Named_Boxarts/pokezcrdg.png</thumbnail><marquee>~/../thumbs/Nintendo - Pokemon Mini/Named_Logos/pokezcrdg.png</marquee></game>
<game><path>./Pokemon Mini Split/pparty.zip</path><name>pparty</name><image>~/../thumbs/Nintendo - Pokemon Mini/Named_Snaps/pparty.png</image><titleshot>~/../thumbs/Nintendo - Pokemon Mini/Named_Titles/pparty.png</titleshot><thumbnail>~/../thumbs/Nintendo - Pokemon Mini/Named_Boxarts/pparty.png</thumbnail><marquee>~/../thumbs/Nintendo - Pokemon Mini/Named_Logos/pparty.png</marquee></game>
<game><path>./Pokemon Mini Split/ppartyj.zip</path><name>ppartyj</name><image>~/../thumbs/Nintendo - Pokemon Mini/Named_Snaps/ppartyj.png</image><titleshot>~/../thumbs/Nintendo - Pokemon Mini/Named_Titles/ppartyj.png</titleshot><thumbnail>~/../thumbs/Nintendo - Pokemon Mini/Named_Boxarts/ppartyj.png</thumbnail><marquee>~/../thumbs/Nintendo - Pokemon Mini/Named_Logos/ppartyj.png</marquee></game>
<game><path>./Pokemon Mini Split/ppartyu.zip</path><name>ppartyu</name><image>~/../thumbs/Nintendo - Pokemon Mini/Named_Snaps/ppartyu.png</image><titleshot>~/../thumbs/Nintendo - Pokemon Mini/Named_Titles/ppartyu.png</titleshot><thumbnail>~/../thumbs/Nintendo - Pokemon Mini/Named_Boxarts/ppartyu.png</thumbnail><marquee>~/../thumbs/Nintendo - Pokemon Mini/Named_Logos/ppartyu.png</marquee></game>
<game><path>./Pokemon Mini Split/ppinb.zip</path><name>ppinb</name><image>~/../thumbs/Nintendo - Pokemon Mini/Named_Snaps/ppinb.png</image><titleshot>~/../thumbs/Nintendo - Pokemon Mini/Named_Titles/ppinb.png</titleshot><thumbnail>~/../thumbs/Nintendo - Pokemon Mini/Named_Boxarts/ppinb.png</thumbnail><marquee>~/../thumbs/Nintendo - Pokemon Mini/Named_Logos/ppinb.png</marquee></game>
<game><path>./Pokemon Mini Split/ppinbj.zip</path><name>ppinbj</name><image>~/../thumbs/Nintendo - Pokemon Mini/Named_Snaps/ppinbj.png</image><titleshot>~/../thumbs/Nintendo - Pokemon Mini/Named_Titles/ppinbj.png</titleshot><thumbnail>~/../thumbs/Nintendo - Pokemon Mini/Named_Boxarts/ppinbj.png</thumbnail><marquee>~/../thumbs/Nintendo - Pokemon Mini/Named_Logos/ppinbj.png</marquee></game>
<game><path>./Pokemon Mini Split/ppinbjp.zip</path><name>ppinbjp</name><image>~/../thumbs/Nintendo - Pokemon Mini/Named_Snaps/ppinbjp.png</image><titleshot>~/../thumbs/Nintendo - Pokemon Mini/Named_Titles/ppinbjp.png</titleshot><thumbnail>~/../thumbs/Nintendo - Pokemon Mini/Named_Boxarts/ppinbjp.png</thumbnail><marquee>~/../thumbs/Nintendo - Pokemon Mini/Named_Logos/ppinbjp.png</marquee></game>
<game><path>./Pokemon Mini Split/ppinbp.zip</path><name>ppinbp</name><image>~/../thumbs/Nintendo - Pokemon Mini/Named_Snaps/ppinbp.png</image><titleshot>~/../thumbs/Nintendo - Pokemon Mini/Named_Titles/ppinbp.png</titleshot><thumbnail>~/../thumbs/Nintendo - Pokemon Mini/Named_Boxarts/ppinbp.png</thumbnail><marquee>~/../thumbs/Nintendo - Pokemon Mini/Named_Logos/ppinbp.png</marquee></game>
<game><path>./Pokemon Mini Split/pptbasej.zip</path><name>pptbasej</name><image>~/../thumbs/Nintendo - Pokemon Mini/Named_Snaps/pptbasej.png</image><titleshot>~/../thumbs/Nintendo - Pokemon Mini/Named_Titles/pptbasej.png</titleshot><thumbnail>~/../thumbs/Nintendo - Pokemon Mini/Named_Boxarts/pptbasej.png</thumbnail><marquee>~/../thumbs/Nintendo - Pokemon Mini/Named_Logos/pptbasej.png</marquee></game>
<game><path>./Pokemon Mini Split/pptbasejj.zip</path><name>pptbasejj</name><image>~/../thumbs/Nintendo - Pokemon Mini/Named_Snaps/pptbasejj.png</image><titleshot>~/../thumbs/Nintendo - Pokemon Mini/Named_Titles/pptbasejj.png</titleshot><thumbnail>~/../thumbs/Nintendo - Pokemon Mini/Named_Boxarts/pptbasejj.png</thumbnail><marquee>~/../thumbs/Nintendo - Pokemon Mini/Named_Logos/pptbasejj.png</marquee></game>
<game><path>./Pokemon Mini Split/pptbaseju.zip</path><name>pptbaseju</name><image>~/../thumbs/Nintendo - Pokemon Mini/Named_Snaps/pptbaseju.png</image><titleshot>~/../thumbs/Nintendo - Pokemon Mini/Named_Titles/pptbaseju.png</titleshot><thumbnail>~/../thumbs/Nintendo - Pokemon Mini/Named_Boxarts/pptbaseju.png</thumbnail><marquee>~/../thumbs/Nintendo - Pokemon Mini/Named_Logos/pptbaseju.png</marquee></game>
<game><path>./Pokemon Mini Split/pptdribl.zip</path><name>pptdribl</name><image>~/../thumbs/Nintendo - Pokemon Mini/Named_Snaps/pptdribl.png</image><titleshot>~/../thumbs/Nintendo - Pokemon Mini/Named_Titles/pptdribl.png</titleshot><thumbnail>~/../thumbs/Nintendo - Pokemon Mini/Named_Boxarts/pptdribl.png</thumbnail><marquee>~/../thumbs/Nintendo - Pokemon Mini/Named_Logos/pptdribl.png</marquee></game>
<game><path>./Pokemon Mini Split/pptdriblj.zip</path><name>pptdriblj</name><image>~/../thumbs/Nintendo - Pokemon Mini/Named_Snaps/pptdriblj.png</image><titleshot>~/../thumbs/Nintendo - Pokemon Mini/Named_Titles/pptdriblj.png</titleshot><thumbnail>~/../thumbs/Nintendo - Pokemon Mini/Named_Boxarts/pptdriblj.png</thumbnail><marquee>~/../thumbs/Nintendo - Pokemon Mini/Named_Logos/pptdriblj.png</marquee></game>
<game><path>./Pokemon Mini Split/pptdriblu.zip</path><name>pptdriblu</name><image>~/../thumbs/Nintendo - Pokemon Mini/Named_Snaps/pptdriblu.png</image><titleshot>~/../thumbs/Nintendo - Pokemon Mini/Named_Titles/pptdriblu.png</titleshot><thumbnail>~/../thumbs/Nintendo - Pokemon Mini/Named_Boxarts/pptdriblu.png</thumbnail><marquee>~/../thumbs/Nintendo - Pokemon Mini/Named_Logos/pptdriblu.png</marquee></game>
<game><path>./Pokemon Mini Split/pptrocks.zip</path><name>pptrocks</name><image>~/../thumbs/Nintendo - Pokemon Mini/Named_Snaps/pptrocks.png</image><titleshot>~/../thumbs/Nintendo - Pokemon Mini/Named_Titles/pptrocks.png</titleshot><thumbnail>~/../thumbs/Nintendo - Pokemon Mini/Named_Boxarts/pptrocks.png</thumbnail><marquee>~/../thumbs/Nintendo - Pokemon Mini/Named_Logos/pptrocks.png</marquee></game>
<game><path>./Pokemon Mini Split/pptrocksu.zip</path><name>pptrocksu</name><image>~/../thumbs/Nintendo - Pokemon Mini/Named_Snaps/pptrocksu.png</image><titleshot>~/../thumbs/Nintendo - Pokemon Mini/Named_Titles/pptrocksu.png</titleshot><thumbnail>~/../thumbs/Nintendo - Pokemon Mini/Named_Boxarts/pptrocksu.png</thumbnail><marquee>~/../thumbs/Nintendo - Pokemon Mini/Named_Logos/pptrocksu.png</marquee></game>
<game><path>./Pokemon Mini Split/pptslowj.zip</path><name>pptslowj</name><image>~/../thumbs/Nintendo - Pokemon Mini/Named_Snaps/pptslowj.png</image><titleshot>~/../thumbs/Nintendo - Pokemon Mini/Named_Titles/pptslowj.png</titleshot><thumbnail>~/../thumbs/Nintendo - Pokemon Mini/Named_Boxarts/pptslowj.png</thumbnail><marquee>~/../thumbs/Nintendo - Pokemon Mini/Named_Logos/pptslowj.png</marquee></game>
<game><path>./Pokemon Mini Split/ppuzzlc.zip</path><name>ppuzzlc</name><image>~/../thumbs/Nintendo - Pokemon Mini/Named_Snaps/ppuzzlc.png</image><titleshot>~/../thumbs/Nintendo - Pokemon Mini/Named_Titles/ppuzzlc.png</titleshot><thumbnail>~/../thumbs/Nintendo - Pokemon Mini/Named_Boxarts/ppuzzlc.png</thumbnail><marquee>~/../thumbs/Nintendo - Pokemon Mini/Named_Logos/ppuzzlc.png</marquee></game>
<game><path>./Pokemon Mini Split/ppuzzlc2.zip</path><name>ppuzzlc2</name><image>~/../thumbs/Nintendo - Pokemon Mini/Named_Snaps/ppuzzlc2.png</image><titleshot>~/../thumbs/Nintendo - Pokemon Mini/Named_Titles/ppuzzlc2.png</titleshot><thumbnail>~/../thumbs/Nintendo - Pokemon Mini/Named_Boxarts/ppuzzlc2.png</thumbnail><marquee>~/../thumbs/Nintendo - Pokemon Mini/Named_Logos/ppuzzlc2.png</marquee></game>
<game><path>./Pokemon Mini Split/ppuzzlcf.zip</path><name>ppuzzlcf</name><image>~/../thumbs/Nintendo - Pokemon Mini/Named_Snaps/ppuzzlcf.png</image><titleshot>~/../thumbs/Nintendo - Pokemon Mini/Named_Titles/ppuzzlcf.png</titleshot><thumbnail>~/../thumbs/Nintendo - Pokemon Mini/Named_Boxarts/ppuzzlcf.png</thumbnail><marquee>~/../thumbs/Nintendo - Pokemon Mini/Named_Logos/ppuzzlcf.png</marquee></game>
<game><path>./Pokemon Mini Split/ppuzzlcfp.zip</path><name>ppuzzlcfp</name><image>~/../thumbs/Nintendo - Pokemon Mini/Named_Snaps/ppuzzlcfp.png</image><titleshot>~/../thumbs/Nintendo - Pokemon Mini/Named_Titles/ppuzzlcfp.png</titleshot><thumbnail>~/../thumbs/Nintendo - Pokemon Mini/Named_Boxarts/ppuzzlcfp.png</thumbnail><marquee>~/../thumbs/Nintendo - Pokemon Mini/Named_Logos/ppuzzlcfp.png</marquee></game>
<game><path>./Pokemon Mini Split/ppuzzlcg.zip</path><name>ppuzzlcg</name><image>~/../thumbs/Nintendo - Pokemon Mini/Named_Snaps/ppuzzlcg.png</image><titleshot>~/../thumbs/Nintendo - Pokemon Mini/Named_Titles/ppuzzlcg.png</titleshot><thumbnail>~/../thumbs/Nintendo - Pokemon Mini/Named_Boxarts/ppuzzlcg.png</thumbnail><marquee>~/../thumbs/Nintendo - Pokemon Mini/Named_Logos/ppuzzlcg.png</marquee></game>
<game><path>./Pokemon Mini Split/ppuzzlcgp.zip</path><name>ppuzzlcgp</name><image>~/../thumbs/Nintendo - Pokemon Mini/Named_Snaps/ppuzzlcgp.png</image><titleshot>~/../thumbs/Nintendo - Pokemon Mini/Named_Titles/ppuzzlcgp.png</titleshot><thumbnail>~/../thumbs/Nintendo - Pokemon Mini/Named_Boxarts/ppuzzlcgp.png</thumbnail><marquee>~/../thumbs/Nintendo - Pokemon Mini/Named_Logos/ppuzzlcgp.png</marquee></game>
<game><path>./Pokemon Mini Split/ppuzzlcj.zip</path><name>ppuzzlcj</name><image>~/../thumbs/Nintendo - Pokemon Mini/Named_Snaps/ppuzzlcj.png</image><titleshot>~/../thumbs/Nintendo - Pokemon Mini/Named_Titles/ppuzzlcj.png</titleshot><thumbnail>~/../thumbs/Nintendo - Pokemon Mini/Named_Boxarts/ppuzzlcj.png</thumbnail><marquee>~/../thumbs/Nintendo - Pokemon Mini/Named_Logos/ppuzzlcj.png</marquee></game>
<game><path>./Pokemon Mini Split/ppuzzlcj1.zip</path><name>ppuzzlcj1</name><image>~/../thumbs/Nintendo - Pokemon Mini/Named_Snaps/ppuzzlcj1.png</image><titleshot>~/../thumbs/Nintendo - Pokemon Mini/Named_Titles/ppuzzlcj1.png</titleshot><thumbnail>~/../thumbs/Nintendo - Pokemon Mini/Named_Boxarts/ppuzzlcj1.png</thumbnail><marquee>~/../thumbs/Nintendo - Pokemon Mini/Named_Logos/ppuzzlcj1.png</marquee></game>
<game><path>./Pokemon Mini Split/ppuzzlcp.zip</path><name>ppuzzlcp</name><image>~/../thumbs/Nintendo - Pokemon Mini/Named_Snaps/ppuzzlcp.png</image><titleshot>~/../thumbs/Nintendo - Pokemon Mini/Named_Titles/ppuzzlcp.png</titleshot><thumbnail>~/../thumbs/Nintendo - Pokemon Mini/Named_Boxarts/ppuzzlcp.png</thumbnail><marquee>~/../thumbs/Nintendo - Pokemon Mini/Named_Logos/ppuzzlcp.png</marquee></game>
<game><path>./Pokemon Mini Split/ptetris.zip</path><name>ptetris</name><image>~/../thumbs/Nintendo - Pokemon Mini/Named_Snaps/ptetris.png</image><titleshot>~/../thumbs/Nintendo - Pokemon Mini/Named_Titles/ptetris.png</titleshot><thumbnail>~/../thumbs/Nintendo - Pokemon Mini/Named_Boxarts/ptetris.png</thumbnail><marquee>~/../thumbs/Nintendo - Pokemon Mini/Named_Logos/ptetris.png</marquee></game>
<game><path>./Pokemon Mini Split/ptetrisj.zip</path><name>ptetrisj</name><image>~/../thumbs/Nintendo - Pokemon Mini/Named_Snaps/ptetrisj.png</image><titleshot>~/../thumbs/Nintendo - Pokemon Mini/Named_Titles/ptetrisj.png</titleshot><thumbnail>~/../thumbs/Nintendo - Pokemon Mini/Named_Boxarts/ptetrisj.png</thumbnail><marquee>~/../thumbs/Nintendo - Pokemon Mini/Named_Logos/ptetrisj.png</marquee></game>
<game><path>./Pokemon Mini Split/snorlax.zip</path><name>snorlax</name><image>~/../thumbs/Nintendo - Pokemon Mini/Named_Snaps/snorlax.png</image><titleshot>~/../thumbs/Nintendo - Pokemon Mini/Named_Titles/snorlax.png</titleshot><thumbnail>~/../thumbs/Nintendo - Pokemon Mini/Named_Boxarts/snorlax.png</thumbnail><marquee>~/../thumbs/Nintendo - Pokemon Mini/Named_Logos/snorlax.png</marquee></game>
<game><path>./Pokemon Mini Split/snorlaxj.zip</path><name>snorlaxj</name><image>~/../thumbs/Nintendo - Pokemon Mini/Named_Snaps/snorlaxj.png</image><titleshot>~/../thumbs/Nintendo - Pokemon Mini/Named_Titles/snorlaxj.png</titleshot><thumbnail>~/../thumbs/Nintendo - Pokemon Mini/Named_Boxarts/snorlaxj.png</thumbnail><marquee>~/../thumbs/Nintendo - Pokemon Mini/Named_Logos/snorlaxj.png</marquee></game>
<game><path>./Pokemon Mini Split/togepi.zip</path><name>togepi</name><image>~/../thumbs/Nintendo - Pokemon Mini/Named_Snaps/togepi.png</image><titleshot>~/../thumbs/Nintendo - Pokemon Mini/Named_Titles/togepi.png</titleshot><thumbnail>~/../thumbs/Nintendo - Pokemon Mini/Named_Boxarts/togepi.png</thumbnail><marquee>~/../thumbs/Nintendo - Pokemon Mini/Named_Logos/togepi.png</marquee></game>
<game><path>./Pokemon Mini Split/togepip.zip</path><name>togepip</name><image>~/../thumbs/Nintendo - Pokemon Mini/Named_Snaps/togepip.png</image><titleshot>~/../thumbs/Nintendo - Pokemon Mini/Named_Titles/togepip.png</titleshot><thumbnail>~/../thumbs/Nintendo - Pokemon Mini/Named_Boxarts/togepip.png</thumbnail><marquee>~/../thumbs/Nintendo - Pokemon Mini/Named_Logos/togepip.png</marquee></game>
<folder><path>./Pokemon Mini Split</path><name>Pokemon Mini Split</name><image>~/../thumb/pokemini.png</image></folder>
</gameList>
