<gameList>
<game><path>./Jaguar CD Redump/Ants (USA) (Unl).zip</path><name>Ants (USA) (Unl)</name><image>~/../thumbs/Atari - Jaguar/Named_Snaps/Ants (USA).png</image><titleshot>~/../thumbs/Atari - Jaguar/Named_Titles/Ants (USA).png</titleshot><thumbnail>~/../thumbs/Atari - Jaguar/Named_Boxarts/Ants (USA).png</thumbnail><marquee>~/../thumbs/Atari - Jaguar/Named_Logos/Ants (USA).png</marquee></game>
<game><path>./Jaguar CD Redump/Baldies (USA) (Rev 1).zip</path><name>Baldies (USA) (Rev 1)</name><image>~/../thumbs/Atari - Jaguar/Named_Snaps/Baldies (USA).png</image><titleshot>~/../thumbs/Atari - Jaguar/Named_Titles/Baldies (USA).png</titleshot><thumbnail>~/../thumbs/Atari - Jaguar/Named_Boxarts/Baldies (USA).png</thumbnail><marquee>~/../thumbs/Atari - Jaguar/Named_Logos/Baldies (USA).png</marquee></game>
<game><path>./Jaguar CD Redump/Battle Morph (USA) (Songbird).zip</path><name>Battle Morph (USA) (Songbird)</name><image>~/../thumbs/Atari - Jaguar/Named_Snaps/Battle Morph (USA).png</image><titleshot>~/../thumbs/Atari - Jaguar/Named_Titles/Battle Morph (USA).png</titleshot><thumbnail>~/../thumbs/Atari - Jaguar/Named_Boxarts/Battle Morph (USA).png</thumbnail><marquee>~/../thumbs/Atari - Jaguar/Named_Logos/Battle Morph (USA).png</marquee></game>
<game><path>./Jaguar CD Redump/Battle Morph (USA).zip</path><name>Battle Morph (USA)</name><image>~/../thumbs/Atari - Jaguar/Named_Snaps/Battle Morph (USA).png</image><titleshot>~/../thumbs/Atari - Jaguar/Named_Titles/Battle Morph (USA).png</titleshot><thumbnail>~/../thumbs/Atari - Jaguar/Named_Boxarts/Battle Morph (USA).png</thumbnail><marquee>~/../thumbs/Atari - Jaguar/Named_Logos/Battle Morph (USA).png</marquee></game>
<game><path>./Jaguar CD Redump/Blue Lightning (USA) (En,Fr,De) (Alt).zip</path><name>Blue Lightning (USA) (En,Fr,De) (Alt)</name><image>~/../thumbs/Atari - Jaguar/Named_Snaps/Blue Lightning (USA).png</image><titleshot>~/../thumbs/Atari - Jaguar/Named_Titles/Blue Lightning (USA).png</titleshot><thumbnail>~/../thumbs/Atari - Jaguar/Named_Boxarts/Blue Lightning (USA).png</thumbnail><marquee>~/../thumbs/Atari - Jaguar/Named_Logos/Blue Lightning (USA).png</marquee></game>
<game><path>./Jaguar CD Redump/Blue Lightning (USA).zip</path><name>Blue Lightning (USA)</name><image>~/../thumbs/Atari - Jaguar/Named_Snaps/Blue Lightning (USA).png</image><titleshot>~/../thumbs/Atari - Jaguar/Named_Titles/Blue Lightning (USA).png</titleshot><thumbnail>~/../thumbs/Atari - Jaguar/Named_Boxarts/Blue Lightning (USA).png</thumbnail><marquee>~/../thumbs/Atari - Jaguar/Named_Logos/Blue Lightning (USA).png</marquee></game>
<game><path>./Jaguar CD Redump/BrainDead 13 (USA).zip</path><name>BrainDead 13 (USA)</name><image>~/../thumbs/Atari - Jaguar/Named_Snaps/BrainDead 13 (USA).png</image><titleshot>~/../thumbs/Atari - Jaguar/Named_Titles/BrainDead 13 (USA).png</titleshot><thumbnail>~/../thumbs/Atari - Jaguar/Named_Boxarts/BrainDead 13 (USA).png</thumbnail><marquee>~/../thumbs/Atari - Jaguar/Named_Logos/BrainDead 13 (USA).png</marquee></game>
<game><path>./Jaguar CD Redump/Dragon's Lair (USA).zip</path><name>Dragon's Lair (USA)</name><image>~/../thumbs/Atari - Jaguar/Named_Snaps/Dragon's Lair (USA).png</image><titleshot>~/../thumbs/Atari - Jaguar/Named_Titles/Dragon's Lair (USA).png</titleshot><thumbnail>~/../thumbs/Atari - Jaguar/Named_Boxarts/Dragon's Lair (USA).png</thumbnail><marquee>~/../thumbs/Atari - Jaguar/Named_Logos/Dragon's Lair (USA).png</marquee></game>
<game><path>./Jaguar CD Redump/Fast Food 64 (USA) (Unl).zip</path><name>Fast Food 64 (USA) (Unl)</name><image>~/../thumbs/Atari - Jaguar/Named_Snaps/Fast Food 64 (USA).png</image><titleshot>~/../thumbs/Atari - Jaguar/Named_Titles/Fast Food 64 (USA).png</titleshot><thumbnail>~/../thumbs/Atari - Jaguar/Named_Boxarts/Fast Food 64 (USA).png</thumbnail><marquee>~/../thumbs/Atari - Jaguar/Named_Logos/Fast Food 64 (USA).png</marquee></game>
<game><path>./Jaguar CD Redump/Fast Food 64 - Holiday Snacks (USA) (Unl).zip</path><name>Fast Food 64 - Holiday Snacks (USA) (Unl)</name><image>~/../thumbs/Atari - Jaguar/Named_Snaps/Fast Food 64 - Holiday Snacks (USA).png</image><titleshot>~/../thumbs/Atari - Jaguar/Named_Titles/Fast Food 64 - Holiday Snacks (USA).png</titleshot><thumbnail>~/../thumbs/Atari - Jaguar/Named_Boxarts/Fast Food 64 - Holiday Snacks (USA).png</thumbnail><marquee>~/../thumbs/Atari - Jaguar/Named_Logos/Fast Food 64 - Holiday Snacks (USA).png</marquee></game>
<game><path>./Jaguar CD Redump/Frog Feast (USA) (Unl).zip</path><name>Frog Feast (USA) (Unl)</name><image>~/../thumbs/Atari - Jaguar/Named_Snaps/Frog Feast (USA).png</image><titleshot>~/../thumbs/Atari - Jaguar/Named_Titles/Frog Feast (USA).png</titleshot><thumbnail>~/../thumbs/Atari - Jaguar/Named_Boxarts/Frog Feast (USA).png</thumbnail><marquee>~/../thumbs/Atari - Jaguar/Named_Logos/Frog Feast (USA).png</marquee></game>
<game><path>./Jaguar CD Redump/Frogz 64 (USA) (Unl).zip</path><name>Frogz 64 (USA) (Unl)</name><image>~/../thumbs/Atari - Jaguar/Named_Snaps/Frogz 64 (USA).png</image><titleshot>~/../thumbs/Atari - Jaguar/Named_Titles/Frogz 64 (USA).png</titleshot><thumbnail>~/../thumbs/Atari - Jaguar/Named_Boxarts/Frogz 64 (USA).png</thumbnail><marquee>~/../thumbs/Atari - Jaguar/Named_Logos/Frogz 64 (USA).png</marquee></game>
<game><path>./Jaguar CD Redump/Highlander - The Last of the MacLeods (USA).zip</path><name>Highlander - The Last of the MacLeods (USA)</name><image>~/../thumbs/Atari - Jaguar/Named_Snaps/Highlander - The Last of the MacLeods (USA).png</image><titleshot>~/../thumbs/Atari - Jaguar/Named_Titles/Highlander - The Last of the MacLeods (USA).png</titleshot><thumbnail>~/../thumbs/Atari - Jaguar/Named_Boxarts/Highlander - The Last of the MacLeods (USA).png</thumbnail><marquee>~/../thumbs/Atari - Jaguar/Named_Logos/Highlander - The Last of the MacLeods (USA).png</marquee></game>
<game><path>./Jaguar CD Redump/Hover Strike - Unconquered Lands (USA).zip</path><name>Hover Strike - Unconquered Lands (USA)</name><image>~/../thumbs/Atari - Jaguar/Named_Snaps/Hover Strike - Unconquered Lands (USA).png</image><titleshot>~/../thumbs/Atari - Jaguar/Named_Titles/Hover Strike - Unconquered Lands (USA).png</titleshot><thumbnail>~/../thumbs/Atari - Jaguar/Named_Boxarts/Hover Strike - Unconquered Lands (USA).png</thumbnail><marquee>~/../thumbs/Atari - Jaguar/Named_Logos/Hover Strike - Unconquered Lands (USA).png</marquee></game>
<game><path>./Jaguar CD Redump/Iron Soldier 2 (USA) (Songbird).zip</path><name>Iron Soldier 2 (USA) (Songbird)</name><image>~/../thumbs/Atari - Jaguar/Named_Snaps/Iron Soldier 2 (USA).png</image><titleshot>~/../thumbs/Atari - Jaguar/Named_Titles/Iron Soldier 2 (USA).png</titleshot><thumbnail>~/../thumbs/Atari - Jaguar/Named_Boxarts/Iron Soldier 2 (USA).png</thumbnail><marquee>~/../thumbs/Atari - Jaguar/Named_Logos/Iron Soldier 2 (USA).png</marquee></game>
<game><path>./Jaguar CD Redump/Klax (USA) (Unl).zip</path><name>Klax (USA) (Unl)</name><image>~/../thumbs/Atari - Jaguar/Named_Snaps/Klax (USA).png</image><titleshot>~/../thumbs/Atari - Jaguar/Named_Titles/Klax (USA).png</titleshot><thumbnail>~/../thumbs/Atari - Jaguar/Named_Boxarts/Klax (USA).png</thumbnail><marquee>~/../thumbs/Atari - Jaguar/Named_Logos/Klax (USA).png</marquee></game>
<game><path>./Jaguar CD Redump/Myst (USA) (Demo) (Alt).zip</path><name>Myst (USA) (Demo) (Alt)</name><image>~/../thumbs/Atari - Jaguar/Named_Snaps/Myst (USA).png</image><titleshot>~/../thumbs/Atari - Jaguar/Named_Titles/Myst (USA).png</titleshot><thumbnail>~/../thumbs/Atari - Jaguar/Named_Boxarts/Myst (USA).png</thumbnail><marquee>~/../thumbs/Atari - Jaguar/Named_Logos/Myst (USA).png</marquee></game>
<game><path>./Jaguar CD Redump/Myst (USA) (Demo).zip</path><name>Myst (USA) (Demo)</name><image>~/../thumbs/Atari - Jaguar/Named_Snaps/Myst (USA).png</image><titleshot>~/../thumbs/Atari - Jaguar/Named_Titles/Myst (USA).png</titleshot><thumbnail>~/../thumbs/Atari - Jaguar/Named_Boxarts/Myst (USA).png</thumbnail><marquee>~/../thumbs/Atari - Jaguar/Named_Logos/Myst (USA).png</marquee></game>
<game><path>./Jaguar CD Redump/Myst (USA).zip</path><name>Myst (USA)</name><image>~/../thumbs/Atari - Jaguar/Named_Snaps/Myst (USA).png</image><titleshot>~/../thumbs/Atari - Jaguar/Named_Titles/Myst (USA).png</titleshot><thumbnail>~/../thumbs/Atari - Jaguar/Named_Boxarts/Myst (USA).png</thumbnail><marquee>~/../thumbs/Atari - Jaguar/Named_Logos/Myst (USA).png</marquee></game>
<game><path>./Jaguar CD Redump/Primal Rage (USA).zip</path><name>Primal Rage (USA)</name><image>~/../thumbs/Atari - Jaguar/Named_Snaps/Primal Rage (USA).png</image><titleshot>~/../thumbs/Atari - Jaguar/Named_Titles/Primal Rage (USA).png</titleshot><thumbnail>~/../thumbs/Atari - Jaguar/Named_Boxarts/Primal Rage (USA).png</thumbnail><marquee>~/../thumbs/Atari - Jaguar/Named_Logos/Primal Rage (USA).png</marquee></game>
<game><path>./Jaguar CD Redump/Robinson's Requiem (USA) (Unl).zip</path><name>Robinson's Requiem (USA) (Unl)</name><image>~/../thumbs/Atari - Jaguar/Named_Snaps/Robinson's Requiem (USA).png</image><titleshot>~/../thumbs/Atari - Jaguar/Named_Titles/Robinson's Requiem (USA).png</titleshot><thumbnail>~/../thumbs/Atari - Jaguar/Named_Boxarts/Robinson's Requiem (USA).png</thumbnail><marquee>~/../thumbs/Atari - Jaguar/Named_Logos/Robinson's Requiem (USA).png</marquee></game>
<game><path>./Jaguar CD Redump/Saucer Wars (USA) (Unl).zip</path><name>Saucer Wars (USA) (Unl)</name><image>~/../thumbs/Atari - Jaguar/Named_Snaps/Saucer Wars (USA).png</image><titleshot>~/../thumbs/Atari - Jaguar/Named_Titles/Saucer Wars (USA).png</titleshot><thumbnail>~/../thumbs/Atari - Jaguar/Named_Boxarts/Saucer Wars (USA).png</thumbnail><marquee>~/../thumbs/Atari - Jaguar/Named_Logos/Saucer Wars (USA).png</marquee></game>
<game><path>./Jaguar CD Redump/Space Ace (USA).zip</path><name>Space Ace (USA)</name><image>~/../thumbs/Atari - Jaguar/Named_Snaps/Space Ace (USA).png</image><titleshot>~/../thumbs/Atari - Jaguar/Named_Titles/Space Ace (USA).png</titleshot><thumbnail>~/../thumbs/Atari - Jaguar/Named_Boxarts/Space Ace (USA).png</thumbnail><marquee>~/../thumbs/Atari - Jaguar/Named_Logos/Space Ace (USA).png</marquee></game>
<game><path>./Jaguar CD Redump/Vid Grid (USA).zip</path><name>Vid Grid (USA)</name><image>~/../thumbs/Atari - Jaguar/Named_Snaps/Vid Grid (USA).png</image><titleshot>~/../thumbs/Atari - Jaguar/Named_Titles/Vid Grid (USA).png</titleshot><thumbnail>~/../thumbs/Atari - Jaguar/Named_Boxarts/Vid Grid (USA).png</thumbnail><marquee>~/../thumbs/Atari - Jaguar/Named_Logos/Vid Grid (USA).png</marquee></game>
<game><path>./Jaguar CD Redump/World Tour Racing (USA) (Songbird).zip</path><name>World Tour Racing (USA) (Songbird)</name><image>~/../thumbs/Atari - Jaguar/Named_Snaps/World Tour Racing (USA).png</image><titleshot>~/../thumbs/Atari - Jaguar/Named_Titles/World Tour Racing (USA).png</titleshot><thumbnail>~/../thumbs/Atari - Jaguar/Named_Boxarts/World Tour Racing (USA).png</thumbnail><marquee>~/../thumbs/Atari - Jaguar/Named_Logos/World Tour Racing (USA).png</marquee></game>
<game><path>./Jaguar CD Redump/World Tour Racing (USA).zip</path><name>World Tour Racing (USA)</name><image>~/../thumbs/Atari - Jaguar/Named_Snaps/World Tour Racing (USA).png</image><titleshot>~/../thumbs/Atari - Jaguar/Named_Titles/World Tour Racing (USA).png</titleshot><thumbnail>~/../thumbs/Atari - Jaguar/Named_Boxarts/World Tour Racing (USA).png</thumbnail><marquee>~/../thumbs/Atari - Jaguar/Named_Logos/World Tour Racing (USA).png</marquee></game>
<folder><path>./Jaguar CD Redump</path><name>Jaguar CD Redump</name><image>~/../thumb/atarijaguarcd.png</image></folder>
<game><path>./Jaguar CD NonRedump/American Hero (USA) (Proto) (Movie A) (Disc 1).zip</path><name>American Hero (USA) (Proto) (Movie A) (Disc 1)</name><image>~/../thumbs/Atari - Jaguar/Named_Snaps/American Hero (USA).png</image><titleshot>~/../thumbs/Atari - Jaguar/Named_Titles/American Hero (USA).png</titleshot><thumbnail>~/../thumbs/Atari - Jaguar/Named_Boxarts/American Hero (USA).png</thumbnail><marquee>~/../thumbs/Atari - Jaguar/Named_Logos/American Hero (USA).png</marquee></game>
<game><path>./Jaguar CD NonRedump/American Hero (USA) (Proto) (Movie A) (Disc 2).zip</path><name>American Hero (USA) (Proto) (Movie A) (Disc 2)</name><image>~/../thumbs/Atari - Jaguar/Named_Snaps/American Hero (USA).png</image><titleshot>~/../thumbs/Atari - Jaguar/Named_Titles/American Hero (USA).png</titleshot><thumbnail>~/../thumbs/Atari - Jaguar/Named_Boxarts/American Hero (USA).png</thumbnail><marquee>~/../thumbs/Atari - Jaguar/Named_Logos/American Hero (USA).png</marquee></game>
<game><path>./Jaguar CD NonRedump/American Hero (USA) (Proto) (Movie B).zip</path><name>American Hero (USA) (Proto) (Movie B)</name><image>~/../thumbs/Atari - Jaguar/Named_Snaps/American Hero (USA).png</image><titleshot>~/../thumbs/Atari - Jaguar/Named_Titles/American Hero (USA).png</titleshot><thumbnail>~/../thumbs/Atari - Jaguar/Named_Boxarts/American Hero (USA).png</thumbnail><marquee>~/../thumbs/Atari - Jaguar/Named_Logos/American Hero (USA).png</marquee></game>
<game><path>./Jaguar CD NonRedump/American Hero (USA) (Proto) (Movie Only).zip</path><name>American Hero (USA) (Proto) (Movie Only)</name><image>~/../thumbs/Atari - Jaguar/Named_Snaps/American Hero (USA).png</image><titleshot>~/../thumbs/Atari - Jaguar/Named_Titles/American Hero (USA).png</titleshot><thumbnail>~/../thumbs/Atari - Jaguar/Named_Boxarts/American Hero (USA).png</thumbnail><marquee>~/../thumbs/Atari - Jaguar/Named_Logos/American Hero (USA).png</marquee></game>
<game><path>./Jaguar CD NonRedump/Black ICE - White Noise (USA) (Proto).zip</path><name>Black ICE - White Noise (USA) (Proto)</name><image>~/../thumbs/Atari - Jaguar/Named_Snaps/Black ICE - White Noise (USA).png</image><titleshot>~/../thumbs/Atari - Jaguar/Named_Titles/Black ICE - White Noise (USA).png</titleshot><thumbnail>~/../thumbs/Atari - Jaguar/Named_Boxarts/Black ICE - White Noise (USA).png</thumbnail><marquee>~/../thumbs/Atari - Jaguar/Named_Logos/Black ICE - White Noise (USA).png</marquee></game>
<game><path>./Jaguar CD NonRedump/Blue Lightning (Unknown) (Beta) (1994-12-05).zip</path><name>Blue Lightning (Unknown) (Beta) (1994-12-05)</name><image>~/../thumbs/Atari - Jaguar/Named_Snaps/Blue Lightning (Unknown).png</image><titleshot>~/../thumbs/Atari - Jaguar/Named_Titles/Blue Lightning (Unknown).png</titleshot><thumbnail>~/../thumbs/Atari - Jaguar/Named_Boxarts/Blue Lightning (Unknown).png</thumbnail><marquee>~/../thumbs/Atari - Jaguar/Named_Logos/Blue Lightning (Unknown).png</marquee></game>
<game><path>./Jaguar CD NonRedump/Blue Lightning (Unknown) (Beta) (1994-12-06).zip</path><name>Blue Lightning (Unknown) (Beta) (1994-12-06)</name><image>~/../thumbs/Atari - Jaguar/Named_Snaps/Blue Lightning (Unknown).png</image><titleshot>~/../thumbs/Atari - Jaguar/Named_Titles/Blue Lightning (Unknown).png</titleshot><thumbnail>~/../thumbs/Atari - Jaguar/Named_Boxarts/Blue Lightning (Unknown).png</thumbnail><marquee>~/../thumbs/Atari - Jaguar/Named_Logos/Blue Lightning (Unknown).png</marquee></game>
<game><path>./Jaguar CD NonRedump/Blue Lightning (Unknown) (Beta) (1995-01-25).zip</path><name>Blue Lightning (Unknown) (Beta) (1995-01-25)</name><image>~/../thumbs/Atari - Jaguar/Named_Snaps/Blue Lightning (Unknown).png</image><titleshot>~/../thumbs/Atari - Jaguar/Named_Titles/Blue Lightning (Unknown).png</titleshot><thumbnail>~/../thumbs/Atari - Jaguar/Named_Boxarts/Blue Lightning (Unknown).png</thumbnail><marquee>~/../thumbs/Atari - Jaguar/Named_Logos/Blue Lightning (Unknown).png</marquee></game>
<game><path>./Jaguar CD NonRedump/Blue Lightning (Unknown) (Beta) (1995-04-07).zip</path><name>Blue Lightning (Unknown) (Beta) (1995-04-07)</name><image>~/../thumbs/Atari - Jaguar/Named_Snaps/Blue Lightning (Unknown).png</image><titleshot>~/../thumbs/Atari - Jaguar/Named_Titles/Blue Lightning (Unknown).png</titleshot><thumbnail>~/../thumbs/Atari - Jaguar/Named_Boxarts/Blue Lightning (Unknown).png</thumbnail><marquee>~/../thumbs/Atari - Jaguar/Named_Logos/Blue Lightning (Unknown).png</marquee></game>
<game><path>./Jaguar CD NonRedump/Blue Lightning (Unknown) (Beta) (1995-04-10).zip</path><name>Blue Lightning (Unknown) (Beta) (1995-04-10)</name><image>~/../thumbs/Atari - Jaguar/Named_Snaps/Blue Lightning (Unknown).png</image><titleshot>~/../thumbs/Atari - Jaguar/Named_Titles/Blue Lightning (Unknown).png</titleshot><thumbnail>~/../thumbs/Atari - Jaguar/Named_Boxarts/Blue Lightning (Unknown).png</thumbnail><marquee>~/../thumbs/Atari - Jaguar/Named_Logos/Blue Lightning (Unknown).png</marquee></game>
<game><path>./Jaguar CD NonRedump/Blue Lightning (Unknown) (Beta) (1995-04-11).zip</path><name>Blue Lightning (Unknown) (Beta) (1995-04-11)</name><image>~/../thumbs/Atari - Jaguar/Named_Snaps/Blue Lightning (Unknown).png</image><titleshot>~/../thumbs/Atari - Jaguar/Named_Titles/Blue Lightning (Unknown).png</titleshot><thumbnail>~/../thumbs/Atari - Jaguar/Named_Boxarts/Blue Lightning (Unknown).png</thumbnail><marquee>~/../thumbs/Atari - Jaguar/Named_Logos/Blue Lightning (Unknown).png</marquee></game>
<game><path>./Jaguar CD NonRedump/Brett Hull NHL Hockey (Unknown) (Beta).zip</path><name>Brett Hull NHL Hockey (Unknown) (Beta)</name><image>~/../thumbs/Atari - Jaguar/Named_Snaps/Brett Hull NHL Hockey (Unknown).png</image><titleshot>~/../thumbs/Atari - Jaguar/Named_Titles/Brett Hull NHL Hockey (Unknown).png</titleshot><thumbnail>~/../thumbs/Atari - Jaguar/Named_Boxarts/Brett Hull NHL Hockey (Unknown).png</thumbnail><marquee>~/../thumbs/Atari - Jaguar/Named_Logos/Brett Hull NHL Hockey (Unknown).png</marquee></game>
<game><path>./Jaguar CD NonRedump/Caves of Fear (USA) (Proto).zip</path><name>Caves of Fear (USA) (Proto)</name><image>~/../thumbs/Atari - Jaguar/Named_Snaps/Caves of Fear (USA).png</image><titleshot>~/../thumbs/Atari - Jaguar/Named_Titles/Caves of Fear (USA).png</titleshot><thumbnail>~/../thumbs/Atari - Jaguar/Named_Boxarts/Caves of Fear (USA).png</thumbnail><marquee>~/../thumbs/Atari - Jaguar/Named_Logos/Caves of Fear (USA).png</marquee></game>
<game><path>./Jaguar CD NonRedump/Demolition Man (Unknown) (Proto).zip</path><name>Demolition Man (Unknown) (Proto)</name><image>~/../thumbs/Atari - Jaguar/Named_Snaps/Demolition Man (Unknown).png</image><titleshot>~/../thumbs/Atari - Jaguar/Named_Titles/Demolition Man (Unknown).png</titleshot><thumbnail>~/../thumbs/Atari - Jaguar/Named_Boxarts/Demolition Man (Unknown).png</thumbnail><marquee>~/../thumbs/Atari - Jaguar/Named_Logos/Demolition Man (Unknown).png</marquee></game>
<game><path>./Jaguar CD NonRedump/Klax (World) (Rev 1) (Unl).zip</path><name>Klax (World) (Rev 1) (Unl)</name><image>~/../thumbs/Atari - Jaguar/Named_Snaps/Klax (World).png</image><titleshot>~/../thumbs/Atari - Jaguar/Named_Titles/Klax (World).png</titleshot><thumbnail>~/../thumbs/Atari - Jaguar/Named_Boxarts/Klax (World).png</thumbnail><marquee>~/../thumbs/Atari - Jaguar/Named_Logos/Klax (World).png</marquee></game>
<game><path>./Jaguar CD NonRedump/Klax (World) (Unl).zip</path><name>Klax (World) (Unl)</name><image>~/../thumbs/Atari - Jaguar/Named_Snaps/Klax (World).png</image><titleshot>~/../thumbs/Atari - Jaguar/Named_Titles/Klax (World).png</titleshot><thumbnail>~/../thumbs/Atari - Jaguar/Named_Boxarts/Klax (World).png</thumbnail><marquee>~/../thumbs/Atari - Jaguar/Named_Logos/Klax (World).png</marquee></game>
<game><path>./Jaguar CD NonRedump/Soul Star (Unknown) (Proto).zip</path><name>Soul Star (Unknown) (Proto)</name><image>~/../thumbs/Atari - Jaguar/Named_Snaps/Soul Star (Unknown).png</image><titleshot>~/../thumbs/Atari - Jaguar/Named_Titles/Soul Star (Unknown).png</titleshot><thumbnail>~/../thumbs/Atari - Jaguar/Named_Boxarts/Soul Star (Unknown).png</thumbnail><marquee>~/../thumbs/Atari - Jaguar/Named_Logos/Soul Star (Unknown).png</marquee></game>
<game><path>./Jaguar CD NonRedump/Varuna's Forces (Unknown) (Proto 1).zip</path><name>Varuna's Forces (Unknown) (Proto 1)</name><image>~/../thumbs/Atari - Jaguar/Named_Snaps/Varuna's Forces (Unknown).png</image><titleshot>~/../thumbs/Atari - Jaguar/Named_Titles/Varuna's Forces (Unknown).png</titleshot><thumbnail>~/../thumbs/Atari - Jaguar/Named_Boxarts/Varuna's Forces (Unknown).png</thumbnail><marquee>~/../thumbs/Atari - Jaguar/Named_Logos/Varuna's Forces (Unknown).png</marquee></game>
<game><path>./Jaguar CD NonRedump/Varuna's Forces (Unknown) (Proto 2).zip</path><name>Varuna's Forces (Unknown) (Proto 2)</name><image>~/../thumbs/Atari - Jaguar/Named_Snaps/Varuna's Forces (Unknown).png</image><titleshot>~/../thumbs/Atari - Jaguar/Named_Titles/Varuna's Forces (Unknown).png</titleshot><thumbnail>~/../thumbs/Atari - Jaguar/Named_Boxarts/Varuna's Forces (Unknown).png</thumbnail><marquee>~/../thumbs/Atari - Jaguar/Named_Logos/Varuna's Forces (Unknown).png</marquee></game>
<folder><path>./Jaguar CD NonRedump</path><name>Jaguar CD NonRedump</name><image>~/../thumb/atarijaguarcd.png</image></folder>
</gameList>
