<gameList>
<game><path>./2048.uze</path><name>2048</name><image>~/../thumbs/Uzebox/Named_Snaps/2048.png</image></game>
<game><path>./ALGMUSIC.UZE</path><name>ALGMUSIC</name><image>~/../thumbs/Uzebox/Named_Snaps/ALGMUSIC.png</image></game>
<game><path>./A_65536in1.uze</path><name>A_65536in1</name><image>~/../thumbs/Uzebox/Named_Snaps/A_65536in1.png</image></game>
<game><path>./A_roguze.uze</path><name>A_roguze</name><image>~/../thumbs/Uzebox/Named_Snaps/A_roguze.png</image></game>
<game><path>./A_stormforce.uze</path><name>A_stormforce</name><image>~/../thumbs/Uzebox/Named_Snaps/A_stormforce.png</image></game>
<game><path>./BABTOWER.UZE</path><name>BABTOWER</name><image>~/../thumbs/Uzebox/Named_Snaps/BABTOWER.png</image></game>
<game><path>./BLOCKBOY.UZE</path><name>BLOCKBOY</name><image>~/../thumbs/Uzebox/Named_Snaps/BLOCKBOY.png</image></game>
<game><path>./C_foad.uze</path><name>C_foad</name><image>~/../thumbs/Uzebox/Named_Snaps/C_foad.png</image></game>
<game><path>./EscapeFromDungeon.uze</path><name>EscapeFromDungeon</name><image>~/../thumbs/Uzebox/Named_Snaps/EscapeFromDungeon.png</image></game>
<game><path>./FRGFEAST.UZE</path><name>FRGFEAST</name><image>~/../thumbs/Uzebox/Named_Snaps/FRGFEAST.png</image></game>
<game><path>./FiremanRescue.uze</path><name>FiremanRescue</name><image>~/../thumbs/Uzebox/Named_Snaps/FiremanRescue.png</image></game>
<game><path>./IROS.UZE</path><name>IROS</name><image>~/../thumbs/Uzebox/Named_Snaps/IROS.png</image></game>
<game><path>./IROSGM.UZE</path><name>IROSGM</name><image>~/../thumbs/Uzebox/Named_Snaps/IROSGM.png</image></game>
<game><path>./SDcard_tests.uze</path><name>SDcard_tests</name><image>~/../thumbs/Uzebox/Named_Snaps/SDcard_tests.png</image></game>
<game><path>./SOLITAIR.UZE</path><name>SOLITAIR</name><image>~/../thumbs/Uzebox/Named_Snaps/SOLITAIR.png</image></game>
<game><path>./Schepers_cp-UzeBeats.uze</path><name>Schepers_cp-UzeBeats</name><image>~/../thumbs/Uzebox/Named_Snaps/Schepers_cp-UzeBeats.png</image></game>
<game><path>./Snake.uze</path><name>Snake</name><image>~/../thumbs/Uzebox/Named_Snaps/Snake.png</image></game>
<game><path>./Stache-UzeWars.uze</path><name>Stache-UzeWars</name><image>~/../thumbs/Uzebox/Named_Snaps/Stache-UzeWars.png</image></game>
<game><path>./TANKFU.UZE</path><name>TANKFU</name><image>~/../thumbs/Uzebox/Named_Snaps/TANKFU.png</image></game>
<game><path>./TOORUMSQ.UZE</path><name>TOORUMSQ</name><image>~/../thumbs/Uzebox/Named_Snaps/TOORUMSQ.png</image></game>
<game><path>./UCC2014_A_foaddemo.uze</path><name>UCC2014_A_foaddemo</name><image>~/../thumbs/Uzebox/Named_Snaps/UCC2014_A_foaddemo.png</image></game>
<game><path>./Uzekickers.uze</path><name>Uzekickers</name><image>~/../thumbs/Uzebox/Named_Snaps/Uzekickers.png</image></game>
<game><path>./Uzetherm.uze</path><name>Uzetherm</name><image>~/../thumbs/Uzebox/Named_Snaps/Uzetherm.png</image></game>
<game><path>./Win8.uze</path><name>Win8</name><image>~/../thumbs/Uzebox/Named_Snaps/Win8.png</image></game>
<game><path>./ZeldaLinksAwakening.uze</path><name>ZeldaLinksAwakening</name><image>~/../thumbs/Uzebox/Named_Snaps/ZeldaLinksAwakening.png</image></game>
<game><path>./ZoomingSecretary.uze</path><name>ZoomingSecretary</name><image>~/../thumbs/Uzebox/Named_Snaps/ZoomingSecretary.png</image></game>
<game><path>./ae.uze</path><name>ae</name><image>~/../thumbs/Uzebox/Named_Snaps/ae.png</image></game>
<game><path>./arkanoid.uze</path><name>arkanoid</name><image>~/../thumbs/Uzebox/Named_Snaps/arkanoid.png</image></game>
<game><path>./asteroids.1.uze</path><name>asteroids.1</name><image>~/../thumbs/Uzebox/Named_Snaps/asteroids.1.png</image></game>
<game><path>./asteroids.uze</path><name>asteroids</name><image>~/../thumbs/Uzebox/Named_Snaps/asteroids.png</image></game>
<game><path>./atomix.uze</path><name>atomix</name><image>~/../thumbs/Uzebox/Named_Snaps/atomix.png</image></game>
<game><path>./bc-dash.uze</path><name>bc-dash</name><image>~/../thumbs/Uzebox/Named_Snaps/bc-dash.png</image></game>
<game><path>./bitmap-demo.uze</path><name>bitmap-demo</name><image>~/../thumbs/Uzebox/Named_Snaps/bitmap-demo.png</image></game>
<game><path>./bomber.uze</path><name>bomber</name><image>~/../thumbs/Uzebox/Named_Snaps/bomber.png</image></game>
<game><path>./boulderdash.uze</path><name>boulderdash</name><image>~/../thumbs/Uzebox/Named_Snaps/boulderdash.png</image></game>
<game><path>./brokenscreen.uze</path><name>brokenscreen</name><image>~/../thumbs/Uzebox/Named_Snaps/brokenscreen.png</image></game>
<game><path>./buddha.uze</path><name>buddha</name><image>~/../thumbs/Uzebox/Named_Snaps/buddha.png</image></game>
<game><path>./bugz.uze</path><name>bugz</name><image>~/../thumbs/Uzebox/Named_Snaps/bugz.png</image></game>
<game><path>./candle-burner.uze</path><name>candle-burner</name><image>~/../thumbs/Uzebox/Named_Snaps/candle-burner.png</image></game>
<game><path>./castlevania-wip.uze</path><name>castlevania-wip</name><image>~/../thumbs/Uzebox/Named_Snaps/castlevania-wip.png</image></game>
<game><path>./cchopper.uze</path><name>cchopper</name><image>~/../thumbs/Uzebox/Named_Snaps/cchopper.png</image></game>
<game><path>./chess4uzebox.uze</path><name>chess4uzebox</name><image>~/../thumbs/Uzebox/Named_Snaps/chess4uzebox.png</image></game>
<game><path>./chuckie-egg.uze</path><name>chuckie-egg</name><image>~/../thumbs/Uzebox/Named_Snaps/chuckie-egg.png</image></game>
<game><path>./columns.uze</path><name>columns</name><image>~/../thumbs/Uzebox/Named_Snaps/columns.png</image></game>
<game><path>./controller-tester.uze</path><name>controller-tester</name><image>~/../thumbs/Uzebox/Named_Snaps/controller-tester.png</image></game>
<game><path>./corrida-nebososa.uze</path><name>corrida-nebososa</name><image>~/../thumbs/Uzebox/Named_Snaps/corrida-nebososa.png</image></game>
<game><path>./donkey-kong.uze</path><name>donkey-kong</name><image>~/../thumbs/Uzebox/Named_Snaps/donkey-kong.png</image></game>
<game><path>./dr-mario.uze</path><name>dr-mario</name><image>~/../thumbs/Uzebox/Named_Snaps/dr-mario.png</image></game>
<game><path>./dungeon-slash-demo.uze</path><name>dungeon-slash-demo</name><image>~/../thumbs/Uzebox/Named_Snaps/dungeon-slash-demo.png</image></game>
<game><path>./easter.uze</path><name>easter</name><image>~/../thumbs/Uzebox/Named_Snaps/easter.png</image></game>
<game><path>./emuze.uze</path><name>emuze</name><image>~/../thumbs/Uzebox/Named_Snaps/emuze.png</image></game>
<game><path>./esd-attack.uze</path><name>esd-attack</name><image>~/../thumbs/Uzebox/Named_Snaps/esd-attack.png</image></game>
<game><path>./fifteen-puzzles.uze</path><name>fifteen-puzzles</name><image>~/../thumbs/Uzebox/Named_Snaps/fifteen-puzzles.png</image></game>
<game><path>./frogger.uze</path><name>frogger</name><image>~/../thumbs/Uzebox/Named_Snaps/frogger.png</image></game>
<game><path>./g-force.uze</path><name>g-force</name><image>~/../thumbs/Uzebox/Named_Snaps/g-force.png</image></game>
<game><path>./gameoflife.uze</path><name>gameoflife</name><image>~/../thumbs/Uzebox/Named_Snaps/gameoflife.png</image></game>
<game><path>./gorillas.uze</path><name>gorillas</name><image>~/../thumbs/Uzebox/Named_Snaps/gorillas.png</image></game>
<game><path>./holeymoley.uze</path><name>holeymoley</name><image>~/../thumbs/Uzebox/Named_Snaps/holeymoley.png</image></game>
<game><path>./joyrider.uze</path><name>joyrider</name><image>~/../thumbs/Uzebox/Named_Snaps/joyrider.png</image></game>
<game><path>./kismet.uze</path><name>kismet</name><image>~/../thumbs/Uzebox/Named_Snaps/kismet.png</image></game>
<game><path>./lander.uze</path><name>lander</name><image>~/../thumbs/Uzebox/Named_Snaps/lander.png</image></game>
<game><path>./laser.uze</path><name>laser</name><image>~/../thumbs/Uzebox/Named_Snaps/laser.png</image></game>
<game><path>./laser2.uze</path><name>laser2</name><image>~/../thumbs/Uzebox/Named_Snaps/laser2.png</image></game>
<game><path>./loderunner-v2.uze</path><name>loderunner-v2</name><image>~/../thumbs/Uzebox/Named_Snaps/loderunner-v2.png</image></game>
<game><path>./lolo-wip.uze</path><name>lolo-wip</name><image>~/../thumbs/Uzebox/Named_Snaps/lolo-wip.png</image></game>
<game><path>./mario.uze</path><name>mario</name><image>~/../thumbs/Uzebox/Named_Snaps/mario.png</image></game>
<game><path>./maze.uze</path><name>maze</name><image>~/../thumbs/Uzebox/Named_Snaps/maze.png</image></game>
<game><path>./mega-bomber-wip.uze</path><name>mega-bomber-wip</name><image>~/../thumbs/Uzebox/Named_Snaps/mega-bomber-wip.png</image></game>
<game><path>./mega-sokoban.uze</path><name>mega-sokoban</name><image>~/../thumbs/Uzebox/Named_Snaps/mega-sokoban.png</image></game>
<game><path>./megatris.uze</path><name>megatris</name><image>~/../thumbs/Uzebox/Named_Snaps/megatris.png</image></game>
<game><path>./mellis-retro-land.uze</path><name>mellis-retro-land</name><image>~/../thumbs/Uzebox/Named_Snaps/mellis-retro-land.png</image></game>
<game><path>./memory.uze</path><name>memory</name><image>~/../thumbs/Uzebox/Named_Snaps/memory.png</image></game>
<game><path>./moon-patrol-wip.uze</path><name>moon-patrol-wip</name><image>~/../thumbs/Uzebox/Named_Snaps/moon-patrol-wip.png</image></game>
<game><path>./music-demo.uze</path><name>music-demo</name><image>~/../thumbs/Uzebox/Named_Snaps/music-demo.png</image></game>
<game><path>./pacman-lite.uze</path><name>pacman-lite</name><image>~/../thumbs/Uzebox/Named_Snaps/pacman-lite.png</image></game>
<game><path>./pengo.uze</path><name>pengo</name><image>~/../thumbs/Uzebox/Named_Snaps/pengo.png</image></game>
<game><path>./pentago.uze</path><name>pentago</name><image>~/../thumbs/Uzebox/Named_Snaps/pentago.png</image></game>
<game><path>./pipes.uze</path><name>pipes</name><image>~/../thumbs/Uzebox/Named_Snaps/pipes.png</image></game>
<game><path>./pong.uze</path><name>pong</name><image>~/../thumbs/Uzebox/Named_Snaps/pong.png</image></game>
<game><path>./ruby-crush.uze</path><name>ruby-crush</name><image>~/../thumbs/Uzebox/Named_Snaps/ruby-crush.png</image></game>
<game><path>./simon.uze</path><name>simon</name><image>~/../thumbs/Uzebox/Named_Snaps/simon.png</image></game>
<game><path>./snakes.uze</path><name>snakes</name><image>~/../thumbs/Uzebox/Named_Snaps/snakes.png</image></game>
<game><path>./sokoban-world.uze</path><name>sokoban-world</name><image>~/../thumbs/Uzebox/Named_Snaps/sokoban-world.png</image></game>
<game><path>./sokoban.uze</path><name>sokoban</name><image>~/../thumbs/Uzebox/Named_Snaps/sokoban.png</image></game>
<game><path>./space-age.uze</path><name>space-age</name><image>~/../thumbs/Uzebox/Named_Snaps/space-age.png</image></game>
<game><path>./space-invaders.uze</path><name>space-invaders</name><image>~/../thumbs/Uzebox/Named_Snaps/space-invaders.png</image></game>
<game><path>./submarine.uze</path><name>submarine</name><image>~/../thumbs/Uzebox/Named_Snaps/submarine.png</image></game>
<game><path>./super-mario-demo.uze</path><name>super-mario-demo</name><image>~/../thumbs/Uzebox/Named_Snaps/super-mario-demo.png</image></game>
<game><path>./tron.uze</path><name>tron</name><image>~/../thumbs/Uzebox/Named_Snaps/tron.png</image></game>
<game><path>./uze-feud.uze</path><name>uze-feud</name><image>~/../thumbs/Uzebox/Named_Snaps/uze-feud.png</image></game>
<game><path>./uze-snakes.uze</path><name>uze-snakes</name><image>~/../thumbs/Uzebox/Named_Snaps/uze-snakes.png</image></game>
<game><path>./uze8.uze</path><name>uze8</name><image>~/../thumbs/Uzebox/Named_Snaps/uze8.png</image></game>
<game><path>./uzeamp.uze</path><name>uzeamp</name><image>~/../thumbs/Uzebox/Named_Snaps/uzeamp.png</image></game>
<game><path>./uzepede.uze</path><name>uzepede</name><image>~/../thumbs/Uzebox/Named_Snaps/uzepede.png</image></game>
<game><path>./uzesweeper.uze</path><name>uzesweeper</name><image>~/../thumbs/Uzebox/Named_Snaps/uzesweeper.png</image></game>
<game><path>./vector-demo.uze</path><name>vector-demo</name><image>~/../thumbs/Uzebox/Named_Snaps/vector-demo.png</image></game>
<game><path>./videopoker.uze</path><name>videopoker</name><image>~/../thumbs/Uzebox/Named_Snaps/videopoker.png</image></game>
<game><path>./whack-a-mole.uze</path><name>whack-a-mole</name><image>~/../thumbs/Uzebox/Named_Snaps/whack-a-mole.png</image></game>
<game><path>./wurgertime-wip.uze</path><name>wurgertime-wip</name><image>~/../thumbs/Uzebox/Named_Snaps/wurgertime-wip.png</image></game>
<game><path>./xor.uze</path><name>xor</name><image>~/../thumbs/Uzebox/Named_Snaps/xor.png</image></game>
<game><path>./zombienator.uze</path><name>zombienator</name><image>~/../thumbs/Uzebox/Named_Snaps/zombienator.png</image></game>
</gameList>
