<game><path>./Othello Multivision/007 James Bond v2.6 (1984)(Tsukuda Original)(JP)[40K].zip</path><name>007 James Bond v2.6 (1984)(Tsukuda Original)(JP)[40K]</name><image>~/../thumbs/Othello - Multivision/Named_Snaps/007 James Bond v2.6 (1984)(Tsukuda Original)(JP)[40K].png</image><titleshot>~/../thumbs/Othello - Multivision/Named_Titles/007 James Bond v2.6 (1984)(Tsukuda Original)(JP)[40K].png</titleshot><thumbnail>~/../thumbs/Othello - Multivision/Named_Boxarts/007 James Bond v2.6 (1984)(Tsukuda Original)(JP)[40K].png</thumbnail><marquee>~/../thumbs/Othello - Multivision/Named_Logos/007 James Bond v2.6 (1984)(Tsukuda Original)(JP)[40K].png</marquee></game>
<game><path>./Othello Multivision/007 James Bond v2.7 (1984)(Tsukuda Original)(JP).zip</path><name>007 James Bond v2.7 (1984)(Tsukuda Original)(JP)</name><image>~/../thumbs/Othello - Multivision/Named_Snaps/007 James Bond v2.7 (1984)(Tsukuda Original)(JP).png</image><titleshot>~/../thumbs/Othello - Multivision/Named_Titles/007 James Bond v2.7 (1984)(Tsukuda Original)(JP).png</titleshot><thumbnail>~/../thumbs/Othello - Multivision/Named_Boxarts/007 James Bond v2.7 (1984)(Tsukuda Original)(JP).png</thumbnail><marquee>~/../thumbs/Othello - Multivision/Named_Logos/007 James Bond v2.7 (1984)(Tsukuda Original)(JP).png</marquee></game>
<game><path>./Othello Multivision/Challenge Derby (1984)(Tsukuda Original)(JP).zip</path><name>Challenge Derby (1984)(Tsukuda Original)(JP)</name><image>~/../thumbs/Othello - Multivision/Named_Snaps/Challenge Derby (1984)(Tsukuda Original)(JP).png</image><titleshot>~/../thumbs/Othello - Multivision/Named_Titles/Challenge Derby (1984)(Tsukuda Original)(JP).png</titleshot><thumbnail>~/../thumbs/Othello - Multivision/Named_Boxarts/Challenge Derby (1984)(Tsukuda Original)(JP).png</thumbnail><marquee>~/../thumbs/Othello - Multivision/Named_Logos/Challenge Derby (1984)(Tsukuda Original)(JP).png</marquee></game>
<game><path>./Othello Multivision/Challenge Derby (1984)(Tsukuda Original)(JP)[a2].zip</path><name>Challenge Derby (1984)(Tsukuda Original)(JP)[a2]</name><image>~/../thumbs/Othello - Multivision/Named_Snaps/Challenge Derby (1984)(Tsukuda Original)(JP)[a2].png</image><titleshot>~/../thumbs/Othello - Multivision/Named_Titles/Challenge Derby (1984)(Tsukuda Original)(JP)[a2].png</titleshot><thumbnail>~/../thumbs/Othello - Multivision/Named_Boxarts/Challenge Derby (1984)(Tsukuda Original)(JP)[a2].png</thumbnail><marquee>~/../thumbs/Othello - Multivision/Named_Logos/Challenge Derby (1984)(Tsukuda Original)(JP)[a2].png</marquee><hidden>true</hidden></game>
<game><path>./Othello Multivision/Challenge Derby (1984)(Tsukuda Original)(JP)[a].zip</path><name>Challenge Derby (1984)(Tsukuda Original)(JP)[a]</name><image>~/../thumbs/Othello - Multivision/Named_Snaps/Challenge Derby (1984)(Tsukuda Original)(JP)[a].png</image><titleshot>~/../thumbs/Othello - Multivision/Named_Titles/Challenge Derby (1984)(Tsukuda Original)(JP)[a].png</titleshot><thumbnail>~/../thumbs/Othello - Multivision/Named_Boxarts/Challenge Derby (1984)(Tsukuda Original)(JP)[a].png</thumbnail><marquee>~/../thumbs/Othello - Multivision/Named_Logos/Challenge Derby (1984)(Tsukuda Original)(JP)[a].png</marquee><hidden>true</hidden></game>
<game><path>./Othello Multivision/Guzzler (1983)(Tehkan - Tsukuda Original)(JP).zip</path><name>Guzzler (1983)(Tehkan - Tsukuda Original)(JP)</name><image>~/../thumbs/Othello - Multivision/Named_Snaps/Guzzler (1983)(Tehkan - Tsukuda Original)(JP).png</image><titleshot>~/../thumbs/Othello - Multivision/Named_Titles/Guzzler (1983)(Tehkan - Tsukuda Original)(JP).png</titleshot><thumbnail>~/../thumbs/Othello - Multivision/Named_Boxarts/Guzzler (1983)(Tehkan - Tsukuda Original)(JP).png</thumbnail><marquee>~/../thumbs/Othello - Multivision/Named_Logos/Guzzler (1983)(Tehkan - Tsukuda Original)(JP).png</marquee></game>
<game><path>./Othello Multivision/Okamoto Ayako no Match Play Golf (1984)(Tsukuda Original)(JP).zip</path><name>Okamoto Ayako no Match Play Golf (1984)(Tsukuda Original)(JP)</name><image>~/../thumbs/Othello - Multivision/Named_Snaps/Okamoto Ayako no Match Play Golf (1984)(Tsukuda Original)(JP).png</image><titleshot>~/../thumbs/Othello - Multivision/Named_Titles/Okamoto Ayako no Match Play Golf (1984)(Tsukuda Original)(JP).png</titleshot><thumbnail>~/../thumbs/Othello - Multivision/Named_Boxarts/Okamoto Ayako no Match Play Golf (1984)(Tsukuda Original)(JP).png</thumbnail><marquee>~/../thumbs/Othello - Multivision/Named_Logos/Okamoto Ayako no Match Play Golf (1984)(Tsukuda Original)(JP).png</marquee></game>
<game><path>./Othello Multivision/Okamoto Ayako no Match Play Golf (1984)(Tsukuda Original)(JP)[a].zip</path><name>Okamoto Ayako no Match Play Golf (1984)(Tsukuda Original)(JP)[a]</name><image>~/../thumbs/Othello - Multivision/Named_Snaps/Okamoto Ayako no Match Play Golf (1984)(Tsukuda Original)(JP)[a].png</image><titleshot>~/../thumbs/Othello - Multivision/Named_Titles/Okamoto Ayako no Match Play Golf (1984)(Tsukuda Original)(JP)[a].png</titleshot><thumbnail>~/../thumbs/Othello - Multivision/Named_Boxarts/Okamoto Ayako no Match Play Golf (1984)(Tsukuda Original)(JP)[a].png</thumbnail><marquee>~/../thumbs/Othello - Multivision/Named_Logos/Okamoto Ayako no Match Play Golf (1984)(Tsukuda Original)(JP)[a].png</marquee><hidden>true</hidden></game>
<game><path>./Othello Multivision/Qbert (1983)(Tsukuda Original)(JP)(en).zip</path><name>Qbert (1983)(Tsukuda Original)(JP)(en)</name><image>~/../thumbs/Othello - Multivision/Named_Snaps/Qbert (1983)(Tsukuda Original)(JP)(en).png</image><titleshot>~/../thumbs/Othello - Multivision/Named_Titles/Qbert (1983)(Tsukuda Original)(JP)(en).png</titleshot><thumbnail>~/../thumbs/Othello - Multivision/Named_Boxarts/Qbert (1983)(Tsukuda Original)(JP)(en).png</thumbnail><marquee>~/../thumbs/Othello - Multivision/Named_Logos/Qbert (1983)(Tsukuda Original)(JP)(en).png</marquee></game>
<game><path>./Othello Multivision/San-nin Mahjong (1984)(Tsukuda Original)(JP).zip</path><name>San-nin Mahjong (1984)(Tsukuda Original)(JP)</name><image>~/../thumbs/Othello - Multivision/Named_Snaps/San-nin Mahjong (1984)(Tsukuda Original)(JP).png</image><titleshot>~/../thumbs/Othello - Multivision/Named_Titles/San-nin Mahjong (1984)(Tsukuda Original)(JP).png</titleshot><thumbnail>~/../thumbs/Othello - Multivision/Named_Boxarts/San-nin Mahjong (1984)(Tsukuda Original)(JP).png</thumbnail><marquee>~/../thumbs/Othello - Multivision/Named_Logos/San-nin Mahjong (1984)(Tsukuda Original)(JP).png</marquee></game>
<game><path>./Othello Multivision/Space Armor Rev 0 (1984)(Tsukuda Original)(JP)(en).zip</path><name>Space Armor Rev 0 (1984)(Tsukuda Original)(JP)(en)</name><image>~/../thumbs/Othello - Multivision/Named_Snaps/Space Armor Rev 0 (1984)(Tsukuda Original)(JP)(en).png</image><titleshot>~/../thumbs/Othello - Multivision/Named_Titles/Space Armor Rev 0 (1984)(Tsukuda Original)(JP)(en).png</titleshot><thumbnail>~/../thumbs/Othello - Multivision/Named_Boxarts/Space Armor Rev 0 (1984)(Tsukuda Original)(JP)(en).png</thumbnail><marquee>~/../thumbs/Othello - Multivision/Named_Logos/Space Armor Rev 0 (1984)(Tsukuda Original)(JP)(en).png</marquee></game>
<game><path>./Othello Multivision/Space Armor Rev 1 (1984)(Tsukuda Original)(JP)(en).zip</path><name>Space Armor Rev 1 (1984)(Tsukuda Original)(JP)(en)</name><image>~/../thumbs/Othello - Multivision/Named_Snaps/Space Armor Rev 1 (1984)(Tsukuda Original)(JP)(en).png</image><titleshot>~/../thumbs/Othello - Multivision/Named_Titles/Space Armor Rev 1 (1984)(Tsukuda Original)(JP)(en).png</titleshot><thumbnail>~/../thumbs/Othello - Multivision/Named_Boxarts/Space Armor Rev 1 (1984)(Tsukuda Original)(JP)(en).png</thumbnail><marquee>~/../thumbs/Othello - Multivision/Named_Logos/Space Armor Rev 1 (1984)(Tsukuda Original)(JP)(en).png</marquee></game>
<game><path>./Othello Multivision/Space Mountain (1984)(Tsukuda Original)(JP).zip</path><name>Space Mountain (1984)(Tsukuda Original)(JP)</name><image>~/../thumbs/Othello - Multivision/Named_Snaps/Space Mountain (1984)(Tsukuda Original)(JP).png</image><titleshot>~/../thumbs/Othello - Multivision/Named_Titles/Space Mountain (1984)(Tsukuda Original)(JP).png</titleshot><thumbnail>~/../thumbs/Othello - Multivision/Named_Boxarts/Space Mountain (1984)(Tsukuda Original)(JP).png</thumbnail><marquee>~/../thumbs/Othello - Multivision/Named_Logos/Space Mountain (1984)(Tsukuda Original)(JP).png</marquee></game>
<folder><path>./Othello Multivision</path><name>Othello Multivision</name><image>~/../thumb/multivision.png</image></folder>
