<gameList>
<game><path>./Merged/10in1.zip</path><name>10in1</name><image>~/../thumbs/Sport Vii/Named_Snaps/10in1.png</image></game>
<game><path>./Merged/7in1.zip</path><name>7in1</name><image>~/../thumbs/Sport Vii/Named_Snaps/7in1.png</image></game>
<folder><path>./Merged</path><name>Merged</name><image>~/../thumb/vii.png</image></folder>
<game><path>./Split/10in1.zip</path><name>10in1</name><image>~/../thumbs/Sport Vii/Named_Snaps/10in1.png</image></game>
<game><path>./Split/7in1.zip</path><name>7in1</name><image>~/../thumbs/Sport Vii/Named_Snaps/7in1.png</image></game>
<folder><path>./Split</path><name>Split</name><image>~/../thumb/vii.png</image></folder>
</gameList>
