<gameList>
<folder><path>./Atari 8bit ATR</path><name>Atari 8bit ATR</name><image>~/../thumb/atari800.png</image></folder>
<folder><path>./Atari 8bit ATX</path><name>Atari 8bit ATX</name><image>~/../thumb/atari800.png</image></folder>
<folder><path>./Atari 8bit BIN</path><name>Atari 8bit BIN</name><image>~/../thumb/atari800.png</image></folder>
<folder><path>./Atari 8bit CAS</path><name>Atari 8bit CAS</name><image>~/../thumb/atari800.png</image></folder>
<folder><path>./Atari 8bit XEX</path><name>Atari 8bit XEX</name><image>~/../thumb/atari800.png</image></folder>
<folder><path>./Atari 8bit Edu</path><name>Atari 8bit Edu</name><image>~/../thumb/atari800.png</image></folder>
<folder><path>./Atari 8bit Apps</path><name>Atari 8bit Apps</name><image>~/../thumb/atari800.png</image></folder>
</gameList>
