<gameList>
<game><path>./APF MP-1000 NoIntro/APF Basic (USA) (Program).zip</path><name>APF Basic (USA) (Program)</name><image>~/../thumbs/APF - MP-1000/Named_Snaps/APF Basic (USA).png</image><titleshot>~/../thumbs/APF - MP-1000/Named_Titles/APF Basic (USA).png</titleshot><thumbnail>~/../thumbs/APF - MP-1000/Named_Boxarts/APF Basic (USA).png</thumbnail><marquee>~/../thumbs/APF - MP-1000/Named_Logos/APF Basic (USA).png</marquee></game>
<game><path>./APF MP-1000 NoIntro/Backgammon (USA).zip</path><name>Backgammon (USA)</name><image>~/../thumbs/APF - MP-1000/Named_Snaps/Backgammon (USA).png</image><titleshot>~/../thumbs/APF - MP-1000/Named_Titles/Backgammon (USA).png</titleshot><thumbnail>~/../thumbs/APF - MP-1000/Named_Boxarts/Backgammon (USA).png</thumbnail><marquee>~/../thumbs/APF - MP-1000/Named_Logos/Backgammon (USA).png</marquee></game>
<game><path>./APF MP-1000 NoIntro/Baseball (USA).zip</path><name>Baseball (USA)</name><image>~/../thumbs/APF - MP-1000/Named_Snaps/Baseball (USA).png</image><titleshot>~/../thumbs/APF - MP-1000/Named_Titles/Baseball (USA).png</titleshot><thumbnail>~/../thumbs/APF - MP-1000/Named_Boxarts/Baseball (USA).png</thumbnail><marquee>~/../thumbs/APF - MP-1000/Named_Logos/Baseball (USA).png</marquee></game>
<game><path>./APF MP-1000 NoIntro/Blackjack (USA).zip</path><name>Blackjack (USA)</name><image>~/../thumbs/APF - MP-1000/Named_Snaps/Blackjack (USA).png</image><titleshot>~/../thumbs/APF - MP-1000/Named_Titles/Blackjack (USA).png</titleshot><thumbnail>~/../thumbs/APF - MP-1000/Named_Boxarts/Blackjack (USA).png</thumbnail><marquee>~/../thumbs/APF - MP-1000/Named_Logos/Blackjack (USA).png</marquee></game>
<game><path>./APF MP-1000 NoIntro/Bowling ~ Micro Match (USA).zip</path><name>Bowling ~ Micro Match (USA)</name><image>~/../thumbs/APF - MP-1000/Named_Snaps/Bowling ~ Micro Match (USA).png</image><titleshot>~/../thumbs/APF - MP-1000/Named_Titles/Bowling ~ Micro Match (USA).png</titleshot><thumbnail>~/../thumbs/APF - MP-1000/Named_Boxarts/Bowling ~ Micro Match (USA).png</thumbnail><marquee>~/../thumbs/APF - MP-1000/Named_Logos/Bowling ~ Micro Match (USA).png</marquee></game>
<game><path>./APF MP-1000 NoIntro/Boxing (USA).zip</path><name>Boxing (USA)</name><image>~/../thumbs/APF - MP-1000/Named_Snaps/Boxing (USA).png</image><titleshot>~/../thumbs/APF - MP-1000/Named_Titles/Boxing (USA).png</titleshot><thumbnail>~/../thumbs/APF - MP-1000/Named_Boxarts/Boxing (USA).png</thumbnail><marquee>~/../thumbs/APF - MP-1000/Named_Logos/Boxing (USA).png</marquee></game>
<game><path>./APF MP-1000 NoIntro/Brickdown ~ Shooting Gallery (USA).zip</path><name>Brickdown ~ Shooting Gallery (USA)</name><image>~/../thumbs/APF - MP-1000/Named_Snaps/Brickdown ~ Shooting Gallery (USA).png</image><titleshot>~/../thumbs/APF - MP-1000/Named_Titles/Brickdown ~ Shooting Gallery (USA).png</titleshot><thumbnail>~/../thumbs/APF - MP-1000/Named_Boxarts/Brickdown ~ Shooting Gallery (USA).png</thumbnail><marquee>~/../thumbs/APF - MP-1000/Named_Logos/Brickdown ~ Shooting Gallery (USA).png</marquee></game>
<game><path>./APF MP-1000 NoIntro/Casino 1 - Slots-Roulette-Keno (USA).zip</path><name>Casino 1 - Slots-Roulette-Keno (USA)</name><image>~/../thumbs/APF - MP-1000/Named_Snaps/Casino 1 - Slots-Roulette-Keno (USA).png</image><titleshot>~/../thumbs/APF - MP-1000/Named_Titles/Casino 1 - Slots-Roulette-Keno (USA).png</titleshot><thumbnail>~/../thumbs/APF - MP-1000/Named_Boxarts/Casino 1 - Slots-Roulette-Keno (USA).png</thumbnail><marquee>~/../thumbs/APF - MP-1000/Named_Logos/Casino 1 - Slots-Roulette-Keno (USA).png</marquee></game>
<game><path>./APF MP-1000 NoIntro/Catena (USA) (MG1001).zip</path><name>Catena (USA) (MG1001)</name><image>~/../thumbs/APF - MP-1000/Named_Snaps/Catena (USA).png</image><titleshot>~/../thumbs/APF - MP-1000/Named_Titles/Catena (USA).png</titleshot><thumbnail>~/../thumbs/APF - MP-1000/Named_Boxarts/Catena (USA).png</thumbnail><marquee>~/../thumbs/APF - MP-1000/Named_Logos/Catena (USA).png</marquee></game>
<game><path>./APF MP-1000 NoIntro/Catena (USA) (MG1002).zip</path><name>Catena (USA) (MG1002)</name><image>~/../thumbs/APF - MP-1000/Named_Snaps/Catena (USA).png</image><titleshot>~/../thumbs/APF - MP-1000/Named_Titles/Catena (USA).png</titleshot><thumbnail>~/../thumbs/APF - MP-1000/Named_Boxarts/Catena (USA).png</thumbnail><marquee>~/../thumbs/APF - MP-1000/Named_Logos/Catena (USA).png</marquee></game>
<game><path>./APF MP-1000 NoIntro/Columns ~ Targets ~ Bacteria ~ Autopista (USA).zip</path><name>Columns ~ Targets ~ Bacteria ~ Autopista (USA)</name><image>~/../thumbs/APF - MP-1000/Named_Snaps/Columns ~ Targets ~ Bacteria ~ Autopista (USA).png</image><titleshot>~/../thumbs/APF - MP-1000/Named_Titles/Columns ~ Targets ~ Bacteria ~ Autopista (USA).png</titleshot><thumbnail>~/../thumbs/APF - MP-1000/Named_Boxarts/Columns ~ Targets ~ Bacteria ~ Autopista (USA).png</thumbnail><marquee>~/../thumbs/APF - MP-1000/Named_Logos/Columns ~ Targets ~ Bacteria ~ Autopista (USA).png</marquee></game>
<game><path>./APF MP-1000 NoIntro/Extended Basic (USA) (Program).zip</path><name>Extended Basic (USA) (Program)</name><image>~/../thumbs/APF - MP-1000/Named_Snaps/Extended Basic (USA).png</image><titleshot>~/../thumbs/APF - MP-1000/Named_Titles/Extended Basic (USA).png</titleshot><thumbnail>~/../thumbs/APF - MP-1000/Named_Boxarts/Extended Basic (USA).png</thumbnail><marquee>~/../thumbs/APF - MP-1000/Named_Logos/Extended Basic (USA).png</marquee></game>
<game><path>./APF MP-1000 NoIntro/Hangman ~ Tic-Tac-Toe ~ Doodle (USA).zip</path><name>Hangman ~ Tic-Tac-Toe ~ Doodle (USA)</name><image>~/../thumbs/APF - MP-1000/Named_Snaps/Hangman ~ Tic-Tac-Toe ~ Doodle (USA).png</image><titleshot>~/../thumbs/APF - MP-1000/Named_Titles/Hangman ~ Tic-Tac-Toe ~ Doodle (USA).png</titleshot><thumbnail>~/../thumbs/APF - MP-1000/Named_Boxarts/Hangman ~ Tic-Tac-Toe ~ Doodle (USA).png</thumbnail><marquee>~/../thumbs/APF - MP-1000/Named_Logos/Hangman ~ Tic-Tac-Toe ~ Doodle (USA).png</marquee></game>
<game><path>./APF MP-1000 NoIntro/Pinball ~ Dungeon Hunt ~ Blockout (USA).zip</path><name>Pinball ~ Dungeon Hunt ~ Blockout (USA)</name><image>~/../thumbs/APF - MP-1000/Named_Snaps/Pinball ~ Dungeon Hunt ~ Blockout (USA).png</image><titleshot>~/../thumbs/APF - MP-1000/Named_Titles/Pinball ~ Dungeon Hunt ~ Blockout (USA).png</titleshot><thumbnail>~/../thumbs/APF - MP-1000/Named_Boxarts/Pinball ~ Dungeon Hunt ~ Blockout (USA).png</thumbnail><marquee>~/../thumbs/APF - MP-1000/Named_Logos/Pinball ~ Dungeon Hunt ~ Blockout (USA).png</marquee></game>
<game><path>./APF MP-1000 NoIntro/Space Destroyers (USA).zip</path><name>Space Destroyers (USA)</name><image>~/../thumbs/APF - MP-1000/Named_Snaps/Space Destroyers (USA).png</image><titleshot>~/../thumbs/APF - MP-1000/Named_Titles/Space Destroyers (USA).png</titleshot><thumbnail>~/../thumbs/APF - MP-1000/Named_Boxarts/Space Destroyers (USA).png</thumbnail><marquee>~/../thumbs/APF - MP-1000/Named_Logos/Space Destroyers (USA).png</marquee></game>
<game><path>./APF MP-1000 NoIntro/UFO ~ Sea Monsters ~ Break It Down ~ Rebuild ~ Shoot (USA).zip</path><name>UFO ~ Sea Monsters ~ Break It Down ~ Rebuild ~ Shoot (USA)</name><image>~/../thumbs/APF - MP-1000/Named_Snaps/UFO ~ Sea Monsters ~ Break It Down ~ Rebuild ~ Shoot (USA).png</image><titleshot>~/../thumbs/APF - MP-1000/Named_Titles/UFO ~ Sea Monsters ~ Break It Down ~ Rebuild ~ Shoot (USA).png</titleshot><thumbnail>~/../thumbs/APF - MP-1000/Named_Boxarts/UFO ~ Sea Monsters ~ Break It Down ~ Rebuild ~ Shoot (USA).png</thumbnail><marquee>~/../thumbs/APF - MP-1000/Named_Logos/UFO ~ Sea Monsters ~ Break It Down ~ Rebuild ~ Shoot (USA).png</marquee></game>
<folder><path>./APF MP-1000 NoIntro</path><name>APF MP-1000 NoIntro</name><image>~/../thumb/apfm1000.png</image></folder>
<game><path>./APF MP-1000 TOSEC/Backgammon (1979)(APF)[MG1008].zip</path><name>Backgammon (1979)(APF)[MG1008]</name><image>~/../thumbs/APF - MP-1000/Named_Snaps/Backgammon (1979).png</image><titleshot>~/../thumbs/APF - MP-1000/Named_Titles/Backgammon (1979).png</titleshot><thumbnail>~/../thumbs/APF - MP-1000/Named_Boxarts/Backgammon (1979).png</thumbnail><marquee>~/../thumbs/APF - MP-1000/Named_Logos/Backgammon (1979).png</marquee></game>
<game><path>./APF MP-1000 TOSEC/Baseball (1979)(APF)[MG1006].zip</path><name>Baseball (1979)(APF)[MG1006]</name><image>~/../thumbs/APF - MP-1000/Named_Snaps/Baseball (1979).png</image><titleshot>~/../thumbs/APF - MP-1000/Named_Titles/Baseball (1979).png</titleshot><thumbnail>~/../thumbs/APF - MP-1000/Named_Boxarts/Baseball (1979).png</thumbnail><marquee>~/../thumbs/APF - MP-1000/Named_Logos/Baseball (1979).png</marquee></game>
<game><path>./APF MP-1000 TOSEC/Blackjack (1979)(APF)[MG1007].zip</path><name>Blackjack (1979)(APF)[MG1007]</name><image>~/../thumbs/APF - MP-1000/Named_Snaps/Blackjack (1979).png</image><titleshot>~/../thumbs/APF - MP-1000/Named_Titles/Blackjack (1979).png</titleshot><thumbnail>~/../thumbs/APF - MP-1000/Named_Boxarts/Blackjack (1979).png</thumbnail><marquee>~/../thumbs/APF - MP-1000/Named_Logos/Blackjack (1979).png</marquee></game>
<game><path>./APF MP-1000 TOSEC/Boxing (1979)(APF)[MG1012].zip</path><name>Boxing (1979)(APF)[MG1012]</name><image>~/../thumbs/APF - MP-1000/Named_Snaps/Boxing (1979).png</image><titleshot>~/../thumbs/APF - MP-1000/Named_Titles/Boxing (1979).png</titleshot><thumbnail>~/../thumbs/APF - MP-1000/Named_Boxarts/Boxing (1979).png</thumbnail><marquee>~/../thumbs/APF - MP-1000/Named_Logos/Boxing (1979).png</marquee></game>
<game><path>./APF MP-1000 TOSEC/Casino 1 - Slots-Roulette-Keno (1979)(APF)[MG1009].zip</path><name>Casino 1 - Slots-Roulette-Keno (1979)(APF)[MG1009]</name><image>~/../thumbs/APF - MP-1000/Named_Snaps/Casino 1 - Slots-Roulette-Keno (1979).png</image><titleshot>~/../thumbs/APF - MP-1000/Named_Titles/Casino 1 - Slots-Roulette-Keno (1979).png</titleshot><thumbnail>~/../thumbs/APF - MP-1000/Named_Boxarts/Casino 1 - Slots-Roulette-Keno (1979).png</thumbnail><marquee>~/../thumbs/APF - MP-1000/Named_Logos/Casino 1 - Slots-Roulette-Keno (1979).png</marquee></game>
<game><path>./APF MP-1000 TOSEC/Catena (1979)(APF)[MG1001].zip</path><name>Catena (1979)(APF)[MG1001]</name><image>~/../thumbs/APF - MP-1000/Named_Snaps/Catena (1979).png</image><titleshot>~/../thumbs/APF - MP-1000/Named_Titles/Catena (1979).png</titleshot><thumbnail>~/../thumbs/APF - MP-1000/Named_Boxarts/Catena (1979).png</thumbnail><marquee>~/../thumbs/APF - MP-1000/Named_Logos/Catena (1979).png</marquee></game>
<game><path>./APF MP-1000 TOSEC/Catena (1979)(APF)[MG1002].zip</path><name>Catena (1979)(APF)[MG1002]</name><image>~/../thumbs/APF - MP-1000/Named_Snaps/Catena (1979).png</image><titleshot>~/../thumbs/APF - MP-1000/Named_Titles/Catena (1979).png</titleshot><thumbnail>~/../thumbs/APF - MP-1000/Named_Boxarts/Catena (1979).png</thumbnail><marquee>~/../thumbs/APF - MP-1000/Named_Logos/Catena (1979).png</marquee></game>
<game><path>./APF MP-1000 TOSEC/Space Destroyers (1979)(APF)[MG1013].zip</path><name>Space Destroyers (1979)(APF)[MG1013]</name><image>~/../thumbs/APF - MP-1000/Named_Snaps/Space Destroyers (1979).png</image><titleshot>~/../thumbs/APF - MP-1000/Named_Titles/Space Destroyers (1979).png</titleshot><thumbnail>~/../thumbs/APF - MP-1000/Named_Boxarts/Space Destroyers (1979).png</thumbnail><marquee>~/../thumbs/APF - MP-1000/Named_Logos/Space Destroyers (1979).png</marquee></game>
<folder><path>./APF MP-1000 TOSEC</path><name>APF MP-1000 TOSEC</name><image>~/../thumb/apfm1000.png</image></folder>
<game><path>./APF MP-1000 Merged/backgamm.zip</path><name>backgamm</name><image>~/../thumbs/APF - MP-1000/Named_Snaps/backgamm.png</image><titleshot>~/../thumbs/APF - MP-1000/Named_Titles/backgamm.png</titleshot><thumbnail>~/../thumbs/APF - MP-1000/Named_Boxarts/backgamm.png</thumbnail><marquee>~/../thumbs/APF - MP-1000/Named_Logos/backgamm.png</marquee></game>
<game><path>./APF MP-1000 Merged/baseball.zip</path><name>baseball</name><image>~/../thumbs/APF - MP-1000/Named_Snaps/baseball.png</image><titleshot>~/../thumbs/APF - MP-1000/Named_Titles/baseball.png</titleshot><thumbnail>~/../thumbs/APF - MP-1000/Named_Boxarts/baseball.png</thumbnail><marquee>~/../thumbs/APF - MP-1000/Named_Logos/baseball.png</marquee></game>
<game><path>./APF MP-1000 Merged/basic.zip</path><name>basic</name><image>~/../thumbs/APF - MP-1000/Named_Snaps/basic.png</image><titleshot>~/../thumbs/APF - MP-1000/Named_Titles/basic.png</titleshot><thumbnail>~/../thumbs/APF - MP-1000/Named_Boxarts/basic.png</thumbnail><marquee>~/../thumbs/APF - MP-1000/Named_Logos/basic.png</marquee></game>
<game><path>./APF MP-1000 Merged/blckjack.zip</path><name>blckjack</name><image>~/../thumbs/APF - MP-1000/Named_Snaps/blckjack.png</image><titleshot>~/../thumbs/APF - MP-1000/Named_Titles/blckjack.png</titleshot><thumbnail>~/../thumbs/APF - MP-1000/Named_Boxarts/blckjack.png</thumbnail><marquee>~/../thumbs/APF - MP-1000/Named_Logos/blckjack.png</marquee></game>
<game><path>./APF MP-1000 Merged/bowling.zip</path><name>bowling</name><image>~/../thumbs/APF - MP-1000/Named_Snaps/bowling.png</image><titleshot>~/../thumbs/APF - MP-1000/Named_Titles/bowling.png</titleshot><thumbnail>~/../thumbs/APF - MP-1000/Named_Boxarts/bowling.png</thumbnail><marquee>~/../thumbs/APF - MP-1000/Named_Logos/bowling.png</marquee></game>
<game><path>./APF MP-1000 Merged/boxing.zip</path><name>boxing</name><image>~/../thumbs/APF - MP-1000/Named_Snaps/boxing.png</image><titleshot>~/../thumbs/APF - MP-1000/Named_Titles/boxing.png</titleshot><thumbnail>~/../thumbs/APF - MP-1000/Named_Boxarts/boxing.png</thumbnail><marquee>~/../thumbs/APF - MP-1000/Named_Logos/boxing.png</marquee></game>
<game><path>./APF MP-1000 Merged/brickdwn.zip</path><name>brickdwn</name><image>~/../thumbs/APF - MP-1000/Named_Snaps/brickdwn.png</image><titleshot>~/../thumbs/APF - MP-1000/Named_Titles/brickdwn.png</titleshot><thumbnail>~/../thumbs/APF - MP-1000/Named_Boxarts/brickdwn.png</thumbnail><marquee>~/../thumbs/APF - MP-1000/Named_Logos/brickdwn.png</marquee></game>
<game><path>./APF MP-1000 Merged/casino.zip</path><name>casino</name><image>~/../thumbs/APF - MP-1000/Named_Snaps/casino.png</image><titleshot>~/../thumbs/APF - MP-1000/Named_Titles/casino.png</titleshot><thumbnail>~/../thumbs/APF - MP-1000/Named_Boxarts/casino.png</thumbnail><marquee>~/../thumbs/APF - MP-1000/Named_Logos/casino.png</marquee></game>
<game><path>./APF MP-1000 Merged/catena.zip</path><name>catena</name><image>~/../thumbs/APF - MP-1000/Named_Snaps/catena.png</image><titleshot>~/../thumbs/APF - MP-1000/Named_Titles/catena.png</titleshot><thumbnail>~/../thumbs/APF - MP-1000/Named_Boxarts/catena.png</thumbnail><marquee>~/../thumbs/APF - MP-1000/Named_Logos/catena.png</marquee></game>
<game><path>./APF MP-1000 Merged/catenaa.zip</path><name>catenaa</name><image>~/../thumbs/APF - MP-1000/Named_Snaps/catenaa.png</image><titleshot>~/../thumbs/APF - MP-1000/Named_Titles/catenaa.png</titleshot><thumbnail>~/../thumbs/APF - MP-1000/Named_Boxarts/catenaa.png</thumbnail><marquee>~/../thumbs/APF - MP-1000/Named_Logos/catenaa.png</marquee></game>
<game><path>./APF MP-1000 Merged/chardump.zip</path><name>chardump</name><image>~/../thumbs/APF - MP-1000/Named_Snaps/chardump.png</image><titleshot>~/../thumbs/APF - MP-1000/Named_Titles/chardump.png</titleshot><thumbnail>~/../thumbs/APF - MP-1000/Named_Boxarts/chardump.png</thumbnail><marquee>~/../thumbs/APF - MP-1000/Named_Logos/chardump.png</marquee></game>
<game><path>./APF MP-1000 Merged/columns.zip</path><name>columns</name><image>~/../thumbs/APF - MP-1000/Named_Snaps/columns.png</image><titleshot>~/../thumbs/APF - MP-1000/Named_Titles/columns.png</titleshot><thumbnail>~/../thumbs/APF - MP-1000/Named_Boxarts/columns.png</thumbnail><marquee>~/../thumbs/APF - MP-1000/Named_Logos/columns.png</marquee></game>
<game><path>./APF MP-1000 Merged/ebasic.zip</path><name>ebasic</name><image>~/../thumbs/APF - MP-1000/Named_Snaps/ebasic.png</image><titleshot>~/../thumbs/APF - MP-1000/Named_Titles/ebasic.png</titleshot><thumbnail>~/../thumbs/APF - MP-1000/Named_Boxarts/ebasic.png</thumbnail><marquee>~/../thumbs/APF - MP-1000/Named_Logos/ebasic.png</marquee></game>
<game><path>./APF MP-1000 Merged/hangman.zip</path><name>hangman</name><image>~/../thumbs/APF - MP-1000/Named_Snaps/hangman.png</image><titleshot>~/../thumbs/APF - MP-1000/Named_Titles/hangman.png</titleshot><thumbnail>~/../thumbs/APF - MP-1000/Named_Boxarts/hangman.png</thumbnail><marquee>~/../thumbs/APF - MP-1000/Named_Logos/hangman.png</marquee></game>
<game><path>./APF MP-1000 Merged/mblock02.zip</path><name>mblock02</name><image>~/../thumbs/APF - MP-1000/Named_Snaps/mblock02.png</image><titleshot>~/../thumbs/APF - MP-1000/Named_Titles/mblock02.png</titleshot><thumbnail>~/../thumbs/APF - MP-1000/Named_Boxarts/mblock02.png</thumbnail><marquee>~/../thumbs/APF - MP-1000/Named_Logos/mblock02.png</marquee></game>
<game><path>./APF MP-1000 Merged/movblock.zip</path><name>movblock</name><image>~/../thumbs/APF - MP-1000/Named_Snaps/movblock.png</image><titleshot>~/../thumbs/APF - MP-1000/Named_Titles/movblock.png</titleshot><thumbnail>~/../thumbs/APF - MP-1000/Named_Boxarts/movblock.png</thumbnail><marquee>~/../thumbs/APF - MP-1000/Named_Logos/movblock.png</marquee></game>
<game><path>./APF MP-1000 Merged/pinball.zip</path><name>pinball</name><image>~/../thumbs/APF - MP-1000/Named_Snaps/pinball.png</image><titleshot>~/../thumbs/APF - MP-1000/Named_Titles/pinball.png</titleshot><thumbnail>~/../thumbs/APF - MP-1000/Named_Boxarts/pinball.png</thumbnail><marquee>~/../thumbs/APF - MP-1000/Named_Logos/pinball.png</marquee></game>
<game><path>./APF MP-1000 Merged/readpia.zip</path><name>readpia</name><image>~/../thumbs/APF - MP-1000/Named_Snaps/readpia.png</image><titleshot>~/../thumbs/APF - MP-1000/Named_Titles/readpia.png</titleshot><thumbnail>~/../thumbs/APF - MP-1000/Named_Boxarts/readpia.png</thumbnail><marquee>~/../thumbs/APF - MP-1000/Named_Logos/readpia.png</marquee></game>
<game><path>./APF MP-1000 Merged/spacedst.zip</path><name>spacedst</name><image>~/../thumbs/APF - MP-1000/Named_Snaps/spacedst.png</image><titleshot>~/../thumbs/APF - MP-1000/Named_Titles/spacedst.png</titleshot><thumbnail>~/../thumbs/APF - MP-1000/Named_Boxarts/spacedst.png</thumbnail><marquee>~/../thumbs/APF - MP-1000/Named_Logos/spacedst.png</marquee></game>
<game><path>./APF MP-1000 Merged/ufo.zip</path><name>ufo</name><image>~/../thumbs/APF - MP-1000/Named_Snaps/ufo.png</image><titleshot>~/../thumbs/APF - MP-1000/Named_Titles/ufo.png</titleshot><thumbnail>~/../thumbs/APF - MP-1000/Named_Boxarts/ufo.png</thumbnail><marquee>~/../thumbs/APF - MP-1000/Named_Logos/ufo.png</marquee></game>
<folder><path>./APF MP-1000 Merged</path><name>APF MP-1000 Merged</name><image>~/../thumb/apfm1000.png</image></folder>
<game><path>./APF MP-1000 Split/backgamm.zip</path><name>backgamm</name><image>~/../thumbs/APF - MP-1000/Named_Snaps/backgamm.png</image><titleshot>~/../thumbs/APF - MP-1000/Named_Titles/backgamm.png</titleshot><thumbnail>~/../thumbs/APF - MP-1000/Named_Boxarts/backgamm.png</thumbnail><marquee>~/../thumbs/APF - MP-1000/Named_Logos/backgamm.png</marquee></game>
<game><path>./APF MP-1000 Split/baseball.zip</path><name>baseball</name><image>~/../thumbs/APF - MP-1000/Named_Snaps/baseball.png</image><titleshot>~/../thumbs/APF - MP-1000/Named_Titles/baseball.png</titleshot><thumbnail>~/../thumbs/APF - MP-1000/Named_Boxarts/baseball.png</thumbnail><marquee>~/../thumbs/APF - MP-1000/Named_Logos/baseball.png</marquee></game>
<game><path>./APF MP-1000 Split/basic.zip</path><name>basic</name><image>~/../thumbs/APF - MP-1000/Named_Snaps/basic.png</image><titleshot>~/../thumbs/APF - MP-1000/Named_Titles/basic.png</titleshot><thumbnail>~/../thumbs/APF - MP-1000/Named_Boxarts/basic.png</thumbnail><marquee>~/../thumbs/APF - MP-1000/Named_Logos/basic.png</marquee></game>
<game><path>./APF MP-1000 Split/blckjack.zip</path><name>blckjack</name><image>~/../thumbs/APF - MP-1000/Named_Snaps/blckjack.png</image><titleshot>~/../thumbs/APF - MP-1000/Named_Titles/blckjack.png</titleshot><thumbnail>~/../thumbs/APF - MP-1000/Named_Boxarts/blckjack.png</thumbnail><marquee>~/../thumbs/APF - MP-1000/Named_Logos/blckjack.png</marquee></game>
<game><path>./APF MP-1000 Split/bowling.zip</path><name>bowling</name><image>~/../thumbs/APF - MP-1000/Named_Snaps/bowling.png</image><titleshot>~/../thumbs/APF - MP-1000/Named_Titles/bowling.png</titleshot><thumbnail>~/../thumbs/APF - MP-1000/Named_Boxarts/bowling.png</thumbnail><marquee>~/../thumbs/APF - MP-1000/Named_Logos/bowling.png</marquee></game>
<game><path>./APF MP-1000 Split/boxing.zip</path><name>boxing</name><image>~/../thumbs/APF - MP-1000/Named_Snaps/boxing.png</image><titleshot>~/../thumbs/APF - MP-1000/Named_Titles/boxing.png</titleshot><thumbnail>~/../thumbs/APF - MP-1000/Named_Boxarts/boxing.png</thumbnail><marquee>~/../thumbs/APF - MP-1000/Named_Logos/boxing.png</marquee></game>
<game><path>./APF MP-1000 Split/brickdwn.zip</path><name>brickdwn</name><image>~/../thumbs/APF - MP-1000/Named_Snaps/brickdwn.png</image><titleshot>~/../thumbs/APF - MP-1000/Named_Titles/brickdwn.png</titleshot><thumbnail>~/../thumbs/APF - MP-1000/Named_Boxarts/brickdwn.png</thumbnail><marquee>~/../thumbs/APF - MP-1000/Named_Logos/brickdwn.png</marquee></game>
<game><path>./APF MP-1000 Split/casino.zip</path><name>casino</name><image>~/../thumbs/APF - MP-1000/Named_Snaps/casino.png</image><titleshot>~/../thumbs/APF - MP-1000/Named_Titles/casino.png</titleshot><thumbnail>~/../thumbs/APF - MP-1000/Named_Boxarts/casino.png</thumbnail><marquee>~/../thumbs/APF - MP-1000/Named_Logos/casino.png</marquee></game>
<game><path>./APF MP-1000 Split/catena.zip</path><name>catena</name><image>~/../thumbs/APF - MP-1000/Named_Snaps/catena.png</image><titleshot>~/../thumbs/APF - MP-1000/Named_Titles/catena.png</titleshot><thumbnail>~/../thumbs/APF - MP-1000/Named_Boxarts/catena.png</thumbnail><marquee>~/../thumbs/APF - MP-1000/Named_Logos/catena.png</marquee></game>
<game><path>./APF MP-1000 Split/catenaa.zip</path><name>catenaa</name><image>~/../thumbs/APF - MP-1000/Named_Snaps/catenaa.png</image><titleshot>~/../thumbs/APF - MP-1000/Named_Titles/catenaa.png</titleshot><thumbnail>~/../thumbs/APF - MP-1000/Named_Boxarts/catenaa.png</thumbnail><marquee>~/../thumbs/APF - MP-1000/Named_Logos/catenaa.png</marquee></game>
<game><path>./APF MP-1000 Split/chardump.zip</path><name>chardump</name><image>~/../thumbs/APF - MP-1000/Named_Snaps/chardump.png</image><titleshot>~/../thumbs/APF - MP-1000/Named_Titles/chardump.png</titleshot><thumbnail>~/../thumbs/APF - MP-1000/Named_Boxarts/chardump.png</thumbnail><marquee>~/../thumbs/APF - MP-1000/Named_Logos/chardump.png</marquee></game>
<game><path>./APF MP-1000 Split/columns.zip</path><name>columns</name><image>~/../thumbs/APF - MP-1000/Named_Snaps/columns.png</image><titleshot>~/../thumbs/APF - MP-1000/Named_Titles/columns.png</titleshot><thumbnail>~/../thumbs/APF - MP-1000/Named_Boxarts/columns.png</thumbnail><marquee>~/../thumbs/APF - MP-1000/Named_Logos/columns.png</marquee></game>
<game><path>./APF MP-1000 Split/ebasic.zip</path><name>ebasic</name><image>~/../thumbs/APF - MP-1000/Named_Snaps/ebasic.png</image><titleshot>~/../thumbs/APF - MP-1000/Named_Titles/ebasic.png</titleshot><thumbnail>~/../thumbs/APF - MP-1000/Named_Boxarts/ebasic.png</thumbnail><marquee>~/../thumbs/APF - MP-1000/Named_Logos/ebasic.png</marquee></game>
<game><path>./APF MP-1000 Split/hangman.zip</path><name>hangman</name><image>~/../thumbs/APF - MP-1000/Named_Snaps/hangman.png</image><titleshot>~/../thumbs/APF - MP-1000/Named_Titles/hangman.png</titleshot><thumbnail>~/../thumbs/APF - MP-1000/Named_Boxarts/hangman.png</thumbnail><marquee>~/../thumbs/APF - MP-1000/Named_Logos/hangman.png</marquee></game>
<game><path>./APF MP-1000 Split/mblock02.zip</path><name>mblock02</name><image>~/../thumbs/APF - MP-1000/Named_Snaps/mblock02.png</image><titleshot>~/../thumbs/APF - MP-1000/Named_Titles/mblock02.png</titleshot><thumbnail>~/../thumbs/APF - MP-1000/Named_Boxarts/mblock02.png</thumbnail><marquee>~/../thumbs/APF - MP-1000/Named_Logos/mblock02.png</marquee></game>
<game><path>./APF MP-1000 Split/movblock.zip</path><name>movblock</name><image>~/../thumbs/APF - MP-1000/Named_Snaps/movblock.png</image><titleshot>~/../thumbs/APF - MP-1000/Named_Titles/movblock.png</titleshot><thumbnail>~/../thumbs/APF - MP-1000/Named_Boxarts/movblock.png</thumbnail><marquee>~/../thumbs/APF - MP-1000/Named_Logos/movblock.png</marquee></game>
<game><path>./APF MP-1000 Split/pinball.zip</path><name>pinball</name><image>~/../thumbs/APF - MP-1000/Named_Snaps/pinball.png</image><titleshot>~/../thumbs/APF - MP-1000/Named_Titles/pinball.png</titleshot><thumbnail>~/../thumbs/APF - MP-1000/Named_Boxarts/pinball.png</thumbnail><marquee>~/../thumbs/APF - MP-1000/Named_Logos/pinball.png</marquee></game>
<game><path>./APF MP-1000 Split/readpia.zip</path><name>readpia</name><image>~/../thumbs/APF - MP-1000/Named_Snaps/readpia.png</image><titleshot>~/../thumbs/APF - MP-1000/Named_Titles/readpia.png</titleshot><thumbnail>~/../thumbs/APF - MP-1000/Named_Boxarts/readpia.png</thumbnail><marquee>~/../thumbs/APF - MP-1000/Named_Logos/readpia.png</marquee></game>
<game><path>./APF MP-1000 Split/spacedst.zip</path><name>spacedst</name><image>~/../thumbs/APF - MP-1000/Named_Snaps/spacedst.png</image><titleshot>~/../thumbs/APF - MP-1000/Named_Titles/spacedst.png</titleshot><thumbnail>~/../thumbs/APF - MP-1000/Named_Boxarts/spacedst.png</thumbnail><marquee>~/../thumbs/APF - MP-1000/Named_Logos/spacedst.png</marquee></game>
<game><path>./APF MP-1000 Split/ufo.zip</path><name>ufo</name><image>~/../thumbs/APF - MP-1000/Named_Snaps/ufo.png</image><titleshot>~/../thumbs/APF - MP-1000/Named_Titles/ufo.png</titleshot><thumbnail>~/../thumbs/APF - MP-1000/Named_Boxarts/ufo.png</thumbnail><marquee>~/../thumbs/APF - MP-1000/Named_Logos/ufo.png</marquee></game>
<folder><path>./APF MP-1000 Split</path><name>APF MP-1000 Split</name><image>~/../thumb/apfm1000.png</image></folder>
</gameList>
