<gameList>
<game><path>./Sega Model 3/bassdx.zip</path><name>bassdx</name><image>~/../thumbs/MAME/Named_Snaps/bassdx.png</image><titleshot>~/../thumbs/MAME/Named_Titles/bassdx.png</titleshot><thumbnail>~/../thumbs/MAME/Named_Boxarts/bassdx.png</thumbnail><marquee>~/../thumbs/MAME/Named_Logos/bassdx.png</marquee></game>
<game><path>./Sega Model 3/dayto2pe.zip</path><name>dayto2pe</name><image>~/../thumbs/MAME/Named_Snaps/dayto2pe.png</image><titleshot>~/../thumbs/MAME/Named_Titles/dayto2pe.png</titleshot><thumbnail>~/../thumbs/MAME/Named_Boxarts/dayto2pe.png</thumbnail><marquee>~/../thumbs/MAME/Named_Logos/dayto2pe.png</marquee></game>
<game><path>./Sega Model 3/daytona2.zip</path><name>daytona2</name><image>~/../thumbs/MAME/Named_Snaps/daytona2.png</image><titleshot>~/../thumbs/MAME/Named_Titles/daytona2.png</titleshot><thumbnail>~/../thumbs/MAME/Named_Boxarts/daytona2.png</thumbnail><marquee>~/../thumbs/MAME/Named_Logos/daytona2.png</marquee></game>
<game><path>./Sega Model 3/dirtdvls.zip</path><name>dirtdvls</name><image>~/../thumbs/MAME/Named_Snaps/dirtdvls.png</image><titleshot>~/../thumbs/MAME/Named_Titles/dirtdvls.png</titleshot><thumbnail>~/../thumbs/MAME/Named_Boxarts/dirtdvls.png</thumbnail><marquee>~/../thumbs/MAME/Named_Logos/dirtdvls.png</marquee></game>
<game><path>./Sega Model 3/dirtdvlsau.zip</path><name>dirtdvlsau</name><image>~/../thumbs/MAME/Named_Snaps/dirtdvlsau.png</image><titleshot>~/../thumbs/MAME/Named_Titles/dirtdvlsau.png</titleshot><thumbnail>~/../thumbs/MAME/Named_Boxarts/dirtdvlsau.png</thumbnail><marquee>~/../thumbs/MAME/Named_Logos/dirtdvlsau.png</marquee></game>
<game><path>./Sega Model 3/dirtdvlsg.zip</path><name>dirtdvlsg</name><image>~/../thumbs/MAME/Named_Snaps/dirtdvlsg.png</image><titleshot>~/../thumbs/MAME/Named_Titles/dirtdvlsg.png</titleshot><thumbnail>~/../thumbs/MAME/Named_Boxarts/dirtdvlsg.png</thumbnail><marquee>~/../thumbs/MAME/Named_Logos/dirtdvlsg.png</marquee></game>
<game><path>./Sega Model 3/dirtdvlsj.zip</path><name>dirtdvlsj</name><image>~/../thumbs/MAME/Named_Snaps/dirtdvlsj.png</image><titleshot>~/../thumbs/MAME/Named_Titles/dirtdvlsj.png</titleshot><thumbnail>~/../thumbs/MAME/Named_Boxarts/dirtdvlsj.png</thumbnail><marquee>~/../thumbs/MAME/Named_Logos/dirtdvlsj.png</marquee></game>
<game><path>./Sega Model 3/dirtdvlsu.zip</path><name>dirtdvlsu</name><image>~/../thumbs/MAME/Named_Snaps/dirtdvlsu.png</image><titleshot>~/../thumbs/MAME/Named_Titles/dirtdvlsu.png</titleshot><thumbnail>~/../thumbs/MAME/Named_Boxarts/dirtdvlsu.png</thumbnail><marquee>~/../thumbs/MAME/Named_Logos/dirtdvlsu.png</marquee></game>
<game><path>./Sega Model 3/eca.zip</path><name>eca</name><image>~/../thumbs/MAME/Named_Snaps/eca.png</image><titleshot>~/../thumbs/MAME/Named_Titles/eca.png</titleshot><thumbnail>~/../thumbs/MAME/Named_Boxarts/eca.png</thumbnail><marquee>~/../thumbs/MAME/Named_Logos/eca.png</marquee></game>
<game><path>./Sega Model 3/ecaj.zip</path><name>ecaj</name><image>~/../thumbs/MAME/Named_Snaps/ecaj.png</image><titleshot>~/../thumbs/MAME/Named_Titles/ecaj.png</titleshot><thumbnail>~/../thumbs/MAME/Named_Boxarts/ecaj.png</thumbnail><marquee>~/../thumbs/MAME/Named_Logos/ecaj.png</marquee></game>
<game><path>./Sega Model 3/ecap.zip</path><name>ecap</name><image>~/../thumbs/MAME/Named_Snaps/ecap.png</image><titleshot>~/../thumbs/MAME/Named_Titles/ecap.png</titleshot><thumbnail>~/../thumbs/MAME/Named_Boxarts/ecap.png</thumbnail><marquee>~/../thumbs/MAME/Named_Logos/ecap.png</marquee></game>
<game><path>./Sega Model 3/ecau.zip</path><name>ecau</name><image>~/../thumbs/MAME/Named_Snaps/ecau.png</image><titleshot>~/../thumbs/MAME/Named_Titles/ecau.png</titleshot><thumbnail>~/../thumbs/MAME/Named_Boxarts/ecau.png</thumbnail><marquee>~/../thumbs/MAME/Named_Logos/ecau.png</marquee></game>
<game><path>./Sega Model 3/fvipers2.zip</path><name>fvipers2</name><image>~/../thumbs/MAME/Named_Snaps/fvipers2.png</image><titleshot>~/../thumbs/MAME/Named_Titles/fvipers2.png</titleshot><thumbnail>~/../thumbs/MAME/Named_Boxarts/fvipers2.png</thumbnail><marquee>~/../thumbs/MAME/Named_Logos/fvipers2.png</marquee></game>
<game><path>./Sega Model 3/fvipers2o.zip</path><name>fvipers2o</name><image>~/../thumbs/MAME/Named_Snaps/fvipers2o.png</image><titleshot>~/../thumbs/MAME/Named_Titles/fvipers2o.png</titleshot><thumbnail>~/../thumbs/MAME/Named_Boxarts/fvipers2o.png</thumbnail><marquee>~/../thumbs/MAME/Named_Logos/fvipers2o.png</marquee></game>
<game><path>./Sega Model 3/getbass.zip</path><name>getbass</name><image>~/../thumbs/MAME/Named_Snaps/getbass.png</image><titleshot>~/../thumbs/MAME/Named_Titles/getbass.png</titleshot><thumbnail>~/../thumbs/MAME/Named_Boxarts/getbass.png</thumbnail><marquee>~/../thumbs/MAME/Named_Logos/getbass.png</marquee></game>
<game><path>./Sega Model 3/getbassdx.zip</path><name>getbassdx</name><image>~/../thumbs/MAME/Named_Snaps/getbassdx.png</image><titleshot>~/../thumbs/MAME/Named_Titles/getbassdx.png</titleshot><thumbnail>~/../thumbs/MAME/Named_Boxarts/getbassdx.png</thumbnail><marquee>~/../thumbs/MAME/Named_Logos/getbassdx.png</marquee></game>
<game><path>./Sega Model 3/getbassur.zip</path><name>getbassur</name><image>~/../thumbs/MAME/Named_Snaps/getbassur.png</image><titleshot>~/../thumbs/MAME/Named_Titles/getbassur.png</titleshot><thumbnail>~/../thumbs/MAME/Named_Boxarts/getbassur.png</thumbnail><marquee>~/../thumbs/MAME/Named_Logos/getbassur.png</marquee></game>
<game><path>./Sega Model 3/harley.zip</path><name>harley</name><image>~/../thumbs/MAME/Named_Snaps/harley.png</image><titleshot>~/../thumbs/MAME/Named_Titles/harley.png</titleshot><thumbnail>~/../thumbs/MAME/Named_Boxarts/harley.png</thumbnail><marquee>~/../thumbs/MAME/Named_Logos/harley.png</marquee></game>
<game><path>./Sega Model 3/harleya.zip</path><name>harleya</name><image>~/../thumbs/MAME/Named_Snaps/harleya.png</image><titleshot>~/../thumbs/MAME/Named_Titles/harleya.png</titleshot><thumbnail>~/../thumbs/MAME/Named_Boxarts/harleya.png</thumbnail><marquee>~/../thumbs/MAME/Named_Logos/harleya.png</marquee></game>
<game><path>./Sega Model 3/lamachin.zip</path><name>lamachin</name><image>~/../thumbs/MAME/Named_Snaps/lamachin.png</image><titleshot>~/../thumbs/MAME/Named_Titles/lamachin.png</titleshot><thumbnail>~/../thumbs/MAME/Named_Boxarts/lamachin.png</thumbnail><marquee>~/../thumbs/MAME/Named_Logos/lamachin.png</marquee></game>
<game><path>./Sega Model 3/lemans24.zip</path><name>lemans24</name><image>~/../thumbs/MAME/Named_Snaps/lemans24.png</image><titleshot>~/../thumbs/MAME/Named_Titles/lemans24.png</titleshot><thumbnail>~/../thumbs/MAME/Named_Boxarts/lemans24.png</thumbnail><marquee>~/../thumbs/MAME/Named_Logos/lemans24.png</marquee></game>
<game><path>./Sega Model 3/lostwsga.zip</path><name>lostwsga</name><image>~/../thumbs/MAME/Named_Snaps/lostwsga.png</image><titleshot>~/../thumbs/MAME/Named_Titles/lostwsga.png</titleshot><thumbnail>~/../thumbs/MAME/Named_Boxarts/lostwsga.png</thumbnail><marquee>~/../thumbs/MAME/Named_Logos/lostwsga.png</marquee></game>
<game><path>./Sega Model 3/lostwsgp.zip</path><name>lostwsgp</name><image>~/../thumbs/MAME/Named_Snaps/lostwsgp.png</image><titleshot>~/../thumbs/MAME/Named_Titles/lostwsgp.png</titleshot><thumbnail>~/../thumbs/MAME/Named_Boxarts/lostwsgp.png</thumbnail><marquee>~/../thumbs/MAME/Named_Logos/lostwsgp.png</marquee></game>
<game><path>./Sega Model 3/magtruck.zip</path><name>magtruck</name><image>~/../thumbs/MAME/Named_Snaps/magtruck.png</image><titleshot>~/../thumbs/MAME/Named_Titles/magtruck.png</titleshot><thumbnail>~/../thumbs/MAME/Named_Boxarts/magtruck.png</thumbnail><marquee>~/../thumbs/MAME/Named_Logos/magtruck.png</marquee></game>
<game><path>./Sega Model 3/mgtrkbad.zip</path><name>mgtrkbad</name><image>~/../thumbs/MAME/Named_Snaps/mgtrkbad.png</image><titleshot>~/../thumbs/MAME/Named_Titles/mgtrkbad.png</titleshot><thumbnail>~/../thumbs/MAME/Named_Boxarts/mgtrkbad.png</thumbnail><marquee>~/../thumbs/MAME/Named_Logos/mgtrkbad.png</marquee></game>
<game><path>./Sega Model 3/oceanhun.zip</path><name>oceanhun</name><image>~/../thumbs/MAME/Named_Snaps/oceanhun.png</image><titleshot>~/../thumbs/MAME/Named_Titles/oceanhun.png</titleshot><thumbnail>~/../thumbs/MAME/Named_Boxarts/oceanhun.png</thumbnail><marquee>~/../thumbs/MAME/Named_Logos/oceanhun.png</marquee></game>
<game><path>./Sega Model 3/oceanhuna.zip</path><name>oceanhuna</name><image>~/../thumbs/MAME/Named_Snaps/oceanhuna.png</image><titleshot>~/../thumbs/MAME/Named_Titles/oceanhuna.png</titleshot><thumbnail>~/../thumbs/MAME/Named_Boxarts/oceanhuna.png</thumbnail><marquee>~/../thumbs/MAME/Named_Logos/oceanhuna.png</marquee></game>
<game><path>./Sega Model 3/scud.zip</path><name>scud</name><image>~/../thumbs/MAME/Named_Snaps/scud.png</image><titleshot>~/../thumbs/MAME/Named_Titles/scud.png</titleshot><thumbnail>~/../thumbs/MAME/Named_Boxarts/scud.png</thumbnail><marquee>~/../thumbs/MAME/Named_Logos/scud.png</marquee></game>
<game><path>./Sega Model 3/scudau.zip</path><name>scudau</name><image>~/../thumbs/MAME/Named_Snaps/scudau.png</image><titleshot>~/../thumbs/MAME/Named_Titles/scudau.png</titleshot><thumbnail>~/../thumbs/MAME/Named_Boxarts/scudau.png</thumbnail><marquee>~/../thumbs/MAME/Named_Logos/scudau.png</marquee></game>
<game><path>./Sega Model 3/scuddx.zip</path><name>scuddx</name><image>~/../thumbs/MAME/Named_Snaps/scuddx.png</image><titleshot>~/../thumbs/MAME/Named_Titles/scuddx.png</titleshot><thumbnail>~/../thumbs/MAME/Named_Boxarts/scuddx.png</thumbnail><marquee>~/../thumbs/MAME/Named_Logos/scuddx.png</marquee></game>
<game><path>./Sega Model 3/scuddxo.zip</path><name>scuddxo</name><image>~/../thumbs/MAME/Named_Snaps/scuddxo.png</image><titleshot>~/../thumbs/MAME/Named_Titles/scuddxo.png</titleshot><thumbnail>~/../thumbs/MAME/Named_Boxarts/scuddxo.png</thumbnail><marquee>~/../thumbs/MAME/Named_Logos/scuddxo.png</marquee></game>
<game><path>./Sega Model 3/scudplus.zip</path><name>scudplus</name><image>~/../thumbs/MAME/Named_Snaps/scudplus.png</image><titleshot>~/../thumbs/MAME/Named_Titles/scudplus.png</titleshot><thumbnail>~/../thumbs/MAME/Named_Boxarts/scudplus.png</thumbnail><marquee>~/../thumbs/MAME/Named_Logos/scudplus.png</marquee></game>
<game><path>./Sega Model 3/scudplusa.zip</path><name>scudplusa</name><image>~/../thumbs/MAME/Named_Snaps/scudplusa.png</image><titleshot>~/../thumbs/MAME/Named_Titles/scudplusa.png</titleshot><thumbnail>~/../thumbs/MAME/Named_Boxarts/scudplusa.png</thumbnail><marquee>~/../thumbs/MAME/Named_Logos/scudplusa.png</marquee></game>
<game><path>./Sega Model 3/skichamp.zip</path><name>skichamp</name><image>~/../thumbs/MAME/Named_Snaps/skichamp.png</image><titleshot>~/../thumbs/MAME/Named_Titles/skichamp.png</titleshot><thumbnail>~/../thumbs/MAME/Named_Boxarts/skichamp.png</thumbnail><marquee>~/../thumbs/MAME/Named_Logos/skichamp.png</marquee></game>
<game><path>./Sega Model 3/spikeofe.zip</path><name>spikeofe</name><image>~/../thumbs/MAME/Named_Snaps/spikeofe.png</image><titleshot>~/../thumbs/MAME/Named_Titles/spikeofe.png</titleshot><thumbnail>~/../thumbs/MAME/Named_Boxarts/spikeofe.png</thumbnail><marquee>~/../thumbs/MAME/Named_Logos/spikeofe.png</marquee></game>
<game><path>./Sega Model 3/spikeout.zip</path><name>spikeout</name><image>~/../thumbs/MAME/Named_Snaps/spikeout.png</image><titleshot>~/../thumbs/MAME/Named_Titles/spikeout.png</titleshot><thumbnail>~/../thumbs/MAME/Named_Boxarts/spikeout.png</thumbnail><marquee>~/../thumbs/MAME/Named_Logos/spikeout.png</marquee></game>
<game><path>./Sega Model 3/srally2.zip</path><name>srally2</name><image>~/../thumbs/MAME/Named_Snaps/srally2.png</image><titleshot>~/../thumbs/MAME/Named_Titles/srally2.png</titleshot><thumbnail>~/../thumbs/MAME/Named_Boxarts/srally2.png</thumbnail><marquee>~/../thumbs/MAME/Named_Logos/srally2.png</marquee></game>
<game><path>./Sega Model 3/srally2dx.zip</path><name>srally2dx</name><image>~/../thumbs/MAME/Named_Snaps/srally2dx.png</image><titleshot>~/../thumbs/MAME/Named_Titles/srally2dx.png</titleshot><thumbnail>~/../thumbs/MAME/Named_Boxarts/srally2dx.png</thumbnail><marquee>~/../thumbs/MAME/Named_Logos/srally2dx.png</marquee></game>
<game><path>./Sega Model 3/srally2p.zip</path><name>srally2p</name><image>~/../thumbs/MAME/Named_Snaps/srally2p.png</image><titleshot>~/../thumbs/MAME/Named_Titles/srally2p.png</titleshot><thumbnail>~/../thumbs/MAME/Named_Boxarts/srally2p.png</thumbnail><marquee>~/../thumbs/MAME/Named_Logos/srally2p.png</marquee></game>
<game><path>./Sega Model 3/srally2pa.zip</path><name>srally2pa</name><image>~/../thumbs/MAME/Named_Snaps/srally2pa.png</image><titleshot>~/../thumbs/MAME/Named_Titles/srally2pa.png</titleshot><thumbnail>~/../thumbs/MAME/Named_Boxarts/srally2pa.png</thumbnail><marquee>~/../thumbs/MAME/Named_Logos/srally2pa.png</marquee></game>
<game><path>./Sega Model 3/swtrilgy.zip</path><name>swtrilgy</name><image>~/../thumbs/MAME/Named_Snaps/swtrilgy.png</image><titleshot>~/../thumbs/MAME/Named_Titles/swtrilgy.png</titleshot><thumbnail>~/../thumbs/MAME/Named_Boxarts/swtrilgy.png</thumbnail><marquee>~/../thumbs/MAME/Named_Logos/swtrilgy.png</marquee></game>
<game><path>./Sega Model 3/swtrilgya.zip</path><name>swtrilgya</name><image>~/../thumbs/MAME/Named_Snaps/swtrilgya.png</image><titleshot>~/../thumbs/MAME/Named_Titles/swtrilgya.png</titleshot><thumbnail>~/../thumbs/MAME/Named_Boxarts/swtrilgya.png</thumbnail><marquee>~/../thumbs/MAME/Named_Logos/swtrilgya.png</marquee></game>
<game><path>./Sega Model 3/swtrilgyp.zip</path><name>swtrilgyp</name><image>~/../thumbs/MAME/Named_Snaps/swtrilgyp.png</image><titleshot>~/../thumbs/MAME/Named_Titles/swtrilgyp.png</titleshot><thumbnail>~/../thumbs/MAME/Named_Boxarts/swtrilgyp.png</thumbnail><marquee>~/../thumbs/MAME/Named_Logos/swtrilgyp.png</marquee></game>
<game><path>./Sega Model 3/vf3.zip</path><name>vf3</name><image>~/../thumbs/MAME/Named_Snaps/vf3.png</image><titleshot>~/../thumbs/MAME/Named_Titles/vf3.png</titleshot><thumbnail>~/../thumbs/MAME/Named_Boxarts/vf3.png</thumbnail><marquee>~/../thumbs/MAME/Named_Logos/vf3.png</marquee></game>
<game><path>./Sega Model 3/vf3a.zip</path><name>vf3a</name><image>~/../thumbs/MAME/Named_Snaps/vf3a.png</image><titleshot>~/../thumbs/MAME/Named_Titles/vf3a.png</titleshot><thumbnail>~/../thumbs/MAME/Named_Boxarts/vf3a.png</thumbnail><marquee>~/../thumbs/MAME/Named_Logos/vf3a.png</marquee></game>
<game><path>./Sega Model 3/vf3c.zip</path><name>vf3c</name><image>~/../thumbs/MAME/Named_Snaps/vf3c.png</image><titleshot>~/../thumbs/MAME/Named_Titles/vf3c.png</titleshot><thumbnail>~/../thumbs/MAME/Named_Boxarts/vf3c.png</thumbnail><marquee>~/../thumbs/MAME/Named_Logos/vf3c.png</marquee></game>
<game><path>./Sega Model 3/vf3tb.zip</path><name>vf3tb</name><image>~/../thumbs/MAME/Named_Snaps/vf3tb.png</image><titleshot>~/../thumbs/MAME/Named_Titles/vf3tb.png</titleshot><thumbnail>~/../thumbs/MAME/Named_Boxarts/vf3tb.png</thumbnail><marquee>~/../thumbs/MAME/Named_Logos/vf3tb.png</marquee></game>
<game><path>./Sega Model 3/von2.zip</path><name>von2</name><image>~/../thumbs/MAME/Named_Snaps/von2.png</image><titleshot>~/../thumbs/MAME/Named_Titles/von2.png</titleshot><thumbnail>~/../thumbs/MAME/Named_Boxarts/von2.png</thumbnail><marquee>~/../thumbs/MAME/Named_Logos/von2.png</marquee></game>
<game><path>./Sega Model 3/von254g.zip</path><name>von254g</name><image>~/../thumbs/MAME/Named_Snaps/von254g.png</image><titleshot>~/../thumbs/MAME/Named_Titles/von254g.png</titleshot><thumbnail>~/../thumbs/MAME/Named_Boxarts/von254g.png</thumbnail><marquee>~/../thumbs/MAME/Named_Logos/von254g.png</marquee></game>
<game><path>./Sega Model 3/von2a.zip</path><name>von2a</name><image>~/../thumbs/MAME/Named_Snaps/von2a.png</image><titleshot>~/../thumbs/MAME/Named_Titles/von2a.png</titleshot><thumbnail>~/../thumbs/MAME/Named_Boxarts/von2a.png</thumbnail><marquee>~/../thumbs/MAME/Named_Logos/von2a.png</marquee></game>
<game><path>./Sega Model 3/von2o.zip</path><name>von2o</name><image>~/../thumbs/MAME/Named_Snaps/von2o.png</image><titleshot>~/../thumbs/MAME/Named_Titles/von2o.png</titleshot><thumbnail>~/../thumbs/MAME/Named_Boxarts/von2o.png</thumbnail><marquee>~/../thumbs/MAME/Named_Logos/von2o.png</marquee></game>
<game><path>./Sega Model 3/vs2.zip</path><name>vs2</name><image>~/../thumbs/MAME/Named_Snaps/vs2.png</image><titleshot>~/../thumbs/MAME/Named_Titles/vs2.png</titleshot><thumbnail>~/../thumbs/MAME/Named_Boxarts/vs2.png</thumbnail><marquee>~/../thumbs/MAME/Named_Logos/vs2.png</marquee></game>
<game><path>./Sega Model 3/vs215.zip</path><name>vs215</name><image>~/../thumbs/MAME/Named_Snaps/vs215.png</image><titleshot>~/../thumbs/MAME/Named_Titles/vs215.png</titleshot><thumbnail>~/../thumbs/MAME/Named_Boxarts/vs215.png</thumbnail><marquee>~/../thumbs/MAME/Named_Logos/vs215.png</marquee></game>
<game><path>./Sega Model 3/vs215o.zip</path><name>vs215o</name><image>~/../thumbs/MAME/Named_Snaps/vs215o.png</image><titleshot>~/../thumbs/MAME/Named_Titles/vs215o.png</titleshot><thumbnail>~/../thumbs/MAME/Named_Boxarts/vs215o.png</thumbnail><marquee>~/../thumbs/MAME/Named_Logos/vs215o.png</marquee></game>
<game><path>./Sega Model 3/vs298.zip</path><name>vs298</name><image>~/../thumbs/MAME/Named_Snaps/vs298.png</image><titleshot>~/../thumbs/MAME/Named_Titles/vs298.png</titleshot><thumbnail>~/../thumbs/MAME/Named_Boxarts/vs298.png</thumbnail><marquee>~/../thumbs/MAME/Named_Logos/vs298.png</marquee></game>
<game><path>./Sega Model 3/vs29815.zip</path><name>vs29815</name><image>~/../thumbs/MAME/Named_Snaps/vs29815.png</image><titleshot>~/../thumbs/MAME/Named_Titles/vs29815.png</titleshot><thumbnail>~/../thumbs/MAME/Named_Boxarts/vs29815.png</thumbnail><marquee>~/../thumbs/MAME/Named_Logos/vs29815.png</marquee></game>
<game><path>./Sega Model 3/vs299.zip</path><name>vs299</name><image>~/../thumbs/MAME/Named_Snaps/vs299.png</image><titleshot>~/../thumbs/MAME/Named_Titles/vs299.png</titleshot><thumbnail>~/../thumbs/MAME/Named_Boxarts/vs299.png</thumbnail><marquee>~/../thumbs/MAME/Named_Logos/vs299.png</marquee></game>
<game><path>./Sega Model 3/vs29915.zip</path><name>vs29915</name><image>~/../thumbs/MAME/Named_Snaps/vs29915.png</image><titleshot>~/../thumbs/MAME/Named_Titles/vs29915.png</titleshot><thumbnail>~/../thumbs/MAME/Named_Boxarts/vs29915.png</thumbnail><marquee>~/../thumbs/MAME/Named_Logos/vs29915.png</marquee></game>
<game><path>./Sega Model 3/vs29915a.zip</path><name>vs29915a</name><image>~/../thumbs/MAME/Named_Snaps/vs29915a.png</image><titleshot>~/../thumbs/MAME/Named_Titles/vs29915a.png</titleshot><thumbnail>~/../thumbs/MAME/Named_Boxarts/vs29915a.png</thumbnail><marquee>~/../thumbs/MAME/Named_Logos/vs29915a.png</marquee></game>
<game><path>./Sega Model 3/vs29915j.zip</path><name>vs29915j</name><image>~/../thumbs/MAME/Named_Snaps/vs29915j.png</image><titleshot>~/../thumbs/MAME/Named_Titles/vs29915j.png</titleshot><thumbnail>~/../thumbs/MAME/Named_Boxarts/vs29915j.png</thumbnail><marquee>~/../thumbs/MAME/Named_Logos/vs29915j.png</marquee></game>
<game><path>./Sega Model 3/vs299a.zip</path><name>vs299a</name><image>~/../thumbs/MAME/Named_Snaps/vs299a.png</image><titleshot>~/../thumbs/MAME/Named_Titles/vs299a.png</titleshot><thumbnail>~/../thumbs/MAME/Named_Boxarts/vs299a.png</thumbnail><marquee>~/../thumbs/MAME/Named_Logos/vs299a.png</marquee></game>
<game><path>./Sega Model 3/vs299j.zip</path><name>vs299j</name><image>~/../thumbs/MAME/Named_Snaps/vs299j.png</image><titleshot>~/../thumbs/MAME/Named_Titles/vs299j.png</titleshot><thumbnail>~/../thumbs/MAME/Named_Boxarts/vs299j.png</thumbnail><marquee>~/../thumbs/MAME/Named_Logos/vs299j.png</marquee></game>
<game><path>./Sega Model 3/vs2v991.zip</path><name>vs2v991</name><image>~/../thumbs/MAME/Named_Snaps/vs2v991.png</image><titleshot>~/../thumbs/MAME/Named_Titles/vs2v991.png</titleshot><thumbnail>~/../thumbs/MAME/Named_Boxarts/vs2v991.png</thumbnail><marquee>~/../thumbs/MAME/Named_Logos/vs2v991.png</marquee></game>
<folder><path>./Sega Model 3</path><name>Sega Model 3</name><image>~/../thumb/model3.png</image></folder>
</gameList>
