<gameList>
<folder><path>./Apple II DSK</path><name>Apple II DSK</name><image>~/../thumb/apple2.png</image></folder>
<folder><path>./Apple II WOZ</path><name>Apple II WOZ</name><image>~/../thumb/apple2.png</image></folder>
<folder><path>./Apple II Edu DSK</path><name>Apple II Edu DSK</name><image>~/../thumb/apple2.png</image></folder>
<folder><path>./Apple II Edu WOZ</path><name>Apple II Edu WOZ</name><image>~/../thumb/apple2.png</image></folder>
<folder><path>./Apple II App DSK</path><name>Apple II App DSK</name><image>~/../thumb/apple2.png</image></folder>
<folder><path>./Apple II App WOZ</path><name>Apple II App WOZ</name><image>~/../thumb/apple2.png</image></folder>
</gameList>
