<gameList>
<game><path>./Super Acan NoIntro/Boom Zoo (Taiwan).zip</path><name>Boom Zoo (Taiwan)</name><image>~/../thumbs/Funtech - Super Acan/Named_Snaps/Boom Zoo (Taiwan).png</image><titleshot>~/../thumbs/Funtech - Super Acan/Named_Titles/Boom Zoo (Taiwan).png</titleshot><thumbnail>~/../thumbs/Funtech - Super Acan/Named_Boxarts/Boom Zoo (Taiwan).png</thumbnail><marquee>~/../thumbs/Funtech - Super Acan/Named_Logos/Boom Zoo (Taiwan).png</marquee></game>
<game><path>./Super Acan NoIntro/Formosa Duel (Taiwan).zip</path><name>Formosa Duel (Taiwan)</name><image>~/../thumbs/Funtech - Super Acan/Named_Snaps/Formosa Duel (Taiwan).png</image><titleshot>~/../thumbs/Funtech - Super Acan/Named_Titles/Formosa Duel (Taiwan).png</titleshot><thumbnail>~/../thumbs/Funtech - Super Acan/Named_Boxarts/Formosa Duel (Taiwan).png</thumbnail><marquee>~/../thumbs/Funtech - Super Acan/Named_Logos/Formosa Duel (Taiwan).png</marquee></game>
<game><path>./Super Acan NoIntro/Gambling Lord (Taiwan).zip</path><name>Gambling Lord (Taiwan)</name><image>~/../thumbs/Funtech - Super Acan/Named_Snaps/Gambling Lord (Taiwan).png</image><titleshot>~/../thumbs/Funtech - Super Acan/Named_Titles/Gambling Lord (Taiwan).png</titleshot><thumbnail>~/../thumbs/Funtech - Super Acan/Named_Boxarts/Gambling Lord (Taiwan).png</thumbnail><marquee>~/../thumbs/Funtech - Super Acan/Named_Logos/Gambling Lord (Taiwan).png</marquee></game>
<game><path>./Super Acan NoIntro/Journey to the Laugh (Taiwan).zip</path><name>Journey to the Laugh (Taiwan)</name><image>~/../thumbs/Funtech - Super Acan/Named_Snaps/Journey to the Laugh (Taiwan).png</image><titleshot>~/../thumbs/Funtech - Super Acan/Named_Titles/Journey to the Laugh (Taiwan).png</titleshot><thumbnail>~/../thumbs/Funtech - Super Acan/Named_Boxarts/Journey to the Laugh (Taiwan).png</thumbnail><marquee>~/../thumbs/Funtech - Super Acan/Named_Logos/Journey to the Laugh (Taiwan).png</marquee></game>
<game><path>./Super Acan NoIntro/Magical Pool (Taiwan).zip</path><name>Magical Pool (Taiwan)</name><image>~/../thumbs/Funtech - Super Acan/Named_Snaps/Magical Pool (Taiwan).png</image><titleshot>~/../thumbs/Funtech - Super Acan/Named_Titles/Magical Pool (Taiwan).png</titleshot><thumbnail>~/../thumbs/Funtech - Super Acan/Named_Boxarts/Magical Pool (Taiwan).png</thumbnail><marquee>~/../thumbs/Funtech - Super Acan/Named_Logos/Magical Pool (Taiwan).png</marquee></game>
<game><path>./Super Acan NoIntro/Monopoly - Adventure in Africa (Taiwan).zip</path><name>Monopoly - Adventure in Africa (Taiwan)</name><image>~/../thumbs/Funtech - Super Acan/Named_Snaps/Monopoly - Adventure in Africa (Taiwan).png</image><titleshot>~/../thumbs/Funtech - Super Acan/Named_Titles/Monopoly - Adventure in Africa (Taiwan).png</titleshot><thumbnail>~/../thumbs/Funtech - Super Acan/Named_Boxarts/Monopoly - Adventure in Africa (Taiwan).png</thumbnail><marquee>~/../thumbs/Funtech - Super Acan/Named_Logos/Monopoly - Adventure in Africa (Taiwan).png</marquee></game>
<game><path>./Super Acan NoIntro/Sango Fighter (Taiwan).zip</path><name>Sango Fighter (Taiwan)</name><image>~/../thumbs/Funtech - Super Acan/Named_Snaps/Sango Fighter (Taiwan).png</image><titleshot>~/../thumbs/Funtech - Super Acan/Named_Titles/Sango Fighter (Taiwan).png</titleshot><thumbnail>~/../thumbs/Funtech - Super Acan/Named_Boxarts/Sango Fighter (Taiwan).png</thumbnail><marquee>~/../thumbs/Funtech - Super Acan/Named_Logos/Sango Fighter (Taiwan).png</marquee></game>
<game><path>./Super Acan NoIntro/Speedy Dragon (Taiwan).zip</path><name>Speedy Dragon (Taiwan)</name><image>~/../thumbs/Funtech - Super Acan/Named_Snaps/Speedy Dragon (Taiwan).png</image><titleshot>~/../thumbs/Funtech - Super Acan/Named_Titles/Speedy Dragon (Taiwan).png</titleshot><thumbnail>~/../thumbs/Funtech - Super Acan/Named_Boxarts/Speedy Dragon (Taiwan).png</thumbnail><marquee>~/../thumbs/Funtech - Super Acan/Named_Logos/Speedy Dragon (Taiwan).png</marquee></game>
<game><path>./Super Acan NoIntro/Super Dragon Force (Taiwan).zip</path><name>Super Dragon Force (Taiwan)</name><image>~/../thumbs/Funtech - Super Acan/Named_Snaps/Super Dragon Force (Taiwan).png</image><titleshot>~/../thumbs/Funtech - Super Acan/Named_Titles/Super Dragon Force (Taiwan).png</titleshot><thumbnail>~/../thumbs/Funtech - Super Acan/Named_Boxarts/Super Dragon Force (Taiwan).png</thumbnail><marquee>~/../thumbs/Funtech - Super Acan/Named_Logos/Super Dragon Force (Taiwan).png</marquee></game>
<game><path>./Super Acan NoIntro/Super Taiwanese Baseball League (Taiwan).zip</path><name>Super Taiwanese Baseball League (Taiwan)</name><image>~/../thumbs/Funtech - Super Acan/Named_Snaps/Super Taiwanese Baseball League (Taiwan).png</image><titleshot>~/../thumbs/Funtech - Super Acan/Named_Titles/Super Taiwanese Baseball League (Taiwan).png</titleshot><thumbnail>~/../thumbs/Funtech - Super Acan/Named_Boxarts/Super Taiwanese Baseball League (Taiwan).png</thumbnail><marquee>~/../thumbs/Funtech - Super Acan/Named_Logos/Super Taiwanese Baseball League (Taiwan).png</marquee></game>
<game><path>./Super Acan NoIntro/The Son of Evil (Taiwan).zip</path><name>The Son of Evil (Taiwan)</name><image>~/../thumbs/Funtech - Super Acan/Named_Snaps/The Son of Evil (Taiwan).png</image><titleshot>~/../thumbs/Funtech - Super Acan/Named_Titles/The Son of Evil (Taiwan).png</titleshot><thumbnail>~/../thumbs/Funtech - Super Acan/Named_Boxarts/The Son of Evil (Taiwan).png</thumbnail><marquee>~/../thumbs/Funtech - Super Acan/Named_Logos/The Son of Evil (Taiwan).png</marquee></game>
<folder><path>./Super Acan NoIntro</path><name>Super Acan NoIntro</name><image>~/../thumb/supracan.png</image></folder>
<game><path>./Super Acan TOSEC//home/runner/rom/TOSEC/Funtech/Super A'can/Games/Funtech Super A'can - Games.zip</path><name>/home/runner/rom/TOSEC/Funtech/Super A'can/Games/Funtech Super A'can - Games</name><image>~/../thumbs/Funtech - Super Acan/Named_Snaps//home/runner/rom/TOSEC/Funtech/Super A'can/Games/Funtech Super A'can - Games.png</image><titleshot>~/../thumbs/Funtech - Super Acan/Named_Titles//home/runner/rom/TOSEC/Funtech/Super A'can/Games/Funtech Super A'can - Games.png</titleshot><thumbnail>~/../thumbs/Funtech - Super Acan/Named_Boxarts//home/runner/rom/TOSEC/Funtech/Super A'can/Games/Funtech Super A'can - Games.png</thumbnail><marquee>~/../thumbs/Funtech - Super Acan/Named_Logos//home/runner/rom/TOSEC/Funtech/Super A'can/Games/Funtech Super A'can - Games.png</marquee></game>
<folder><path>./Super Acan TOSEC</path><name>Super Acan TOSEC</name><image>~/../thumb/supracan.png</image></folder>
</gameList>
