<gameList>
<game><path>./Cart Merged/addtot.zip</path><name>addtot</name><image>~/../thumbs/Mattel - Aquarius/Named_Snaps/addtot.png</image></game>
<game><path>./Cart Merged/aqcart.zip</path><name>aqcart</name><image>~/../thumbs/Mattel - Aquarius/Named_Snaps/aqcart.png</image></game>
<game><path>./Cart Merged/aqworm.zip</path><name>aqworm</name><image>~/../thumbs/Mattel - Aquarius/Named_Snaps/aqworm.png</image></game>
<game><path>./Cart Merged/arabiced.zip</path><name>arabiced</name><image>~/../thumbs/Mattel - Aquarius/Named_Snaps/arabiced.png</image></game>
<game><path>./Cart Merged/astrsmah.zip</path><name>astrsmah</name><image>~/../thumbs/Mattel - Aquarius/Named_Snaps/astrsmah.png</image></game>
<game><path>./Cart Merged/biorhtms.zip</path><name>biorhtms</name><image>~/../thumbs/Mattel - Aquarius/Named_Snaps/biorhtms.png</image></game>
<game><path>./Cart Merged/blbasic.zip</path><name>blbasic</name><image>~/../thumbs/Mattel - Aquarius/Named_Snaps/blbasic.png</image></game>
<game><path>./Cart Merged/blbird.zip</path><name>blbird</name><image>~/../thumbs/Mattel - Aquarius/Named_Snaps/blbird.png</image></game>
<game><path>./Cart Merged/bombc.zip</path><name>bombc</name><image>~/../thumbs/Mattel - Aquarius/Named_Snaps/bombc.png</image></game>
<game><path>./Cart Merged/btime.zip</path><name>btime</name><image>~/../thumbs/Mattel - Aquarius/Named_Snaps/btime.png</image></game>
<game><path>./Cart Merged/c1541os.zip</path><name>c1541os</name><image>~/../thumbs/Mattel - Aquarius/Named_Snaps/c1541os.png</image></game>
<game><path>./Cart Merged/chess.zip</path><name>chess</name><image>~/../thumbs/Mattel - Aquarius/Named_Snaps/chess.png</image></game>
<game><path>./Cart Merged/demo.zip</path><name>demo</name><image>~/../thumbs/Mattel - Aquarius/Named_Snaps/demo.png</image></game>
<game><path>./Cart Merged/ebasic.zip</path><name>ebasic</name><image>~/../thumbs/Mattel - Aquarius/Named_Snaps/ebasic.png</image></game>
<game><path>./Cart Merged/fileform.zip</path><name>fileform</name><image>~/../thumbs/Mattel - Aquarius/Named_Snaps/fileform.png</image></game>
<game><path>./Cart Merged/finform.zip</path><name>finform</name><image>~/../thumbs/Mattel - Aquarius/Named_Snaps/finform.png</image></game>
<game><path>./Cart Merged/logo.zip</path><name>logo</name><image>~/../thumbs/Mattel - Aquarius/Named_Snaps/logo.png</image></game>
<game><path>./Cart Merged/melchase.zip</path><name>melchase</name><image>~/../thumbs/Mattel - Aquarius/Named_Snaps/melchase.png</image></game>
<game><path>./Cart Merged/minidiag.zip</path><name>minidiag</name><image>~/../thumbs/Mattel - Aquarius/Named_Snaps/minidiag.png</image></game>
<game><path>./Cart Merged/modem.zip</path><name>modem</name><image>~/../thumbs/Mattel - Aquarius/Named_Snaps/modem.png</image></game>
<game><path>./Cart Merged/nstalker.zip</path><name>nstalker</name><image>~/../thumbs/Mattel - Aquarius/Named_Snaps/nstalker.png</image></game>
<game><path>./Cart Merged/qdisk.zip</path><name>qdisk</name><image>~/../thumbs/Mattel - Aquarius/Named_Snaps/qdisk.png</image></game>
<game><path>./Cart Merged/shark.zip</path><name>shark</name><image>~/../thumbs/Mattel - Aquarius/Named_Snaps/shark.png</image></game>
<game><path>./Cart Merged/snafu.zip</path><name>snafu</name><image>~/../thumbs/Mattel - Aquarius/Named_Snaps/snafu.png</image></game>
<game><path>./Cart Merged/speller.zip</path><name>speller</name><image>~/../thumbs/Mattel - Aquarius/Named_Snaps/speller.png</image></game>
<game><path>./Cart Merged/tron.zip</path><name>tron</name><image>~/../thumbs/Mattel - Aquarius/Named_Snaps/tron.png</image></game>
<game><path>./Cart Merged/utopia.zip</path><name>utopia</name><image>~/../thumbs/Mattel - Aquarius/Named_Snaps/utopia.png</image></game>
<game><path>./Cart Merged/word.zip</path><name>word</name><image>~/../thumbs/Mattel - Aquarius/Named_Snaps/word.png</image></game>
<game><path>./Cart Merged/zeroin.zip</path><name>zeroin</name><image>~/../thumbs/Mattel - Aquarius/Named_Snaps/zeroin.png</image></game>
<folder><path>./Cart Merged</path><name>Cart Merged</name><image>~/../thumb/aquarius.png</image></folder>
<game><path>./Cart Split/addtot.zip</path><name>addtot</name><image>~/../thumbs/Mattel - Aquarius/Named_Snaps/addtot.png</image></game>
<game><path>./Cart Split/aqcart.zip</path><name>aqcart</name><image>~/../thumbs/Mattel - Aquarius/Named_Snaps/aqcart.png</image></game>
<game><path>./Cart Split/aqworm.zip</path><name>aqworm</name><image>~/../thumbs/Mattel - Aquarius/Named_Snaps/aqworm.png</image></game>
<game><path>./Cart Split/arabiced.zip</path><name>arabiced</name><image>~/../thumbs/Mattel - Aquarius/Named_Snaps/arabiced.png</image></game>
<game><path>./Cart Split/astrsmah.zip</path><name>astrsmah</name><image>~/../thumbs/Mattel - Aquarius/Named_Snaps/astrsmah.png</image></game>
<game><path>./Cart Split/biorhtms.zip</path><name>biorhtms</name><image>~/../thumbs/Mattel - Aquarius/Named_Snaps/biorhtms.png</image></game>
<game><path>./Cart Split/blbasic.zip</path><name>blbasic</name><image>~/../thumbs/Mattel - Aquarius/Named_Snaps/blbasic.png</image></game>
<game><path>./Cart Split/blbasic10.zip</path><name>blbasic10</name><image>~/../thumbs/Mattel - Aquarius/Named_Snaps/blbasic10.png</image></game>
<game><path>./Cart Split/blbasic11.zip</path><name>blbasic11</name><image>~/../thumbs/Mattel - Aquarius/Named_Snaps/blbasic11.png</image></game>
<game><path>./Cart Split/blbasic20.zip</path><name>blbasic20</name><image>~/../thumbs/Mattel - Aquarius/Named_Snaps/blbasic20.png</image></game>
<game><path>./Cart Split/blbird.zip</path><name>blbird</name><image>~/../thumbs/Mattel - Aquarius/Named_Snaps/blbird.png</image></game>
<game><path>./Cart Split/bombc.zip</path><name>bombc</name><image>~/../thumbs/Mattel - Aquarius/Named_Snaps/bombc.png</image></game>
<game><path>./Cart Split/bombc4.zip</path><name>bombc4</name><image>~/../thumbs/Mattel - Aquarius/Named_Snaps/bombc4.png</image></game>
<game><path>./Cart Split/bombc8.zip</path><name>bombc8</name><image>~/../thumbs/Mattel - Aquarius/Named_Snaps/bombc8.png</image></game>
<game><path>./Cart Split/btime.zip</path><name>btime</name><image>~/../thumbs/Mattel - Aquarius/Named_Snaps/btime.png</image></game>
<game><path>./Cart Split/c1541os.zip</path><name>c1541os</name><image>~/../thumbs/Mattel - Aquarius/Named_Snaps/c1541os.png</image></game>
<game><path>./Cart Split/chess.zip</path><name>chess</name><image>~/../thumbs/Mattel - Aquarius/Named_Snaps/chess.png</image></game>
<game><path>./Cart Split/demo.zip</path><name>demo</name><image>~/../thumbs/Mattel - Aquarius/Named_Snaps/demo.png</image></game>
<game><path>./Cart Split/ebasic.zip</path><name>ebasic</name><image>~/../thumbs/Mattel - Aquarius/Named_Snaps/ebasic.png</image></game>
<game><path>./Cart Split/fileform.zip</path><name>fileform</name><image>~/../thumbs/Mattel - Aquarius/Named_Snaps/fileform.png</image></game>
<game><path>./Cart Split/finform.zip</path><name>finform</name><image>~/../thumbs/Mattel - Aquarius/Named_Snaps/finform.png</image></game>
<game><path>./Cart Split/logo.zip</path><name>logo</name><image>~/../thumbs/Mattel - Aquarius/Named_Snaps/logo.png</image></game>
<game><path>./Cart Split/melchase.zip</path><name>melchase</name><image>~/../thumbs/Mattel - Aquarius/Named_Snaps/melchase.png</image></game>
<game><path>./Cart Split/minidiag.zip</path><name>minidiag</name><image>~/../thumbs/Mattel - Aquarius/Named_Snaps/minidiag.png</image></game>
<game><path>./Cart Split/modem.zip</path><name>modem</name><image>~/../thumbs/Mattel - Aquarius/Named_Snaps/modem.png</image></game>
<game><path>./Cart Split/nstalker.zip</path><name>nstalker</name><image>~/../thumbs/Mattel - Aquarius/Named_Snaps/nstalker.png</image></game>
<game><path>./Cart Split/qdisk.zip</path><name>qdisk</name><image>~/../thumbs/Mattel - Aquarius/Named_Snaps/qdisk.png</image></game>
<game><path>./Cart Split/qdisk101.zip</path><name>qdisk101</name><image>~/../thumbs/Mattel - Aquarius/Named_Snaps/qdisk101.png</image></game>
<game><path>./Cart Split/shark.zip</path><name>shark</name><image>~/../thumbs/Mattel - Aquarius/Named_Snaps/shark.png</image></game>
<game><path>./Cart Split/snafu.zip</path><name>snafu</name><image>~/../thumbs/Mattel - Aquarius/Named_Snaps/snafu.png</image></game>
<game><path>./Cart Split/speller.zip</path><name>speller</name><image>~/../thumbs/Mattel - Aquarius/Named_Snaps/speller.png</image></game>
<game><path>./Cart Split/tron.zip</path><name>tron</name><image>~/../thumbs/Mattel - Aquarius/Named_Snaps/tron.png</image></game>
<game><path>./Cart Split/utopia.zip</path><name>utopia</name><image>~/../thumbs/Mattel - Aquarius/Named_Snaps/utopia.png</image></game>
<game><path>./Cart Split/word.zip</path><name>word</name><image>~/../thumbs/Mattel - Aquarius/Named_Snaps/word.png</image></game>
<game><path>./Cart Split/zeroin.zip</path><name>zeroin</name><image>~/../thumbs/Mattel - Aquarius/Named_Snaps/zeroin.png</image></game>
<folder><path>./Cart Split</path><name>Cart Split</name><image>~/../thumb/aquarius.png</image></folder>
<game><path>./Cass Merged/3dbzone.zip</path><name>3dbzone</name><image>~/../thumbs/Mattel - Aquarius/Named_Snaps/3dbzone.png</image></game>
<game><path>./Cass Merged/adva.zip</path><name>adva</name><image>~/../thumbs/Mattel - Aquarius/Named_Snaps/adva.png</image></game>
<game><path>./Cass Merged/aliens.zip</path><name>aliens</name><image>~/../thumbs/Mattel - Aquarius/Named_Snaps/aliens.png</image></game>
<game><path>./Cass Merged/blocks.zip</path><name>blocks</name><image>~/../thumbs/Mattel - Aquarius/Named_Snaps/blocks.png</image></game>
<game><path>./Cass Merged/bounder.zip</path><name>bounder</name><image>~/../thumbs/Mattel - Aquarius/Named_Snaps/bounder.png</image></game>
<game><path>./Cass Merged/breakout.zip</path><name>breakout</name><image>~/../thumbs/Mattel - Aquarius/Named_Snaps/breakout.png</image></game>
<game><path>./Cass Merged/chess.zip</path><name>chess</name><image>~/../thumbs/Mattel - Aquarius/Named_Snaps/chess.png</image></game>
<game><path>./Cass Merged/chuckman.zip</path><name>chuckman</name><image>~/../thumbs/Mattel - Aquarius/Named_Snaps/chuckman.png</image></game>
<game><path>./Cass Merged/demo.zip</path><name>demo</name><image>~/../thumbs/Mattel - Aquarius/Named_Snaps/demo.png</image></game>
<game><path>./Cass Merged/dfender.zip</path><name>dfender</name><image>~/../thumbs/Mattel - Aquarius/Named_Snaps/dfender.png</image></game>
<game><path>./Cass Merged/disco.zip</path><name>disco</name><image>~/../thumbs/Mattel - Aquarius/Named_Snaps/disco.png</image></game>
<game><path>./Cass Merged/doomsday.zip</path><name>doomsday</name><image>~/../thumbs/Mattel - Aquarius/Named_Snaps/doomsday.png</image></game>
<game><path>./Cass Merged/edon.zip</path><name>edon</name><image>~/../thumbs/Mattel - Aquarius/Named_Snaps/edon.png</image></game>
<game><path>./Cass Merged/gamespk1.zip</path><name>gamespk1</name><image>~/../thumbs/Mattel - Aquarius/Named_Snaps/gamespk1.png</image></game>
<game><path>./Cass Merged/gamespk2.zip</path><name>gamespk2</name><image>~/../thumbs/Mattel - Aquarius/Named_Snaps/gamespk2.png</image></game>
<game><path>./Cass Merged/gamespk4.zip</path><name>gamespk4</name><image>~/../thumbs/Mattel - Aquarius/Named_Snaps/gamespk4.png</image></game>
<game><path>./Cass Merged/gridbug.zip</path><name>gridbug</name><image>~/../thumbs/Mattel - Aquarius/Named_Snaps/gridbug.png</image></game>
<game><path>./Cass Merged/invaders.zip</path><name>invaders</name><image>~/../thumbs/Mattel - Aquarius/Named_Snaps/invaders.png</image></game>
<game><path>./Cass Merged/kronos.zip</path><name>kronos</name><image>~/../thumbs/Mattel - Aquarius/Named_Snaps/kronos.png</image></game>
<game><path>./Cass Merged/mathsarm.zip</path><name>mathsarm</name><image>~/../thumbs/Mattel - Aquarius/Named_Snaps/mathsarm.png</image></game>
<game><path>./Cass Merged/mazantics.zip</path><name>mazantics</name><image>~/../thumbs/Mattel - Aquarius/Named_Snaps/mazantics.png</image></game>
<game><path>./Cass Merged/millypede.zip</path><name>millypede</name><image>~/../thumbs/Mattel - Aquarius/Named_Snaps/millypede.png</image></game>
<game><path>./Cass Merged/modem.zip</path><name>modem</name><image>~/../thumbs/Mattel - Aquarius/Named_Snaps/modem.png</image></game>
<game><path>./Cass Merged/nvaders.zip</path><name>nvaders</name><image>~/../thumbs/Mattel - Aquarius/Named_Snaps/nvaders.png</image></game>
<game><path>./Cass Merged/pacmr.zip</path><name>pacmr</name><image>~/../thumbs/Mattel - Aquarius/Named_Snaps/pacmr.png</image></game>
<game><path>./Cass Merged/phrogger.zip</path><name>phrogger</name><image>~/../thumbs/Mattel - Aquarius/Named_Snaps/phrogger.png</image></game>
<game><path>./Cass Merged/postman.zip</path><name>postman</name><image>~/../thumbs/Mattel - Aquarius/Named_Snaps/postman.png</image></game>
<game><path>./Cass Merged/pries.zip</path><name>pries</name><image>~/../thumbs/Mattel - Aquarius/Named_Snaps/pries.png</image></game>
<game><path>./Cass Merged/readit.zip</path><name>readit</name><image>~/../thumbs/Mattel - Aquarius/Named_Snaps/readit.png</image></game>
<game><path>./Cass Merged/spaceram.zip</path><name>spaceram</name><image>~/../thumbs/Mattel - Aquarius/Named_Snaps/spaceram.png</image></game>
<game><path>./Cass Merged/spellit.zip</path><name>spellit</name><image>~/../thumbs/Mattel - Aquarius/Named_Snaps/spellit.png</image></game>
<game><path>./Cass Merged/spheli.zip</path><name>spheli</name><image>~/../thumbs/Mattel - Aquarius/Named_Snaps/spheli.png</image></game>
<game><path>./Cass Merged/toh.zip</path><name>toh</name><image>~/../thumbs/Mattel - Aquarius/Named_Snaps/toh.png</image></game>
<game><path>./Cass Merged/yakfm.zip</path><name>yakfm</name><image>~/../thumbs/Mattel - Aquarius/Named_Snaps/yakfm.png</image></game>
<folder><path>./Cass Merged</path><name>Cass Merged</name><image>~/../thumb/aquarius.png</image></folder>
<game><path>./Cass Split/3dbzone.zip</path><name>3dbzone</name><image>~/../thumbs/Mattel - Aquarius/Named_Snaps/3dbzone.png</image></game>
<game><path>./Cass Split/adva.zip</path><name>adva</name><image>~/../thumbs/Mattel - Aquarius/Named_Snaps/adva.png</image></game>
<game><path>./Cass Split/aliens.zip</path><name>aliens</name><image>~/../thumbs/Mattel - Aquarius/Named_Snaps/aliens.png</image></game>
<game><path>./Cass Split/blocks.zip</path><name>blocks</name><image>~/../thumbs/Mattel - Aquarius/Named_Snaps/blocks.png</image></game>
<game><path>./Cass Split/bounder.zip</path><name>bounder</name><image>~/../thumbs/Mattel - Aquarius/Named_Snaps/bounder.png</image></game>
<game><path>./Cass Split/breakout.zip</path><name>breakout</name><image>~/../thumbs/Mattel - Aquarius/Named_Snaps/breakout.png</image></game>
<game><path>./Cass Split/chess.zip</path><name>chess</name><image>~/../thumbs/Mattel - Aquarius/Named_Snaps/chess.png</image></game>
<game><path>./Cass Split/chuckman.zip</path><name>chuckman</name><image>~/../thumbs/Mattel - Aquarius/Named_Snaps/chuckman.png</image></game>
<game><path>./Cass Split/demo.zip</path><name>demo</name><image>~/../thumbs/Mattel - Aquarius/Named_Snaps/demo.png</image></game>
<game><path>./Cass Split/dfender.zip</path><name>dfender</name><image>~/../thumbs/Mattel - Aquarius/Named_Snaps/dfender.png</image></game>
<game><path>./Cass Split/dfendera.zip</path><name>dfendera</name><image>~/../thumbs/Mattel - Aquarius/Named_Snaps/dfendera.png</image></game>
<game><path>./Cass Split/disco.zip</path><name>disco</name><image>~/../thumbs/Mattel - Aquarius/Named_Snaps/disco.png</image></game>
<game><path>./Cass Split/doomsday.zip</path><name>doomsday</name><image>~/../thumbs/Mattel - Aquarius/Named_Snaps/doomsday.png</image></game>
<game><path>./Cass Split/edon.zip</path><name>edon</name><image>~/../thumbs/Mattel - Aquarius/Named_Snaps/edon.png</image></game>
<game><path>./Cass Split/gamespk1.zip</path><name>gamespk1</name><image>~/../thumbs/Mattel - Aquarius/Named_Snaps/gamespk1.png</image></game>
<game><path>./Cass Split/gamespk2.zip</path><name>gamespk2</name><image>~/../thumbs/Mattel - Aquarius/Named_Snaps/gamespk2.png</image></game>
<game><path>./Cass Split/gamespk4.zip</path><name>gamespk4</name><image>~/../thumbs/Mattel - Aquarius/Named_Snaps/gamespk4.png</image></game>
<game><path>./Cass Split/gridbug.zip</path><name>gridbug</name><image>~/../thumbs/Mattel - Aquarius/Named_Snaps/gridbug.png</image></game>
<game><path>./Cass Split/invaders.zip</path><name>invaders</name><image>~/../thumbs/Mattel - Aquarius/Named_Snaps/invaders.png</image></game>
<game><path>./Cass Split/kronos.zip</path><name>kronos</name><image>~/../thumbs/Mattel - Aquarius/Named_Snaps/kronos.png</image></game>
<game><path>./Cass Split/mathsarm.zip</path><name>mathsarm</name><image>~/../thumbs/Mattel - Aquarius/Named_Snaps/mathsarm.png</image></game>
<game><path>./Cass Split/mazantics.zip</path><name>mazantics</name><image>~/../thumbs/Mattel - Aquarius/Named_Snaps/mazantics.png</image></game>
<game><path>./Cass Split/millypede.zip</path><name>millypede</name><image>~/../thumbs/Mattel - Aquarius/Named_Snaps/millypede.png</image></game>
<game><path>./Cass Split/modem.zip</path><name>modem</name><image>~/../thumbs/Mattel - Aquarius/Named_Snaps/modem.png</image></game>
<game><path>./Cass Split/nvaders.zip</path><name>nvaders</name><image>~/../thumbs/Mattel - Aquarius/Named_Snaps/nvaders.png</image></game>
<game><path>./Cass Split/pacmr.zip</path><name>pacmr</name><image>~/../thumbs/Mattel - Aquarius/Named_Snaps/pacmr.png</image></game>
<game><path>./Cass Split/pacmro.zip</path><name>pacmro</name><image>~/../thumbs/Mattel - Aquarius/Named_Snaps/pacmro.png</image></game>
<game><path>./Cass Split/phrogger.zip</path><name>phrogger</name><image>~/../thumbs/Mattel - Aquarius/Named_Snaps/phrogger.png</image></game>
<game><path>./Cass Split/postman.zip</path><name>postman</name><image>~/../thumbs/Mattel - Aquarius/Named_Snaps/postman.png</image></game>
<game><path>./Cass Split/pries.zip</path><name>pries</name><image>~/../thumbs/Mattel - Aquarius/Named_Snaps/pries.png</image></game>
<game><path>./Cass Split/readit.zip</path><name>readit</name><image>~/../thumbs/Mattel - Aquarius/Named_Snaps/readit.png</image></game>
<game><path>./Cass Split/spaceram.zip</path><name>spaceram</name><image>~/../thumbs/Mattel - Aquarius/Named_Snaps/spaceram.png</image></game>
<game><path>./Cass Split/spellit.zip</path><name>spellit</name><image>~/../thumbs/Mattel - Aquarius/Named_Snaps/spellit.png</image></game>
<game><path>./Cass Split/spheli.zip</path><name>spheli</name><image>~/../thumbs/Mattel - Aquarius/Named_Snaps/spheli.png</image></game>
<game><path>./Cass Split/toh.zip</path><name>toh</name><image>~/../thumbs/Mattel - Aquarius/Named_Snaps/toh.png</image></game>
<game><path>./Cass Split/yakfm.zip</path><name>yakfm</name><image>~/../thumbs/Mattel - Aquarius/Named_Snaps/yakfm.png</image></game>
<folder><path>./Cass Split</path><name>Cass Split</name><image>~/../thumb/aquarius.png</image></folder>
</gameList>
