<gameList>
<game><path>./Neo Geo Pocket NoIntro/Baseball Stars - Pocket Sports Series (Japan, Europe) (En,Ja).zip</path><name>Baseball Stars - Pocket Sports Series (Japan, Europe) (En,Ja)</name><image>~/../thumbs/SNK - Neo Geo Pocket/Named_Snaps/Baseball Stars - Pocket Sports Series (Japan, Europe).png</image><titleshot>~/../thumbs/SNK - Neo Geo Pocket/Named_Titles/Baseball Stars - Pocket Sports Series (Japan, Europe).png</titleshot><thumbnail>~/../thumbs/SNK - Neo Geo Pocket/Named_Boxarts/Baseball Stars - Pocket Sports Series (Japan, Europe).png</thumbnail><marquee>~/../thumbs/SNK - Neo Geo Pocket/Named_Logos/Baseball Stars - Pocket Sports Series (Japan, Europe).png</marquee></game>
<game><path>./Neo Geo Pocket NoIntro/King of Fighters R-1 - Pocket Fighting Series (Japan, Europe) (En,Ja).zip</path><name>King of Fighters R-1 - Pocket Fighting Series (Japan, Europe) (En,Ja)</name><image>~/../thumbs/SNK - Neo Geo Pocket/Named_Snaps/King of Fighters R-1 - Pocket Fighting Series (Japan, Europe).png</image><titleshot>~/../thumbs/SNK - Neo Geo Pocket/Named_Titles/King of Fighters R-1 - Pocket Fighting Series (Japan, Europe).png</titleshot><thumbnail>~/../thumbs/SNK - Neo Geo Pocket/Named_Boxarts/King of Fighters R-1 - Pocket Fighting Series (Japan, Europe).png</thumbnail><marquee>~/../thumbs/SNK - Neo Geo Pocket/Named_Logos/King of Fighters R-1 - Pocket Fighting Series (Japan, Europe).png</marquee></game>
<game><path>./Neo Geo Pocket NoIntro/King of Fighters R-1 - Pocket Kakutou Series & Melon-chan no Seichou Nikki (Japan) (Demo).zip</path><name>King of Fighters R-1 - Pocket Kakutou Series & Melon-chan no Seichou Nikki (Japan) (Demo)</name><image>~/../thumbs/SNK - Neo Geo Pocket/Named_Snaps/King of Fighters R-1 - Pocket Kakutou Series & Melon-chan no Seichou Nikki (Japan).png</image><titleshot>~/../thumbs/SNK - Neo Geo Pocket/Named_Titles/King of Fighters R-1 - Pocket Kakutou Series & Melon-chan no Seichou Nikki (Japan).png</titleshot><thumbnail>~/../thumbs/SNK - Neo Geo Pocket/Named_Boxarts/King of Fighters R-1 - Pocket Kakutou Series & Melon-chan no Seichou Nikki (Japan).png</thumbnail><marquee>~/../thumbs/SNK - Neo Geo Pocket/Named_Logos/King of Fighters R-1 - Pocket Kakutou Series & Melon-chan no Seichou Nikki (Japan).png</marquee></game>
<game><path>./Neo Geo Pocket NoIntro/Melon-chan no Seichou Nikki (Japan).zip</path><name>Melon-chan no Seichou Nikki (Japan)</name><image>~/../thumbs/SNK - Neo Geo Pocket/Named_Snaps/Melon-chan no Seichou Nikki (Japan).png</image><titleshot>~/../thumbs/SNK - Neo Geo Pocket/Named_Titles/Melon-chan no Seichou Nikki (Japan).png</titleshot><thumbnail>~/../thumbs/SNK - Neo Geo Pocket/Named_Boxarts/Melon-chan no Seichou Nikki (Japan).png</thumbnail><marquee>~/../thumbs/SNK - Neo Geo Pocket/Named_Logos/Melon-chan no Seichou Nikki (Japan).png</marquee></game>
<game><path>./Neo Geo Pocket NoIntro/Neo Cherry Master - Real Casino Series (Japan) (En,Ja).zip</path><name>Neo Cherry Master - Real Casino Series (Japan) (En,Ja)</name><image>~/../thumbs/SNK - Neo Geo Pocket/Named_Snaps/Neo Cherry Master - Real Casino Series (Japan).png</image><titleshot>~/../thumbs/SNK - Neo Geo Pocket/Named_Titles/Neo Cherry Master - Real Casino Series (Japan).png</titleshot><thumbnail>~/../thumbs/SNK - Neo Geo Pocket/Named_Boxarts/Neo Cherry Master - Real Casino Series (Japan).png</thumbnail><marquee>~/../thumbs/SNK - Neo Geo Pocket/Named_Logos/Neo Cherry Master - Real Casino Series (Japan).png</marquee></game>
<game><path>./Neo Geo Pocket NoIntro/NeoGeo Cup '98 (Japan, Europe) (En,Ja).zip</path><name>NeoGeo Cup '98 (Japan, Europe) (En,Ja)</name><image>~/../thumbs/SNK - Neo Geo Pocket/Named_Snaps/NeoGeo Cup '98 (Japan, Europe).png</image><titleshot>~/../thumbs/SNK - Neo Geo Pocket/Named_Titles/NeoGeo Cup '98 (Japan, Europe).png</titleshot><thumbnail>~/../thumbs/SNK - Neo Geo Pocket/Named_Boxarts/NeoGeo Cup '98 (Japan, Europe).png</thumbnail><marquee>~/../thumbs/SNK - Neo Geo Pocket/Named_Logos/NeoGeo Cup '98 (Japan, Europe).png</marquee></game>
<game><path>./Neo Geo Pocket NoIntro/Pocket Tennis - Pocket Sports Series (Japan, Europe) (En,Ja).zip</path><name>Pocket Tennis - Pocket Sports Series (Japan, Europe) (En,Ja)</name><image>~/../thumbs/SNK - Neo Geo Pocket/Named_Snaps/Pocket Tennis - Pocket Sports Series (Japan, Europe).png</image><titleshot>~/../thumbs/SNK - Neo Geo Pocket/Named_Titles/Pocket Tennis - Pocket Sports Series (Japan, Europe).png</titleshot><thumbnail>~/../thumbs/SNK - Neo Geo Pocket/Named_Boxarts/Pocket Tennis - Pocket Sports Series (Japan, Europe).png</thumbnail><marquee>~/../thumbs/SNK - Neo Geo Pocket/Named_Logos/Pocket Tennis - Pocket Sports Series (Japan, Europe).png</marquee></game>
<game><path>./Neo Geo Pocket NoIntro/Renketsu Puzzle Tsunagete Pon! (Japan).zip</path><name>Renketsu Puzzle Tsunagete Pon! (Japan)</name><image>~/../thumbs/SNK - Neo Geo Pocket/Named_Snaps/Renketsu Puzzle Tsunagete Pon! (Japan).png</image><titleshot>~/../thumbs/SNK - Neo Geo Pocket/Named_Titles/Renketsu Puzzle Tsunagete Pon! (Japan).png</titleshot><thumbnail>~/../thumbs/SNK - Neo Geo Pocket/Named_Boxarts/Renketsu Puzzle Tsunagete Pon! (Japan).png</thumbnail><marquee>~/../thumbs/SNK - Neo Geo Pocket/Named_Logos/Renketsu Puzzle Tsunagete Pon! (Japan).png</marquee></game>
<game><path>./Neo Geo Pocket NoIntro/Samurai Shodown! - Pocket Fighting Series (Japan, Europe) (En,Ja).zip</path><name>Samurai Shodown! - Pocket Fighting Series (Japan, Europe) (En,Ja)</name><image>~/../thumbs/SNK - Neo Geo Pocket/Named_Snaps/Samurai Shodown! - Pocket Fighting Series (Japan, Europe).png</image><titleshot>~/../thumbs/SNK - Neo Geo Pocket/Named_Titles/Samurai Shodown! - Pocket Fighting Series (Japan, Europe).png</titleshot><thumbnail>~/../thumbs/SNK - Neo Geo Pocket/Named_Boxarts/Samurai Shodown! - Pocket Fighting Series (Japan, Europe).png</thumbnail><marquee>~/../thumbs/SNK - Neo Geo Pocket/Named_Logos/Samurai Shodown! - Pocket Fighting Series (Japan, Europe).png</marquee></game>
<game><path>./Neo Geo Pocket NoIntro/Shougi no Tatsujin (Japan).zip</path><name>Shougi no Tatsujin (Japan)</name><image>~/../thumbs/SNK - Neo Geo Pocket/Named_Snaps/Shougi no Tatsujin (Japan).png</image><titleshot>~/../thumbs/SNK - Neo Geo Pocket/Named_Titles/Shougi no Tatsujin (Japan).png</titleshot><thumbnail>~/../thumbs/SNK - Neo Geo Pocket/Named_Boxarts/Shougi no Tatsujin (Japan).png</thumbnail><marquee>~/../thumbs/SNK - Neo Geo Pocket/Named_Logos/Shougi no Tatsujin (Japan).png</marquee></game>
<game><path>./Neo Geo Pocket NoIntro/[BIOS] SNK NeoGeo Pocket (Japan) (En) (Beta).zip</path><name>[BIOS] SNK NeoGeo Pocket (Japan) (En) (Beta)</name><image>~/../thumbs/SNK - Neo Geo Pocket/Named_Snaps/[BIOS] SNK NeoGeo Pocket (Japan).png</image><titleshot>~/../thumbs/SNK - Neo Geo Pocket/Named_Titles/[BIOS] SNK NeoGeo Pocket (Japan).png</titleshot><thumbnail>~/../thumbs/SNK - Neo Geo Pocket/Named_Boxarts/[BIOS] SNK NeoGeo Pocket (Japan).png</thumbnail><marquee>~/../thumbs/SNK - Neo Geo Pocket/Named_Logos/[BIOS] SNK NeoGeo Pocket (Japan).png</marquee></game>
<game><path>./Neo Geo Pocket NoIntro/[BIOS] SNK NeoGeo Pocket (Japan, Europe) (En).zip</path><name>[BIOS] SNK NeoGeo Pocket (Japan, Europe) (En)</name><image>~/../thumbs/SNK - Neo Geo Pocket/Named_Snaps/[BIOS] SNK NeoGeo Pocket (Japan, Europe).png</image><titleshot>~/../thumbs/SNK - Neo Geo Pocket/Named_Titles/[BIOS] SNK NeoGeo Pocket (Japan, Europe).png</titleshot><thumbnail>~/../thumbs/SNK - Neo Geo Pocket/Named_Boxarts/[BIOS] SNK NeoGeo Pocket (Japan, Europe).png</thumbnail><marquee>~/../thumbs/SNK - Neo Geo Pocket/Named_Logos/[BIOS] SNK NeoGeo Pocket (Japan, Europe).png</marquee></game>
<game><path>./Neo Geo Pocket NoIntro/[BIOS] SNK NeoGeo Pocket (Japan, Europe) (En,Ja) (Monochrome).zip</path><name>[BIOS] SNK NeoGeo Pocket (Japan, Europe) (En,Ja) (Monochrome)</name><image>~/../thumbs/SNK - Neo Geo Pocket/Named_Snaps/[BIOS] SNK NeoGeo Pocket (Japan, Europe).png</image><titleshot>~/../thumbs/SNK - Neo Geo Pocket/Named_Titles/[BIOS] SNK NeoGeo Pocket (Japan, Europe).png</titleshot><thumbnail>~/../thumbs/SNK - Neo Geo Pocket/Named_Boxarts/[BIOS] SNK NeoGeo Pocket (Japan, Europe).png</thumbnail><marquee>~/../thumbs/SNK - Neo Geo Pocket/Named_Logos/[BIOS] SNK NeoGeo Pocket (Japan, Europe).png</marquee></game>
<folder><path>./Neo Geo Pocket NoIntro</path><name>Neo Geo Pocket NoIntro</name><image>~/../thumb/ngp.png</image></folder>
<game><path>./Neo Geo Pocket TOSEC/Baseball Stars v1.10 (1998)(Saurus - SNK)(en-ja).zip</path><name>Baseball Stars v1.10 (1998)(Saurus - SNK)(en-ja)</name><image>~/../thumbs/SNK - Neo Geo Pocket/Named_Snaps/Baseball Stars v1.10 (1998).png</image><titleshot>~/../thumbs/SNK - Neo Geo Pocket/Named_Titles/Baseball Stars v1.10 (1998).png</titleshot><thumbnail>~/../thumbs/SNK - Neo Geo Pocket/Named_Boxarts/Baseball Stars v1.10 (1998).png</thumbnail><marquee>~/../thumbs/SNK - Neo Geo Pocket/Named_Logos/Baseball Stars v1.10 (1998).png</marquee></game>
<game><path>./Neo Geo Pocket TOSEC/Baseball Stars v1.10 (1998)(Saurus - SNK)(en-ja)[m save data].zip</path><name>Baseball Stars v1.10 (1998)(Saurus - SNK)(en-ja)[m save data]</name><image>~/../thumbs/SNK - Neo Geo Pocket/Named_Snaps/Baseball Stars v1.10 (1998).png</image><titleshot>~/../thumbs/SNK - Neo Geo Pocket/Named_Titles/Baseball Stars v1.10 (1998).png</titleshot><thumbnail>~/../thumbs/SNK - Neo Geo Pocket/Named_Boxarts/Baseball Stars v1.10 (1998).png</thumbnail><marquee>~/../thumbs/SNK - Neo Geo Pocket/Named_Logos/Baseball Stars v1.10 (1998).png</marquee></game>
<game><path>./Neo Geo Pocket TOSEC/King of Fighters - R-1 & Melon Chan no Seichou Nikki (demo) (199x)(SNK)(JP).zip</path><name>King of Fighters - R-1 & Melon Chan no Seichou Nikki (demo) (199x)(SNK)(JP)</name><image>~/../thumbs/SNK - Neo Geo Pocket/Named_Snaps/King of Fighters - R-1 & Melon Chan no Seichou Nikki (demo).png</image><titleshot>~/../thumbs/SNK - Neo Geo Pocket/Named_Titles/King of Fighters - R-1 & Melon Chan no Seichou Nikki (demo).png</titleshot><thumbnail>~/../thumbs/SNK - Neo Geo Pocket/Named_Boxarts/King of Fighters - R-1 & Melon Chan no Seichou Nikki (demo).png</thumbnail><marquee>~/../thumbs/SNK - Neo Geo Pocket/Named_Logos/King of Fighters - R-1 & Melon Chan no Seichou Nikki (demo).png</marquee></game>
<game><path>./Neo Geo Pocket TOSEC/King of Fighters - R-1 & Melon Chan no Seichou Nikki (demo) (199x)(SNK)(JP)[u].zip</path><name>King of Fighters - R-1 & Melon Chan no Seichou Nikki (demo) (199x)(SNK)(JP)[u]</name><image>~/../thumbs/SNK - Neo Geo Pocket/Named_Snaps/King of Fighters - R-1 & Melon Chan no Seichou Nikki (demo).png</image><titleshot>~/../thumbs/SNK - Neo Geo Pocket/Named_Titles/King of Fighters - R-1 & Melon Chan no Seichou Nikki (demo).png</titleshot><thumbnail>~/../thumbs/SNK - Neo Geo Pocket/Named_Boxarts/King of Fighters - R-1 & Melon Chan no Seichou Nikki (demo).png</thumbnail><marquee>~/../thumbs/SNK - Neo Geo Pocket/Named_Logos/King of Fighters - R-1 & Melon Chan no Seichou Nikki (demo).png</marquee></game>
<game><path>./Neo Geo Pocket TOSEC/King of Fighters - R-1 (1998)(SNK)(en-ja).zip</path><name>King of Fighters - R-1 (1998)(SNK)(en-ja)</name><image>~/../thumbs/SNK - Neo Geo Pocket/Named_Snaps/King of Fighters - R-1 (1998).png</image><titleshot>~/../thumbs/SNK - Neo Geo Pocket/Named_Titles/King of Fighters - R-1 (1998).png</titleshot><thumbnail>~/../thumbs/SNK - Neo Geo Pocket/Named_Boxarts/King of Fighters - R-1 (1998).png</thumbnail><marquee>~/../thumbs/SNK - Neo Geo Pocket/Named_Logos/King of Fighters - R-1 (1998).png</marquee></game>
<game><path>./Neo Geo Pocket TOSEC/King of Fighters - R-1 (1998)(SNK)(en-ja)[a2].zip</path><name>King of Fighters - R-1 (1998)(SNK)(en-ja)[a2]</name><image>~/../thumbs/SNK - Neo Geo Pocket/Named_Snaps/King of Fighters - R-1 (1998).png</image><titleshot>~/../thumbs/SNK - Neo Geo Pocket/Named_Titles/King of Fighters - R-1 (1998).png</titleshot><thumbnail>~/../thumbs/SNK - Neo Geo Pocket/Named_Boxarts/King of Fighters - R-1 (1998).png</thumbnail><marquee>~/../thumbs/SNK - Neo Geo Pocket/Named_Logos/King of Fighters - R-1 (1998).png</marquee></game>
<game><path>./Neo Geo Pocket TOSEC/King of Fighters - R-1 (1998)(SNK)(en-ja)[a].zip</path><name>King of Fighters - R-1 (1998)(SNK)(en-ja)[a]</name><image>~/../thumbs/SNK - Neo Geo Pocket/Named_Snaps/King of Fighters - R-1 (1998).png</image><titleshot>~/../thumbs/SNK - Neo Geo Pocket/Named_Titles/King of Fighters - R-1 (1998).png</titleshot><thumbnail>~/../thumbs/SNK - Neo Geo Pocket/Named_Boxarts/King of Fighters - R-1 (1998).png</thumbnail><marquee>~/../thumbs/SNK - Neo Geo Pocket/Named_Logos/King of Fighters - R-1 (1998).png</marquee></game>
<game><path>./Neo Geo Pocket TOSEC/King of Fighters - R-1 (1998)(SNK)(en-ja)[h Tintin Machine].zip</path><name>King of Fighters - R-1 (1998)(SNK)(en-ja)[h Tintin Machine]</name><image>~/../thumbs/SNK - Neo Geo Pocket/Named_Snaps/King of Fighters - R-1 (1998).png</image><titleshot>~/../thumbs/SNK - Neo Geo Pocket/Named_Titles/King of Fighters - R-1 (1998).png</titleshot><thumbnail>~/../thumbs/SNK - Neo Geo Pocket/Named_Boxarts/King of Fighters - R-1 (1998).png</thumbnail><marquee>~/../thumbs/SNK - Neo Geo Pocket/Named_Logos/King of Fighters - R-1 (1998).png</marquee></game>
<game><path>./Neo Geo Pocket TOSEC/King of Fighters - R-1 (1998)(SNK)(en-ja)[h2].zip</path><name>King of Fighters - R-1 (1998)(SNK)(en-ja)[h2]</name><image>~/../thumbs/SNK - Neo Geo Pocket/Named_Snaps/King of Fighters - R-1 (1998).png</image><titleshot>~/../thumbs/SNK - Neo Geo Pocket/Named_Titles/King of Fighters - R-1 (1998).png</titleshot><thumbnail>~/../thumbs/SNK - Neo Geo Pocket/Named_Boxarts/King of Fighters - R-1 (1998).png</thumbnail><marquee>~/../thumbs/SNK - Neo Geo Pocket/Named_Logos/King of Fighters - R-1 (1998).png</marquee></game>
<game><path>./Neo Geo Pocket TOSEC/King of Fighters - R-1 (1998)(SNK)(en-ja)[h].zip</path><name>King of Fighters - R-1 (1998)(SNK)(en-ja)[h]</name><image>~/../thumbs/SNK - Neo Geo Pocket/Named_Snaps/King of Fighters - R-1 (1998).png</image><titleshot>~/../thumbs/SNK - Neo Geo Pocket/Named_Titles/King of Fighters - R-1 (1998).png</titleshot><thumbnail>~/../thumbs/SNK - Neo Geo Pocket/Named_Boxarts/King of Fighters - R-1 (1998).png</thumbnail><marquee>~/../thumbs/SNK - Neo Geo Pocket/Named_Logos/King of Fighters - R-1 (1998).png</marquee></game>
<game><path>./Neo Geo Pocket TOSEC/King of Fighters - R-1 (1998)(SNK)(en-ja)[tr es Ele_91][base ROM unknown].zip</path><name>King of Fighters - R-1 (1998)(SNK)(en-ja)[tr es Ele_91][base ROM unknown]</name><image>~/../thumbs/SNK - Neo Geo Pocket/Named_Snaps/King of Fighters - R-1 (1998).png</image><titleshot>~/../thumbs/SNK - Neo Geo Pocket/Named_Titles/King of Fighters - R-1 (1998).png</titleshot><thumbnail>~/../thumbs/SNK - Neo Geo Pocket/Named_Boxarts/King of Fighters - R-1 (1998).png</thumbnail><marquee>~/../thumbs/SNK - Neo Geo Pocket/Named_Logos/King of Fighters - R-1 (1998).png</marquee></game>
<game><path>./Neo Geo Pocket TOSEC/Master of Syougi (1998)(ADK)(JP).zip</path><name>Master of Syougi (1998)(ADK)(JP)</name><image>~/../thumbs/SNK - Neo Geo Pocket/Named_Snaps/Master of Syougi (1998).png</image><titleshot>~/../thumbs/SNK - Neo Geo Pocket/Named_Titles/Master of Syougi (1998).png</titleshot><thumbnail>~/../thumbs/SNK - Neo Geo Pocket/Named_Boxarts/Master of Syougi (1998).png</thumbnail><marquee>~/../thumbs/SNK - Neo Geo Pocket/Named_Logos/Master of Syougi (1998).png</marquee></game>
<game><path>./Neo Geo Pocket TOSEC/Master of Syougi (1998)(ADK)(JP)[b2].zip</path><name>Master of Syougi (1998)(ADK)(JP)[b2]</name><image>~/../thumbs/SNK - Neo Geo Pocket/Named_Snaps/Master of Syougi (1998).png</image><titleshot>~/../thumbs/SNK - Neo Geo Pocket/Named_Titles/Master of Syougi (1998).png</titleshot><thumbnail>~/../thumbs/SNK - Neo Geo Pocket/Named_Boxarts/Master of Syougi (1998).png</thumbnail><marquee>~/../thumbs/SNK - Neo Geo Pocket/Named_Logos/Master of Syougi (1998).png</marquee></game>
<game><path>./Neo Geo Pocket TOSEC/Master of Syougi (1998)(ADK)(JP)[b].zip</path><name>Master of Syougi (1998)(ADK)(JP)[b]</name><image>~/../thumbs/SNK - Neo Geo Pocket/Named_Snaps/Master of Syougi (1998).png</image><titleshot>~/../thumbs/SNK - Neo Geo Pocket/Named_Titles/Master of Syougi (1998).png</titleshot><thumbnail>~/../thumbs/SNK - Neo Geo Pocket/Named_Boxarts/Master of Syougi (1998).png</thumbnail><marquee>~/../thumbs/SNK - Neo Geo Pocket/Named_Logos/Master of Syougi (1998).png</marquee></game>
<game><path>./Neo Geo Pocket TOSEC/Melon Chan no Seichou Nikki (1998)(ADK)(JP).zip</path><name>Melon Chan no Seichou Nikki (1998)(ADK)(JP)</name><image>~/../thumbs/SNK - Neo Geo Pocket/Named_Snaps/Melon Chan no Seichou Nikki (1998).png</image><titleshot>~/../thumbs/SNK - Neo Geo Pocket/Named_Titles/Melon Chan no Seichou Nikki (1998).png</titleshot><thumbnail>~/../thumbs/SNK - Neo Geo Pocket/Named_Boxarts/Melon Chan no Seichou Nikki (1998).png</thumbnail><marquee>~/../thumbs/SNK - Neo Geo Pocket/Named_Logos/Melon Chan no Seichou Nikki (1998).png</marquee></game>
<game><path>./Neo Geo Pocket TOSEC/Melon Chan no Seichou Nikki (1998)(ADK)(JP)[a].zip</path><name>Melon Chan no Seichou Nikki (1998)(ADK)(JP)[a]</name><image>~/../thumbs/SNK - Neo Geo Pocket/Named_Snaps/Melon Chan no Seichou Nikki (1998).png</image><titleshot>~/../thumbs/SNK - Neo Geo Pocket/Named_Titles/Melon Chan no Seichou Nikki (1998).png</titleshot><thumbnail>~/../thumbs/SNK - Neo Geo Pocket/Named_Boxarts/Melon Chan no Seichou Nikki (1998).png</thumbnail><marquee>~/../thumbs/SNK - Neo Geo Pocket/Named_Logos/Melon Chan no Seichou Nikki (1998).png</marquee></game>
<game><path>./Neo Geo Pocket TOSEC/Melon Chan no Seichou Nikki (1998)(ADK)(JP)[m save data].zip</path><name>Melon Chan no Seichou Nikki (1998)(ADK)(JP)[m save data]</name><image>~/../thumbs/SNK - Neo Geo Pocket/Named_Snaps/Melon Chan no Seichou Nikki (1998).png</image><titleshot>~/../thumbs/SNK - Neo Geo Pocket/Named_Titles/Melon Chan no Seichou Nikki (1998).png</titleshot><thumbnail>~/../thumbs/SNK - Neo Geo Pocket/Named_Boxarts/Melon Chan no Seichou Nikki (1998).png</thumbnail><marquee>~/../thumbs/SNK - Neo Geo Pocket/Named_Logos/Melon Chan no Seichou Nikki (1998).png</marquee></game>
<game><path>./Neo Geo Pocket TOSEC/NGCollector (2012)(Mihai, Sebastian).zip</path><name>NGCollector (2012)(Mihai, Sebastian)</name><image>~/../thumbs/SNK - Neo Geo Pocket/Named_Snaps/NGCollector (2012).png</image><titleshot>~/../thumbs/SNK - Neo Geo Pocket/Named_Titles/NGCollector (2012).png</titleshot><thumbnail>~/../thumbs/SNK - Neo Geo Pocket/Named_Boxarts/NGCollector (2012).png</thumbnail><marquee>~/../thumbs/SNK - Neo Geo Pocket/Named_Logos/NGCollector (2012).png</marquee></game>
<game><path>./Neo Geo Pocket TOSEC/Neo Cherry Master (1998)(Dyna)(JP)(en-ja).zip</path><name>Neo Cherry Master (1998)(Dyna)(JP)(en-ja)</name><image>~/../thumbs/SNK - Neo Geo Pocket/Named_Snaps/Neo Cherry Master (1998).png</image><titleshot>~/../thumbs/SNK - Neo Geo Pocket/Named_Titles/Neo Cherry Master (1998).png</titleshot><thumbnail>~/../thumbs/SNK - Neo Geo Pocket/Named_Boxarts/Neo Cherry Master (1998).png</thumbnail><marquee>~/../thumbs/SNK - Neo Geo Pocket/Named_Logos/Neo Cherry Master (1998).png</marquee></game>
<game><path>./Neo Geo Pocket TOSEC/NeoGeo Cup '98 (1998)(SNK)(JP)(en-ja).zip</path><name>NeoGeo Cup '98 (1998)(SNK)(JP)(en-ja)</name><image>~/../thumbs/SNK - Neo Geo Pocket/Named_Snaps/NeoGeo Cup '98 (1998).png</image><titleshot>~/../thumbs/SNK - Neo Geo Pocket/Named_Titles/NeoGeo Cup '98 (1998).png</titleshot><thumbnail>~/../thumbs/SNK - Neo Geo Pocket/Named_Boxarts/NeoGeo Cup '98 (1998).png</thumbnail><marquee>~/../thumbs/SNK - Neo Geo Pocket/Named_Logos/NeoGeo Cup '98 (1998).png</marquee></game>
<game><path>./Neo Geo Pocket TOSEC/NeoGeo Cup '98 (1998)(SNK)(JP)(en-ja)[a].zip</path><name>NeoGeo Cup '98 (1998)(SNK)(JP)(en-ja)[a]</name><image>~/../thumbs/SNK - Neo Geo Pocket/Named_Snaps/NeoGeo Cup '98 (1998).png</image><titleshot>~/../thumbs/SNK - Neo Geo Pocket/Named_Titles/NeoGeo Cup '98 (1998).png</titleshot><thumbnail>~/../thumbs/SNK - Neo Geo Pocket/Named_Boxarts/NeoGeo Cup '98 (1998).png</thumbnail><marquee>~/../thumbs/SNK - Neo Geo Pocket/Named_Logos/NeoGeo Cup '98 (1998).png</marquee></game>
<game><path>./Neo Geo Pocket TOSEC/Pachinko Hisshou Guide - Pocket Parlor (1999)(Japan Vistec)(JP)(proto).zip</path><name>Pachinko Hisshou Guide - Pocket Parlor (1999)(Japan Vistec)(JP)(proto)</name><image>~/../thumbs/SNK - Neo Geo Pocket/Named_Snaps/Pachinko Hisshou Guide - Pocket Parlor (1999).png</image><titleshot>~/../thumbs/SNK - Neo Geo Pocket/Named_Titles/Pachinko Hisshou Guide - Pocket Parlor (1999).png</titleshot><thumbnail>~/../thumbs/SNK - Neo Geo Pocket/Named_Boxarts/Pachinko Hisshou Guide - Pocket Parlor (1999).png</thumbnail><marquee>~/../thumbs/SNK - Neo Geo Pocket/Named_Logos/Pachinko Hisshou Guide - Pocket Parlor (1999).png</marquee></game>
<game><path>./Neo Geo Pocket TOSEC/Pocket Tennis - Pocket Sports Series (1998)(Yumekobo)(en-ja).zip</path><name>Pocket Tennis - Pocket Sports Series (1998)(Yumekobo)(en-ja)</name><image>~/../thumbs/SNK - Neo Geo Pocket/Named_Snaps/Pocket Tennis - Pocket Sports Series (1998).png</image><titleshot>~/../thumbs/SNK - Neo Geo Pocket/Named_Titles/Pocket Tennis - Pocket Sports Series (1998).png</titleshot><thumbnail>~/../thumbs/SNK - Neo Geo Pocket/Named_Boxarts/Pocket Tennis - Pocket Sports Series (1998).png</thumbnail><marquee>~/../thumbs/SNK - Neo Geo Pocket/Named_Logos/Pocket Tennis - Pocket Sports Series (1998).png</marquee></game>
<game><path>./Neo Geo Pocket TOSEC/Pocket Tennis - Pocket Sports Series (1998)(Yumekobo)(en-ja)[a].zip</path><name>Pocket Tennis - Pocket Sports Series (1998)(Yumekobo)(en-ja)[a]</name><image>~/../thumbs/SNK - Neo Geo Pocket/Named_Snaps/Pocket Tennis - Pocket Sports Series (1998).png</image><titleshot>~/../thumbs/SNK - Neo Geo Pocket/Named_Titles/Pocket Tennis - Pocket Sports Series (1998).png</titleshot><thumbnail>~/../thumbs/SNK - Neo Geo Pocket/Named_Boxarts/Pocket Tennis - Pocket Sports Series (1998).png</thumbnail><marquee>~/../thumbs/SNK - Neo Geo Pocket/Named_Logos/Pocket Tennis - Pocket Sports Series (1998).png</marquee></game>
<game><path>./Neo Geo Pocket TOSEC/Renketsu Puzzle Tsunagete Pon! (1998)(Yumekobo)(JP).zip</path><name>Renketsu Puzzle Tsunagete Pon! (1998)(Yumekobo)(JP)</name><image>~/../thumbs/SNK - Neo Geo Pocket/Named_Snaps/Renketsu Puzzle Tsunagete Pon! (1998).png</image><titleshot>~/../thumbs/SNK - Neo Geo Pocket/Named_Titles/Renketsu Puzzle Tsunagete Pon! (1998).png</titleshot><thumbnail>~/../thumbs/SNK - Neo Geo Pocket/Named_Boxarts/Renketsu Puzzle Tsunagete Pon! (1998).png</thumbnail><marquee>~/../thumbs/SNK - Neo Geo Pocket/Named_Logos/Renketsu Puzzle Tsunagete Pon! (1998).png</marquee></game>
<game><path>./Neo Geo Pocket TOSEC/Renketsu Puzzle Tsunagete Pon! (1998)(Yumekobo)(JP)[b].zip</path><name>Renketsu Puzzle Tsunagete Pon! (1998)(Yumekobo)(JP)[b]</name><image>~/../thumbs/SNK - Neo Geo Pocket/Named_Snaps/Renketsu Puzzle Tsunagete Pon! (1998).png</image><titleshot>~/../thumbs/SNK - Neo Geo Pocket/Named_Titles/Renketsu Puzzle Tsunagete Pon! (1998).png</titleshot><thumbnail>~/../thumbs/SNK - Neo Geo Pocket/Named_Boxarts/Renketsu Puzzle Tsunagete Pon! (1998).png</thumbnail><marquee>~/../thumbs/SNK - Neo Geo Pocket/Named_Logos/Renketsu Puzzle Tsunagete Pon! (1998).png</marquee></game>
<game><path>./Neo Geo Pocket TOSEC/Samurai Shodown! - Pocket Fighting Series (1998)(SNK)(en-ja).zip</path><name>Samurai Shodown! - Pocket Fighting Series (1998)(SNK)(en-ja)</name><image>~/../thumbs/SNK - Neo Geo Pocket/Named_Snaps/Samurai Shodown! - Pocket Fighting Series (1998).png</image><titleshot>~/../thumbs/SNK - Neo Geo Pocket/Named_Titles/Samurai Shodown! - Pocket Fighting Series (1998).png</titleshot><thumbnail>~/../thumbs/SNK - Neo Geo Pocket/Named_Boxarts/Samurai Shodown! - Pocket Fighting Series (1998).png</thumbnail><marquee>~/../thumbs/SNK - Neo Geo Pocket/Named_Logos/Samurai Shodown! - Pocket Fighting Series (1998).png</marquee></game>
<game><path>./Neo Geo Pocket TOSEC/Samurai Shodown! - Pocket Fighting Series (1998)(SNK)(en-ja)[t][button to increase blood].zip</path><name>Samurai Shodown! - Pocket Fighting Series (1998)(SNK)(en-ja)[t][button to increase blood]</name><image>~/../thumbs/SNK - Neo Geo Pocket/Named_Snaps/Samurai Shodown! - Pocket Fighting Series (1998).png</image><titleshot>~/../thumbs/SNK - Neo Geo Pocket/Named_Titles/Samurai Shodown! - Pocket Fighting Series (1998).png</titleshot><thumbnail>~/../thumbs/SNK - Neo Geo Pocket/Named_Boxarts/Samurai Shodown! - Pocket Fighting Series (1998).png</thumbnail><marquee>~/../thumbs/SNK - Neo Geo Pocket/Named_Logos/Samurai Shodown! - Pocket Fighting Series (1998).png</marquee></game>
<game><path>./Neo Geo Pocket TOSEC/Samurai Shodown! - Pocket Fighting Series (1998)(SNK)(en-ja)[tr es Max1323].zip</path><name>Samurai Shodown! - Pocket Fighting Series (1998)(SNK)(en-ja)[tr es Max1323]</name><image>~/../thumbs/SNK - Neo Geo Pocket/Named_Snaps/Samurai Shodown! - Pocket Fighting Series (1998).png</image><titleshot>~/../thumbs/SNK - Neo Geo Pocket/Named_Titles/Samurai Shodown! - Pocket Fighting Series (1998).png</titleshot><thumbnail>~/../thumbs/SNK - Neo Geo Pocket/Named_Boxarts/Samurai Shodown! - Pocket Fighting Series (1998).png</thumbnail><marquee>~/../thumbs/SNK - Neo Geo Pocket/Named_Logos/Samurai Shodown! - Pocket Fighting Series (1998).png</marquee></game>
<folder><path>./Neo Geo Pocket TOSEC</path><name>Neo Geo Pocket TOSEC</name><image>~/../thumb/ngp.png</image></folder>
<game><path>./Neo Geo Pocket Merged/bstars.zip</path><name>bstars</name><image>~/../thumbs/SNK - Neo Geo Pocket/Named_Snaps/bstars.png</image><titleshot>~/../thumbs/SNK - Neo Geo Pocket/Named_Titles/bstars.png</titleshot><thumbnail>~/../thumbs/SNK - Neo Geo Pocket/Named_Boxarts/bstars.png</thumbnail><marquee>~/../thumbs/SNK - Neo Geo Pocket/Named_Logos/bstars.png</marquee></game>
<game><path>./Neo Geo Pocket Merged/kof_mlon.zip</path><name>kof_mlon</name><image>~/../thumbs/SNK - Neo Geo Pocket/Named_Snaps/kof_mlon.png</image><titleshot>~/../thumbs/SNK - Neo Geo Pocket/Named_Titles/kof_mlon.png</titleshot><thumbnail>~/../thumbs/SNK - Neo Geo Pocket/Named_Boxarts/kof_mlon.png</thumbnail><marquee>~/../thumbs/SNK - Neo Geo Pocket/Named_Logos/kof_mlon.png</marquee></game>
<game><path>./Neo Geo Pocket Merged/kofr1.zip</path><name>kofr1</name><image>~/../thumbs/SNK - Neo Geo Pocket/Named_Snaps/kofr1.png</image><titleshot>~/../thumbs/SNK - Neo Geo Pocket/Named_Titles/kofr1.png</titleshot><thumbnail>~/../thumbs/SNK - Neo Geo Pocket/Named_Boxarts/kofr1.png</thumbnail><marquee>~/../thumbs/SNK - Neo Geo Pocket/Named_Logos/kofr1.png</marquee></game>
<game><path>./Neo Geo Pocket Merged/melonchn.zip</path><name>melonchn</name><image>~/../thumbs/SNK - Neo Geo Pocket/Named_Snaps/melonchn.png</image><titleshot>~/../thumbs/SNK - Neo Geo Pocket/Named_Titles/melonchn.png</titleshot><thumbnail>~/../thumbs/SNK - Neo Geo Pocket/Named_Boxarts/melonchn.png</thumbnail><marquee>~/../thumbs/SNK - Neo Geo Pocket/Named_Logos/melonchn.png</marquee></game>
<game><path>./Neo Geo Pocket Merged/neocher.zip</path><name>neocher</name><image>~/../thumbs/SNK - Neo Geo Pocket/Named_Snaps/neocher.png</image><titleshot>~/../thumbs/SNK - Neo Geo Pocket/Named_Titles/neocher.png</titleshot><thumbnail>~/../thumbs/SNK - Neo Geo Pocket/Named_Boxarts/neocher.png</thumbnail><marquee>~/../thumbs/SNK - Neo Geo Pocket/Named_Logos/neocher.png</marquee></game>
<game><path>./Neo Geo Pocket Merged/neocup98.zip</path><name>neocup98</name><image>~/../thumbs/SNK - Neo Geo Pocket/Named_Snaps/neocup98.png</image><titleshot>~/../thumbs/SNK - Neo Geo Pocket/Named_Titles/neocup98.png</titleshot><thumbnail>~/../thumbs/SNK - Neo Geo Pocket/Named_Boxarts/neocup98.png</thumbnail><marquee>~/../thumbs/SNK - Neo Geo Pocket/Named_Logos/neocup98.png</marquee></game>
<game><path>./Neo Geo Pocket Merged/ptennis.zip</path><name>ptennis</name><image>~/../thumbs/SNK - Neo Geo Pocket/Named_Snaps/ptennis.png</image><titleshot>~/../thumbs/SNK - Neo Geo Pocket/Named_Titles/ptennis.png</titleshot><thumbnail>~/../thumbs/SNK - Neo Geo Pocket/Named_Boxarts/ptennis.png</thumbnail><marquee>~/../thumbs/SNK - Neo Geo Pocket/Named_Logos/ptennis.png</marquee></game>
<game><path>./Neo Geo Pocket Merged/samsho.zip</path><name>samsho</name><image>~/../thumbs/SNK - Neo Geo Pocket/Named_Snaps/samsho.png</image><titleshot>~/../thumbs/SNK - Neo Geo Pocket/Named_Titles/samsho.png</titleshot><thumbnail>~/../thumbs/SNK - Neo Geo Pocket/Named_Boxarts/samsho.png</thumbnail><marquee>~/../thumbs/SNK - Neo Geo Pocket/Named_Logos/samsho.png</marquee></game>
<game><path>./Neo Geo Pocket Merged/shougi.zip</path><name>shougi</name><image>~/../thumbs/SNK - Neo Geo Pocket/Named_Snaps/shougi.png</image><titleshot>~/../thumbs/SNK - Neo Geo Pocket/Named_Titles/shougi.png</titleshot><thumbnail>~/../thumbs/SNK - Neo Geo Pocket/Named_Boxarts/shougi.png</thumbnail><marquee>~/../thumbs/SNK - Neo Geo Pocket/Named_Logos/shougi.png</marquee></game>
<game><path>./Neo Geo Pocket Merged/tsunapn.zip</path><name>tsunapn</name><image>~/../thumbs/SNK - Neo Geo Pocket/Named_Snaps/tsunapn.png</image><titleshot>~/../thumbs/SNK - Neo Geo Pocket/Named_Titles/tsunapn.png</titleshot><thumbnail>~/../thumbs/SNK - Neo Geo Pocket/Named_Boxarts/tsunapn.png</thumbnail><marquee>~/../thumbs/SNK - Neo Geo Pocket/Named_Logos/tsunapn.png</marquee></game>
<folder><path>./Neo Geo Pocket Merged</path><name>Neo Geo Pocket Merged</name><image>~/../thumb/ngp.png</image></folder>
<game><path>./Neo Geo Pocket Split/bstars.zip</path><name>bstars</name><image>~/../thumbs/SNK - Neo Geo Pocket/Named_Snaps/bstars.png</image><titleshot>~/../thumbs/SNK - Neo Geo Pocket/Named_Titles/bstars.png</titleshot><thumbnail>~/../thumbs/SNK - Neo Geo Pocket/Named_Boxarts/bstars.png</thumbnail><marquee>~/../thumbs/SNK - Neo Geo Pocket/Named_Logos/bstars.png</marquee></game>
<game><path>./Neo Geo Pocket Split/kof_mlon.zip</path><name>kof_mlon</name><image>~/../thumbs/SNK - Neo Geo Pocket/Named_Snaps/kof_mlon.png</image><titleshot>~/../thumbs/SNK - Neo Geo Pocket/Named_Titles/kof_mlon.png</titleshot><thumbnail>~/../thumbs/SNK - Neo Geo Pocket/Named_Boxarts/kof_mlon.png</thumbnail><marquee>~/../thumbs/SNK - Neo Geo Pocket/Named_Logos/kof_mlon.png</marquee></game>
<game><path>./Neo Geo Pocket Split/kofr1.zip</path><name>kofr1</name><image>~/../thumbs/SNK - Neo Geo Pocket/Named_Snaps/kofr1.png</image><titleshot>~/../thumbs/SNK - Neo Geo Pocket/Named_Titles/kofr1.png</titleshot><thumbnail>~/../thumbs/SNK - Neo Geo Pocket/Named_Boxarts/kofr1.png</thumbnail><marquee>~/../thumbs/SNK - Neo Geo Pocket/Named_Logos/kofr1.png</marquee></game>
<game><path>./Neo Geo Pocket Split/melonchn.zip</path><name>melonchn</name><image>~/../thumbs/SNK - Neo Geo Pocket/Named_Snaps/melonchn.png</image><titleshot>~/../thumbs/SNK - Neo Geo Pocket/Named_Titles/melonchn.png</titleshot><thumbnail>~/../thumbs/SNK - Neo Geo Pocket/Named_Boxarts/melonchn.png</thumbnail><marquee>~/../thumbs/SNK - Neo Geo Pocket/Named_Logos/melonchn.png</marquee></game>
<game><path>./Neo Geo Pocket Split/neocher.zip</path><name>neocher</name><image>~/../thumbs/SNK - Neo Geo Pocket/Named_Snaps/neocher.png</image><titleshot>~/../thumbs/SNK - Neo Geo Pocket/Named_Titles/neocher.png</titleshot><thumbnail>~/../thumbs/SNK - Neo Geo Pocket/Named_Boxarts/neocher.png</thumbnail><marquee>~/../thumbs/SNK - Neo Geo Pocket/Named_Logos/neocher.png</marquee></game>
<game><path>./Neo Geo Pocket Split/neocup98.zip</path><name>neocup98</name><image>~/../thumbs/SNK - Neo Geo Pocket/Named_Snaps/neocup98.png</image><titleshot>~/../thumbs/SNK - Neo Geo Pocket/Named_Titles/neocup98.png</titleshot><thumbnail>~/../thumbs/SNK - Neo Geo Pocket/Named_Boxarts/neocup98.png</thumbnail><marquee>~/../thumbs/SNK - Neo Geo Pocket/Named_Logos/neocup98.png</marquee></game>
<game><path>./Neo Geo Pocket Split/ptennis.zip</path><name>ptennis</name><image>~/../thumbs/SNK - Neo Geo Pocket/Named_Snaps/ptennis.png</image><titleshot>~/../thumbs/SNK - Neo Geo Pocket/Named_Titles/ptennis.png</titleshot><thumbnail>~/../thumbs/SNK - Neo Geo Pocket/Named_Boxarts/ptennis.png</thumbnail><marquee>~/../thumbs/SNK - Neo Geo Pocket/Named_Logos/ptennis.png</marquee></game>
<game><path>./Neo Geo Pocket Split/samsho.zip</path><name>samsho</name><image>~/../thumbs/SNK - Neo Geo Pocket/Named_Snaps/samsho.png</image><titleshot>~/../thumbs/SNK - Neo Geo Pocket/Named_Titles/samsho.png</titleshot><thumbnail>~/../thumbs/SNK - Neo Geo Pocket/Named_Boxarts/samsho.png</thumbnail><marquee>~/../thumbs/SNK - Neo Geo Pocket/Named_Logos/samsho.png</marquee></game>
<game><path>./Neo Geo Pocket Split/shougi.zip</path><name>shougi</name><image>~/../thumbs/SNK - Neo Geo Pocket/Named_Snaps/shougi.png</image><titleshot>~/../thumbs/SNK - Neo Geo Pocket/Named_Titles/shougi.png</titleshot><thumbnail>~/../thumbs/SNK - Neo Geo Pocket/Named_Boxarts/shougi.png</thumbnail><marquee>~/../thumbs/SNK - Neo Geo Pocket/Named_Logos/shougi.png</marquee></game>
<game><path>./Neo Geo Pocket Split/tsunapn.zip</path><name>tsunapn</name><image>~/../thumbs/SNK - Neo Geo Pocket/Named_Snaps/tsunapn.png</image><titleshot>~/../thumbs/SNK - Neo Geo Pocket/Named_Titles/tsunapn.png</titleshot><thumbnail>~/../thumbs/SNK - Neo Geo Pocket/Named_Boxarts/tsunapn.png</thumbnail><marquee>~/../thumbs/SNK - Neo Geo Pocket/Named_Logos/tsunapn.png</marquee></game>
<folder><path>./Neo Geo Pocket Split</path><name>Neo Geo Pocket Split</name><image>~/../thumb/ngp.png</image></folder>
<game><path>./Neo Geo Pocket FBN/bakumats.zip</path><name>bakumats</name><image>~/../thumbs/SNK - Neo Geo Pocket/Named_Snaps/bakumats.png</image><titleshot>~/../thumbs/SNK - Neo Geo Pocket/Named_Titles/bakumats.png</titleshot><thumbnail>~/../thumbs/SNK - Neo Geo Pocket/Named_Boxarts/bakumats.png</thumbnail><marquee>~/../thumbs/SNK - Neo Geo Pocket/Named_Logos/bakumats.png</marquee></game>
<game><path>./Neo Geo Pocket FBN/bam.zip</path><name>bam</name><image>~/../thumbs/SNK - Neo Geo Pocket/Named_Snaps/bam.png</image><titleshot>~/../thumbs/SNK - Neo Geo Pocket/Named_Titles/bam.png</titleshot><thumbnail>~/../thumbs/SNK - Neo Geo Pocket/Named_Boxarts/bam.png</thumbnail><marquee>~/../thumbs/SNK - Neo Geo Pocket/Named_Logos/bam.png</marquee></game>
<game><path>./Neo Geo Pocket FBN/bamp.zip</path><name>bamp</name><image>~/../thumbs/SNK - Neo Geo Pocket/Named_Snaps/bamp.png</image><titleshot>~/../thumbs/SNK - Neo Geo Pocket/Named_Titles/bamp.png</titleshot><thumbnail>~/../thumbs/SNK - Neo Geo Pocket/Named_Boxarts/bamp.png</thumbnail><marquee>~/../thumbs/SNK - Neo Geo Pocket/Named_Logos/bamp.png</marquee></game>
<game><path>./Neo Geo Pocket FBN/bigbang.zip</path><name>bigbang</name><image>~/../thumbs/SNK - Neo Geo Pocket/Named_Snaps/bigbang.png</image><titleshot>~/../thumbs/SNK - Neo Geo Pocket/Named_Titles/bigbang.png</titleshot><thumbnail>~/../thumbs/SNK - Neo Geo Pocket/Named_Boxarts/bigbang.png</thumbnail><marquee>~/../thumbs/SNK - Neo Geo Pocket/Named_Logos/bigbang.png</marquee></game>
<game><path>./Neo Geo Pocket FBN/bikkuri.zip</path><name>bikkuri</name><image>~/../thumbs/SNK - Neo Geo Pocket/Named_Snaps/bikkuri.png</image><titleshot>~/../thumbs/SNK - Neo Geo Pocket/Named_Titles/bikkuri.png</titleshot><thumbnail>~/../thumbs/SNK - Neo Geo Pocket/Named_Boxarts/bikkuri.png</thumbnail><marquee>~/../thumbs/SNK - Neo Geo Pocket/Named_Logos/bikkuri.png</marquee></game>
<game><path>./Neo Geo Pocket FBN/biomotor.zip</path><name>biomotor</name><image>~/../thumbs/SNK - Neo Geo Pocket/Named_Snaps/biomotor.png</image><titleshot>~/../thumbs/SNK - Neo Geo Pocket/Named_Titles/biomotor.png</titleshot><thumbnail>~/../thumbs/SNK - Neo Geo Pocket/Named_Boxarts/biomotor.png</thumbnail><marquee>~/../thumbs/SNK - Neo Geo Pocket/Named_Logos/biomotor.png</marquee></game>
<game><path>./Neo Geo Pocket FBN/biomotorj.zip</path><name>biomotorj</name><image>~/../thumbs/SNK - Neo Geo Pocket/Named_Snaps/biomotorj.png</image><titleshot>~/../thumbs/SNK - Neo Geo Pocket/Named_Titles/biomotorj.png</titleshot><thumbnail>~/../thumbs/SNK - Neo Geo Pocket/Named_Boxarts/biomotorj.png</thumbnail><marquee>~/../thumbs/SNK - Neo Geo Pocket/Named_Logos/biomotorj.png</marquee></game>
<game><path>./Neo Geo Pocket FBN/bstars.zip</path><name>bstars</name><image>~/../thumbs/SNK - Neo Geo Pocket/Named_Snaps/bstars.png</image><titleshot>~/../thumbs/SNK - Neo Geo Pocket/Named_Titles/bstars.png</titleshot><thumbnail>~/../thumbs/SNK - Neo Geo Pocket/Named_Boxarts/bstars.png</thumbnail><marquee>~/../thumbs/SNK - Neo Geo Pocket/Named_Logos/bstars.png</marquee></game>
<game><path>./Neo Geo Pocket FBN/bstarsc.zip</path><name>bstarsc</name><image>~/../thumbs/SNK - Neo Geo Pocket/Named_Snaps/bstarsc.png</image><titleshot>~/../thumbs/SNK - Neo Geo Pocket/Named_Titles/bstarsc.png</titleshot><thumbnail>~/../thumbs/SNK - Neo Geo Pocket/Named_Boxarts/bstarsc.png</thumbnail><marquee>~/../thumbs/SNK - Neo Geo Pocket/Named_Logos/bstarsc.png</marquee></game>
<game><path>./Neo Geo Pocket FBN/coolboar.zip</path><name>coolboar</name><image>~/../thumbs/SNK - Neo Geo Pocket/Named_Snaps/coolboar.png</image><titleshot>~/../thumbs/SNK - Neo Geo Pocket/Named_Titles/coolboar.png</titleshot><thumbnail>~/../thumbs/SNK - Neo Geo Pocket/Named_Boxarts/coolboar.png</thumbnail><marquee>~/../thumbs/SNK - Neo Geo Pocket/Named_Logos/coolboar.png</marquee></game>
<game><path>./Neo Geo Pocket FBN/coolcool.zip</path><name>coolcool</name><image>~/../thumbs/SNK - Neo Geo Pocket/Named_Snaps/coolcool.png</image><titleshot>~/../thumbs/SNK - Neo Geo Pocket/Named_Titles/coolcool.png</titleshot><thumbnail>~/../thumbs/SNK - Neo Geo Pocket/Named_Boxarts/coolcool.png</thumbnail><marquee>~/../thumbs/SNK - Neo Geo Pocket/Named_Logos/coolcool.png</marquee></game>
<game><path>./Neo Geo Pocket FBN/coolcoolj.zip</path><name>coolcoolj</name><image>~/../thumbs/SNK - Neo Geo Pocket/Named_Snaps/coolcoolj.png</image><titleshot>~/../thumbs/SNK - Neo Geo Pocket/Named_Titles/coolcoolj.png</titleshot><thumbnail>~/../thumbs/SNK - Neo Geo Pocket/Named_Boxarts/coolcoolj.png</thumbnail><marquee>~/../thumbs/SNK - Neo Geo Pocket/Named_Logos/coolcoolj.png</marquee></game>
<game><path>./Neo Geo Pocket FBN/cotton.zip</path><name>cotton</name><image>~/../thumbs/SNK - Neo Geo Pocket/Named_Snaps/cotton.png</image><titleshot>~/../thumbs/SNK - Neo Geo Pocket/Named_Titles/cotton.png</titleshot><thumbnail>~/../thumbs/SNK - Neo Geo Pocket/Named_Boxarts/cotton.png</thumbnail><marquee>~/../thumbs/SNK - Neo Geo Pocket/Named_Logos/cotton.png</marquee></game>
<game><path>./Neo Geo Pocket FBN/cottonj.zip</path><name>cottonj</name><image>~/../thumbs/SNK - Neo Geo Pocket/Named_Snaps/cottonj.png</image><titleshot>~/../thumbs/SNK - Neo Geo Pocket/Named_Titles/cottonj.png</titleshot><thumbnail>~/../thumbs/SNK - Neo Geo Pocket/Named_Boxarts/cottonj.png</thumbnail><marquee>~/../thumbs/SNK - Neo Geo Pocket/Named_Logos/cottonj.png</marquee></game>
<game><path>./Neo Geo Pocket FBN/crushrol.zip</path><name>crushrol</name><image>~/../thumbs/SNK - Neo Geo Pocket/Named_Snaps/crushrol.png</image><titleshot>~/../thumbs/SNK - Neo Geo Pocket/Named_Titles/crushrol.png</titleshot><thumbnail>~/../thumbs/SNK - Neo Geo Pocket/Named_Boxarts/crushrol.png</thumbnail><marquee>~/../thumbs/SNK - Neo Geo Pocket/Named_Logos/crushrol.png</marquee></game>
<game><path>./Neo Geo Pocket FBN/darkarms.zip</path><name>darkarms</name><image>~/../thumbs/SNK - Neo Geo Pocket/Named_Snaps/darkarms.png</image><titleshot>~/../thumbs/SNK - Neo Geo Pocket/Named_Titles/darkarms.png</titleshot><thumbnail>~/../thumbs/SNK - Neo Geo Pocket/Named_Boxarts/darkarms.png</thumbnail><marquee>~/../thumbs/SNK - Neo Geo Pocket/Named_Logos/darkarms.png</marquee></game>
<game><path>./Neo Geo Pocket FBN/darkarmsp.zip</path><name>darkarmsp</name><image>~/../thumbs/SNK - Neo Geo Pocket/Named_Snaps/darkarmsp.png</image><titleshot>~/../thumbs/SNK - Neo Geo Pocket/Named_Titles/darkarmsp.png</titleshot><thumbnail>~/../thumbs/SNK - Neo Geo Pocket/Named_Boxarts/darkarmsp.png</thumbnail><marquee>~/../thumbs/SNK - Neo Geo Pocket/Named_Logos/darkarmsp.png</marquee></game>
<game><path>./Neo Geo Pocket FBN/ddmr.zip</path><name>ddmr</name><image>~/../thumbs/SNK - Neo Geo Pocket/Named_Snaps/ddmr.png</image><titleshot>~/../thumbs/SNK - Neo Geo Pocket/Named_Titles/ddmr.png</titleshot><thumbnail>~/../thumbs/SNK - Neo Geo Pocket/Named_Boxarts/ddmr.png</thumbnail><marquee>~/../thumbs/SNK - Neo Geo Pocket/Named_Logos/ddmr.png</marquee></game>
<game><path>./Neo Geo Pocket FBN/deltawrp.zip</path><name>deltawrp</name><image>~/../thumbs/SNK - Neo Geo Pocket/Named_Snaps/deltawrp.png</image><titleshot>~/../thumbs/SNK - Neo Geo Pocket/Named_Titles/deltawrp.png</titleshot><thumbnail>~/../thumbs/SNK - Neo Geo Pocket/Named_Boxarts/deltawrp.png</thumbnail><marquee>~/../thumbs/SNK - Neo Geo Pocket/Named_Logos/deltawrp.png</marquee></game>
<game><path>./Neo Geo Pocket FBN/dendego2.zip</path><name>dendego2</name><image>~/../thumbs/SNK - Neo Geo Pocket/Named_Snaps/dendego2.png</image><titleshot>~/../thumbs/SNK - Neo Geo Pocket/Named_Titles/dendego2.png</titleshot><thumbnail>~/../thumbs/SNK - Neo Geo Pocket/Named_Boxarts/dendego2.png</thumbnail><marquee>~/../thumbs/SNK - Neo Geo Pocket/Named_Logos/dendego2.png</marquee></game>
<game><path>./Neo Geo Pocket FBN/dendego2p.zip</path><name>dendego2p</name><image>~/../thumbs/SNK - Neo Geo Pocket/Named_Snaps/dendego2p.png</image><titleshot>~/../thumbs/SNK - Neo Geo Pocket/Named_Titles/dendego2p.png</titleshot><thumbnail>~/../thumbs/SNK - Neo Geo Pocket/Named_Boxarts/dendego2p.png</thumbnail><marquee>~/../thumbs/SNK - Neo Geo Pocket/Named_Logos/dendego2p.png</marquee></game>
<game><path>./Neo Geo Pocket FBN/divealrb.zip</path><name>divealrb</name><image>~/../thumbs/SNK - Neo Geo Pocket/Named_Snaps/divealrb.png</image><titleshot>~/../thumbs/SNK - Neo Geo Pocket/Named_Titles/divealrb.png</titleshot><thumbnail>~/../thumbs/SNK - Neo Geo Pocket/Named_Boxarts/divealrb.png</thumbnail><marquee>~/../thumbs/SNK - Neo Geo Pocket/Named_Logos/divealrb.png</marquee></game>
<game><path>./Neo Geo Pocket FBN/divealrbj.zip</path><name>divealrbj</name><image>~/../thumbs/SNK - Neo Geo Pocket/Named_Snaps/divealrbj.png</image><titleshot>~/../thumbs/SNK - Neo Geo Pocket/Named_Titles/divealrbj.png</titleshot><thumbnail>~/../thumbs/SNK - Neo Geo Pocket/Named_Boxarts/divealrbj.png</thumbnail><marquee>~/../thumbs/SNK - Neo Geo Pocket/Named_Logos/divealrbj.png</marquee></game>
<game><path>./Neo Geo Pocket FBN/divealrm.zip</path><name>divealrm</name><image>~/../thumbs/SNK - Neo Geo Pocket/Named_Snaps/divealrm.png</image><titleshot>~/../thumbs/SNK - Neo Geo Pocket/Named_Titles/divealrm.png</titleshot><thumbnail>~/../thumbs/SNK - Neo Geo Pocket/Named_Boxarts/divealrm.png</thumbnail><marquee>~/../thumbs/SNK - Neo Geo Pocket/Named_Logos/divealrm.png</marquee></game>
<game><path>./Neo Geo Pocket FBN/divealrmj.zip</path><name>divealrmj</name><image>~/../thumbs/SNK - Neo Geo Pocket/Named_Snaps/divealrmj.png</image><titleshot>~/../thumbs/SNK - Neo Geo Pocket/Named_Titles/divealrmj.png</titleshot><thumbnail>~/../thumbs/SNK - Neo Geo Pocket/Named_Boxarts/divealrmj.png</thumbnail><marquee>~/../thumbs/SNK - Neo Geo Pocket/Named_Logos/divealrmj.png</marquee></game>
<game><path>./Neo Geo Pocket FBN/divealrmjp.zip</path><name>divealrmjp</name><image>~/../thumbs/SNK - Neo Geo Pocket/Named_Snaps/divealrmjp.png</image><titleshot>~/../thumbs/SNK - Neo Geo Pocket/Named_Titles/divealrmjp.png</titleshot><thumbnail>~/../thumbs/SNK - Neo Geo Pocket/Named_Boxarts/divealrmjp.png</thumbnail><marquee>~/../thumbs/SNK - Neo Geo Pocket/Named_Logos/divealrmjp.png</marquee></game>
<game><path>./Neo Geo Pocket FBN/dokodemo.zip</path><name>dokodemo</name><image>~/../thumbs/SNK - Neo Geo Pocket/Named_Snaps/dokodemo.png</image><titleshot>~/../thumbs/SNK - Neo Geo Pocket/Named_Titles/dokodemo.png</titleshot><thumbnail>~/../thumbs/SNK - Neo Geo Pocket/Named_Boxarts/dokodemo.png</thumbnail><marquee>~/../thumbs/SNK - Neo Geo Pocket/Named_Logos/dokodemo.png</marquee></game>
<game><path>./Neo Geo Pocket FBN/dynaslug.zip</path><name>dynaslug</name><image>~/../thumbs/SNK - Neo Geo Pocket/Named_Snaps/dynaslug.png</image><titleshot>~/../thumbs/SNK - Neo Geo Pocket/Named_Titles/dynaslug.png</titleshot><thumbnail>~/../thumbs/SNK - Neo Geo Pocket/Named_Boxarts/dynaslug.png</thumbnail><marquee>~/../thumbs/SNK - Neo Geo Pocket/Named_Logos/dynaslug.png</marquee></game>
<game><path>./Neo Geo Pocket FBN/evolutn.zip</path><name>evolutn</name><image>~/../thumbs/SNK - Neo Geo Pocket/Named_Snaps/evolutn.png</image><titleshot>~/../thumbs/SNK - Neo Geo Pocket/Named_Titles/evolutn.png</titleshot><thumbnail>~/../thumbs/SNK - Neo Geo Pocket/Named_Boxarts/evolutn.png</thumbnail><marquee>~/../thumbs/SNK - Neo Geo Pocket/Named_Logos/evolutn.png</marquee></game>
<game><path>./Neo Geo Pocket FBN/evolutnj.zip</path><name>evolutnj</name><image>~/../thumbs/SNK - Neo Geo Pocket/Named_Snaps/evolutnj.png</image><titleshot>~/../thumbs/SNK - Neo Geo Pocket/Named_Titles/evolutnj.png</titleshot><thumbnail>~/../thumbs/SNK - Neo Geo Pocket/Named_Boxarts/evolutnj.png</thumbnail><marquee>~/../thumbs/SNK - Neo Geo Pocket/Named_Logos/evolutnj.png</marquee></game>
<game><path>./Neo Geo Pocket FBN/faselei.zip</path><name>faselei</name><image>~/../thumbs/SNK - Neo Geo Pocket/Named_Snaps/faselei.png</image><titleshot>~/../thumbs/SNK - Neo Geo Pocket/Named_Titles/faselei.png</titleshot><thumbnail>~/../thumbs/SNK - Neo Geo Pocket/Named_Boxarts/faselei.png</thumbnail><marquee>~/../thumbs/SNK - Neo Geo Pocket/Named_Logos/faselei.png</marquee></game>
<game><path>./Neo Geo Pocket FBN/faseleij.zip</path><name>faseleij</name><image>~/../thumbs/SNK - Neo Geo Pocket/Named_Snaps/faseleij.png</image><titleshot>~/../thumbs/SNK - Neo Geo Pocket/Named_Titles/faseleij.png</titleshot><thumbnail>~/../thumbs/SNK - Neo Geo Pocket/Named_Boxarts/faseleij.png</thumbnail><marquee>~/../thumbs/SNK - Neo Geo Pocket/Named_Logos/faseleij.png</marquee></game>
<game><path>./Neo Geo Pocket FBN/fatfury.zip</path><name>fatfury</name><image>~/../thumbs/SNK - Neo Geo Pocket/Named_Snaps/fatfury.png</image><titleshot>~/../thumbs/SNK - Neo Geo Pocket/Named_Titles/fatfury.png</titleshot><thumbnail>~/../thumbs/SNK - Neo Geo Pocket/Named_Boxarts/fatfury.png</thumbnail><marquee>~/../thumbs/SNK - Neo Geo Pocket/Named_Logos/fatfury.png</marquee></game>
<game><path>./Neo Geo Pocket FBN/fatfuryd.zip</path><name>fatfuryd</name><image>~/../thumbs/SNK - Neo Geo Pocket/Named_Snaps/fatfuryd.png</image><titleshot>~/../thumbs/SNK - Neo Geo Pocket/Named_Titles/fatfuryd.png</titleshot><thumbnail>~/../thumbs/SNK - Neo Geo Pocket/Named_Boxarts/fatfuryd.png</thumbnail><marquee>~/../thumbs/SNK - Neo Geo Pocket/Named_Logos/fatfuryd.png</marquee></game>
<game><path>./Neo Geo Pocket FBN/fruitypalsr.zip</path><name>fruitypalsr</name><image>~/../thumbs/SNK - Neo Geo Pocket/Named_Snaps/fruitypalsr.png</image><titleshot>~/../thumbs/SNK - Neo Geo Pocket/Named_Titles/fruitypalsr.png</titleshot><thumbnail>~/../thumbs/SNK - Neo Geo Pocket/Named_Boxarts/fruitypalsr.png</thumbnail><marquee>~/../thumbs/SNK - Neo Geo Pocket/Named_Logos/fruitypalsr.png</marquee></game>
<game><path>./Neo Geo Pocket FBN/ganbaren.zip</path><name>ganbaren</name><image>~/../thumbs/SNK - Neo Geo Pocket/Named_Snaps/ganbaren.png</image><titleshot>~/../thumbs/SNK - Neo Geo Pocket/Named_Titles/ganbaren.png</titleshot><thumbnail>~/../thumbs/SNK - Neo Geo Pocket/Named_Boxarts/ganbaren.png</thumbnail><marquee>~/../thumbs/SNK - Neo Geo Pocket/Named_Logos/ganbaren.png</marquee></game>
<game><path>./Neo Geo Pocket FBN/gearsoffate.zip</path><name>gearsoffate</name><image>~/../thumbs/SNK - Neo Geo Pocket/Named_Snaps/gearsoffate.png</image><titleshot>~/../thumbs/SNK - Neo Geo Pocket/Named_Titles/gearsoffate.png</titleshot><thumbnail>~/../thumbs/SNK - Neo Geo Pocket/Named_Boxarts/gearsoffate.png</thumbnail><marquee>~/../thumbs/SNK - Neo Geo Pocket/Named_Logos/gearsoffate.png</marquee></game>
<game><path>./Neo Geo Pocket FBN/hanadojo.zip</path><name>hanadojo</name><image>~/../thumbs/SNK - Neo Geo Pocket/Named_Snaps/hanadojo.png</image><titleshot>~/../thumbs/SNK - Neo Geo Pocket/Named_Titles/hanadojo.png</titleshot><thumbnail>~/../thumbs/SNK - Neo Geo Pocket/Named_Boxarts/hanadojo.png</thumbnail><marquee>~/../thumbs/SNK - Neo Geo Pocket/Named_Logos/hanadojo.png</marquee></game>
<game><path>./Neo Geo Pocket FBN/infinity.zip</path><name>infinity</name><image>~/../thumbs/SNK - Neo Geo Pocket/Named_Snaps/infinity.png</image><titleshot>~/../thumbs/SNK - Neo Geo Pocket/Named_Titles/infinity.png</titleshot><thumbnail>~/../thumbs/SNK - Neo Geo Pocket/Named_Boxarts/infinity.png</thumbnail><marquee>~/../thumbs/SNK - Neo Geo Pocket/Named_Logos/infinity.png</marquee></game>
<game><path>./Neo Geo Pocket FBN/kikousei.zip</path><name>kikousei</name><image>~/../thumbs/SNK - Neo Geo Pocket/Named_Snaps/kikousei.png</image><titleshot>~/../thumbs/SNK - Neo Geo Pocket/Named_Titles/kikousei.png</titleshot><thumbnail>~/../thumbs/SNK - Neo Geo Pocket/Named_Boxarts/kikousei.png</thumbnail><marquee>~/../thumbs/SNK - Neo Geo Pocket/Named_Logos/kikousei.png</marquee></game>
<game><path>./Neo Geo Pocket FBN/kof_mlon.zip</path><name>kof_mlon</name><image>~/../thumbs/SNK - Neo Geo Pocket/Named_Snaps/kof_mlon.png</image><titleshot>~/../thumbs/SNK - Neo Geo Pocket/Named_Titles/kof_mlon.png</titleshot><thumbnail>~/../thumbs/SNK - Neo Geo Pocket/Named_Boxarts/kof_mlon.png</thumbnail><marquee>~/../thumbs/SNK - Neo Geo Pocket/Named_Logos/kof_mlon.png</marquee></game>
<game><path>./Neo Geo Pocket FBN/kofpara.zip</path><name>kofpara</name><image>~/../thumbs/SNK - Neo Geo Pocket/Named_Snaps/kofpara.png</image><titleshot>~/../thumbs/SNK - Neo Geo Pocket/Named_Titles/kofpara.png</titleshot><thumbnail>~/../thumbs/SNK - Neo Geo Pocket/Named_Boxarts/kofpara.png</thumbnail><marquee>~/../thumbs/SNK - Neo Geo Pocket/Named_Logos/kofpara.png</marquee></game>
<game><path>./Neo Geo Pocket FBN/kofparae.zip</path><name>kofparae</name><image>~/../thumbs/SNK - Neo Geo Pocket/Named_Snaps/kofparae.png</image><titleshot>~/../thumbs/SNK - Neo Geo Pocket/Named_Titles/kofparae.png</titleshot><thumbnail>~/../thumbs/SNK - Neo Geo Pocket/Named_Boxarts/kofparae.png</thumbnail><marquee>~/../thumbs/SNK - Neo Geo Pocket/Named_Logos/kofparae.png</marquee></game>
<game><path>./Neo Geo Pocket FBN/kofr1.zip</path><name>kofr1</name><image>~/../thumbs/SNK - Neo Geo Pocket/Named_Snaps/kofr1.png</image><titleshot>~/../thumbs/SNK - Neo Geo Pocket/Named_Titles/kofr1.png</titleshot><thumbnail>~/../thumbs/SNK - Neo Geo Pocket/Named_Boxarts/kofr1.png</thumbnail><marquee>~/../thumbs/SNK - Neo Geo Pocket/Named_Logos/kofr1.png</marquee></game>
<game><path>./Neo Geo Pocket FBN/kofr2.zip</path><name>kofr2</name><image>~/../thumbs/SNK - Neo Geo Pocket/Named_Snaps/kofr2.png</image><titleshot>~/../thumbs/SNK - Neo Geo Pocket/Named_Titles/kofr2.png</titleshot><thumbnail>~/../thumbs/SNK - Neo Geo Pocket/Named_Boxarts/kofr2.png</thumbnail><marquee>~/../thumbs/SNK - Neo Geo Pocket/Named_Logos/kofr2.png</marquee></game>
<game><path>./Neo Geo Pocket FBN/kofr2d.zip</path><name>kofr2d</name><image>~/../thumbs/SNK - Neo Geo Pocket/Named_Snaps/kofr2d.png</image><titleshot>~/../thumbs/SNK - Neo Geo Pocket/Named_Titles/kofr2d.png</titleshot><thumbnail>~/../thumbs/SNK - Neo Geo Pocket/Named_Boxarts/kofr2d.png</thumbnail><marquee>~/../thumbs/SNK - Neo Geo Pocket/Named_Logos/kofr2d.png</marquee></game>
<game><path>./Neo Geo Pocket FBN/kofr2d2.zip</path><name>kofr2d2</name><image>~/../thumbs/SNK - Neo Geo Pocket/Named_Snaps/kofr2d2.png</image><titleshot>~/../thumbs/SNK - Neo Geo Pocket/Named_Titles/kofr2d2.png</titleshot><thumbnail>~/../thumbs/SNK - Neo Geo Pocket/Named_Boxarts/kofr2d2.png</thumbnail><marquee>~/../thumbs/SNK - Neo Geo Pocket/Named_Logos/kofr2d2.png</marquee></game>
<game><path>./Neo Geo Pocket FBN/koikoi.zip</path><name>koikoi</name><image>~/../thumbs/SNK - Neo Geo Pocket/Named_Snaps/koikoi.png</image><titleshot>~/../thumbs/SNK - Neo Geo Pocket/Named_Titles/koikoi.png</titleshot><thumbnail>~/../thumbs/SNK - Neo Geo Pocket/Named_Boxarts/koikoi.png</thumbnail><marquee>~/../thumbs/SNK - Neo Geo Pocket/Named_Logos/koikoi.png</marquee></game>
<game><path>./Neo Geo Pocket FBN/lastblad.zip</path><name>lastblad</name><image>~/../thumbs/SNK - Neo Geo Pocket/Named_Snaps/lastblad.png</image><titleshot>~/../thumbs/SNK - Neo Geo Pocket/Named_Titles/lastblad.png</titleshot><thumbnail>~/../thumbs/SNK - Neo Geo Pocket/Named_Boxarts/lastblad.png</thumbnail><marquee>~/../thumbs/SNK - Neo Geo Pocket/Named_Logos/lastblad.png</marquee></game>
<game><path>./Neo Geo Pocket FBN/magdrop.zip</path><name>magdrop</name><image>~/../thumbs/SNK - Neo Geo Pocket/Named_Snaps/magdrop.png</image><titleshot>~/../thumbs/SNK - Neo Geo Pocket/Named_Titles/magdrop.png</titleshot><thumbnail>~/../thumbs/SNK - Neo Geo Pocket/Named_Boxarts/magdrop.png</thumbnail><marquee>~/../thumbs/SNK - Neo Geo Pocket/Named_Logos/magdrop.png</marquee></game>
<game><path>./Neo Geo Pocket FBN/magdropj.zip</path><name>magdropj</name><image>~/../thumbs/SNK - Neo Geo Pocket/Named_Snaps/magdropj.png</image><titleshot>~/../thumbs/SNK - Neo Geo Pocket/Named_Titles/magdropj.png</titleshot><thumbnail>~/../thumbs/SNK - Neo Geo Pocket/Named_Boxarts/magdropj.png</thumbnail><marquee>~/../thumbs/SNK - Neo Geo Pocket/Named_Logos/magdropj.png</marquee></game>
<game><path>./Neo Geo Pocket FBN/magdropjd.zip</path><name>magdropjd</name><image>~/../thumbs/SNK - Neo Geo Pocket/Named_Snaps/magdropjd.png</image><titleshot>~/../thumbs/SNK - Neo Geo Pocket/Named_Titles/magdropjd.png</titleshot><thumbnail>~/../thumbs/SNK - Neo Geo Pocket/Named_Boxarts/magdropjd.png</thumbnail><marquee>~/../thumbs/SNK - Neo Geo Pocket/Named_Logos/magdropjd.png</marquee></game>
<game><path>./Neo Geo Pocket FBN/melonchn.zip</path><name>melonchn</name><image>~/../thumbs/SNK - Neo Geo Pocket/Named_Snaps/melonchn.png</image><titleshot>~/../thumbs/SNK - Neo Geo Pocket/Named_Titles/melonchn.png</titleshot><thumbnail>~/../thumbs/SNK - Neo Geo Pocket/Named_Boxarts/melonchn.png</thumbnail><marquee>~/../thumbs/SNK - Neo Geo Pocket/Named_Logos/melonchn.png</marquee></game>
<game><path>./Neo Geo Pocket FBN/memories.zip</path><name>memories</name><image>~/../thumbs/SNK - Neo Geo Pocket/Named_Snaps/memories.png</image><titleshot>~/../thumbs/SNK - Neo Geo Pocket/Named_Titles/memories.png</titleshot><thumbnail>~/../thumbs/SNK - Neo Geo Pocket/Named_Boxarts/memories.png</thumbnail><marquee>~/../thumbs/SNK - Neo Geo Pocket/Named_Logos/memories.png</marquee></game>
<game><path>./Neo Geo Pocket FBN/mezase.zip</path><name>mezase</name><image>~/../thumbs/SNK - Neo Geo Pocket/Named_Snaps/mezase.png</image><titleshot>~/../thumbs/SNK - Neo Geo Pocket/Named_Titles/mezase.png</titleshot><thumbnail>~/../thumbs/SNK - Neo Geo Pocket/Named_Boxarts/mezase.png</thumbnail><marquee>~/../thumbs/SNK - Neo Geo Pocket/Named_Logos/mezase.png</marquee></game>
<game><path>./Neo Geo Pocket FBN/mizuki.zip</path><name>mizuki</name><image>~/../thumbs/SNK - Neo Geo Pocket/Named_Snaps/mizuki.png</image><titleshot>~/../thumbs/SNK - Neo Geo Pocket/Named_Titles/mizuki.png</titleshot><thumbnail>~/../thumbs/SNK - Neo Geo Pocket/Named_Boxarts/mizuki.png</thumbnail><marquee>~/../thumbs/SNK - Neo Geo Pocket/Named_Logos/mizuki.png</marquee></game>
<game><path>./Neo Geo Pocket FBN/mminer.zip</path><name>mminer</name><image>~/../thumbs/SNK - Neo Geo Pocket/Named_Snaps/mminer.png</image><titleshot>~/../thumbs/SNK - Neo Geo Pocket/Named_Titles/mminer.png</titleshot><thumbnail>~/../thumbs/SNK - Neo Geo Pocket/Named_Boxarts/mminer.png</thumbnail><marquee>~/../thumbs/SNK - Neo Geo Pocket/Named_Logos/mminer.png</marquee></game>
<game><path>./Neo Geo Pocket FBN/mslug1st.zip</path><name>mslug1st</name><image>~/../thumbs/SNK - Neo Geo Pocket/Named_Snaps/mslug1st.png</image><titleshot>~/../thumbs/SNK - Neo Geo Pocket/Named_Titles/mslug1st.png</titleshot><thumbnail>~/../thumbs/SNK - Neo Geo Pocket/Named_Boxarts/mslug1st.png</thumbnail><marquee>~/../thumbs/SNK - Neo Geo Pocket/Named_Logos/mslug1st.png</marquee></game>
<game><path>./Neo Geo Pocket FBN/mslug2nd.zip</path><name>mslug2nd</name><image>~/../thumbs/SNK - Neo Geo Pocket/Named_Snaps/mslug2nd.png</image><titleshot>~/../thumbs/SNK - Neo Geo Pocket/Named_Titles/mslug2nd.png</titleshot><thumbnail>~/../thumbs/SNK - Neo Geo Pocket/Named_Boxarts/mslug2nd.png</thumbnail><marquee>~/../thumbs/SNK - Neo Geo Pocket/Named_Logos/mslug2nd.png</marquee></game>
<game><path>./Neo Geo Pocket FBN/mslug2ndd.zip</path><name>mslug2ndd</name><image>~/../thumbs/SNK - Neo Geo Pocket/Named_Snaps/mslug2ndd.png</image><titleshot>~/../thumbs/SNK - Neo Geo Pocket/Named_Titles/mslug2ndd.png</titleshot><thumbnail>~/../thumbs/SNK - Neo Geo Pocket/Named_Boxarts/mslug2ndd.png</thumbnail><marquee>~/../thumbs/SNK - Neo Geo Pocket/Named_Logos/mslug2ndd.png</marquee></game>
<game><path>./Neo Geo Pocket FBN/neo21.zip</path><name>neo21</name><image>~/../thumbs/SNK - Neo Geo Pocket/Named_Snaps/neo21.png</image><titleshot>~/../thumbs/SNK - Neo Geo Pocket/Named_Titles/neo21.png</titleshot><thumbnail>~/../thumbs/SNK - Neo Geo Pocket/Named_Boxarts/neo21.png</thumbnail><marquee>~/../thumbs/SNK - Neo Geo Pocket/Named_Logos/neo21.png</marquee></game>
<game><path>./Neo Geo Pocket FBN/neobacca.zip</path><name>neobacca</name><image>~/../thumbs/SNK - Neo Geo Pocket/Named_Snaps/neobacca.png</image><titleshot>~/../thumbs/SNK - Neo Geo Pocket/Named_Titles/neobacca.png</titleshot><thumbnail>~/../thumbs/SNK - Neo Geo Pocket/Named_Boxarts/neobacca.png</thumbnail><marquee>~/../thumbs/SNK - Neo Geo Pocket/Named_Logos/neobacca.png</marquee></game>
<game><path>./Neo Geo Pocket FBN/neobaccap.zip</path><name>neobaccap</name><image>~/../thumbs/SNK - Neo Geo Pocket/Named_Snaps/neobaccap.png</image><titleshot>~/../thumbs/SNK - Neo Geo Pocket/Named_Titles/neobaccap.png</titleshot><thumbnail>~/../thumbs/SNK - Neo Geo Pocket/Named_Boxarts/neobaccap.png</thumbnail><marquee>~/../thumbs/SNK - Neo Geo Pocket/Named_Logos/neobaccap.png</marquee></game>
<game><path>./Neo Geo Pocket FBN/neocher.zip</path><name>neocher</name><image>~/../thumbs/SNK - Neo Geo Pocket/Named_Snaps/neocher.png</image><titleshot>~/../thumbs/SNK - Neo Geo Pocket/Named_Titles/neocher.png</titleshot><thumbnail>~/../thumbs/SNK - Neo Geo Pocket/Named_Boxarts/neocher.png</thumbnail><marquee>~/../thumbs/SNK - Neo Geo Pocket/Named_Logos/neocher.png</marquee></game>
<game><path>./Neo Geo Pocket FBN/neocherc.zip</path><name>neocherc</name><image>~/../thumbs/SNK - Neo Geo Pocket/Named_Snaps/neocherc.png</image><titleshot>~/../thumbs/SNK - Neo Geo Pocket/Named_Titles/neocherc.png</titleshot><thumbnail>~/../thumbs/SNK - Neo Geo Pocket/Named_Boxarts/neocherc.png</thumbnail><marquee>~/../thumbs/SNK - Neo Geo Pocket/Named_Logos/neocherc.png</marquee></game>
<game><path>./Neo Geo Pocket FBN/neochercp.zip</path><name>neochercp</name><image>~/../thumbs/SNK - Neo Geo Pocket/Named_Snaps/neochercp.png</image><titleshot>~/../thumbs/SNK - Neo Geo Pocket/Named_Titles/neochercp.png</titleshot><thumbnail>~/../thumbs/SNK - Neo Geo Pocket/Named_Boxarts/neochercp.png</thumbnail><marquee>~/../thumbs/SNK - Neo Geo Pocket/Named_Logos/neochercp.png</marquee></game>
<game><path>./Neo Geo Pocket FBN/neocup98.zip</path><name>neocup98</name><image>~/../thumbs/SNK - Neo Geo Pocket/Named_Snaps/neocup98.png</image><titleshot>~/../thumbs/SNK - Neo Geo Pocket/Named_Titles/neocup98.png</titleshot><thumbnail>~/../thumbs/SNK - Neo Geo Pocket/Named_Boxarts/neocup98.png</thumbnail><marquee>~/../thumbs/SNK - Neo Geo Pocket/Named_Logos/neocup98.png</marquee></game>
<game><path>./Neo Geo Pocket FBN/neocuppl.zip</path><name>neocuppl</name><image>~/../thumbs/SNK - Neo Geo Pocket/Named_Snaps/neocuppl.png</image><titleshot>~/../thumbs/SNK - Neo Geo Pocket/Named_Titles/neocuppl.png</titleshot><thumbnail>~/../thumbs/SNK - Neo Geo Pocket/Named_Boxarts/neocuppl.png</thumbnail><marquee>~/../thumbs/SNK - Neo Geo Pocket/Named_Logos/neocuppl.png</marquee></game>
<game><path>./Neo Geo Pocket FBN/neoderby.zip</path><name>neoderby</name><image>~/../thumbs/SNK - Neo Geo Pocket/Named_Snaps/neoderby.png</image><titleshot>~/../thumbs/SNK - Neo Geo Pocket/Named_Titles/neoderby.png</titleshot><thumbnail>~/../thumbs/SNK - Neo Geo Pocket/Named_Boxarts/neoderby.png</thumbnail><marquee>~/../thumbs/SNK - Neo Geo Pocket/Named_Logos/neoderby.png</marquee></game>
<game><path>./Neo Geo Pocket FBN/neodrag.zip</path><name>neodrag</name><image>~/../thumbs/SNK - Neo Geo Pocket/Named_Snaps/neodrag.png</image><titleshot>~/../thumbs/SNK - Neo Geo Pocket/Named_Titles/neodrag.png</titleshot><thumbnail>~/../thumbs/SNK - Neo Geo Pocket/Named_Boxarts/neodrag.png</thumbnail><marquee>~/../thumbs/SNK - Neo Geo Pocket/Named_Logos/neodrag.png</marquee></game>
<game><path>./Neo Geo Pocket FBN/neodraga.zip</path><name>neodraga</name><image>~/../thumbs/SNK - Neo Geo Pocket/Named_Snaps/neodraga.png</image><titleshot>~/../thumbs/SNK - Neo Geo Pocket/Named_Titles/neodraga.png</titleshot><thumbnail>~/../thumbs/SNK - Neo Geo Pocket/Named_Boxarts/neodraga.png</thumbnail><marquee>~/../thumbs/SNK - Neo Geo Pocket/Named_Logos/neodraga.png</marquee></game>
<game><path>./Neo Geo Pocket FBN/neomystr.zip</path><name>neomystr</name><image>~/../thumbs/SNK - Neo Geo Pocket/Named_Snaps/neomystr.png</image><titleshot>~/../thumbs/SNK - Neo Geo Pocket/Named_Titles/neomystr.png</titleshot><thumbnail>~/../thumbs/SNK - Neo Geo Pocket/Named_Boxarts/neomystr.png</thumbnail><marquee>~/../thumbs/SNK - Neo Geo Pocket/Named_Logos/neomystr.png</marquee></game>
<game><path>./Neo Geo Pocket FBN/neoproyk.zip</path><name>neoproyk</name><image>~/../thumbs/SNK - Neo Geo Pocket/Named_Snaps/neoproyk.png</image><titleshot>~/../thumbs/SNK - Neo Geo Pocket/Named_Titles/neoproyk.png</titleshot><thumbnail>~/../thumbs/SNK - Neo Geo Pocket/Named_Boxarts/neoproyk.png</thumbnail><marquee>~/../thumbs/SNK - Neo Geo Pocket/Named_Logos/neoproyk.png</marquee></game>
<game><path>./Neo Geo Pocket FBN/neoturfm.zip</path><name>neoturfm</name><image>~/../thumbs/SNK - Neo Geo Pocket/Named_Snaps/neoturfm.png</image><titleshot>~/../thumbs/SNK - Neo Geo Pocket/Named_Titles/neoturfm.png</titleshot><thumbnail>~/../thumbs/SNK - Neo Geo Pocket/Named_Boxarts/neoturfm.png</thumbnail><marquee>~/../thumbs/SNK - Neo Geo Pocket/Named_Logos/neoturfm.png</marquee></game>
<game><path>./Neo Geo Pocket FBN/ngp.zip</path><name>ngp</name><image>~/../thumbs/SNK - Neo Geo Pocket/Named_Snaps/ngp.png</image><titleshot>~/../thumbs/SNK - Neo Geo Pocket/Named_Titles/ngp.png</titleshot><thumbnail>~/../thumbs/SNK - Neo Geo Pocket/Named_Boxarts/ngp.png</thumbnail><marquee>~/../thumbs/SNK - Neo Geo Pocket/Named_Logos/ngp.png</marquee></game>
<game><path>./Neo Geo Pocket FBN/nigeronp.zip</path><name>nigeronp</name><image>~/../thumbs/SNK - Neo Geo Pocket/Named_Snaps/nigeronp.png</image><titleshot>~/../thumbs/SNK - Neo Geo Pocket/Named_Titles/nigeronp.png</titleshot><thumbnail>~/../thumbs/SNK - Neo Geo Pocket/Named_Boxarts/nigeronp.png</thumbnail><marquee>~/../thumbs/SNK - Neo Geo Pocket/Named_Logos/nigeronp.png</marquee></game>
<game><path>./Neo Geo Pocket FBN/nigeronpe.zip</path><name>nigeronpe</name><image>~/../thumbs/SNK - Neo Geo Pocket/Named_Snaps/nigeronpe.png</image><titleshot>~/../thumbs/SNK - Neo Geo Pocket/Named_Titles/nigeronpe.png</titleshot><thumbnail>~/../thumbs/SNK - Neo Geo Pocket/Named_Boxarts/nigeronpe.png</thumbnail><marquee>~/../thumbs/SNK - Neo Geo Pocket/Named_Logos/nigeronpe.png</marquee></game>
<game><path>./Neo Geo Pocket FBN/oekakip.zip</path><name>oekakip</name><image>~/../thumbs/SNK - Neo Geo Pocket/Named_Snaps/oekakip.png</image><titleshot>~/../thumbs/SNK - Neo Geo Pocket/Named_Titles/oekakip.png</titleshot><thumbnail>~/../thumbs/SNK - Neo Geo Pocket/Named_Boxarts/oekakip.png</thumbnail><marquee>~/../thumbs/SNK - Neo Geo Pocket/Named_Logos/oekakip.png</marquee></game>
<game><path>./Neo Geo Pocket FBN/ogrebatl.zip</path><name>ogrebatl</name><image>~/../thumbs/SNK - Neo Geo Pocket/Named_Snaps/ogrebatl.png</image><titleshot>~/../thumbs/SNK - Neo Geo Pocket/Named_Titles/ogrebatl.png</titleshot><thumbnail>~/../thumbs/SNK - Neo Geo Pocket/Named_Boxarts/ogrebatl.png</thumbnail><marquee>~/../thumbs/SNK - Neo Geo Pocket/Named_Logos/ogrebatl.png</marquee></game>
<game><path>./Neo Geo Pocket FBN/pachinko.zip</path><name>pachinko</name><image>~/../thumbs/SNK - Neo Geo Pocket/Named_Snaps/pachinko.png</image><titleshot>~/../thumbs/SNK - Neo Geo Pocket/Named_Titles/pachinko.png</titleshot><thumbnail>~/../thumbs/SNK - Neo Geo Pocket/Named_Boxarts/pachinko.png</thumbnail><marquee>~/../thumbs/SNK - Neo Geo Pocket/Named_Logos/pachinko.png</marquee></game>
<game><path>./Neo Geo Pocket FBN/pacman.zip</path><name>pacman</name><image>~/../thumbs/SNK - Neo Geo Pocket/Named_Snaps/pacman.png</image><titleshot>~/../thumbs/SNK - Neo Geo Pocket/Named_Titles/pacman.png</titleshot><thumbnail>~/../thumbs/SNK - Neo Geo Pocket/Named_Boxarts/pacman.png</thumbnail><marquee>~/../thumbs/SNK - Neo Geo Pocket/Named_Logos/pacman.png</marquee></game>
<game><path>./Neo Geo Pocket FBN/pbobble.zip</path><name>pbobble</name><image>~/../thumbs/SNK - Neo Geo Pocket/Named_Snaps/pbobble.png</image><titleshot>~/../thumbs/SNK - Neo Geo Pocket/Named_Titles/pbobble.png</titleshot><thumbnail>~/../thumbs/SNK - Neo Geo Pocket/Named_Boxarts/pbobble.png</thumbnail><marquee>~/../thumbs/SNK - Neo Geo Pocket/Named_Logos/pbobble.png</marquee></game>
<game><path>./Neo Geo Pocket FBN/pbobblea.zip</path><name>pbobblea</name><image>~/../thumbs/SNK - Neo Geo Pocket/Named_Snaps/pbobblea.png</image><titleshot>~/../thumbs/SNK - Neo Geo Pocket/Named_Titles/pbobblea.png</titleshot><thumbnail>~/../thumbs/SNK - Neo Geo Pocket/Named_Boxarts/pbobblea.png</thumbnail><marquee>~/../thumbs/SNK - Neo Geo Pocket/Named_Logos/pbobblea.png</marquee></game>
<game><path>./Neo Geo Pocket FBN/pbobbleb.zip</path><name>pbobbleb</name><image>~/../thumbs/SNK - Neo Geo Pocket/Named_Snaps/pbobbleb.png</image><titleshot>~/../thumbs/SNK - Neo Geo Pocket/Named_Titles/pbobbleb.png</titleshot><thumbnail>~/../thumbs/SNK - Neo Geo Pocket/Named_Boxarts/pbobbleb.png</thumbnail><marquee>~/../thumbs/SNK - Neo Geo Pocket/Named_Logos/pbobbleb.png</marquee></game>
<game><path>./Neo Geo Pocket FBN/picturep.zip</path><name>picturep</name><image>~/../thumbs/SNK - Neo Geo Pocket/Named_Snaps/picturep.png</image><titleshot>~/../thumbs/SNK - Neo Geo Pocket/Named_Titles/picturep.png</titleshot><thumbnail>~/../thumbs/SNK - Neo Geo Pocket/Named_Boxarts/picturep.png</thumbnail><marquee>~/../thumbs/SNK - Neo Geo Pocket/Named_Logos/picturep.png</marquee></game>
<game><path>./Neo Geo Pocket FBN/pockrev.zip</path><name>pockrev</name><image>~/../thumbs/SNK - Neo Geo Pocket/Named_Snaps/pockrev.png</image><titleshot>~/../thumbs/SNK - Neo Geo Pocket/Named_Titles/pockrev.png</titleshot><thumbnail>~/../thumbs/SNK - Neo Geo Pocket/Named_Boxarts/pockrev.png</thumbnail><marquee>~/../thumbs/SNK - Neo Geo Pocket/Named_Logos/pockrev.png</marquee></game>
<game><path>./Neo Geo Pocket FBN/pockrevj.zip</path><name>pockrevj</name><image>~/../thumbs/SNK - Neo Geo Pocket/Named_Snaps/pockrevj.png</image><titleshot>~/../thumbs/SNK - Neo Geo Pocket/Named_Titles/pockrevj.png</titleshot><thumbnail>~/../thumbs/SNK - Neo Geo Pocket/Named_Boxarts/pockrevj.png</thumbnail><marquee>~/../thumbs/SNK - Neo Geo Pocket/Named_Logos/pockrevj.png</marquee></game>
<game><path>./Neo Geo Pocket FBN/poktlove.zip</path><name>poktlove</name><image>~/../thumbs/SNK - Neo Geo Pocket/Named_Snaps/poktlove.png</image><titleshot>~/../thumbs/SNK - Neo Geo Pocket/Named_Titles/poktlove.png</titleshot><thumbnail>~/../thumbs/SNK - Neo Geo Pocket/Named_Boxarts/poktlove.png</thumbnail><marquee>~/../thumbs/SNK - Neo Geo Pocket/Named_Logos/poktlove.png</marquee></game>
<game><path>./Neo Geo Pocket FBN/prtymail.zip</path><name>prtymail</name><image>~/../thumbs/SNK - Neo Geo Pocket/Named_Snaps/prtymail.png</image><titleshot>~/../thumbs/SNK - Neo Geo Pocket/Named_Titles/prtymail.png</titleshot><thumbnail>~/../thumbs/SNK - Neo Geo Pocket/Named_Boxarts/prtymail.png</thumbnail><marquee>~/../thumbs/SNK - Neo Geo Pocket/Named_Logos/prtymail.png</marquee></game>
<game><path>./Neo Geo Pocket FBN/prtymailp.zip</path><name>prtymailp</name><image>~/../thumbs/SNK - Neo Geo Pocket/Named_Snaps/prtymailp.png</image><titleshot>~/../thumbs/SNK - Neo Geo Pocket/Named_Titles/prtymailp.png</titleshot><thumbnail>~/../thumbs/SNK - Neo Geo Pocket/Named_Boxarts/prtymailp.png</thumbnail><marquee>~/../thumbs/SNK - Neo Geo Pocket/Named_Logos/prtymailp.png</marquee></game>
<game><path>./Neo Geo Pocket FBN/pslotazt.zip</path><name>pslotazt</name><image>~/../thumbs/SNK - Neo Geo Pocket/Named_Snaps/pslotazt.png</image><titleshot>~/../thumbs/SNK - Neo Geo Pocket/Named_Titles/pslotazt.png</titleshot><thumbnail>~/../thumbs/SNK - Neo Geo Pocket/Named_Boxarts/pslotazt.png</thumbnail><marquee>~/../thumbs/SNK - Neo Geo Pocket/Named_Logos/pslotazt.png</marquee></game>
<game><path>./Neo Geo Pocket FBN/pslotdk2.zip</path><name>pslotdk2</name><image>~/../thumbs/SNK - Neo Geo Pocket/Named_Snaps/pslotdk2.png</image><titleshot>~/../thumbs/SNK - Neo Geo Pocket/Named_Titles/pslotdk2.png</titleshot><thumbnail>~/../thumbs/SNK - Neo Geo Pocket/Named_Boxarts/pslotdk2.png</thumbnail><marquee>~/../thumbs/SNK - Neo Geo Pocket/Named_Logos/pslotdk2.png</marquee></game>
<game><path>./Neo Geo Pocket FBN/pslotds2.zip</path><name>pslotds2</name><image>~/../thumbs/SNK - Neo Geo Pocket/Named_Snaps/pslotds2.png</image><titleshot>~/../thumbs/SNK - Neo Geo Pocket/Named_Titles/pslotds2.png</titleshot><thumbnail>~/../thumbs/SNK - Neo Geo Pocket/Named_Boxarts/pslotds2.png</thumbnail><marquee>~/../thumbs/SNK - Neo Geo Pocket/Named_Logos/pslotds2.png</marquee></game>
<game><path>./Neo Geo Pocket FBN/pslotecp.zip</path><name>pslotecp</name><image>~/../thumbs/SNK - Neo Geo Pocket/Named_Snaps/pslotecp.png</image><titleshot>~/../thumbs/SNK - Neo Geo Pocket/Named_Titles/pslotecp.png</titleshot><thumbnail>~/../thumbs/SNK - Neo Geo Pocket/Named_Boxarts/pslotecp.png</thumbnail><marquee>~/../thumbs/SNK - Neo Geo Pocket/Named_Logos/pslotecp.png</marquee></game>
<game><path>./Neo Geo Pocket FBN/pslothan.zip</path><name>pslothan</name><image>~/../thumbs/SNK - Neo Geo Pocket/Named_Snaps/pslothan.png</image><titleshot>~/../thumbs/SNK - Neo Geo Pocket/Named_Titles/pslothan.png</titleshot><thumbnail>~/../thumbs/SNK - Neo Geo Pocket/Named_Boxarts/pslothan.png</thumbnail><marquee>~/../thumbs/SNK - Neo Geo Pocket/Named_Logos/pslothan.png</marquee></game>
<game><path>./Neo Geo Pocket FBN/pslothana.zip</path><name>pslothana</name><image>~/../thumbs/SNK - Neo Geo Pocket/Named_Snaps/pslothana.png</image><titleshot>~/../thumbs/SNK - Neo Geo Pocket/Named_Titles/pslothana.png</titleshot><thumbnail>~/../thumbs/SNK - Neo Geo Pocket/Named_Boxarts/pslothana.png</thumbnail><marquee>~/../thumbs/SNK - Neo Geo Pocket/Named_Logos/pslothana.png</marquee></game>
<game><path>./Neo Geo Pocket FBN/pslotooh.zip</path><name>pslotooh</name><image>~/../thumbs/SNK - Neo Geo Pocket/Named_Snaps/pslotooh.png</image><titleshot>~/../thumbs/SNK - Neo Geo Pocket/Named_Titles/pslotooh.png</titleshot><thumbnail>~/../thumbs/SNK - Neo Geo Pocket/Named_Boxarts/pslotooh.png</thumbnail><marquee>~/../thumbs/SNK - Neo Geo Pocket/Named_Logos/pslotooh.png</marquee></game>
<game><path>./Neo Geo Pocket FBN/pslotpc2.zip</path><name>pslotpc2</name><image>~/../thumbs/SNK - Neo Geo Pocket/Named_Snaps/pslotpc2.png</image><titleshot>~/../thumbs/SNK - Neo Geo Pocket/Named_Titles/pslotpc2.png</titleshot><thumbnail>~/../thumbs/SNK - Neo Geo Pocket/Named_Boxarts/pslotpc2.png</thumbnail><marquee>~/../thumbs/SNK - Neo Geo Pocket/Named_Logos/pslotpc2.png</marquee></game>
<game><path>./Neo Geo Pocket FBN/pslotwrd.zip</path><name>pslotwrd</name><image>~/../thumbs/SNK - Neo Geo Pocket/Named_Snaps/pslotwrd.png</image><titleshot>~/../thumbs/SNK - Neo Geo Pocket/Named_Titles/pslotwrd.png</titleshot><thumbnail>~/../thumbs/SNK - Neo Geo Pocket/Named_Boxarts/pslotwrd.png</thumbnail><marquee>~/../thumbs/SNK - Neo Geo Pocket/Named_Logos/pslotwrd.png</marquee></game>
<game><path>./Neo Geo Pocket FBN/ptennis.zip</path><name>ptennis</name><image>~/../thumbs/SNK - Neo Geo Pocket/Named_Snaps/ptennis.png</image><titleshot>~/../thumbs/SNK - Neo Geo Pocket/Named_Titles/ptennis.png</titleshot><thumbnail>~/../thumbs/SNK - Neo Geo Pocket/Named_Boxarts/ptennis.png</thumbnail><marquee>~/../thumbs/SNK - Neo Geo Pocket/Named_Logos/ptennis.png</marquee></game>
<game><path>./Neo Geo Pocket FBN/ptennisc.zip</path><name>ptennisc</name><image>~/../thumbs/SNK - Neo Geo Pocket/Named_Snaps/ptennisc.png</image><titleshot>~/../thumbs/SNK - Neo Geo Pocket/Named_Titles/ptennisc.png</titleshot><thumbnail>~/../thumbs/SNK - Neo Geo Pocket/Named_Boxarts/ptennisc.png</thumbnail><marquee>~/../thumbs/SNK - Neo Geo Pocket/Named_Logos/ptennisc.png</marquee></game>
<game><path>./Neo Geo Pocket FBN/puyopop.zip</path><name>puyopop</name><image>~/../thumbs/SNK - Neo Geo Pocket/Named_Snaps/puyopop.png</image><titleshot>~/../thumbs/SNK - Neo Geo Pocket/Named_Titles/puyopop.png</titleshot><thumbnail>~/../thumbs/SNK - Neo Geo Pocket/Named_Boxarts/puyopop.png</thumbnail><marquee>~/../thumbs/SNK - Neo Geo Pocket/Named_Logos/puyopop.png</marquee></game>
<game><path>./Neo Geo Pocket FBN/puyopopa.zip</path><name>puyopopa</name><image>~/../thumbs/SNK - Neo Geo Pocket/Named_Snaps/puyopopa.png</image><titleshot>~/../thumbs/SNK - Neo Geo Pocket/Named_Titles/puyopopa.png</titleshot><thumbnail>~/../thumbs/SNK - Neo Geo Pocket/Named_Boxarts/puyopopa.png</thumbnail><marquee>~/../thumbs/SNK - Neo Geo Pocket/Named_Logos/puyopopa.png</marquee></game>
<game><path>./Neo Geo Pocket FBN/puzzlink.zip</path><name>puzzlink</name><image>~/../thumbs/SNK - Neo Geo Pocket/Named_Snaps/puzzlink.png</image><titleshot>~/../thumbs/SNK - Neo Geo Pocket/Named_Titles/puzzlink.png</titleshot><thumbnail>~/../thumbs/SNK - Neo Geo Pocket/Named_Boxarts/puzzlink.png</thumbnail><marquee>~/../thumbs/SNK - Neo Geo Pocket/Named_Logos/puzzlink.png</marquee></game>
<game><path>./Neo Geo Pocket FBN/puzzlnk2.zip</path><name>puzzlnk2</name><image>~/../thumbs/SNK - Neo Geo Pocket/Named_Snaps/puzzlnk2.png</image><titleshot>~/../thumbs/SNK - Neo Geo Pocket/Named_Titles/puzzlnk2.png</titleshot><thumbnail>~/../thumbs/SNK - Neo Geo Pocket/Named_Boxarts/puzzlnk2.png</thumbnail><marquee>~/../thumbs/SNK - Neo Geo Pocket/Named_Logos/puzzlnk2.png</marquee></game>
<game><path>./Neo Geo Pocket FBN/rockmanb.zip</path><name>rockmanb</name><image>~/../thumbs/SNK - Neo Geo Pocket/Named_Snaps/rockmanb.png</image><titleshot>~/../thumbs/SNK - Neo Geo Pocket/Named_Titles/rockmanb.png</titleshot><thumbnail>~/../thumbs/SNK - Neo Geo Pocket/Named_Boxarts/rockmanb.png</thumbnail><marquee>~/../thumbs/SNK - Neo Geo Pocket/Named_Logos/rockmanb.png</marquee></game>
<game><path>./Neo Geo Pocket FBN/rockmanbd.zip</path><name>rockmanbd</name><image>~/../thumbs/SNK - Neo Geo Pocket/Named_Snaps/rockmanbd.png</image><titleshot>~/../thumbs/SNK - Neo Geo Pocket/Named_Titles/rockmanbd.png</titleshot><thumbnail>~/../thumbs/SNK - Neo Geo Pocket/Named_Boxarts/rockmanbd.png</thumbnail><marquee>~/../thumbs/SNK - Neo Geo Pocket/Named_Logos/rockmanbd.png</marquee></game>
<game><path>./Neo Geo Pocket FBN/rockmanbe.zip</path><name>rockmanbe</name><image>~/../thumbs/SNK - Neo Geo Pocket/Named_Snaps/rockmanbe.png</image><titleshot>~/../thumbs/SNK - Neo Geo Pocket/Named_Titles/rockmanbe.png</titleshot><thumbnail>~/../thumbs/SNK - Neo Geo Pocket/Named_Boxarts/rockmanbe.png</thumbnail><marquee>~/../thumbs/SNK - Neo Geo Pocket/Named_Logos/rockmanbe.png</marquee></game>
<game><path>./Neo Geo Pocket FBN/samsho.zip</path><name>samsho</name><image>~/../thumbs/SNK - Neo Geo Pocket/Named_Snaps/samsho.png</image><titleshot>~/../thumbs/SNK - Neo Geo Pocket/Named_Titles/samsho.png</titleshot><thumbnail>~/../thumbs/SNK - Neo Geo Pocket/Named_Boxarts/samsho.png</thumbnail><marquee>~/../thumbs/SNK - Neo Geo Pocket/Named_Logos/samsho.png</marquee></game>
<game><path>./Neo Geo Pocket FBN/samsho2.zip</path><name>samsho2</name><image>~/../thumbs/SNK - Neo Geo Pocket/Named_Snaps/samsho2.png</image><titleshot>~/../thumbs/SNK - Neo Geo Pocket/Named_Titles/samsho2.png</titleshot><thumbnail>~/../thumbs/SNK - Neo Geo Pocket/Named_Boxarts/samsho2.png</thumbnail><marquee>~/../thumbs/SNK - Neo Geo Pocket/Named_Logos/samsho2.png</marquee></game>
<game><path>./Neo Geo Pocket FBN/shanghai.zip</path><name>shanghai</name><image>~/../thumbs/SNK - Neo Geo Pocket/Named_Snaps/shanghai.png</image><titleshot>~/../thumbs/SNK - Neo Geo Pocket/Named_Titles/shanghai.png</titleshot><thumbnail>~/../thumbs/SNK - Neo Geo Pocket/Named_Boxarts/shanghai.png</thumbnail><marquee>~/../thumbs/SNK - Neo Geo Pocket/Named_Logos/shanghai.png</marquee></game>
<game><path>./Neo Geo Pocket FBN/shanghaipj.zip</path><name>shanghaipj</name><image>~/../thumbs/SNK - Neo Geo Pocket/Named_Snaps/shanghaipj.png</image><titleshot>~/../thumbs/SNK - Neo Geo Pocket/Named_Titles/shanghaipj.png</titleshot><thumbnail>~/../thumbs/SNK - Neo Geo Pocket/Named_Boxarts/shanghaipj.png</thumbnail><marquee>~/../thumbs/SNK - Neo Geo Pocket/Named_Logos/shanghaipj.png</marquee></game>
<game><path>./Neo Geo Pocket FBN/shanghaipu.zip</path><name>shanghaipu</name><image>~/../thumbs/SNK - Neo Geo Pocket/Named_Snaps/shanghaipu.png</image><titleshot>~/../thumbs/SNK - Neo Geo Pocket/Named_Titles/shanghaipu.png</titleshot><thumbnail>~/../thumbs/SNK - Neo Geo Pocket/Named_Boxarts/shanghaipu.png</thumbnail><marquee>~/../thumbs/SNK - Neo Geo Pocket/Named_Logos/shanghaipu.png</marquee></game>
<game><path>./Neo Geo Pocket FBN/shougi.zip</path><name>shougi</name><image>~/../thumbs/SNK - Neo Geo Pocket/Named_Snaps/shougi.png</image><titleshot>~/../thumbs/SNK - Neo Geo Pocket/Named_Titles/shougi.png</titleshot><thumbnail>~/../thumbs/SNK - Neo Geo Pocket/Named_Boxarts/shougi.png</thumbnail><marquee>~/../thumbs/SNK - Neo Geo Pocket/Named_Logos/shougi.png</marquee></game>
<game><path>./Neo Geo Pocket FBN/shougic.zip</path><name>shougic</name><image>~/../thumbs/SNK - Neo Geo Pocket/Named_Snaps/shougic.png</image><titleshot>~/../thumbs/SNK - Neo Geo Pocket/Named_Titles/shougic.png</titleshot><thumbnail>~/../thumbs/SNK - Neo Geo Pocket/Named_Boxarts/shougic.png</thumbnail><marquee>~/../thumbs/SNK - Neo Geo Pocket/Named_Logos/shougic.png</marquee></game>
<game><path>./Neo Geo Pocket FBN/snkgals.zip</path><name>snkgals</name><image>~/../thumbs/SNK - Neo Geo Pocket/Named_Snaps/snkgals.png</image><titleshot>~/../thumbs/SNK - Neo Geo Pocket/Named_Titles/snkgals.png</titleshot><thumbnail>~/../thumbs/SNK - Neo Geo Pocket/Named_Boxarts/snkgals.png</thumbnail><marquee>~/../thumbs/SNK - Neo Geo Pocket/Named_Logos/snkgals.png</marquee></game>
<game><path>./Neo Geo Pocket FBN/snkgalsj.zip</path><name>snkgalsj</name><image>~/../thumbs/SNK - Neo Geo Pocket/Named_Snaps/snkgalsj.png</image><titleshot>~/../thumbs/SNK - Neo Geo Pocket/Named_Titles/snkgalsj.png</titleshot><thumbnail>~/../thumbs/SNK - Neo Geo Pocket/Named_Boxarts/snkgalsj.png</thumbnail><marquee>~/../thumbs/SNK - Neo Geo Pocket/Named_Logos/snkgalsj.png</marquee></game>
<game><path>./Neo Geo Pocket FBN/sonic.zip</path><name>sonic</name><image>~/../thumbs/SNK - Neo Geo Pocket/Named_Snaps/sonic.png</image><titleshot>~/../thumbs/SNK - Neo Geo Pocket/Named_Titles/sonic.png</titleshot><thumbnail>~/../thumbs/SNK - Neo Geo Pocket/Named_Boxarts/sonic.png</thumbnail><marquee>~/../thumbs/SNK - Neo Geo Pocket/Named_Logos/sonic.png</marquee></game>
<game><path>./Neo Geo Pocket FBN/sonicp.zip</path><name>sonicp</name><image>~/../thumbs/SNK - Neo Geo Pocket/Named_Snaps/sonicp.png</image><titleshot>~/../thumbs/SNK - Neo Geo Pocket/Named_Titles/sonicp.png</titleshot><thumbnail>~/../thumbs/SNK - Neo Geo Pocket/Named_Boxarts/sonicp.png</thumbnail><marquee>~/../thumbs/SNK - Neo Geo Pocket/Named_Logos/sonicp.png</marquee></game>
<game><path>./Neo Geo Pocket FBN/sonicp2.zip</path><name>sonicp2</name><image>~/../thumbs/SNK - Neo Geo Pocket/Named_Snaps/sonicp2.png</image><titleshot>~/../thumbs/SNK - Neo Geo Pocket/Named_Titles/sonicp2.png</titleshot><thumbnail>~/../thumbs/SNK - Neo Geo Pocket/Named_Boxarts/sonicp2.png</thumbnail><marquee>~/../thumbs/SNK - Neo Geo Pocket/Named_Logos/sonicp2.png</marquee></game>
<game><path>./Neo Geo Pocket FBN/srmp.zip</path><name>srmp</name><image>~/../thumbs/SNK - Neo Geo Pocket/Named_Snaps/srmp.png</image><titleshot>~/../thumbs/SNK - Neo Geo Pocket/Named_Titles/srmp.png</titleshot><thumbnail>~/../thumbs/SNK - Neo Geo Pocket/Named_Boxarts/srmp.png</thumbnail><marquee>~/../thumbs/SNK - Neo Geo Pocket/Named_Logos/srmp.png</marquee></game>
<game><path>./Neo Geo Pocket FBN/svc.zip</path><name>svc</name><image>~/../thumbs/SNK - Neo Geo Pocket/Named_Snaps/svc.png</image><titleshot>~/../thumbs/SNK - Neo Geo Pocket/Named_Titles/svc.png</titleshot><thumbnail>~/../thumbs/SNK - Neo Geo Pocket/Named_Boxarts/svc.png</thumbnail><marquee>~/../thumbs/SNK - Neo Geo Pocket/Named_Logos/svc.png</marquee></game>
<game><path>./Neo Geo Pocket FBN/svccard2.zip</path><name>svccard2</name><image>~/../thumbs/SNK - Neo Geo Pocket/Named_Snaps/svccard2.png</image><titleshot>~/../thumbs/SNK - Neo Geo Pocket/Named_Titles/svccard2.png</titleshot><thumbnail>~/../thumbs/SNK - Neo Geo Pocket/Named_Boxarts/svccard2.png</thumbnail><marquee>~/../thumbs/SNK - Neo Geo Pocket/Named_Logos/svccard2.png</marquee></game>
<game><path>./Neo Geo Pocket FBN/svccard2e.zip</path><name>svccard2e</name><image>~/../thumbs/SNK - Neo Geo Pocket/Named_Snaps/svccard2e.png</image><titleshot>~/../thumbs/SNK - Neo Geo Pocket/Named_Titles/svccard2e.png</titleshot><thumbnail>~/../thumbs/SNK - Neo Geo Pocket/Named_Boxarts/svccard2e.png</thumbnail><marquee>~/../thumbs/SNK - Neo Geo Pocket/Named_Logos/svccard2e.png</marquee></game>
<game><path>./Neo Geo Pocket FBN/svccardc.zip</path><name>svccardc</name><image>~/../thumbs/SNK - Neo Geo Pocket/Named_Snaps/svccardc.png</image><titleshot>~/../thumbs/SNK - Neo Geo Pocket/Named_Titles/svccardc.png</titleshot><thumbnail>~/../thumbs/SNK - Neo Geo Pocket/Named_Boxarts/svccardc.png</thumbnail><marquee>~/../thumbs/SNK - Neo Geo Pocket/Named_Logos/svccardc.png</marquee></game>
<game><path>./Neo Geo Pocket FBN/svccardcj.zip</path><name>svccardcj</name><image>~/../thumbs/SNK - Neo Geo Pocket/Named_Snaps/svccardcj.png</image><titleshot>~/../thumbs/SNK - Neo Geo Pocket/Named_Titles/svccardcj.png</titleshot><thumbnail>~/../thumbs/SNK - Neo Geo Pocket/Named_Boxarts/svccardcj.png</thumbnail><marquee>~/../thumbs/SNK - Neo Geo Pocket/Named_Logos/svccardcj.png</marquee></game>
<game><path>./Neo Geo Pocket FBN/svccardp.zip</path><name>svccardp</name><image>~/../thumbs/SNK - Neo Geo Pocket/Named_Snaps/svccardp.png</image><titleshot>~/../thumbs/SNK - Neo Geo Pocket/Named_Titles/svccardp.png</titleshot><thumbnail>~/../thumbs/SNK - Neo Geo Pocket/Named_Boxarts/svccardp.png</thumbnail><marquee>~/../thumbs/SNK - Neo Geo Pocket/Named_Logos/svccardp.png</marquee></game>
<game><path>./Neo Geo Pocket FBN/svccards.zip</path><name>svccards</name><image>~/../thumbs/SNK - Neo Geo Pocket/Named_Snaps/svccards.png</image><titleshot>~/../thumbs/SNK - Neo Geo Pocket/Named_Titles/svccards.png</titleshot><thumbnail>~/../thumbs/SNK - Neo Geo Pocket/Named_Boxarts/svccards.png</thumbnail><marquee>~/../thumbs/SNK - Neo Geo Pocket/Named_Logos/svccards.png</marquee></game>
<game><path>./Neo Geo Pocket FBN/svccardsj.zip</path><name>svccardsj</name><image>~/../thumbs/SNK - Neo Geo Pocket/Named_Snaps/svccardsj.png</image><titleshot>~/../thumbs/SNK - Neo Geo Pocket/Named_Titles/svccardsj.png</titleshot><thumbnail>~/../thumbs/SNK - Neo Geo Pocket/Named_Boxarts/svccardsj.png</thumbnail><marquee>~/../thumbs/SNK - Neo Geo Pocket/Named_Logos/svccardsj.png</marquee></game>
<game><path>./Neo Geo Pocket FBN/svccardsja.zip</path><name>svccardsja</name><image>~/../thumbs/SNK - Neo Geo Pocket/Named_Snaps/svccardsja.png</image><titleshot>~/../thumbs/SNK - Neo Geo Pocket/Named_Titles/svccardsja.png</titleshot><thumbnail>~/../thumbs/SNK - Neo Geo Pocket/Named_Boxarts/svccardsja.png</thumbnail><marquee>~/../thumbs/SNK - Neo Geo Pocket/Named_Logos/svccardsja.png</marquee></game>
<game><path>./Neo Geo Pocket FBN/tsunapn.zip</path><name>tsunapn</name><image>~/../thumbs/SNK - Neo Geo Pocket/Named_Snaps/tsunapn.png</image><titleshot>~/../thumbs/SNK - Neo Geo Pocket/Named_Titles/tsunapn.png</titleshot><thumbnail>~/../thumbs/SNK - Neo Geo Pocket/Named_Boxarts/tsunapn.png</thumbnail><marquee>~/../thumbs/SNK - Neo Geo Pocket/Named_Logos/tsunapn.png</marquee></game>
<game><path>./Neo Geo Pocket FBN/tsunapn2.zip</path><name>tsunapn2</name><image>~/../thumbs/SNK - Neo Geo Pocket/Named_Snaps/tsunapn2.png</image><titleshot>~/../thumbs/SNK - Neo Geo Pocket/Named_Titles/tsunapn2.png</titleshot><thumbnail>~/../thumbs/SNK - Neo Geo Pocket/Named_Boxarts/tsunapn2.png</thumbnail><marquee>~/../thumbs/SNK - Neo Geo Pocket/Named_Logos/tsunapn2.png</marquee></game>
<game><path>./Neo Geo Pocket FBN/tsunapnc.zip</path><name>tsunapnc</name><image>~/../thumbs/SNK - Neo Geo Pocket/Named_Snaps/tsunapnc.png</image><titleshot>~/../thumbs/SNK - Neo Geo Pocket/Named_Titles/tsunapnc.png</titleshot><thumbnail>~/../thumbs/SNK - Neo Geo Pocket/Named_Boxarts/tsunapnc.png</thumbnail><marquee>~/../thumbs/SNK - Neo Geo Pocket/Named_Logos/tsunapnc.png</marquee></game>
<game><path>./Neo Geo Pocket FBN/wrestmad.zip</path><name>wrestmad</name><image>~/../thumbs/SNK - Neo Geo Pocket/Named_Snaps/wrestmad.png</image><titleshot>~/../thumbs/SNK - Neo Geo Pocket/Named_Titles/wrestmad.png</titleshot><thumbnail>~/../thumbs/SNK - Neo Geo Pocket/Named_Boxarts/wrestmad.png</thumbnail><marquee>~/../thumbs/SNK - Neo Geo Pocket/Named_Logos/wrestmad.png</marquee></game>
<folder><path>./Neo Geo Pocket FBN</path><name>Neo Geo Pocket FBN</name><image>~/../thumb/ngp.png</image></folder>
</gameList>
