<gameList>
<game><path>./Tomy Tutor//home/runner/rom/TOSEC/Tomy/Tutor & Pyuuta/Games/Tomy Tutor & Pyuuta - Games.zip</path><name>/home/runner/rom/TOSEC/Tomy/Tutor & Pyuuta/Games/Tomy Tutor & Pyuuta - Games</name><image>~/../thumbs/Tomy - Tutor/Named_Snaps//home/runner/rom/TOSEC/Tomy/Tutor & Pyuuta/Games/Tomy Tutor & Pyuuta - Games.png</image><titleshot>~/../thumbs/Tomy - Tutor/Named_Titles//home/runner/rom/TOSEC/Tomy/Tutor & Pyuuta/Games/Tomy Tutor & Pyuuta - Games.png</titleshot><thumbnail>~/../thumbs/Tomy - Tutor/Named_Boxarts//home/runner/rom/TOSEC/Tomy/Tutor & Pyuuta/Games/Tomy Tutor & Pyuuta - Games.png</thumbnail><marquee>~/../thumbs/Tomy - Tutor/Named_Logos//home/runner/rom/TOSEC/Tomy/Tutor & Pyuuta/Games/Tomy Tutor & Pyuuta - Games.png</marquee></game>
<folder><path>./Tomy Tutor</path><name>Tomy Tutor</name><image>~/../thumb/tutor.png</image></folder>
</gameList>
