<gameList>
<game><path>./Casio PV-1000 NoIntro/Amidar (Japan).zip</path><name>Amidar (Japan)</name><image>~/../thumbs/Casio - PV-1000/Named_Snaps/Amidar (Japan).png</image><titleshot>~/../thumbs/Casio - PV-1000/Named_Titles/Amidar (Japan).png</titleshot><thumbnail>~/../thumbs/Casio - PV-1000/Named_Boxarts/Amidar (Japan).png</thumbnail><marquee>~/../thumbs/Casio - PV-1000/Named_Logos/Amidar (Japan).png</marquee></game>
<game><path>./Casio PV-1000 NoIntro/Dig Dug (Japan).zip</path><name>Dig Dug (Japan)</name><image>~/../thumbs/Casio - PV-1000/Named_Snaps/Dig Dug (Japan).png</image><titleshot>~/../thumbs/Casio - PV-1000/Named_Titles/Dig Dug (Japan).png</titleshot><thumbnail>~/../thumbs/Casio - PV-1000/Named_Boxarts/Dig Dug (Japan).png</thumbnail><marquee>~/../thumbs/Casio - PV-1000/Named_Logos/Dig Dug (Japan).png</marquee></game>
<game><path>./Casio PV-1000 NoIntro/Dirty Chameleon (Japan).zip</path><name>Dirty Chameleon (Japan)</name><image>~/../thumbs/Casio - PV-1000/Named_Snaps/Dirty Chameleon (Japan).png</image><titleshot>~/../thumbs/Casio - PV-1000/Named_Titles/Dirty Chameleon (Japan).png</titleshot><thumbnail>~/../thumbs/Casio - PV-1000/Named_Boxarts/Dirty Chameleon (Japan).png</thumbnail><marquee>~/../thumbs/Casio - PV-1000/Named_Logos/Dirty Chameleon (Japan).png</marquee></game>
<game><path>./Casio PV-1000 NoIntro/Excite Mahjong (Japan).zip</path><name>Excite Mahjong (Japan)</name><image>~/../thumbs/Casio - PV-1000/Named_Snaps/Excite Mahjong (Japan).png</image><titleshot>~/../thumbs/Casio - PV-1000/Named_Titles/Excite Mahjong (Japan).png</titleshot><thumbnail>~/../thumbs/Casio - PV-1000/Named_Boxarts/Excite Mahjong (Japan).png</thumbnail><marquee>~/../thumbs/Casio - PV-1000/Named_Logos/Excite Mahjong (Japan).png</marquee></game>
<game><path>./Casio PV-1000 NoIntro/Fighting Bug (Japan).zip</path><name>Fighting Bug (Japan)</name><image>~/../thumbs/Casio - PV-1000/Named_Snaps/Fighting Bug (Japan).png</image><titleshot>~/../thumbs/Casio - PV-1000/Named_Titles/Fighting Bug (Japan).png</titleshot><thumbnail>~/../thumbs/Casio - PV-1000/Named_Boxarts/Fighting Bug (Japan).png</thumbnail><marquee>~/../thumbs/Casio - PV-1000/Named_Logos/Fighting Bug (Japan).png</marquee></game>
<game><path>./Casio PV-1000 NoIntro/Naughty Boy (Japan).zip</path><name>Naughty Boy (Japan)</name><image>~/../thumbs/Casio - PV-1000/Named_Snaps/Naughty Boy (Japan).png</image><titleshot>~/../thumbs/Casio - PV-1000/Named_Titles/Naughty Boy (Japan).png</titleshot><thumbnail>~/../thumbs/Casio - PV-1000/Named_Boxarts/Naughty Boy (Japan).png</thumbnail><marquee>~/../thumbs/Casio - PV-1000/Named_Logos/Naughty Boy (Japan).png</marquee></game>
<game><path>./Casio PV-1000 NoIntro/Pachinko-UFO (Japan).zip</path><name>Pachinko-UFO (Japan)</name><image>~/../thumbs/Casio - PV-1000/Named_Snaps/Pachinko-UFO (Japan).png</image><titleshot>~/../thumbs/Casio - PV-1000/Named_Titles/Pachinko-UFO (Japan).png</titleshot><thumbnail>~/../thumbs/Casio - PV-1000/Named_Boxarts/Pachinko-UFO (Japan).png</thumbnail><marquee>~/../thumbs/Casio - PV-1000/Named_Logos/Pachinko-UFO (Japan).png</marquee></game>
<game><path>./Casio PV-1000 NoIntro/Pooyan (Japan).zip</path><name>Pooyan (Japan)</name><image>~/../thumbs/Casio - PV-1000/Named_Snaps/Pooyan (Japan).png</image><titleshot>~/../thumbs/Casio - PV-1000/Named_Titles/Pooyan (Japan).png</titleshot><thumbnail>~/../thumbs/Casio - PV-1000/Named_Boxarts/Pooyan (Japan).png</thumbnail><marquee>~/../thumbs/Casio - PV-1000/Named_Logos/Pooyan (Japan).png</marquee></game>
<game><path>./Casio PV-1000 NoIntro/Space Panic (Japan).zip</path><name>Space Panic (Japan)</name><image>~/../thumbs/Casio - PV-1000/Named_Snaps/Space Panic (Japan).png</image><titleshot>~/../thumbs/Casio - PV-1000/Named_Titles/Space Panic (Japan).png</titleshot><thumbnail>~/../thumbs/Casio - PV-1000/Named_Boxarts/Space Panic (Japan).png</thumbnail><marquee>~/../thumbs/Casio - PV-1000/Named_Logos/Space Panic (Japan).png</marquee></game>
<game><path>./Casio PV-1000 NoIntro/Super Cobra (Japan).zip</path><name>Super Cobra (Japan)</name><image>~/../thumbs/Casio - PV-1000/Named_Snaps/Super Cobra (Japan).png</image><titleshot>~/../thumbs/Casio - PV-1000/Named_Titles/Super Cobra (Japan).png</titleshot><thumbnail>~/../thumbs/Casio - PV-1000/Named_Boxarts/Super Cobra (Japan).png</thumbnail><marquee>~/../thumbs/Casio - PV-1000/Named_Logos/Super Cobra (Japan).png</marquee></game>
<game><path>./Casio PV-1000 NoIntro/Turpin (Japan).zip</path><name>Turpin (Japan)</name><image>~/../thumbs/Casio - PV-1000/Named_Snaps/Turpin (Japan).png</image><titleshot>~/../thumbs/Casio - PV-1000/Named_Titles/Turpin (Japan).png</titleshot><thumbnail>~/../thumbs/Casio - PV-1000/Named_Boxarts/Turpin (Japan).png</thumbnail><marquee>~/../thumbs/Casio - PV-1000/Named_Logos/Turpin (Japan).png</marquee></game>
<game><path>./Casio PV-1000 NoIntro/Tutankham (Japan).zip</path><name>Tutankham (Japan)</name><image>~/../thumbs/Casio - PV-1000/Named_Snaps/Tutankham (Japan).png</image><titleshot>~/../thumbs/Casio - PV-1000/Named_Titles/Tutankham (Japan).png</titleshot><thumbnail>~/../thumbs/Casio - PV-1000/Named_Boxarts/Tutankham (Japan).png</thumbnail><marquee>~/../thumbs/Casio - PV-1000/Named_Logos/Tutankham (Japan).png</marquee></game>
<game><path>./Casio PV-1000 NoIntro/Warp & Warp (Japan).zip</path><name>Warp & Warp (Japan)</name><image>~/../thumbs/Casio - PV-1000/Named_Snaps/Warp & Warp (Japan).png</image><titleshot>~/../thumbs/Casio - PV-1000/Named_Titles/Warp & Warp (Japan).png</titleshot><thumbnail>~/../thumbs/Casio - PV-1000/Named_Boxarts/Warp & Warp (Japan).png</thumbnail><marquee>~/../thumbs/Casio - PV-1000/Named_Logos/Warp & Warp (Japan).png</marquee></game>
<folder><path>./pv1000</path><name>pv1000</name><image>~/../thumb/pv1000.png</image></folder>
<game><path>./Casio PV-1000 TOSEC/Amidar (1982)(Casio)(JP)[GPA-104].zip</path><name>Amidar (1982)(Casio)(JP)[GPA-104]</name><image>~/../thumbs/Casio - PV-1000/Named_Snaps/Amidar (1982).png</image><titleshot>~/../thumbs/Casio - PV-1000/Named_Titles/Amidar (1982).png</titleshot><thumbnail>~/../thumbs/Casio - PV-1000/Named_Boxarts/Amidar (1982).png</thumbnail><marquee>~/../thumbs/Casio - PV-1000/Named_Logos/Amidar (1982).png</marquee></game>
<game><path>./Casio PV-1000 TOSEC/Ascend (2022-04-12)(Inufuto)(JP).zip</path><name>Ascend (2022-04-12)(Inufuto)(JP)</name><image>~/../thumbs/Casio - PV-1000/Named_Snaps/Ascend (2022-04-12).png</image><titleshot>~/../thumbs/Casio - PV-1000/Named_Titles/Ascend (2022-04-12).png</titleshot><thumbnail>~/../thumbs/Casio - PV-1000/Named_Boxarts/Ascend (2022-04-12).png</thumbnail><marquee>~/../thumbs/Casio - PV-1000/Named_Logos/Ascend (2022-04-12).png</marquee></game>
<game><path>./Casio PV-1000 TOSEC/Cross Chase (2018-10-29)(Caruso, Fabrizio)[full].zip</path><name>Cross Chase (2018-10-29)(Caruso, Fabrizio)[full]</name><image>~/../thumbs/Casio - PV-1000/Named_Snaps/Cross Chase (2018-10-29).png</image><titleshot>~/../thumbs/Casio - PV-1000/Named_Titles/Cross Chase (2018-10-29).png</titleshot><thumbnail>~/../thumbs/Casio - PV-1000/Named_Boxarts/Cross Chase (2018-10-29).png</thumbnail><marquee>~/../thumbs/Casio - PV-1000/Named_Logos/Cross Chase (2018-10-29).png</marquee></game>
<game><path>./Casio PV-1000 TOSEC/Cross Chase (2018-10-29)(Caruso, Fabrizio)[light].zip</path><name>Cross Chase (2018-10-29)(Caruso, Fabrizio)[light]</name><image>~/../thumbs/Casio - PV-1000/Named_Snaps/Cross Chase (2018-10-29).png</image><titleshot>~/../thumbs/Casio - PV-1000/Named_Titles/Cross Chase (2018-10-29).png</titleshot><thumbnail>~/../thumbs/Casio - PV-1000/Named_Boxarts/Cross Chase (2018-10-29).png</thumbnail><marquee>~/../thumbs/Casio - PV-1000/Named_Logos/Cross Chase (2018-10-29).png</marquee></game>
<game><path>./Casio PV-1000 TOSEC/Cross Chase (2020-04-02)(Caruso, Fabrizio)[full].zip</path><name>Cross Chase (2020-04-02)(Caruso, Fabrizio)[full]</name><image>~/../thumbs/Casio - PV-1000/Named_Snaps/Cross Chase (2020-04-02).png</image><titleshot>~/../thumbs/Casio - PV-1000/Named_Titles/Cross Chase (2020-04-02).png</titleshot><thumbnail>~/../thumbs/Casio - PV-1000/Named_Boxarts/Cross Chase (2020-04-02).png</thumbnail><marquee>~/../thumbs/Casio - PV-1000/Named_Logos/Cross Chase (2020-04-02).png</marquee></game>
<game><path>./Casio PV-1000 TOSEC/Cross Chase (2020-04-02)(Caruso, Fabrizio)[light].zip</path><name>Cross Chase (2020-04-02)(Caruso, Fabrizio)[light]</name><image>~/../thumbs/Casio - PV-1000/Named_Snaps/Cross Chase (2020-04-02).png</image><titleshot>~/../thumbs/Casio - PV-1000/Named_Titles/Cross Chase (2020-04-02).png</titleshot><thumbnail>~/../thumbs/Casio - PV-1000/Named_Boxarts/Cross Chase (2020-04-02).png</thumbnail><marquee>~/../thumbs/Casio - PV-1000/Named_Logos/Cross Chase (2020-04-02).png</marquee></game>
<game><path>./Casio PV-1000 TOSEC/Cross Chase (2021-05-13)(Caruso, Fabrizio).zip</path><name>Cross Chase (2021-05-13)(Caruso, Fabrizio)</name><image>~/../thumbs/Casio - PV-1000/Named_Snaps/Cross Chase (2021-05-13).png</image><titleshot>~/../thumbs/Casio - PV-1000/Named_Titles/Cross Chase (2021-05-13).png</titleshot><thumbnail>~/../thumbs/Casio - PV-1000/Named_Boxarts/Cross Chase (2021-05-13).png</thumbnail><marquee>~/../thumbs/Casio - PV-1000/Named_Logos/Cross Chase (2021-05-13).png</marquee></game>
<game><path>./Casio PV-1000 TOSEC/Dig Dug (1982)(Casio)(JP)[GPA-105].zip</path><name>Dig Dug (1982)(Casio)(JP)[GPA-105]</name><image>~/../thumbs/Casio - PV-1000/Named_Snaps/Dig Dug (1982).png</image><titleshot>~/../thumbs/Casio - PV-1000/Named_Titles/Dig Dug (1982).png</titleshot><thumbnail>~/../thumbs/Casio - PV-1000/Named_Boxarts/Dig Dug (1982).png</thumbnail><marquee>~/../thumbs/Casio - PV-1000/Named_Logos/Dig Dug (1982).png</marquee></game>
<game><path>./Casio PV-1000 TOSEC/Dirty Chameleon (198x)(Casio)(JP)[GPA-114].zip</path><name>Dirty Chameleon (198x)(Casio)(JP)[GPA-114]</name><image>~/../thumbs/Casio - PV-1000/Named_Snaps/Dirty Chameleon (198x).png</image><titleshot>~/../thumbs/Casio - PV-1000/Named_Titles/Dirty Chameleon (198x).png</titleshot><thumbnail>~/../thumbs/Casio - PV-1000/Named_Boxarts/Dirty Chameleon (198x).png</thumbnail><marquee>~/../thumbs/Casio - PV-1000/Named_Logos/Dirty Chameleon (198x).png</marquee></game>
<game><path>./Casio PV-1000 TOSEC/Excite Mahjong (1982)(Casio)(JP)[GPA-115].zip</path><name>Excite Mahjong (1982)(Casio)(JP)[GPA-115]</name><image>~/../thumbs/Casio - PV-1000/Named_Snaps/Excite Mahjong (1982).png</image><titleshot>~/../thumbs/Casio - PV-1000/Named_Titles/Excite Mahjong (1982).png</titleshot><thumbnail>~/../thumbs/Casio - PV-1000/Named_Boxarts/Excite Mahjong (1982).png</thumbnail><marquee>~/../thumbs/Casio - PV-1000/Named_Logos/Excite Mahjong (1982).png</marquee></game>
<game><path>./Casio PV-1000 TOSEC/Fighting Bug (1982)(Casio)(JP)[GPA-110].zip</path><name>Fighting Bug (1982)(Casio)(JP)[GPA-110]</name><image>~/../thumbs/Casio - PV-1000/Named_Snaps/Fighting Bug (1982).png</image><titleshot>~/../thumbs/Casio - PV-1000/Named_Titles/Fighting Bug (1982).png</titleshot><thumbnail>~/../thumbs/Casio - PV-1000/Named_Boxarts/Fighting Bug (1982).png</thumbnail><marquee>~/../thumbs/Casio - PV-1000/Named_Logos/Fighting Bug (1982).png</marquee></game>
<game><path>./Casio PV-1000 TOSEC/H7N9 (2019)(nitrofurano).zip</path><name>H7N9 (2019)(nitrofurano)</name><image>~/../thumbs/Casio - PV-1000/Named_Snaps/H7N9 (2019).png</image><titleshot>~/../thumbs/Casio - PV-1000/Named_Titles/H7N9 (2019).png</titleshot><thumbnail>~/../thumbs/Casio - PV-1000/Named_Boxarts/H7N9 (2019).png</thumbnail><marquee>~/../thumbs/Casio - PV-1000/Named_Logos/H7N9 (2019).png</marquee></game>
<game><path>./Casio PV-1000 TOSEC/Mazy (2021-11-13)(Inufuto)(JP).zip</path><name>Mazy (2021-11-13)(Inufuto)(JP)</name><image>~/../thumbs/Casio - PV-1000/Named_Snaps/Mazy (2021-11-13).png</image><titleshot>~/../thumbs/Casio - PV-1000/Named_Titles/Mazy (2021-11-13).png</titleshot><thumbnail>~/../thumbs/Casio - PV-1000/Named_Boxarts/Mazy (2021-11-13).png</thumbnail><marquee>~/../thumbs/Casio - PV-1000/Named_Logos/Mazy (2021-11-13).png</marquee></game>
<game><path>./Casio PV-1000 TOSEC/Naughty Boy (198x)(Casio)(JP)[GPA-112].zip</path><name>Naughty Boy (198x)(Casio)(JP)[GPA-112]</name><image>~/../thumbs/Casio - PV-1000/Named_Snaps/Naughty Boy (198x).png</image><titleshot>~/../thumbs/Casio - PV-1000/Named_Titles/Naughty Boy (198x).png</titleshot><thumbnail>~/../thumbs/Casio - PV-1000/Named_Boxarts/Naughty Boy (198x).png</thumbnail><marquee>~/../thumbs/Casio - PV-1000/Named_Logos/Naughty Boy (198x).png</marquee></game>
<game><path>./Casio PV-1000 TOSEC/Pachinko - UFO (1982)(Casio)(JP)[GPA-109].zip</path><name>Pachinko - UFO (1982)(Casio)(JP)[GPA-109]</name><image>~/../thumbs/Casio - PV-1000/Named_Snaps/Pachinko - UFO (1982).png</image><titleshot>~/../thumbs/Casio - PV-1000/Named_Titles/Pachinko - UFO (1982).png</titleshot><thumbnail>~/../thumbs/Casio - PV-1000/Named_Boxarts/Pachinko - UFO (1982).png</thumbnail><marquee>~/../thumbs/Casio - PV-1000/Named_Logos/Pachinko - UFO (1982).png</marquee></game>
<game><path>./Casio PV-1000 TOSEC/Pooyan (1982)(Casio)(JP)[GPA-101].zip</path><name>Pooyan (1982)(Casio)(JP)[GPA-101]</name><image>~/../thumbs/Casio - PV-1000/Named_Snaps/Pooyan (1982).png</image><titleshot>~/../thumbs/Casio - PV-1000/Named_Titles/Pooyan (1982).png</titleshot><thumbnail>~/../thumbs/Casio - PV-1000/Named_Boxarts/Pooyan (1982).png</thumbnail><marquee>~/../thumbs/Casio - PV-1000/Named_Logos/Pooyan (1982).png</marquee></game>
<game><path>./Casio PV-1000 TOSEC/Ruptus (2021-11-12)(Inufuto)(JP).zip</path><name>Ruptus (2021-11-12)(Inufuto)(JP)</name><image>~/../thumbs/Casio - PV-1000/Named_Snaps/Ruptus (2021-11-12).png</image><titleshot>~/../thumbs/Casio - PV-1000/Named_Titles/Ruptus (2021-11-12).png</titleshot><thumbnail>~/../thumbs/Casio - PV-1000/Named_Boxarts/Ruptus (2021-11-12).png</thumbnail><marquee>~/../thumbs/Casio - PV-1000/Named_Logos/Ruptus (2021-11-12).png</marquee></game>
<game><path>./Casio PV-1000 TOSEC/Space Panic (1981)(Casio)(JP)[GPA-111].zip</path><name>Space Panic (1981)(Casio)(JP)[GPA-111]</name><image>~/../thumbs/Casio - PV-1000/Named_Snaps/Space Panic (1981).png</image><titleshot>~/../thumbs/Casio - PV-1000/Named_Titles/Space Panic (1981).png</titleshot><thumbnail>~/../thumbs/Casio - PV-1000/Named_Boxarts/Space Panic (1981).png</thumbnail><marquee>~/../thumbs/Casio - PV-1000/Named_Logos/Space Panic (1981).png</marquee></game>
<game><path>./Casio PV-1000 TOSEC/Super Cobra (1981)(Casio)(JP)[GPA-102].zip</path><name>Super Cobra (1981)(Casio)(JP)[GPA-102]</name><image>~/../thumbs/Casio - PV-1000/Named_Snaps/Super Cobra (1981).png</image><titleshot>~/../thumbs/Casio - PV-1000/Named_Titles/Super Cobra (1981).png</titleshot><thumbnail>~/../thumbs/Casio - PV-1000/Named_Boxarts/Super Cobra (1981).png</thumbnail><marquee>~/../thumbs/Casio - PV-1000/Named_Logos/Super Cobra (1981).png</marquee></game>
<game><path>./Casio PV-1000 TOSEC/Turpin (1981)(Casio)(JP)[GPA-107].zip</path><name>Turpin (1981)(Casio)(JP)[GPA-107]</name><image>~/../thumbs/Casio - PV-1000/Named_Snaps/Turpin (1981).png</image><titleshot>~/../thumbs/Casio - PV-1000/Named_Titles/Turpin (1981).png</titleshot><thumbnail>~/../thumbs/Casio - PV-1000/Named_Boxarts/Turpin (1981).png</thumbnail><marquee>~/../thumbs/Casio - PV-1000/Named_Logos/Turpin (1981).png</marquee></game>
<game><path>./Casio PV-1000 TOSEC/Tutankham (1982)(Casio)(JP)[GPA-103].zip</path><name>Tutankham (1982)(Casio)(JP)[GPA-103]</name><image>~/../thumbs/Casio - PV-1000/Named_Snaps/Tutankham (1982).png</image><titleshot>~/../thumbs/Casio - PV-1000/Named_Titles/Tutankham (1982).png</titleshot><thumbnail>~/../thumbs/Casio - PV-1000/Named_Boxarts/Tutankham (1982).png</thumbnail><marquee>~/../thumbs/Casio - PV-1000/Named_Logos/Tutankham (1982).png</marquee></game>
<game><path>./Casio PV-1000 TOSEC/UNK v0.0.0 (2021-10-24)(KanedaFr).zip</path><name>UNK v0.0.0 (2021-10-24)(KanedaFr)</name><image>~/../thumbs/Casio - PV-1000/Named_Snaps/UNK v0.0.0 (2021-10-24).png</image><titleshot>~/../thumbs/Casio - PV-1000/Named_Titles/UNK v0.0.0 (2021-10-24).png</titleshot><thumbnail>~/../thumbs/Casio - PV-1000/Named_Boxarts/UNK v0.0.0 (2021-10-24).png</thumbnail><marquee>~/../thumbs/Casio - PV-1000/Named_Logos/UNK v0.0.0 (2021-10-24).png</marquee></game>
<game><path>./Casio PV-1000 TOSEC/UNK v0.1.0 (2021-10-25)(KanedaFr).zip</path><name>UNK v0.1.0 (2021-10-25)(KanedaFr)</name><image>~/../thumbs/Casio - PV-1000/Named_Snaps/UNK v0.1.0 (2021-10-25).png</image><titleshot>~/../thumbs/Casio - PV-1000/Named_Titles/UNK v0.1.0 (2021-10-25).png</titleshot><thumbnail>~/../thumbs/Casio - PV-1000/Named_Boxarts/UNK v0.1.0 (2021-10-25).png</thumbnail><marquee>~/../thumbs/Casio - PV-1000/Named_Logos/UNK v0.1.0 (2021-10-25).png</marquee></game>
<game><path>./Casio PV-1000 TOSEC/Warp & Warp (1981)(Casio)(JP)[GPA-106].zip</path><name>Warp & Warp (1981)(Casio)(JP)[GPA-106]</name><image>~/../thumbs/Casio - PV-1000/Named_Snaps/Warp & Warp (1981).png</image><titleshot>~/../thumbs/Casio - PV-1000/Named_Titles/Warp & Warp (1981).png</titleshot><thumbnail>~/../thumbs/Casio - PV-1000/Named_Boxarts/Warp & Warp (1981).png</thumbnail><marquee>~/../thumbs/Casio - PV-1000/Named_Logos/Warp & Warp (1981).png</marquee></game>
<folder><path>./pv1000</path><name>pv1000</name><image>~/../thumb/pv1000.png</image></folder>
<game><path>./Casio PV-1000 Merged/aerial.zip</path><name>aerial</name><image>~/../thumbs/Casio - PV-1000/Named_Snaps/aerial.png</image><titleshot>~/../thumbs/Casio - PV-1000/Named_Titles/aerial.png</titleshot><thumbnail>~/../thumbs/Casio - PV-1000/Named_Boxarts/aerial.png</thumbnail><marquee>~/../thumbs/Casio - PV-1000/Named_Logos/aerial.png</marquee></game>
<game><path>./Casio PV-1000 Merged/amidar.zip</path><name>amidar</name><image>~/../thumbs/Casio - PV-1000/Named_Snaps/amidar.png</image><titleshot>~/../thumbs/Casio - PV-1000/Named_Titles/amidar.png</titleshot><thumbnail>~/../thumbs/Casio - PV-1000/Named_Boxarts/amidar.png</thumbnail><marquee>~/../thumbs/Casio - PV-1000/Named_Logos/amidar.png</marquee></game>
<game><path>./Casio PV-1000 Merged/antiair.zip</path><name>antiair</name><image>~/../thumbs/Casio - PV-1000/Named_Snaps/antiair.png</image><titleshot>~/../thumbs/Casio - PV-1000/Named_Titles/antiair.png</titleshot><thumbnail>~/../thumbs/Casio - PV-1000/Named_Boxarts/antiair.png</thumbnail><marquee>~/../thumbs/Casio - PV-1000/Named_Logos/antiair.png</marquee></game>
<game><path>./Casio PV-1000 Merged/ascend.zip</path><name>ascend</name><image>~/../thumbs/Casio - PV-1000/Named_Snaps/ascend.png</image><titleshot>~/../thumbs/Casio - PV-1000/Named_Titles/ascend.png</titleshot><thumbnail>~/../thumbs/Casio - PV-1000/Named_Boxarts/ascend.png</thumbnail><marquee>~/../thumbs/Casio - PV-1000/Named_Logos/ascend.png</marquee></game>
<game><path>./Casio PV-1000 Merged/battlot.zip</path><name>battlot</name><image>~/../thumbs/Casio - PV-1000/Named_Snaps/battlot.png</image><titleshot>~/../thumbs/Casio - PV-1000/Named_Titles/battlot.png</titleshot><thumbnail>~/../thumbs/Casio - PV-1000/Named_Boxarts/battlot.png</thumbnail><marquee>~/../thumbs/Casio - PV-1000/Named_Logos/battlot.png</marquee></game>
<game><path>./Casio PV-1000 Merged/bootskell.zip</path><name>bootskell</name><image>~/../thumbs/Casio - PV-1000/Named_Snaps/bootskell.png</image><titleshot>~/../thumbs/Casio - PV-1000/Named_Titles/bootskell.png</titleshot><thumbnail>~/../thumbs/Casio - PV-1000/Named_Boxarts/bootskell.png</thumbnail><marquee>~/../thumbs/Casio - PV-1000/Named_Logos/bootskell.png</marquee></game>
<game><path>./Casio PV-1000 Merged/cacorm.zip</path><name>cacorm</name><image>~/../thumbs/Casio - PV-1000/Named_Snaps/cacorm.png</image><titleshot>~/../thumbs/Casio - PV-1000/Named_Titles/cacorm.png</titleshot><thumbnail>~/../thumbs/Casio - PV-1000/Named_Boxarts/cacorm.png</thumbnail><marquee>~/../thumbs/Casio - PV-1000/Named_Logos/cacorm.png</marquee></game>
<game><path>./Casio PV-1000 Merged/cavit.zip</path><name>cavit</name><image>~/../thumbs/Casio - PV-1000/Named_Snaps/cavit.png</image><titleshot>~/../thumbs/Casio - PV-1000/Named_Titles/cavit.png</titleshot><thumbnail>~/../thumbs/Casio - PV-1000/Named_Boxarts/cavit.png</thumbnail><marquee>~/../thumbs/Casio - PV-1000/Named_Logos/cavit.png</marquee></game>
<game><path>./Casio PV-1000 Merged/cracky.zip</path><name>cracky</name><image>~/../thumbs/Casio - PV-1000/Named_Snaps/cracky.png</image><titleshot>~/../thumbs/Casio - PV-1000/Named_Titles/cracky.png</titleshot><thumbnail>~/../thumbs/Casio - PV-1000/Named_Boxarts/cracky.png</thumbnail><marquee>~/../thumbs/Casio - PV-1000/Named_Logos/cracky.png</marquee></game>
<game><path>./Casio PV-1000 Merged/digdug.zip</path><name>digdug</name><image>~/../thumbs/Casio - PV-1000/Named_Snaps/digdug.png</image><titleshot>~/../thumbs/Casio - PV-1000/Named_Titles/digdug.png</titleshot><thumbnail>~/../thumbs/Casio - PV-1000/Named_Boxarts/digdug.png</thumbnail><marquee>~/../thumbs/Casio - PV-1000/Named_Logos/digdug.png</marquee></game>
<game><path>./Casio PV-1000 Merged/dirtychm.zip</path><name>dirtychm</name><image>~/../thumbs/Casio - PV-1000/Named_Snaps/dirtychm.png</image><titleshot>~/../thumbs/Casio - PV-1000/Named_Titles/dirtychm.png</titleshot><thumbnail>~/../thumbs/Casio - PV-1000/Named_Boxarts/dirtychm.png</thumbnail><marquee>~/../thumbs/Casio - PV-1000/Named_Logos/dirtychm.png</marquee></game>
<game><path>./Casio PV-1000 Merged/excitemj.zip</path><name>excitemj</name><image>~/../thumbs/Casio - PV-1000/Named_Snaps/excitemj.png</image><titleshot>~/../thumbs/Casio - PV-1000/Named_Titles/excitemj.png</titleshot><thumbnail>~/../thumbs/Casio - PV-1000/Named_Boxarts/excitemj.png</thumbnail><marquee>~/../thumbs/Casio - PV-1000/Named_Logos/excitemj.png</marquee></game>
<game><path>./Casio PV-1000 Merged/fightbug.zip</path><name>fightbug</name><image>~/../thumbs/Casio - PV-1000/Named_Snaps/fightbug.png</image><titleshot>~/../thumbs/Casio - PV-1000/Named_Titles/fightbug.png</titleshot><thumbnail>~/../thumbs/Casio - PV-1000/Named_Boxarts/fightbug.png</thumbnail><marquee>~/../thumbs/Casio - PV-1000/Named_Logos/fightbug.png</marquee></game>
<game><path>./Casio PV-1000 Merged/guntus.zip</path><name>guntus</name><image>~/../thumbs/Casio - PV-1000/Named_Snaps/guntus.png</image><titleshot>~/../thumbs/Casio - PV-1000/Named_Titles/guntus.png</titleshot><thumbnail>~/../thumbs/Casio - PV-1000/Named_Boxarts/guntus.png</thumbnail><marquee>~/../thumbs/Casio - PV-1000/Named_Logos/guntus.png</marquee></game>
<game><path>./Casio PV-1000 Merged/hopman.zip</path><name>hopman</name><image>~/../thumbs/Casio - PV-1000/Named_Snaps/hopman.png</image><titleshot>~/../thumbs/Casio - PV-1000/Named_Titles/hopman.png</titleshot><thumbnail>~/../thumbs/Casio - PV-1000/Named_Boxarts/hopman.png</thumbnail><marquee>~/../thumbs/Casio - PV-1000/Named_Logos/hopman.png</marquee></game>
<game><path>./Casio PV-1000 Merged/lift.zip</path><name>lift</name><image>~/../thumbs/Casio - PV-1000/Named_Snaps/lift.png</image><titleshot>~/../thumbs/Casio - PV-1000/Named_Titles/lift.png</titleshot><thumbnail>~/../thumbs/Casio - PV-1000/Named_Boxarts/lift.png</thumbnail><marquee>~/../thumbs/Casio - PV-1000/Named_Logos/lift.png</marquee></game>
<game><path>./Casio PV-1000 Merged/mazy.zip</path><name>mazy</name><image>~/../thumbs/Casio - PV-1000/Named_Snaps/mazy.png</image><titleshot>~/../thumbs/Casio - PV-1000/Named_Titles/mazy.png</titleshot><thumbnail>~/../thumbs/Casio - PV-1000/Named_Boxarts/mazy.png</thumbnail><marquee>~/../thumbs/Casio - PV-1000/Named_Logos/mazy.png</marquee></game>
<game><path>./Casio PV-1000 Merged/mazy2.zip</path><name>mazy2</name><image>~/../thumbs/Casio - PV-1000/Named_Snaps/mazy2.png</image><titleshot>~/../thumbs/Casio - PV-1000/Named_Titles/mazy2.png</titleshot><thumbnail>~/../thumbs/Casio - PV-1000/Named_Boxarts/mazy2.png</thumbnail><marquee>~/../thumbs/Casio - PV-1000/Named_Logos/mazy2.png</marquee></game>
<game><path>./Casio PV-1000 Merged/mieyen.zip</path><name>mieyen</name><image>~/../thumbs/Casio - PV-1000/Named_Snaps/mieyen.png</image><titleshot>~/../thumbs/Casio - PV-1000/Named_Titles/mieyen.png</titleshot><thumbnail>~/../thumbs/Casio - PV-1000/Named_Boxarts/mieyen.png</thumbnail><marquee>~/../thumbs/Casio - PV-1000/Named_Logos/mieyen.png</marquee></game>
<game><path>./Casio PV-1000 Merged/naugtboy.zip</path><name>naugtboy</name><image>~/../thumbs/Casio - PV-1000/Named_Snaps/naugtboy.png</image><titleshot>~/../thumbs/Casio - PV-1000/Named_Titles/naugtboy.png</titleshot><thumbnail>~/../thumbs/Casio - PV-1000/Named_Boxarts/naugtboy.png</thumbnail><marquee>~/../thumbs/Casio - PV-1000/Named_Logos/naugtboy.png</marquee></game>
<game><path>./Casio PV-1000 Merged/neuras.zip</path><name>neuras</name><image>~/../thumbs/Casio - PV-1000/Named_Snaps/neuras.png</image><titleshot>~/../thumbs/Casio - PV-1000/Named_Titles/neuras.png</titleshot><thumbnail>~/../thumbs/Casio - PV-1000/Named_Boxarts/neuras.png</thumbnail><marquee>~/../thumbs/Casio - PV-1000/Named_Logos/neuras.png</marquee></game>
<game><path>./Casio PV-1000 Merged/osotos.zip</path><name>osotos</name><image>~/../thumbs/Casio - PV-1000/Named_Snaps/osotos.png</image><titleshot>~/../thumbs/Casio - PV-1000/Named_Titles/osotos.png</titleshot><thumbnail>~/../thumbs/Casio - PV-1000/Named_Boxarts/osotos.png</thumbnail><marquee>~/../thumbs/Casio - PV-1000/Named_Logos/osotos.png</marquee></game>
<game><path>./Casio PV-1000 Merged/pachiufo.zip</path><name>pachiufo</name><image>~/../thumbs/Casio - PV-1000/Named_Snaps/pachiufo.png</image><titleshot>~/../thumbs/Casio - PV-1000/Named_Titles/pachiufo.png</titleshot><thumbnail>~/../thumbs/Casio - PV-1000/Named_Boxarts/pachiufo.png</thumbnail><marquee>~/../thumbs/Casio - PV-1000/Named_Logos/pachiufo.png</marquee></game>
<game><path>./Casio PV-1000 Merged/pooyan.zip</path><name>pooyan</name><image>~/../thumbs/Casio - PV-1000/Named_Snaps/pooyan.png</image><titleshot>~/../thumbs/Casio - PV-1000/Named_Titles/pooyan.png</titleshot><thumbnail>~/../thumbs/Casio - PV-1000/Named_Boxarts/pooyan.png</thumbnail><marquee>~/../thumbs/Casio - PV-1000/Named_Logos/pooyan.png</marquee></game>
<game><path>./Casio PV-1000 Merged/ruptus.zip</path><name>ruptus</name><image>~/../thumbs/Casio - PV-1000/Named_Snaps/ruptus.png</image><titleshot>~/../thumbs/Casio - PV-1000/Named_Titles/ruptus.png</titleshot><thumbnail>~/../thumbs/Casio - PV-1000/Named_Boxarts/ruptus.png</thumbnail><marquee>~/../thumbs/Casio - PV-1000/Named_Logos/ruptus.png</marquee></game>
<game><path>./Casio PV-1000 Merged/scobra.zip</path><name>scobra</name><image>~/../thumbs/Casio - PV-1000/Named_Snaps/scobra.png</image><titleshot>~/../thumbs/Casio - PV-1000/Named_Titles/scobra.png</titleshot><thumbnail>~/../thumbs/Casio - PV-1000/Named_Boxarts/scobra.png</thumbnail><marquee>~/../thumbs/Casio - PV-1000/Named_Logos/scobra.png</marquee></game>
<game><path>./Casio PV-1000 Merged/spcpanic.zip</path><name>spcpanic</name><image>~/../thumbs/Casio - PV-1000/Named_Snaps/spcpanic.png</image><titleshot>~/../thumbs/Casio - PV-1000/Named_Titles/spcpanic.png</titleshot><thumbnail>~/../thumbs/Casio - PV-1000/Named_Boxarts/spcpanic.png</thumbnail><marquee>~/../thumbs/Casio - PV-1000/Named_Logos/spcpanic.png</marquee></game>
<game><path>./Casio PV-1000 Merged/turpin.zip</path><name>turpin</name><image>~/../thumbs/Casio - PV-1000/Named_Snaps/turpin.png</image><titleshot>~/../thumbs/Casio - PV-1000/Named_Titles/turpin.png</titleshot><thumbnail>~/../thumbs/Casio - PV-1000/Named_Boxarts/turpin.png</thumbnail><marquee>~/../thumbs/Casio - PV-1000/Named_Logos/turpin.png</marquee></game>
<game><path>./Casio PV-1000 Merged/tutankhm.zip</path><name>tutankhm</name><image>~/../thumbs/Casio - PV-1000/Named_Snaps/tutankhm.png</image><titleshot>~/../thumbs/Casio - PV-1000/Named_Titles/tutankhm.png</titleshot><thumbnail>~/../thumbs/Casio - PV-1000/Named_Boxarts/tutankhm.png</thumbnail><marquee>~/../thumbs/Casio - PV-1000/Named_Logos/tutankhm.png</marquee></game>
<game><path>./Casio PV-1000 Merged/warpwarp.zip</path><name>warpwarp</name><image>~/../thumbs/Casio - PV-1000/Named_Snaps/warpwarp.png</image><titleshot>~/../thumbs/Casio - PV-1000/Named_Titles/warpwarp.png</titleshot><thumbnail>~/../thumbs/Casio - PV-1000/Named_Boxarts/warpwarp.png</thumbnail><marquee>~/../thumbs/Casio - PV-1000/Named_Logos/warpwarp.png</marquee></game>
<game><path>./Casio PV-1000 Merged/yewdow.zip</path><name>yewdow</name><image>~/../thumbs/Casio - PV-1000/Named_Snaps/yewdow.png</image><titleshot>~/../thumbs/Casio - PV-1000/Named_Titles/yewdow.png</titleshot><thumbnail>~/../thumbs/Casio - PV-1000/Named_Boxarts/yewdow.png</thumbnail><marquee>~/../thumbs/Casio - PV-1000/Named_Logos/yewdow.png</marquee></game>
<folder><path>./pv1000</path><name>pv1000</name><image>~/../thumb/pv1000.png</image></folder>
<game><path>./Casio PV-1000 Split/aerial.zip</path><name>aerial</name><image>~/../thumbs/Casio - PV-1000/Named_Snaps/aerial.png</image><titleshot>~/../thumbs/Casio - PV-1000/Named_Titles/aerial.png</titleshot><thumbnail>~/../thumbs/Casio - PV-1000/Named_Boxarts/aerial.png</thumbnail><marquee>~/../thumbs/Casio - PV-1000/Named_Logos/aerial.png</marquee></game>
<game><path>./Casio PV-1000 Split/amidar.zip</path><name>amidar</name><image>~/../thumbs/Casio - PV-1000/Named_Snaps/amidar.png</image><titleshot>~/../thumbs/Casio - PV-1000/Named_Titles/amidar.png</titleshot><thumbnail>~/../thumbs/Casio - PV-1000/Named_Boxarts/amidar.png</thumbnail><marquee>~/../thumbs/Casio - PV-1000/Named_Logos/amidar.png</marquee></game>
<game><path>./Casio PV-1000 Split/antiair.zip</path><name>antiair</name><image>~/../thumbs/Casio - PV-1000/Named_Snaps/antiair.png</image><titleshot>~/../thumbs/Casio - PV-1000/Named_Titles/antiair.png</titleshot><thumbnail>~/../thumbs/Casio - PV-1000/Named_Boxarts/antiair.png</thumbnail><marquee>~/../thumbs/Casio - PV-1000/Named_Logos/antiair.png</marquee></game>
<game><path>./Casio PV-1000 Split/ascend.zip</path><name>ascend</name><image>~/../thumbs/Casio - PV-1000/Named_Snaps/ascend.png</image><titleshot>~/../thumbs/Casio - PV-1000/Named_Titles/ascend.png</titleshot><thumbnail>~/../thumbs/Casio - PV-1000/Named_Boxarts/ascend.png</thumbnail><marquee>~/../thumbs/Casio - PV-1000/Named_Logos/ascend.png</marquee></game>
<game><path>./Casio PV-1000 Split/battlot.zip</path><name>battlot</name><image>~/../thumbs/Casio - PV-1000/Named_Snaps/battlot.png</image><titleshot>~/../thumbs/Casio - PV-1000/Named_Titles/battlot.png</titleshot><thumbnail>~/../thumbs/Casio - PV-1000/Named_Boxarts/battlot.png</thumbnail><marquee>~/../thumbs/Casio - PV-1000/Named_Logos/battlot.png</marquee></game>
<game><path>./Casio PV-1000 Split/bootskell.zip</path><name>bootskell</name><image>~/../thumbs/Casio - PV-1000/Named_Snaps/bootskell.png</image><titleshot>~/../thumbs/Casio - PV-1000/Named_Titles/bootskell.png</titleshot><thumbnail>~/../thumbs/Casio - PV-1000/Named_Boxarts/bootskell.png</thumbnail><marquee>~/../thumbs/Casio - PV-1000/Named_Logos/bootskell.png</marquee></game>
<game><path>./Casio PV-1000 Split/cacorm.zip</path><name>cacorm</name><image>~/../thumbs/Casio - PV-1000/Named_Snaps/cacorm.png</image><titleshot>~/../thumbs/Casio - PV-1000/Named_Titles/cacorm.png</titleshot><thumbnail>~/../thumbs/Casio - PV-1000/Named_Boxarts/cacorm.png</thumbnail><marquee>~/../thumbs/Casio - PV-1000/Named_Logos/cacorm.png</marquee></game>
<game><path>./Casio PV-1000 Split/cavit.zip</path><name>cavit</name><image>~/../thumbs/Casio - PV-1000/Named_Snaps/cavit.png</image><titleshot>~/../thumbs/Casio - PV-1000/Named_Titles/cavit.png</titleshot><thumbnail>~/../thumbs/Casio - PV-1000/Named_Boxarts/cavit.png</thumbnail><marquee>~/../thumbs/Casio - PV-1000/Named_Logos/cavit.png</marquee></game>
<game><path>./Casio PV-1000 Split/cracky.zip</path><name>cracky</name><image>~/../thumbs/Casio - PV-1000/Named_Snaps/cracky.png</image><titleshot>~/../thumbs/Casio - PV-1000/Named_Titles/cracky.png</titleshot><thumbnail>~/../thumbs/Casio - PV-1000/Named_Boxarts/cracky.png</thumbnail><marquee>~/../thumbs/Casio - PV-1000/Named_Logos/cracky.png</marquee></game>
<game><path>./Casio PV-1000 Split/digdug.zip</path><name>digdug</name><image>~/../thumbs/Casio - PV-1000/Named_Snaps/digdug.png</image><titleshot>~/../thumbs/Casio - PV-1000/Named_Titles/digdug.png</titleshot><thumbnail>~/../thumbs/Casio - PV-1000/Named_Boxarts/digdug.png</thumbnail><marquee>~/../thumbs/Casio - PV-1000/Named_Logos/digdug.png</marquee></game>
<game><path>./Casio PV-1000 Split/dirtychm.zip</path><name>dirtychm</name><image>~/../thumbs/Casio - PV-1000/Named_Snaps/dirtychm.png</image><titleshot>~/../thumbs/Casio - PV-1000/Named_Titles/dirtychm.png</titleshot><thumbnail>~/../thumbs/Casio - PV-1000/Named_Boxarts/dirtychm.png</thumbnail><marquee>~/../thumbs/Casio - PV-1000/Named_Logos/dirtychm.png</marquee></game>
<game><path>./Casio PV-1000 Split/excitemj.zip</path><name>excitemj</name><image>~/../thumbs/Casio - PV-1000/Named_Snaps/excitemj.png</image><titleshot>~/../thumbs/Casio - PV-1000/Named_Titles/excitemj.png</titleshot><thumbnail>~/../thumbs/Casio - PV-1000/Named_Boxarts/excitemj.png</thumbnail><marquee>~/../thumbs/Casio - PV-1000/Named_Logos/excitemj.png</marquee></game>
<game><path>./Casio PV-1000 Split/fightbug.zip</path><name>fightbug</name><image>~/../thumbs/Casio - PV-1000/Named_Snaps/fightbug.png</image><titleshot>~/../thumbs/Casio - PV-1000/Named_Titles/fightbug.png</titleshot><thumbnail>~/../thumbs/Casio - PV-1000/Named_Boxarts/fightbug.png</thumbnail><marquee>~/../thumbs/Casio - PV-1000/Named_Logos/fightbug.png</marquee></game>
<game><path>./Casio PV-1000 Split/guntus.zip</path><name>guntus</name><image>~/../thumbs/Casio - PV-1000/Named_Snaps/guntus.png</image><titleshot>~/../thumbs/Casio - PV-1000/Named_Titles/guntus.png</titleshot><thumbnail>~/../thumbs/Casio - PV-1000/Named_Boxarts/guntus.png</thumbnail><marquee>~/../thumbs/Casio - PV-1000/Named_Logos/guntus.png</marquee></game>
<game><path>./Casio PV-1000 Split/hopman.zip</path><name>hopman</name><image>~/../thumbs/Casio - PV-1000/Named_Snaps/hopman.png</image><titleshot>~/../thumbs/Casio - PV-1000/Named_Titles/hopman.png</titleshot><thumbnail>~/../thumbs/Casio - PV-1000/Named_Boxarts/hopman.png</thumbnail><marquee>~/../thumbs/Casio - PV-1000/Named_Logos/hopman.png</marquee></game>
<game><path>./Casio PV-1000 Split/lift.zip</path><name>lift</name><image>~/../thumbs/Casio - PV-1000/Named_Snaps/lift.png</image><titleshot>~/../thumbs/Casio - PV-1000/Named_Titles/lift.png</titleshot><thumbnail>~/../thumbs/Casio - PV-1000/Named_Boxarts/lift.png</thumbnail><marquee>~/../thumbs/Casio - PV-1000/Named_Logos/lift.png</marquee></game>
<game><path>./Casio PV-1000 Split/mazy.zip</path><name>mazy</name><image>~/../thumbs/Casio - PV-1000/Named_Snaps/mazy.png</image><titleshot>~/../thumbs/Casio - PV-1000/Named_Titles/mazy.png</titleshot><thumbnail>~/../thumbs/Casio - PV-1000/Named_Boxarts/mazy.png</thumbnail><marquee>~/../thumbs/Casio - PV-1000/Named_Logos/mazy.png</marquee></game>
<game><path>./Casio PV-1000 Split/mazy2.zip</path><name>mazy2</name><image>~/../thumbs/Casio - PV-1000/Named_Snaps/mazy2.png</image><titleshot>~/../thumbs/Casio - PV-1000/Named_Titles/mazy2.png</titleshot><thumbnail>~/../thumbs/Casio - PV-1000/Named_Boxarts/mazy2.png</thumbnail><marquee>~/../thumbs/Casio - PV-1000/Named_Logos/mazy2.png</marquee></game>
<game><path>./Casio PV-1000 Split/mieyen.zip</path><name>mieyen</name><image>~/../thumbs/Casio - PV-1000/Named_Snaps/mieyen.png</image><titleshot>~/../thumbs/Casio - PV-1000/Named_Titles/mieyen.png</titleshot><thumbnail>~/../thumbs/Casio - PV-1000/Named_Boxarts/mieyen.png</thumbnail><marquee>~/../thumbs/Casio - PV-1000/Named_Logos/mieyen.png</marquee></game>
<game><path>./Casio PV-1000 Split/naugtboy.zip</path><name>naugtboy</name><image>~/../thumbs/Casio - PV-1000/Named_Snaps/naugtboy.png</image><titleshot>~/../thumbs/Casio - PV-1000/Named_Titles/naugtboy.png</titleshot><thumbnail>~/../thumbs/Casio - PV-1000/Named_Boxarts/naugtboy.png</thumbnail><marquee>~/../thumbs/Casio - PV-1000/Named_Logos/naugtboy.png</marquee></game>
<game><path>./Casio PV-1000 Split/neuras.zip</path><name>neuras</name><image>~/../thumbs/Casio - PV-1000/Named_Snaps/neuras.png</image><titleshot>~/../thumbs/Casio - PV-1000/Named_Titles/neuras.png</titleshot><thumbnail>~/../thumbs/Casio - PV-1000/Named_Boxarts/neuras.png</thumbnail><marquee>~/../thumbs/Casio - PV-1000/Named_Logos/neuras.png</marquee></game>
<game><path>./Casio PV-1000 Split/osotos.zip</path><name>osotos</name><image>~/../thumbs/Casio - PV-1000/Named_Snaps/osotos.png</image><titleshot>~/../thumbs/Casio - PV-1000/Named_Titles/osotos.png</titleshot><thumbnail>~/../thumbs/Casio - PV-1000/Named_Boxarts/osotos.png</thumbnail><marquee>~/../thumbs/Casio - PV-1000/Named_Logos/osotos.png</marquee></game>
<game><path>./Casio PV-1000 Split/pachiufo.zip</path><name>pachiufo</name><image>~/../thumbs/Casio - PV-1000/Named_Snaps/pachiufo.png</image><titleshot>~/../thumbs/Casio - PV-1000/Named_Titles/pachiufo.png</titleshot><thumbnail>~/../thumbs/Casio - PV-1000/Named_Boxarts/pachiufo.png</thumbnail><marquee>~/../thumbs/Casio - PV-1000/Named_Logos/pachiufo.png</marquee></game>
<game><path>./Casio PV-1000 Split/pooyan.zip</path><name>pooyan</name><image>~/../thumbs/Casio - PV-1000/Named_Snaps/pooyan.png</image><titleshot>~/../thumbs/Casio - PV-1000/Named_Titles/pooyan.png</titleshot><thumbnail>~/../thumbs/Casio - PV-1000/Named_Boxarts/pooyan.png</thumbnail><marquee>~/../thumbs/Casio - PV-1000/Named_Logos/pooyan.png</marquee></game>
<game><path>./Casio PV-1000 Split/ruptus.zip</path><name>ruptus</name><image>~/../thumbs/Casio - PV-1000/Named_Snaps/ruptus.png</image><titleshot>~/../thumbs/Casio - PV-1000/Named_Titles/ruptus.png</titleshot><thumbnail>~/../thumbs/Casio - PV-1000/Named_Boxarts/ruptus.png</thumbnail><marquee>~/../thumbs/Casio - PV-1000/Named_Logos/ruptus.png</marquee></game>
<game><path>./Casio PV-1000 Split/scobra.zip</path><name>scobra</name><image>~/../thumbs/Casio - PV-1000/Named_Snaps/scobra.png</image><titleshot>~/../thumbs/Casio - PV-1000/Named_Titles/scobra.png</titleshot><thumbnail>~/../thumbs/Casio - PV-1000/Named_Boxarts/scobra.png</thumbnail><marquee>~/../thumbs/Casio - PV-1000/Named_Logos/scobra.png</marquee></game>
<game><path>./Casio PV-1000 Split/spcpanic.zip</path><name>spcpanic</name><image>~/../thumbs/Casio - PV-1000/Named_Snaps/spcpanic.png</image><titleshot>~/../thumbs/Casio - PV-1000/Named_Titles/spcpanic.png</titleshot><thumbnail>~/../thumbs/Casio - PV-1000/Named_Boxarts/spcpanic.png</thumbnail><marquee>~/../thumbs/Casio - PV-1000/Named_Logos/spcpanic.png</marquee></game>
<game><path>./Casio PV-1000 Split/turpin.zip</path><name>turpin</name><image>~/../thumbs/Casio - PV-1000/Named_Snaps/turpin.png</image><titleshot>~/../thumbs/Casio - PV-1000/Named_Titles/turpin.png</titleshot><thumbnail>~/../thumbs/Casio - PV-1000/Named_Boxarts/turpin.png</thumbnail><marquee>~/../thumbs/Casio - PV-1000/Named_Logos/turpin.png</marquee></game>
<game><path>./Casio PV-1000 Split/tutankhm.zip</path><name>tutankhm</name><image>~/../thumbs/Casio - PV-1000/Named_Snaps/tutankhm.png</image><titleshot>~/../thumbs/Casio - PV-1000/Named_Titles/tutankhm.png</titleshot><thumbnail>~/../thumbs/Casio - PV-1000/Named_Boxarts/tutankhm.png</thumbnail><marquee>~/../thumbs/Casio - PV-1000/Named_Logos/tutankhm.png</marquee></game>
<game><path>./Casio PV-1000 Split/warpwarp.zip</path><name>warpwarp</name><image>~/../thumbs/Casio - PV-1000/Named_Snaps/warpwarp.png</image><titleshot>~/../thumbs/Casio - PV-1000/Named_Titles/warpwarp.png</titleshot><thumbnail>~/../thumbs/Casio - PV-1000/Named_Boxarts/warpwarp.png</thumbnail><marquee>~/../thumbs/Casio - PV-1000/Named_Logos/warpwarp.png</marquee></game>
<game><path>./Casio PV-1000 Split/yewdow.zip</path><name>yewdow</name><image>~/../thumbs/Casio - PV-1000/Named_Snaps/yewdow.png</image><titleshot>~/../thumbs/Casio - PV-1000/Named_Titles/yewdow.png</titleshot><thumbnail>~/../thumbs/Casio - PV-1000/Named_Boxarts/yewdow.png</thumbnail><marquee>~/../thumbs/Casio - PV-1000/Named_Logos/yewdow.png</marquee></game>
<folder><path>./pv1000</path><name>pv1000</name><image>~/../thumb/pv1000.png</image></folder>
</gameList>
