<gameList>
<game><path>./Casio PV-1000 NoIntro/Amidar (Japan).zip</path><name>Amidar (Japan)</name><image>~/../thumbs/Casio - PV-1000/Named_Snaps/Amidar (Japan).png</image><titleshot>~/../thumbs/Casio - PV-1000/Named_Titles/Amidar (Japan).png</titleshot><thumbnail>~/../thumbs/Casio - PV-1000/Named_Boxarts/Amidar (Japan).png</thumbnail><marquee>~/../thumbs/Casio - PV-1000/Named_Logos/Amidar (Japan).png</marquee></game>
<game><path>./Casio PV-1000 NoIntro/Dig Dug (Japan).zip</path><name>Dig Dug (Japan)</name><image>~/../thumbs/Casio - PV-1000/Named_Snaps/Dig Dug (Japan).png</image><titleshot>~/../thumbs/Casio - PV-1000/Named_Titles/Dig Dug (Japan).png</titleshot><thumbnail>~/../thumbs/Casio - PV-1000/Named_Boxarts/Dig Dug (Japan).png</thumbnail><marquee>~/../thumbs/Casio - PV-1000/Named_Logos/Dig Dug (Japan).png</marquee></game>
<game><path>./Casio PV-1000 NoIntro/Dirty Chameleon (Japan).zip</path><name>Dirty Chameleon (Japan)</name><image>~/../thumbs/Casio - PV-1000/Named_Snaps/Dirty Chameleon (Japan).png</image><titleshot>~/../thumbs/Casio - PV-1000/Named_Titles/Dirty Chameleon (Japan).png</titleshot><thumbnail>~/../thumbs/Casio - PV-1000/Named_Boxarts/Dirty Chameleon (Japan).png</thumbnail><marquee>~/../thumbs/Casio - PV-1000/Named_Logos/Dirty Chameleon (Japan).png</marquee></game>
<game><path>./Casio PV-1000 NoIntro/Excite Mahjong (Japan).zip</path><name>Excite Mahjong (Japan)</name><image>~/../thumbs/Casio - PV-1000/Named_Snaps/Excite Mahjong (Japan).png</image><titleshot>~/../thumbs/Casio - PV-1000/Named_Titles/Excite Mahjong (Japan).png</titleshot><thumbnail>~/../thumbs/Casio - PV-1000/Named_Boxarts/Excite Mahjong (Japan).png</thumbnail><marquee>~/../thumbs/Casio - PV-1000/Named_Logos/Excite Mahjong (Japan).png</marquee></game>
<game><path>./Casio PV-1000 NoIntro/Fighting Bug (Japan).zip</path><name>Fighting Bug (Japan)</name><image>~/../thumbs/Casio - PV-1000/Named_Snaps/Fighting Bug (Japan).png</image><titleshot>~/../thumbs/Casio - PV-1000/Named_Titles/Fighting Bug (Japan).png</titleshot><thumbnail>~/../thumbs/Casio - PV-1000/Named_Boxarts/Fighting Bug (Japan).png</thumbnail><marquee>~/../thumbs/Casio - PV-1000/Named_Logos/Fighting Bug (Japan).png</marquee></game>
<game><path>./Casio PV-1000 NoIntro/Naughty Boy (Japan).zip</path><name>Naughty Boy (Japan)</name><image>~/../thumbs/Casio - PV-1000/Named_Snaps/Naughty Boy (Japan).png</image><titleshot>~/../thumbs/Casio - PV-1000/Named_Titles/Naughty Boy (Japan).png</titleshot><thumbnail>~/../thumbs/Casio - PV-1000/Named_Boxarts/Naughty Boy (Japan).png</thumbnail><marquee>~/../thumbs/Casio - PV-1000/Named_Logos/Naughty Boy (Japan).png</marquee></game>
<game><path>./Casio PV-1000 NoIntro/Pachinko-UFO (Japan).zip</path><name>Pachinko-UFO (Japan)</name><image>~/../thumbs/Casio - PV-1000/Named_Snaps/Pachinko-UFO (Japan).png</image><titleshot>~/../thumbs/Casio - PV-1000/Named_Titles/Pachinko-UFO (Japan).png</titleshot><thumbnail>~/../thumbs/Casio - PV-1000/Named_Boxarts/Pachinko-UFO (Japan).png</thumbnail><marquee>~/../thumbs/Casio - PV-1000/Named_Logos/Pachinko-UFO (Japan).png</marquee></game>
<game><path>./Casio PV-1000 NoIntro/Pooyan (Japan).zip</path><name>Pooyan (Japan)</name><image>~/../thumbs/Casio - PV-1000/Named_Snaps/Pooyan (Japan).png</image><titleshot>~/../thumbs/Casio - PV-1000/Named_Titles/Pooyan (Japan).png</titleshot><thumbnail>~/../thumbs/Casio - PV-1000/Named_Boxarts/Pooyan (Japan).png</thumbnail><marquee>~/../thumbs/Casio - PV-1000/Named_Logos/Pooyan (Japan).png</marquee></game>
<game><path>./Casio PV-1000 NoIntro/Space Panic (Japan).zip</path><name>Space Panic (Japan)</name><image>~/../thumbs/Casio - PV-1000/Named_Snaps/Space Panic (Japan).png</image><titleshot>~/../thumbs/Casio - PV-1000/Named_Titles/Space Panic (Japan).png</titleshot><thumbnail>~/../thumbs/Casio - PV-1000/Named_Boxarts/Space Panic (Japan).png</thumbnail><marquee>~/../thumbs/Casio - PV-1000/Named_Logos/Space Panic (Japan).png</marquee></game>
<game><path>./Casio PV-1000 NoIntro/Super Cobra (Japan).zip</path><name>Super Cobra (Japan)</name><image>~/../thumbs/Casio - PV-1000/Named_Snaps/Super Cobra (Japan).png</image><titleshot>~/../thumbs/Casio - PV-1000/Named_Titles/Super Cobra (Japan).png</titleshot><thumbnail>~/../thumbs/Casio - PV-1000/Named_Boxarts/Super Cobra (Japan).png</thumbnail><marquee>~/../thumbs/Casio - PV-1000/Named_Logos/Super Cobra (Japan).png</marquee></game>
<game><path>./Casio PV-1000 NoIntro/Turpin (Japan).zip</path><name>Turpin (Japan)</name><image>~/../thumbs/Casio - PV-1000/Named_Snaps/Turpin (Japan).png</image><titleshot>~/../thumbs/Casio - PV-1000/Named_Titles/Turpin (Japan).png</titleshot><thumbnail>~/../thumbs/Casio - PV-1000/Named_Boxarts/Turpin (Japan).png</thumbnail><marquee>~/../thumbs/Casio - PV-1000/Named_Logos/Turpin (Japan).png</marquee></game>
<game><path>./Casio PV-1000 NoIntro/Tutankham (Japan).zip</path><name>Tutankham (Japan)</name><image>~/../thumbs/Casio - PV-1000/Named_Snaps/Tutankham (Japan).png</image><titleshot>~/../thumbs/Casio - PV-1000/Named_Titles/Tutankham (Japan).png</titleshot><thumbnail>~/../thumbs/Casio - PV-1000/Named_Boxarts/Tutankham (Japan).png</thumbnail><marquee>~/../thumbs/Casio - PV-1000/Named_Logos/Tutankham (Japan).png</marquee></game>
<game><path>./Casio PV-1000 NoIntro/Warp & Warp (Japan).zip</path><name>Warp & Warp (Japan)</name><image>~/../thumbs/Casio - PV-1000/Named_Snaps/Warp & Warp (Japan).png</image><titleshot>~/../thumbs/Casio - PV-1000/Named_Titles/Warp & Warp (Japan).png</titleshot><thumbnail>~/../thumbs/Casio - PV-1000/Named_Boxarts/Warp & Warp (Japan).png</thumbnail><marquee>~/../thumbs/Casio - PV-1000/Named_Logos/Warp & Warp (Japan).png</marquee></game>
<game><path>./Casio PV-1000 TOSEC/Amidar (1982)(Casio)(JP)[GPA-104].zip</path><name>Amidar (1982)(Casio)(JP)[GPA-104]</name><image>~/../thumbs/Casio - PV-1000/Named_Snaps/Amidar (1982)(Casio)(JP)[GPA-104].png</image><titleshot>~/../thumbs/Casio - PV-1000/Named_Titles/Amidar (1982)(Casio)(JP)[GPA-104].png</titleshot><thumbnail>~/../thumbs/Casio - PV-1000/Named_Boxarts/Amidar (1982)(Casio)(JP)[GPA-104].png</thumbnail><marquee>~/../thumbs/Casio - PV-1000/Named_Logos/Amidar (1982)(Casio)(JP)[GPA-104].png</marquee></game>
<game><path>./Casio PV-1000 TOSEC/Ascend (2022-04-12)(Inufuto)(JP).zip</path><name>Ascend (2022-04-12)(Inufuto)(JP)</name><image>~/../thumbs/Casio - PV-1000/Named_Snaps/Ascend (2022-04-12)(Inufuto)(JP).png</image><titleshot>~/../thumbs/Casio - PV-1000/Named_Titles/Ascend (2022-04-12)(Inufuto)(JP).png</titleshot><thumbnail>~/../thumbs/Casio - PV-1000/Named_Boxarts/Ascend (2022-04-12)(Inufuto)(JP).png</thumbnail><marquee>~/../thumbs/Casio - PV-1000/Named_Logos/Ascend (2022-04-12)(Inufuto)(JP).png</marquee></game>
<game><path>./Casio PV-1000 TOSEC/Cross Chase (2018-10-29)(Caruso, Fabrizio)[full].zip</path><name>Cross Chase (2018-10-29)(Caruso, Fabrizio)[full]</name><image>~/../thumbs/Casio - PV-1000/Named_Snaps/Cross Chase (2018-10-29)(Caruso, Fabrizio)[full].png</image><titleshot>~/../thumbs/Casio - PV-1000/Named_Titles/Cross Chase (2018-10-29)(Caruso, Fabrizio)[full].png</titleshot><thumbnail>~/../thumbs/Casio - PV-1000/Named_Boxarts/Cross Chase (2018-10-29)(Caruso, Fabrizio)[full].png</thumbnail><marquee>~/../thumbs/Casio - PV-1000/Named_Logos/Cross Chase (2018-10-29)(Caruso, Fabrizio)[full].png</marquee></game>
<game><path>./Casio PV-1000 TOSEC/Cross Chase (2018-10-29)(Caruso, Fabrizio)[light].zip</path><name>Cross Chase (2018-10-29)(Caruso, Fabrizio)[light]</name><image>~/../thumbs/Casio - PV-1000/Named_Snaps/Cross Chase (2018-10-29)(Caruso, Fabrizio)[light].png</image><titleshot>~/../thumbs/Casio - PV-1000/Named_Titles/Cross Chase (2018-10-29)(Caruso, Fabrizio)[light].png</titleshot><thumbnail>~/../thumbs/Casio - PV-1000/Named_Boxarts/Cross Chase (2018-10-29)(Caruso, Fabrizio)[light].png</thumbnail><marquee>~/../thumbs/Casio - PV-1000/Named_Logos/Cross Chase (2018-10-29)(Caruso, Fabrizio)[light].png</marquee></game>
<game><path>./Casio PV-1000 TOSEC/Cross Chase (2020-04-02)(Caruso, Fabrizio)[full].zip</path><name>Cross Chase (2020-04-02)(Caruso, Fabrizio)[full]</name><image>~/../thumbs/Casio - PV-1000/Named_Snaps/Cross Chase (2020-04-02)(Caruso, Fabrizio)[full].png</image><titleshot>~/../thumbs/Casio - PV-1000/Named_Titles/Cross Chase (2020-04-02)(Caruso, Fabrizio)[full].png</titleshot><thumbnail>~/../thumbs/Casio - PV-1000/Named_Boxarts/Cross Chase (2020-04-02)(Caruso, Fabrizio)[full].png</thumbnail><marquee>~/../thumbs/Casio - PV-1000/Named_Logos/Cross Chase (2020-04-02)(Caruso, Fabrizio)[full].png</marquee></game>
<game><path>./Casio PV-1000 TOSEC/Cross Chase (2020-04-02)(Caruso, Fabrizio)[light].zip</path><name>Cross Chase (2020-04-02)(Caruso, Fabrizio)[light]</name><image>~/../thumbs/Casio - PV-1000/Named_Snaps/Cross Chase (2020-04-02)(Caruso, Fabrizio)[light].png</image><titleshot>~/../thumbs/Casio - PV-1000/Named_Titles/Cross Chase (2020-04-02)(Caruso, Fabrizio)[light].png</titleshot><thumbnail>~/../thumbs/Casio - PV-1000/Named_Boxarts/Cross Chase (2020-04-02)(Caruso, Fabrizio)[light].png</thumbnail><marquee>~/../thumbs/Casio - PV-1000/Named_Logos/Cross Chase (2020-04-02)(Caruso, Fabrizio)[light].png</marquee></game>
<game><path>./Casio PV-1000 TOSEC/Cross Chase (2021-05-13)(Caruso, Fabrizio).zip</path><name>Cross Chase (2021-05-13)(Caruso, Fabrizio)</name><image>~/../thumbs/Casio - PV-1000/Named_Snaps/Cross Chase (2021-05-13)(Caruso, Fabrizio).png</image><titleshot>~/../thumbs/Casio - PV-1000/Named_Titles/Cross Chase (2021-05-13)(Caruso, Fabrizio).png</titleshot><thumbnail>~/../thumbs/Casio - PV-1000/Named_Boxarts/Cross Chase (2021-05-13)(Caruso, Fabrizio).png</thumbnail><marquee>~/../thumbs/Casio - PV-1000/Named_Logos/Cross Chase (2021-05-13)(Caruso, Fabrizio).png</marquee></game>
<game><path>./Casio PV-1000 TOSEC/Dig Dug (1982)(Casio)(JP)[GPA-105].zip</path><name>Dig Dug (1982)(Casio)(JP)[GPA-105]</name><image>~/../thumbs/Casio - PV-1000/Named_Snaps/Dig Dug (1982)(Casio)(JP)[GPA-105].png</image><titleshot>~/../thumbs/Casio - PV-1000/Named_Titles/Dig Dug (1982)(Casio)(JP)[GPA-105].png</titleshot><thumbnail>~/../thumbs/Casio - PV-1000/Named_Boxarts/Dig Dug (1982)(Casio)(JP)[GPA-105].png</thumbnail><marquee>~/../thumbs/Casio - PV-1000/Named_Logos/Dig Dug (1982)(Casio)(JP)[GPA-105].png</marquee></game>
<game><path>./Casio PV-1000 TOSEC/Dirty Chameleon (198x)(Casio)(JP)[GPA-114].zip</path><name>Dirty Chameleon (198x)(Casio)(JP)[GPA-114]</name><image>~/../thumbs/Casio - PV-1000/Named_Snaps/Dirty Chameleon (198x)(Casio)(JP)[GPA-114].png</image><titleshot>~/../thumbs/Casio - PV-1000/Named_Titles/Dirty Chameleon (198x)(Casio)(JP)[GPA-114].png</titleshot><thumbnail>~/../thumbs/Casio - PV-1000/Named_Boxarts/Dirty Chameleon (198x)(Casio)(JP)[GPA-114].png</thumbnail><marquee>~/../thumbs/Casio - PV-1000/Named_Logos/Dirty Chameleon (198x)(Casio)(JP)[GPA-114].png</marquee></game>
<game><path>./Casio PV-1000 TOSEC/Excite Mahjong (1982)(Casio)(JP)[GPA-115].zip</path><name>Excite Mahjong (1982)(Casio)(JP)[GPA-115]</name><image>~/../thumbs/Casio - PV-1000/Named_Snaps/Excite Mahjong (1982)(Casio)(JP)[GPA-115].png</image><titleshot>~/../thumbs/Casio - PV-1000/Named_Titles/Excite Mahjong (1982)(Casio)(JP)[GPA-115].png</titleshot><thumbnail>~/../thumbs/Casio - PV-1000/Named_Boxarts/Excite Mahjong (1982)(Casio)(JP)[GPA-115].png</thumbnail><marquee>~/../thumbs/Casio - PV-1000/Named_Logos/Excite Mahjong (1982)(Casio)(JP)[GPA-115].png</marquee></game>
<game><path>./Casio PV-1000 TOSEC/Fighting Bug (1982)(Casio)(JP)[GPA-110].zip</path><name>Fighting Bug (1982)(Casio)(JP)[GPA-110]</name><image>~/../thumbs/Casio - PV-1000/Named_Snaps/Fighting Bug (1982)(Casio)(JP)[GPA-110].png</image><titleshot>~/../thumbs/Casio - PV-1000/Named_Titles/Fighting Bug (1982)(Casio)(JP)[GPA-110].png</titleshot><thumbnail>~/../thumbs/Casio - PV-1000/Named_Boxarts/Fighting Bug (1982)(Casio)(JP)[GPA-110].png</thumbnail><marquee>~/../thumbs/Casio - PV-1000/Named_Logos/Fighting Bug (1982)(Casio)(JP)[GPA-110].png</marquee></game>
<game><path>./Casio PV-1000 TOSEC/H7N9 (2019)(nitrofurano).zip</path><name>H7N9 (2019)(nitrofurano)</name><image>~/../thumbs/Casio - PV-1000/Named_Snaps/H7N9 (2019)(nitrofurano).png</image><titleshot>~/../thumbs/Casio - PV-1000/Named_Titles/H7N9 (2019)(nitrofurano).png</titleshot><thumbnail>~/../thumbs/Casio - PV-1000/Named_Boxarts/H7N9 (2019)(nitrofurano).png</thumbnail><marquee>~/../thumbs/Casio - PV-1000/Named_Logos/H7N9 (2019)(nitrofurano).png</marquee></game>
<game><path>./Casio PV-1000 TOSEC/Mazy (2021-11-13)(Inufuto)(JP).zip</path><name>Mazy (2021-11-13)(Inufuto)(JP)</name><image>~/../thumbs/Casio - PV-1000/Named_Snaps/Mazy (2021-11-13)(Inufuto)(JP).png</image><titleshot>~/../thumbs/Casio - PV-1000/Named_Titles/Mazy (2021-11-13)(Inufuto)(JP).png</titleshot><thumbnail>~/../thumbs/Casio - PV-1000/Named_Boxarts/Mazy (2021-11-13)(Inufuto)(JP).png</thumbnail><marquee>~/../thumbs/Casio - PV-1000/Named_Logos/Mazy (2021-11-13)(Inufuto)(JP).png</marquee></game>
<game><path>./Casio PV-1000 TOSEC/Naughty Boy (198x)(Casio)(JP)[GPA-112].zip</path><name>Naughty Boy (198x)(Casio)(JP)[GPA-112]</name><image>~/../thumbs/Casio - PV-1000/Named_Snaps/Naughty Boy (198x)(Casio)(JP)[GPA-112].png</image><titleshot>~/../thumbs/Casio - PV-1000/Named_Titles/Naughty Boy (198x)(Casio)(JP)[GPA-112].png</titleshot><thumbnail>~/../thumbs/Casio - PV-1000/Named_Boxarts/Naughty Boy (198x)(Casio)(JP)[GPA-112].png</thumbnail><marquee>~/../thumbs/Casio - PV-1000/Named_Logos/Naughty Boy (198x)(Casio)(JP)[GPA-112].png</marquee></game>
<game><path>./Casio PV-1000 TOSEC/Pachinko - UFO (1982)(Casio)(JP)[GPA-109].zip</path><name>Pachinko - UFO (1982)(Casio)(JP)[GPA-109]</name><image>~/../thumbs/Casio - PV-1000/Named_Snaps/Pachinko - UFO (1982)(Casio)(JP)[GPA-109].png</image><titleshot>~/../thumbs/Casio - PV-1000/Named_Titles/Pachinko - UFO (1982)(Casio)(JP)[GPA-109].png</titleshot><thumbnail>~/../thumbs/Casio - PV-1000/Named_Boxarts/Pachinko - UFO (1982)(Casio)(JP)[GPA-109].png</thumbnail><marquee>~/../thumbs/Casio - PV-1000/Named_Logos/Pachinko - UFO (1982)(Casio)(JP)[GPA-109].png</marquee></game>
<game><path>./Casio PV-1000 TOSEC/Pooyan (1982)(Casio)(JP)[GPA-101].zip</path><name>Pooyan (1982)(Casio)(JP)[GPA-101]</name><image>~/../thumbs/Casio - PV-1000/Named_Snaps/Pooyan (1982)(Casio)(JP)[GPA-101].png</image><titleshot>~/../thumbs/Casio - PV-1000/Named_Titles/Pooyan (1982)(Casio)(JP)[GPA-101].png</titleshot><thumbnail>~/../thumbs/Casio - PV-1000/Named_Boxarts/Pooyan (1982)(Casio)(JP)[GPA-101].png</thumbnail><marquee>~/../thumbs/Casio - PV-1000/Named_Logos/Pooyan (1982)(Casio)(JP)[GPA-101].png</marquee></game>
<game><path>./Casio PV-1000 TOSEC/Ruptus (2021-11-12)(Inufuto)(JP).zip</path><name>Ruptus (2021-11-12)(Inufuto)(JP)</name><image>~/../thumbs/Casio - PV-1000/Named_Snaps/Ruptus (2021-11-12)(Inufuto)(JP).png</image><titleshot>~/../thumbs/Casio - PV-1000/Named_Titles/Ruptus (2021-11-12)(Inufuto)(JP).png</titleshot><thumbnail>~/../thumbs/Casio - PV-1000/Named_Boxarts/Ruptus (2021-11-12)(Inufuto)(JP).png</thumbnail><marquee>~/../thumbs/Casio - PV-1000/Named_Logos/Ruptus (2021-11-12)(Inufuto)(JP).png</marquee></game>
<game><path>./Casio PV-1000 TOSEC/Space Panic (1981)(Casio)(JP)[GPA-111].zip</path><name>Space Panic (1981)(Casio)(JP)[GPA-111]</name><image>~/../thumbs/Casio - PV-1000/Named_Snaps/Space Panic (1981)(Casio)(JP)[GPA-111].png</image><titleshot>~/../thumbs/Casio - PV-1000/Named_Titles/Space Panic (1981)(Casio)(JP)[GPA-111].png</titleshot><thumbnail>~/../thumbs/Casio - PV-1000/Named_Boxarts/Space Panic (1981)(Casio)(JP)[GPA-111].png</thumbnail><marquee>~/../thumbs/Casio - PV-1000/Named_Logos/Space Panic (1981)(Casio)(JP)[GPA-111].png</marquee></game>
<game><path>./Casio PV-1000 TOSEC/Super Cobra (1981)(Casio)(JP)[GPA-102].zip</path><name>Super Cobra (1981)(Casio)(JP)[GPA-102]</name><image>~/../thumbs/Casio - PV-1000/Named_Snaps/Super Cobra (1981)(Casio)(JP)[GPA-102].png</image><titleshot>~/../thumbs/Casio - PV-1000/Named_Titles/Super Cobra (1981)(Casio)(JP)[GPA-102].png</titleshot><thumbnail>~/../thumbs/Casio - PV-1000/Named_Boxarts/Super Cobra (1981)(Casio)(JP)[GPA-102].png</thumbnail><marquee>~/../thumbs/Casio - PV-1000/Named_Logos/Super Cobra (1981)(Casio)(JP)[GPA-102].png</marquee></game>
<game><path>./Casio PV-1000 TOSEC/Turpin (1981)(Casio)(JP)[GPA-107].zip</path><name>Turpin (1981)(Casio)(JP)[GPA-107]</name><image>~/../thumbs/Casio - PV-1000/Named_Snaps/Turpin (1981)(Casio)(JP)[GPA-107].png</image><titleshot>~/../thumbs/Casio - PV-1000/Named_Titles/Turpin (1981)(Casio)(JP)[GPA-107].png</titleshot><thumbnail>~/../thumbs/Casio - PV-1000/Named_Boxarts/Turpin (1981)(Casio)(JP)[GPA-107].png</thumbnail><marquee>~/../thumbs/Casio - PV-1000/Named_Logos/Turpin (1981)(Casio)(JP)[GPA-107].png</marquee></game>
<game><path>./Casio PV-1000 TOSEC/Tutankham (1982)(Casio)(JP)[GPA-103].zip</path><name>Tutankham (1982)(Casio)(JP)[GPA-103]</name><image>~/../thumbs/Casio - PV-1000/Named_Snaps/Tutankham (1982)(Casio)(JP)[GPA-103].png</image><titleshot>~/../thumbs/Casio - PV-1000/Named_Titles/Tutankham (1982)(Casio)(JP)[GPA-103].png</titleshot><thumbnail>~/../thumbs/Casio - PV-1000/Named_Boxarts/Tutankham (1982)(Casio)(JP)[GPA-103].png</thumbnail><marquee>~/../thumbs/Casio - PV-1000/Named_Logos/Tutankham (1982)(Casio)(JP)[GPA-103].png</marquee></game>
<game><path>./Casio PV-1000 TOSEC/UNK v0.0.0 (2021-10-24)(KanedaFr).zip</path><name>UNK v0.0.0 (2021-10-24)(KanedaFr)</name><image>~/../thumbs/Casio - PV-1000/Named_Snaps/UNK v0.0.0 (2021-10-24)(KanedaFr).png</image><titleshot>~/../thumbs/Casio - PV-1000/Named_Titles/UNK v0.0.0 (2021-10-24)(KanedaFr).png</titleshot><thumbnail>~/../thumbs/Casio - PV-1000/Named_Boxarts/UNK v0.0.0 (2021-10-24)(KanedaFr).png</thumbnail><marquee>~/../thumbs/Casio - PV-1000/Named_Logos/UNK v0.0.0 (2021-10-24)(KanedaFr).png</marquee></game>
<game><path>./Casio PV-1000 TOSEC/UNK v0.1.0 (2021-10-25)(KanedaFr).zip</path><name>UNK v0.1.0 (2021-10-25)(KanedaFr)</name><image>~/../thumbs/Casio - PV-1000/Named_Snaps/UNK v0.1.0 (2021-10-25)(KanedaFr).png</image><titleshot>~/../thumbs/Casio - PV-1000/Named_Titles/UNK v0.1.0 (2021-10-25)(KanedaFr).png</titleshot><thumbnail>~/../thumbs/Casio - PV-1000/Named_Boxarts/UNK v0.1.0 (2021-10-25)(KanedaFr).png</thumbnail><marquee>~/../thumbs/Casio - PV-1000/Named_Logos/UNK v0.1.0 (2021-10-25)(KanedaFr).png</marquee></game>
<game><path>./Casio PV-1000 TOSEC/Warp & Warp (1981)(Casio)(JP)[GPA-106].zip</path><name>Warp & Warp (1981)(Casio)(JP)[GPA-106]</name><image>~/../thumbs/Casio - PV-1000/Named_Snaps/Warp & Warp (1981)(Casio)(JP)[GPA-106].png</image><titleshot>~/../thumbs/Casio - PV-1000/Named_Titles/Warp & Warp (1981)(Casio)(JP)[GPA-106].png</titleshot><thumbnail>~/../thumbs/Casio - PV-1000/Named_Boxarts/Warp & Warp (1981)(Casio)(JP)[GPA-106].png</thumbnail><marquee>~/../thumbs/Casio - PV-1000/Named_Logos/Warp & Warp (1981)(Casio)(JP)[GPA-106].png</marquee></game>
<folder><path>./Casio PV-1000 NoIntro</path><name>Casio PV-1000 NoIntro</name><image>~/../thumb/pv1000.png</image></folder>
<folder><path>./Casio PV-1000 TOSEC</path><name>Casio PV-1000 TOSEC</name><image>~/../thumb/pv1000.png</image></folder>
</gameList>
