<gameList>
<game><path>./PC Engine 2 NoIntro/1941 - Counter Attack (Japan).zip</path><name>1941 - Counter Attack (Japan)</name><image>~/../thumbs/NEC - PC Engine SuperGrafx/Named_Snaps/1941 - Counter Attack (Japan).png</image><titleshot>~/../thumbs/NEC - PC Engine SuperGrafx/Named_Titles/1941 - Counter Attack (Japan).png</titleshot><thumbnail>~/../thumbs/NEC - PC Engine SuperGrafx/Named_Boxarts/1941 - Counter Attack (Japan).png</thumbnail><marquee>~/../thumbs/NEC - PC Engine SuperGrafx/Named_Logos/1941 - Counter Attack (Japan).png</marquee></game>
<game><path>./PC Engine 2 NoIntro/Aldynes - The Misson Code for Rage Crisis (Japan) (En).zip</path><name>Aldynes - The Misson Code for Rage Crisis (Japan) (En)</name><image>~/../thumbs/NEC - PC Engine SuperGrafx/Named_Snaps/Aldynes - The Misson Code for Rage Crisis (Japan).png</image><titleshot>~/../thumbs/NEC - PC Engine SuperGrafx/Named_Titles/Aldynes - The Misson Code for Rage Crisis (Japan).png</titleshot><thumbnail>~/../thumbs/NEC - PC Engine SuperGrafx/Named_Boxarts/Aldynes - The Misson Code for Rage Crisis (Japan).png</thumbnail><marquee>~/../thumbs/NEC - PC Engine SuperGrafx/Named_Logos/Aldynes - The Misson Code for Rage Crisis (Japan).png</marquee></game>
<game><path>./PC Engine 2 NoIntro/Battle Ace (Japan) (En).zip</path><name>Battle Ace (Japan) (En)</name><image>~/../thumbs/NEC - PC Engine SuperGrafx/Named_Snaps/Battle Ace (Japan).png</image><titleshot>~/../thumbs/NEC - PC Engine SuperGrafx/Named_Titles/Battle Ace (Japan).png</titleshot><thumbnail>~/../thumbs/NEC - PC Engine SuperGrafx/Named_Boxarts/Battle Ace (Japan).png</thumbnail><marquee>~/../thumbs/NEC - PC Engine SuperGrafx/Named_Logos/Battle Ace (Japan).png</marquee></game>
<game><path>./PC Engine 2 NoIntro/Daimakaimura (Japan) (En).zip</path><name>Daimakaimura (Japan) (En)</name><image>~/../thumbs/NEC - PC Engine SuperGrafx/Named_Snaps/Daimakaimura (Japan).png</image><titleshot>~/../thumbs/NEC - PC Engine SuperGrafx/Named_Titles/Daimakaimura (Japan).png</titleshot><thumbnail>~/../thumbs/NEC - PC Engine SuperGrafx/Named_Boxarts/Daimakaimura (Japan).png</thumbnail><marquee>~/../thumbs/NEC - PC Engine SuperGrafx/Named_Logos/Daimakaimura (Japan).png</marquee></game>
<game><path>./PC Engine 2 NoIntro/Madou King Granzort (Japan) (En).zip</path><name>Madou King Granzort (Japan) (En)</name><image>~/../thumbs/NEC - PC Engine SuperGrafx/Named_Snaps/Madou King Granzort (Japan).png</image><titleshot>~/../thumbs/NEC - PC Engine SuperGrafx/Named_Titles/Madou King Granzort (Japan).png</titleshot><thumbnail>~/../thumbs/NEC - PC Engine SuperGrafx/Named_Boxarts/Madou King Granzort (Japan).png</thumbnail><marquee>~/../thumbs/NEC - PC Engine SuperGrafx/Named_Logos/Madou King Granzort (Japan).png</marquee></game>
<folder><path>./PC Engine 2 NoIntro</path><name>PC Engine 2 NoIntro</name><image>~/../thumb/supergrafx.png</image></folder>
<game><path>./PC Engine 2 TOSEC/1941 - Counter Attack (1991)(Hudson)(JP).zip</path><name>1941 - Counter Attack (1991)(Hudson)(JP)</name><image>~/../thumbs/NEC - PC Engine SuperGrafx/Named_Snaps/1941 - Counter Attack (1991).png</image><titleshot>~/../thumbs/NEC - PC Engine SuperGrafx/Named_Titles/1941 - Counter Attack (1991).png</titleshot><thumbnail>~/../thumbs/NEC - PC Engine SuperGrafx/Named_Boxarts/1941 - Counter Attack (1991).png</thumbnail><marquee>~/../thumbs/NEC - PC Engine SuperGrafx/Named_Logos/1941 - Counter Attack (1991).png</marquee></game>
<game><path>./PC Engine 2 TOSEC/1941 - Counter Attack (1991)(Hudson)(JP)[a].zip</path><name>1941 - Counter Attack (1991)(Hudson)(JP)[a]</name><image>~/../thumbs/NEC - PC Engine SuperGrafx/Named_Snaps/1941 - Counter Attack (1991).png</image><titleshot>~/../thumbs/NEC - PC Engine SuperGrafx/Named_Titles/1941 - Counter Attack (1991).png</titleshot><thumbnail>~/../thumbs/NEC - PC Engine SuperGrafx/Named_Boxarts/1941 - Counter Attack (1991).png</thumbnail><marquee>~/../thumbs/NEC - PC Engine SuperGrafx/Named_Logos/1941 - Counter Attack (1991).png</marquee><hidden>true</hidden></game>
<game><path>./PC Engine 2 TOSEC/1941 - Counter Attack (1991)(Hudson)(JP)[b2 freezes].zip</path><name>1941 - Counter Attack (1991)(Hudson)(JP)[b2 freezes]</name><image>~/../thumbs/NEC - PC Engine SuperGrafx/Named_Snaps/1941 - Counter Attack (1991).png</image><titleshot>~/../thumbs/NEC - PC Engine SuperGrafx/Named_Titles/1941 - Counter Attack (1991).png</titleshot><thumbnail>~/../thumbs/NEC - PC Engine SuperGrafx/Named_Boxarts/1941 - Counter Attack (1991).png</thumbnail><marquee>~/../thumbs/NEC - PC Engine SuperGrafx/Named_Logos/1941 - Counter Attack (1991).png</marquee></game>
<game><path>./PC Engine 2 TOSEC/1941 - Counter Attack (1991)(Hudson)(JP)[b].zip</path><name>1941 - Counter Attack (1991)(Hudson)(JP)[b]</name><image>~/../thumbs/NEC - PC Engine SuperGrafx/Named_Snaps/1941 - Counter Attack (1991).png</image><titleshot>~/../thumbs/NEC - PC Engine SuperGrafx/Named_Titles/1941 - Counter Attack (1991).png</titleshot><thumbnail>~/../thumbs/NEC - PC Engine SuperGrafx/Named_Boxarts/1941 - Counter Attack (1991).png</thumbnail><marquee>~/../thumbs/NEC - PC Engine SuperGrafx/Named_Logos/1941 - Counter Attack (1991).png</marquee><hidden>true</hidden></game>
<game><path>./PC Engine 2 TOSEC/1941 - Counter Attack (1991)(Hudson)(JP)[h2].zip</path><name>1941 - Counter Attack (1991)(Hudson)(JP)[h2]</name><image>~/../thumbs/NEC - PC Engine SuperGrafx/Named_Snaps/1941 - Counter Attack (1991).png</image><titleshot>~/../thumbs/NEC - PC Engine SuperGrafx/Named_Titles/1941 - Counter Attack (1991).png</titleshot><thumbnail>~/../thumbs/NEC - PC Engine SuperGrafx/Named_Boxarts/1941 - Counter Attack (1991).png</thumbnail><marquee>~/../thumbs/NEC - PC Engine SuperGrafx/Named_Logos/1941 - Counter Attack (1991).png</marquee><hidden>true</hidden></game>
<game><path>./PC Engine 2 TOSEC/1941 - Counter Attack (1991)(Hudson)(JP)[h].zip</path><name>1941 - Counter Attack (1991)(Hudson)(JP)[h]</name><image>~/../thumbs/NEC - PC Engine SuperGrafx/Named_Snaps/1941 - Counter Attack (1991).png</image><titleshot>~/../thumbs/NEC - PC Engine SuperGrafx/Named_Titles/1941 - Counter Attack (1991).png</titleshot><thumbnail>~/../thumbs/NEC - PC Engine SuperGrafx/Named_Boxarts/1941 - Counter Attack (1991).png</thumbnail><marquee>~/../thumbs/NEC - PC Engine SuperGrafx/Named_Logos/1941 - Counter Attack (1991).png</marquee><hidden>true</hidden></game>
<game><path>./PC Engine 2 TOSEC/1941 - Counter Attack (1991)(Hudson)(JP)[u].zip</path><name>1941 - Counter Attack (1991)(Hudson)(JP)[u]</name><image>~/../thumbs/NEC - PC Engine SuperGrafx/Named_Snaps/1941 - Counter Attack (1991).png</image><titleshot>~/../thumbs/NEC - PC Engine SuperGrafx/Named_Titles/1941 - Counter Attack (1991).png</titleshot><thumbnail>~/../thumbs/NEC - PC Engine SuperGrafx/Named_Boxarts/1941 - Counter Attack (1991).png</thumbnail><marquee>~/../thumbs/NEC - PC Engine SuperGrafx/Named_Logos/1941 - Counter Attack (1991).png</marquee></game>
<game><path>./PC Engine 2 TOSEC/Aldynes - The Mission Code for Rage Crisis (1991)(Hudson)(JP)(en).zip</path><name>Aldynes - The Mission Code for Rage Crisis (1991)(Hudson)(JP)(en)</name><image>~/../thumbs/NEC - PC Engine SuperGrafx/Named_Snaps/Aldynes - The Mission Code for Rage Crisis (1991).png</image><titleshot>~/../thumbs/NEC - PC Engine SuperGrafx/Named_Titles/Aldynes - The Mission Code for Rage Crisis (1991).png</titleshot><thumbnail>~/../thumbs/NEC - PC Engine SuperGrafx/Named_Boxarts/Aldynes - The Mission Code for Rage Crisis (1991).png</thumbnail><marquee>~/../thumbs/NEC - PC Engine SuperGrafx/Named_Logos/Aldynes - The Mission Code for Rage Crisis (1991).png</marquee></game>
<game><path>./PC Engine 2 TOSEC/Aldynes - The Mission Code for Rage Crisis (1991)(Hudson)(JP)(en)[b2].zip</path><name>Aldynes - The Mission Code for Rage Crisis (1991)(Hudson)(JP)(en)[b2]</name><image>~/../thumbs/NEC - PC Engine SuperGrafx/Named_Snaps/Aldynes - The Mission Code for Rage Crisis (1991).png</image><titleshot>~/../thumbs/NEC - PC Engine SuperGrafx/Named_Titles/Aldynes - The Mission Code for Rage Crisis (1991).png</titleshot><thumbnail>~/../thumbs/NEC - PC Engine SuperGrafx/Named_Boxarts/Aldynes - The Mission Code for Rage Crisis (1991).png</thumbnail><marquee>~/../thumbs/NEC - PC Engine SuperGrafx/Named_Logos/Aldynes - The Mission Code for Rage Crisis (1991).png</marquee><hidden>true</hidden></game>
<game><path>./PC Engine 2 TOSEC/Aldynes - The Mission Code for Rage Crisis (1991)(Hudson)(JP)(en)[b3].zip</path><name>Aldynes - The Mission Code for Rage Crisis (1991)(Hudson)(JP)(en)[b3]</name><image>~/../thumbs/NEC - PC Engine SuperGrafx/Named_Snaps/Aldynes - The Mission Code for Rage Crisis (1991).png</image><titleshot>~/../thumbs/NEC - PC Engine SuperGrafx/Named_Titles/Aldynes - The Mission Code for Rage Crisis (1991).png</titleshot><thumbnail>~/../thumbs/NEC - PC Engine SuperGrafx/Named_Boxarts/Aldynes - The Mission Code for Rage Crisis (1991).png</thumbnail><marquee>~/../thumbs/NEC - PC Engine SuperGrafx/Named_Logos/Aldynes - The Mission Code for Rage Crisis (1991).png</marquee><hidden>true</hidden></game>
<game><path>./PC Engine 2 TOSEC/Aldynes - The Mission Code for Rage Crisis (1991)(Hudson)(JP)(en)[b4].zip</path><name>Aldynes - The Mission Code for Rage Crisis (1991)(Hudson)(JP)(en)[b4]</name><image>~/../thumbs/NEC - PC Engine SuperGrafx/Named_Snaps/Aldynes - The Mission Code for Rage Crisis (1991).png</image><titleshot>~/../thumbs/NEC - PC Engine SuperGrafx/Named_Titles/Aldynes - The Mission Code for Rage Crisis (1991).png</titleshot><thumbnail>~/../thumbs/NEC - PC Engine SuperGrafx/Named_Boxarts/Aldynes - The Mission Code for Rage Crisis (1991).png</thumbnail><marquee>~/../thumbs/NEC - PC Engine SuperGrafx/Named_Logos/Aldynes - The Mission Code for Rage Crisis (1991).png</marquee><hidden>true</hidden></game>
<game><path>./PC Engine 2 TOSEC/Aldynes - The Mission Code for Rage Crisis (1991)(Hudson)(JP)(en)[b5].zip</path><name>Aldynes - The Mission Code for Rage Crisis (1991)(Hudson)(JP)(en)[b5]</name><image>~/../thumbs/NEC - PC Engine SuperGrafx/Named_Snaps/Aldynes - The Mission Code for Rage Crisis (1991).png</image><titleshot>~/../thumbs/NEC - PC Engine SuperGrafx/Named_Titles/Aldynes - The Mission Code for Rage Crisis (1991).png</titleshot><thumbnail>~/../thumbs/NEC - PC Engine SuperGrafx/Named_Boxarts/Aldynes - The Mission Code for Rage Crisis (1991).png</thumbnail><marquee>~/../thumbs/NEC - PC Engine SuperGrafx/Named_Logos/Aldynes - The Mission Code for Rage Crisis (1991).png</marquee><hidden>true</hidden></game>
<game><path>./PC Engine 2 TOSEC/Aldynes - The Mission Code for Rage Crisis (1991)(Hudson)(JP)(en)[b].zip</path><name>Aldynes - The Mission Code for Rage Crisis (1991)(Hudson)(JP)(en)[b]</name><image>~/../thumbs/NEC - PC Engine SuperGrafx/Named_Snaps/Aldynes - The Mission Code for Rage Crisis (1991).png</image><titleshot>~/../thumbs/NEC - PC Engine SuperGrafx/Named_Titles/Aldynes - The Mission Code for Rage Crisis (1991).png</titleshot><thumbnail>~/../thumbs/NEC - PC Engine SuperGrafx/Named_Boxarts/Aldynes - The Mission Code for Rage Crisis (1991).png</thumbnail><marquee>~/../thumbs/NEC - PC Engine SuperGrafx/Named_Logos/Aldynes - The Mission Code for Rage Crisis (1991).png</marquee><hidden>true</hidden></game>
<game><path>./PC Engine 2 TOSEC/Aldynes - The Mission Code for Rage Crisis (1991)(Hudson)(JP)(en)[u].zip</path><name>Aldynes - The Mission Code for Rage Crisis (1991)(Hudson)(JP)(en)[u]</name><image>~/../thumbs/NEC - PC Engine SuperGrafx/Named_Snaps/Aldynes - The Mission Code for Rage Crisis (1991).png</image><titleshot>~/../thumbs/NEC - PC Engine SuperGrafx/Named_Titles/Aldynes - The Mission Code for Rage Crisis (1991).png</titleshot><thumbnail>~/../thumbs/NEC - PC Engine SuperGrafx/Named_Boxarts/Aldynes - The Mission Code for Rage Crisis (1991).png</thumbnail><marquee>~/../thumbs/NEC - PC Engine SuperGrafx/Named_Logos/Aldynes - The Mission Code for Rage Crisis (1991).png</marquee></game>
<game><path>./PC Engine 2 TOSEC/Battle Ace (1989)(Hudson)(JP)(en).zip</path><name>Battle Ace (1989)(Hudson)(JP)(en)</name><image>~/../thumbs/NEC - PC Engine SuperGrafx/Named_Snaps/Battle Ace (1989).png</image><titleshot>~/../thumbs/NEC - PC Engine SuperGrafx/Named_Titles/Battle Ace (1989).png</titleshot><thumbnail>~/../thumbs/NEC - PC Engine SuperGrafx/Named_Boxarts/Battle Ace (1989).png</thumbnail><marquee>~/../thumbs/NEC - PC Engine SuperGrafx/Named_Logos/Battle Ace (1989).png</marquee></game>
<game><path>./PC Engine 2 TOSEC/Battle Ace (1989)(Hudson)(JP)(en)[b corrupt gfx].zip</path><name>Battle Ace (1989)(Hudson)(JP)(en)[b corrupt gfx]</name><image>~/../thumbs/NEC - PC Engine SuperGrafx/Named_Snaps/Battle Ace (1989).png</image><titleshot>~/../thumbs/NEC - PC Engine SuperGrafx/Named_Titles/Battle Ace (1989).png</titleshot><thumbnail>~/../thumbs/NEC - PC Engine SuperGrafx/Named_Boxarts/Battle Ace (1989).png</thumbnail><marquee>~/../thumbs/NEC - PC Engine SuperGrafx/Named_Logos/Battle Ace (1989).png</marquee></game>
<game><path>./PC Engine 2 TOSEC/Battle Ace (1989)(Hudson)(JP)(en)[b2].zip</path><name>Battle Ace (1989)(Hudson)(JP)(en)[b2]</name><image>~/../thumbs/NEC - PC Engine SuperGrafx/Named_Snaps/Battle Ace (1989).png</image><titleshot>~/../thumbs/NEC - PC Engine SuperGrafx/Named_Titles/Battle Ace (1989).png</titleshot><thumbnail>~/../thumbs/NEC - PC Engine SuperGrafx/Named_Boxarts/Battle Ace (1989).png</thumbnail><marquee>~/../thumbs/NEC - PC Engine SuperGrafx/Named_Logos/Battle Ace (1989).png</marquee><hidden>true</hidden></game>
<game><path>./PC Engine 2 TOSEC/Daimakaimura (1990)(NEC Avenue)(JP).zip</path><name>Daimakaimura (1990)(NEC Avenue)(JP)</name><image>~/../thumbs/NEC - PC Engine SuperGrafx/Named_Snaps/Daimakaimura (1990).png</image><titleshot>~/../thumbs/NEC - PC Engine SuperGrafx/Named_Titles/Daimakaimura (1990).png</titleshot><thumbnail>~/../thumbs/NEC - PC Engine SuperGrafx/Named_Boxarts/Daimakaimura (1990).png</thumbnail><marquee>~/../thumbs/NEC - PC Engine SuperGrafx/Named_Logos/Daimakaimura (1990).png</marquee></game>
<game><path>./PC Engine 2 TOSEC/Flappy Bird (2014)(Retrotaku, Touko)(PD).zip</path><name>Flappy Bird (2014)(Retrotaku, Touko)(PD)</name><image>~/../thumbs/NEC - PC Engine SuperGrafx/Named_Snaps/Flappy Bird (2014).png</image><titleshot>~/../thumbs/NEC - PC Engine SuperGrafx/Named_Titles/Flappy Bird (2014).png</titleshot><thumbnail>~/../thumbs/NEC - PC Engine SuperGrafx/Named_Boxarts/Flappy Bird (2014).png</thumbnail><marquee>~/../thumbs/NEC - PC Engine SuperGrafx/Named_Logos/Flappy Bird (2014).png</marquee></game>
<game><path>./PC Engine 2 TOSEC/Madou Ou Granzort (1990)(Hudson)(JP).zip</path><name>Madou Ou Granzort (1990)(Hudson)(JP)</name><image>~/../thumbs/NEC - PC Engine SuperGrafx/Named_Snaps/Madou Ou Granzort (1990).png</image><titleshot>~/../thumbs/NEC - PC Engine SuperGrafx/Named_Titles/Madou Ou Granzort (1990).png</titleshot><thumbnail>~/../thumbs/NEC - PC Engine SuperGrafx/Named_Boxarts/Madou Ou Granzort (1990).png</thumbnail><marquee>~/../thumbs/NEC - PC Engine SuperGrafx/Named_Logos/Madou Ou Granzort (1990).png</marquee></game>
<folder><path>./PC Engine 2 TOSEC</path><name>PC Engine 2 TOSEC</name><image>~/../thumb/supergrafx.png</image></folder>
</gameList>
