<gameList>
<game><path>./PC Engine 2 NoIntro/1941 - Counter Attack (Japan).zip</path><name>1941 - Counter Attack (Japan)</name><image>~/../thumbs/NEC - PC Engine SuperGrafx/Named_Snaps/1941 - Counter Attack (Japan).png</image><titleshot>~/../thumbs/NEC - PC Engine SuperGrafx/Named_Titles/1941 - Counter Attack (Japan).png</titleshot><thumbnail>~/../thumbs/NEC - PC Engine SuperGrafx/Named_Boxarts/1941 - Counter Attack (Japan).png</thumbnail><marquee>~/../thumbs/NEC - PC Engine SuperGrafx/Named_Logos/1941 - Counter Attack (Japan).png</marquee></game>
<game><path>./PC Engine 2 NoIntro/Aldynes - The Misson Code for Rage Crisis (Japan).zip</path><name>Aldynes - The Misson Code for Rage Crisis (Japan)</name><image>~/../thumbs/NEC - PC Engine SuperGrafx/Named_Snaps/Aldynes - The Misson Code for Rage Crisis (Japan).png</image><titleshot>~/../thumbs/NEC - PC Engine SuperGrafx/Named_Titles/Aldynes - The Misson Code for Rage Crisis (Japan).png</titleshot><thumbnail>~/../thumbs/NEC - PC Engine SuperGrafx/Named_Boxarts/Aldynes - The Misson Code for Rage Crisis (Japan).png</thumbnail><marquee>~/../thumbs/NEC - PC Engine SuperGrafx/Named_Logos/Aldynes - The Misson Code for Rage Crisis (Japan).png</marquee></game>
<game><path>./PC Engine 2 NoIntro/Battle Ace (Japan).zip</path><name>Battle Ace (Japan)</name><image>~/../thumbs/NEC - PC Engine SuperGrafx/Named_Snaps/Battle Ace (Japan).png</image><titleshot>~/../thumbs/NEC - PC Engine SuperGrafx/Named_Titles/Battle Ace (Japan).png</titleshot><thumbnail>~/../thumbs/NEC - PC Engine SuperGrafx/Named_Boxarts/Battle Ace (Japan).png</thumbnail><marquee>~/../thumbs/NEC - PC Engine SuperGrafx/Named_Logos/Battle Ace (Japan).png</marquee></game>
<game><path>./PC Engine 2 NoIntro/Daimakaimura (Japan).zip</path><name>Daimakaimura (Japan)</name><image>~/../thumbs/NEC - PC Engine SuperGrafx/Named_Snaps/Daimakaimura (Japan).png</image><titleshot>~/../thumbs/NEC - PC Engine SuperGrafx/Named_Titles/Daimakaimura (Japan).png</titleshot><thumbnail>~/../thumbs/NEC - PC Engine SuperGrafx/Named_Boxarts/Daimakaimura (Japan).png</thumbnail><marquee>~/../thumbs/NEC - PC Engine SuperGrafx/Named_Logos/Daimakaimura (Japan).png</marquee></game>
<game><path>./PC Engine 2 NoIntro/Madou King Granzort (Japan).zip</path><name>Madou King Granzort (Japan)</name><image>~/../thumbs/NEC - PC Engine SuperGrafx/Named_Snaps/Madou King Granzort (Japan).png</image><titleshot>~/../thumbs/NEC - PC Engine SuperGrafx/Named_Titles/Madou King Granzort (Japan).png</titleshot><thumbnail>~/../thumbs/NEC - PC Engine SuperGrafx/Named_Boxarts/Madou King Granzort (Japan).png</thumbnail><marquee>~/../thumbs/NEC - PC Engine SuperGrafx/Named_Logos/Madou King Granzort (Japan).png</marquee></game>
<folder><path>./PC Engine 2 NoIntro</path><name>PC Engine 2 NoIntro</name><image>~/../thumb/supergrafx.png</image></folder>
<game><path>./PC Engine 2 TOSEC/1941 - Counter Attack (1991)(Hudson)(JP).pce</path><name>1941 - Counter Attack (1991)(Hudson)(JP)</name><image>~/../thumbs/NEC - PC Engine SuperGrafx/Named_Snaps/1941 - Counter Attack (1991)(Hudson)(JP).png</image><titleshot>~/../thumbs/NEC - PC Engine SuperGrafx/Named_Titles/1941 - Counter Attack (1991)(Hudson)(JP).png</titleshot><thumbnail>~/../thumbs/NEC - PC Engine SuperGrafx/Named_Boxarts/1941 - Counter Attack (1991)(Hudson)(JP).png</thumbnail><marquee>~/../thumbs/NEC - PC Engine SuperGrafx/Named_Logos/1941 - Counter Attack (1991)(Hudson)(JP).png</marquee></game>
<game><path>./PC Engine 2 TOSEC/1941 - Counter Attack (1991)(Hudson)(JP)[a].pce</path><name>1941 - Counter Attack (1991)(Hudson)(JP)[a]</name><image>~/../thumbs/NEC - PC Engine SuperGrafx/Named_Snaps/1941 - Counter Attack (1991)(Hudson)(JP)[a].png</image><titleshot>~/../thumbs/NEC - PC Engine SuperGrafx/Named_Titles/1941 - Counter Attack (1991)(Hudson)(JP)[a].png</titleshot><thumbnail>~/../thumbs/NEC - PC Engine SuperGrafx/Named_Boxarts/1941 - Counter Attack (1991)(Hudson)(JP)[a].png</thumbnail><marquee>~/../thumbs/NEC - PC Engine SuperGrafx/Named_Logos/1941 - Counter Attack (1991)(Hudson)(JP)[a].png</marquee><hidden>true</hidden></game>
<game><path>./PC Engine 2 TOSEC/1941 - Counter Attack (1991)(Hudson)(JP)[b2 freezes].pce</path><name>1941 - Counter Attack (1991)(Hudson)(JP)[b2 freezes]</name><image>~/../thumbs/NEC - PC Engine SuperGrafx/Named_Snaps/1941 - Counter Attack (1991)(Hudson)(JP)[b2 freezes].png</image><titleshot>~/../thumbs/NEC - PC Engine SuperGrafx/Named_Titles/1941 - Counter Attack (1991)(Hudson)(JP)[b2 freezes].png</titleshot><thumbnail>~/../thumbs/NEC - PC Engine SuperGrafx/Named_Boxarts/1941 - Counter Attack (1991)(Hudson)(JP)[b2 freezes].png</thumbnail><marquee>~/../thumbs/NEC - PC Engine SuperGrafx/Named_Logos/1941 - Counter Attack (1991)(Hudson)(JP)[b2 freezes].png</marquee></game>
<game><path>./PC Engine 2 TOSEC/1941 - Counter Attack (1991)(Hudson)(JP)[b].pce</path><name>1941 - Counter Attack (1991)(Hudson)(JP)[b]</name><image>~/../thumbs/NEC - PC Engine SuperGrafx/Named_Snaps/1941 - Counter Attack (1991)(Hudson)(JP)[b].png</image><titleshot>~/../thumbs/NEC - PC Engine SuperGrafx/Named_Titles/1941 - Counter Attack (1991)(Hudson)(JP)[b].png</titleshot><thumbnail>~/../thumbs/NEC - PC Engine SuperGrafx/Named_Boxarts/1941 - Counter Attack (1991)(Hudson)(JP)[b].png</thumbnail><marquee>~/../thumbs/NEC - PC Engine SuperGrafx/Named_Logos/1941 - Counter Attack (1991)(Hudson)(JP)[b].png</marquee><hidden>true</hidden></game>
<game><path>./PC Engine 2 TOSEC/1941 - Counter Attack (1991)(Hudson)(JP)[h2].pce</path><name>1941 - Counter Attack (1991)(Hudson)(JP)[h2]</name><image>~/../thumbs/NEC - PC Engine SuperGrafx/Named_Snaps/1941 - Counter Attack (1991)(Hudson)(JP)[h2].png</image><titleshot>~/../thumbs/NEC - PC Engine SuperGrafx/Named_Titles/1941 - Counter Attack (1991)(Hudson)(JP)[h2].png</titleshot><thumbnail>~/../thumbs/NEC - PC Engine SuperGrafx/Named_Boxarts/1941 - Counter Attack (1991)(Hudson)(JP)[h2].png</thumbnail><marquee>~/../thumbs/NEC - PC Engine SuperGrafx/Named_Logos/1941 - Counter Attack (1991)(Hudson)(JP)[h2].png</marquee><hidden>true</hidden></game>
<game><path>./PC Engine 2 TOSEC/1941 - Counter Attack (1991)(Hudson)(JP)[h].pce</path><name>1941 - Counter Attack (1991)(Hudson)(JP)[h]</name><image>~/../thumbs/NEC - PC Engine SuperGrafx/Named_Snaps/1941 - Counter Attack (1991)(Hudson)(JP)[h].png</image><titleshot>~/../thumbs/NEC - PC Engine SuperGrafx/Named_Titles/1941 - Counter Attack (1991)(Hudson)(JP)[h].png</titleshot><thumbnail>~/../thumbs/NEC - PC Engine SuperGrafx/Named_Boxarts/1941 - Counter Attack (1991)(Hudson)(JP)[h].png</thumbnail><marquee>~/../thumbs/NEC - PC Engine SuperGrafx/Named_Logos/1941 - Counter Attack (1991)(Hudson)(JP)[h].png</marquee><hidden>true</hidden></game>
<game><path>./PC Engine 2 TOSEC/1941 - Counter Attack (1991)(Hudson)(JP)[u].pce</path><name>1941 - Counter Attack (1991)(Hudson)(JP)[u]</name><image>~/../thumbs/NEC - PC Engine SuperGrafx/Named_Snaps/1941 - Counter Attack (1991)(Hudson)(JP)[u].png</image><titleshot>~/../thumbs/NEC - PC Engine SuperGrafx/Named_Titles/1941 - Counter Attack (1991)(Hudson)(JP)[u].png</titleshot><thumbnail>~/../thumbs/NEC - PC Engine SuperGrafx/Named_Boxarts/1941 - Counter Attack (1991)(Hudson)(JP)[u].png</thumbnail><marquee>~/../thumbs/NEC - PC Engine SuperGrafx/Named_Logos/1941 - Counter Attack (1991)(Hudson)(JP)[u].png</marquee></game>
<game><path>./PC Engine 2 TOSEC/Aldynes - The Mission Code for Rage Crisis (1991)(Hudson)(JP)(en).pce</path><name>Aldynes - The Mission Code for Rage Crisis (1991)(Hudson)(JP)(en)</name><image>~/../thumbs/NEC - PC Engine SuperGrafx/Named_Snaps/Aldynes - The Mission Code for Rage Crisis (1991)(Hudson)(JP)(en).png</image><titleshot>~/../thumbs/NEC - PC Engine SuperGrafx/Named_Titles/Aldynes - The Mission Code for Rage Crisis (1991)(Hudson)(JP)(en).png</titleshot><thumbnail>~/../thumbs/NEC - PC Engine SuperGrafx/Named_Boxarts/Aldynes - The Mission Code for Rage Crisis (1991)(Hudson)(JP)(en).png</thumbnail><marquee>~/../thumbs/NEC - PC Engine SuperGrafx/Named_Logos/Aldynes - The Mission Code for Rage Crisis (1991)(Hudson)(JP)(en).png</marquee></game>
<game><path>./PC Engine 2 TOSEC/Aldynes - The Mission Code for Rage Crisis (1991)(Hudson)(JP)(en)[b2].pce</path><name>Aldynes - The Mission Code for Rage Crisis (1991)(Hudson)(JP)(en)[b2]</name><image>~/../thumbs/NEC - PC Engine SuperGrafx/Named_Snaps/Aldynes - The Mission Code for Rage Crisis (1991)(Hudson)(JP)(en)[b2].png</image><titleshot>~/../thumbs/NEC - PC Engine SuperGrafx/Named_Titles/Aldynes - The Mission Code for Rage Crisis (1991)(Hudson)(JP)(en)[b2].png</titleshot><thumbnail>~/../thumbs/NEC - PC Engine SuperGrafx/Named_Boxarts/Aldynes - The Mission Code for Rage Crisis (1991)(Hudson)(JP)(en)[b2].png</thumbnail><marquee>~/../thumbs/NEC - PC Engine SuperGrafx/Named_Logos/Aldynes - The Mission Code for Rage Crisis (1991)(Hudson)(JP)(en)[b2].png</marquee><hidden>true</hidden></game>
<game><path>./PC Engine 2 TOSEC/Aldynes - The Mission Code for Rage Crisis (1991)(Hudson)(JP)(en)[b3].pce</path><name>Aldynes - The Mission Code for Rage Crisis (1991)(Hudson)(JP)(en)[b3]</name><image>~/../thumbs/NEC - PC Engine SuperGrafx/Named_Snaps/Aldynes - The Mission Code for Rage Crisis (1991)(Hudson)(JP)(en)[b3].png</image><titleshot>~/../thumbs/NEC - PC Engine SuperGrafx/Named_Titles/Aldynes - The Mission Code for Rage Crisis (1991)(Hudson)(JP)(en)[b3].png</titleshot><thumbnail>~/../thumbs/NEC - PC Engine SuperGrafx/Named_Boxarts/Aldynes - The Mission Code for Rage Crisis (1991)(Hudson)(JP)(en)[b3].png</thumbnail><marquee>~/../thumbs/NEC - PC Engine SuperGrafx/Named_Logos/Aldynes - The Mission Code for Rage Crisis (1991)(Hudson)(JP)(en)[b3].png</marquee><hidden>true</hidden></game>
<game><path>./PC Engine 2 TOSEC/Aldynes - The Mission Code for Rage Crisis (1991)(Hudson)(JP)(en)[b4].pce</path><name>Aldynes - The Mission Code for Rage Crisis (1991)(Hudson)(JP)(en)[b4]</name><image>~/../thumbs/NEC - PC Engine SuperGrafx/Named_Snaps/Aldynes - The Mission Code for Rage Crisis (1991)(Hudson)(JP)(en)[b4].png</image><titleshot>~/../thumbs/NEC - PC Engine SuperGrafx/Named_Titles/Aldynes - The Mission Code for Rage Crisis (1991)(Hudson)(JP)(en)[b4].png</titleshot><thumbnail>~/../thumbs/NEC - PC Engine SuperGrafx/Named_Boxarts/Aldynes - The Mission Code for Rage Crisis (1991)(Hudson)(JP)(en)[b4].png</thumbnail><marquee>~/../thumbs/NEC - PC Engine SuperGrafx/Named_Logos/Aldynes - The Mission Code for Rage Crisis (1991)(Hudson)(JP)(en)[b4].png</marquee><hidden>true</hidden></game>
<game><path>./PC Engine 2 TOSEC/Aldynes - The Mission Code for Rage Crisis (1991)(Hudson)(JP)(en)[b5].pce</path><name>Aldynes - The Mission Code for Rage Crisis (1991)(Hudson)(JP)(en)[b5]</name><image>~/../thumbs/NEC - PC Engine SuperGrafx/Named_Snaps/Aldynes - The Mission Code for Rage Crisis (1991)(Hudson)(JP)(en)[b5].png</image><titleshot>~/../thumbs/NEC - PC Engine SuperGrafx/Named_Titles/Aldynes - The Mission Code for Rage Crisis (1991)(Hudson)(JP)(en)[b5].png</titleshot><thumbnail>~/../thumbs/NEC - PC Engine SuperGrafx/Named_Boxarts/Aldynes - The Mission Code for Rage Crisis (1991)(Hudson)(JP)(en)[b5].png</thumbnail><marquee>~/../thumbs/NEC - PC Engine SuperGrafx/Named_Logos/Aldynes - The Mission Code for Rage Crisis (1991)(Hudson)(JP)(en)[b5].png</marquee><hidden>true</hidden></game>
<game><path>./PC Engine 2 TOSEC/Aldynes - The Mission Code for Rage Crisis (1991)(Hudson)(JP)(en)[b].pce</path><name>Aldynes - The Mission Code for Rage Crisis (1991)(Hudson)(JP)(en)[b]</name><image>~/../thumbs/NEC - PC Engine SuperGrafx/Named_Snaps/Aldynes - The Mission Code for Rage Crisis (1991)(Hudson)(JP)(en)[b].png</image><titleshot>~/../thumbs/NEC - PC Engine SuperGrafx/Named_Titles/Aldynes - The Mission Code for Rage Crisis (1991)(Hudson)(JP)(en)[b].png</titleshot><thumbnail>~/../thumbs/NEC - PC Engine SuperGrafx/Named_Boxarts/Aldynes - The Mission Code for Rage Crisis (1991)(Hudson)(JP)(en)[b].png</thumbnail><marquee>~/../thumbs/NEC - PC Engine SuperGrafx/Named_Logos/Aldynes - The Mission Code for Rage Crisis (1991)(Hudson)(JP)(en)[b].png</marquee><hidden>true</hidden></game>
<game><path>./PC Engine 2 TOSEC/Aldynes - The Mission Code for Rage Crisis (1991)(Hudson)(JP)(en)[u].pce</path><name>Aldynes - The Mission Code for Rage Crisis (1991)(Hudson)(JP)(en)[u]</name><image>~/../thumbs/NEC - PC Engine SuperGrafx/Named_Snaps/Aldynes - The Mission Code for Rage Crisis (1991)(Hudson)(JP)(en)[u].png</image><titleshot>~/../thumbs/NEC - PC Engine SuperGrafx/Named_Titles/Aldynes - The Mission Code for Rage Crisis (1991)(Hudson)(JP)(en)[u].png</titleshot><thumbnail>~/../thumbs/NEC - PC Engine SuperGrafx/Named_Boxarts/Aldynes - The Mission Code for Rage Crisis (1991)(Hudson)(JP)(en)[u].png</thumbnail><marquee>~/../thumbs/NEC - PC Engine SuperGrafx/Named_Logos/Aldynes - The Mission Code for Rage Crisis (1991)(Hudson)(JP)(en)[u].png</marquee></game>
<game><path>./PC Engine 2 TOSEC/Battle Ace (1989)(Hudson)(JP)(en).pce</path><name>Battle Ace (1989)(Hudson)(JP)(en)</name><image>~/../thumbs/NEC - PC Engine SuperGrafx/Named_Snaps/Battle Ace (1989)(Hudson)(JP)(en).png</image><titleshot>~/../thumbs/NEC - PC Engine SuperGrafx/Named_Titles/Battle Ace (1989)(Hudson)(JP)(en).png</titleshot><thumbnail>~/../thumbs/NEC - PC Engine SuperGrafx/Named_Boxarts/Battle Ace (1989)(Hudson)(JP)(en).png</thumbnail><marquee>~/../thumbs/NEC - PC Engine SuperGrafx/Named_Logos/Battle Ace (1989)(Hudson)(JP)(en).png</marquee></game>
<game><path>./PC Engine 2 TOSEC/Battle Ace (1989)(Hudson)(JP)(en)[b corrupt gfx].pce</path><name>Battle Ace (1989)(Hudson)(JP)(en)[b corrupt gfx]</name><image>~/../thumbs/NEC - PC Engine SuperGrafx/Named_Snaps/Battle Ace (1989)(Hudson)(JP)(en)[b corrupt gfx].png</image><titleshot>~/../thumbs/NEC - PC Engine SuperGrafx/Named_Titles/Battle Ace (1989)(Hudson)(JP)(en)[b corrupt gfx].png</titleshot><thumbnail>~/../thumbs/NEC - PC Engine SuperGrafx/Named_Boxarts/Battle Ace (1989)(Hudson)(JP)(en)[b corrupt gfx].png</thumbnail><marquee>~/../thumbs/NEC - PC Engine SuperGrafx/Named_Logos/Battle Ace (1989)(Hudson)(JP)(en)[b corrupt gfx].png</marquee></game>
<game><path>./PC Engine 2 TOSEC/Battle Ace (1989)(Hudson)(JP)(en)[b2].pce</path><name>Battle Ace (1989)(Hudson)(JP)(en)[b2]</name><image>~/../thumbs/NEC - PC Engine SuperGrafx/Named_Snaps/Battle Ace (1989)(Hudson)(JP)(en)[b2].png</image><titleshot>~/../thumbs/NEC - PC Engine SuperGrafx/Named_Titles/Battle Ace (1989)(Hudson)(JP)(en)[b2].png</titleshot><thumbnail>~/../thumbs/NEC - PC Engine SuperGrafx/Named_Boxarts/Battle Ace (1989)(Hudson)(JP)(en)[b2].png</thumbnail><marquee>~/../thumbs/NEC - PC Engine SuperGrafx/Named_Logos/Battle Ace (1989)(Hudson)(JP)(en)[b2].png</marquee><hidden>true</hidden></game>
<game><path>./PC Engine 2 TOSEC/Daimakaimura (1990)(NEC Avenue)(JP).pce</path><name>Daimakaimura (1990)(NEC Avenue)(JP)</name><image>~/../thumbs/NEC - PC Engine SuperGrafx/Named_Snaps/Daimakaimura (1990)(NEC Avenue)(JP).png</image><titleshot>~/../thumbs/NEC - PC Engine SuperGrafx/Named_Titles/Daimakaimura (1990)(NEC Avenue)(JP).png</titleshot><thumbnail>~/../thumbs/NEC - PC Engine SuperGrafx/Named_Boxarts/Daimakaimura (1990)(NEC Avenue)(JP).png</thumbnail><marquee>~/../thumbs/NEC - PC Engine SuperGrafx/Named_Logos/Daimakaimura (1990)(NEC Avenue)(JP).png</marquee></game>
<game><path>./PC Engine 2 TOSEC/Flappy Bird (2014)(Retrotaku, Touko)(PD).bin</path><name>Flappy Bird (2014)(Retrotaku, Touko)(PD)</name><image>~/../thumbs/NEC - PC Engine SuperGrafx/Named_Snaps/Flappy Bird (2014)(Retrotaku, Touko)(PD).png</image><titleshot>~/../thumbs/NEC - PC Engine SuperGrafx/Named_Titles/Flappy Bird (2014)(Retrotaku, Touko)(PD).png</titleshot><thumbnail>~/../thumbs/NEC - PC Engine SuperGrafx/Named_Boxarts/Flappy Bird (2014)(Retrotaku, Touko)(PD).png</thumbnail><marquee>~/../thumbs/NEC - PC Engine SuperGrafx/Named_Logos/Flappy Bird (2014)(Retrotaku, Touko)(PD).png</marquee></game>
<game><path>./PC Engine 2 TOSEC/Madou Ou Granzort (1990)(Hudson)(JP).pce</path><name>Madou Ou Granzort (1990)(Hudson)(JP)</name><image>~/../thumbs/NEC - PC Engine SuperGrafx/Named_Snaps/Madou Ou Granzort (1990)(Hudson)(JP).png</image><titleshot>~/../thumbs/NEC - PC Engine SuperGrafx/Named_Titles/Madou Ou Granzort (1990)(Hudson)(JP).png</titleshot><thumbnail>~/../thumbs/NEC - PC Engine SuperGrafx/Named_Boxarts/Madou Ou Granzort (1990)(Hudson)(JP).png</thumbnail><marquee>~/../thumbs/NEC - PC Engine SuperGrafx/Named_Logos/Madou Ou Granzort (1990)(Hudson)(JP).png</marquee></game>
<folder><path>./PC Engine 2 TOSEC</path><name>PC Engine 2 TOSEC</name><image>~/../thumb/supergrafx.png</image></folder>
</gameList>
