<gameList>
<game><path>./NoIntro/4 en 1 Ligne (France).zip</path><name>4 en 1 Ligne (France)</name><image>~/../thumbs/Magnavox - Odyssey2/Named_Snaps/4 en 1 Ligne (France).png</image></game>
<game><path>./NoIntro/4 in 1 Row (Europe).zip</path><name>4 in 1 Row (Europe)</name><image>~/../thumbs/Magnavox - Odyssey2/Named_Snaps/4 in 1 Row (Europe).png</image></game>
<game><path>./NoIntro/Alien Invaders - Plus (USA, Europe).zip</path><name>Alien Invaders - Plus (USA, Europe)</name><image>~/../thumbs/Magnavox - Odyssey2/Named_Snaps/Alien Invaders - Plus (USA, Europe).png</image></game>
<game><path>./NoIntro/Alpine Skiing (USA, Europe).zip</path><name>Alpine Skiing (USA, Europe)</name><image>~/../thumbs/Magnavox - Odyssey2/Named_Snaps/Alpine Skiing (USA, Europe).png</image></game>
<game><path>./NoIntro/Armored Encounter + Sub Chase (USA, Europe).zip</path><name>Armored Encounter + Sub Chase (USA, Europe)</name><image>~/../thumbs/Magnavox - Odyssey2/Named_Snaps/Armored Encounter + Sub Chase (USA, Europe).png</image></game>
<game><path>./NoIntro/Atlantis (USA, Europe).zip</path><name>Atlantis (USA, Europe)</name><image>~/../thumbs/Magnavox - Odyssey2/Named_Snaps/Atlantis (USA, Europe).png</image></game>
<game><path>./NoIntro/Attack of the Timelord (USA).zip</path><name>Attack of the Timelord (USA)</name><image>~/../thumbs/Magnavox - Odyssey2/Named_Snaps/Attack of the Timelord (USA).png</image></game>
<game><path>./NoIntro/Baseball (USA, Europe).zip</path><name>Baseball (USA, Europe)</name><image>~/../thumbs/Magnavox - Odyssey2/Named_Snaps/Baseball (USA, Europe).png</image></game>
<game><path>./NoIntro/Billard Electrique (France).zip</path><name>Billard Electrique (France)</name><image>~/../thumbs/Magnavox - Odyssey2/Named_Snaps/Billard Electrique (France).png</image></game>
<game><path>./NoIntro/Billiard Americain (France).zip</path><name>Billiard Americain (France)</name><image>~/../thumbs/Magnavox - Odyssey2/Named_Snaps/Billiard Americain (France).png</image></game>
<game><path>./NoIntro/Blackjack (France).zip</path><name>Blackjack (France)</name><image>~/../thumbs/Magnavox - Odyssey2/Named_Snaps/Blackjack (France).png</image></game>
<game><path>./NoIntro/Blobbers, The (Europe).zip</path><name>Blobbers, The (Europe)</name><image>~/../thumbs/Magnavox - Odyssey2/Named_Snaps/Blobbers, The (Europe).png</image></game>
<game><path>./NoIntro/Blockout + Breakdown (USA, Europe).zip</path><name>Blockout + Breakdown (USA, Europe)</name><image>~/../thumbs/Magnavox - Odyssey2/Named_Snaps/Blockout + Breakdown (USA, Europe).png</image></game>
<game><path>./NoIntro/Bombardeio Submarino + Tiro ao Alvo (Brazil) (En).zip</path><name>Bombardeio Submarino + Tiro ao Alvo (Brazil) (En)</name><image>~/../thumbs/Magnavox - Odyssey2/Named_Snaps/Bombardeio Submarino + Tiro ao Alvo (Brazil).png</image></game>
<game><path>./NoIntro/Bowling + Basketball (USA, Europe).zip</path><name>Bowling + Basketball (USA, Europe)</name><image>~/../thumbs/Magnavox - Odyssey2/Named_Snaps/Bowling + Basketball (USA, Europe).png</image></game>
<game><path>./NoIntro/Buraco Negro (Brazil) (En).zip</path><name>Buraco Negro (Brazil) (En)</name><image>~/../thumbs/Magnavox - Odyssey2/Named_Snaps/Buraco Negro (Brazil).png</image></game>
<game><path>./NoIntro/Casino Slot Machine (USA, Europe).zip</path><name>Casino Slot Machine (USA, Europe)</name><image>~/../thumbs/Magnavox - Odyssey2/Named_Snaps/Casino Slot Machine (USA, Europe).png</image></game>
<game><path>./NoIntro/Catch the Ball + Noughts and Crosses (Europe).zip</path><name>Catch the Ball + Noughts and Crosses (Europe)</name><image>~/../thumbs/Magnavox - Odyssey2/Named_Snaps/Catch the Ball + Noughts and Crosses (Europe).png</image></game>
<game><path>./NoIntro/Chat et Souris (France).zip</path><name>Chat et Souris (France)</name><image>~/../thumbs/Magnavox - Odyssey2/Named_Snaps/Chat et Souris (France).png</image></game>
<game><path>./NoIntro/Chess (Europe).zip</path><name>Chess (Europe)</name><image>~/../thumbs/Magnavox - Odyssey2/Named_Snaps/Chess (Europe).png</image></game>
<game><path>./NoIntro/Chinese Logic (Europe).zip</path><name>Chinese Logic (Europe)</name><image>~/../thumbs/Magnavox - Odyssey2/Named_Snaps/Chinese Logic (Europe).png</image></game>
<game><path>./NoIntro/Clay Pigeon (Brazil) (En).zip</path><name>Clay Pigeon (Brazil) (En)</name><image>~/../thumbs/Magnavox - Odyssey2/Named_Snaps/Clay Pigeon (Brazil).png</image></game>
<game><path>./NoIntro/Comando Noturno (Brazil) (En).zip</path><name>Comando Noturno (Brazil) (En)</name><image>~/../thumbs/Magnavox - Odyssey2/Named_Snaps/Comando Noturno (Brazil).png</image></game>
<game><path>./NoIntro/Computer Golf (USA).zip</path><name>Computer Golf (USA)</name><image>~/../thumbs/Magnavox - Odyssey2/Named_Snaps/Computer Golf (USA).png</image></game>
<game><path>./NoIntro/Computer Intro (USA).zip</path><name>Computer Intro (USA)</name><image>~/../thumbs/Magnavox - Odyssey2/Named_Snaps/Computer Intro (USA).png</image></game>
<game><path>./NoIntro/Computer Programmer (Europe).zip</path><name>Computer Programmer (Europe)</name><image>~/../thumbs/Magnavox - Odyssey2/Named_Snaps/Computer Programmer (Europe).png</image></game>
<game><path>./NoIntro/Conflit Cosmique (Canada).zip</path><name>Conflit Cosmique (Canada)</name><image>~/../thumbs/Magnavox - Odyssey2/Named_Snaps/Conflit Cosmique (Canada).png</image></game>
<game><path>./NoIntro/Conquest of the World (USA, Europe).zip</path><name>Conquest of the World (USA, Europe)</name><image>~/../thumbs/Magnavox - Odyssey2/Named_Snaps/Conquest of the World (USA, Europe).png</image></game>
<game><path>./NoIntro/Cosmic Conflict (Europe) (Alt).zip</path><name>Cosmic Conflict (Europe) (Alt)</name><image>~/../thumbs/Magnavox - Odyssey2/Named_Snaps/Cosmic Conflict (Europe).png</image></game>
<game><path>./NoIntro/Cosmic Conflict (Europe).zip</path><name>Cosmic Conflict (Europe)</name><image>~/../thumbs/Magnavox - Odyssey2/Named_Snaps/Cosmic Conflict (Europe).png</image></game>
<game><path>./NoIntro/Cosmic Conflict (USA).zip</path><name>Cosmic Conflict (USA)</name><image>~/../thumbs/Magnavox - Odyssey2/Named_Snaps/Cosmic Conflict (USA).png</image></game>
<game><path>./NoIntro/Course de Voitures + Autodrome + Cryptogramme (France).zip</path><name>Course de Voitures + Autodrome + Cryptogramme (France)</name><image>~/../thumbs/Magnavox - Odyssey2/Named_Snaps/Course de Voitures + Autodrome + Cryptogramme (France).png</image></game>
<game><path>./NoIntro/Demon Attack (USA, Europe).zip</path><name>Demon Attack (USA, Europe)</name><image>~/../thumbs/Magnavox - Odyssey2/Named_Snaps/Demon Attack (USA, Europe).png</image></game>
<game><path>./NoIntro/Depth Charge + Marksman (Europe).zip</path><name>Depth Charge + Marksman (Europe)</name><image>~/../thumbs/Magnavox - Odyssey2/Named_Snaps/Depth Charge + Marksman (Europe).png</image></game>
<game><path>./NoIntro/Desafio Chines (Brazil) (En).zip</path><name>Desafio Chines (Brazil) (En)</name><image>~/../thumbs/Magnavox - Odyssey2/Named_Snaps/Desafio Chines (Brazil).png</image></game>
<game><path>./NoIntro/Dynasty (USA).zip</path><name>Dynasty (USA)</name><image>~/../thumbs/Magnavox - Odyssey2/Named_Snaps/Dynasty (USA).png</image></game>
<game><path>./NoIntro/Electronic Table Soccer (USA, Europe).zip</path><name>Electronic Table Soccer (USA, Europe)</name><image>~/../thumbs/Magnavox - Odyssey2/Named_Snaps/Electronic Table Soccer (USA, Europe).png</image></game>
<game><path>./NoIntro/Faire du ski (France).zip</path><name>Faire du ski (France)</name><image>~/../thumbs/Magnavox - Odyssey2/Named_Snaps/Faire du ski (France).png</image></game>
<game><path>./NoIntro/Football (USA, Europe).zip</path><name>Football (USA, Europe)</name><image>~/../thumbs/Magnavox - Odyssey2/Named_Snaps/Football (USA, Europe).png</image></game>
<game><path>./NoIntro/Football Electronique + Hockey Electronique (France).zip</path><name>Football Electronique + Hockey Electronique (France)</name><image>~/../thumbs/Magnavox - Odyssey2/Named_Snaps/Football Electronique + Hockey Electronique (France).png</image></game>
<game><path>./NoIntro/Freedom Fighters (USA, Europe).zip</path><name>Freedom Fighters (USA, Europe)</name><image>~/../thumbs/Magnavox - Odyssey2/Named_Snaps/Freedom Fighters (USA, Europe).png</image></game>
<game><path>./NoIntro/Frogger (Brazil) (En).zip</path><name>Frogger (Brazil) (En)</name><image>~/../thumbs/Magnavox - Odyssey2/Named_Snaps/Frogger (Brazil).png</image></game>
<game><path>./NoIntro/Frogger (Europe).zip</path><name>Frogger (Europe)</name><image>~/../thumbs/Magnavox - Odyssey2/Named_Snaps/Frogger (Europe).png</image></game>
<game><path>./NoIntro/Golf (Europe).zip</path><name>Golf (Europe)</name><image>~/../thumbs/Magnavox - Odyssey2/Named_Snaps/Golf (Europe).png</image></game>
<game><path>./NoIntro/Great Wall Street Fortune Hunt, The (USA, Europe).zip</path><name>Great Wall Street Fortune Hunt, The (USA, Europe)</name><image>~/../thumbs/Magnavox - Odyssey2/Named_Snaps/Great Wall Street Fortune Hunt, The (USA, Europe).png</image></game>
<game><path>./NoIntro/Guerre Laser (France).zip</path><name>Guerre Laser (France)</name><image>~/../thumbs/Magnavox - Odyssey2/Named_Snaps/Guerre Laser (France).png</image></game>
<game><path>./NoIntro/Gunfighter (Europe).zip</path><name>Gunfighter (Europe)</name><image>~/../thumbs/Magnavox - Odyssey2/Named_Snaps/Gunfighter (Europe).png</image></game>
<game><path>./NoIntro/Hockey + Soccer (USA, Europe).zip</path><name>Hockey + Soccer (USA, Europe)</name><image>~/../thumbs/Magnavox - Odyssey2/Named_Snaps/Hockey + Soccer (USA, Europe).png</image></game>
<game><path>./NoIntro/I've Got Your Number (USA, Europe).zip</path><name>I've Got Your Number (USA, Europe)</name><image>~/../thumbs/Magnavox - Odyssey2/Named_Snaps/I've Got Your Number (USA, Europe).png</image></game>
<game><path>./NoIntro/Interpol (Europe) (Proto).zip</path><name>Interpol (Europe) (Proto)</name><image>~/../thumbs/Magnavox - Odyssey2/Named_Snaps/Interpol (Europe).png</image></game>
<game><path>./NoIntro/Invaders from Hyperspace (USA).zip</path><name>Invaders from Hyperspace (USA)</name><image>~/../thumbs/Magnavox - Odyssey2/Named_Snaps/Invaders from Hyperspace (USA).png</image></game>
<game><path>./NoIntro/Jeu de Quilles + Basket Ball (France).zip</path><name>Jeu de Quilles + Basket Ball (France)</name><image>~/../thumbs/Magnavox - Odyssey2/Named_Snaps/Jeu de Quilles + Basket Ball (France).png</image></game>
<game><path>./NoIntro/Jumping Acrobats (Europe) (Alt).zip</path><name>Jumping Acrobats (Europe) (Alt)</name><image>~/../thumbs/Magnavox - Odyssey2/Named_Snaps/Jumping Acrobats (Europe).png</image></game>
<game><path>./NoIntro/Jumping Acrobats (Europe).zip</path><name>Jumping Acrobats (Europe)</name><image>~/../thumbs/Magnavox - Odyssey2/Named_Snaps/Jumping Acrobats (Europe).png</image></game>
<game><path>./NoIntro/K.C. Munchkin (USA).zip</path><name>K.C. Munchkin (USA)</name><image>~/../thumbs/Magnavox - Odyssey2/Named_Snaps/K.C. Munchkin (USA).png</image></game>
<game><path>./NoIntro/K.C.'s Krazy Chase (USA, Europe).zip</path><name>K.C.'s Krazy Chase (USA, Europe)</name><image>~/../thumbs/Magnavox - Odyssey2/Named_Snaps/K.C.'s Krazy Chase (USA, Europe).png</image></game>
<game><path>./NoIntro/Keyboard Creations (USA).zip</path><name>Keyboard Creations (USA)</name><image>~/../thumbs/Magnavox - Odyssey2/Named_Snaps/Keyboard Creations (USA).png</image></game>
<game><path>./NoIntro/Killer Bees (USA).zip</path><name>Killer Bees (USA)</name><image>~/../thumbs/Magnavox - Odyssey2/Named_Snaps/Killer Bees (USA).png</image></game>
<game><path>./NoIntro/Kinder im Verkehr 1 (Germany).zip</path><name>Kinder im Verkehr 1 (Germany)</name><image>~/../thumbs/Magnavox - Odyssey2/Named_Snaps/Kinder im Verkehr 1 (Germany).png</image></game>
<game><path>./NoIntro/La Quete des Anneaux (France).zip</path><name>La Quete des Anneaux (France)</name><image>~/../thumbs/Magnavox - Odyssey2/Named_Snaps/La Quete des Anneaux (France).png</image></game>
<game><path>./NoIntro/Labyrinth Game, A + Supermind (Europe).zip</path><name>Labyrinth Game, A + Supermind (Europe)</name><image>~/../thumbs/Magnavox - Odyssey2/Named_Snaps/Labyrinth Game, A + Supermind (Europe).png</image></game>
<game><path>./NoIntro/Las Vegas (France).zip</path><name>Las Vegas (France)</name><image>~/../thumbs/Magnavox - Odyssey2/Named_Snaps/Las Vegas (France).png</image></game>
<game><path>./NoIntro/Las Vegas Blackjack (USA, Europe).zip</path><name>Las Vegas Blackjack (USA, Europe)</name><image>~/../thumbs/Magnavox - Odyssey2/Named_Snaps/Las Vegas Blackjack (USA, Europe).png</image></game>
<game><path>./NoIntro/Laser War (Europe).zip</path><name>Laser War (Europe)</name><image>~/../thumbs/Magnavox - Odyssey2/Named_Snaps/Laser War (Europe).png</image></game>
<game><path>./NoIntro/Loony Balloon (Europe) (Proto).zip</path><name>Loony Balloon (Europe) (Proto)</name><image>~/../thumbs/Magnavox - Odyssey2/Named_Snaps/Loony Balloon (Europe).png</image></game>
<game><path>./NoIntro/Martian Threat (Europe) (Proto) (Alt).zip</path><name>Martian Threat (Europe) (Proto) (Alt)</name><image>~/../thumbs/Magnavox - Odyssey2/Named_Snaps/Martian Threat (Europe).png</image></game>
<game><path>./NoIntro/Martian Threat (Europe) (Proto).zip</path><name>Martian Threat (Europe) (Proto)</name><image>~/../thumbs/Magnavox - Odyssey2/Named_Snaps/Martian Threat (Europe).png</image></game>
<game><path>./NoIntro/Matchmaker + Logix + Buzzword (USA).zip</path><name>Matchmaker + Logix + Buzzword (USA)</name><image>~/../thumbs/Magnavox - Odyssey2/Named_Snaps/Matchmaker + Logix + Buzzword (USA).png</image></game>
<game><path>./NoIntro/Math-A-Magic + Echo (USA, Europe).zip</path><name>Math-A-Magic + Echo (USA, Europe)</name><image>~/../thumbs/Magnavox - Odyssey2/Named_Snaps/Math-A-Magic + Echo (USA, Europe).png</image></game>
<game><path>./NoIntro/Mathematicien + Echo (France).zip</path><name>Mathematicien + Echo (France)</name><image>~/../thumbs/Magnavox - Odyssey2/Named_Snaps/Mathematicien + Echo (France).png</image></game>
<game><path>./NoIntro/Mission Impossible (Brazil) (En) (Proto).zip</path><name>Mission Impossible (Brazil) (En) (Proto)</name><image>~/../thumbs/Magnavox - Odyssey2/Named_Snaps/Mission Impossible (Brazil).png</image></game>
<game><path>./NoIntro/Monkeyshines (USA, Europe).zip</path><name>Monkeyshines (USA, Europe)</name><image>~/../thumbs/Magnavox - Odyssey2/Named_Snaps/Monkeyshines (USA, Europe).png</image></game>
<game><path>./NoIntro/Morse (Europe).zip</path><name>Morse (Europe)</name><image>~/../thumbs/Magnavox - Odyssey2/Named_Snaps/Morse (Europe).png</image></game>
<game><path>./NoIntro/Morse (France).zip</path><name>Morse (France)</name><image>~/../thumbs/Magnavox - Odyssey2/Named_Snaps/Morse (France).png</image></game>
<game><path>./NoIntro/Mousing Cat, The (Europe).zip</path><name>Mousing Cat, The (Europe)</name><image>~/../thumbs/Magnavox - Odyssey2/Named_Snaps/Mousing Cat, The (Europe).png</image></game>
<game><path>./NoIntro/Munchkin (Europe).zip</path><name>Munchkin (Europe)</name><image>~/../thumbs/Magnavox - Odyssey2/Named_Snaps/Munchkin (Europe).png</image></game>
<game><path>./NoIntro/Mur Magique, Le (France).zip</path><name>Mur Magique, Le (France)</name><image>~/../thumbs/Magnavox - Odyssey2/Named_Snaps/Mur Magique, Le (France).png</image></game>
<game><path>./NoIntro/Musician (Europe).zip</path><name>Musician (Europe)</name><image>~/../thumbs/Magnavox - Odyssey2/Named_Snaps/Musician (Europe).png</image></game>
<game><path>./NoIntro/Neutron Star (Europe) (Proto).zip</path><name>Neutron Star (Europe) (Proto)</name><image>~/../thumbs/Magnavox - Odyssey2/Named_Snaps/Neutron Star (Europe).png</image></game>
<game><path>./NoIntro/Newscaster (Europe).zip</path><name>Newscaster (Europe)</name><image>~/../thumbs/Magnavox - Odyssey2/Named_Snaps/Newscaster (Europe).png</image></game>
<game><path>./NoIntro/Nightfighter (Europe) (Proto).zip</path><name>Nightfighter (Europe) (Proto)</name><image>~/../thumbs/Magnavox - Odyssey2/Named_Snaps/Nightfighter (Europe).png</image></game>
<game><path>./NoIntro/Nightmare (Europe).zip</path><name>Nightmare (Europe)</name><image>~/../thumbs/Magnavox - Odyssey2/Named_Snaps/Nightmare (Europe).png</image></game>
<game><path>./NoIntro/Nimble Numbers Ned (USA).zip</path><name>Nimble Numbers Ned (USA)</name><image>~/../thumbs/Magnavox - Odyssey2/Named_Snaps/Nimble Numbers Ned (USA).png</image></game>
<game><path>./NoIntro/O Malabarista + Jogo da Velha (Brazil) (En).zip</path><name>O Malabarista + Jogo da Velha (Brazil) (En)</name><image>~/../thumbs/Magnavox - Odyssey2/Named_Snaps/O Malabarista + Jogo da Velha (Brazil).png</image></game>
<game><path>./NoIntro/O Segredo do Farao (Brazil) (En).zip</path><name>O Segredo do Farao (Brazil) (En)</name><image>~/../thumbs/Magnavox - Odyssey2/Named_Snaps/O Segredo do Farao (Brazil).png</image></game>
<game><path>./NoIntro/Out of This World + Helicopter Rescue (USA).zip</path><name>Out of This World + Helicopter Rescue (USA)</name><image>~/../thumbs/Magnavox - Odyssey2/Named_Snaps/Out of This World + Helicopter Rescue (USA).png</image></game>
<game><path>./NoIntro/P.T. Barnum's Acrobats (USA).zip</path><name>P.T. Barnum's Acrobats (USA)</name><image>~/../thumbs/Magnavox - Odyssey2/Named_Snaps/P.T. Barnum's Acrobats (USA).png</image></game>
<game><path>./NoIntro/Pachinko (USA, Europe).zip</path><name>Pachinko (USA, Europe)</name><image>~/../thumbs/Magnavox - Odyssey2/Named_Snaps/Pachinko (USA, Europe).png</image></game>
<game><path>./NoIntro/Pairs + Space Rendezvous + Logic (Europe).zip</path><name>Pairs + Space Rendezvous + Logic (Europe)</name><image>~/../thumbs/Magnavox - Odyssey2/Named_Snaps/Pairs + Space Rendezvous + Logic (Europe).png</image></game>
<game><path>./NoIntro/Pick Axe Pete (USA, Europe).zip</path><name>Pick Axe Pete (USA, Europe)</name><image>~/../thumbs/Magnavox - Odyssey2/Named_Snaps/Pick Axe Pete (USA, Europe).png</image></game>
<game><path>./NoIntro/Pinball (USA) (Proto).zip</path><name>Pinball (USA) (Proto)</name><image>~/../thumbs/Magnavox - Odyssey2/Named_Snaps/Pinball (USA).png</image></game>
<game><path>./NoIntro/Playtag (Europe) (Proto).zip</path><name>Playtag (Europe) (Proto)</name><image>~/../thumbs/Magnavox - Odyssey2/Named_Snaps/Playtag (Europe).png</image></game>
<game><path>./NoIntro/Pocket Billiards (USA, Europe).zip</path><name>Pocket Billiards (USA, Europe)</name><image>~/../thumbs/Magnavox - Odyssey2/Named_Snaps/Pocket Billiards (USA, Europe).png</image></game>
<game><path>./NoIntro/Popeye (Brazil) (En).zip</path><name>Popeye (Brazil) (En)</name><image>~/../thumbs/Magnavox - Odyssey2/Named_Snaps/Popeye (Brazil).png</image></game>
<game><path>./NoIntro/Popeye (Europe).zip</path><name>Popeye (Europe)</name><image>~/../thumbs/Magnavox - Odyssey2/Named_Snaps/Popeye (Europe).png</image></game>
<game><path>./NoIntro/Power Lords (USA) (Alt).zip</path><name>Power Lords (USA) (Alt)</name><image>~/../thumbs/Magnavox - Odyssey2/Named_Snaps/Power Lords (USA).png</image></game>
<game><path>./NoIntro/Power Lords (USA).zip</path><name>Power Lords (USA)</name><image>~/../thumbs/Magnavox - Odyssey2/Named_Snaps/Power Lords (USA).png</image></game>
<game><path>./NoIntro/Prendre l'Argent et Fuir (France).zip</path><name>Prendre l'Argent et Fuir (France)</name><image>~/../thumbs/Magnavox - Odyssey2/Named_Snaps/Prendre l'Argent et Fuir (France).png</image></game>
<game><path>./NoIntro/Q-Bert (Europe).zip</path><name>Q-Bert (Europe)</name><image>~/../thumbs/Magnavox - Odyssey2/Named_Snaps/Q-Bert (Europe).png</image></game>
<game><path>./NoIntro/Quest for the Rings (USA, Europe).zip</path><name>Quest for the Rings (USA, Europe)</name><image>~/../thumbs/Magnavox - Odyssey2/Named_Snaps/Quest for the Rings (USA, Europe).png</image></game>
<game><path>./NoIntro/Red Baron (Europe) (Proto) (Alt).zip</path><name>Red Baron (Europe) (Proto) (Alt)</name><image>~/../thumbs/Magnavox - Odyssey2/Named_Snaps/Red Baron (Europe).png</image></game>
<game><path>./NoIntro/Red Baron (Europe) (Proto).zip</path><name>Red Baron (Europe) (Proto)</name><image>~/../thumbs/Magnavox - Odyssey2/Named_Snaps/Red Baron (Europe).png</image></game>
<game><path>./NoIntro/Robot City (Europe) (Proto).zip</path><name>Robot City (Europe) (Proto)</name><image>~/../thumbs/Magnavox - Odyssey2/Named_Snaps/Robot City (Europe).png</image></game>
<game><path>./NoIntro/Samurai (Europe).zip</path><name>Samurai (Europe)</name><image>~/../thumbs/Magnavox - Odyssey2/Named_Snaps/Samurai (Europe).png</image></game>
<game><path>./NoIntro/Satellite Attack (Europe).zip</path><name>Satellite Attack (Europe)</name><image>~/../thumbs/Magnavox - Odyssey2/Named_Snaps/Satellite Attack (Europe).png</image></game>
<game><path>./NoIntro/Secret of the Pharaohs (Europe).zip</path><name>Secret of the Pharaohs (Europe)</name><image>~/../thumbs/Magnavox - Odyssey2/Named_Snaps/Secret of the Pharaohs (Europe).png</image></game>
<game><path>./NoIntro/Shark Hunter (Europe) (Proto).zip</path><name>Shark Hunter (Europe) (Proto)</name><image>~/../thumbs/Magnavox - Odyssey2/Named_Snaps/Shark Hunter (Europe).png</image></game>
<game><path>./NoIntro/Showdown in 2100 A.D. (USA).zip</path><name>Showdown in 2100 A.D. (USA)</name><image>~/../thumbs/Magnavox - Odyssey2/Named_Snaps/Showdown in 2100 A.D. (USA).png</image></game>
<game><path>./NoIntro/Sid the Spellbinder (USA).zip</path><name>Sid the Spellbinder (USA)</name><image>~/../thumbs/Magnavox - Odyssey2/Named_Snaps/Sid the Spellbinder (USA).png</image></game>
<game><path>./NoIntro/Smithereens (USA).zip</path><name>Smithereens (USA)</name><image>~/../thumbs/Magnavox - Odyssey2/Named_Snaps/Smithereens (USA).png</image></game>
<game><path>./NoIntro/Speedway + Spin-out + Crypto-logic (USA, Europe).zip</path><name>Speedway + Spin-out + Crypto-logic (USA, Europe)</name><image>~/../thumbs/Magnavox - Odyssey2/Named_Snaps/Speedway + Spin-out + Crypto-logic (USA, Europe).png</image></game>
<game><path>./NoIntro/Spider-Man (Europe) (Proto) (Alt).zip</path><name>Spider-Man (Europe) (Proto) (Alt)</name><image>~/../thumbs/Magnavox - Odyssey2/Named_Snaps/Spider-Man (Europe).png</image></game>
<game><path>./NoIntro/Spider-Man (Europe) (Proto).zip</path><name>Spider-Man (Europe) (Proto)</name><image>~/../thumbs/Magnavox - Odyssey2/Named_Snaps/Spider-Man (Europe).png</image></game>
<game><path>./NoIntro/Stone Sling (Europe).zip</path><name>Stone Sling (Europe)</name><image>~/../thumbs/Magnavox - Odyssey2/Named_Snaps/Stone Sling (Europe).png</image></game>
<game><path>./NoIntro/Super Bee (Brazil) (En).zip</path><name>Super Bee (Brazil) (En)</name><image>~/../thumbs/Magnavox - Odyssey2/Named_Snaps/Super Bee (Brazil).png</image></game>
<game><path>./NoIntro/Super Bee (Europe).zip</path><name>Super Bee (Europe)</name><image>~/../thumbs/Magnavox - Odyssey2/Named_Snaps/Super Bee (Europe).png</image></game>
<game><path>./NoIntro/Super Cobra (Brazil) (En).zip</path><name>Super Cobra (Brazil) (En)</name><image>~/../thumbs/Magnavox - Odyssey2/Named_Snaps/Super Cobra (Brazil).png</image></game>
<game><path>./NoIntro/Super Cobra (Europe).zip</path><name>Super Cobra (Europe)</name><image>~/../thumbs/Magnavox - Odyssey2/Named_Snaps/Super Cobra (Europe).png</image></game>
<game><path>./NoIntro/Take the Money and Run (USA, Europe).zip</path><name>Take the Money and Run (USA, Europe)</name><image>~/../thumbs/Magnavox - Odyssey2/Named_Snaps/Take the Money and Run (USA, Europe).png</image></game>
<game><path>./NoIntro/Thunderball (USA, Europe).zip</path><name>Thunderball (USA, Europe)</name><image>~/../thumbs/Magnavox - Odyssey2/Named_Snaps/Thunderball (USA, Europe).png</image></game>
<game><path>./NoIntro/Turtles (Europe).zip</path><name>Turtles (Europe)</name><image>~/../thumbs/Magnavox - Odyssey2/Named_Snaps/Turtles (Europe).png</image></game>
<game><path>./NoIntro/Turtles (USA).zip</path><name>Turtles (USA)</name><image>~/../thumbs/Magnavox - Odyssey2/Named_Snaps/Turtles (USA).png</image></game>
<game><path>./NoIntro/Tutankham (Europe) (Proto).zip</path><name>Tutankham (Europe) (Proto)</name><image>~/../thumbs/Magnavox - Odyssey2/Named_Snaps/Tutankham (Europe).png</image></game>
<game><path>./NoIntro/Type & Tell (USA).zip</path><name>Type & Tell (USA)</name><image>~/../thumbs/Magnavox - Odyssey2/Named_Snaps/Type & Tell (USA).png</image></game>
<game><path>./NoIntro/UFO (USA).zip</path><name>UFO (USA)</name><image>~/../thumbs/Magnavox - Odyssey2/Named_Snaps/UFO (USA).png</image></game>
<game><path>./NoIntro/Verkehrsspiele 1 (Germany).zip</path><name>Verkehrsspiele 1 (Germany)</name><image>~/../thumbs/Magnavox - Odyssey2/Named_Snaps/Verkehrsspiele 1 (Germany).png</image></game>
<game><path>./NoIntro/Verkehrsspiele 2 (Germany).zip</path><name>Verkehrsspiele 2 (Germany)</name><image>~/../thumbs/Magnavox - Odyssey2/Named_Snaps/Verkehrsspiele 2 (Germany).png</image></game>
<game><path>./NoIntro/Volleyball (USA, Europe).zip</path><name>Volleyball (USA, Europe)</name><image>~/../thumbs/Magnavox - Odyssey2/Named_Snaps/Volleyball (USA, Europe).png</image></game>
<game><path>./NoIntro/Volleyball Electronique (France).zip</path><name>Volleyball Electronique (France)</name><image>~/../thumbs/Magnavox - Odyssey2/Named_Snaps/Volleyball Electronique (France).png</image></game>
<game><path>./NoIntro/Wall Street (Brazil) (En).zip</path><name>Wall Street (Brazil) (En)</name><image>~/../thumbs/Magnavox - Odyssey2/Named_Snaps/Wall Street (Brazil).png</image></game>
<game><path>./NoIntro/War of Nerves (USA, Europe).zip</path><name>War of Nerves (USA, Europe)</name><image>~/../thumbs/Magnavox - Odyssey2/Named_Snaps/War of Nerves (USA, Europe).png</image></game>
<game><path>./NoIntro/[BIOS] Magnavox Odyssey2 (USA, Europe).zip</path><name>[BIOS] Magnavox Odyssey2 (USA, Europe)</name><image>~/../thumbs/Magnavox - Odyssey2/Named_Snaps/[BIOS] Magnavox Odyssey2 (USA, Europe).png</image></game>
<game><path>./NoIntro/[BIOS] Philips C52 (France).zip</path><name>[BIOS] Philips C52 (France)</name><image>~/../thumbs/Magnavox - Odyssey2/Named_Snaps/[BIOS] Philips C52 (France).png</image></game>
<folder><path>./NoIntro</path><name>NoIntro</name><image>~/../thumb/odyssey2.png</image></folder>
<game><path>./TOSEC/4 en 1 Ligne (1982)(Philips)(FR).zip</path><name>4 en 1 Ligne (1982)(Philips)(FR)</name><image>~/../thumbs/Magnavox - Odyssey2/Named_Snaps/4 en 1 Ligne (1982).png</image></game>
<game><path>./TOSEC/4 in 1 Row (1982)(Philips)(EU).zip</path><name>4 in 1 Row (1982)(Philips)(EU)</name><image>~/../thumbs/Magnavox - Odyssey2/Named_Snaps/4 in 1 Row (1982).png</image></game>
<game><path>./TOSEC/4 in 1 Row (1982)(Philips)(EU)[b].zip</path><name>4 in 1 Row (1982)(Philips)(EU)[b]</name><image>~/../thumbs/Magnavox - Odyssey2/Named_Snaps/4 in 1 Row (1982).png</image></game>
<game><path>./TOSEC/Alien Invaders - Plus (1980)(Philips)(EU-US).zip</path><name>Alien Invaders - Plus (1980)(Philips)(EU-US)</name><image>~/../thumbs/Magnavox - Odyssey2/Named_Snaps/Alien Invaders - Plus (1980).png</image></game>
<game><path>./TOSEC/Alpine Skiing (1980)(Philips)(EU-US).zip</path><name>Alpine Skiing (1980)(Philips)(EU-US)</name><image>~/../thumbs/Magnavox - Odyssey2/Named_Snaps/Alpine Skiing (1980).png</image></game>
<game><path>./TOSEC/Amok (1998)(Dondzilla, John).zip</path><name>Amok (1998)(Dondzilla, John)</name><image>~/../thumbs/Magnavox - Odyssey2/Named_Snaps/Amok (1998).png</image></game>
<game><path>./TOSEC/Armored Encounter + Sub Chase (1980)(Philips)(EU-US).zip</path><name>Armored Encounter + Sub Chase (1980)(Philips)(EU-US)</name><image>~/../thumbs/Magnavox - Odyssey2/Named_Snaps/Armored Encounter + Sub Chase (1980).png</image></game>
<game><path>./TOSEC/Atlantis (1983)(Imagic)(EU-US).zip</path><name>Atlantis (1983)(Imagic)(EU-US)</name><image>~/../thumbs/Magnavox - Odyssey2/Named_Snaps/Atlantis (1983).png</image></game>
<game><path>./TOSEC/Attack of the Timelord (1983)(Philips)(US).zip</path><name>Attack of the Timelord (1983)(Philips)(US)</name><image>~/../thumbs/Magnavox - Odyssey2/Named_Snaps/Attack of the Timelord (1983).png</image></game>
<game><path>./TOSEC/Baseball (1980)(Philips)(EU-US).zip</path><name>Baseball (1980)(Philips)(EU-US)</name><image>~/../thumbs/Magnavox - Odyssey2/Named_Snaps/Baseball (1980).png</image></game>
<game><path>./TOSEC/Billard Electrique (1980)(Philips)(FR).zip</path><name>Billard Electrique (1980)(Philips)(FR)</name><image>~/../thumbs/Magnavox - Odyssey2/Named_Snaps/Billard Electrique (1980).png</image></game>
<game><path>./TOSEC/Billiard Americain (1981)(Philips)(FR).zip</path><name>Billiard Americain (1981)(Philips)(FR)</name><image>~/../thumbs/Magnavox - Odyssey2/Named_Snaps/Billiard Americain (1981).png</image></game>
<game><path>./TOSEC/Blackjack (1980)(Philips)(FR).zip</path><name>Blackjack (1980)(Philips)(FR)</name><image>~/../thumbs/Magnavox - Odyssey2/Named_Snaps/Blackjack (1980).png</image></game>
<game><path>./TOSEC/Blobbers, The (1983)(Philips)(EU).zip</path><name>Blobbers, The (1983)(Philips)(EU)</name><image>~/../thumbs/Magnavox - Odyssey2/Named_Snaps/Blobbers, The (1983).png</image></game>
<game><path>./TOSEC/Blockout + Breakdown (1981)(Philips)(EU-US).zip</path><name>Blockout + Breakdown (1981)(Philips)(EU-US)</name><image>~/../thumbs/Magnavox - Odyssey2/Named_Snaps/Blockout + Breakdown (1981).png</image></game>
<game><path>./TOSEC/Bombardeio Submarino + Tiro ao Alvo (1980)(Philips)(BR).zip</path><name>Bombardeio Submarino + Tiro ao Alvo (1980)(Philips)(BR)</name><image>~/../thumbs/Magnavox - Odyssey2/Named_Snaps/Bombardeio Submarino + Tiro ao Alvo (1980).png</image></game>
<game><path>./TOSEC/Bowling + Basketball (1980)(Philips)(EU-US).zip</path><name>Bowling + Basketball (1980)(Philips)(EU-US)</name><image>~/../thumbs/Magnavox - Odyssey2/Named_Snaps/Bowling + Basketball (1980).png</image></game>
<game><path>./TOSEC/Buraco Negro (19xx)(Philips)(BR).zip</path><name>Buraco Negro (19xx)(Philips)(BR)</name><image>~/../thumbs/Magnavox - Odyssey2/Named_Snaps/Buraco Negro (19xx).png</image></game>
<game><path>./TOSEC/Casino Slot Machine (1980)(Philips)(EU-US).zip</path><name>Casino Slot Machine (1980)(Philips)(EU-US)</name><image>~/../thumbs/Magnavox - Odyssey2/Named_Snaps/Casino Slot Machine (1980).png</image></game>
<game><path>./TOSEC/Catch the Ball + Noughts and Crosses (1980)(Philips)(EU).zip</path><name>Catch the Ball + Noughts and Crosses (1980)(Philips)(EU)</name><image>~/../thumbs/Magnavox - Odyssey2/Named_Snaps/Catch the Ball + Noughts and Crosses (1980).png</image></game>
<game><path>./TOSEC/Chat et Souris (1983)(Philips)(FR).zip</path><name>Chat et Souris (1983)(Philips)(FR)</name><image>~/../thumbs/Magnavox - Odyssey2/Named_Snaps/Chat et Souris (1983).png</image></game>
<game><path>./TOSEC/Chess (19xx)(Philips)(EU).zip</path><name>Chess (19xx)(Philips)(EU)</name><image>~/../thumbs/Magnavox - Odyssey2/Named_Snaps/Chess (19xx).png</image></game>
<game><path>./TOSEC/Chinese Logic (1980)(Philips)(EU).zip</path><name>Chinese Logic (1980)(Philips)(EU)</name><image>~/../thumbs/Magnavox - Odyssey2/Named_Snaps/Chinese Logic (1980).png</image></game>
<game><path>./TOSEC/Clay Pigeon (19xx)(Philips)(BR).zip</path><name>Clay Pigeon (19xx)(Philips)(BR)</name><image>~/../thumbs/Magnavox - Odyssey2/Named_Snaps/Clay Pigeon (19xx).png</image></game>
<game><path>./TOSEC/Comando Noturno (1983)(Philips)(BR).zip</path><name>Comando Noturno (1983)(Philips)(BR)</name><image>~/../thumbs/Magnavox - Odyssey2/Named_Snaps/Comando Noturno (1983).png</image></game>
<game><path>./TOSEC/Computer Golf (1980)(Philips)(US).zip</path><name>Computer Golf (1980)(Philips)(US)</name><image>~/../thumbs/Magnavox - Odyssey2/Named_Snaps/Computer Golf (1980).png</image></game>
<game><path>./TOSEC/Conflit Cosmique (1980)(Philips)(CA).zip</path><name>Conflit Cosmique (1980)(Philips)(CA)</name><image>~/../thumbs/Magnavox - Odyssey2/Named_Snaps/Conflit Cosmique (1980).png</image></game>
<game><path>./TOSEC/Conquest of the World (1981)(Philips)(EU-US).zip</path><name>Conquest of the World (1981)(Philips)(EU-US)</name><image>~/../thumbs/Magnavox - Odyssey2/Named_Snaps/Conquest of the World (1981).png</image></game>
<game><path>./TOSEC/Cosmic Conflict (1980)(Philips)(EU).zip</path><name>Cosmic Conflict (1980)(Philips)(EU)</name><image>~/../thumbs/Magnavox - Odyssey2/Named_Snaps/Cosmic Conflict (1980).png</image></game>
<game><path>./TOSEC/Cosmic Conflict (1980)(Philips)(EU)[a].zip</path><name>Cosmic Conflict (1980)(Philips)(EU)[a]</name><image>~/../thumbs/Magnavox - Odyssey2/Named_Snaps/Cosmic Conflict (1980).png</image></game>
<game><path>./TOSEC/Cosmic Conflict (1980)(Philips)(US).zip</path><name>Cosmic Conflict (1980)(Philips)(US)</name><image>~/../thumbs/Magnavox - Odyssey2/Named_Snaps/Cosmic Conflict (1980).png</image></game>
<game><path>./TOSEC/Course de Voitures + Autodrome + Cryptogramme (1980)(Philips)(FR).zip</path><name>Course de Voitures + Autodrome + Cryptogramme (1980)(Philips)(FR)</name><image>~/../thumbs/Magnavox - Odyssey2/Named_Snaps/Course de Voitures + Autodrome + Cryptogramme (1980).png</image></game>
<game><path>./TOSEC/Demon Attack (1983)(Imagic)(EU-US).zip</path><name>Demon Attack (1983)(Imagic)(EU-US)</name><image>~/../thumbs/Magnavox - Odyssey2/Named_Snaps/Demon Attack (1983).png</image></game>
<game><path>./TOSEC/Depth Charge + Marksman (1980)(Philips)(EU).zip</path><name>Depth Charge + Marksman (1980)(Philips)(EU)</name><image>~/../thumbs/Magnavox - Odyssey2/Named_Snaps/Depth Charge + Marksman (1980).png</image></game>
<game><path>./TOSEC/Desafio Chines (1980)(Philips)(BR).zip</path><name>Desafio Chines (1980)(Philips)(BR)</name><image>~/../thumbs/Magnavox - Odyssey2/Named_Snaps/Desafio Chines (1980).png</image></game>
<game><path>./TOSEC/Dynasty (1980)(Philips)(US).zip</path><name>Dynasty (1980)(Philips)(US)</name><image>~/../thumbs/Magnavox - Odyssey2/Named_Snaps/Dynasty (1980).png</image></game>
<game><path>./TOSEC/Electronic Table Soccer (1981)(Philips)(EU-US).zip</path><name>Electronic Table Soccer (1981)(Philips)(EU-US)</name><image>~/../thumbs/Magnavox - Odyssey2/Named_Snaps/Electronic Table Soccer (1981).png</image></game>
<game><path>./TOSEC/Football (1980)(Philips)(EU-US).zip</path><name>Football (1980)(Philips)(EU-US)</name><image>~/../thumbs/Magnavox - Odyssey2/Named_Snaps/Football (1980).png</image></game>
<game><path>./TOSEC/Football Electronique + Hockey Electronique (1981)(Philips)(FR).zip</path><name>Football Electronique + Hockey Electronique (1981)(Philips)(FR)</name><image>~/../thumbs/Magnavox - Odyssey2/Named_Snaps/Football Electronique + Hockey Electronique (1981).png</image></game>
<game><path>./TOSEC/Freedom Fighters (1982)(Philips)(EU-US).zip</path><name>Freedom Fighters (1982)(Philips)(EU-US)</name><image>~/../thumbs/Magnavox - Odyssey2/Named_Snaps/Freedom Fighters (1982).png</image></game>
<game><path>./TOSEC/Frogger (1983)(Parker Brothers)(BR).zip</path><name>Frogger (1983)(Parker Brothers)(BR)</name><image>~/../thumbs/Magnavox - Odyssey2/Named_Snaps/Frogger (1983).png</image></game>
<game><path>./TOSEC/Frogger (1983)(Parker Brothers)(EU).zip</path><name>Frogger (1983)(Parker Brothers)(EU)</name><image>~/../thumbs/Magnavox - Odyssey2/Named_Snaps/Frogger (1983).png</image></game>
<game><path>./TOSEC/Golf (1980)(Philips)(EU).zip</path><name>Golf (1980)(Philips)(EU)</name><image>~/../thumbs/Magnavox - Odyssey2/Named_Snaps/Golf (1980).png</image></game>
<game><path>./TOSEC/Great Wall Street Fortune Hunt, The (1983)(Philips)(EU-US).zip</path><name>Great Wall Street Fortune Hunt, The (1983)(Philips)(EU-US)</name><image>~/../thumbs/Magnavox - Odyssey2/Named_Snaps/Great Wall Street Fortune Hunt, The (1983).png</image></game>
<game><path>./TOSEC/Guerre Laser (1980)(Philips)(FR).zip</path><name>Guerre Laser (1980)(Philips)(FR)</name><image>~/../thumbs/Magnavox - Odyssey2/Named_Snaps/Guerre Laser (1980).png</image></game>
<game><path>./TOSEC/Gunfighter (1980)(Philips)(EU).zip</path><name>Gunfighter (1980)(Philips)(EU)</name><image>~/../thumbs/Magnavox - Odyssey2/Named_Snaps/Gunfighter (1980).png</image></game>
<game><path>./TOSEC/Hockey + Soccer (1981)(Philips)(EU-US).zip</path><name>Hockey + Soccer (1981)(Philips)(EU-US)</name><image>~/../thumbs/Magnavox - Odyssey2/Named_Snaps/Hockey + Soccer (1981).png</image></game>
<game><path>./TOSEC/Interpol (19xx)(Philips)(EU).zip</path><name>Interpol (19xx)(Philips)(EU)</name><image>~/../thumbs/Magnavox - Odyssey2/Named_Snaps/Interpol (19xx).png</image></game>
<game><path>./TOSEC/Invaders from Hyperspace (1980)(Philips)(US).zip</path><name>Invaders from Hyperspace (1980)(Philips)(US)</name><image>~/../thumbs/Magnavox - Odyssey2/Named_Snaps/Invaders from Hyperspace (1980).png</image></game>
<game><path>./TOSEC/Jeu de Quilles + Basketball (1980)(Philips)(FR).zip</path><name>Jeu de Quilles + Basketball (1980)(Philips)(FR)</name><image>~/../thumbs/Magnavox - Odyssey2/Named_Snaps/Jeu de Quilles + Basketball (1980).png</image></game>
<game><path>./TOSEC/Jumping Acrobats (1981)(Philips)(EU).zip</path><name>Jumping Acrobats (1981)(Philips)(EU)</name><image>~/../thumbs/Magnavox - Odyssey2/Named_Snaps/Jumping Acrobats (1981).png</image></game>
<game><path>./TOSEC/Jumping Acrobats (1981)(Philips)(EU)[a].zip</path><name>Jumping Acrobats (1981)(Philips)(EU)[a]</name><image>~/../thumbs/Magnavox - Odyssey2/Named_Snaps/Jumping Acrobats (1981).png</image></game>
<game><path>./TOSEC/K.C. Munchkin (1982)(Philips)(US).zip</path><name>K.C. Munchkin (1982)(Philips)(US)</name><image>~/../thumbs/Magnavox - Odyssey2/Named_Snaps/K.C. Munchkin (1982).png</image></game>
<game><path>./TOSEC/K.C. Munchkin (1982)(Philips)(US)[b].zip</path><name>K.C. Munchkin (1982)(Philips)(US)[b]</name><image>~/../thumbs/Magnavox - Odyssey2/Named_Snaps/K.C. Munchkin (1982).png</image></game>
<game><path>./TOSEC/K.C.'s Krazy Chase (1982)(Philips)(EU-US).zip</path><name>K.C.'s Krazy Chase (1982)(Philips)(EU-US)</name><image>~/../thumbs/Magnavox - Odyssey2/Named_Snaps/K.C.'s Krazy Chase (1982).png</image></game>
<game><path>./TOSEC/Killer Bees (1983)(Philips)(US).zip</path><name>Killer Bees (1983)(Philips)(US)</name><image>~/../thumbs/Magnavox - Odyssey2/Named_Snaps/Killer Bees (1983).png</image></game>
<game><path>./TOSEC/La Quete des Anneaux (1981)(Philips)(FR).zip</path><name>La Quete des Anneaux (1981)(Philips)(FR)</name><image>~/../thumbs/Magnavox - Odyssey2/Named_Snaps/La Quete des Anneaux (1981).png</image></game>
<game><path>./TOSEC/Labyrinth Game, A + Supermind (1981)(Philips)(EU).zip</path><name>Labyrinth Game, A + Supermind (1981)(Philips)(EU)</name><image>~/../thumbs/Magnavox - Odyssey2/Named_Snaps/Labyrinth Game, A + Supermind (1981).png</image></game>
<game><path>./TOSEC/Las Vegas (1980)(Philips)(FR).zip</path><name>Las Vegas (1980)(Philips)(FR)</name><image>~/../thumbs/Magnavox - Odyssey2/Named_Snaps/Las Vegas (1980).png</image></game>
<game><path>./TOSEC/Las Vegas Blackjack (1980)(Philips)(EU-US).zip</path><name>Las Vegas Blackjack (1980)(Philips)(EU-US)</name><image>~/../thumbs/Magnavox - Odyssey2/Named_Snaps/Las Vegas Blackjack (1980).png</image></game>
<game><path>./TOSEC/Laser War (1980)(Philips)(EU).zip</path><name>Laser War (1980)(Philips)(EU)</name><image>~/../thumbs/Magnavox - Odyssey2/Named_Snaps/Laser War (1980).png</image></game>
<game><path>./TOSEC/Loony Balloon (1983)(Philips)(EU)(proto).zip</path><name>Loony Balloon (1983)(Philips)(EU)(proto)</name><image>~/../thumbs/Magnavox - Odyssey2/Named_Snaps/Loony Balloon (1983).png</image></game>
<game><path>./TOSEC/Martian Threat (19xx)(Philips)(EU).zip</path><name>Martian Threat (19xx)(Philips)(EU)</name><image>~/../thumbs/Magnavox - Odyssey2/Named_Snaps/Martian Threat (19xx).png</image></game>
<game><path>./TOSEC/Martian Threat (19xx)(Philips)(EU)[a].zip</path><name>Martian Threat (19xx)(Philips)(EU)[a]</name><image>~/../thumbs/Magnavox - Odyssey2/Named_Snaps/Martian Threat (19xx).png</image></game>
<game><path>./TOSEC/Matchmaker + Logix + Buzzword (1980)(Philips)(US).zip</path><name>Matchmaker + Logix + Buzzword (1980)(Philips)(US)</name><image>~/../thumbs/Magnavox - Odyssey2/Named_Snaps/Matchmaker + Logix + Buzzword (1980).png</image></game>
<game><path>./TOSEC/Missao Impossivel (19xx)(Ectron)(BR).zip</path><name>Missao Impossivel (19xx)(Ectron)(BR)</name><image>~/../thumbs/Magnavox - Odyssey2/Named_Snaps/Missao Impossivel (19xx).png</image></game>
<game><path>./TOSEC/Monkeyshines (1982)(Philips)(EU-US).zip</path><name>Monkeyshines (1982)(Philips)(EU-US)</name><image>~/../thumbs/Magnavox - Odyssey2/Named_Snaps/Monkeyshines (1982).png</image></game>
<game><path>./TOSEC/Mousing Cat, The (1983)(Philips)(EU).zip</path><name>Mousing Cat, The (1983)(Philips)(EU)</name><image>~/../thumbs/Magnavox - Odyssey2/Named_Snaps/Mousing Cat, The (1983).png</image></game>
<game><path>./TOSEC/Munchkin (1982)(Philips)(EU).zip</path><name>Munchkin (1982)(Philips)(EU)</name><image>~/../thumbs/Magnavox - Odyssey2/Named_Snaps/Munchkin (1982).png</image></game>
<game><path>./TOSEC/Mur Magique, Le (1981)(Philips)(FR).zip</path><name>Mur Magique, Le (1981)(Philips)(FR)</name><image>~/../thumbs/Magnavox - Odyssey2/Named_Snaps/Mur Magique, Le (1981).png</image></game>
<game><path>./TOSEC/Neutron Star (1983)(Philips)(EU)(proto).zip</path><name>Neutron Star (1983)(Philips)(EU)(proto)</name><image>~/../thumbs/Magnavox - Odyssey2/Named_Snaps/Neutron Star (1983).png</image></game>
<game><path>./TOSEC/Nightfighter (19xx)(-)(EU).zip</path><name>Nightfighter (19xx)(-)(EU)</name><image>~/../thumbs/Magnavox - Odyssey2/Named_Snaps/Nightfighter (19xx).png</image></game>
<game><path>./TOSEC/Nightmare (1983)(Philips)(EU).zip</path><name>Nightmare (1983)(Philips)(EU)</name><image>~/../thumbs/Magnavox - Odyssey2/Named_Snaps/Nightmare (1983).png</image></game>
<game><path>./TOSEC/O Malabarista + Jogo da Velha (1980)(Philips)(BR).zip</path><name>O Malabarista + Jogo da Velha (1980)(Philips)(BR)</name><image>~/../thumbs/Magnavox - Odyssey2/Named_Snaps/O Malabarista + Jogo da Velha (1980).png</image></game>
<game><path>./TOSEC/O Segredo do Farao (1980)(Philips)(BR).zip</path><name>O Segredo do Farao (1980)(Philips)(BR)</name><image>~/../thumbs/Magnavox - Odyssey2/Named_Snaps/O Segredo do Farao (1980).png</image></game>
<game><path>./TOSEC/Out of This World + Helicopter Rescue (1980)(Philips)(US).zip</path><name>Out of This World + Helicopter Rescue (1980)(Philips)(US)</name><image>~/../thumbs/Magnavox - Odyssey2/Named_Snaps/Out of This World + Helicopter Rescue (1980).png</image></game>
<game><path>./TOSEC/P.T. Barnum's Acrobats (1981)(Philips)(US).zip</path><name>P.T. Barnum's Acrobats (1981)(Philips)(US)</name><image>~/../thumbs/Magnavox - Odyssey2/Named_Snaps/P.T. Barnum's Acrobats (1981).png</image></game>
<game><path>./TOSEC/Pachinko (1981)(Philips)(EU-US).zip</path><name>Pachinko (1981)(Philips)(EU-US)</name><image>~/../thumbs/Magnavox - Odyssey2/Named_Snaps/Pachinko (1981).png</image></game>
<game><path>./TOSEC/Pairs + Space Rendezvous + Logic (1980)(Philips)(EU).zip</path><name>Pairs + Space Rendezvous + Logic (1980)(Philips)(EU)</name><image>~/../thumbs/Magnavox - Odyssey2/Named_Snaps/Pairs + Space Rendezvous + Logic (1980).png</image></game>
<game><path>./TOSEC/Pickaxe Pete (1982)(Philips)(EU-US).zip</path><name>Pickaxe Pete (1982)(Philips)(EU-US)</name><image>~/../thumbs/Magnavox - Odyssey2/Named_Snaps/Pickaxe Pete (1982).png</image></game>
<game><path>./TOSEC/Pinball (19xx)(-)(US).zip</path><name>Pinball (19xx)(-)(US)</name><image>~/../thumbs/Magnavox - Odyssey2/Named_Snaps/Pinball (19xx).png</image></game>
<game><path>./TOSEC/Play Tag (19xx)(Philips)(EU).zip</path><name>Play Tag (19xx)(Philips)(EU)</name><image>~/../thumbs/Magnavox - Odyssey2/Named_Snaps/Play Tag (19xx).png</image></game>
<game><path>./TOSEC/Pocket Billiards (1981)(Philips)(EU-US).zip</path><name>Pocket Billiards (1981)(Philips)(EU-US)</name><image>~/../thumbs/Magnavox - Odyssey2/Named_Snaps/Pocket Billiards (1981).png</image></game>
<game><path>./TOSEC/Popeye (1983)(Parker Brothers)(BR).zip</path><name>Popeye (1983)(Parker Brothers)(BR)</name><image>~/../thumbs/Magnavox - Odyssey2/Named_Snaps/Popeye (1983).png</image></game>
<game><path>./TOSEC/Popeye (1983)(Parker Brothers)(EU).zip</path><name>Popeye (1983)(Parker Brothers)(EU)</name><image>~/../thumbs/Magnavox - Odyssey2/Named_Snaps/Popeye (1983).png</image></game>
<game><path>./TOSEC/Power Lords (1978)(Philips)(US).zip</path><name>Power Lords (1978)(Philips)(US)</name><image>~/../thumbs/Magnavox - Odyssey2/Named_Snaps/Power Lords (1978).png</image></game>
<game><path>./TOSEC/Power Lords (1978)(Philips)(US)[a].zip</path><name>Power Lords (1978)(Philips)(US)[a]</name><image>~/../thumbs/Magnavox - Odyssey2/Named_Snaps/Power Lords (1978).png</image></game>
<game><path>./TOSEC/Prendre l'Argent et Fuir (1980)(Philips)(FR).zip</path><name>Prendre l'Argent et Fuir (1980)(Philips)(FR)</name><image>~/../thumbs/Magnavox - Odyssey2/Named_Snaps/Prendre l'Argent et Fuir (1980).png</image></game>
<game><path>./TOSEC/Qbert (1983)(Parker Brothers)(EU).zip</path><name>Qbert (1983)(Parker Brothers)(EU)</name><image>~/../thumbs/Magnavox - Odyssey2/Named_Snaps/Qbert (1983).png</image></game>
<game><path>./TOSEC/Quest for the Rings (1981)(Philips)(EU-US).zip</path><name>Quest for the Rings (1981)(Philips)(EU-US)</name><image>~/../thumbs/Magnavox - Odyssey2/Named_Snaps/Quest for the Rings (1981).png</image></game>
<game><path>./TOSEC/Red Baron (19xx)(-)(EU).zip</path><name>Red Baron (19xx)(-)(EU)</name><image>~/../thumbs/Magnavox - Odyssey2/Named_Snaps/Red Baron (19xx).png</image></game>
<game><path>./TOSEC/Red Baron (19xx)(-)(EU)[a].zip</path><name>Red Baron (19xx)(-)(EU)[a]</name><image>~/../thumbs/Magnavox - Odyssey2/Named_Snaps/Red Baron (19xx).png</image></game>
<game><path>./TOSEC/Robot City (19xx)(Philips)(EU).zip</path><name>Robot City (19xx)(Philips)(EU)</name><image>~/../thumbs/Magnavox - Odyssey2/Named_Snaps/Robot City (19xx).png</image></game>
<game><path>./TOSEC/Samurai (1980)(Philips)(EU).zip</path><name>Samurai (1980)(Philips)(EU)</name><image>~/../thumbs/Magnavox - Odyssey2/Named_Snaps/Samurai (1980).png</image></game>
<game><path>./TOSEC/Satellite Attack (1981)(Philips)(EU).zip</path><name>Satellite Attack (1981)(Philips)(EU)</name><image>~/../thumbs/Magnavox - Odyssey2/Named_Snaps/Satellite Attack (1981).png</image></game>
<game><path>./TOSEC/Secret of the Pharaohs (1980)(Philips)(EU).zip</path><name>Secret of the Pharaohs (1980)(Philips)(EU)</name><image>~/../thumbs/Magnavox - Odyssey2/Named_Snaps/Secret of the Pharaohs (1980).png</image></game>
<game><path>./TOSEC/Shark Hunter (19xx)(Philips)(EU).zip</path><name>Shark Hunter (19xx)(Philips)(EU)</name><image>~/../thumbs/Magnavox - Odyssey2/Named_Snaps/Shark Hunter (19xx).png</image></game>
<game><path>./TOSEC/Showdown in 2100 A.D. (1980)(Philips)(US).zip</path><name>Showdown in 2100 A.D. (1980)(Philips)(US)</name><image>~/../thumbs/Magnavox - Odyssey2/Named_Snaps/Showdown in 2100 A.D. (1980).png</image></game>
<game><path>./TOSEC/Skiing (1980)(Philips)(FR).zip</path><name>Skiing (1980)(Philips)(FR)</name><image>~/../thumbs/Magnavox - Odyssey2/Named_Snaps/Skiing (1980).png</image></game>
<game><path>./TOSEC/Smithereens (1980)(Philips)(US).zip</path><name>Smithereens (1980)(Philips)(US)</name><image>~/../thumbs/Magnavox - Odyssey2/Named_Snaps/Smithereens (1980).png</image></game>
<game><path>./TOSEC/Speedway + Spin-out + Crypto-logic (1978)(Philips)(EU-US).zip</path><name>Speedway + Spin-out + Crypto-logic (1978)(Philips)(EU-US)</name><image>~/../thumbs/Magnavox - Odyssey2/Named_Snaps/Speedway + Spin-out + Crypto-logic (1978).png</image></game>
<game><path>./TOSEC/Spider-Man (19xx)(Parker Brothers - Philips)(EU).zip</path><name>Spider-Man (19xx)(Parker Brothers - Philips)(EU)</name><image>~/../thumbs/Magnavox - Odyssey2/Named_Snaps/Spider-Man (19xx).png</image></game>
<game><path>./TOSEC/Spider-Man (19xx)(Parker Brothers - Philips)(EU)[a].zip</path><name>Spider-Man (19xx)(Parker Brothers - Philips)(EU)[a]</name><image>~/../thumbs/Magnavox - Odyssey2/Named_Snaps/Spider-Man (19xx).png</image></game>
<game><path>./TOSEC/Stone Sling (1980)(Philips)(EU).zip</path><name>Stone Sling (1980)(Philips)(EU)</name><image>~/../thumbs/Magnavox - Odyssey2/Named_Snaps/Stone Sling (1980).png</image></game>
<game><path>./TOSEC/Super Bee (1983)(Philips)(BR).zip</path><name>Super Bee (1983)(Philips)(BR)</name><image>~/../thumbs/Magnavox - Odyssey2/Named_Snaps/Super Bee (1983).png</image></game>
<game><path>./TOSEC/Super Bee (1983)(Philips)(EU).zip</path><name>Super Bee (1983)(Philips)(EU)</name><image>~/../thumbs/Magnavox - Odyssey2/Named_Snaps/Super Bee (1983).png</image></game>
<game><path>./TOSEC/Super Cobra (1983)(Parker Brothers)(BR).zip</path><name>Super Cobra (1983)(Parker Brothers)(BR)</name><image>~/../thumbs/Magnavox - Odyssey2/Named_Snaps/Super Cobra (1983).png</image></game>
<game><path>./TOSEC/Super Cobra (1983)(Parker Brothers)(EU).zip</path><name>Super Cobra (1983)(Parker Brothers)(EU)</name><image>~/../thumbs/Magnavox - Odyssey2/Named_Snaps/Super Cobra (1983).png</image></game>
<game><path>./TOSEC/Take the Money and Run (1980)(Philips)(EU-US).zip</path><name>Take the Money and Run (1980)(Philips)(EU-US)</name><image>~/../thumbs/Magnavox - Odyssey2/Named_Snaps/Take the Money and Run (1980).png</image></game>
<game><path>./TOSEC/Thunderball (1980)(Philips)(EU-US).zip</path><name>Thunderball (1980)(Philips)(EU-US)</name><image>~/../thumbs/Magnavox - Odyssey2/Named_Snaps/Thunderball (1980).png</image></game>
<game><path>./TOSEC/Turtles (1983)(Philips)(EU).zip</path><name>Turtles (1983)(Philips)(EU)</name><image>~/../thumbs/Magnavox - Odyssey2/Named_Snaps/Turtles (1983).png</image></game>
<game><path>./TOSEC/Turtles (1983)(Philips)(US).zip</path><name>Turtles (1983)(Philips)(US)</name><image>~/../thumbs/Magnavox - Odyssey2/Named_Snaps/Turtles (1983).png</image></game>
<game><path>./TOSEC/Tutankham (19xx)(Parker Brothers)(EU).zip</path><name>Tutankham (19xx)(Parker Brothers)(EU)</name><image>~/../thumbs/Magnavox - Odyssey2/Named_Snaps/Tutankham (19xx).png</image></game>
<game><path>./TOSEC/UFO (1981)(Philips)(US).zip</path><name>UFO (1981)(Philips)(US)</name><image>~/../thumbs/Magnavox - Odyssey2/Named_Snaps/UFO (1981).png</image></game>
<game><path>./TOSEC/Volleyball (1981)(Philips)(EU-US).zip</path><name>Volleyball (1981)(Philips)(EU-US)</name><image>~/../thumbs/Magnavox - Odyssey2/Named_Snaps/Volleyball (1981).png</image></game>
<game><path>./TOSEC/Volleyball Electronique (1981)(Philips)(FR).zip</path><name>Volleyball Electronique (1981)(Philips)(FR)</name><image>~/../thumbs/Magnavox - Odyssey2/Named_Snaps/Volleyball Electronique (1981).png</image></game>
<game><path>./TOSEC/Wall Street (1983)(Philips)(BR).zip</path><name>Wall Street (1983)(Philips)(BR)</name><image>~/../thumbs/Magnavox - Odyssey2/Named_Snaps/Wall Street (1983).png</image></game>
<game><path>./TOSEC/War of Nerves (1981)(Philips)(EU-US).zip</path><name>War of Nerves (1981)(Philips)(EU-US)</name><image>~/../thumbs/Magnavox - Odyssey2/Named_Snaps/War of Nerves (1981).png</image></game>
<folder><path>./TOSEC</path><name>TOSEC</name><image>~/../thumb/odyssey2.png</image></folder>
<game><path>./Merged/2aswbat.zip</path><name>2aswbat</name><image>~/../thumbs/Magnavox - Odyssey2/Named_Snaps/2aswbat.png</image></game>
<game><path>./Merged/2bllcrss.zip</path><name>2bllcrss</name><image>~/../thumbs/Magnavox - Odyssey2/Named_Snaps/2bllcrss.png</image></game>
<game><path>./Merged/2bwlbskt.zip</path><name>2bwlbskt</name><image>~/../thumbs/Magnavox - Odyssey2/Named_Snaps/2bwlbskt.png</image></game>
<game><path>./Merged/2dpthmrk.zip</path><name>2dpthmrk</name><image>~/../thumbs/Magnavox - Odyssey2/Named_Snaps/2dpthmrk.png</image></game>
<game><path>./Merged/2hckyscr.zip</path><name>2hckyscr</name><image>~/../thumbs/Magnavox - Odyssey2/Named_Snaps/2hckyscr.png</image></game>
<game><path>./Merged/2lbsprmd.zip</path><name>2lbsprmd</name><image>~/../thumbs/Magnavox - Odyssey2/Named_Snaps/2lbsprmd.png</image></game>
<game><path>./Merged/2missprg.zip</path><name>2missprg</name><image>~/../thumbs/Magnavox - Odyssey2/Named_Snaps/2missprg.png</image></game>
<game><path>./Merged/2mthecho.zip</path><name>2mthecho</name><image>~/../thumbs/Magnavox - Odyssey2/Named_Snaps/2mthecho.png</image></game>
<game><path>./Merged/2wrldrsc.zip</path><name>2wrldrsc</name><image>~/../thumbs/Magnavox - Odyssey2/Named_Snaps/2wrldrsc.png</image></game>
<game><path>./Merged/3prspclg.zip</path><name>3prspclg</name><image>~/../thumbs/Magnavox - Odyssey2/Named_Snaps/3prspclg.png</image></game>
<game><path>./Merged/3rcsocpt.zip</path><name>3rcsocpt</name><image>~/../thumbs/Magnavox - Odyssey2/Named_Snaps/3rcsocpt.png</image></game>
<game><path>./Merged/4in1.zip</path><name>4in1</name><image>~/../thumbs/Magnavox - Odyssey2/Named_Snaps/4in1.png</image></game>
<game><path>./Merged/acrobat.zip</path><name>acrobat</name><image>~/../thumbs/Magnavox - Odyssey2/Named_Snaps/acrobat.png</image></game>
<game><path>./Merged/airbattl.zip</path><name>airbattl</name><image>~/../thumbs/Magnavox - Odyssey2/Named_Snaps/airbattl.png</image></game>
<game><path>./Merged/amok.zip</path><name>amok</name><image>~/../thumbs/Magnavox - Odyssey2/Named_Snaps/amok.png</image></game>
<game><path>./Merged/atlantis.zip</path><name>atlantis</name><image>~/../thumbs/Magnavox - Odyssey2/Named_Snaps/atlantis.png</image></game>
<game><path>./Merged/backgamm.zip</path><name>backgamm</name><image>~/../thumbs/Magnavox - Odyssey2/Named_Snaps/backgamm.png</image></game>
<game><path>./Merged/baseball.zip</path><name>baseball</name><image>~/../thumbs/Magnavox - Odyssey2/Named_Snaps/baseball.png</image></game>
<game><path>./Merged/baskgame.zip</path><name>baskgame</name><image>~/../thumbs/Magnavox - Odyssey2/Named_Snaps/baskgame.png</image></game>
<game><path>./Merged/bastion.zip</path><name>bastion</name><image>~/../thumbs/Magnavox - Odyssey2/Named_Snaps/bastion.png</image></game>
<game><path>./Merged/battlef.zip</path><name>battlef</name><image>~/../thumbs/Magnavox - Odyssey2/Named_Snaps/battlef.png</image></game>
<game><path>./Merged/bees.zip</path><name>bees</name><image>~/../thumbs/Magnavox - Odyssey2/Named_Snaps/bees.png</image></game>
<game><path>./Merged/billiard.zip</path><name>billiard</name><image>~/../thumbs/Magnavox - Odyssey2/Named_Snaps/billiard.png</image></game>
<game><path>./Merged/blackjck.zip</path><name>blackjck</name><image>~/../thumbs/Magnavox - Odyssey2/Named_Snaps/blackjck.png</image></game>
<game><path>./Merged/blobbers.zip</path><name>blobbers</name><image>~/../thumbs/Magnavox - Odyssey2/Named_Snaps/blobbers.png</image></game>
<game><path>./Merged/calc.zip</path><name>calc</name><image>~/../thumbs/Magnavox - Odyssey2/Named_Snaps/calc.png</image></game>
<game><path>./Merged/chess.zip</path><name>chess</name><image>~/../thumbs/Magnavox - Odyssey2/Named_Snaps/chess.png</image></game>
<game><path>./Merged/chezmxme.zip</path><name>chezmxme</name><image>~/../thumbs/Magnavox - Odyssey2/Named_Snaps/chezmxme.png</image></game>
<game><path>./Merged/chifflet.zip</path><name>chifflet</name><image>~/../thumbs/Magnavox - Odyssey2/Named_Snaps/chifflet.png</image></game>
<game><path>./Merged/chinese.zip</path><name>chinese</name><image>~/../thumbs/Magnavox - Odyssey2/Named_Snaps/chinese.png</image></game>
<game><path>./Merged/claypig.zip</path><name>claypig</name><image>~/../thumbs/Magnavox - Odyssey2/Named_Snaps/claypig.png</image></game>
<game><path>./Merged/cobra.zip</path><name>cobra</name><image>~/../thumbs/Magnavox - Odyssey2/Named_Snaps/cobra.png</image></game>
<game><path>./Merged/comando.zip</path><name>comando</name><image>~/../thumbs/Magnavox - Odyssey2/Named_Snaps/comando.png</image></game>
<game><path>./Merged/compprog.zip</path><name>compprog</name><image>~/../thumbs/Magnavox - Odyssey2/Named_Snaps/compprog.png</image></game>
<game><path>./Merged/conquest.zip</path><name>conquest</name><image>~/../thumbs/Magnavox - Odyssey2/Named_Snaps/conquest.png</image></game>
<game><path>./Merged/cosmic.zip</path><name>cosmic</name><image>~/../thumbs/Magnavox - Odyssey2/Named_Snaps/cosmic.png</image></game>
<game><path>./Merged/crazyc.zip</path><name>crazyc</name><image>~/../thumbs/Magnavox - Odyssey2/Named_Snaps/crazyc.png</image></game>
<game><path>./Merged/dambust.zip</path><name>dambust</name><image>~/../thumbs/Magnavox - Odyssey2/Named_Snaps/dambust.png</image></game>
<game><path>./Merged/deathrac.zip</path><name>deathrac</name><image>~/../thumbs/Magnavox - Odyssey2/Named_Snaps/deathrac.png</image></game>
<game><path>./Merged/demon.zip</path><name>demon</name><image>~/../thumbs/Magnavox - Odyssey2/Named_Snaps/demon.png</image></game>
<game><path>./Merged/englouti.zip</path><name>englouti</name><image>~/../thumbs/Magnavox - Odyssey2/Named_Snaps/englouti.png</image></game>
<game><path>./Merged/exojet.zip</path><name>exojet</name><image>~/../thumbs/Magnavox - Odyssey2/Named_Snaps/exojet.png</image></game>
<game><path>./Merged/flashp.zip</path><name>flashp</name><image>~/../thumbs/Magnavox - Odyssey2/Named_Snaps/flashp.png</image></game>
<game><path>./Merged/flipper.zip</path><name>flipper</name><image>~/../thumbs/Magnavox - Odyssey2/Named_Snaps/flipper.png</image></game>
<game><path>./Merged/football.zip</path><name>football</name><image>~/../thumbs/Magnavox - Odyssey2/Named_Snaps/football.png</image></game>
<game><path>./Merged/freedom.zip</path><name>freedom</name><image>~/../thumbs/Magnavox - Odyssey2/Named_Snaps/freedom.png</image></game>
<game><path>./Merged/frogger.zip</path><name>frogger</name><image>~/../thumbs/Magnavox - Odyssey2/Named_Snaps/frogger.png</image></game>
<game><path>./Merged/golf.zip</path><name>golf</name><image>~/../thumbs/Magnavox - Odyssey2/Named_Snaps/golf.png</image></game>
<game><path>./Merged/gtwallst.zip</path><name>gtwallst</name><image>~/../thumbs/Magnavox - Odyssey2/Named_Snaps/gtwallst.png</image></game>
<game><path>./Merged/gunfight.zip</path><name>gunfight</name><image>~/../thumbs/Magnavox - Odyssey2/Named_Snaps/gunfight.png</image></game>
<game><path>./Merged/hawksp.zip</path><name>hawksp</name><image>~/../thumbs/Magnavox - Odyssey2/Named_Snaps/hawksp.png</image></game>
<game><path>./Merged/helicopt.zip</path><name>helicopt</name><image>~/../thumbs/Magnavox - Odyssey2/Named_Snaps/helicopt.png</image></game>
<game><path>./Merged/himalaya.zip</path><name>himalaya</name><image>~/../thumbs/Magnavox - Odyssey2/Named_Snaps/himalaya.png</image></game>
<game><path>./Merged/homecomp.zip</path><name>homecomp</name><image>~/../thumbs/Magnavox - Odyssey2/Named_Snaps/homecomp.png</image></game>
<game><path>./Merged/interpol.zip</path><name>interpol</name><image>~/../thumbs/Magnavox - Odyssey2/Named_Snaps/interpol.png</image></game>
<game><path>./Merged/ktaa.zip</path><name>ktaa</name><image>~/../thumbs/Magnavox - Odyssey2/Named_Snaps/ktaa.png</image></game>
<game><path>./Merged/laser.zip</path><name>laser</name><image>~/../thumbs/Magnavox - Odyssey2/Named_Snaps/laser.png</image></game>
<game><path>./Merged/lasvegas.zip</path><name>lasvegas</name><image>~/../thumbs/Magnavox - Odyssey2/Named_Snaps/lasvegas.png</image></game>
<game><path>./Merged/linguaduc.zip</path><name>linguaduc</name><image>~/../thumbs/Magnavox - Odyssey2/Named_Snaps/linguaduc.png</image></game>
<game><path>./Merged/loony.zip</path><name>loony</name><image>~/../thumbs/Magnavox - Odyssey2/Named_Snaps/loony.png</image></game>
<game><path>./Merged/martian.zip</path><name>martian</name><image>~/../thumbs/Magnavox - Odyssey2/Named_Snaps/martian.png</image></game>
<game><path>./Merged/melrep.zip</path><name>melrep</name><image>~/../thumbs/Magnavox - Odyssey2/Named_Snaps/melrep.png</image></game>
<game><path>./Merged/moneyrun.zip</path><name>moneyrun</name><image>~/../thumbs/Magnavox - Odyssey2/Named_Snaps/moneyrun.png</image></game>
<game><path>./Merged/monkey.zip</path><name>monkey</name><image>~/../thumbs/Magnavox - Odyssey2/Named_Snaps/monkey.png</image></game>
<game><path>./Merged/morse.zip</path><name>morse</name><image>~/../thumbs/Magnavox - Odyssey2/Named_Snaps/morse.png</image></game>
<game><path>./Merged/motocras.zip</path><name>motocras</name><image>~/../thumbs/Magnavox - Odyssey2/Named_Snaps/motocras.png</image></game>
<game><path>./Merged/mousing.zip</path><name>mousing</name><image>~/../thumbs/Magnavox - Odyssey2/Named_Snaps/mousing.png</image></game>
<game><path>./Merged/mrroboto.zip</path><name>mrroboto</name><image>~/../thumbs/Magnavox - Odyssey2/Named_Snaps/mrroboto.png</image></game>
<game><path>./Merged/munchkin.zip</path><name>munchkin</name><image>~/../thumbs/Magnavox - Odyssey2/Named_Snaps/munchkin.png</image></game>
<game><path>./Merged/musician.zip</path><name>musician</name><image>~/../thumbs/Magnavox - Odyssey2/Named_Snaps/musician.png</image></game>
<game><path>./Merged/neutron.zip</path><name>neutron</name><image>~/../thumbs/Magnavox - Odyssey2/Named_Snaps/neutron.png</image></game>
<game><path>./Merged/newscast.zip</path><name>newscast</name><image>~/../thumbs/Magnavox - Odyssey2/Named_Snaps/newscast.png</image></game>
<game><path>./Merged/nightmar.zip</path><name>nightmar</name><image>~/../thumbs/Magnavox - Odyssey2/Named_Snaps/nightmar.png</image></game>
<game><path>./Merged/nimble.zip</path><name>nimble</name><image>~/../thumbs/Magnavox - Odyssey2/Named_Snaps/nimble.png</image></game>
<game><path>./Merged/norseman.zip</path><name>norseman</name><image>~/../thumbs/Magnavox - Odyssey2/Named_Snaps/norseman.png</image></game>
<game><path>./Merged/pharaohs.zip</path><name>pharaohs</name><image>~/../thumbs/Magnavox - Odyssey2/Named_Snaps/pharaohs.png</image></game>
<game><path>./Merged/pickaxe.zip</path><name>pickaxe</name><image>~/../thumbs/Magnavox - Odyssey2/Named_Snaps/pickaxe.png</image></game>
<game><path>./Merged/pinball.zip</path><name>pinball</name><image>~/../thumbs/Magnavox - Odyssey2/Named_Snaps/pinball.png</image></game>
<game><path>./Merged/plander.zip</path><name>plander</name><image>~/../thumbs/Magnavox - Odyssey2/Named_Snaps/plander.png</image></game>
<game><path>./Merged/playtag.zip</path><name>playtag</name><image>~/../thumbs/Magnavox - Odyssey2/Named_Snaps/playtag.png</image></game>
<game><path>./Merged/pong.zip</path><name>pong</name><image>~/../thumbs/Magnavox - Odyssey2/Named_Snaps/pong.png</image></game>
<game><path>./Merged/popeye.zip</path><name>popeye</name><image>~/../thumbs/Magnavox - Odyssey2/Named_Snaps/popeye.png</image></game>
<game><path>./Merged/powerlrd.zip</path><name>powerlrd</name><image>~/../thumbs/Magnavox - Odyssey2/Named_Snaps/powerlrd.png</image></game>
<game><path>./Merged/ppp.zip</path><name>ppp</name><image>~/../thumbs/Magnavox - Odyssey2/Named_Snaps/ppp.png</image></game>
<game><path>./Merged/psmaths.zip</path><name>psmaths</name><image>~/../thumbs/Magnavox - Odyssey2/Named_Snaps/psmaths.png</image></game>
<game><path>./Merged/qbert.zip</path><name>qbert</name><image>~/../thumbs/Magnavox - Odyssey2/Named_Snaps/qbert.png</image></game>
<game><path>./Merged/quest.zip</path><name>quest</name><image>~/../thumbs/Magnavox - Odyssey2/Named_Snaps/quest.png</image></game>
<game><path>./Merged/rally.zip</path><name>rally</name><image>~/../thumbs/Magnavox - Odyssey2/Named_Snaps/rally.png</image></game>
<game><path>./Merged/rash.zip</path><name>rash</name><image>~/../thumbs/Magnavox - Odyssey2/Named_Snaps/rash.png</image></game>
<game><path>./Merged/robot.zip</path><name>robot</name><image>~/../thumbs/Magnavox - Odyssey2/Named_Snaps/robot.png</image></game>
<game><path>./Merged/route66.zip</path><name>route66</name><image>~/../thumbs/Magnavox - Odyssey2/Named_Snaps/route66.png</image></game>
<game><path>./Merged/samurai.zip</path><name>samurai</name><image>~/../thumbs/Magnavox - Odyssey2/Named_Snaps/samurai.png</image></game>
<game><path>./Merged/satellit.zip</path><name>satellit</name><image>~/../thumbs/Magnavox - Odyssey2/Named_Snaps/satellit.png</image></game>
<game><path>./Merged/shark.zip</path><name>shark</name><image>~/../thumbs/Magnavox - Odyssey2/Named_Snaps/shark.png</image></game>
<game><path>./Merged/sherlock.zip</path><name>sherlock</name><image>~/../thumbs/Magnavox - Odyssey2/Named_Snaps/sherlock.png</image></game>
<game><path>./Merged/sidspell.zip</path><name>sidspell</name><image>~/../thumbs/Magnavox - Odyssey2/Named_Snaps/sidspell.png</image></game>
<game><path>./Merged/ski.zip</path><name>ski</name><image>~/../thumbs/Magnavox - Odyssey2/Named_Snaps/ski.png</image></game>
<game><path>./Merged/soundtool.zip</path><name>soundtool</name><image>~/../thumbs/Magnavox - Odyssey2/Named_Snaps/soundtool.png</image></game>
<game><path>./Merged/spaans.zip</path><name>spaans</name><image>~/../thumbs/Magnavox - Odyssey2/Named_Snaps/spaans.png</image></game>
<game><path>./Merged/spacemon.zip</path><name>spacemon</name><image>~/../thumbs/Magnavox - Odyssey2/Named_Snaps/spacemon.png</image></game>
<game><path>./Merged/spider.zip</path><name>spider</name><image>~/../thumbs/Magnavox - Odyssey2/Named_Snaps/spider.png</image></game>
<game><path>./Merged/stone.zip</path><name>stone</name><image>~/../thumbs/Magnavox - Odyssey2/Named_Snaps/stone.png</image></game>
<game><path>./Merged/superbee.zip</path><name>superbee</name><image>~/../thumbs/Magnavox - Odyssey2/Named_Snaps/superbee.png</image></game>
<game><path>./Merged/syracuse.zip</path><name>syracuse</name><image>~/../thumbs/Magnavox - Odyssey2/Named_Snaps/syracuse.png</image></game>
<game><path>./Merged/tablefb.zip</path><name>tablefb</name><image>~/../thumbs/Magnavox - Odyssey2/Named_Snaps/tablefb.png</image></game>
<game><path>./Merged/terminal.zip</path><name>terminal</name><image>~/../thumbs/Magnavox - Odyssey2/Named_Snaps/terminal.png</image></game>
<game><path>./Merged/testcart.zip</path><name>testcart</name><image>~/../thumbs/Magnavox - Odyssey2/Named_Snaps/testcart.png</image></game>
<game><path>./Merged/timelord.zip</path><name>timelord</name><image>~/../thumbs/Magnavox - Odyssey2/Named_Snaps/timelord.png</image></game>
<game><path>./Merged/turtles.zip</path><name>turtles</name><image>~/../thumbs/Magnavox - Odyssey2/Named_Snaps/turtles.png</image></game>
<game><path>./Merged/tutank.zip</path><name>tutank</name><image>~/../thumbs/Magnavox - Odyssey2/Named_Snaps/tutank.png</image></game>
<game><path>./Merged/typetell.zip</path><name>typetell</name><image>~/../thumbs/Magnavox - Odyssey2/Named_Snaps/typetell.png</image></game>
<game><path>./Merged/voice.zip</path><name>voice</name><image>~/../thumbs/Magnavox - Odyssey2/Named_Snaps/voice.png</image></game>
<game><path>./Merged/volley.zip</path><name>volley</name><image>~/../thumbs/Magnavox - Odyssey2/Named_Snaps/volley.png</image></game>
<game><path>./Merged/vrkrspl1.zip</path><name>vrkrspl1</name><image>~/../thumbs/Magnavox - Odyssey2/Named_Snaps/vrkrspl1.png</image></game>
<game><path>./Merged/vrkrspl2.zip</path><name>vrkrspl2</name><image>~/../thumbs/Magnavox - Odyssey2/Named_Snaps/vrkrspl2.png</image></game>
<folder><path>./Merged</path><name>Merged</name><image>~/../thumb/odyssey2.png</image></folder>
<game><path>./Split/2aswbat.zip</path><name>2aswbat</name><image>~/../thumbs/Magnavox - Odyssey2/Named_Snaps/2aswbat.png</image></game>
<game><path>./Split/2bllcrss.zip</path><name>2bllcrss</name><image>~/../thumbs/Magnavox - Odyssey2/Named_Snaps/2bllcrss.png</image></game>
<game><path>./Split/2bmbalvo.zip</path><name>2bmbalvo</name><image>~/../thumbs/Magnavox - Odyssey2/Named_Snaps/2bmbalvo.png</image></game>
<game><path>./Split/2bsktbwlpl.zip</path><name>2bsktbwlpl</name><image>~/../thumbs/Magnavox - Odyssey2/Named_Snaps/2bsktbwlpl.png</image></game>
<game><path>./Split/2bwlbskt.zip</path><name>2bwlbskt</name><image>~/../thumbs/Magnavox - Odyssey2/Named_Snaps/2bwlbskt.png</image></game>
<game><path>./Split/2bwlbsktpl.zip</path><name>2bwlbsktpl</name><image>~/../thumbs/Magnavox - Odyssey2/Named_Snaps/2bwlbsktpl.png</image></game>
<game><path>./Split/2dpthmrk.zip</path><name>2dpthmrk</name><image>~/../thumbs/Magnavox - Odyssey2/Named_Snaps/2dpthmrk.png</image></game>
<game><path>./Split/2fblhcky.zip</path><name>2fblhcky</name><image>~/../thumbs/Magnavox - Odyssey2/Named_Snaps/2fblhcky.png</image></game>
<game><path>./Split/2hckyscr.zip</path><name>2hckyscr</name><image>~/../thumbs/Magnavox - Odyssey2/Named_Snaps/2hckyscr.png</image></game>
<game><path>./Split/2lbsprmd.zip</path><name>2lbsprmd</name><image>~/../thumbs/Magnavox - Odyssey2/Named_Snaps/2lbsprmd.png</image></game>
<game><path>./Split/2missprg.zip</path><name>2missprg</name><image>~/../thumbs/Magnavox - Odyssey2/Named_Snaps/2missprg.png</image></game>
<game><path>./Split/2mlajogo.zip</path><name>2mlajogo</name><image>~/../thumbs/Magnavox - Odyssey2/Named_Snaps/2mlajogo.png</image></game>
<game><path>./Split/2mthechf.zip</path><name>2mthechf</name><image>~/../thumbs/Magnavox - Odyssey2/Named_Snaps/2mthechf.png</image></game>
<game><path>./Split/2mthecho.zip</path><name>2mthecho</name><image>~/../thumbs/Magnavox - Odyssey2/Named_Snaps/2mthecho.png</image></game>
<game><path>./Split/2qllbskt.zip</path><name>2qllbskt</name><image>~/../thumbs/Magnavox - Odyssey2/Named_Snaps/2qllbskt.png</image></game>
<game><path>./Split/2wrldrsc.zip</path><name>2wrldrsc</name><image>~/../thumbs/Magnavox - Odyssey2/Named_Snaps/2wrldrsc.png</image></game>
<game><path>./Split/3csaucpt.zip</path><name>3csaucpt</name><image>~/../thumbs/Magnavox - Odyssey2/Named_Snaps/3csaucpt.png</image></game>
<game><path>./Split/3csaucptpl.zip</path><name>3csaucptpl</name><image>~/../thumbs/Magnavox - Odyssey2/Named_Snaps/3csaucptpl.png</image></game>
<game><path>./Split/3mkrbzlg.zip</path><name>3mkrbzlg</name><image>~/../thumbs/Magnavox - Odyssey2/Named_Snaps/3mkrbzlg.png</image></game>
<game><path>./Split/3prspclg.zip</path><name>3prspclg</name><image>~/../thumbs/Magnavox - Odyssey2/Named_Snaps/3prspclg.png</image></game>
<game><path>./Split/3rcsocpt.zip</path><name>3rcsocpt</name><image>~/../thumbs/Magnavox - Odyssey2/Named_Snaps/3rcsocpt.png</image></game>
<game><path>./Split/3rcsocptpl.zip</path><name>3rcsocptpl</name><image>~/../thumbs/Magnavox - Odyssey2/Named_Snaps/3rcsocptpl.png</image></game>
<game><path>./Split/4en1.zip</path><name>4en1</name><image>~/../thumbs/Magnavox - Odyssey2/Named_Snaps/4en1.png</image></game>
<game><path>./Split/4in1.zip</path><name>4in1</name><image>~/../thumbs/Magnavox - Odyssey2/Named_Snaps/4in1.png</image></game>
<game><path>./Split/acrobat.zip</path><name>acrobat</name><image>~/../thumbs/Magnavox - Odyssey2/Named_Snaps/acrobat.png</image></game>
<game><path>./Split/acrobata.zip</path><name>acrobata</name><image>~/../thumbs/Magnavox - Odyssey2/Named_Snaps/acrobata.png</image></game>
<game><path>./Split/airbattl.zip</path><name>airbattl</name><image>~/../thumbs/Magnavox - Odyssey2/Named_Snaps/airbattl.png</image></game>
<game><path>./Split/airbattlp.zip</path><name>airbattlp</name><image>~/../thumbs/Magnavox - Odyssey2/Named_Snaps/airbattlp.png</image></game>
<game><path>./Split/airbattlpa.zip</path><name>airbattlpa</name><image>~/../thumbs/Magnavox - Odyssey2/Named_Snaps/airbattlpa.png</image></game>
<game><path>./Split/amok.zip</path><name>amok</name><image>~/../thumbs/Magnavox - Odyssey2/Named_Snaps/amok.png</image></game>
<game><path>./Split/atlantis.zip</path><name>atlantis</name><image>~/../thumbs/Magnavox - Odyssey2/Named_Snaps/atlantis.png</image></game>
<game><path>./Split/backgamm.zip</path><name>backgamm</name><image>~/../thumbs/Magnavox - Odyssey2/Named_Snaps/backgamm.png</image></game>
<game><path>./Split/balao.zip</path><name>balao</name><image>~/../thumbs/Magnavox - Odyssey2/Named_Snaps/balao.png</image></game>
<game><path>./Split/barao.zip</path><name>barao</name><image>~/../thumbs/Magnavox - Odyssey2/Named_Snaps/barao.png</image></game>
<game><path>./Split/baseball.zip</path><name>baseball</name><image>~/../thumbs/Magnavox - Odyssey2/Named_Snaps/baseball.png</image></game>
<game><path>./Split/baseballpl.zip</path><name>baseballpl</name><image>~/../thumbs/Magnavox - Odyssey2/Named_Snaps/baseballpl.png</image></game>
<game><path>./Split/baskgame.zip</path><name>baskgame</name><image>~/../thumbs/Magnavox - Odyssey2/Named_Snaps/baskgame.png</image></game>
<game><path>./Split/bastion.zip</path><name>bastion</name><image>~/../thumbs/Magnavox - Odyssey2/Named_Snaps/bastion.png</image></game>
<game><path>./Split/battlef.zip</path><name>battlef</name><image>~/../thumbs/Magnavox - Odyssey2/Named_Snaps/battlef.png</image></game>
<game><path>./Split/bees.zip</path><name>bees</name><image>~/../thumbs/Magnavox - Odyssey2/Named_Snaps/bees.png</image></game>
<game><path>./Split/beesp.zip</path><name>beesp</name><image>~/../thumbs/Magnavox - Odyssey2/Named_Snaps/beesp.png</image></game>
<game><path>./Split/beespa.zip</path><name>beespa</name><image>~/../thumbs/Magnavox - Odyssey2/Named_Snaps/beespa.png</image></game>
<game><path>./Split/beespl.zip</path><name>beespl</name><image>~/../thumbs/Magnavox - Odyssey2/Named_Snaps/beespl.png</image></game>
<game><path>./Split/beesplu.zip</path><name>beesplu</name><image>~/../thumbs/Magnavox - Odyssey2/Named_Snaps/beesplu.png</image></game>
<game><path>./Split/billamer.zip</path><name>billamer</name><image>~/../thumbs/Magnavox - Odyssey2/Named_Snaps/billamer.png</image></game>
<game><path>./Split/billardpl.zip</path><name>billardpl</name><image>~/../thumbs/Magnavox - Odyssey2/Named_Snaps/billardpl.png</image></game>
<game><path>./Split/billiard.zip</path><name>billiard</name><image>~/../thumbs/Magnavox - Odyssey2/Named_Snaps/billiard.png</image></game>
<game><path>./Split/billiardpl.zip</path><name>billiardpl</name><image>~/../thumbs/Magnavox - Odyssey2/Named_Snaps/billiardpl.png</image></game>
<game><path>./Split/blackjck.zip</path><name>blackjck</name><image>~/../thumbs/Magnavox - Odyssey2/Named_Snaps/blackjck.png</image></game>
<game><path>./Split/blackjckf.zip</path><name>blackjckf</name><image>~/../thumbs/Magnavox - Odyssey2/Named_Snaps/blackjckf.png</image></game>
<game><path>./Split/blobbers.zip</path><name>blobbers</name><image>~/../thumbs/Magnavox - Odyssey2/Named_Snaps/blobbers.png</image></game>
<game><path>./Split/buraco.zip</path><name>buraco</name><image>~/../thumbs/Magnavox - Odyssey2/Named_Snaps/buraco.png</image></game>
<game><path>./Split/calc.zip</path><name>calc</name><image>~/../thumbs/Magnavox - Odyssey2/Named_Snaps/calc.png</image></game>
<game><path>./Split/chat.zip</path><name>chat</name><image>~/../thumbs/Magnavox - Odyssey2/Named_Snaps/chat.png</image></game>
<game><path>./Split/chess.zip</path><name>chess</name><image>~/../thumbs/Magnavox - Odyssey2/Named_Snaps/chess.png</image></game>
<game><path>./Split/chezmxme.zip</path><name>chezmxme</name><image>~/../thumbs/Magnavox - Odyssey2/Named_Snaps/chezmxme.png</image></game>
<game><path>./Split/chifflet.zip</path><name>chifflet</name><image>~/../thumbs/Magnavox - Odyssey2/Named_Snaps/chifflet.png</image></game>
<game><path>./Split/chinese.zip</path><name>chinese</name><image>~/../thumbs/Magnavox - Odyssey2/Named_Snaps/chinese.png</image></game>
<game><path>./Split/claypig.zip</path><name>claypig</name><image>~/../thumbs/Magnavox - Odyssey2/Named_Snaps/claypig.png</image></game>
<game><path>./Split/claypigpl.zip</path><name>claypigpl</name><image>~/../thumbs/Magnavox - Odyssey2/Named_Snaps/claypigpl.png</image></game>
<game><path>./Split/claypigpla.zip</path><name>claypigpla</name><image>~/../thumbs/Magnavox - Odyssey2/Named_Snaps/claypigpla.png</image></game>
<game><path>./Split/cobra.zip</path><name>cobra</name><image>~/../thumbs/Magnavox - Odyssey2/Named_Snaps/cobra.png</image></game>
<game><path>./Split/cobrab.zip</path><name>cobrab</name><image>~/../thumbs/Magnavox - Odyssey2/Named_Snaps/cobrab.png</image></game>
<game><path>./Split/comando.zip</path><name>comando</name><image>~/../thumbs/Magnavox - Odyssey2/Named_Snaps/comando.png</image></game>
<game><path>./Split/compgolf.zip</path><name>compgolf</name><image>~/../thumbs/Magnavox - Odyssey2/Named_Snaps/compgolf.png</image></game>
<game><path>./Split/compintr.zip</path><name>compintr</name><image>~/../thumbs/Magnavox - Odyssey2/Named_Snaps/compintr.png</image></game>
<game><path>./Split/compprog.zip</path><name>compprog</name><image>~/../thumbs/Magnavox - Odyssey2/Named_Snaps/compprog.png</image></game>
<game><path>./Split/conquest.zip</path><name>conquest</name><image>~/../thumbs/Magnavox - Odyssey2/Named_Snaps/conquest.png</image></game>
<game><path>./Split/cosmic.zip</path><name>cosmic</name><image>~/../thumbs/Magnavox - Odyssey2/Named_Snaps/cosmic.png</image></game>
<game><path>./Split/cosmica.zip</path><name>cosmica</name><image>~/../thumbs/Magnavox - Odyssey2/Named_Snaps/cosmica.png</image></game>
<game><path>./Split/cosmicpl.zip</path><name>cosmicpl</name><image>~/../thumbs/Magnavox - Odyssey2/Named_Snaps/cosmicpl.png</image></game>
<game><path>./Split/cosmicu.zip</path><name>cosmicu</name><image>~/../thumbs/Magnavox - Odyssey2/Named_Snaps/cosmicu.png</image></game>
<game><path>./Split/cosmospl.zip</path><name>cosmospl</name><image>~/../thumbs/Magnavox - Odyssey2/Named_Snaps/cosmospl.png</image></game>
<game><path>./Split/crazyc.zip</path><name>crazyc</name><image>~/../thumbs/Magnavox - Odyssey2/Named_Snaps/crazyc.png</image></game>
<game><path>./Split/dambust.zip</path><name>dambust</name><image>~/../thumbs/Magnavox - Odyssey2/Named_Snaps/dambust.png</image></game>
<game><path>./Split/deathrac.zip</path><name>deathrac</name><image>~/../thumbs/Magnavox - Odyssey2/Named_Snaps/deathrac.png</image></game>
<game><path>./Split/deathracp.zip</path><name>deathracp</name><image>~/../thumbs/Magnavox - Odyssey2/Named_Snaps/deathracp.png</image></game>
<game><path>./Split/demon.zip</path><name>demon</name><image>~/../thumbs/Magnavox - Odyssey2/Named_Snaps/demon.png</image></game>
<game><path>./Split/demonpl.zip</path><name>demonpl</name><image>~/../thumbs/Magnavox - Odyssey2/Named_Snaps/demonpl.png</image></game>
<game><path>./Split/desafio.zip</path><name>desafio</name><image>~/../thumbs/Magnavox - Odyssey2/Named_Snaps/desafio.png</image></game>
<game><path>./Split/dynasty.zip</path><name>dynasty</name><image>~/../thumbs/Magnavox - Odyssey2/Named_Snaps/dynasty.png</image></game>
<game><path>./Split/englouti.zip</path><name>englouti</name><image>~/../thumbs/Magnavox - Odyssey2/Named_Snaps/englouti.png</image></game>
<game><path>./Split/exojet.zip</path><name>exojet</name><image>~/../thumbs/Magnavox - Odyssey2/Named_Snaps/exojet.png</image></game>
<game><path>./Split/farao.zip</path><name>farao</name><image>~/../thumbs/Magnavox - Odyssey2/Named_Snaps/farao.png</image></game>
<game><path>./Split/flashp.zip</path><name>flashp</name><image>~/../thumbs/Magnavox - Odyssey2/Named_Snaps/flashp.png</image></game>
<game><path>./Split/flashph.zip</path><name>flashph</name><image>~/../thumbs/Magnavox - Odyssey2/Named_Snaps/flashph.png</image></game>
<game><path>./Split/flipper.zip</path><name>flipper</name><image>~/../thumbs/Magnavox - Odyssey2/Named_Snaps/flipper.png</image></game>
<game><path>./Split/flipperf.zip</path><name>flipperf</name><image>~/../thumbs/Magnavox - Odyssey2/Named_Snaps/flipperf.png</image></game>
<game><path>./Split/flipperpl.zip</path><name>flipperpl</name><image>~/../thumbs/Magnavox - Odyssey2/Named_Snaps/flipperpl.png</image></game>
<game><path>./Split/flipperpla.zip</path><name>flipperpla</name><image>~/../thumbs/Magnavox - Odyssey2/Named_Snaps/flipperpla.png</image></game>
<game><path>./Split/football.zip</path><name>football</name><image>~/../thumbs/Magnavox - Odyssey2/Named_Snaps/football.png</image></game>
<game><path>./Split/freedom.zip</path><name>freedom</name><image>~/../thumbs/Magnavox - Odyssey2/Named_Snaps/freedom.png</image></game>
<game><path>./Split/freedompl.zip</path><name>freedompl</name><image>~/../thumbs/Magnavox - Odyssey2/Named_Snaps/freedompl.png</image></game>
<game><path>./Split/freedomplu.zip</path><name>freedomplu</name><image>~/../thumbs/Magnavox - Odyssey2/Named_Snaps/freedomplu.png</image></game>
<game><path>./Split/frogger.zip</path><name>frogger</name><image>~/../thumbs/Magnavox - Odyssey2/Named_Snaps/frogger.png</image></game>
<game><path>./Split/froggerb.zip</path><name>froggerb</name><image>~/../thumbs/Magnavox - Odyssey2/Named_Snaps/froggerb.png</image></game>
<game><path>./Split/golf.zip</path><name>golf</name><image>~/../thumbs/Magnavox - Odyssey2/Named_Snaps/golf.png</image></game>
<game><path>./Split/gtwallst.zip</path><name>gtwallst</name><image>~/../thumbs/Magnavox - Odyssey2/Named_Snaps/gtwallst.png</image></game>
<game><path>./Split/guerrela.zip</path><name>guerrela</name><image>~/../thumbs/Magnavox - Odyssey2/Named_Snaps/guerrela.png</image></game>
<game><path>./Split/guerresp.zip</path><name>guerresp</name><image>~/../thumbs/Magnavox - Odyssey2/Named_Snaps/guerresp.png</image></game>
<game><path>./Split/gunfight.zip</path><name>gunfight</name><image>~/../thumbs/Magnavox - Odyssey2/Named_Snaps/gunfight.png</image></game>
<game><path>./Split/hawks.zip</path><name>hawks</name><image>~/../thumbs/Magnavox - Odyssey2/Named_Snaps/hawks.png</image></game>
<game><path>./Split/hawksp.zip</path><name>hawksp</name><image>~/../thumbs/Magnavox - Odyssey2/Named_Snaps/hawksp.png</image></game>
<game><path>./Split/helicopt.zip</path><name>helicopt</name><image>~/../thumbs/Magnavox - Odyssey2/Named_Snaps/helicopt.png</image></game>
<game><path>./Split/himalaya.zip</path><name>himalaya</name><image>~/../thumbs/Magnavox - Odyssey2/Named_Snaps/himalaya.png</image></game>
<game><path>./Split/homecomp.zip</path><name>homecomp</name><image>~/../thumbs/Magnavox - Odyssey2/Named_Snaps/homecomp.png</image></game>
<game><path>./Split/infernal.zip</path><name>infernal</name><image>~/../thumbs/Magnavox - Odyssey2/Named_Snaps/infernal.png</image></game>
<game><path>./Split/interpol.zip</path><name>interpol</name><image>~/../thumbs/Magnavox - Odyssey2/Named_Snaps/interpol.png</image></game>
<game><path>./Split/invaders.zip</path><name>invaders</name><image>~/../thumbs/Magnavox - Odyssey2/Named_Snaps/invaders.png</image></game>
<game><path>./Split/kcmunch.zip</path><name>kcmunch</name><image>~/../thumbs/Magnavox - Odyssey2/Named_Snaps/kcmunch.png</image></game>
<game><path>./Split/keyboard.zip</path><name>keyboard</name><image>~/../thumbs/Magnavox - Odyssey2/Named_Snaps/keyboard.png</image></game>
<game><path>./Split/kndrvrkr.zip</path><name>kndrvrkr</name><image>~/../thumbs/Magnavox - Odyssey2/Named_Snaps/kndrvrkr.png</image></game>
<game><path>./Split/ktaa.zip</path><name>ktaa</name><image>~/../thumbs/Magnavox - Odyssey2/Named_Snaps/ktaa.png</image></game>
<game><path>./Split/laquete.zip</path><name>laquete</name><image>~/../thumbs/Magnavox - Odyssey2/Named_Snaps/laquete.png</image></game>
<game><path>./Split/laser.zip</path><name>laser</name><image>~/../thumbs/Magnavox - Odyssey2/Named_Snaps/laser.png</image></game>
<game><path>./Split/lasvegas.zip</path><name>lasvegas</name><image>~/../thumbs/Magnavox - Odyssey2/Named_Snaps/lasvegas.png</image></game>
<game><path>./Split/lasvegasf.zip</path><name>lasvegasf</name><image>~/../thumbs/Magnavox - Odyssey2/Named_Snaps/lasvegasf.png</image></game>
<game><path>./Split/linguaduc.zip</path><name>linguaduc</name><image>~/../thumbs/Magnavox - Odyssey2/Named_Snaps/linguaduc.png</image></game>
<game><path>./Split/loony.zip</path><name>loony</name><image>~/../thumbs/Magnavox - Odyssey2/Named_Snaps/loony.png</image></game>
<game><path>./Split/loonyp.zip</path><name>loonyp</name><image>~/../thumbs/Magnavox - Odyssey2/Named_Snaps/loonyp.png</image></game>
<game><path>./Split/magique.zip</path><name>magique</name><image>~/../thumbs/Magnavox - Odyssey2/Named_Snaps/magique.png</image></game>
<game><path>./Split/martian.zip</path><name>martian</name><image>~/../thumbs/Magnavox - Odyssey2/Named_Snaps/martian.png</image></game>
<game><path>./Split/martiana.zip</path><name>martiana</name><image>~/../thumbs/Magnavox - Odyssey2/Named_Snaps/martiana.png</image></game>
<game><path>./Split/melrep.zip</path><name>melrep</name><image>~/../thumbs/Magnavox - Odyssey2/Named_Snaps/melrep.png</image></game>
<game><path>./Split/moneyrun.zip</path><name>moneyrun</name><image>~/../thumbs/Magnavox - Odyssey2/Named_Snaps/moneyrun.png</image></game>
<game><path>./Split/monkey.zip</path><name>monkey</name><image>~/../thumbs/Magnavox - Odyssey2/Named_Snaps/monkey.png</image></game>
<game><path>./Split/morse.zip</path><name>morse</name><image>~/../thumbs/Magnavox - Odyssey2/Named_Snaps/morse.png</image></game>
<game><path>./Split/morsef.zip</path><name>morsef</name><image>~/../thumbs/Magnavox - Odyssey2/Named_Snaps/morsef.png</image></game>
<game><path>./Split/motocras.zip</path><name>motocras</name><image>~/../thumbs/Magnavox - Odyssey2/Named_Snaps/motocras.png</image></game>
<game><path>./Split/mousing.zip</path><name>mousing</name><image>~/../thumbs/Magnavox - Odyssey2/Named_Snaps/mousing.png</image></game>
<game><path>./Split/mrroboto.zip</path><name>mrroboto</name><image>~/../thumbs/Magnavox - Odyssey2/Named_Snaps/mrroboto.png</image></game>
<game><path>./Split/munchkin.zip</path><name>munchkin</name><image>~/../thumbs/Magnavox - Odyssey2/Named_Snaps/munchkin.png</image></game>
<game><path>./Split/musician.zip</path><name>musician</name><image>~/../thumbs/Magnavox - Odyssey2/Named_Snaps/musician.png</image></game>
<game><path>./Split/neutron.zip</path><name>neutron</name><image>~/../thumbs/Magnavox - Odyssey2/Named_Snaps/neutron.png</image></game>
<game><path>./Split/neutronp.zip</path><name>neutronp</name><image>~/../thumbs/Magnavox - Odyssey2/Named_Snaps/neutronp.png</image></game>
<game><path>./Split/newscast.zip</path><name>newscast</name><image>~/../thumbs/Magnavox - Odyssey2/Named_Snaps/newscast.png</image></game>
<game><path>./Split/night.zip</path><name>night</name><image>~/../thumbs/Magnavox - Odyssey2/Named_Snaps/night.png</image></game>
<game><path>./Split/nightmar.zip</path><name>nightmar</name><image>~/../thumbs/Magnavox - Odyssey2/Named_Snaps/nightmar.png</image></game>
<game><path>./Split/nimble.zip</path><name>nimble</name><image>~/../thumbs/Magnavox - Odyssey2/Named_Snaps/nimble.png</image></game>
<game><path>./Split/norseman.zip</path><name>norseman</name><image>~/../thumbs/Magnavox - Odyssey2/Named_Snaps/norseman.png</image></game>
<game><path>./Split/phantom.zip</path><name>phantom</name><image>~/../thumbs/Magnavox - Odyssey2/Named_Snaps/phantom.png</image></game>
<game><path>./Split/pharaohs.zip</path><name>pharaohs</name><image>~/../thumbs/Magnavox - Odyssey2/Named_Snaps/pharaohs.png</image></game>
<game><path>./Split/pickaxe.zip</path><name>pickaxe</name><image>~/../thumbs/Magnavox - Odyssey2/Named_Snaps/pickaxe.png</image></game>
<game><path>./Split/pickaxepl.zip</path><name>pickaxepl</name><image>~/../thumbs/Magnavox - Odyssey2/Named_Snaps/pickaxepl.png</image></game>
<game><path>./Split/pinball.zip</path><name>pinball</name><image>~/../thumbs/Magnavox - Odyssey2/Named_Snaps/pinball.png</image></game>
<game><path>./Split/plander.zip</path><name>plander</name><image>~/../thumbs/Magnavox - Odyssey2/Named_Snaps/plander.png</image></game>
<game><path>./Split/playtag.zip</path><name>playtag</name><image>~/../thumbs/Magnavox - Odyssey2/Named_Snaps/playtag.png</image></game>
<game><path>./Split/pong.zip</path><name>pong</name><image>~/../thumbs/Magnavox - Odyssey2/Named_Snaps/pong.png</image></game>
<game><path>./Split/popeye.zip</path><name>popeye</name><image>~/../thumbs/Magnavox - Odyssey2/Named_Snaps/popeye.png</image></game>
<game><path>./Split/popeyeb.zip</path><name>popeyeb</name><image>~/../thumbs/Magnavox - Odyssey2/Named_Snaps/popeyeb.png</image></game>
<game><path>./Split/powerlrd.zip</path><name>powerlrd</name><image>~/../thumbs/Magnavox - Odyssey2/Named_Snaps/powerlrd.png</image></game>
<game><path>./Split/powerlrda.zip</path><name>powerlrda</name><image>~/../thumbs/Magnavox - Odyssey2/Named_Snaps/powerlrda.png</image></game>
<game><path>./Split/ppp.zip</path><name>ppp</name><image>~/../thumbs/Magnavox - Odyssey2/Named_Snaps/ppp.png</image></game>
<game><path>./Split/prendre.zip</path><name>prendre</name><image>~/../thumbs/Magnavox - Odyssey2/Named_Snaps/prendre.png</image></game>
<game><path>./Split/psmaths.zip</path><name>psmaths</name><image>~/../thumbs/Magnavox - Odyssey2/Named_Snaps/psmaths.png</image></game>
<game><path>./Split/ptbarnum.zip</path><name>ptbarnum</name><image>~/../thumbs/Magnavox - Odyssey2/Named_Snaps/ptbarnum.png</image></game>
<game><path>./Split/qbert.zip</path><name>qbert</name><image>~/../thumbs/Magnavox - Odyssey2/Named_Snaps/qbert.png</image></game>
<game><path>./Split/quest.zip</path><name>quest</name><image>~/../thumbs/Magnavox - Odyssey2/Named_Snaps/quest.png</image></game>
<game><path>./Split/rally.zip</path><name>rally</name><image>~/../thumbs/Magnavox - Odyssey2/Named_Snaps/rally.png</image></game>
<game><path>./Split/rash.zip</path><name>rash</name><image>~/../thumbs/Magnavox - Odyssey2/Named_Snaps/rash.png</image></game>
<game><path>./Split/robot.zip</path><name>robot</name><image>~/../thumbs/Magnavox - Odyssey2/Named_Snaps/robot.png</image></game>
<game><path>./Split/route66.zip</path><name>route66</name><image>~/../thumbs/Magnavox - Odyssey2/Named_Snaps/route66.png</image></game>
<game><path>./Split/samurai.zip</path><name>samurai</name><image>~/../thumbs/Magnavox - Odyssey2/Named_Snaps/samurai.png</image></game>
<game><path>./Split/satellit.zip</path><name>satellit</name><image>~/../thumbs/Magnavox - Odyssey2/Named_Snaps/satellit.png</image></game>
<game><path>./Split/satellitpl.zip</path><name>satellitpl</name><image>~/../thumbs/Magnavox - Odyssey2/Named_Snaps/satellitpl.png</image></game>
<game><path>./Split/shark.zip</path><name>shark</name><image>~/../thumbs/Magnavox - Odyssey2/Named_Snaps/shark.png</image></game>
<game><path>./Split/sherlock.zip</path><name>sherlock</name><image>~/../thumbs/Magnavox - Odyssey2/Named_Snaps/sherlock.png</image></game>
<game><path>./Split/showdown.zip</path><name>showdown</name><image>~/../thumbs/Magnavox - Odyssey2/Named_Snaps/showdown.png</image></game>
<game><path>./Split/sidspell.zip</path><name>sidspell</name><image>~/../thumbs/Magnavox - Odyssey2/Named_Snaps/sidspell.png</image></game>
<game><path>./Split/ski.zip</path><name>ski</name><image>~/../thumbs/Magnavox - Odyssey2/Named_Snaps/ski.png</image></game>
<game><path>./Split/skif.zip</path><name>skif</name><image>~/../thumbs/Magnavox - Odyssey2/Named_Snaps/skif.png</image></game>
<game><path>./Split/smither.zip</path><name>smither</name><image>~/../thumbs/Magnavox - Odyssey2/Named_Snaps/smither.png</image></game>
<game><path>./Split/soundtool.zip</path><name>soundtool</name><image>~/../thumbs/Magnavox - Odyssey2/Named_Snaps/soundtool.png</image></game>
<game><path>./Split/spaans.zip</path><name>spaans</name><image>~/../thumbs/Magnavox - Odyssey2/Named_Snaps/spaans.png</image></game>
<game><path>./Split/spacemon.zip</path><name>spacemon</name><image>~/../thumbs/Magnavox - Odyssey2/Named_Snaps/spacemon.png</image></game>
<game><path>./Split/spider.zip</path><name>spider</name><image>~/../thumbs/Magnavox - Odyssey2/Named_Snaps/spider.png</image></game>
<game><path>./Split/spidera.zip</path><name>spidera</name><image>~/../thumbs/Magnavox - Odyssey2/Named_Snaps/spidera.png</image></game>
<game><path>./Split/stone.zip</path><name>stone</name><image>~/../thumbs/Magnavox - Odyssey2/Named_Snaps/stone.png</image></game>
<game><path>./Split/stonepl.zip</path><name>stonepl</name><image>~/../thumbs/Magnavox - Odyssey2/Named_Snaps/stonepl.png</image></game>
<game><path>./Split/superbee.zip</path><name>superbee</name><image>~/../thumbs/Magnavox - Odyssey2/Named_Snaps/superbee.png</image></game>
<game><path>./Split/superbeeb.zip</path><name>superbeeb</name><image>~/../thumbs/Magnavox - Odyssey2/Named_Snaps/superbeeb.png</image></game>
<game><path>./Split/syracuse.zip</path><name>syracuse</name><image>~/../thumbs/Magnavox - Odyssey2/Named_Snaps/syracuse.png</image></game>
<game><path>./Split/syracusepl.zip</path><name>syracusepl</name><image>~/../thumbs/Magnavox - Odyssey2/Named_Snaps/syracusepl.png</image></game>
<game><path>./Split/tablefb.zip</path><name>tablefb</name><image>~/../thumbs/Magnavox - Odyssey2/Named_Snaps/tablefb.png</image></game>
<game><path>./Split/terminal.zip</path><name>terminal</name><image>~/../thumbs/Magnavox - Odyssey2/Named_Snaps/terminal.png</image></game>
<game><path>./Split/testcart.zip</path><name>testcart</name><image>~/../thumbs/Magnavox - Odyssey2/Named_Snaps/testcart.png</image></game>
<game><path>./Split/testcartpl.zip</path><name>testcartpl</name><image>~/../thumbs/Magnavox - Odyssey2/Named_Snaps/testcartpl.png</image></game>
<game><path>./Split/timelord.zip</path><name>timelord</name><image>~/../thumbs/Magnavox - Odyssey2/Named_Snaps/timelord.png</image></game>
<game><path>./Split/timelordpl.zip</path><name>timelordpl</name><image>~/../thumbs/Magnavox - Odyssey2/Named_Snaps/timelordpl.png</image></game>
<game><path>./Split/turtles.zip</path><name>turtles</name><image>~/../thumbs/Magnavox - Odyssey2/Named_Snaps/turtles.png</image></game>
<game><path>./Split/turtlesu.zip</path><name>turtlesu</name><image>~/../thumbs/Magnavox - Odyssey2/Named_Snaps/turtlesu.png</image></game>
<game><path>./Split/tutank.zip</path><name>tutank</name><image>~/../thumbs/Magnavox - Odyssey2/Named_Snaps/tutank.png</image></game>
<game><path>./Split/typetell.zip</path><name>typetell</name><image>~/../thumbs/Magnavox - Odyssey2/Named_Snaps/typetell.png</image></game>
<game><path>./Split/ufo.zip</path><name>ufo</name><image>~/../thumbs/Magnavox - Odyssey2/Named_Snaps/ufo.png</image></game>
<game><path>./Split/voice.zip</path><name>voice</name><image>~/../thumbs/Magnavox - Odyssey2/Named_Snaps/voice.png</image></game>
<game><path>./Split/volley.zip</path><name>volley</name><image>~/../thumbs/Magnavox - Odyssey2/Named_Snaps/volley.png</image></game>
<game><path>./Split/volleyf.zip</path><name>volleyf</name><image>~/../thumbs/Magnavox - Odyssey2/Named_Snaps/volleyf.png</image></game>
<game><path>./Split/vrkrspl1.zip</path><name>vrkrspl1</name><image>~/../thumbs/Magnavox - Odyssey2/Named_Snaps/vrkrspl1.png</image></game>
<game><path>./Split/vrkrspl2.zip</path><name>vrkrspl2</name><image>~/../thumbs/Magnavox - Odyssey2/Named_Snaps/vrkrspl2.png</image></game>
<game><path>./Split/wallst.zip</path><name>wallst</name><image>~/../thumbs/Magnavox - Odyssey2/Named_Snaps/wallst.png</image></game>
<folder><path>./Split</path><name>Split</name><image>~/../thumb/odyssey2.png</image></folder>
</gameList>
