<gameList>
<game><path>./Commodore 128 D64//home/runner/rom/TOSEC/Commodore/C128/Games/[D64]/Commodore C128 - Games - [D64].zip</path><name>/home/runner/rom/TOSEC/Commodore/C128/Games/[D64]/Commodore C128 - Games - [D64]</name><image>~/../thumbs/Commodore - 128/Named_Snaps//home/runner/rom/TOSEC/Commodore/C128/Games/[D64]/Commodore C128 - Games - [D64].png</image><titleshot>~/../thumbs/Commodore - 128/Named_Titles//home/runner/rom/TOSEC/Commodore/C128/Games/[D64]/Commodore C128 - Games - [D64].png</titleshot><thumbnail>~/../thumbs/Commodore - 128/Named_Boxarts//home/runner/rom/TOSEC/Commodore/C128/Games/[D64]/Commodore C128 - Games - [D64].png</thumbnail><marquee>~/../thumbs/Commodore - 128/Named_Logos//home/runner/rom/TOSEC/Commodore/C128/Games/[D64]/Commodore C128 - Games - [D64].png</marquee></game>
<folder><path>./Commodore 128 D64</path><name>Commodore 128 D64</name><image>~/../thumb/c128.png</image></folder>
</gameList>
