<gameList>
<game><path>./MSX TurboR//home/runner/rom/TOSEC/MSX/TurboR/Games/MSX TurboR - Games.zip</path><name>/home/runner/rom/TOSEC/MSX/TurboR/Games/MSX TurboR - Games</name><image>~/../thumbs/Microsoft - MSX2/Named_Snaps//home/runner/rom/TOSEC/MSX/TurboR/Games/MSX TurboR - Games.png</image><titleshot>~/../thumbs/Microsoft - MSX2/Named_Titles//home/runner/rom/TOSEC/MSX/TurboR/Games/MSX TurboR - Games.png</titleshot><thumbnail>~/../thumbs/Microsoft - MSX2/Named_Boxarts//home/runner/rom/TOSEC/MSX/TurboR/Games/MSX TurboR - Games.png</thumbnail><marquee>~/../thumbs/Microsoft - MSX2/Named_Logos//home/runner/rom/TOSEC/MSX/TurboR/Games/MSX TurboR - Games.png</marquee></game>
<folder><path>./MSX TurboR</path><name>MSX TurboR</name><image>~/../thumb/msxturbor.png</image></folder>
</gameList>
