<gameList>
<game><path>./Watara Supervision NoIntro/2 in 1 - Block Buster + Cross High (USA, Europe).zip</path><name>2 in 1 - Block Buster + Cross High (USA, Europe)</name><image>~/../thumbs/Watara - Supervision/Named_Snaps/2 in 1 - Block Buster + Cross High (USA, Europe).png</image><titleshot>~/../thumbs/Watara - Supervision/Named_Titles/2 in 1 - Block Buster + Cross High (USA, Europe).png</titleshot><thumbnail>~/../thumbs/Watara - Supervision/Named_Boxarts/2 in 1 - Block Buster + Cross High (USA, Europe).png</thumbnail><marquee>~/../thumbs/Watara - Supervision/Named_Logos/2 in 1 - Block Buster + Cross High (USA, Europe).png</marquee></game>
<game><path>./Watara Supervision NoIntro/2 in 1 - Hash Blocks + Eagle Plan (USA, Europe).zip</path><name>2 in 1 - Hash Blocks + Eagle Plan (USA, Europe)</name><image>~/../thumbs/Watara - Supervision/Named_Snaps/2 in 1 - Hash Blocks + Eagle Plan (USA, Europe).png</image><titleshot>~/../thumbs/Watara - Supervision/Named_Titles/2 in 1 - Hash Blocks + Eagle Plan (USA, Europe).png</titleshot><thumbnail>~/../thumbs/Watara - Supervision/Named_Boxarts/2 in 1 - Hash Blocks + Eagle Plan (USA, Europe).png</thumbnail><marquee>~/../thumbs/Watara - Supervision/Named_Logos/2 in 1 - Hash Blocks + Eagle Plan (USA, Europe).png</marquee></game>
<game><path>./Watara Supervision NoIntro/4 in 1 - Hash Block + Challenger Tank + Brain Power + Jacky Lucky (USA, Europe).zip</path><name>4 in 1 - Hash Block + Challenger Tank + Brain Power + Jacky Lucky (USA, Europe)</name><image>~/../thumbs/Watara - Supervision/Named_Snaps/4 in 1 - Hash Block + Challenger Tank + Brain Power + Jacky Lucky (USA, Europe).png</image><titleshot>~/../thumbs/Watara - Supervision/Named_Titles/4 in 1 - Hash Block + Challenger Tank + Brain Power + Jacky Lucky (USA, Europe).png</titleshot><thumbnail>~/../thumbs/Watara - Supervision/Named_Boxarts/4 in 1 - Hash Block + Challenger Tank + Brain Power + Jacky Lucky (USA, Europe).png</thumbnail><marquee>~/../thumbs/Watara - Supervision/Named_Logos/4 in 1 - Hash Block + Challenger Tank + Brain Power + Jacky Lucky (USA, Europe).png</marquee></game>
<game><path>./Watara Supervision NoIntro/Alien (USA, Europe).zip</path><name>Alien (USA, Europe)</name><image>~/../thumbs/Watara - Supervision/Named_Snaps/Alien (USA, Europe).png</image><titleshot>~/../thumbs/Watara - Supervision/Named_Titles/Alien (USA, Europe).png</titleshot><thumbnail>~/../thumbs/Watara - Supervision/Named_Boxarts/Alien (USA, Europe).png</thumbnail><marquee>~/../thumbs/Watara - Supervision/Named_Logos/Alien (USA, Europe).png</marquee></game>
<game><path>./Watara Supervision NoIntro/Balloon Fight (USA, Europe).zip</path><name>Balloon Fight (USA, Europe)</name><image>~/../thumbs/Watara - Supervision/Named_Snaps/Balloon Fight (USA, Europe).png</image><titleshot>~/../thumbs/Watara - Supervision/Named_Titles/Balloon Fight (USA, Europe).png</titleshot><thumbnail>~/../thumbs/Watara - Supervision/Named_Boxarts/Balloon Fight (USA, Europe).png</thumbnail><marquee>~/../thumbs/Watara - Supervision/Named_Logos/Balloon Fight (USA, Europe).png</marquee></game>
<game><path>./Watara Supervision NoIntro/Block Buster (USA, Europe).zip</path><name>Block Buster (USA, Europe)</name><image>~/../thumbs/Watara - Supervision/Named_Snaps/Block Buster (USA, Europe).png</image><titleshot>~/../thumbs/Watara - Supervision/Named_Titles/Block Buster (USA, Europe).png</titleshot><thumbnail>~/../thumbs/Watara - Supervision/Named_Boxarts/Block Buster (USA, Europe).png</thumbnail><marquee>~/../thumbs/Watara - Supervision/Named_Logos/Block Buster (USA, Europe).png</marquee></game>
<game><path>./Watara Supervision NoIntro/Brain Power (USA, Europe).zip</path><name>Brain Power (USA, Europe)</name><image>~/../thumbs/Watara - Supervision/Named_Snaps/Brain Power (USA, Europe).png</image><titleshot>~/../thumbs/Watara - Supervision/Named_Titles/Brain Power (USA, Europe).png</titleshot><thumbnail>~/../thumbs/Watara - Supervision/Named_Boxarts/Brain Power (USA, Europe).png</thumbnail><marquee>~/../thumbs/Watara - Supervision/Named_Logos/Brain Power (USA, Europe).png</marquee></game>
<game><path>./Watara Supervision NoIntro/Bubble World (USA, Europe).zip</path><name>Bubble World (USA, Europe)</name><image>~/../thumbs/Watara - Supervision/Named_Snaps/Bubble World (USA, Europe).png</image><titleshot>~/../thumbs/Watara - Supervision/Named_Titles/Bubble World (USA, Europe).png</titleshot><thumbnail>~/../thumbs/Watara - Supervision/Named_Boxarts/Bubble World (USA, Europe).png</thumbnail><marquee>~/../thumbs/Watara - Supervision/Named_Logos/Bubble World (USA, Europe).png</marquee></game>
<game><path>./Watara Supervision NoIntro/Carrier (USA, Europe) (Rev 1).zip</path><name>Carrier (USA, Europe) (Rev 1)</name><image>~/../thumbs/Watara - Supervision/Named_Snaps/Carrier (USA, Europe) (Rev 1).png</image><titleshot>~/../thumbs/Watara - Supervision/Named_Titles/Carrier (USA, Europe) (Rev 1).png</titleshot><thumbnail>~/../thumbs/Watara - Supervision/Named_Boxarts/Carrier (USA, Europe) (Rev 1).png</thumbnail><marquee>~/../thumbs/Watara - Supervision/Named_Logos/Carrier (USA, Europe) (Rev 1).png</marquee></game>
<game><path>./Watara Supervision NoIntro/Cave Wonders (USA, Europe).zip</path><name>Cave Wonders (USA, Europe)</name><image>~/../thumbs/Watara - Supervision/Named_Snaps/Cave Wonders (USA, Europe).png</image><titleshot>~/../thumbs/Watara - Supervision/Named_Titles/Cave Wonders (USA, Europe).png</titleshot><thumbnail>~/../thumbs/Watara - Supervision/Named_Boxarts/Cave Wonders (USA, Europe).png</thumbnail><marquee>~/../thumbs/Watara - Supervision/Named_Logos/Cave Wonders (USA, Europe).png</marquee></game>
<game><path>./Watara Supervision NoIntro/Challenger Tank (USA, Europe).zip</path><name>Challenger Tank (USA, Europe)</name><image>~/../thumbs/Watara - Supervision/Named_Snaps/Challenger Tank (USA, Europe).png</image><titleshot>~/../thumbs/Watara - Supervision/Named_Titles/Challenger Tank (USA, Europe).png</titleshot><thumbnail>~/../thumbs/Watara - Supervision/Named_Boxarts/Challenger Tank (USA, Europe).png</thumbnail><marquee>~/../thumbs/Watara - Supervision/Named_Logos/Challenger Tank (USA, Europe).png</marquee></game>
<game><path>./Watara Supervision NoIntro/Chimera (USA, Europe).zip</path><name>Chimera (USA, Europe)</name><image>~/../thumbs/Watara - Supervision/Named_Snaps/Chimera (USA, Europe).png</image><titleshot>~/../thumbs/Watara - Supervision/Named_Titles/Chimera (USA, Europe).png</titleshot><thumbnail>~/../thumbs/Watara - Supervision/Named_Boxarts/Chimera (USA, Europe).png</thumbnail><marquee>~/../thumbs/Watara - Supervision/Named_Logos/Chimera (USA, Europe).png</marquee></game>
<game><path>./Watara Supervision NoIntro/Chinese Checkers (USA, Europe).zip</path><name>Chinese Checkers (USA, Europe)</name><image>~/../thumbs/Watara - Supervision/Named_Snaps/Chinese Checkers (USA, Europe).png</image><titleshot>~/../thumbs/Watara - Supervision/Named_Titles/Chinese Checkers (USA, Europe).png</titleshot><thumbnail>~/../thumbs/Watara - Supervision/Named_Boxarts/Chinese Checkers (USA, Europe).png</thumbnail><marquee>~/../thumbs/Watara - Supervision/Named_Logos/Chinese Checkers (USA, Europe).png</marquee></game>
<game><path>./Watara Supervision NoIntro/Classic Casino (USA, Europe).zip</path><name>Classic Casino (USA, Europe)</name><image>~/../thumbs/Watara - Supervision/Named_Snaps/Classic Casino (USA, Europe).png</image><titleshot>~/../thumbs/Watara - Supervision/Named_Titles/Classic Casino (USA, Europe).png</titleshot><thumbnail>~/../thumbs/Watara - Supervision/Named_Boxarts/Classic Casino (USA, Europe).png</thumbnail><marquee>~/../thumbs/Watara - Supervision/Named_Logos/Classic Casino (USA, Europe).png</marquee></game>
<game><path>./Watara Supervision NoIntro/Climber (USA, Europe).zip</path><name>Climber (USA, Europe)</name><image>~/../thumbs/Watara - Supervision/Named_Snaps/Climber (USA, Europe).png</image><titleshot>~/../thumbs/Watara - Supervision/Named_Titles/Climber (USA, Europe).png</titleshot><thumbnail>~/../thumbs/Watara - Supervision/Named_Boxarts/Climber (USA, Europe).png</thumbnail><marquee>~/../thumbs/Watara - Supervision/Named_Logos/Climber (USA, Europe).png</marquee></game>
<game><path>./Watara Supervision NoIntro/Cross High (USA, Europe) (Rev 1).zip</path><name>Cross High (USA, Europe) (Rev 1)</name><image>~/../thumbs/Watara - Supervision/Named_Snaps/Cross High (USA, Europe) (Rev 1).png</image><titleshot>~/../thumbs/Watara - Supervision/Named_Titles/Cross High (USA, Europe) (Rev 1).png</titleshot><thumbnail>~/../thumbs/Watara - Supervision/Named_Boxarts/Cross High (USA, Europe) (Rev 1).png</thumbnail><marquee>~/../thumbs/Watara - Supervision/Named_Logos/Cross High (USA, Europe) (Rev 1).png</marquee></game>
<game><path>./Watara Supervision NoIntro/Crystball (USA, Europe) (Rev 1).zip</path><name>Crystball (USA, Europe) (Rev 1)</name><image>~/../thumbs/Watara - Supervision/Named_Snaps/Crystball (USA, Europe) (Rev 1).png</image><titleshot>~/../thumbs/Watara - Supervision/Named_Titles/Crystball (USA, Europe) (Rev 1).png</titleshot><thumbnail>~/../thumbs/Watara - Supervision/Named_Boxarts/Crystball (USA, Europe) (Rev 1).png</thumbnail><marquee>~/../thumbs/Watara - Supervision/Named_Logos/Crystball (USA, Europe) (Rev 1).png</marquee></game>
<game><path>./Watara Supervision NoIntro/Crystball (USA, Europe).zip</path><name>Crystball (USA, Europe)</name><image>~/../thumbs/Watara - Supervision/Named_Snaps/Crystball (USA, Europe).png</image><titleshot>~/../thumbs/Watara - Supervision/Named_Titles/Crystball (USA, Europe).png</titleshot><thumbnail>~/../thumbs/Watara - Supervision/Named_Boxarts/Crystball (USA, Europe).png</thumbnail><marquee>~/../thumbs/Watara - Supervision/Named_Logos/Crystball (USA, Europe).png</marquee></game>
<game><path>./Watara Supervision NoIntro/Dancing Block (USA, Europe).zip</path><name>Dancing Block (USA, Europe)</name><image>~/../thumbs/Watara - Supervision/Named_Snaps/Dancing Block (USA, Europe).png</image><titleshot>~/../thumbs/Watara - Supervision/Named_Titles/Dancing Block (USA, Europe).png</titleshot><thumbnail>~/../thumbs/Watara - Supervision/Named_Boxarts/Dancing Block (USA, Europe).png</thumbnail><marquee>~/../thumbs/Watara - Supervision/Named_Logos/Dancing Block (USA, Europe).png</marquee></game>
<game><path>./Watara Supervision NoIntro/Delta Hero (USA, Europe).zip</path><name>Delta Hero (USA, Europe)</name><image>~/../thumbs/Watara - Supervision/Named_Snaps/Delta Hero (USA, Europe).png</image><titleshot>~/../thumbs/Watara - Supervision/Named_Titles/Delta Hero (USA, Europe).png</titleshot><thumbnail>~/../thumbs/Watara - Supervision/Named_Boxarts/Delta Hero (USA, Europe).png</thumbnail><marquee>~/../thumbs/Watara - Supervision/Named_Logos/Delta Hero (USA, Europe).png</marquee></game>
<game><path>./Watara Supervision NoIntro/Dream World (USA, Europe).zip</path><name>Dream World (USA, Europe)</name><image>~/../thumbs/Watara - Supervision/Named_Snaps/Dream World (USA, Europe).png</image><titleshot>~/../thumbs/Watara - Supervision/Named_Titles/Dream World (USA, Europe).png</titleshot><thumbnail>~/../thumbs/Watara - Supervision/Named_Boxarts/Dream World (USA, Europe).png</thumbnail><marquee>~/../thumbs/Watara - Supervision/Named_Logos/Dream World (USA, Europe).png</marquee></game>
<game><path>./Watara Supervision NoIntro/Eagle Plan (USA, Europe).zip</path><name>Eagle Plan (USA, Europe)</name><image>~/../thumbs/Watara - Supervision/Named_Snaps/Eagle Plan (USA, Europe).png</image><titleshot>~/../thumbs/Watara - Supervision/Named_Titles/Eagle Plan (USA, Europe).png</titleshot><thumbnail>~/../thumbs/Watara - Supervision/Named_Boxarts/Eagle Plan (USA, Europe).png</thumbnail><marquee>~/../thumbs/Watara - Supervision/Named_Logos/Eagle Plan (USA, Europe).png</marquee></game>
<game><path>./Watara Supervision NoIntro/Earth Defender (USA, Europe).zip</path><name>Earth Defender (USA, Europe)</name><image>~/../thumbs/Watara - Supervision/Named_Snaps/Earth Defender (USA, Europe).png</image><titleshot>~/../thumbs/Watara - Supervision/Named_Titles/Earth Defender (USA, Europe).png</titleshot><thumbnail>~/../thumbs/Watara - Supervision/Named_Boxarts/Earth Defender (USA, Europe).png</thumbnail><marquee>~/../thumbs/Watara - Supervision/Named_Logos/Earth Defender (USA, Europe).png</marquee></game>
<game><path>./Watara Supervision NoIntro/Fatal Craft (USA, Europe).zip</path><name>Fatal Craft (USA, Europe)</name><image>~/../thumbs/Watara - Supervision/Named_Snaps/Fatal Craft (USA, Europe).png</image><titleshot>~/../thumbs/Watara - Supervision/Named_Titles/Fatal Craft (USA, Europe).png</titleshot><thumbnail>~/../thumbs/Watara - Supervision/Named_Boxarts/Fatal Craft (USA, Europe).png</thumbnail><marquee>~/../thumbs/Watara - Supervision/Named_Logos/Fatal Craft (USA, Europe).png</marquee></game>
<game><path>./Watara Supervision NoIntro/Final Combat (USA, Europe).zip</path><name>Final Combat (USA, Europe)</name><image>~/../thumbs/Watara - Supervision/Named_Snaps/Final Combat (USA, Europe).png</image><titleshot>~/../thumbs/Watara - Supervision/Named_Titles/Final Combat (USA, Europe).png</titleshot><thumbnail>~/../thumbs/Watara - Supervision/Named_Boxarts/Final Combat (USA, Europe).png</thumbnail><marquee>~/../thumbs/Watara - Supervision/Named_Logos/Final Combat (USA, Europe).png</marquee></game>
<game><path>./Watara Supervision NoIntro/Galactic Crusader (USA, Europe).zip</path><name>Galactic Crusader (USA, Europe)</name><image>~/../thumbs/Watara - Supervision/Named_Snaps/Galactic Crusader (USA, Europe).png</image><titleshot>~/../thumbs/Watara - Supervision/Named_Titles/Galactic Crusader (USA, Europe).png</titleshot><thumbnail>~/../thumbs/Watara - Supervision/Named_Boxarts/Galactic Crusader (USA, Europe).png</thumbnail><marquee>~/../thumbs/Watara - Supervision/Named_Logos/Galactic Crusader (USA, Europe).png</marquee></game>
<game><path>./Watara Supervision NoIntro/Galaxy Fighter (USA, Europe).zip</path><name>Galaxy Fighter (USA, Europe)</name><image>~/../thumbs/Watara - Supervision/Named_Snaps/Galaxy Fighter (USA, Europe).png</image><titleshot>~/../thumbs/Watara - Supervision/Named_Titles/Galaxy Fighter (USA, Europe).png</titleshot><thumbnail>~/../thumbs/Watara - Supervision/Named_Boxarts/Galaxy Fighter (USA, Europe).png</thumbnail><marquee>~/../thumbs/Watara - Supervision/Named_Logos/Galaxy Fighter (USA, Europe).png</marquee></game>
<game><path>./Watara Supervision NoIntro/Grand Prix (USA, Europe).zip</path><name>Grand Prix (USA, Europe)</name><image>~/../thumbs/Watara - Supervision/Named_Snaps/Grand Prix (USA, Europe).png</image><titleshot>~/../thumbs/Watara - Supervision/Named_Titles/Grand Prix (USA, Europe).png</titleshot><thumbnail>~/../thumbs/Watara - Supervision/Named_Boxarts/Grand Prix (USA, Europe).png</thumbnail><marquee>~/../thumbs/Watara - Supervision/Named_Logos/Grand Prix (USA, Europe).png</marquee></game>
<game><path>./Watara Supervision NoIntro/Happy Pairs (USA, Europe).zip</path><name>Happy Pairs (USA, Europe)</name><image>~/../thumbs/Watara - Supervision/Named_Snaps/Happy Pairs (USA, Europe).png</image><titleshot>~/../thumbs/Watara - Supervision/Named_Titles/Happy Pairs (USA, Europe).png</titleshot><thumbnail>~/../thumbs/Watara - Supervision/Named_Boxarts/Happy Pairs (USA, Europe).png</thumbnail><marquee>~/../thumbs/Watara - Supervision/Named_Logos/Happy Pairs (USA, Europe).png</marquee></game>
<game><path>./Watara Supervision NoIntro/Happy Race (USA, Europe).zip</path><name>Happy Race (USA, Europe)</name><image>~/../thumbs/Watara - Supervision/Named_Snaps/Happy Race (USA, Europe).png</image><titleshot>~/../thumbs/Watara - Supervision/Named_Titles/Happy Race (USA, Europe).png</titleshot><thumbnail>~/../thumbs/Watara - Supervision/Named_Boxarts/Happy Race (USA, Europe).png</thumbnail><marquee>~/../thumbs/Watara - Supervision/Named_Logos/Happy Race (USA, Europe).png</marquee></game>
<game><path>./Watara Supervision NoIntro/Hash Blocks (USA, Europe) (Rev 1).zip</path><name>Hash Blocks (USA, Europe) (Rev 1)</name><image>~/../thumbs/Watara - Supervision/Named_Snaps/Hash Blocks (USA, Europe) (Rev 1).png</image><titleshot>~/../thumbs/Watara - Supervision/Named_Titles/Hash Blocks (USA, Europe) (Rev 1).png</titleshot><thumbnail>~/../thumbs/Watara - Supervision/Named_Boxarts/Hash Blocks (USA, Europe) (Rev 1).png</thumbnail><marquee>~/../thumbs/Watara - Supervision/Named_Logos/Hash Blocks (USA, Europe) (Rev 1).png</marquee></game>
<game><path>./Watara Supervision NoIntro/Hero Hawk (USA, Europe).zip</path><name>Hero Hawk (USA, Europe)</name><image>~/../thumbs/Watara - Supervision/Named_Snaps/Hero Hawk (USA, Europe).png</image><titleshot>~/../thumbs/Watara - Supervision/Named_Titles/Hero Hawk (USA, Europe).png</titleshot><thumbnail>~/../thumbs/Watara - Supervision/Named_Boxarts/Hero Hawk (USA, Europe).png</thumbnail><marquee>~/../thumbs/Watara - Supervision/Named_Logos/Hero Hawk (USA, Europe).png</marquee></game>
<game><path>./Watara Supervision NoIntro/Hero Kid (USA, Europe).zip</path><name>Hero Kid (USA, Europe)</name><image>~/../thumbs/Watara - Supervision/Named_Snaps/Hero Kid (USA, Europe).png</image><titleshot>~/../thumbs/Watara - Supervision/Named_Titles/Hero Kid (USA, Europe).png</titleshot><thumbnail>~/../thumbs/Watara - Supervision/Named_Boxarts/Hero Kid (USA, Europe).png</thumbnail><marquee>~/../thumbs/Watara - Supervision/Named_Logos/Hero Kid (USA, Europe).png</marquee></game>
<game><path>./Watara Supervision NoIntro/Honey Bee (USA, Europe).zip</path><name>Honey Bee (USA, Europe)</name><image>~/../thumbs/Watara - Supervision/Named_Snaps/Honey Bee (USA, Europe).png</image><titleshot>~/../thumbs/Watara - Supervision/Named_Titles/Honey Bee (USA, Europe).png</titleshot><thumbnail>~/../thumbs/Watara - Supervision/Named_Boxarts/Honey Bee (USA, Europe).png</thumbnail><marquee>~/../thumbs/Watara - Supervision/Named_Logos/Honey Bee (USA, Europe).png</marquee></game>
<game><path>./Watara Supervision NoIntro/Jacky Lucky (USA, Europe).zip</path><name>Jacky Lucky (USA, Europe)</name><image>~/../thumbs/Watara - Supervision/Named_Snaps/Jacky Lucky (USA, Europe).png</image><titleshot>~/../thumbs/Watara - Supervision/Named_Titles/Jacky Lucky (USA, Europe).png</titleshot><thumbnail>~/../thumbs/Watara - Supervision/Named_Boxarts/Jacky Lucky (USA, Europe).png</thumbnail><marquee>~/../thumbs/Watara - Supervision/Named_Logos/Jacky Lucky (USA, Europe).png</marquee></game>
<game><path>./Watara Supervision NoIntro/Jaguar Bomber (USA, Europe).zip</path><name>Jaguar Bomber (USA, Europe)</name><image>~/../thumbs/Watara - Supervision/Named_Snaps/Jaguar Bomber (USA, Europe).png</image><titleshot>~/../thumbs/Watara - Supervision/Named_Titles/Jaguar Bomber (USA, Europe).png</titleshot><thumbnail>~/../thumbs/Watara - Supervision/Named_Boxarts/Jaguar Bomber (USA, Europe).png</thumbnail><marquee>~/../thumbs/Watara - Supervision/Named_Logos/Jaguar Bomber (USA, Europe).png</marquee></game>
<game><path>./Watara Supervision NoIntro/John Adventure (USA, Europe).zip</path><name>John Adventure (USA, Europe)</name><image>~/../thumbs/Watara - Supervision/Named_Snaps/John Adventure (USA, Europe).png</image><titleshot>~/../thumbs/Watara - Supervision/Named_Titles/John Adventure (USA, Europe).png</titleshot><thumbnail>~/../thumbs/Watara - Supervision/Named_Boxarts/John Adventure (USA, Europe).png</thumbnail><marquee>~/../thumbs/Watara - Supervision/Named_Logos/John Adventure (USA, Europe).png</marquee></game>
<game><path>./Watara Supervision NoIntro/Journey to the West (USA).zip</path><name>Journey to the West (USA)</name><image>~/../thumbs/Watara - Supervision/Named_Snaps/Journey to the West (USA).png</image><titleshot>~/../thumbs/Watara - Supervision/Named_Titles/Journey to the West (USA).png</titleshot><thumbnail>~/../thumbs/Watara - Supervision/Named_Boxarts/Journey to the West (USA).png</thumbnail><marquee>~/../thumbs/Watara - Supervision/Named_Logos/Journey to the West (USA).png</marquee></game>
<game><path>./Watara Supervision NoIntro/Juggler (USA, Europe).zip</path><name>Juggler (USA, Europe)</name><image>~/../thumbs/Watara - Supervision/Named_Snaps/Juggler (USA, Europe).png</image><titleshot>~/../thumbs/Watara - Supervision/Named_Titles/Juggler (USA, Europe).png</titleshot><thumbnail>~/../thumbs/Watara - Supervision/Named_Boxarts/Juggler (USA, Europe).png</thumbnail><marquee>~/../thumbs/Watara - Supervision/Named_Logos/Juggler (USA, Europe).png</marquee></game>
<game><path>./Watara Supervision NoIntro/Kabi Island - Gold in Island (USA, Europe).zip</path><name>Kabi Island - Gold in Island (USA, Europe)</name><image>~/../thumbs/Watara - Supervision/Named_Snaps/Kabi Island - Gold in Island (USA, Europe).png</image><titleshot>~/../thumbs/Watara - Supervision/Named_Titles/Kabi Island - Gold in Island (USA, Europe).png</titleshot><thumbnail>~/../thumbs/Watara - Supervision/Named_Boxarts/Kabi Island - Gold in Island (USA, Europe).png</thumbnail><marquee>~/../thumbs/Watara - Supervision/Named_Logos/Kabi Island - Gold in Island (USA, Europe).png</marquee></game>
<game><path>./Watara Supervision NoIntro/Kitchen War (USA, Europe).zip</path><name>Kitchen War (USA, Europe)</name><image>~/../thumbs/Watara - Supervision/Named_Snaps/Kitchen War (USA, Europe).png</image><titleshot>~/../thumbs/Watara - Supervision/Named_Titles/Kitchen War (USA, Europe).png</titleshot><thumbnail>~/../thumbs/Watara - Supervision/Named_Boxarts/Kitchen War (USA, Europe).png</thumbnail><marquee>~/../thumbs/Watara - Supervision/Named_Logos/Kitchen War (USA, Europe).png</marquee></game>
<game><path>./Watara Supervision NoIntro/Kung-Fu Street (USA, Europe).zip</path><name>Kung-Fu Street (USA, Europe)</name><image>~/../thumbs/Watara - Supervision/Named_Snaps/Kung-Fu Street (USA, Europe).png</image><titleshot>~/../thumbs/Watara - Supervision/Named_Titles/Kung-Fu Street (USA, Europe).png</titleshot><thumbnail>~/../thumbs/Watara - Supervision/Named_Boxarts/Kung-Fu Street (USA, Europe).png</thumbnail><marquee>~/../thumbs/Watara - Supervision/Named_Logos/Kung-Fu Street (USA, Europe).png</marquee></game>
<game><path>./Watara Supervision NoIntro/Linear Racing (USA, Europe).zip</path><name>Linear Racing (USA, Europe)</name><image>~/../thumbs/Watara - Supervision/Named_Snaps/Linear Racing (USA, Europe).png</image><titleshot>~/../thumbs/Watara - Supervision/Named_Titles/Linear Racing (USA, Europe).png</titleshot><thumbnail>~/../thumbs/Watara - Supervision/Named_Boxarts/Linear Racing (USA, Europe).png</thumbnail><marquee>~/../thumbs/Watara - Supervision/Named_Logos/Linear Racing (USA, Europe).png</marquee></game>
<game><path>./Watara Supervision NoIntro/Magincross (USA, Europe).zip</path><name>Magincross (USA, Europe)</name><image>~/../thumbs/Watara - Supervision/Named_Snaps/Magincross (USA, Europe).png</image><titleshot>~/../thumbs/Watara - Supervision/Named_Titles/Magincross (USA, Europe).png</titleshot><thumbnail>~/../thumbs/Watara - Supervision/Named_Boxarts/Magincross (USA, Europe).png</thumbnail><marquee>~/../thumbs/Watara - Supervision/Named_Logos/Magincross (USA, Europe).png</marquee></game>
<game><path>./Watara Supervision NoIntro/Majong (USA, Europe).zip</path><name>Majong (USA, Europe)</name><image>~/../thumbs/Watara - Supervision/Named_Snaps/Majong (USA, Europe).png</image><titleshot>~/../thumbs/Watara - Supervision/Named_Titles/Majong (USA, Europe).png</titleshot><thumbnail>~/../thumbs/Watara - Supervision/Named_Boxarts/Majong (USA, Europe).png</thumbnail><marquee>~/../thumbs/Watara - Supervision/Named_Logos/Majong (USA, Europe).png</marquee></game>
<game><path>./Watara Supervision NoIntro/Matta Blatta (USA, Europe).zip</path><name>Matta Blatta (USA, Europe)</name><image>~/../thumbs/Watara - Supervision/Named_Snaps/Matta Blatta (USA, Europe).png</image><titleshot>~/../thumbs/Watara - Supervision/Named_Titles/Matta Blatta (USA, Europe).png</titleshot><thumbnail>~/../thumbs/Watara - Supervision/Named_Boxarts/Matta Blatta (USA, Europe).png</thumbnail><marquee>~/../thumbs/Watara - Supervision/Named_Logos/Matta Blatta (USA, Europe).png</marquee></game>
<game><path>./Watara Supervision NoIntro/Olympic Trials (USA, Europe).zip</path><name>Olympic Trials (USA, Europe)</name><image>~/../thumbs/Watara - Supervision/Named_Snaps/Olympic Trials (USA, Europe).png</image><titleshot>~/../thumbs/Watara - Supervision/Named_Titles/Olympic Trials (USA, Europe).png</titleshot><thumbnail>~/../thumbs/Watara - Supervision/Named_Boxarts/Olympic Trials (USA, Europe).png</thumbnail><marquee>~/../thumbs/Watara - Supervision/Named_Logos/Olympic Trials (USA, Europe).png</marquee></game>
<game><path>./Watara Supervision NoIntro/P-52 Sea Battle (USA, Europe).zip</path><name>P-52 Sea Battle (USA, Europe)</name><image>~/../thumbs/Watara - Supervision/Named_Snaps/P-52 Sea Battle (USA, Europe).png</image><titleshot>~/../thumbs/Watara - Supervision/Named_Titles/P-52 Sea Battle (USA, Europe).png</titleshot><thumbnail>~/../thumbs/Watara - Supervision/Named_Boxarts/P-52 Sea Battle (USA, Europe).png</thumbnail><marquee>~/../thumbs/Watara - Supervision/Named_Logos/P-52 Sea Battle (USA, Europe).png</marquee></game>
<game><path>./Watara Supervision NoIntro/PacBoy & Mouse (USA, Europe).zip</path><name>PacBoy & Mouse (USA, Europe)</name><image>~/../thumbs/Watara - Supervision/Named_Snaps/PacBoy & Mouse (USA, Europe).png</image><titleshot>~/../thumbs/Watara - Supervision/Named_Titles/PacBoy & Mouse (USA, Europe).png</titleshot><thumbnail>~/../thumbs/Watara - Supervision/Named_Boxarts/PacBoy & Mouse (USA, Europe).png</thumbnail><marquee>~/../thumbs/Watara - Supervision/Named_Logos/PacBoy & Mouse (USA, Europe).png</marquee></game>
<game><path>./Watara Supervision NoIntro/Pacific Battle (USA, Europe).zip</path><name>Pacific Battle (USA, Europe)</name><image>~/../thumbs/Watara - Supervision/Named_Snaps/Pacific Battle (USA, Europe).png</image><titleshot>~/../thumbs/Watara - Supervision/Named_Titles/Pacific Battle (USA, Europe).png</titleshot><thumbnail>~/../thumbs/Watara - Supervision/Named_Boxarts/Pacific Battle (USA, Europe).png</thumbnail><marquee>~/../thumbs/Watara - Supervision/Named_Logos/Pacific Battle (USA, Europe).png</marquee></game>
<game><path>./Watara Supervision NoIntro/Penguin Hideout (USA, Europe).zip</path><name>Penguin Hideout (USA, Europe)</name><image>~/../thumbs/Watara - Supervision/Named_Snaps/Penguin Hideout (USA, Europe).png</image><titleshot>~/../thumbs/Watara - Supervision/Named_Titles/Penguin Hideout (USA, Europe).png</titleshot><thumbnail>~/../thumbs/Watara - Supervision/Named_Boxarts/Penguin Hideout (USA, Europe).png</thumbnail><marquee>~/../thumbs/Watara - Supervision/Named_Logos/Penguin Hideout (USA, Europe).png</marquee></game>
<game><path>./Watara Supervision NoIntro/Police Bust (USA, Europe).zip</path><name>Police Bust (USA, Europe)</name><image>~/../thumbs/Watara - Supervision/Named_Snaps/Police Bust (USA, Europe).png</image><titleshot>~/../thumbs/Watara - Supervision/Named_Titles/Police Bust (USA, Europe).png</titleshot><thumbnail>~/../thumbs/Watara - Supervision/Named_Boxarts/Police Bust (USA, Europe).png</thumbnail><marquee>~/../thumbs/Watara - Supervision/Named_Logos/Police Bust (USA, Europe).png</marquee></game>
<game><path>./Watara Supervision NoIntro/Popo Team (USA, Europe).zip</path><name>Popo Team (USA, Europe)</name><image>~/../thumbs/Watara - Supervision/Named_Snaps/Popo Team (USA, Europe).png</image><titleshot>~/../thumbs/Watara - Supervision/Named_Titles/Popo Team (USA, Europe).png</titleshot><thumbnail>~/../thumbs/Watara - Supervision/Named_Boxarts/Popo Team (USA, Europe).png</thumbnail><marquee>~/../thumbs/Watara - Supervision/Named_Logos/Popo Team (USA, Europe).png</marquee></game>
<game><path>./Watara Supervision NoIntro/Pyramid (USA, Europe).zip</path><name>Pyramid (USA, Europe)</name><image>~/../thumbs/Watara - Supervision/Named_Snaps/Pyramid (USA, Europe).png</image><titleshot>~/../thumbs/Watara - Supervision/Named_Titles/Pyramid (USA, Europe).png</titleshot><thumbnail>~/../thumbs/Watara - Supervision/Named_Boxarts/Pyramid (USA, Europe).png</thumbnail><marquee>~/../thumbs/Watara - Supervision/Named_Logos/Pyramid (USA, Europe).png</marquee></game>
<game><path>./Watara Supervision NoIntro/Recycle Design (USA, Europe).zip</path><name>Recycle Design (USA, Europe)</name><image>~/../thumbs/Watara - Supervision/Named_Snaps/Recycle Design (USA, Europe).png</image><titleshot>~/../thumbs/Watara - Supervision/Named_Titles/Recycle Design (USA, Europe).png</titleshot><thumbnail>~/../thumbs/Watara - Supervision/Named_Boxarts/Recycle Design (USA, Europe).png</thumbnail><marquee>~/../thumbs/Watara - Supervision/Named_Logos/Recycle Design (USA, Europe).png</marquee></game>
<game><path>./Watara Supervision NoIntro/SSSnake (USA, Europe).zip</path><name>SSSnake (USA, Europe)</name><image>~/../thumbs/Watara - Supervision/Named_Snaps/SSSnake (USA, Europe).png</image><titleshot>~/../thumbs/Watara - Supervision/Named_Titles/SSSnake (USA, Europe).png</titleshot><thumbnail>~/../thumbs/Watara - Supervision/Named_Boxarts/SSSnake (USA, Europe).png</thumbnail><marquee>~/../thumbs/Watara - Supervision/Named_Logos/SSSnake (USA, Europe).png</marquee></game>
<game><path>./Watara Supervision NoIntro/Scaffolder (USA, Europe).zip</path><name>Scaffolder (USA, Europe)</name><image>~/../thumbs/Watara - Supervision/Named_Snaps/Scaffolder (USA, Europe).png</image><titleshot>~/../thumbs/Watara - Supervision/Named_Titles/Scaffolder (USA, Europe).png</titleshot><thumbnail>~/../thumbs/Watara - Supervision/Named_Boxarts/Scaffolder (USA, Europe).png</thumbnail><marquee>~/../thumbs/Watara - Supervision/Named_Logos/Scaffolder (USA, Europe).png</marquee></game>
<game><path>./Watara Supervision NoIntro/Soccer Champion (USA, Europe).zip</path><name>Soccer Champion (USA, Europe)</name><image>~/../thumbs/Watara - Supervision/Named_Snaps/Soccer Champion (USA, Europe).png</image><titleshot>~/../thumbs/Watara - Supervision/Named_Titles/Soccer Champion (USA, Europe).png</titleshot><thumbnail>~/../thumbs/Watara - Supervision/Named_Boxarts/Soccer Champion (USA, Europe).png</thumbnail><marquee>~/../thumbs/Watara - Supervision/Named_Logos/Soccer Champion (USA, Europe).png</marquee></game>
<game><path>./Watara Supervision NoIntro/Sonny X'Press (USA, Europe) (Beta).zip</path><name>Sonny X'Press (USA, Europe) (Beta)</name><image>~/../thumbs/Watara - Supervision/Named_Snaps/Sonny X'Press (USA, Europe) (Beta).png</image><titleshot>~/../thumbs/Watara - Supervision/Named_Titles/Sonny X'Press (USA, Europe) (Beta).png</titleshot><thumbnail>~/../thumbs/Watara - Supervision/Named_Boxarts/Sonny X'Press (USA, Europe) (Beta).png</thumbnail><marquee>~/../thumbs/Watara - Supervision/Named_Logos/Sonny X'Press (USA, Europe) (Beta).png</marquee><hidden>true</hidden></game>
<game><path>./Watara Supervision NoIntro/Sonny X'Press (USA, Europe).zip</path><name>Sonny X'Press (USA, Europe)</name><image>~/../thumbs/Watara - Supervision/Named_Snaps/Sonny X'Press (USA, Europe).png</image><titleshot>~/../thumbs/Watara - Supervision/Named_Titles/Sonny X'Press (USA, Europe).png</titleshot><thumbnail>~/../thumbs/Watara - Supervision/Named_Boxarts/Sonny X'Press (USA, Europe).png</thumbnail><marquee>~/../thumbs/Watara - Supervision/Named_Logos/Sonny X'Press (USA, Europe).png</marquee></game>
<game><path>./Watara Supervision NoIntro/Space Fighter (USA, Europe).zip</path><name>Space Fighter (USA, Europe)</name><image>~/../thumbs/Watara - Supervision/Named_Snaps/Space Fighter (USA, Europe).png</image><titleshot>~/../thumbs/Watara - Supervision/Named_Titles/Space Fighter (USA, Europe).png</titleshot><thumbnail>~/../thumbs/Watara - Supervision/Named_Boxarts/Space Fighter (USA, Europe).png</thumbnail><marquee>~/../thumbs/Watara - Supervision/Named_Logos/Space Fighter (USA, Europe).png</marquee></game>
<game><path>./Watara Supervision NoIntro/Super Block (USA, Europe).zip</path><name>Super Block (USA, Europe)</name><image>~/../thumbs/Watara - Supervision/Named_Snaps/Super Block (USA, Europe).png</image><titleshot>~/../thumbs/Watara - Supervision/Named_Titles/Super Block (USA, Europe).png</titleshot><thumbnail>~/../thumbs/Watara - Supervision/Named_Boxarts/Super Block (USA, Europe).png</thumbnail><marquee>~/../thumbs/Watara - Supervision/Named_Logos/Super Block (USA, Europe).png</marquee></game>
<game><path>./Watara Supervision NoIntro/Super Kong (USA, Europe).zip</path><name>Super Kong (USA, Europe)</name><image>~/../thumbs/Watara - Supervision/Named_Snaps/Super Kong (USA, Europe).png</image><titleshot>~/../thumbs/Watara - Supervision/Named_Titles/Super Kong (USA, Europe).png</titleshot><thumbnail>~/../thumbs/Watara - Supervision/Named_Boxarts/Super Kong (USA, Europe).png</thumbnail><marquee>~/../thumbs/Watara - Supervision/Named_Logos/Super Kong (USA, Europe).png</marquee></game>
<game><path>./Watara Supervision NoIntro/Super Pang (USA, Europe).zip</path><name>Super Pang (USA, Europe)</name><image>~/../thumbs/Watara - Supervision/Named_Snaps/Super Pang (USA, Europe).png</image><titleshot>~/../thumbs/Watara - Supervision/Named_Titles/Super Pang (USA, Europe).png</titleshot><thumbnail>~/../thumbs/Watara - Supervision/Named_Boxarts/Super Pang (USA, Europe).png</thumbnail><marquee>~/../thumbs/Watara - Supervision/Named_Logos/Super Pang (USA, Europe).png</marquee></game>
<game><path>./Watara Supervision NoIntro/TV-Link (USA, Europe).zip</path><name>TV-Link (USA, Europe)</name><image>~/../thumbs/Watara - Supervision/Named_Snaps/TV-Link (USA, Europe).png</image><titleshot>~/../thumbs/Watara - Supervision/Named_Titles/TV-Link (USA, Europe).png</titleshot><thumbnail>~/../thumbs/Watara - Supervision/Named_Boxarts/TV-Link (USA, Europe).png</thumbnail><marquee>~/../thumbs/Watara - Supervision/Named_Logos/TV-Link (USA, Europe).png</marquee></game>
<game><path>./Watara Supervision NoIntro/Tasac 2010 (USA, Europe).zip</path><name>Tasac 2010 (USA, Europe)</name><image>~/../thumbs/Watara - Supervision/Named_Snaps/Tasac 2010 (USA, Europe).png</image><titleshot>~/../thumbs/Watara - Supervision/Named_Titles/Tasac 2010 (USA, Europe).png</titleshot><thumbnail>~/../thumbs/Watara - Supervision/Named_Boxarts/Tasac 2010 (USA, Europe).png</thumbnail><marquee>~/../thumbs/Watara - Supervision/Named_Logos/Tasac 2010 (USA, Europe).png</marquee></game>
<game><path>./Watara Supervision NoIntro/Tennis Pro '92 (USA, Europe).zip</path><name>Tennis Pro '92 (USA, Europe)</name><image>~/../thumbs/Watara - Supervision/Named_Snaps/Tennis Pro '92 (USA, Europe).png</image><titleshot>~/../thumbs/Watara - Supervision/Named_Titles/Tennis Pro '92 (USA, Europe).png</titleshot><thumbnail>~/../thumbs/Watara - Supervision/Named_Boxarts/Tennis Pro '92 (USA, Europe).png</thumbnail><marquee>~/../thumbs/Watara - Supervision/Named_Logos/Tennis Pro '92 (USA, Europe).png</marquee></game>
<game><path>./Watara Supervision NoIntro/Thunder Shooting (USA, Europe).zip</path><name>Thunder Shooting (USA, Europe)</name><image>~/../thumbs/Watara - Supervision/Named_Snaps/Thunder Shooting (USA, Europe).png</image><titleshot>~/../thumbs/Watara - Supervision/Named_Titles/Thunder Shooting (USA, Europe).png</titleshot><thumbnail>~/../thumbs/Watara - Supervision/Named_Boxarts/Thunder Shooting (USA, Europe).png</thumbnail><marquee>~/../thumbs/Watara - Supervision/Named_Logos/Thunder Shooting (USA, Europe).png</marquee></game>
<game><path>./Watara Supervision NoIntro/Treasure Hunter (USA, Europe) (Rev 1).zip</path><name>Treasure Hunter (USA, Europe) (Rev 1)</name><image>~/../thumbs/Watara - Supervision/Named_Snaps/Treasure Hunter (USA, Europe) (Rev 1).png</image><titleshot>~/../thumbs/Watara - Supervision/Named_Titles/Treasure Hunter (USA, Europe) (Rev 1).png</titleshot><thumbnail>~/../thumbs/Watara - Supervision/Named_Boxarts/Treasure Hunter (USA, Europe) (Rev 1).png</thumbnail><marquee>~/../thumbs/Watara - Supervision/Named_Logos/Treasure Hunter (USA, Europe) (Rev 1).png</marquee></game>
<game><path>./Watara Supervision NoIntro/Treasure Hunter (USA, Europe).zip</path><name>Treasure Hunter (USA, Europe)</name><image>~/../thumbs/Watara - Supervision/Named_Snaps/Treasure Hunter (USA, Europe).png</image><titleshot>~/../thumbs/Watara - Supervision/Named_Titles/Treasure Hunter (USA, Europe).png</titleshot><thumbnail>~/../thumbs/Watara - Supervision/Named_Boxarts/Treasure Hunter (USA, Europe).png</thumbnail><marquee>~/../thumbs/Watara - Supervision/Named_Logos/Treasure Hunter (USA, Europe).png</marquee></game>
<game><path>./Watara Supervision NoIntro/Untouchable (USA, Europe).zip</path><name>Untouchable (USA, Europe)</name><image>~/../thumbs/Watara - Supervision/Named_Snaps/Untouchable (USA, Europe).png</image><titleshot>~/../thumbs/Watara - Supervision/Named_Titles/Untouchable (USA, Europe).png</titleshot><thumbnail>~/../thumbs/Watara - Supervision/Named_Boxarts/Untouchable (USA, Europe).png</thumbnail><marquee>~/../thumbs/Watara - Supervision/Named_Logos/Untouchable (USA, Europe).png</marquee></game>
<game><path>./Watara Supervision NoIntro/Witty Cat (USA, Europe).zip</path><name>Witty Cat (USA, Europe)</name><image>~/../thumbs/Watara - Supervision/Named_Snaps/Witty Cat (USA, Europe).png</image><titleshot>~/../thumbs/Watara - Supervision/Named_Titles/Witty Cat (USA, Europe).png</titleshot><thumbnail>~/../thumbs/Watara - Supervision/Named_Boxarts/Witty Cat (USA, Europe).png</thumbnail><marquee>~/../thumbs/Watara - Supervision/Named_Logos/Witty Cat (USA, Europe).png</marquee></game>
<folder><path>./Watara Supervision NoIntro</path><name>Watara Supervision NoIntro</name><image>~/../thumb/supervision.png</image></folder>
<game><path>./Watara Supervision TOSEC/2 in 1 - Block Buster + Cross High (199x)(-).zip</path><name>2 in 1 - Block Buster + Cross High (199x)(-)</name><image>~/../thumbs/Watara - Supervision/Named_Snaps/2 in 1 - Block Buster + Cross High (199x)(-).png</image><titleshot>~/../thumbs/Watara - Supervision/Named_Titles/2 in 1 - Block Buster + Cross High (199x)(-).png</titleshot><thumbnail>~/../thumbs/Watara - Supervision/Named_Boxarts/2 in 1 - Block Buster + Cross High (199x)(-).png</thumbnail><marquee>~/../thumbs/Watara - Supervision/Named_Logos/2 in 1 - Block Buster + Cross High (199x)(-).png</marquee></game>
<game><path>./Watara Supervision TOSEC/2 in 1 - Hash Blocks + Eagle Plan (1992)(Bon Treasure).zip</path><name>2 in 1 - Hash Blocks + Eagle Plan (1992)(Bon Treasure)</name><image>~/../thumbs/Watara - Supervision/Named_Snaps/2 in 1 - Hash Blocks + Eagle Plan (1992)(Bon Treasure).png</image><titleshot>~/../thumbs/Watara - Supervision/Named_Titles/2 in 1 - Hash Blocks + Eagle Plan (1992)(Bon Treasure).png</titleshot><thumbnail>~/../thumbs/Watara - Supervision/Named_Boxarts/2 in 1 - Hash Blocks + Eagle Plan (1992)(Bon Treasure).png</thumbnail><marquee>~/../thumbs/Watara - Supervision/Named_Logos/2 in 1 - Hash Blocks + Eagle Plan (1992)(Bon Treasure).png</marquee></game>
<game><path>./Watara Supervision TOSEC/4 in 1 - Hash Block + Challenger Tank + Brain Power + Jacky Lucky (199x)(Watara).zip</path><name>4 in 1 - Hash Block + Challenger Tank + Brain Power + Jacky Lucky (199x)(Watara)</name><image>~/../thumbs/Watara - Supervision/Named_Snaps/4 in 1 - Hash Block + Challenger Tank + Brain Power + Jacky Lucky (199x)(Watara).png</image><titleshot>~/../thumbs/Watara - Supervision/Named_Titles/4 in 1 - Hash Block + Challenger Tank + Brain Power + Jacky Lucky (199x)(Watara).png</titleshot><thumbnail>~/../thumbs/Watara - Supervision/Named_Boxarts/4 in 1 - Hash Block + Challenger Tank + Brain Power + Jacky Lucky (199x)(Watara).png</thumbnail><marquee>~/../thumbs/Watara - Supervision/Named_Logos/4 in 1 - Hash Block + Challenger Tank + Brain Power + Jacky Lucky (199x)(Watara).png</marquee></game>
<game><path>./Watara Supervision TOSEC/Alien (199x)(-).zip</path><name>Alien (199x)(-)</name><image>~/../thumbs/Watara - Supervision/Named_Snaps/Alien (199x)(-).png</image><titleshot>~/../thumbs/Watara - Supervision/Named_Titles/Alien (199x)(-).png</titleshot><thumbnail>~/../thumbs/Watara - Supervision/Named_Boxarts/Alien (199x)(-).png</thumbnail><marquee>~/../thumbs/Watara - Supervision/Named_Logos/Alien (199x)(-).png</marquee></game>
<game><path>./Watara Supervision TOSEC/Balloon Fight (1992)(Thin Chen).zip</path><name>Balloon Fight (1992)(Thin Chen)</name><image>~/../thumbs/Watara - Supervision/Named_Snaps/Balloon Fight (1992)(Thin Chen).png</image><titleshot>~/../thumbs/Watara - Supervision/Named_Titles/Balloon Fight (1992)(Thin Chen).png</titleshot><thumbnail>~/../thumbs/Watara - Supervision/Named_Boxarts/Balloon Fight (1992)(Thin Chen).png</thumbnail><marquee>~/../thumbs/Watara - Supervision/Named_Logos/Balloon Fight (1992)(Thin Chen).png</marquee></game>
<game><path>./Watara Supervision TOSEC/Block Buster (199x)(-).zip</path><name>Block Buster (199x)(-)</name><image>~/../thumbs/Watara - Supervision/Named_Snaps/Block Buster (199x)(-).png</image><titleshot>~/../thumbs/Watara - Supervision/Named_Titles/Block Buster (199x)(-).png</titleshot><thumbnail>~/../thumbs/Watara - Supervision/Named_Boxarts/Block Buster (199x)(-).png</thumbnail><marquee>~/../thumbs/Watara - Supervision/Named_Logos/Block Buster (199x)(-).png</marquee></game>
<game><path>./Watara Supervision TOSEC/Brain Power (199x)(-).zip</path><name>Brain Power (199x)(-)</name><image>~/../thumbs/Watara - Supervision/Named_Snaps/Brain Power (199x)(-).png</image><titleshot>~/../thumbs/Watara - Supervision/Named_Titles/Brain Power (199x)(-).png</titleshot><thumbnail>~/../thumbs/Watara - Supervision/Named_Boxarts/Brain Power (199x)(-).png</thumbnail><marquee>~/../thumbs/Watara - Supervision/Named_Logos/Brain Power (199x)(-).png</marquee></game>
<game><path>./Watara Supervision TOSEC/Bubble World (1992)(Bon Treasure).zip</path><name>Bubble World (1992)(Bon Treasure)</name><image>~/../thumbs/Watara - Supervision/Named_Snaps/Bubble World (1992)(Bon Treasure).png</image><titleshot>~/../thumbs/Watara - Supervision/Named_Titles/Bubble World (1992)(Bon Treasure).png</titleshot><thumbnail>~/../thumbs/Watara - Supervision/Named_Boxarts/Bubble World (1992)(Bon Treasure).png</thumbnail><marquee>~/../thumbs/Watara - Supervision/Named_Logos/Bubble World (1992)(Bon Treasure).png</marquee></game>
<game><path>./Watara Supervision TOSEC/Carrier (199x)(-).zip</path><name>Carrier (199x)(-)</name><image>~/../thumbs/Watara - Supervision/Named_Snaps/Carrier (199x)(-).png</image><titleshot>~/../thumbs/Watara - Supervision/Named_Titles/Carrier (199x)(-).png</titleshot><thumbnail>~/../thumbs/Watara - Supervision/Named_Boxarts/Carrier (199x)(-).png</thumbnail><marquee>~/../thumbs/Watara - Supervision/Named_Logos/Carrier (199x)(-).png</marquee></game>
<game><path>./Watara Supervision TOSEC/Carrier (199x)(-)[b].zip</path><name>Carrier (199x)(-)[b]</name><image>~/../thumbs/Watara - Supervision/Named_Snaps/Carrier (199x)(-)[b].png</image><titleshot>~/../thumbs/Watara - Supervision/Named_Titles/Carrier (199x)(-)[b].png</titleshot><thumbnail>~/../thumbs/Watara - Supervision/Named_Boxarts/Carrier (199x)(-)[b].png</thumbnail><marquee>~/../thumbs/Watara - Supervision/Named_Logos/Carrier (199x)(-)[b].png</marquee><hidden>true</hidden></game>
<game><path>./Watara Supervision TOSEC/Cave Wonders (1992)(Bon Treasure).zip</path><name>Cave Wonders (1992)(Bon Treasure)</name><image>~/../thumbs/Watara - Supervision/Named_Snaps/Cave Wonders (1992)(Bon Treasure).png</image><titleshot>~/../thumbs/Watara - Supervision/Named_Titles/Cave Wonders (1992)(Bon Treasure).png</titleshot><thumbnail>~/../thumbs/Watara - Supervision/Named_Boxarts/Cave Wonders (1992)(Bon Treasure).png</thumbnail><marquee>~/../thumbs/Watara - Supervision/Named_Logos/Cave Wonders (1992)(Bon Treasure).png</marquee></game>
<game><path>./Watara Supervision TOSEC/Challenger Tank (199x)(-).zip</path><name>Challenger Tank (199x)(-)</name><image>~/../thumbs/Watara - Supervision/Named_Snaps/Challenger Tank (199x)(-).png</image><titleshot>~/../thumbs/Watara - Supervision/Named_Titles/Challenger Tank (199x)(-).png</titleshot><thumbnail>~/../thumbs/Watara - Supervision/Named_Boxarts/Challenger Tank (199x)(-).png</thumbnail><marquee>~/../thumbs/Watara - Supervision/Named_Logos/Challenger Tank (199x)(-).png</marquee></game>
<game><path>./Watara Supervision TOSEC/Chimera (199x)(-).zip</path><name>Chimera (199x)(-)</name><image>~/../thumbs/Watara - Supervision/Named_Snaps/Chimera (199x)(-).png</image><titleshot>~/../thumbs/Watara - Supervision/Named_Titles/Chimera (199x)(-).png</titleshot><thumbnail>~/../thumbs/Watara - Supervision/Named_Boxarts/Chimera (199x)(-).png</thumbnail><marquee>~/../thumbs/Watara - Supervision/Named_Logos/Chimera (199x)(-).png</marquee></game>
<game><path>./Watara Supervision TOSEC/Chinese Checkers (1992)(Sachen).zip</path><name>Chinese Checkers (1992)(Sachen)</name><image>~/../thumbs/Watara - Supervision/Named_Snaps/Chinese Checkers (1992)(Sachen).png</image><titleshot>~/../thumbs/Watara - Supervision/Named_Titles/Chinese Checkers (1992)(Sachen).png</titleshot><thumbnail>~/../thumbs/Watara - Supervision/Named_Boxarts/Chinese Checkers (1992)(Sachen).png</thumbnail><marquee>~/../thumbs/Watara - Supervision/Named_Logos/Chinese Checkers (1992)(Sachen).png</marquee></game>
<game><path>./Watara Supervision TOSEC/Classic Casino (1993)(Bon Treasure).zip</path><name>Classic Casino (1993)(Bon Treasure)</name><image>~/../thumbs/Watara - Supervision/Named_Snaps/Classic Casino (1993)(Bon Treasure).png</image><titleshot>~/../thumbs/Watara - Supervision/Named_Titles/Classic Casino (1993)(Bon Treasure).png</titleshot><thumbnail>~/../thumbs/Watara - Supervision/Named_Boxarts/Classic Casino (1993)(Bon Treasure).png</thumbnail><marquee>~/../thumbs/Watara - Supervision/Named_Logos/Classic Casino (1993)(Bon Treasure).png</marquee></game>
<game><path>./Watara Supervision TOSEC/Climber (1992)(Bon Treasure).zip</path><name>Climber (1992)(Bon Treasure)</name><image>~/../thumbs/Watara - Supervision/Named_Snaps/Climber (1992)(Bon Treasure).png</image><titleshot>~/../thumbs/Watara - Supervision/Named_Titles/Climber (1992)(Bon Treasure).png</titleshot><thumbnail>~/../thumbs/Watara - Supervision/Named_Boxarts/Climber (1992)(Bon Treasure).png</thumbnail><marquee>~/../thumbs/Watara - Supervision/Named_Logos/Climber (1992)(Bon Treasure).png</marquee></game>
<game><path>./Watara Supervision TOSEC/Cross High (1991)(GTC).zip</path><name>Cross High (1991)(GTC)</name><image>~/../thumbs/Watara - Supervision/Named_Snaps/Cross High (1991)(GTC).png</image><titleshot>~/../thumbs/Watara - Supervision/Named_Titles/Cross High (1991)(GTC).png</titleshot><thumbnail>~/../thumbs/Watara - Supervision/Named_Boxarts/Cross High (1991)(GTC).png</thumbnail><marquee>~/../thumbs/Watara - Supervision/Named_Logos/Cross High (1991)(GTC).png</marquee></game>
<game><path>./Watara Supervision TOSEC/Crystball (199x)(-).zip</path><name>Crystball (199x)(-)</name><image>~/../thumbs/Watara - Supervision/Named_Snaps/Crystball (199x)(-).png</image><titleshot>~/../thumbs/Watara - Supervision/Named_Titles/Crystball (199x)(-).png</titleshot><thumbnail>~/../thumbs/Watara - Supervision/Named_Boxarts/Crystball (199x)(-).png</thumbnail><marquee>~/../thumbs/Watara - Supervision/Named_Logos/Crystball (199x)(-).png</marquee></game>
<game><path>./Watara Supervision TOSEC/Dancing Block (1992)(Thin Chen).zip</path><name>Dancing Block (1992)(Thin Chen)</name><image>~/../thumbs/Watara - Supervision/Named_Snaps/Dancing Block (1992)(Thin Chen).png</image><titleshot>~/../thumbs/Watara - Supervision/Named_Titles/Dancing Block (1992)(Thin Chen).png</titleshot><thumbnail>~/../thumbs/Watara - Supervision/Named_Boxarts/Dancing Block (1992)(Thin Chen).png</thumbnail><marquee>~/../thumbs/Watara - Supervision/Named_Logos/Dancing Block (1992)(Thin Chen).png</marquee></game>
<game><path>./Watara Supervision TOSEC/Delta Hero (1992)(Bon Treasure).zip</path><name>Delta Hero (1992)(Bon Treasure)</name><image>~/../thumbs/Watara - Supervision/Named_Snaps/Delta Hero (1992)(Bon Treasure).png</image><titleshot>~/../thumbs/Watara - Supervision/Named_Titles/Delta Hero (1992)(Bon Treasure).png</titleshot><thumbnail>~/../thumbs/Watara - Supervision/Named_Boxarts/Delta Hero (1992)(Bon Treasure).png</thumbnail><marquee>~/../thumbs/Watara - Supervision/Named_Logos/Delta Hero (1992)(Bon Treasure).png</marquee></game>
<game><path>./Watara Supervision TOSEC/Dream World (1992)(Bon Treasure).zip</path><name>Dream World (1992)(Bon Treasure)</name><image>~/../thumbs/Watara - Supervision/Named_Snaps/Dream World (1992)(Bon Treasure).png</image><titleshot>~/../thumbs/Watara - Supervision/Named_Titles/Dream World (1992)(Bon Treasure).png</titleshot><thumbnail>~/../thumbs/Watara - Supervision/Named_Boxarts/Dream World (1992)(Bon Treasure).png</thumbnail><marquee>~/../thumbs/Watara - Supervision/Named_Logos/Dream World (1992)(Bon Treasure).png</marquee></game>
<game><path>./Watara Supervision TOSEC/Eagle Plan (1991)(GTC).zip</path><name>Eagle Plan (1991)(GTC)</name><image>~/../thumbs/Watara - Supervision/Named_Snaps/Eagle Plan (1991)(GTC).png</image><titleshot>~/../thumbs/Watara - Supervision/Named_Titles/Eagle Plan (1991)(GTC).png</titleshot><thumbnail>~/../thumbs/Watara - Supervision/Named_Boxarts/Eagle Plan (1991)(GTC).png</thumbnail><marquee>~/../thumbs/Watara - Supervision/Named_Logos/Eagle Plan (1991)(GTC).png</marquee></game>
<game><path>./Watara Supervision TOSEC/Earth Defender (1992)(Bon Treasure).zip</path><name>Earth Defender (1992)(Bon Treasure)</name><image>~/../thumbs/Watara - Supervision/Named_Snaps/Earth Defender (1992)(Bon Treasure).png</image><titleshot>~/../thumbs/Watara - Supervision/Named_Titles/Earth Defender (1992)(Bon Treasure).png</titleshot><thumbnail>~/../thumbs/Watara - Supervision/Named_Boxarts/Earth Defender (1992)(Bon Treasure).png</thumbnail><marquee>~/../thumbs/Watara - Supervision/Named_Logos/Earth Defender (1992)(Bon Treasure).png</marquee></game>
<game><path>./Watara Supervision TOSEC/Fatal Craft (1992)(Bon Treasure).zip</path><name>Fatal Craft (1992)(Bon Treasure)</name><image>~/../thumbs/Watara - Supervision/Named_Snaps/Fatal Craft (1992)(Bon Treasure).png</image><titleshot>~/../thumbs/Watara - Supervision/Named_Titles/Fatal Craft (1992)(Bon Treasure).png</titleshot><thumbnail>~/../thumbs/Watara - Supervision/Named_Boxarts/Fatal Craft (1992)(Bon Treasure).png</thumbnail><marquee>~/../thumbs/Watara - Supervision/Named_Logos/Fatal Craft (1992)(Bon Treasure).png</marquee></game>
<game><path>./Watara Supervision TOSEC/Final Combat (1992)(Thin Chen).zip</path><name>Final Combat (1992)(Thin Chen)</name><image>~/../thumbs/Watara - Supervision/Named_Snaps/Final Combat (1992)(Thin Chen).png</image><titleshot>~/../thumbs/Watara - Supervision/Named_Titles/Final Combat (1992)(Thin Chen).png</titleshot><thumbnail>~/../thumbs/Watara - Supervision/Named_Boxarts/Final Combat (1992)(Thin Chen).png</thumbnail><marquee>~/../thumbs/Watara - Supervision/Named_Logos/Final Combat (1992)(Thin Chen).png</marquee></game>
<game><path>./Watara Supervision TOSEC/Final Combat (1992)(Thin Chen)[b].zip</path><name>Final Combat (1992)(Thin Chen)[b]</name><image>~/../thumbs/Watara - Supervision/Named_Snaps/Final Combat (1992)(Thin Chen)[b].png</image><titleshot>~/../thumbs/Watara - Supervision/Named_Titles/Final Combat (1992)(Thin Chen)[b].png</titleshot><thumbnail>~/../thumbs/Watara - Supervision/Named_Boxarts/Final Combat (1992)(Thin Chen)[b].png</thumbnail><marquee>~/../thumbs/Watara - Supervision/Named_Logos/Final Combat (1992)(Thin Chen)[b].png</marquee><hidden>true</hidden></game>
<game><path>./Watara Supervision TOSEC/Galactic Crusader (1992)(Sachen).zip</path><name>Galactic Crusader (1992)(Sachen)</name><image>~/../thumbs/Watara - Supervision/Named_Snaps/Galactic Crusader (1992)(Sachen).png</image><titleshot>~/../thumbs/Watara - Supervision/Named_Titles/Galactic Crusader (1992)(Sachen).png</titleshot><thumbnail>~/../thumbs/Watara - Supervision/Named_Boxarts/Galactic Crusader (1992)(Sachen).png</thumbnail><marquee>~/../thumbs/Watara - Supervision/Named_Logos/Galactic Crusader (1992)(Sachen).png</marquee></game>
<game><path>./Watara Supervision TOSEC/Galaxy Fighter (1992)(Thin Chen).zip</path><name>Galaxy Fighter (1992)(Thin Chen)</name><image>~/../thumbs/Watara - Supervision/Named_Snaps/Galaxy Fighter (1992)(Thin Chen).png</image><titleshot>~/../thumbs/Watara - Supervision/Named_Titles/Galaxy Fighter (1992)(Thin Chen).png</titleshot><thumbnail>~/../thumbs/Watara - Supervision/Named_Boxarts/Galaxy Fighter (1992)(Thin Chen).png</thumbnail><marquee>~/../thumbs/Watara - Supervision/Named_Logos/Galaxy Fighter (1992)(Thin Chen).png</marquee></game>
<game><path>./Watara Supervision TOSEC/Grand Prix (199x)(Bon Treasure).zip</path><name>Grand Prix (199x)(Bon Treasure)</name><image>~/../thumbs/Watara - Supervision/Named_Snaps/Grand Prix (199x)(Bon Treasure).png</image><titleshot>~/../thumbs/Watara - Supervision/Named_Titles/Grand Prix (199x)(Bon Treasure).png</titleshot><thumbnail>~/../thumbs/Watara - Supervision/Named_Boxarts/Grand Prix (199x)(Bon Treasure).png</thumbnail><marquee>~/../thumbs/Watara - Supervision/Named_Logos/Grand Prix (199x)(Bon Treasure).png</marquee></game>
<game><path>./Watara Supervision TOSEC/Happy Pairs (1992)(Sachen).zip</path><name>Happy Pairs (1992)(Sachen)</name><image>~/../thumbs/Watara - Supervision/Named_Snaps/Happy Pairs (1992)(Sachen).png</image><titleshot>~/../thumbs/Watara - Supervision/Named_Titles/Happy Pairs (1992)(Sachen).png</titleshot><thumbnail>~/../thumbs/Watara - Supervision/Named_Boxarts/Happy Pairs (1992)(Sachen).png</thumbnail><marquee>~/../thumbs/Watara - Supervision/Named_Logos/Happy Pairs (1992)(Sachen).png</marquee></game>
<game><path>./Watara Supervision TOSEC/Happy Race (1992)(Sachen).zip</path><name>Happy Race (1992)(Sachen)</name><image>~/../thumbs/Watara - Supervision/Named_Snaps/Happy Race (1992)(Sachen).png</image><titleshot>~/../thumbs/Watara - Supervision/Named_Titles/Happy Race (1992)(Sachen).png</titleshot><thumbnail>~/../thumbs/Watara - Supervision/Named_Boxarts/Happy Race (1992)(Sachen).png</thumbnail><marquee>~/../thumbs/Watara - Supervision/Named_Logos/Happy Race (1992)(Sachen).png</marquee></game>
<game><path>./Watara Supervision TOSEC/Hash Blocks (1991)(GTC).zip</path><name>Hash Blocks (1991)(GTC)</name><image>~/../thumbs/Watara - Supervision/Named_Snaps/Hash Blocks (1991)(GTC).png</image><titleshot>~/../thumbs/Watara - Supervision/Named_Titles/Hash Blocks (1991)(GTC).png</titleshot><thumbnail>~/../thumbs/Watara - Supervision/Named_Boxarts/Hash Blocks (1991)(GTC).png</thumbnail><marquee>~/../thumbs/Watara - Supervision/Named_Logos/Hash Blocks (1991)(GTC).png</marquee></game>
<game><path>./Watara Supervision TOSEC/Hero Hawk (1992)(Sachen).zip</path><name>Hero Hawk (1992)(Sachen)</name><image>~/../thumbs/Watara - Supervision/Named_Snaps/Hero Hawk (1992)(Sachen).png</image><titleshot>~/../thumbs/Watara - Supervision/Named_Titles/Hero Hawk (1992)(Sachen).png</titleshot><thumbnail>~/../thumbs/Watara - Supervision/Named_Boxarts/Hero Hawk (1992)(Sachen).png</thumbnail><marquee>~/../thumbs/Watara - Supervision/Named_Logos/Hero Hawk (1992)(Sachen).png</marquee></game>
<game><path>./Watara Supervision TOSEC/Hero Kid (199x)(-).zip</path><name>Hero Kid (199x)(-)</name><image>~/../thumbs/Watara - Supervision/Named_Snaps/Hero Kid (199x)(-).png</image><titleshot>~/../thumbs/Watara - Supervision/Named_Titles/Hero Kid (199x)(-).png</titleshot><thumbnail>~/../thumbs/Watara - Supervision/Named_Boxarts/Hero Kid (199x)(-).png</thumbnail><marquee>~/../thumbs/Watara - Supervision/Named_Logos/Hero Kid (199x)(-).png</marquee></game>
<game><path>./Watara Supervision TOSEC/Honey Bee (1992)(Bon Treasure).zip</path><name>Honey Bee (1992)(Bon Treasure)</name><image>~/../thumbs/Watara - Supervision/Named_Snaps/Honey Bee (1992)(Bon Treasure).png</image><titleshot>~/../thumbs/Watara - Supervision/Named_Titles/Honey Bee (1992)(Bon Treasure).png</titleshot><thumbnail>~/../thumbs/Watara - Supervision/Named_Boxarts/Honey Bee (1992)(Bon Treasure).png</thumbnail><marquee>~/../thumbs/Watara - Supervision/Named_Logos/Honey Bee (1992)(Bon Treasure).png</marquee></game>
<game><path>./Watara Supervision TOSEC/Jacky Lucky (1992)(Bon Treasure).zip</path><name>Jacky Lucky (1992)(Bon Treasure)</name><image>~/../thumbs/Watara - Supervision/Named_Snaps/Jacky Lucky (1992)(Bon Treasure).png</image><titleshot>~/../thumbs/Watara - Supervision/Named_Titles/Jacky Lucky (1992)(Bon Treasure).png</titleshot><thumbnail>~/../thumbs/Watara - Supervision/Named_Boxarts/Jacky Lucky (1992)(Bon Treasure).png</thumbnail><marquee>~/../thumbs/Watara - Supervision/Named_Logos/Jacky Lucky (1992)(Bon Treasure).png</marquee></game>
<game><path>./Watara Supervision TOSEC/Jaguar Bomber (1992)(Bon Treasure).zip</path><name>Jaguar Bomber (1992)(Bon Treasure)</name><image>~/../thumbs/Watara - Supervision/Named_Snaps/Jaguar Bomber (1992)(Bon Treasure).png</image><titleshot>~/../thumbs/Watara - Supervision/Named_Titles/Jaguar Bomber (1992)(Bon Treasure).png</titleshot><thumbnail>~/../thumbs/Watara - Supervision/Named_Boxarts/Jaguar Bomber (1992)(Bon Treasure).png</thumbnail><marquee>~/../thumbs/Watara - Supervision/Named_Logos/Jaguar Bomber (1992)(Bon Treasure).png</marquee></game>
<game><path>./Watara Supervision TOSEC/John Adventure (1992)(Sachen).zip</path><name>John Adventure (1992)(Sachen)</name><image>~/../thumbs/Watara - Supervision/Named_Snaps/John Adventure (1992)(Sachen).png</image><titleshot>~/../thumbs/Watara - Supervision/Named_Titles/John Adventure (1992)(Sachen).png</titleshot><thumbnail>~/../thumbs/Watara - Supervision/Named_Boxarts/John Adventure (1992)(Sachen).png</thumbnail><marquee>~/../thumbs/Watara - Supervision/Named_Logos/John Adventure (1992)(Sachen).png</marquee></game>
<game><path>./Watara Supervision TOSEC/Journey to the West (199x)(-).zip</path><name>Journey to the West (199x)(-)</name><image>~/../thumbs/Watara - Supervision/Named_Snaps/Journey to the West (199x)(-).png</image><titleshot>~/../thumbs/Watara - Supervision/Named_Titles/Journey to the West (199x)(-).png</titleshot><thumbnail>~/../thumbs/Watara - Supervision/Named_Boxarts/Journey to the West (199x)(-).png</thumbnail><marquee>~/../thumbs/Watara - Supervision/Named_Logos/Journey to the West (199x)(-).png</marquee></game>
<game><path>./Watara Supervision TOSEC/Juggler (1992)(Bon Treasure).zip</path><name>Juggler (1992)(Bon Treasure)</name><image>~/../thumbs/Watara - Supervision/Named_Snaps/Juggler (1992)(Bon Treasure).png</image><titleshot>~/../thumbs/Watara - Supervision/Named_Titles/Juggler (1992)(Bon Treasure).png</titleshot><thumbnail>~/../thumbs/Watara - Supervision/Named_Boxarts/Juggler (1992)(Bon Treasure).png</thumbnail><marquee>~/../thumbs/Watara - Supervision/Named_Logos/Juggler (1992)(Bon Treasure).png</marquee></game>
<game><path>./Watara Supervision TOSEC/Kabi Island (1992)(Sachen).zip</path><name>Kabi Island (1992)(Sachen)</name><image>~/../thumbs/Watara - Supervision/Named_Snaps/Kabi Island (1992)(Sachen).png</image><titleshot>~/../thumbs/Watara - Supervision/Named_Titles/Kabi Island (1992)(Sachen).png</titleshot><thumbnail>~/../thumbs/Watara - Supervision/Named_Boxarts/Kabi Island (1992)(Sachen).png</thumbnail><marquee>~/../thumbs/Watara - Supervision/Named_Logos/Kabi Island (1992)(Sachen).png</marquee></game>
<game><path>./Watara Supervision TOSEC/Kitchen War (1992)(Bon Treasure).zip</path><name>Kitchen War (1992)(Bon Treasure)</name><image>~/../thumbs/Watara - Supervision/Named_Snaps/Kitchen War (1992)(Bon Treasure).png</image><titleshot>~/../thumbs/Watara - Supervision/Named_Titles/Kitchen War (1992)(Bon Treasure).png</titleshot><thumbnail>~/../thumbs/Watara - Supervision/Named_Boxarts/Kitchen War (1992)(Bon Treasure).png</thumbnail><marquee>~/../thumbs/Watara - Supervision/Named_Logos/Kitchen War (1992)(Bon Treasure).png</marquee></game>
<game><path>./Watara Supervision TOSEC/Kung-Fu Street (1993)(Thin Chen).zip</path><name>Kung-Fu Street (1993)(Thin Chen)</name><image>~/../thumbs/Watara - Supervision/Named_Snaps/Kung-Fu Street (1993)(Thin Chen).png</image><titleshot>~/../thumbs/Watara - Supervision/Named_Titles/Kung-Fu Street (1993)(Thin Chen).png</titleshot><thumbnail>~/../thumbs/Watara - Supervision/Named_Boxarts/Kung-Fu Street (1993)(Thin Chen).png</thumbnail><marquee>~/../thumbs/Watara - Supervision/Named_Logos/Kung-Fu Street (1993)(Thin Chen).png</marquee></game>
<game><path>./Watara Supervision TOSEC/Linear Racing (199x)(-).zip</path><name>Linear Racing (199x)(-)</name><image>~/../thumbs/Watara - Supervision/Named_Snaps/Linear Racing (199x)(-).png</image><titleshot>~/../thumbs/Watara - Supervision/Named_Titles/Linear Racing (199x)(-).png</titleshot><thumbnail>~/../thumbs/Watara - Supervision/Named_Boxarts/Linear Racing (199x)(-).png</thumbnail><marquee>~/../thumbs/Watara - Supervision/Named_Logos/Linear Racing (199x)(-).png</marquee></game>
<game><path>./Watara Supervision TOSEC/Magincross (1992)(Thin Chen).zip</path><name>Magincross (1992)(Thin Chen)</name><image>~/../thumbs/Watara - Supervision/Named_Snaps/Magincross (1992)(Thin Chen).png</image><titleshot>~/../thumbs/Watara - Supervision/Named_Titles/Magincross (1992)(Thin Chen).png</titleshot><thumbnail>~/../thumbs/Watara - Supervision/Named_Boxarts/Magincross (1992)(Thin Chen).png</thumbnail><marquee>~/../thumbs/Watara - Supervision/Named_Logos/Magincross (1992)(Thin Chen).png</marquee></game>
<game><path>./Watara Supervision TOSEC/Majong (1992)(Bon Treasure).zip</path><name>Majong (1992)(Bon Treasure)</name><image>~/../thumbs/Watara - Supervision/Named_Snaps/Majong (1992)(Bon Treasure).png</image><titleshot>~/../thumbs/Watara - Supervision/Named_Titles/Majong (1992)(Bon Treasure).png</titleshot><thumbnail>~/../thumbs/Watara - Supervision/Named_Boxarts/Majong (1992)(Bon Treasure).png</thumbnail><marquee>~/../thumbs/Watara - Supervision/Named_Logos/Majong (1992)(Bon Treasure).png</marquee></game>
<game><path>./Watara Supervision TOSEC/Matta Blatta (199x)(-).zip</path><name>Matta Blatta (199x)(-)</name><image>~/../thumbs/Watara - Supervision/Named_Snaps/Matta Blatta (199x)(-).png</image><titleshot>~/../thumbs/Watara - Supervision/Named_Titles/Matta Blatta (199x)(-).png</titleshot><thumbnail>~/../thumbs/Watara - Supervision/Named_Boxarts/Matta Blatta (199x)(-).png</thumbnail><marquee>~/../thumbs/Watara - Supervision/Named_Logos/Matta Blatta (199x)(-).png</marquee></game>
<game><path>./Watara Supervision TOSEC/Olympic Trials (199x)(-).zip</path><name>Olympic Trials (199x)(-)</name><image>~/../thumbs/Watara - Supervision/Named_Snaps/Olympic Trials (199x)(-).png</image><titleshot>~/../thumbs/Watara - Supervision/Named_Titles/Olympic Trials (199x)(-).png</titleshot><thumbnail>~/../thumbs/Watara - Supervision/Named_Boxarts/Olympic Trials (199x)(-).png</thumbnail><marquee>~/../thumbs/Watara - Supervision/Named_Logos/Olympic Trials (199x)(-).png</marquee></game>
<game><path>./Watara Supervision TOSEC/P-52 Sea Battle (199x)(-).zip</path><name>P-52 Sea Battle (199x)(-)</name><image>~/../thumbs/Watara - Supervision/Named_Snaps/P-52 Sea Battle (199x)(-).png</image><titleshot>~/../thumbs/Watara - Supervision/Named_Titles/P-52 Sea Battle (199x)(-).png</titleshot><thumbnail>~/../thumbs/Watara - Supervision/Named_Boxarts/P-52 Sea Battle (199x)(-).png</thumbnail><marquee>~/../thumbs/Watara - Supervision/Named_Logos/P-52 Sea Battle (199x)(-).png</marquee></game>
<game><path>./Watara Supervision TOSEC/PacBoy & Mouse (199x)(-).zip</path><name>PacBoy & Mouse (199x)(-)</name><image>~/../thumbs/Watara - Supervision/Named_Snaps/PacBoy & Mouse (199x)(-).png</image><titleshot>~/../thumbs/Watara - Supervision/Named_Titles/PacBoy & Mouse (199x)(-).png</titleshot><thumbnail>~/../thumbs/Watara - Supervision/Named_Boxarts/PacBoy & Mouse (199x)(-).png</thumbnail><marquee>~/../thumbs/Watara - Supervision/Named_Logos/PacBoy & Mouse (199x)(-).png</marquee></game>
<game><path>./Watara Supervision TOSEC/Pacific Battle (1992)(Bon Treasure).zip</path><name>Pacific Battle (1992)(Bon Treasure)</name><image>~/../thumbs/Watara - Supervision/Named_Snaps/Pacific Battle (1992)(Bon Treasure).png</image><titleshot>~/../thumbs/Watara - Supervision/Named_Titles/Pacific Battle (1992)(Bon Treasure).png</titleshot><thumbnail>~/../thumbs/Watara - Supervision/Named_Boxarts/Pacific Battle (1992)(Bon Treasure).png</thumbnail><marquee>~/../thumbs/Watara - Supervision/Named_Logos/Pacific Battle (1992)(Bon Treasure).png</marquee></game>
<game><path>./Watara Supervision TOSEC/Penguin Hideout (1992)(Thin Chen).zip</path><name>Penguin Hideout (1992)(Thin Chen)</name><image>~/../thumbs/Watara - Supervision/Named_Snaps/Penguin Hideout (1992)(Thin Chen).png</image><titleshot>~/../thumbs/Watara - Supervision/Named_Titles/Penguin Hideout (1992)(Thin Chen).png</titleshot><thumbnail>~/../thumbs/Watara - Supervision/Named_Boxarts/Penguin Hideout (1992)(Thin Chen).png</thumbnail><marquee>~/../thumbs/Watara - Supervision/Named_Logos/Penguin Hideout (1992)(Thin Chen).png</marquee></game>
<game><path>./Watara Supervision TOSEC/Penguin Hideout (1992)(Thin Chen)[b].zip</path><name>Penguin Hideout (1992)(Thin Chen)[b]</name><image>~/../thumbs/Watara - Supervision/Named_Snaps/Penguin Hideout (1992)(Thin Chen)[b].png</image><titleshot>~/../thumbs/Watara - Supervision/Named_Titles/Penguin Hideout (1992)(Thin Chen)[b].png</titleshot><thumbnail>~/../thumbs/Watara - Supervision/Named_Boxarts/Penguin Hideout (1992)(Thin Chen)[b].png</thumbnail><marquee>~/../thumbs/Watara - Supervision/Named_Logos/Penguin Hideout (1992)(Thin Chen)[b].png</marquee><hidden>true</hidden></game>
<game><path>./Watara Supervision TOSEC/Police Bust (199x)(Bon Treasure).zip</path><name>Police Bust (199x)(Bon Treasure)</name><image>~/../thumbs/Watara - Supervision/Named_Snaps/Police Bust (199x)(Bon Treasure).png</image><titleshot>~/../thumbs/Watara - Supervision/Named_Titles/Police Bust (199x)(Bon Treasure).png</titleshot><thumbnail>~/../thumbs/Watara - Supervision/Named_Boxarts/Police Bust (199x)(Bon Treasure).png</thumbnail><marquee>~/../thumbs/Watara - Supervision/Named_Logos/Police Bust (199x)(Bon Treasure).png</marquee></game>
<game><path>./Watara Supervision TOSEC/Popo Team (1992)(Sachen).zip</path><name>Popo Team (1992)(Sachen)</name><image>~/../thumbs/Watara - Supervision/Named_Snaps/Popo Team (1992)(Sachen).png</image><titleshot>~/../thumbs/Watara - Supervision/Named_Titles/Popo Team (1992)(Sachen).png</titleshot><thumbnail>~/../thumbs/Watara - Supervision/Named_Boxarts/Popo Team (1992)(Sachen).png</thumbnail><marquee>~/../thumbs/Watara - Supervision/Named_Logos/Popo Team (1992)(Sachen).png</marquee></game>
<game><path>./Watara Supervision TOSEC/Pyramid (1992)(Thin Chen).zip</path><name>Pyramid (1992)(Thin Chen)</name><image>~/../thumbs/Watara - Supervision/Named_Snaps/Pyramid (1992)(Thin Chen).png</image><titleshot>~/../thumbs/Watara - Supervision/Named_Titles/Pyramid (1992)(Thin Chen).png</titleshot><thumbnail>~/../thumbs/Watara - Supervision/Named_Boxarts/Pyramid (1992)(Thin Chen).png</thumbnail><marquee>~/../thumbs/Watara - Supervision/Named_Logos/Pyramid (1992)(Thin Chen).png</marquee></game>
<game><path>./Watara Supervision TOSEC/Recycle Design (199x)(Bon Treasure).zip</path><name>Recycle Design (199x)(Bon Treasure)</name><image>~/../thumbs/Watara - Supervision/Named_Snaps/Recycle Design (199x)(Bon Treasure).png</image><titleshot>~/../thumbs/Watara - Supervision/Named_Titles/Recycle Design (199x)(Bon Treasure).png</titleshot><thumbnail>~/../thumbs/Watara - Supervision/Named_Boxarts/Recycle Design (199x)(Bon Treasure).png</thumbnail><marquee>~/../thumbs/Watara - Supervision/Named_Logos/Recycle Design (199x)(Bon Treasure).png</marquee></game>
<game><path>./Watara Supervision TOSEC/SSSnake (1992)(BITS).zip</path><name>SSSnake (1992)(BITS)</name><image>~/../thumbs/Watara - Supervision/Named_Snaps/SSSnake (1992)(BITS).png</image><titleshot>~/../thumbs/Watara - Supervision/Named_Titles/SSSnake (1992)(BITS).png</titleshot><thumbnail>~/../thumbs/Watara - Supervision/Named_Boxarts/SSSnake (1992)(BITS).png</thumbnail><marquee>~/../thumbs/Watara - Supervision/Named_Logos/SSSnake (1992)(BITS).png</marquee></game>
<game><path>./Watara Supervision TOSEC/Scaffolder (1992)(Bon Treasure).zip</path><name>Scaffolder (1992)(Bon Treasure)</name><image>~/../thumbs/Watara - Supervision/Named_Snaps/Scaffolder (1992)(Bon Treasure).png</image><titleshot>~/../thumbs/Watara - Supervision/Named_Titles/Scaffolder (1992)(Bon Treasure).png</titleshot><thumbnail>~/../thumbs/Watara - Supervision/Named_Boxarts/Scaffolder (1992)(Bon Treasure).png</thumbnail><marquee>~/../thumbs/Watara - Supervision/Named_Logos/Scaffolder (1992)(Bon Treasure).png</marquee></game>
<game><path>./Watara Supervision TOSEC/Soccer Champion (199x)(-).zip</path><name>Soccer Champion (199x)(-)</name><image>~/../thumbs/Watara - Supervision/Named_Snaps/Soccer Champion (199x)(-).png</image><titleshot>~/../thumbs/Watara - Supervision/Named_Titles/Soccer Champion (199x)(-).png</titleshot><thumbnail>~/../thumbs/Watara - Supervision/Named_Boxarts/Soccer Champion (199x)(-).png</thumbnail><marquee>~/../thumbs/Watara - Supervision/Named_Logos/Soccer Champion (199x)(-).png</marquee></game>
<game><path>./Watara Supervision TOSEC/Sonny Xpress! (199x)(-).zip</path><name>Sonny Xpress! (199x)(-)</name><image>~/../thumbs/Watara - Supervision/Named_Snaps/Sonny Xpress! (199x)(-).png</image><titleshot>~/../thumbs/Watara - Supervision/Named_Titles/Sonny Xpress! (199x)(-).png</titleshot><thumbnail>~/../thumbs/Watara - Supervision/Named_Boxarts/Sonny Xpress! (199x)(-).png</thumbnail><marquee>~/../thumbs/Watara - Supervision/Named_Logos/Sonny Xpress! (199x)(-).png</marquee></game>
<game><path>./Watara Supervision TOSEC/Space Fighter (1992)(Bon Treasure).zip</path><name>Space Fighter (1992)(Bon Treasure)</name><image>~/../thumbs/Watara - Supervision/Named_Snaps/Space Fighter (1992)(Bon Treasure).png</image><titleshot>~/../thumbs/Watara - Supervision/Named_Titles/Space Fighter (1992)(Bon Treasure).png</titleshot><thumbnail>~/../thumbs/Watara - Supervision/Named_Boxarts/Space Fighter (1992)(Bon Treasure).png</thumbnail><marquee>~/../thumbs/Watara - Supervision/Named_Logos/Space Fighter (1992)(Bon Treasure).png</marquee></game>
<game><path>./Watara Supervision TOSEC/Super Block (1992)(Bon Treasure).zip</path><name>Super Block (1992)(Bon Treasure)</name><image>~/../thumbs/Watara - Supervision/Named_Snaps/Super Block (1992)(Bon Treasure).png</image><titleshot>~/../thumbs/Watara - Supervision/Named_Titles/Super Block (1992)(Bon Treasure).png</titleshot><thumbnail>~/../thumbs/Watara - Supervision/Named_Boxarts/Super Block (1992)(Bon Treasure).png</thumbnail><marquee>~/../thumbs/Watara - Supervision/Named_Logos/Super Block (1992)(Bon Treasure).png</marquee></game>
<game><path>./Watara Supervision TOSEC/Super Block (1992)(Bon Treasure)[b].zip</path><name>Super Block (1992)(Bon Treasure)[b]</name><image>~/../thumbs/Watara - Supervision/Named_Snaps/Super Block (1992)(Bon Treasure)[b].png</image><titleshot>~/../thumbs/Watara - Supervision/Named_Titles/Super Block (1992)(Bon Treasure)[b].png</titleshot><thumbnail>~/../thumbs/Watara - Supervision/Named_Boxarts/Super Block (1992)(Bon Treasure)[b].png</thumbnail><marquee>~/../thumbs/Watara - Supervision/Named_Logos/Super Block (1992)(Bon Treasure)[b].png</marquee><hidden>true</hidden></game>
<game><path>./Watara Supervision TOSEC/Super Kong (1992)(Thin Chen).zip</path><name>Super Kong (1992)(Thin Chen)</name><image>~/../thumbs/Watara - Supervision/Named_Snaps/Super Kong (1992)(Thin Chen).png</image><titleshot>~/../thumbs/Watara - Supervision/Named_Titles/Super Kong (1992)(Thin Chen).png</titleshot><thumbnail>~/../thumbs/Watara - Supervision/Named_Boxarts/Super Kong (1992)(Thin Chen).png</thumbnail><marquee>~/../thumbs/Watara - Supervision/Named_Logos/Super Kong (1992)(Thin Chen).png</marquee></game>
<game><path>./Watara Supervision TOSEC/Super Pang (1992)(Sachen).zip</path><name>Super Pang (1992)(Sachen)</name><image>~/../thumbs/Watara - Supervision/Named_Snaps/Super Pang (1992)(Sachen).png</image><titleshot>~/../thumbs/Watara - Supervision/Named_Titles/Super Pang (1992)(Sachen).png</titleshot><thumbnail>~/../thumbs/Watara - Supervision/Named_Boxarts/Super Pang (1992)(Sachen).png</thumbnail><marquee>~/../thumbs/Watara - Supervision/Named_Logos/Super Pang (1992)(Sachen).png</marquee></game>
<game><path>./Watara Supervision TOSEC/Tasac 2010 (1992)(Thin Chen).zip</path><name>Tasac 2010 (1992)(Thin Chen)</name><image>~/../thumbs/Watara - Supervision/Named_Snaps/Tasac 2010 (1992)(Thin Chen).png</image><titleshot>~/../thumbs/Watara - Supervision/Named_Titles/Tasac 2010 (1992)(Thin Chen).png</titleshot><thumbnail>~/../thumbs/Watara - Supervision/Named_Boxarts/Tasac 2010 (1992)(Thin Chen).png</thumbnail><marquee>~/../thumbs/Watara - Supervision/Named_Logos/Tasac 2010 (1992)(Thin Chen).png</marquee></game>
<game><path>./Watara Supervision TOSEC/Tennis Pro '92 (1992)(BITS).zip</path><name>Tennis Pro '92 (1992)(BITS)</name><image>~/../thumbs/Watara - Supervision/Named_Snaps/Tennis Pro '92 (1992)(BITS).png</image><titleshot>~/../thumbs/Watara - Supervision/Named_Titles/Tennis Pro '92 (1992)(BITS).png</titleshot><thumbnail>~/../thumbs/Watara - Supervision/Named_Boxarts/Tennis Pro '92 (1992)(BITS).png</thumbnail><marquee>~/../thumbs/Watara - Supervision/Named_Logos/Tennis Pro '92 (1992)(BITS).png</marquee></game>
<game><path>./Watara Supervision TOSEC/Thunder Shooting (1992)(Thin Chen).zip</path><name>Thunder Shooting (1992)(Thin Chen)</name><image>~/../thumbs/Watara - Supervision/Named_Snaps/Thunder Shooting (1992)(Thin Chen).png</image><titleshot>~/../thumbs/Watara - Supervision/Named_Titles/Thunder Shooting (1992)(Thin Chen).png</titleshot><thumbnail>~/../thumbs/Watara - Supervision/Named_Boxarts/Thunder Shooting (1992)(Thin Chen).png</thumbnail><marquee>~/../thumbs/Watara - Supervision/Named_Logos/Thunder Shooting (1992)(Thin Chen).png</marquee></game>
<game><path>./Watara Supervision TOSEC/Treasure Hunter (1992)(Bon Treasure).zip</path><name>Treasure Hunter (1992)(Bon Treasure)</name><image>~/../thumbs/Watara - Supervision/Named_Snaps/Treasure Hunter (1992)(Bon Treasure).png</image><titleshot>~/../thumbs/Watara - Supervision/Named_Titles/Treasure Hunter (1992)(Bon Treasure).png</titleshot><thumbnail>~/../thumbs/Watara - Supervision/Named_Boxarts/Treasure Hunter (1992)(Bon Treasure).png</thumbnail><marquee>~/../thumbs/Watara - Supervision/Named_Logos/Treasure Hunter (1992)(Bon Treasure).png</marquee></game>
<game><path>./Watara Supervision TOSEC/Untouchable (199x)(Bon Treasure).zip</path><name>Untouchable (199x)(Bon Treasure)</name><image>~/../thumbs/Watara - Supervision/Named_Snaps/Untouchable (199x)(Bon Treasure).png</image><titleshot>~/../thumbs/Watara - Supervision/Named_Titles/Untouchable (199x)(Bon Treasure).png</titleshot><thumbnail>~/../thumbs/Watara - Supervision/Named_Boxarts/Untouchable (199x)(Bon Treasure).png</thumbnail><marquee>~/../thumbs/Watara - Supervision/Named_Logos/Untouchable (199x)(Bon Treasure).png</marquee></game>
<game><path>./Watara Supervision TOSEC/Witty Cat (199x)(Bon Treasure).zip</path><name>Witty Cat (199x)(Bon Treasure)</name><image>~/../thumbs/Watara - Supervision/Named_Snaps/Witty Cat (199x)(Bon Treasure).png</image><titleshot>~/../thumbs/Watara - Supervision/Named_Titles/Witty Cat (199x)(Bon Treasure).png</titleshot><thumbnail>~/../thumbs/Watara - Supervision/Named_Boxarts/Witty Cat (199x)(Bon Treasure).png</thumbnail><marquee>~/../thumbs/Watara - Supervision/Named_Logos/Witty Cat (199x)(Bon Treasure).png</marquee></game>
<folder><path>./Watara Supervision TOSEC</path><name>Watara Supervision TOSEC</name><image>~/../thumb/supervision.png</image></folder>
</gameList>
