<gameList>
<game><path>./Coleco Adam//home/runner/rom/TOSEC/Coleco/ColecoVision ADAM/Games/[DSK]/Coleco ColecoVision ADAM - Games - [DSK].zip</path><name>/home/runner/rom/TOSEC/Coleco/ColecoVision ADAM/Games/[DSK]/Coleco ColecoVision ADAM - Games - [DSK]</name><image>~/../thumbs/Coleco - Adam/Named_Snaps//home/runner/rom/TOSEC/Coleco/ColecoVision ADAM/Games/[DSK]/Coleco ColecoVision ADAM - Games - [DSK].png</image><titleshot>~/../thumbs/Coleco - Adam/Named_Titles//home/runner/rom/TOSEC/Coleco/ColecoVision ADAM/Games/[DSK]/Coleco ColecoVision ADAM - Games - [DSK].png</titleshot><thumbnail>~/../thumbs/Coleco - Adam/Named_Boxarts//home/runner/rom/TOSEC/Coleco/ColecoVision ADAM/Games/[DSK]/Coleco ColecoVision ADAM - Games - [DSK].png</thumbnail><marquee>~/../thumbs/Coleco - Adam/Named_Logos//home/runner/rom/TOSEC/Coleco/ColecoVision ADAM/Games/[DSK]/Coleco ColecoVision ADAM - Games - [DSK].png</marquee></game>
<folder><path>./Coleco Adam</path><name>Coleco Adam</name><image>~/../thumb/adam.png</image></folder>
</gameList>
