<gameList>
<game><path>./Neo Geo AES//home/runner/rom/Internet Archive/retro_game_champion/Game Sets/SNK Neo Geo AES Champion Collection/SNK Neo Geo AES Champion Collection.zip</path><name>/home/runner/rom/Internet Archive/retro_game_champion/Game Sets/SNK Neo Geo AES Champion Collection/SNK Neo Geo AES Champion Collection</name><image>~/../thumbs/MAME/Named_Snaps//home/runner/rom/Internet Archive/retro_game_champion/Game Sets/SNK Neo Geo AES Champion Collection/SNK Neo Geo AES Champion Collection.png</image><titleshot>~/../thumbs/MAME/Named_Titles//home/runner/rom/Internet Archive/retro_game_champion/Game Sets/SNK Neo Geo AES Champion Collection/SNK Neo Geo AES Champion Collection.png</titleshot><thumbnail>~/../thumbs/MAME/Named_Boxarts//home/runner/rom/Internet Archive/retro_game_champion/Game Sets/SNK Neo Geo AES Champion Collection/SNK Neo Geo AES Champion Collection.png</thumbnail><marquee>~/../thumbs/MAME/Named_Logos//home/runner/rom/Internet Archive/retro_game_champion/Game Sets/SNK Neo Geo AES Champion Collection/SNK Neo Geo AES Champion Collection.png</marquee></game>
<folder><path>./Neo Geo AES</path><name>Neo Geo AES</name><image>~/../thumb/neogeo.png</image></folder>
<game><path>./Neo Geo MVS//home/runner/rom/Internet Archive/EBZero/retro-roms-best-set/SNK - NEO GEO.zip</path><name>/home/runner/rom/Internet Archive/EBZero/retro-roms-best-set/SNK - NEO GEO</name><image>~/../thumbs/MAME/Named_Snaps//home/runner/rom/Internet Archive/EBZero/retro-roms-best-set/SNK - NEO GEO.png</image><titleshot>~/../thumbs/MAME/Named_Titles//home/runner/rom/Internet Archive/EBZero/retro-roms-best-set/SNK - NEO GEO.png</titleshot><thumbnail>~/../thumbs/MAME/Named_Boxarts//home/runner/rom/Internet Archive/EBZero/retro-roms-best-set/SNK - NEO GEO.png</thumbnail><marquee>~/../thumbs/MAME/Named_Logos//home/runner/rom/Internet Archive/EBZero/retro-roms-best-set/SNK - NEO GEO.png</marquee></game>
<folder><path>./Neo Geo MVS</path><name>Neo Geo MVS</name><image>~/../thumb/neogeo.png</image></folder>
</gameList>
