<gameList>
<game><path>./Sharp X1 2D//home/runner/rom/TOSEC/Sharp/X1/Games/[2D]/Sharp X1 - Games - [2D].zip</path><name>/home/runner/rom/TOSEC/Sharp/X1/Games/[2D]/Sharp X1 - Games - [2D]</name><image>~/../thumbs/Sharp - X1/Named_Snaps//home/runner/rom/TOSEC/Sharp/X1/Games/[2D]/Sharp X1 - Games - [2D].png</image><titleshot>~/../thumbs/Sharp - X1/Named_Titles//home/runner/rom/TOSEC/Sharp/X1/Games/[2D]/Sharp X1 - Games - [2D].png</titleshot><thumbnail>~/../thumbs/Sharp - X1/Named_Boxarts//home/runner/rom/TOSEC/Sharp/X1/Games/[2D]/Sharp X1 - Games - [2D].png</thumbnail><marquee>~/../thumbs/Sharp - X1/Named_Logos//home/runner/rom/TOSEC/Sharp/X1/Games/[2D]/Sharp X1 - Games - [2D].png</marquee></game>
<folder><path>./Sharp X1 2D</path><name>Sharp X1 2D</name><image>~/../thumb/x1.png</image></folder>
<game><path>./Sharp X1 D88//home/runner/rom/TOSEC/Sharp/X1/Games/[D88]/Sharp X1 - Games - [D88].zip</path><name>/home/runner/rom/TOSEC/Sharp/X1/Games/[D88]/Sharp X1 - Games - [D88]</name><image>~/../thumbs/Sharp - X1/Named_Snaps//home/runner/rom/TOSEC/Sharp/X1/Games/[D88]/Sharp X1 - Games - [D88].png</image><titleshot>~/../thumbs/Sharp - X1/Named_Titles//home/runner/rom/TOSEC/Sharp/X1/Games/[D88]/Sharp X1 - Games - [D88].png</titleshot><thumbnail>~/../thumbs/Sharp - X1/Named_Boxarts//home/runner/rom/TOSEC/Sharp/X1/Games/[D88]/Sharp X1 - Games - [D88].png</thumbnail><marquee>~/../thumbs/Sharp - X1/Named_Logos//home/runner/rom/TOSEC/Sharp/X1/Games/[D88]/Sharp X1 - Games - [D88].png</marquee></game>
<folder><path>./Sharp X1 D88</path><name>Sharp X1 D88</name><image>~/../thumb/x1.png</image></folder>
</gameList>
