<gameList>
<game><path>./Merged/demo.zip</path><name>demo</name><image>~/../thumbs/Samsung - SPC-1500/Named_Snaps/demo.png</image></game>
<game><path>./Merged/demoa.zip</path><name>demoa</name><image>~/../thumbs/Samsung - SPC-1500/Named_Snaps/demoa.png</image></game>
<game><path>./Merged/galaga.zip</path><name>galaga</name><image>~/../thumbs/Samsung - SPC-1500/Named_Snaps/galaga.png</image></game>
<game><path>./Merged/ldrun.zip</path><name>ldrun</name><image>~/../thumbs/Samsung - SPC-1500/Named_Snaps/ldrun.png</image></game>
<folder><path>./Merged</path><name>Merged</name><image>~/../thumb/spc1500.png</image></folder>
<game><path>./Split/demo.zip</path><name>demo</name><image>~/../thumbs/Samsung - SPC-1500/Named_Snaps/demo.png</image></game>
<game><path>./Split/demoa.zip</path><name>demoa</name><image>~/../thumbs/Samsung - SPC-1500/Named_Snaps/demoa.png</image></game>
<game><path>./Split/galaga.zip</path><name>galaga</name><image>~/../thumbs/Samsung - SPC-1500/Named_Snaps/galaga.png</image></game>
<game><path>./Split/ldrun.zip</path><name>ldrun</name><image>~/../thumbs/Samsung - SPC-1500/Named_Snaps/ldrun.png</image></game>
<folder><path>./Split</path><name>Split</name><image>~/../thumb/spc1500.png</image></folder>
</gameList>
