<gameList>
<game><path>./Magnavox Odyssey 2 NoIntro/4 en 1 Ligne (France).zip</path><name>4 en 1 Ligne (France)</name><image>~/../thumbs/Magnavox - Odyssey2/Named_Snaps/4 en 1 Ligne (France).png</image><titleshot>~/../thumbs/Magnavox - Odyssey2/Named_Titles/4 en 1 Ligne (France).png</titleshot><thumbnail>~/../thumbs/Magnavox - Odyssey2/Named_Boxarts/4 en 1 Ligne (France).png</thumbnail><marquee>~/../thumbs/Magnavox - Odyssey2/Named_Logos/4 en 1 Ligne (France).png</marquee></game>
<game><path>./Magnavox Odyssey 2 NoIntro/4 in 1 Row (Europe).zip</path><name>4 in 1 Row (Europe)</name><image>~/../thumbs/Magnavox - Odyssey2/Named_Snaps/4 in 1 Row (Europe).png</image><titleshot>~/../thumbs/Magnavox - Odyssey2/Named_Titles/4 in 1 Row (Europe).png</titleshot><thumbnail>~/../thumbs/Magnavox - Odyssey2/Named_Boxarts/4 in 1 Row (Europe).png</thumbnail><marquee>~/../thumbs/Magnavox - Odyssey2/Named_Logos/4 in 1 Row (Europe).png</marquee></game>
<game><path>./Magnavox Odyssey 2 NoIntro/Alien Invaders - Plus (USA, Europe).zip</path><name>Alien Invaders - Plus (USA, Europe)</name><image>~/../thumbs/Magnavox - Odyssey2/Named_Snaps/Alien Invaders - Plus (USA, Europe).png</image><titleshot>~/../thumbs/Magnavox - Odyssey2/Named_Titles/Alien Invaders - Plus (USA, Europe).png</titleshot><thumbnail>~/../thumbs/Magnavox - Odyssey2/Named_Boxarts/Alien Invaders - Plus (USA, Europe).png</thumbnail><marquee>~/../thumbs/Magnavox - Odyssey2/Named_Logos/Alien Invaders - Plus (USA, Europe).png</marquee></game>
<game><path>./Magnavox Odyssey 2 NoIntro/Alpine Skiing (USA, Europe).zip</path><name>Alpine Skiing (USA, Europe)</name><image>~/../thumbs/Magnavox - Odyssey2/Named_Snaps/Alpine Skiing (USA, Europe).png</image><titleshot>~/../thumbs/Magnavox - Odyssey2/Named_Titles/Alpine Skiing (USA, Europe).png</titleshot><thumbnail>~/../thumbs/Magnavox - Odyssey2/Named_Boxarts/Alpine Skiing (USA, Europe).png</thumbnail><marquee>~/../thumbs/Magnavox - Odyssey2/Named_Logos/Alpine Skiing (USA, Europe).png</marquee></game>
<game><path>./Magnavox Odyssey 2 NoIntro/Armored Encounter + Sub Chase (USA, Europe).zip</path><name>Armored Encounter + Sub Chase (USA, Europe)</name><image>~/../thumbs/Magnavox - Odyssey2/Named_Snaps/Armored Encounter + Sub Chase (USA, Europe).png</image><titleshot>~/../thumbs/Magnavox - Odyssey2/Named_Titles/Armored Encounter + Sub Chase (USA, Europe).png</titleshot><thumbnail>~/../thumbs/Magnavox - Odyssey2/Named_Boxarts/Armored Encounter + Sub Chase (USA, Europe).png</thumbnail><marquee>~/../thumbs/Magnavox - Odyssey2/Named_Logos/Armored Encounter + Sub Chase (USA, Europe).png</marquee></game>
<game><path>./Magnavox Odyssey 2 NoIntro/Atlantis (USA, Europe).zip</path><name>Atlantis (USA, Europe)</name><image>~/../thumbs/Magnavox - Odyssey2/Named_Snaps/Atlantis (USA, Europe).png</image><titleshot>~/../thumbs/Magnavox - Odyssey2/Named_Titles/Atlantis (USA, Europe).png</titleshot><thumbnail>~/../thumbs/Magnavox - Odyssey2/Named_Boxarts/Atlantis (USA, Europe).png</thumbnail><marquee>~/../thumbs/Magnavox - Odyssey2/Named_Logos/Atlantis (USA, Europe).png</marquee></game>
<game><path>./Magnavox Odyssey 2 NoIntro/Attack of the Timelord (USA).zip</path><name>Attack of the Timelord (USA)</name><image>~/../thumbs/Magnavox - Odyssey2/Named_Snaps/Attack of the Timelord (USA).png</image><titleshot>~/../thumbs/Magnavox - Odyssey2/Named_Titles/Attack of the Timelord (USA).png</titleshot><thumbnail>~/../thumbs/Magnavox - Odyssey2/Named_Boxarts/Attack of the Timelord (USA).png</thumbnail><marquee>~/../thumbs/Magnavox - Odyssey2/Named_Logos/Attack of the Timelord (USA).png</marquee></game>
<game><path>./Magnavox Odyssey 2 NoIntro/Baseball (USA, Europe).zip</path><name>Baseball (USA, Europe)</name><image>~/../thumbs/Magnavox - Odyssey2/Named_Snaps/Baseball (USA, Europe).png</image><titleshot>~/../thumbs/Magnavox - Odyssey2/Named_Titles/Baseball (USA, Europe).png</titleshot><thumbnail>~/../thumbs/Magnavox - Odyssey2/Named_Boxarts/Baseball (USA, Europe).png</thumbnail><marquee>~/../thumbs/Magnavox - Odyssey2/Named_Logos/Baseball (USA, Europe).png</marquee></game>
<game><path>./Magnavox Odyssey 2 NoIntro/Billard Electrique (France).zip</path><name>Billard Electrique (France)</name><image>~/../thumbs/Magnavox - Odyssey2/Named_Snaps/Billard Electrique (France).png</image><titleshot>~/../thumbs/Magnavox - Odyssey2/Named_Titles/Billard Electrique (France).png</titleshot><thumbnail>~/../thumbs/Magnavox - Odyssey2/Named_Boxarts/Billard Electrique (France).png</thumbnail><marquee>~/../thumbs/Magnavox - Odyssey2/Named_Logos/Billard Electrique (France).png</marquee></game>
<game><path>./Magnavox Odyssey 2 NoIntro/Billiard Americain (France).zip</path><name>Billiard Americain (France)</name><image>~/../thumbs/Magnavox - Odyssey2/Named_Snaps/Billiard Americain (France).png</image><titleshot>~/../thumbs/Magnavox - Odyssey2/Named_Titles/Billiard Americain (France).png</titleshot><thumbnail>~/../thumbs/Magnavox - Odyssey2/Named_Boxarts/Billiard Americain (France).png</thumbnail><marquee>~/../thumbs/Magnavox - Odyssey2/Named_Logos/Billiard Americain (France).png</marquee></game>
<game><path>./Magnavox Odyssey 2 NoIntro/Blackjack (France).zip</path><name>Blackjack (France)</name><image>~/../thumbs/Magnavox - Odyssey2/Named_Snaps/Blackjack (France).png</image><titleshot>~/../thumbs/Magnavox - Odyssey2/Named_Titles/Blackjack (France).png</titleshot><thumbnail>~/../thumbs/Magnavox - Odyssey2/Named_Boxarts/Blackjack (France).png</thumbnail><marquee>~/../thumbs/Magnavox - Odyssey2/Named_Logos/Blackjack (France).png</marquee></game>
<game><path>./Magnavox Odyssey 2 NoIntro/Blobbers, The (Europe).zip</path><name>Blobbers, The (Europe)</name><image>~/../thumbs/Magnavox - Odyssey2/Named_Snaps/Blobbers, The (Europe).png</image><titleshot>~/../thumbs/Magnavox - Odyssey2/Named_Titles/Blobbers, The (Europe).png</titleshot><thumbnail>~/../thumbs/Magnavox - Odyssey2/Named_Boxarts/Blobbers, The (Europe).png</thumbnail><marquee>~/../thumbs/Magnavox - Odyssey2/Named_Logos/Blobbers, The (Europe).png</marquee></game>
<game><path>./Magnavox Odyssey 2 NoIntro/Blockout + Breakdown (USA, Europe).zip</path><name>Blockout + Breakdown (USA, Europe)</name><image>~/../thumbs/Magnavox - Odyssey2/Named_Snaps/Blockout + Breakdown (USA, Europe).png</image><titleshot>~/../thumbs/Magnavox - Odyssey2/Named_Titles/Blockout + Breakdown (USA, Europe).png</titleshot><thumbnail>~/../thumbs/Magnavox - Odyssey2/Named_Boxarts/Blockout + Breakdown (USA, Europe).png</thumbnail><marquee>~/../thumbs/Magnavox - Odyssey2/Named_Logos/Blockout + Breakdown (USA, Europe).png</marquee></game>
<game><path>./Magnavox Odyssey 2 NoIntro/Bombardeio Submarino + Tiro ao Alvo (Brazil) (En).zip</path><name>Bombardeio Submarino + Tiro ao Alvo (Brazil) (En)</name><image>~/../thumbs/Magnavox - Odyssey2/Named_Snaps/Bombardeio Submarino + Tiro ao Alvo (Brazil) (En).png</image><titleshot>~/../thumbs/Magnavox - Odyssey2/Named_Titles/Bombardeio Submarino + Tiro ao Alvo (Brazil) (En).png</titleshot><thumbnail>~/../thumbs/Magnavox - Odyssey2/Named_Boxarts/Bombardeio Submarino + Tiro ao Alvo (Brazil) (En).png</thumbnail><marquee>~/../thumbs/Magnavox - Odyssey2/Named_Logos/Bombardeio Submarino + Tiro ao Alvo (Brazil) (En).png</marquee></game>
<game><path>./Magnavox Odyssey 2 NoIntro/Bowling + Basketball (USA, Europe).zip</path><name>Bowling + Basketball (USA, Europe)</name><image>~/../thumbs/Magnavox - Odyssey2/Named_Snaps/Bowling + Basketball (USA, Europe).png</image><titleshot>~/../thumbs/Magnavox - Odyssey2/Named_Titles/Bowling + Basketball (USA, Europe).png</titleshot><thumbnail>~/../thumbs/Magnavox - Odyssey2/Named_Boxarts/Bowling + Basketball (USA, Europe).png</thumbnail><marquee>~/../thumbs/Magnavox - Odyssey2/Named_Logos/Bowling + Basketball (USA, Europe).png</marquee></game>
<game><path>./Magnavox Odyssey 2 NoIntro/Buraco Negro (Brazil) (En).zip</path><name>Buraco Negro (Brazil) (En)</name><image>~/../thumbs/Magnavox - Odyssey2/Named_Snaps/Buraco Negro (Brazil) (En).png</image><titleshot>~/../thumbs/Magnavox - Odyssey2/Named_Titles/Buraco Negro (Brazil) (En).png</titleshot><thumbnail>~/../thumbs/Magnavox - Odyssey2/Named_Boxarts/Buraco Negro (Brazil) (En).png</thumbnail><marquee>~/../thumbs/Magnavox - Odyssey2/Named_Logos/Buraco Negro (Brazil) (En).png</marquee></game>
<game><path>./Magnavox Odyssey 2 NoIntro/Casino Slot Machine (USA, Europe).zip</path><name>Casino Slot Machine (USA, Europe)</name><image>~/../thumbs/Magnavox - Odyssey2/Named_Snaps/Casino Slot Machine (USA, Europe).png</image><titleshot>~/../thumbs/Magnavox - Odyssey2/Named_Titles/Casino Slot Machine (USA, Europe).png</titleshot><thumbnail>~/../thumbs/Magnavox - Odyssey2/Named_Boxarts/Casino Slot Machine (USA, Europe).png</thumbnail><marquee>~/../thumbs/Magnavox - Odyssey2/Named_Logos/Casino Slot Machine (USA, Europe).png</marquee></game>
<game><path>./Magnavox Odyssey 2 NoIntro/Catch the Ball + Noughts and Crosses (Europe).zip</path><name>Catch the Ball + Noughts and Crosses (Europe)</name><image>~/../thumbs/Magnavox - Odyssey2/Named_Snaps/Catch the Ball + Noughts and Crosses (Europe).png</image><titleshot>~/../thumbs/Magnavox - Odyssey2/Named_Titles/Catch the Ball + Noughts and Crosses (Europe).png</titleshot><thumbnail>~/../thumbs/Magnavox - Odyssey2/Named_Boxarts/Catch the Ball + Noughts and Crosses (Europe).png</thumbnail><marquee>~/../thumbs/Magnavox - Odyssey2/Named_Logos/Catch the Ball + Noughts and Crosses (Europe).png</marquee></game>
<game><path>./Magnavox Odyssey 2 NoIntro/Chat et Souris (France).zip</path><name>Chat et Souris (France)</name><image>~/../thumbs/Magnavox - Odyssey2/Named_Snaps/Chat et Souris (France).png</image><titleshot>~/../thumbs/Magnavox - Odyssey2/Named_Titles/Chat et Souris (France).png</titleshot><thumbnail>~/../thumbs/Magnavox - Odyssey2/Named_Boxarts/Chat et Souris (France).png</thumbnail><marquee>~/../thumbs/Magnavox - Odyssey2/Named_Logos/Chat et Souris (France).png</marquee></game>
<game><path>./Magnavox Odyssey 2 NoIntro/Chess (Europe).zip</path><name>Chess (Europe)</name><image>~/../thumbs/Magnavox - Odyssey2/Named_Snaps/Chess (Europe).png</image><titleshot>~/../thumbs/Magnavox - Odyssey2/Named_Titles/Chess (Europe).png</titleshot><thumbnail>~/../thumbs/Magnavox - Odyssey2/Named_Boxarts/Chess (Europe).png</thumbnail><marquee>~/../thumbs/Magnavox - Odyssey2/Named_Logos/Chess (Europe).png</marquee></game>
<game><path>./Magnavox Odyssey 2 NoIntro/Chinese Logic (Europe).zip</path><name>Chinese Logic (Europe)</name><image>~/../thumbs/Magnavox - Odyssey2/Named_Snaps/Chinese Logic (Europe).png</image><titleshot>~/../thumbs/Magnavox - Odyssey2/Named_Titles/Chinese Logic (Europe).png</titleshot><thumbnail>~/../thumbs/Magnavox - Odyssey2/Named_Boxarts/Chinese Logic (Europe).png</thumbnail><marquee>~/../thumbs/Magnavox - Odyssey2/Named_Logos/Chinese Logic (Europe).png</marquee></game>
<game><path>./Magnavox Odyssey 2 NoIntro/Clay Pigeon (Brazil) (En).zip</path><name>Clay Pigeon (Brazil) (En)</name><image>~/../thumbs/Magnavox - Odyssey2/Named_Snaps/Clay Pigeon (Brazil) (En).png</image><titleshot>~/../thumbs/Magnavox - Odyssey2/Named_Titles/Clay Pigeon (Brazil) (En).png</titleshot><thumbnail>~/../thumbs/Magnavox - Odyssey2/Named_Boxarts/Clay Pigeon (Brazil) (En).png</thumbnail><marquee>~/../thumbs/Magnavox - Odyssey2/Named_Logos/Clay Pigeon (Brazil) (En).png</marquee></game>
<game><path>./Magnavox Odyssey 2 NoIntro/Comando Noturno (Brazil) (En).zip</path><name>Comando Noturno (Brazil) (En)</name><image>~/../thumbs/Magnavox - Odyssey2/Named_Snaps/Comando Noturno (Brazil) (En).png</image><titleshot>~/../thumbs/Magnavox - Odyssey2/Named_Titles/Comando Noturno (Brazil) (En).png</titleshot><thumbnail>~/../thumbs/Magnavox - Odyssey2/Named_Boxarts/Comando Noturno (Brazil) (En).png</thumbnail><marquee>~/../thumbs/Magnavox - Odyssey2/Named_Logos/Comando Noturno (Brazil) (En).png</marquee></game>
<game><path>./Magnavox Odyssey 2 NoIntro/Computer Golf (USA).zip</path><name>Computer Golf (USA)</name><image>~/../thumbs/Magnavox - Odyssey2/Named_Snaps/Computer Golf (USA).png</image><titleshot>~/../thumbs/Magnavox - Odyssey2/Named_Titles/Computer Golf (USA).png</titleshot><thumbnail>~/../thumbs/Magnavox - Odyssey2/Named_Boxarts/Computer Golf (USA).png</thumbnail><marquee>~/../thumbs/Magnavox - Odyssey2/Named_Logos/Computer Golf (USA).png</marquee></game>
<game><path>./Magnavox Odyssey 2 NoIntro/Computer Intro (USA).zip</path><name>Computer Intro (USA)</name><image>~/../thumbs/Magnavox - Odyssey2/Named_Snaps/Computer Intro (USA).png</image><titleshot>~/../thumbs/Magnavox - Odyssey2/Named_Titles/Computer Intro (USA).png</titleshot><thumbnail>~/../thumbs/Magnavox - Odyssey2/Named_Boxarts/Computer Intro (USA).png</thumbnail><marquee>~/../thumbs/Magnavox - Odyssey2/Named_Logos/Computer Intro (USA).png</marquee></game>
<game><path>./Magnavox Odyssey 2 NoIntro/Computer Programmer (Europe).zip</path><name>Computer Programmer (Europe)</name><image>~/../thumbs/Magnavox - Odyssey2/Named_Snaps/Computer Programmer (Europe).png</image><titleshot>~/../thumbs/Magnavox - Odyssey2/Named_Titles/Computer Programmer (Europe).png</titleshot><thumbnail>~/../thumbs/Magnavox - Odyssey2/Named_Boxarts/Computer Programmer (Europe).png</thumbnail><marquee>~/../thumbs/Magnavox - Odyssey2/Named_Logos/Computer Programmer (Europe).png</marquee></game>
<game><path>./Magnavox Odyssey 2 NoIntro/Conflit Cosmique (Canada).zip</path><name>Conflit Cosmique (Canada)</name><image>~/../thumbs/Magnavox - Odyssey2/Named_Snaps/Conflit Cosmique (Canada).png</image><titleshot>~/../thumbs/Magnavox - Odyssey2/Named_Titles/Conflit Cosmique (Canada).png</titleshot><thumbnail>~/../thumbs/Magnavox - Odyssey2/Named_Boxarts/Conflit Cosmique (Canada).png</thumbnail><marquee>~/../thumbs/Magnavox - Odyssey2/Named_Logos/Conflit Cosmique (Canada).png</marquee></game>
<game><path>./Magnavox Odyssey 2 NoIntro/Conquest of the World (USA, Europe).zip</path><name>Conquest of the World (USA, Europe)</name><image>~/../thumbs/Magnavox - Odyssey2/Named_Snaps/Conquest of the World (USA, Europe).png</image><titleshot>~/../thumbs/Magnavox - Odyssey2/Named_Titles/Conquest of the World (USA, Europe).png</titleshot><thumbnail>~/../thumbs/Magnavox - Odyssey2/Named_Boxarts/Conquest of the World (USA, Europe).png</thumbnail><marquee>~/../thumbs/Magnavox - Odyssey2/Named_Logos/Conquest of the World (USA, Europe).png</marquee></game>
<game><path>./Magnavox Odyssey 2 NoIntro/Cosmic Conflict (Europe) (Alt).zip</path><name>Cosmic Conflict (Europe) (Alt)</name><image>~/../thumbs/Magnavox - Odyssey2/Named_Snaps/Cosmic Conflict (Europe) (Alt).png</image><titleshot>~/../thumbs/Magnavox - Odyssey2/Named_Titles/Cosmic Conflict (Europe) (Alt).png</titleshot><thumbnail>~/../thumbs/Magnavox - Odyssey2/Named_Boxarts/Cosmic Conflict (Europe) (Alt).png</thumbnail><marquee>~/../thumbs/Magnavox - Odyssey2/Named_Logos/Cosmic Conflict (Europe) (Alt).png</marquee><hidden>true</hidden></game>
<game><path>./Magnavox Odyssey 2 NoIntro/Cosmic Conflict (Europe).zip</path><name>Cosmic Conflict (Europe)</name><image>~/../thumbs/Magnavox - Odyssey2/Named_Snaps/Cosmic Conflict (Europe).png</image><titleshot>~/../thumbs/Magnavox - Odyssey2/Named_Titles/Cosmic Conflict (Europe).png</titleshot><thumbnail>~/../thumbs/Magnavox - Odyssey2/Named_Boxarts/Cosmic Conflict (Europe).png</thumbnail><marquee>~/../thumbs/Magnavox - Odyssey2/Named_Logos/Cosmic Conflict (Europe).png</marquee></game>
<game><path>./Magnavox Odyssey 2 NoIntro/Cosmic Conflict (USA).zip</path><name>Cosmic Conflict (USA)</name><image>~/../thumbs/Magnavox - Odyssey2/Named_Snaps/Cosmic Conflict (USA).png</image><titleshot>~/../thumbs/Magnavox - Odyssey2/Named_Titles/Cosmic Conflict (USA).png</titleshot><thumbnail>~/../thumbs/Magnavox - Odyssey2/Named_Boxarts/Cosmic Conflict (USA).png</thumbnail><marquee>~/../thumbs/Magnavox - Odyssey2/Named_Logos/Cosmic Conflict (USA).png</marquee></game>
<game><path>./Magnavox Odyssey 2 NoIntro/Course de Voitures + Autodrome + Cryptogramme (France).zip</path><name>Course de Voitures + Autodrome + Cryptogramme (France)</name><image>~/../thumbs/Magnavox - Odyssey2/Named_Snaps/Course de Voitures + Autodrome + Cryptogramme (France).png</image><titleshot>~/../thumbs/Magnavox - Odyssey2/Named_Titles/Course de Voitures + Autodrome + Cryptogramme (France).png</titleshot><thumbnail>~/../thumbs/Magnavox - Odyssey2/Named_Boxarts/Course de Voitures + Autodrome + Cryptogramme (France).png</thumbnail><marquee>~/../thumbs/Magnavox - Odyssey2/Named_Logos/Course de Voitures + Autodrome + Cryptogramme (France).png</marquee></game>
<game><path>./Magnavox Odyssey 2 NoIntro/Demon Attack (USA, Europe).zip</path><name>Demon Attack (USA, Europe)</name><image>~/../thumbs/Magnavox - Odyssey2/Named_Snaps/Demon Attack (USA, Europe).png</image><titleshot>~/../thumbs/Magnavox - Odyssey2/Named_Titles/Demon Attack (USA, Europe).png</titleshot><thumbnail>~/../thumbs/Magnavox - Odyssey2/Named_Boxarts/Demon Attack (USA, Europe).png</thumbnail><marquee>~/../thumbs/Magnavox - Odyssey2/Named_Logos/Demon Attack (USA, Europe).png</marquee></game>
<game><path>./Magnavox Odyssey 2 NoIntro/Depth Charge + Marksman (Europe).zip</path><name>Depth Charge + Marksman (Europe)</name><image>~/../thumbs/Magnavox - Odyssey2/Named_Snaps/Depth Charge + Marksman (Europe).png</image><titleshot>~/../thumbs/Magnavox - Odyssey2/Named_Titles/Depth Charge + Marksman (Europe).png</titleshot><thumbnail>~/../thumbs/Magnavox - Odyssey2/Named_Boxarts/Depth Charge + Marksman (Europe).png</thumbnail><marquee>~/../thumbs/Magnavox - Odyssey2/Named_Logos/Depth Charge + Marksman (Europe).png</marquee></game>
<game><path>./Magnavox Odyssey 2 NoIntro/Desafio Chines (Brazil) (En).zip</path><name>Desafio Chines (Brazil) (En)</name><image>~/../thumbs/Magnavox - Odyssey2/Named_Snaps/Desafio Chines (Brazil) (En).png</image><titleshot>~/../thumbs/Magnavox - Odyssey2/Named_Titles/Desafio Chines (Brazil) (En).png</titleshot><thumbnail>~/../thumbs/Magnavox - Odyssey2/Named_Boxarts/Desafio Chines (Brazil) (En).png</thumbnail><marquee>~/../thumbs/Magnavox - Odyssey2/Named_Logos/Desafio Chines (Brazil) (En).png</marquee></game>
<game><path>./Magnavox Odyssey 2 NoIntro/Dynasty (USA).zip</path><name>Dynasty (USA)</name><image>~/../thumbs/Magnavox - Odyssey2/Named_Snaps/Dynasty (USA).png</image><titleshot>~/../thumbs/Magnavox - Odyssey2/Named_Titles/Dynasty (USA).png</titleshot><thumbnail>~/../thumbs/Magnavox - Odyssey2/Named_Boxarts/Dynasty (USA).png</thumbnail><marquee>~/../thumbs/Magnavox - Odyssey2/Named_Logos/Dynasty (USA).png</marquee></game>
<game><path>./Magnavox Odyssey 2 NoIntro/Electronic Table Soccer (USA, Europe).zip</path><name>Electronic Table Soccer (USA, Europe)</name><image>~/../thumbs/Magnavox - Odyssey2/Named_Snaps/Electronic Table Soccer (USA, Europe).png</image><titleshot>~/../thumbs/Magnavox - Odyssey2/Named_Titles/Electronic Table Soccer (USA, Europe).png</titleshot><thumbnail>~/../thumbs/Magnavox - Odyssey2/Named_Boxarts/Electronic Table Soccer (USA, Europe).png</thumbnail><marquee>~/../thumbs/Magnavox - Odyssey2/Named_Logos/Electronic Table Soccer (USA, Europe).png</marquee></game>
<game><path>./Magnavox Odyssey 2 NoIntro/Faire du ski (France).zip</path><name>Faire du ski (France)</name><image>~/../thumbs/Magnavox - Odyssey2/Named_Snaps/Faire du ski (France).png</image><titleshot>~/../thumbs/Magnavox - Odyssey2/Named_Titles/Faire du ski (France).png</titleshot><thumbnail>~/../thumbs/Magnavox - Odyssey2/Named_Boxarts/Faire du ski (France).png</thumbnail><marquee>~/../thumbs/Magnavox - Odyssey2/Named_Logos/Faire du ski (France).png</marquee></game>
<game><path>./Magnavox Odyssey 2 NoIntro/Football (USA, Europe).zip</path><name>Football (USA, Europe)</name><image>~/../thumbs/Magnavox - Odyssey2/Named_Snaps/Football (USA, Europe).png</image><titleshot>~/../thumbs/Magnavox - Odyssey2/Named_Titles/Football (USA, Europe).png</titleshot><thumbnail>~/../thumbs/Magnavox - Odyssey2/Named_Boxarts/Football (USA, Europe).png</thumbnail><marquee>~/../thumbs/Magnavox - Odyssey2/Named_Logos/Football (USA, Europe).png</marquee></game>
<game><path>./Magnavox Odyssey 2 NoIntro/Football Electronique + Hockey Electronique (France).zip</path><name>Football Electronique + Hockey Electronique (France)</name><image>~/../thumbs/Magnavox - Odyssey2/Named_Snaps/Football Electronique + Hockey Electronique (France).png</image><titleshot>~/../thumbs/Magnavox - Odyssey2/Named_Titles/Football Electronique + Hockey Electronique (France).png</titleshot><thumbnail>~/../thumbs/Magnavox - Odyssey2/Named_Boxarts/Football Electronique + Hockey Electronique (France).png</thumbnail><marquee>~/../thumbs/Magnavox - Odyssey2/Named_Logos/Football Electronique + Hockey Electronique (France).png</marquee></game>
<game><path>./Magnavox Odyssey 2 NoIntro/Freedom Fighters (USA, Europe).zip</path><name>Freedom Fighters (USA, Europe)</name><image>~/../thumbs/Magnavox - Odyssey2/Named_Snaps/Freedom Fighters (USA, Europe).png</image><titleshot>~/../thumbs/Magnavox - Odyssey2/Named_Titles/Freedom Fighters (USA, Europe).png</titleshot><thumbnail>~/../thumbs/Magnavox - Odyssey2/Named_Boxarts/Freedom Fighters (USA, Europe).png</thumbnail><marquee>~/../thumbs/Magnavox - Odyssey2/Named_Logos/Freedom Fighters (USA, Europe).png</marquee></game>
<game><path>./Magnavox Odyssey 2 NoIntro/Frogger (Brazil) (En).zip</path><name>Frogger (Brazil) (En)</name><image>~/../thumbs/Magnavox - Odyssey2/Named_Snaps/Frogger (Brazil) (En).png</image><titleshot>~/../thumbs/Magnavox - Odyssey2/Named_Titles/Frogger (Brazil) (En).png</titleshot><thumbnail>~/../thumbs/Magnavox - Odyssey2/Named_Boxarts/Frogger (Brazil) (En).png</thumbnail><marquee>~/../thumbs/Magnavox - Odyssey2/Named_Logos/Frogger (Brazil) (En).png</marquee></game>
<game><path>./Magnavox Odyssey 2 NoIntro/Frogger (Europe).zip</path><name>Frogger (Europe)</name><image>~/../thumbs/Magnavox - Odyssey2/Named_Snaps/Frogger (Europe).png</image><titleshot>~/../thumbs/Magnavox - Odyssey2/Named_Titles/Frogger (Europe).png</titleshot><thumbnail>~/../thumbs/Magnavox - Odyssey2/Named_Boxarts/Frogger (Europe).png</thumbnail><marquee>~/../thumbs/Magnavox - Odyssey2/Named_Logos/Frogger (Europe).png</marquee></game>
<game><path>./Magnavox Odyssey 2 NoIntro/Golf (Europe).zip</path><name>Golf (Europe)</name><image>~/../thumbs/Magnavox - Odyssey2/Named_Snaps/Golf (Europe).png</image><titleshot>~/../thumbs/Magnavox - Odyssey2/Named_Titles/Golf (Europe).png</titleshot><thumbnail>~/../thumbs/Magnavox - Odyssey2/Named_Boxarts/Golf (Europe).png</thumbnail><marquee>~/../thumbs/Magnavox - Odyssey2/Named_Logos/Golf (Europe).png</marquee></game>
<game><path>./Magnavox Odyssey 2 NoIntro/Great Wall Street Fortune Hunt, The (USA, Europe).zip</path><name>Great Wall Street Fortune Hunt, The (USA, Europe)</name><image>~/../thumbs/Magnavox - Odyssey2/Named_Snaps/Great Wall Street Fortune Hunt, The (USA, Europe).png</image><titleshot>~/../thumbs/Magnavox - Odyssey2/Named_Titles/Great Wall Street Fortune Hunt, The (USA, Europe).png</titleshot><thumbnail>~/../thumbs/Magnavox - Odyssey2/Named_Boxarts/Great Wall Street Fortune Hunt, The (USA, Europe).png</thumbnail><marquee>~/../thumbs/Magnavox - Odyssey2/Named_Logos/Great Wall Street Fortune Hunt, The (USA, Europe).png</marquee></game>
<game><path>./Magnavox Odyssey 2 NoIntro/Guerre Laser (France).zip</path><name>Guerre Laser (France)</name><image>~/../thumbs/Magnavox - Odyssey2/Named_Snaps/Guerre Laser (France).png</image><titleshot>~/../thumbs/Magnavox - Odyssey2/Named_Titles/Guerre Laser (France).png</titleshot><thumbnail>~/../thumbs/Magnavox - Odyssey2/Named_Boxarts/Guerre Laser (France).png</thumbnail><marquee>~/../thumbs/Magnavox - Odyssey2/Named_Logos/Guerre Laser (France).png</marquee></game>
<game><path>./Magnavox Odyssey 2 NoIntro/Gunfighter (Europe).zip</path><name>Gunfighter (Europe)</name><image>~/../thumbs/Magnavox - Odyssey2/Named_Snaps/Gunfighter (Europe).png</image><titleshot>~/../thumbs/Magnavox - Odyssey2/Named_Titles/Gunfighter (Europe).png</titleshot><thumbnail>~/../thumbs/Magnavox - Odyssey2/Named_Boxarts/Gunfighter (Europe).png</thumbnail><marquee>~/../thumbs/Magnavox - Odyssey2/Named_Logos/Gunfighter (Europe).png</marquee></game>
<game><path>./Magnavox Odyssey 2 NoIntro/Hockey + Soccer (USA, Europe).zip</path><name>Hockey + Soccer (USA, Europe)</name><image>~/../thumbs/Magnavox - Odyssey2/Named_Snaps/Hockey + Soccer (USA, Europe).png</image><titleshot>~/../thumbs/Magnavox - Odyssey2/Named_Titles/Hockey + Soccer (USA, Europe).png</titleshot><thumbnail>~/../thumbs/Magnavox - Odyssey2/Named_Boxarts/Hockey + Soccer (USA, Europe).png</thumbnail><marquee>~/../thumbs/Magnavox - Odyssey2/Named_Logos/Hockey + Soccer (USA, Europe).png</marquee></game>
<game><path>./Magnavox Odyssey 2 NoIntro/I've Got Your Number (USA, Europe).zip</path><name>I've Got Your Number (USA, Europe)</name><image>~/../thumbs/Magnavox - Odyssey2/Named_Snaps/I've Got Your Number (USA, Europe).png</image><titleshot>~/../thumbs/Magnavox - Odyssey2/Named_Titles/I've Got Your Number (USA, Europe).png</titleshot><thumbnail>~/../thumbs/Magnavox - Odyssey2/Named_Boxarts/I've Got Your Number (USA, Europe).png</thumbnail><marquee>~/../thumbs/Magnavox - Odyssey2/Named_Logos/I've Got Your Number (USA, Europe).png</marquee></game>
<game><path>./Magnavox Odyssey 2 NoIntro/Interpol (Europe) (Proto).zip</path><name>Interpol (Europe) (Proto)</name><image>~/../thumbs/Magnavox - Odyssey2/Named_Snaps/Interpol (Europe) (Proto).png</image><titleshot>~/../thumbs/Magnavox - Odyssey2/Named_Titles/Interpol (Europe) (Proto).png</titleshot><thumbnail>~/../thumbs/Magnavox - Odyssey2/Named_Boxarts/Interpol (Europe) (Proto).png</thumbnail><marquee>~/../thumbs/Magnavox - Odyssey2/Named_Logos/Interpol (Europe) (Proto).png</marquee></game>
<game><path>./Magnavox Odyssey 2 NoIntro/Invaders from Hyperspace (USA).zip</path><name>Invaders from Hyperspace (USA)</name><image>~/../thumbs/Magnavox - Odyssey2/Named_Snaps/Invaders from Hyperspace (USA).png</image><titleshot>~/../thumbs/Magnavox - Odyssey2/Named_Titles/Invaders from Hyperspace (USA).png</titleshot><thumbnail>~/../thumbs/Magnavox - Odyssey2/Named_Boxarts/Invaders from Hyperspace (USA).png</thumbnail><marquee>~/../thumbs/Magnavox - Odyssey2/Named_Logos/Invaders from Hyperspace (USA).png</marquee></game>
<game><path>./Magnavox Odyssey 2 NoIntro/Jeu de Quilles + Basket Ball (France).zip</path><name>Jeu de Quilles + Basket Ball (France)</name><image>~/../thumbs/Magnavox - Odyssey2/Named_Snaps/Jeu de Quilles + Basket Ball (France).png</image><titleshot>~/../thumbs/Magnavox - Odyssey2/Named_Titles/Jeu de Quilles + Basket Ball (France).png</titleshot><thumbnail>~/../thumbs/Magnavox - Odyssey2/Named_Boxarts/Jeu de Quilles + Basket Ball (France).png</thumbnail><marquee>~/../thumbs/Magnavox - Odyssey2/Named_Logos/Jeu de Quilles + Basket Ball (France).png</marquee></game>
<game><path>./Magnavox Odyssey 2 NoIntro/Jumping Acrobats (Europe) (Alt).zip</path><name>Jumping Acrobats (Europe) (Alt)</name><image>~/../thumbs/Magnavox - Odyssey2/Named_Snaps/Jumping Acrobats (Europe) (Alt).png</image><titleshot>~/../thumbs/Magnavox - Odyssey2/Named_Titles/Jumping Acrobats (Europe) (Alt).png</titleshot><thumbnail>~/../thumbs/Magnavox - Odyssey2/Named_Boxarts/Jumping Acrobats (Europe) (Alt).png</thumbnail><marquee>~/../thumbs/Magnavox - Odyssey2/Named_Logos/Jumping Acrobats (Europe) (Alt).png</marquee><hidden>true</hidden></game>
<game><path>./Magnavox Odyssey 2 NoIntro/Jumping Acrobats (Europe).zip</path><name>Jumping Acrobats (Europe)</name><image>~/../thumbs/Magnavox - Odyssey2/Named_Snaps/Jumping Acrobats (Europe).png</image><titleshot>~/../thumbs/Magnavox - Odyssey2/Named_Titles/Jumping Acrobats (Europe).png</titleshot><thumbnail>~/../thumbs/Magnavox - Odyssey2/Named_Boxarts/Jumping Acrobats (Europe).png</thumbnail><marquee>~/../thumbs/Magnavox - Odyssey2/Named_Logos/Jumping Acrobats (Europe).png</marquee></game>
<game><path>./Magnavox Odyssey 2 NoIntro/K.C. Munchkin (USA).zip</path><name>K.C. Munchkin (USA)</name><image>~/../thumbs/Magnavox - Odyssey2/Named_Snaps/K.C. Munchkin (USA).png</image><titleshot>~/../thumbs/Magnavox - Odyssey2/Named_Titles/K.C. Munchkin (USA).png</titleshot><thumbnail>~/../thumbs/Magnavox - Odyssey2/Named_Boxarts/K.C. Munchkin (USA).png</thumbnail><marquee>~/../thumbs/Magnavox - Odyssey2/Named_Logos/K.C. Munchkin (USA).png</marquee></game>
<game><path>./Magnavox Odyssey 2 NoIntro/K.C.'s Krazy Chase (USA, Europe).zip</path><name>K.C.'s Krazy Chase (USA, Europe)</name><image>~/../thumbs/Magnavox - Odyssey2/Named_Snaps/K.C.'s Krazy Chase (USA, Europe).png</image><titleshot>~/../thumbs/Magnavox - Odyssey2/Named_Titles/K.C.'s Krazy Chase (USA, Europe).png</titleshot><thumbnail>~/../thumbs/Magnavox - Odyssey2/Named_Boxarts/K.C.'s Krazy Chase (USA, Europe).png</thumbnail><marquee>~/../thumbs/Magnavox - Odyssey2/Named_Logos/K.C.'s Krazy Chase (USA, Europe).png</marquee></game>
<game><path>./Magnavox Odyssey 2 NoIntro/Keyboard Creations (USA).zip</path><name>Keyboard Creations (USA)</name><image>~/../thumbs/Magnavox - Odyssey2/Named_Snaps/Keyboard Creations (USA).png</image><titleshot>~/../thumbs/Magnavox - Odyssey2/Named_Titles/Keyboard Creations (USA).png</titleshot><thumbnail>~/../thumbs/Magnavox - Odyssey2/Named_Boxarts/Keyboard Creations (USA).png</thumbnail><marquee>~/../thumbs/Magnavox - Odyssey2/Named_Logos/Keyboard Creations (USA).png</marquee></game>
<game><path>./Magnavox Odyssey 2 NoIntro/Killer Bees (USA).zip</path><name>Killer Bees (USA)</name><image>~/../thumbs/Magnavox - Odyssey2/Named_Snaps/Killer Bees (USA).png</image><titleshot>~/../thumbs/Magnavox - Odyssey2/Named_Titles/Killer Bees (USA).png</titleshot><thumbnail>~/../thumbs/Magnavox - Odyssey2/Named_Boxarts/Killer Bees (USA).png</thumbnail><marquee>~/../thumbs/Magnavox - Odyssey2/Named_Logos/Killer Bees (USA).png</marquee></game>
<game><path>./Magnavox Odyssey 2 NoIntro/Kinder im Verkehr 1 (Germany).zip</path><name>Kinder im Verkehr 1 (Germany)</name><image>~/../thumbs/Magnavox - Odyssey2/Named_Snaps/Kinder im Verkehr 1 (Germany).png</image><titleshot>~/../thumbs/Magnavox - Odyssey2/Named_Titles/Kinder im Verkehr 1 (Germany).png</titleshot><thumbnail>~/../thumbs/Magnavox - Odyssey2/Named_Boxarts/Kinder im Verkehr 1 (Germany).png</thumbnail><marquee>~/../thumbs/Magnavox - Odyssey2/Named_Logos/Kinder im Verkehr 1 (Germany).png</marquee></game>
<game><path>./Magnavox Odyssey 2 NoIntro/La Quete des Anneaux (France).zip</path><name>La Quete des Anneaux (France)</name><image>~/../thumbs/Magnavox - Odyssey2/Named_Snaps/La Quete des Anneaux (France).png</image><titleshot>~/../thumbs/Magnavox - Odyssey2/Named_Titles/La Quete des Anneaux (France).png</titleshot><thumbnail>~/../thumbs/Magnavox - Odyssey2/Named_Boxarts/La Quete des Anneaux (France).png</thumbnail><marquee>~/../thumbs/Magnavox - Odyssey2/Named_Logos/La Quete des Anneaux (France).png</marquee></game>
<game><path>./Magnavox Odyssey 2 NoIntro/Labyrinth Game, A + Supermind (Europe).zip</path><name>Labyrinth Game, A + Supermind (Europe)</name><image>~/../thumbs/Magnavox - Odyssey2/Named_Snaps/Labyrinth Game, A + Supermind (Europe).png</image><titleshot>~/../thumbs/Magnavox - Odyssey2/Named_Titles/Labyrinth Game, A + Supermind (Europe).png</titleshot><thumbnail>~/../thumbs/Magnavox - Odyssey2/Named_Boxarts/Labyrinth Game, A + Supermind (Europe).png</thumbnail><marquee>~/../thumbs/Magnavox - Odyssey2/Named_Logos/Labyrinth Game, A + Supermind (Europe).png</marquee></game>
<game><path>./Magnavox Odyssey 2 NoIntro/Las Vegas (France).zip</path><name>Las Vegas (France)</name><image>~/../thumbs/Magnavox - Odyssey2/Named_Snaps/Las Vegas (France).png</image><titleshot>~/../thumbs/Magnavox - Odyssey2/Named_Titles/Las Vegas (France).png</titleshot><thumbnail>~/../thumbs/Magnavox - Odyssey2/Named_Boxarts/Las Vegas (France).png</thumbnail><marquee>~/../thumbs/Magnavox - Odyssey2/Named_Logos/Las Vegas (France).png</marquee></game>
<game><path>./Magnavox Odyssey 2 NoIntro/Las Vegas Blackjack (USA, Europe).zip</path><name>Las Vegas Blackjack (USA, Europe)</name><image>~/../thumbs/Magnavox - Odyssey2/Named_Snaps/Las Vegas Blackjack (USA, Europe).png</image><titleshot>~/../thumbs/Magnavox - Odyssey2/Named_Titles/Las Vegas Blackjack (USA, Europe).png</titleshot><thumbnail>~/../thumbs/Magnavox - Odyssey2/Named_Boxarts/Las Vegas Blackjack (USA, Europe).png</thumbnail><marquee>~/../thumbs/Magnavox - Odyssey2/Named_Logos/Las Vegas Blackjack (USA, Europe).png</marquee></game>
<game><path>./Magnavox Odyssey 2 NoIntro/Laser War (Europe).zip</path><name>Laser War (Europe)</name><image>~/../thumbs/Magnavox - Odyssey2/Named_Snaps/Laser War (Europe).png</image><titleshot>~/../thumbs/Magnavox - Odyssey2/Named_Titles/Laser War (Europe).png</titleshot><thumbnail>~/../thumbs/Magnavox - Odyssey2/Named_Boxarts/Laser War (Europe).png</thumbnail><marquee>~/../thumbs/Magnavox - Odyssey2/Named_Logos/Laser War (Europe).png</marquee></game>
<game><path>./Magnavox Odyssey 2 NoIntro/Loony Balloon (Europe) (Proto).zip</path><name>Loony Balloon (Europe) (Proto)</name><image>~/../thumbs/Magnavox - Odyssey2/Named_Snaps/Loony Balloon (Europe) (Proto).png</image><titleshot>~/../thumbs/Magnavox - Odyssey2/Named_Titles/Loony Balloon (Europe) (Proto).png</titleshot><thumbnail>~/../thumbs/Magnavox - Odyssey2/Named_Boxarts/Loony Balloon (Europe) (Proto).png</thumbnail><marquee>~/../thumbs/Magnavox - Odyssey2/Named_Logos/Loony Balloon (Europe) (Proto).png</marquee></game>
<game><path>./Magnavox Odyssey 2 NoIntro/Martian Threat (Europe) (Proto) (Alt).zip</path><name>Martian Threat (Europe) (Proto) (Alt)</name><image>~/../thumbs/Magnavox - Odyssey2/Named_Snaps/Martian Threat (Europe) (Proto) (Alt).png</image><titleshot>~/../thumbs/Magnavox - Odyssey2/Named_Titles/Martian Threat (Europe) (Proto) (Alt).png</titleshot><thumbnail>~/../thumbs/Magnavox - Odyssey2/Named_Boxarts/Martian Threat (Europe) (Proto) (Alt).png</thumbnail><marquee>~/../thumbs/Magnavox - Odyssey2/Named_Logos/Martian Threat (Europe) (Proto) (Alt).png</marquee><hidden>true</hidden></game>
<game><path>./Magnavox Odyssey 2 NoIntro/Martian Threat (Europe) (Proto).zip</path><name>Martian Threat (Europe) (Proto)</name><image>~/../thumbs/Magnavox - Odyssey2/Named_Snaps/Martian Threat (Europe) (Proto).png</image><titleshot>~/../thumbs/Magnavox - Odyssey2/Named_Titles/Martian Threat (Europe) (Proto).png</titleshot><thumbnail>~/../thumbs/Magnavox - Odyssey2/Named_Boxarts/Martian Threat (Europe) (Proto).png</thumbnail><marquee>~/../thumbs/Magnavox - Odyssey2/Named_Logos/Martian Threat (Europe) (Proto).png</marquee></game>
<game><path>./Magnavox Odyssey 2 NoIntro/Matchmaker + Logix + Buzzword (USA).zip</path><name>Matchmaker + Logix + Buzzword (USA)</name><image>~/../thumbs/Magnavox - Odyssey2/Named_Snaps/Matchmaker + Logix + Buzzword (USA).png</image><titleshot>~/../thumbs/Magnavox - Odyssey2/Named_Titles/Matchmaker + Logix + Buzzword (USA).png</titleshot><thumbnail>~/../thumbs/Magnavox - Odyssey2/Named_Boxarts/Matchmaker + Logix + Buzzword (USA).png</thumbnail><marquee>~/../thumbs/Magnavox - Odyssey2/Named_Logos/Matchmaker + Logix + Buzzword (USA).png</marquee></game>
<game><path>./Magnavox Odyssey 2 NoIntro/Math-A-Magic + Echo (USA, Europe).zip</path><name>Math-A-Magic + Echo (USA, Europe)</name><image>~/../thumbs/Magnavox - Odyssey2/Named_Snaps/Math-A-Magic + Echo (USA, Europe).png</image><titleshot>~/../thumbs/Magnavox - Odyssey2/Named_Titles/Math-A-Magic + Echo (USA, Europe).png</titleshot><thumbnail>~/../thumbs/Magnavox - Odyssey2/Named_Boxarts/Math-A-Magic + Echo (USA, Europe).png</thumbnail><marquee>~/../thumbs/Magnavox - Odyssey2/Named_Logos/Math-A-Magic + Echo (USA, Europe).png</marquee></game>
<game><path>./Magnavox Odyssey 2 NoIntro/Mathematicien + Echo (France).zip</path><name>Mathematicien + Echo (France)</name><image>~/../thumbs/Magnavox - Odyssey2/Named_Snaps/Mathematicien + Echo (France).png</image><titleshot>~/../thumbs/Magnavox - Odyssey2/Named_Titles/Mathematicien + Echo (France).png</titleshot><thumbnail>~/../thumbs/Magnavox - Odyssey2/Named_Boxarts/Mathematicien + Echo (France).png</thumbnail><marquee>~/../thumbs/Magnavox - Odyssey2/Named_Logos/Mathematicien + Echo (France).png</marquee></game>
<game><path>./Magnavox Odyssey 2 NoIntro/Mission Impossible (Brazil) (En) (Proto).zip</path><name>Mission Impossible (Brazil) (En) (Proto)</name><image>~/../thumbs/Magnavox - Odyssey2/Named_Snaps/Mission Impossible (Brazil) (En) (Proto).png</image><titleshot>~/../thumbs/Magnavox - Odyssey2/Named_Titles/Mission Impossible (Brazil) (En) (Proto).png</titleshot><thumbnail>~/../thumbs/Magnavox - Odyssey2/Named_Boxarts/Mission Impossible (Brazil) (En) (Proto).png</thumbnail><marquee>~/../thumbs/Magnavox - Odyssey2/Named_Logos/Mission Impossible (Brazil) (En) (Proto).png</marquee></game>
<game><path>./Magnavox Odyssey 2 NoIntro/Monkeyshines (USA, Europe).zip</path><name>Monkeyshines (USA, Europe)</name><image>~/../thumbs/Magnavox - Odyssey2/Named_Snaps/Monkeyshines (USA, Europe).png</image><titleshot>~/../thumbs/Magnavox - Odyssey2/Named_Titles/Monkeyshines (USA, Europe).png</titleshot><thumbnail>~/../thumbs/Magnavox - Odyssey2/Named_Boxarts/Monkeyshines (USA, Europe).png</thumbnail><marquee>~/../thumbs/Magnavox - Odyssey2/Named_Logos/Monkeyshines (USA, Europe).png</marquee></game>
<game><path>./Magnavox Odyssey 2 NoIntro/Morse (Europe).zip</path><name>Morse (Europe)</name><image>~/../thumbs/Magnavox - Odyssey2/Named_Snaps/Morse (Europe).png</image><titleshot>~/../thumbs/Magnavox - Odyssey2/Named_Titles/Morse (Europe).png</titleshot><thumbnail>~/../thumbs/Magnavox - Odyssey2/Named_Boxarts/Morse (Europe).png</thumbnail><marquee>~/../thumbs/Magnavox - Odyssey2/Named_Logos/Morse (Europe).png</marquee></game>
<game><path>./Magnavox Odyssey 2 NoIntro/Morse (France).zip</path><name>Morse (France)</name><image>~/../thumbs/Magnavox - Odyssey2/Named_Snaps/Morse (France).png</image><titleshot>~/../thumbs/Magnavox - Odyssey2/Named_Titles/Morse (France).png</titleshot><thumbnail>~/../thumbs/Magnavox - Odyssey2/Named_Boxarts/Morse (France).png</thumbnail><marquee>~/../thumbs/Magnavox - Odyssey2/Named_Logos/Morse (France).png</marquee></game>
<game><path>./Magnavox Odyssey 2 NoIntro/Mousing Cat, The (Europe).zip</path><name>Mousing Cat, The (Europe)</name><image>~/../thumbs/Magnavox - Odyssey2/Named_Snaps/Mousing Cat, The (Europe).png</image><titleshot>~/../thumbs/Magnavox - Odyssey2/Named_Titles/Mousing Cat, The (Europe).png</titleshot><thumbnail>~/../thumbs/Magnavox - Odyssey2/Named_Boxarts/Mousing Cat, The (Europe).png</thumbnail><marquee>~/../thumbs/Magnavox - Odyssey2/Named_Logos/Mousing Cat, The (Europe).png</marquee></game>
<game><path>./Magnavox Odyssey 2 NoIntro/Munchkin (Europe).zip</path><name>Munchkin (Europe)</name><image>~/../thumbs/Magnavox - Odyssey2/Named_Snaps/Munchkin (Europe).png</image><titleshot>~/../thumbs/Magnavox - Odyssey2/Named_Titles/Munchkin (Europe).png</titleshot><thumbnail>~/../thumbs/Magnavox - Odyssey2/Named_Boxarts/Munchkin (Europe).png</thumbnail><marquee>~/../thumbs/Magnavox - Odyssey2/Named_Logos/Munchkin (Europe).png</marquee></game>
<game><path>./Magnavox Odyssey 2 NoIntro/Mur Magique, Le (France).zip</path><name>Mur Magique, Le (France)</name><image>~/../thumbs/Magnavox - Odyssey2/Named_Snaps/Mur Magique, Le (France).png</image><titleshot>~/../thumbs/Magnavox - Odyssey2/Named_Titles/Mur Magique, Le (France).png</titleshot><thumbnail>~/../thumbs/Magnavox - Odyssey2/Named_Boxarts/Mur Magique, Le (France).png</thumbnail><marquee>~/../thumbs/Magnavox - Odyssey2/Named_Logos/Mur Magique, Le (France).png</marquee></game>
<game><path>./Magnavox Odyssey 2 NoIntro/Musician (Europe).zip</path><name>Musician (Europe)</name><image>~/../thumbs/Magnavox - Odyssey2/Named_Snaps/Musician (Europe).png</image><titleshot>~/../thumbs/Magnavox - Odyssey2/Named_Titles/Musician (Europe).png</titleshot><thumbnail>~/../thumbs/Magnavox - Odyssey2/Named_Boxarts/Musician (Europe).png</thumbnail><marquee>~/../thumbs/Magnavox - Odyssey2/Named_Logos/Musician (Europe).png</marquee></game>
<game><path>./Magnavox Odyssey 2 NoIntro/Neutron Star (Europe) (Proto).zip</path><name>Neutron Star (Europe) (Proto)</name><image>~/../thumbs/Magnavox - Odyssey2/Named_Snaps/Neutron Star (Europe) (Proto).png</image><titleshot>~/../thumbs/Magnavox - Odyssey2/Named_Titles/Neutron Star (Europe) (Proto).png</titleshot><thumbnail>~/../thumbs/Magnavox - Odyssey2/Named_Boxarts/Neutron Star (Europe) (Proto).png</thumbnail><marquee>~/../thumbs/Magnavox - Odyssey2/Named_Logos/Neutron Star (Europe) (Proto).png</marquee></game>
<game><path>./Magnavox Odyssey 2 NoIntro/Newscaster (Europe).zip</path><name>Newscaster (Europe)</name><image>~/../thumbs/Magnavox - Odyssey2/Named_Snaps/Newscaster (Europe).png</image><titleshot>~/../thumbs/Magnavox - Odyssey2/Named_Titles/Newscaster (Europe).png</titleshot><thumbnail>~/../thumbs/Magnavox - Odyssey2/Named_Boxarts/Newscaster (Europe).png</thumbnail><marquee>~/../thumbs/Magnavox - Odyssey2/Named_Logos/Newscaster (Europe).png</marquee></game>
<game><path>./Magnavox Odyssey 2 NoIntro/Nightfighter (Europe) (Proto).zip</path><name>Nightfighter (Europe) (Proto)</name><image>~/../thumbs/Magnavox - Odyssey2/Named_Snaps/Nightfighter (Europe) (Proto).png</image><titleshot>~/../thumbs/Magnavox - Odyssey2/Named_Titles/Nightfighter (Europe) (Proto).png</titleshot><thumbnail>~/../thumbs/Magnavox - Odyssey2/Named_Boxarts/Nightfighter (Europe) (Proto).png</thumbnail><marquee>~/../thumbs/Magnavox - Odyssey2/Named_Logos/Nightfighter (Europe) (Proto).png</marquee></game>
<game><path>./Magnavox Odyssey 2 NoIntro/Nightmare (Europe).zip</path><name>Nightmare (Europe)</name><image>~/../thumbs/Magnavox - Odyssey2/Named_Snaps/Nightmare (Europe).png</image><titleshot>~/../thumbs/Magnavox - Odyssey2/Named_Titles/Nightmare (Europe).png</titleshot><thumbnail>~/../thumbs/Magnavox - Odyssey2/Named_Boxarts/Nightmare (Europe).png</thumbnail><marquee>~/../thumbs/Magnavox - Odyssey2/Named_Logos/Nightmare (Europe).png</marquee></game>
<game><path>./Magnavox Odyssey 2 NoIntro/Nimble Numbers Ned (USA).zip</path><name>Nimble Numbers Ned (USA)</name><image>~/../thumbs/Magnavox - Odyssey2/Named_Snaps/Nimble Numbers Ned (USA).png</image><titleshot>~/../thumbs/Magnavox - Odyssey2/Named_Titles/Nimble Numbers Ned (USA).png</titleshot><thumbnail>~/../thumbs/Magnavox - Odyssey2/Named_Boxarts/Nimble Numbers Ned (USA).png</thumbnail><marquee>~/../thumbs/Magnavox - Odyssey2/Named_Logos/Nimble Numbers Ned (USA).png</marquee></game>
<game><path>./Magnavox Odyssey 2 NoIntro/O Malabarista + Jogo da Velha (Brazil) (En).zip</path><name>O Malabarista + Jogo da Velha (Brazil) (En)</name><image>~/../thumbs/Magnavox - Odyssey2/Named_Snaps/O Malabarista + Jogo da Velha (Brazil) (En).png</image><titleshot>~/../thumbs/Magnavox - Odyssey2/Named_Titles/O Malabarista + Jogo da Velha (Brazil) (En).png</titleshot><thumbnail>~/../thumbs/Magnavox - Odyssey2/Named_Boxarts/O Malabarista + Jogo da Velha (Brazil) (En).png</thumbnail><marquee>~/../thumbs/Magnavox - Odyssey2/Named_Logos/O Malabarista + Jogo da Velha (Brazil) (En).png</marquee></game>
<game><path>./Magnavox Odyssey 2 NoIntro/O Segredo do Farao (Brazil) (En).zip</path><name>O Segredo do Farao (Brazil) (En)</name><image>~/../thumbs/Magnavox - Odyssey2/Named_Snaps/O Segredo do Farao (Brazil) (En).png</image><titleshot>~/../thumbs/Magnavox - Odyssey2/Named_Titles/O Segredo do Farao (Brazil) (En).png</titleshot><thumbnail>~/../thumbs/Magnavox - Odyssey2/Named_Boxarts/O Segredo do Farao (Brazil) (En).png</thumbnail><marquee>~/../thumbs/Magnavox - Odyssey2/Named_Logos/O Segredo do Farao (Brazil) (En).png</marquee></game>
<game><path>./Magnavox Odyssey 2 NoIntro/Out of This World + Helicopter Rescue (USA).zip</path><name>Out of This World + Helicopter Rescue (USA)</name><image>~/../thumbs/Magnavox - Odyssey2/Named_Snaps/Out of This World + Helicopter Rescue (USA).png</image><titleshot>~/../thumbs/Magnavox - Odyssey2/Named_Titles/Out of This World + Helicopter Rescue (USA).png</titleshot><thumbnail>~/../thumbs/Magnavox - Odyssey2/Named_Boxarts/Out of This World + Helicopter Rescue (USA).png</thumbnail><marquee>~/../thumbs/Magnavox - Odyssey2/Named_Logos/Out of This World + Helicopter Rescue (USA).png</marquee></game>
<game><path>./Magnavox Odyssey 2 NoIntro/P.T. Barnum's Acrobats (USA).zip</path><name>P.T. Barnum's Acrobats (USA)</name><image>~/../thumbs/Magnavox - Odyssey2/Named_Snaps/P.T. Barnum's Acrobats (USA).png</image><titleshot>~/../thumbs/Magnavox - Odyssey2/Named_Titles/P.T. Barnum's Acrobats (USA).png</titleshot><thumbnail>~/../thumbs/Magnavox - Odyssey2/Named_Boxarts/P.T. Barnum's Acrobats (USA).png</thumbnail><marquee>~/../thumbs/Magnavox - Odyssey2/Named_Logos/P.T. Barnum's Acrobats (USA).png</marquee></game>
<game><path>./Magnavox Odyssey 2 NoIntro/Pachinko (USA, Europe).zip</path><name>Pachinko (USA, Europe)</name><image>~/../thumbs/Magnavox - Odyssey2/Named_Snaps/Pachinko (USA, Europe).png</image><titleshot>~/../thumbs/Magnavox - Odyssey2/Named_Titles/Pachinko (USA, Europe).png</titleshot><thumbnail>~/../thumbs/Magnavox - Odyssey2/Named_Boxarts/Pachinko (USA, Europe).png</thumbnail><marquee>~/../thumbs/Magnavox - Odyssey2/Named_Logos/Pachinko (USA, Europe).png</marquee></game>
<game><path>./Magnavox Odyssey 2 NoIntro/Pairs + Space Rendezvous + Logic (Europe).zip</path><name>Pairs + Space Rendezvous + Logic (Europe)</name><image>~/../thumbs/Magnavox - Odyssey2/Named_Snaps/Pairs + Space Rendezvous + Logic (Europe).png</image><titleshot>~/../thumbs/Magnavox - Odyssey2/Named_Titles/Pairs + Space Rendezvous + Logic (Europe).png</titleshot><thumbnail>~/../thumbs/Magnavox - Odyssey2/Named_Boxarts/Pairs + Space Rendezvous + Logic (Europe).png</thumbnail><marquee>~/../thumbs/Magnavox - Odyssey2/Named_Logos/Pairs + Space Rendezvous + Logic (Europe).png</marquee></game>
<game><path>./Magnavox Odyssey 2 NoIntro/Pick Axe Pete (USA, Europe).zip</path><name>Pick Axe Pete (USA, Europe)</name><image>~/../thumbs/Magnavox - Odyssey2/Named_Snaps/Pick Axe Pete (USA, Europe).png</image><titleshot>~/../thumbs/Magnavox - Odyssey2/Named_Titles/Pick Axe Pete (USA, Europe).png</titleshot><thumbnail>~/../thumbs/Magnavox - Odyssey2/Named_Boxarts/Pick Axe Pete (USA, Europe).png</thumbnail><marquee>~/../thumbs/Magnavox - Odyssey2/Named_Logos/Pick Axe Pete (USA, Europe).png</marquee></game>
<game><path>./Magnavox Odyssey 2 NoIntro/Pinball (USA) (Proto).zip</path><name>Pinball (USA) (Proto)</name><image>~/../thumbs/Magnavox - Odyssey2/Named_Snaps/Pinball (USA) (Proto).png</image><titleshot>~/../thumbs/Magnavox - Odyssey2/Named_Titles/Pinball (USA) (Proto).png</titleshot><thumbnail>~/../thumbs/Magnavox - Odyssey2/Named_Boxarts/Pinball (USA) (Proto).png</thumbnail><marquee>~/../thumbs/Magnavox - Odyssey2/Named_Logos/Pinball (USA) (Proto).png</marquee></game>
<game><path>./Magnavox Odyssey 2 NoIntro/Playtag (Europe) (Proto).zip</path><name>Playtag (Europe) (Proto)</name><image>~/../thumbs/Magnavox - Odyssey2/Named_Snaps/Playtag (Europe) (Proto).png</image><titleshot>~/../thumbs/Magnavox - Odyssey2/Named_Titles/Playtag (Europe) (Proto).png</titleshot><thumbnail>~/../thumbs/Magnavox - Odyssey2/Named_Boxarts/Playtag (Europe) (Proto).png</thumbnail><marquee>~/../thumbs/Magnavox - Odyssey2/Named_Logos/Playtag (Europe) (Proto).png</marquee></game>
<game><path>./Magnavox Odyssey 2 NoIntro/Pocket Billiards (USA, Europe).zip</path><name>Pocket Billiards (USA, Europe)</name><image>~/../thumbs/Magnavox - Odyssey2/Named_Snaps/Pocket Billiards (USA, Europe).png</image><titleshot>~/../thumbs/Magnavox - Odyssey2/Named_Titles/Pocket Billiards (USA, Europe).png</titleshot><thumbnail>~/../thumbs/Magnavox - Odyssey2/Named_Boxarts/Pocket Billiards (USA, Europe).png</thumbnail><marquee>~/../thumbs/Magnavox - Odyssey2/Named_Logos/Pocket Billiards (USA, Europe).png</marquee></game>
<game><path>./Magnavox Odyssey 2 NoIntro/Popeye (Brazil) (En).zip</path><name>Popeye (Brazil) (En)</name><image>~/../thumbs/Magnavox - Odyssey2/Named_Snaps/Popeye (Brazil) (En).png</image><titleshot>~/../thumbs/Magnavox - Odyssey2/Named_Titles/Popeye (Brazil) (En).png</titleshot><thumbnail>~/../thumbs/Magnavox - Odyssey2/Named_Boxarts/Popeye (Brazil) (En).png</thumbnail><marquee>~/../thumbs/Magnavox - Odyssey2/Named_Logos/Popeye (Brazil) (En).png</marquee></game>
<game><path>./Magnavox Odyssey 2 NoIntro/Popeye (Europe).zip</path><name>Popeye (Europe)</name><image>~/../thumbs/Magnavox - Odyssey2/Named_Snaps/Popeye (Europe).png</image><titleshot>~/../thumbs/Magnavox - Odyssey2/Named_Titles/Popeye (Europe).png</titleshot><thumbnail>~/../thumbs/Magnavox - Odyssey2/Named_Boxarts/Popeye (Europe).png</thumbnail><marquee>~/../thumbs/Magnavox - Odyssey2/Named_Logos/Popeye (Europe).png</marquee></game>
<game><path>./Magnavox Odyssey 2 NoIntro/Power Lords (USA) (Alt).zip</path><name>Power Lords (USA) (Alt)</name><image>~/../thumbs/Magnavox - Odyssey2/Named_Snaps/Power Lords (USA) (Alt).png</image><titleshot>~/../thumbs/Magnavox - Odyssey2/Named_Titles/Power Lords (USA) (Alt).png</titleshot><thumbnail>~/../thumbs/Magnavox - Odyssey2/Named_Boxarts/Power Lords (USA) (Alt).png</thumbnail><marquee>~/../thumbs/Magnavox - Odyssey2/Named_Logos/Power Lords (USA) (Alt).png</marquee><hidden>true</hidden></game>
<game><path>./Magnavox Odyssey 2 NoIntro/Power Lords (USA).zip</path><name>Power Lords (USA)</name><image>~/../thumbs/Magnavox - Odyssey2/Named_Snaps/Power Lords (USA).png</image><titleshot>~/../thumbs/Magnavox - Odyssey2/Named_Titles/Power Lords (USA).png</titleshot><thumbnail>~/../thumbs/Magnavox - Odyssey2/Named_Boxarts/Power Lords (USA).png</thumbnail><marquee>~/../thumbs/Magnavox - Odyssey2/Named_Logos/Power Lords (USA).png</marquee></game>
<game><path>./Magnavox Odyssey 2 NoIntro/Prendre l'Argent et Fuir (France).zip</path><name>Prendre l'Argent et Fuir (France)</name><image>~/../thumbs/Magnavox - Odyssey2/Named_Snaps/Prendre l'Argent et Fuir (France).png</image><titleshot>~/../thumbs/Magnavox - Odyssey2/Named_Titles/Prendre l'Argent et Fuir (France).png</titleshot><thumbnail>~/../thumbs/Magnavox - Odyssey2/Named_Boxarts/Prendre l'Argent et Fuir (France).png</thumbnail><marquee>~/../thumbs/Magnavox - Odyssey2/Named_Logos/Prendre l'Argent et Fuir (France).png</marquee></game>
<game><path>./Magnavox Odyssey 2 NoIntro/Q-Bert (Europe).zip</path><name>Q-Bert (Europe)</name><image>~/../thumbs/Magnavox - Odyssey2/Named_Snaps/Q-Bert (Europe).png</image><titleshot>~/../thumbs/Magnavox - Odyssey2/Named_Titles/Q-Bert (Europe).png</titleshot><thumbnail>~/../thumbs/Magnavox - Odyssey2/Named_Boxarts/Q-Bert (Europe).png</thumbnail><marquee>~/../thumbs/Magnavox - Odyssey2/Named_Logos/Q-Bert (Europe).png</marquee></game>
<game><path>./Magnavox Odyssey 2 NoIntro/Quest for the Rings (USA, Europe).zip</path><name>Quest for the Rings (USA, Europe)</name><image>~/../thumbs/Magnavox - Odyssey2/Named_Snaps/Quest for the Rings (USA, Europe).png</image><titleshot>~/../thumbs/Magnavox - Odyssey2/Named_Titles/Quest for the Rings (USA, Europe).png</titleshot><thumbnail>~/../thumbs/Magnavox - Odyssey2/Named_Boxarts/Quest for the Rings (USA, Europe).png</thumbnail><marquee>~/../thumbs/Magnavox - Odyssey2/Named_Logos/Quest for the Rings (USA, Europe).png</marquee></game>
<game><path>./Magnavox Odyssey 2 NoIntro/Red Baron (Europe) (Proto) (Alt).zip</path><name>Red Baron (Europe) (Proto) (Alt)</name><image>~/../thumbs/Magnavox - Odyssey2/Named_Snaps/Red Baron (Europe) (Proto) (Alt).png</image><titleshot>~/../thumbs/Magnavox - Odyssey2/Named_Titles/Red Baron (Europe) (Proto) (Alt).png</titleshot><thumbnail>~/../thumbs/Magnavox - Odyssey2/Named_Boxarts/Red Baron (Europe) (Proto) (Alt).png</thumbnail><marquee>~/../thumbs/Magnavox - Odyssey2/Named_Logos/Red Baron (Europe) (Proto) (Alt).png</marquee><hidden>true</hidden></game>
<game><path>./Magnavox Odyssey 2 NoIntro/Red Baron (Europe) (Proto).zip</path><name>Red Baron (Europe) (Proto)</name><image>~/../thumbs/Magnavox - Odyssey2/Named_Snaps/Red Baron (Europe) (Proto).png</image><titleshot>~/../thumbs/Magnavox - Odyssey2/Named_Titles/Red Baron (Europe) (Proto).png</titleshot><thumbnail>~/../thumbs/Magnavox - Odyssey2/Named_Boxarts/Red Baron (Europe) (Proto).png</thumbnail><marquee>~/../thumbs/Magnavox - Odyssey2/Named_Logos/Red Baron (Europe) (Proto).png</marquee></game>
<game><path>./Magnavox Odyssey 2 NoIntro/Robot City (Europe) (Proto).zip</path><name>Robot City (Europe) (Proto)</name><image>~/../thumbs/Magnavox - Odyssey2/Named_Snaps/Robot City (Europe) (Proto).png</image><titleshot>~/../thumbs/Magnavox - Odyssey2/Named_Titles/Robot City (Europe) (Proto).png</titleshot><thumbnail>~/../thumbs/Magnavox - Odyssey2/Named_Boxarts/Robot City (Europe) (Proto).png</thumbnail><marquee>~/../thumbs/Magnavox - Odyssey2/Named_Logos/Robot City (Europe) (Proto).png</marquee></game>
<game><path>./Magnavox Odyssey 2 NoIntro/Samurai (Europe).zip</path><name>Samurai (Europe)</name><image>~/../thumbs/Magnavox - Odyssey2/Named_Snaps/Samurai (Europe).png</image><titleshot>~/../thumbs/Magnavox - Odyssey2/Named_Titles/Samurai (Europe).png</titleshot><thumbnail>~/../thumbs/Magnavox - Odyssey2/Named_Boxarts/Samurai (Europe).png</thumbnail><marquee>~/../thumbs/Magnavox - Odyssey2/Named_Logos/Samurai (Europe).png</marquee></game>
<game><path>./Magnavox Odyssey 2 NoIntro/Satellite Attack (Europe).zip</path><name>Satellite Attack (Europe)</name><image>~/../thumbs/Magnavox - Odyssey2/Named_Snaps/Satellite Attack (Europe).png</image><titleshot>~/../thumbs/Magnavox - Odyssey2/Named_Titles/Satellite Attack (Europe).png</titleshot><thumbnail>~/../thumbs/Magnavox - Odyssey2/Named_Boxarts/Satellite Attack (Europe).png</thumbnail><marquee>~/../thumbs/Magnavox - Odyssey2/Named_Logos/Satellite Attack (Europe).png</marquee></game>
<game><path>./Magnavox Odyssey 2 NoIntro/Secret of the Pharaohs (Europe).zip</path><name>Secret of the Pharaohs (Europe)</name><image>~/../thumbs/Magnavox - Odyssey2/Named_Snaps/Secret of the Pharaohs (Europe).png</image><titleshot>~/../thumbs/Magnavox - Odyssey2/Named_Titles/Secret of the Pharaohs (Europe).png</titleshot><thumbnail>~/../thumbs/Magnavox - Odyssey2/Named_Boxarts/Secret of the Pharaohs (Europe).png</thumbnail><marquee>~/../thumbs/Magnavox - Odyssey2/Named_Logos/Secret of the Pharaohs (Europe).png</marquee></game>
<game><path>./Magnavox Odyssey 2 NoIntro/Shark Hunter (Europe) (Proto).zip</path><name>Shark Hunter (Europe) (Proto)</name><image>~/../thumbs/Magnavox - Odyssey2/Named_Snaps/Shark Hunter (Europe) (Proto).png</image><titleshot>~/../thumbs/Magnavox - Odyssey2/Named_Titles/Shark Hunter (Europe) (Proto).png</titleshot><thumbnail>~/../thumbs/Magnavox - Odyssey2/Named_Boxarts/Shark Hunter (Europe) (Proto).png</thumbnail><marquee>~/../thumbs/Magnavox - Odyssey2/Named_Logos/Shark Hunter (Europe) (Proto).png</marquee></game>
<game><path>./Magnavox Odyssey 2 NoIntro/Showdown in 2100 A.D. (USA).zip</path><name>Showdown in 2100 A.D. (USA)</name><image>~/../thumbs/Magnavox - Odyssey2/Named_Snaps/Showdown in 2100 A.D. (USA).png</image><titleshot>~/../thumbs/Magnavox - Odyssey2/Named_Titles/Showdown in 2100 A.D. (USA).png</titleshot><thumbnail>~/../thumbs/Magnavox - Odyssey2/Named_Boxarts/Showdown in 2100 A.D. (USA).png</thumbnail><marquee>~/../thumbs/Magnavox - Odyssey2/Named_Logos/Showdown in 2100 A.D. (USA).png</marquee></game>
<game><path>./Magnavox Odyssey 2 NoIntro/Sid the Spellbinder (USA).zip</path><name>Sid the Spellbinder (USA)</name><image>~/../thumbs/Magnavox - Odyssey2/Named_Snaps/Sid the Spellbinder (USA).png</image><titleshot>~/../thumbs/Magnavox - Odyssey2/Named_Titles/Sid the Spellbinder (USA).png</titleshot><thumbnail>~/../thumbs/Magnavox - Odyssey2/Named_Boxarts/Sid the Spellbinder (USA).png</thumbnail><marquee>~/../thumbs/Magnavox - Odyssey2/Named_Logos/Sid the Spellbinder (USA).png</marquee></game>
<game><path>./Magnavox Odyssey 2 NoIntro/Smithereens (USA).zip</path><name>Smithereens (USA)</name><image>~/../thumbs/Magnavox - Odyssey2/Named_Snaps/Smithereens (USA).png</image><titleshot>~/../thumbs/Magnavox - Odyssey2/Named_Titles/Smithereens (USA).png</titleshot><thumbnail>~/../thumbs/Magnavox - Odyssey2/Named_Boxarts/Smithereens (USA).png</thumbnail><marquee>~/../thumbs/Magnavox - Odyssey2/Named_Logos/Smithereens (USA).png</marquee></game>
<game><path>./Magnavox Odyssey 2 NoIntro/Speedway + Spin-out + Crypto-logic (USA, Europe).zip</path><name>Speedway + Spin-out + Crypto-logic (USA, Europe)</name><image>~/../thumbs/Magnavox - Odyssey2/Named_Snaps/Speedway + Spin-out + Crypto-logic (USA, Europe).png</image><titleshot>~/../thumbs/Magnavox - Odyssey2/Named_Titles/Speedway + Spin-out + Crypto-logic (USA, Europe).png</titleshot><thumbnail>~/../thumbs/Magnavox - Odyssey2/Named_Boxarts/Speedway + Spin-out + Crypto-logic (USA, Europe).png</thumbnail><marquee>~/../thumbs/Magnavox - Odyssey2/Named_Logos/Speedway + Spin-out + Crypto-logic (USA, Europe).png</marquee></game>
<game><path>./Magnavox Odyssey 2 NoIntro/Spider-Man (Europe) (Proto) (Alt).zip</path><name>Spider-Man (Europe) (Proto) (Alt)</name><image>~/../thumbs/Magnavox - Odyssey2/Named_Snaps/Spider-Man (Europe) (Proto) (Alt).png</image><titleshot>~/../thumbs/Magnavox - Odyssey2/Named_Titles/Spider-Man (Europe) (Proto) (Alt).png</titleshot><thumbnail>~/../thumbs/Magnavox - Odyssey2/Named_Boxarts/Spider-Man (Europe) (Proto) (Alt).png</thumbnail><marquee>~/../thumbs/Magnavox - Odyssey2/Named_Logos/Spider-Man (Europe) (Proto) (Alt).png</marquee><hidden>true</hidden></game>
<game><path>./Magnavox Odyssey 2 NoIntro/Spider-Man (Europe) (Proto).zip</path><name>Spider-Man (Europe) (Proto)</name><image>~/../thumbs/Magnavox - Odyssey2/Named_Snaps/Spider-Man (Europe) (Proto).png</image><titleshot>~/../thumbs/Magnavox - Odyssey2/Named_Titles/Spider-Man (Europe) (Proto).png</titleshot><thumbnail>~/../thumbs/Magnavox - Odyssey2/Named_Boxarts/Spider-Man (Europe) (Proto).png</thumbnail><marquee>~/../thumbs/Magnavox - Odyssey2/Named_Logos/Spider-Man (Europe) (Proto).png</marquee></game>
<game><path>./Magnavox Odyssey 2 NoIntro/Stone Sling (Europe).zip</path><name>Stone Sling (Europe)</name><image>~/../thumbs/Magnavox - Odyssey2/Named_Snaps/Stone Sling (Europe).png</image><titleshot>~/../thumbs/Magnavox - Odyssey2/Named_Titles/Stone Sling (Europe).png</titleshot><thumbnail>~/../thumbs/Magnavox - Odyssey2/Named_Boxarts/Stone Sling (Europe).png</thumbnail><marquee>~/../thumbs/Magnavox - Odyssey2/Named_Logos/Stone Sling (Europe).png</marquee></game>
<game><path>./Magnavox Odyssey 2 NoIntro/Super Bee (Brazil) (En).zip</path><name>Super Bee (Brazil) (En)</name><image>~/../thumbs/Magnavox - Odyssey2/Named_Snaps/Super Bee (Brazil) (En).png</image><titleshot>~/../thumbs/Magnavox - Odyssey2/Named_Titles/Super Bee (Brazil) (En).png</titleshot><thumbnail>~/../thumbs/Magnavox - Odyssey2/Named_Boxarts/Super Bee (Brazil) (En).png</thumbnail><marquee>~/../thumbs/Magnavox - Odyssey2/Named_Logos/Super Bee (Brazil) (En).png</marquee></game>
<game><path>./Magnavox Odyssey 2 NoIntro/Super Bee (Europe).zip</path><name>Super Bee (Europe)</name><image>~/../thumbs/Magnavox - Odyssey2/Named_Snaps/Super Bee (Europe).png</image><titleshot>~/../thumbs/Magnavox - Odyssey2/Named_Titles/Super Bee (Europe).png</titleshot><thumbnail>~/../thumbs/Magnavox - Odyssey2/Named_Boxarts/Super Bee (Europe).png</thumbnail><marquee>~/../thumbs/Magnavox - Odyssey2/Named_Logos/Super Bee (Europe).png</marquee></game>
<game><path>./Magnavox Odyssey 2 NoIntro/Super Cobra (Brazil) (En).zip</path><name>Super Cobra (Brazil) (En)</name><image>~/../thumbs/Magnavox - Odyssey2/Named_Snaps/Super Cobra (Brazil) (En).png</image><titleshot>~/../thumbs/Magnavox - Odyssey2/Named_Titles/Super Cobra (Brazil) (En).png</titleshot><thumbnail>~/../thumbs/Magnavox - Odyssey2/Named_Boxarts/Super Cobra (Brazil) (En).png</thumbnail><marquee>~/../thumbs/Magnavox - Odyssey2/Named_Logos/Super Cobra (Brazil) (En).png</marquee></game>
<game><path>./Magnavox Odyssey 2 NoIntro/Super Cobra (Europe).zip</path><name>Super Cobra (Europe)</name><image>~/../thumbs/Magnavox - Odyssey2/Named_Snaps/Super Cobra (Europe).png</image><titleshot>~/../thumbs/Magnavox - Odyssey2/Named_Titles/Super Cobra (Europe).png</titleshot><thumbnail>~/../thumbs/Magnavox - Odyssey2/Named_Boxarts/Super Cobra (Europe).png</thumbnail><marquee>~/../thumbs/Magnavox - Odyssey2/Named_Logos/Super Cobra (Europe).png</marquee></game>
<game><path>./Magnavox Odyssey 2 NoIntro/Take the Money and Run (USA, Europe).zip</path><name>Take the Money and Run (USA, Europe)</name><image>~/../thumbs/Magnavox - Odyssey2/Named_Snaps/Take the Money and Run (USA, Europe).png</image><titleshot>~/../thumbs/Magnavox - Odyssey2/Named_Titles/Take the Money and Run (USA, Europe).png</titleshot><thumbnail>~/../thumbs/Magnavox - Odyssey2/Named_Boxarts/Take the Money and Run (USA, Europe).png</thumbnail><marquee>~/../thumbs/Magnavox - Odyssey2/Named_Logos/Take the Money and Run (USA, Europe).png</marquee></game>
<game><path>./Magnavox Odyssey 2 NoIntro/Thunderball (USA, Europe).zip</path><name>Thunderball (USA, Europe)</name><image>~/../thumbs/Magnavox - Odyssey2/Named_Snaps/Thunderball (USA, Europe).png</image><titleshot>~/../thumbs/Magnavox - Odyssey2/Named_Titles/Thunderball (USA, Europe).png</titleshot><thumbnail>~/../thumbs/Magnavox - Odyssey2/Named_Boxarts/Thunderball (USA, Europe).png</thumbnail><marquee>~/../thumbs/Magnavox - Odyssey2/Named_Logos/Thunderball (USA, Europe).png</marquee></game>
<game><path>./Magnavox Odyssey 2 NoIntro/Turtles (Europe).zip</path><name>Turtles (Europe)</name><image>~/../thumbs/Magnavox - Odyssey2/Named_Snaps/Turtles (Europe).png</image><titleshot>~/../thumbs/Magnavox - Odyssey2/Named_Titles/Turtles (Europe).png</titleshot><thumbnail>~/../thumbs/Magnavox - Odyssey2/Named_Boxarts/Turtles (Europe).png</thumbnail><marquee>~/../thumbs/Magnavox - Odyssey2/Named_Logos/Turtles (Europe).png</marquee></game>
<game><path>./Magnavox Odyssey 2 NoIntro/Turtles (USA).zip</path><name>Turtles (USA)</name><image>~/../thumbs/Magnavox - Odyssey2/Named_Snaps/Turtles (USA).png</image><titleshot>~/../thumbs/Magnavox - Odyssey2/Named_Titles/Turtles (USA).png</titleshot><thumbnail>~/../thumbs/Magnavox - Odyssey2/Named_Boxarts/Turtles (USA).png</thumbnail><marquee>~/../thumbs/Magnavox - Odyssey2/Named_Logos/Turtles (USA).png</marquee></game>
<game><path>./Magnavox Odyssey 2 NoIntro/Tutankham (Europe) (Proto).zip</path><name>Tutankham (Europe) (Proto)</name><image>~/../thumbs/Magnavox - Odyssey2/Named_Snaps/Tutankham (Europe) (Proto).png</image><titleshot>~/../thumbs/Magnavox - Odyssey2/Named_Titles/Tutankham (Europe) (Proto).png</titleshot><thumbnail>~/../thumbs/Magnavox - Odyssey2/Named_Boxarts/Tutankham (Europe) (Proto).png</thumbnail><marquee>~/../thumbs/Magnavox - Odyssey2/Named_Logos/Tutankham (Europe) (Proto).png</marquee></game>
<game><path>./Magnavox Odyssey 2 NoIntro/Type & Tell (USA).zip</path><name>Type & Tell (USA)</name><image>~/../thumbs/Magnavox - Odyssey2/Named_Snaps/Type & Tell (USA).png</image><titleshot>~/../thumbs/Magnavox - Odyssey2/Named_Titles/Type & Tell (USA).png</titleshot><thumbnail>~/../thumbs/Magnavox - Odyssey2/Named_Boxarts/Type & Tell (USA).png</thumbnail><marquee>~/../thumbs/Magnavox - Odyssey2/Named_Logos/Type & Tell (USA).png</marquee></game>
<game><path>./Magnavox Odyssey 2 NoIntro/UFO (USA).zip</path><name>UFO (USA)</name><image>~/../thumbs/Magnavox - Odyssey2/Named_Snaps/UFO (USA).png</image><titleshot>~/../thumbs/Magnavox - Odyssey2/Named_Titles/UFO (USA).png</titleshot><thumbnail>~/../thumbs/Magnavox - Odyssey2/Named_Boxarts/UFO (USA).png</thumbnail><marquee>~/../thumbs/Magnavox - Odyssey2/Named_Logos/UFO (USA).png</marquee></game>
<game><path>./Magnavox Odyssey 2 NoIntro/Verkehrsspiele 1 (Germany).zip</path><name>Verkehrsspiele 1 (Germany)</name><image>~/../thumbs/Magnavox - Odyssey2/Named_Snaps/Verkehrsspiele 1 (Germany).png</image><titleshot>~/../thumbs/Magnavox - Odyssey2/Named_Titles/Verkehrsspiele 1 (Germany).png</titleshot><thumbnail>~/../thumbs/Magnavox - Odyssey2/Named_Boxarts/Verkehrsspiele 1 (Germany).png</thumbnail><marquee>~/../thumbs/Magnavox - Odyssey2/Named_Logos/Verkehrsspiele 1 (Germany).png</marquee></game>
<game><path>./Magnavox Odyssey 2 NoIntro/Verkehrsspiele 2 (Germany).zip</path><name>Verkehrsspiele 2 (Germany)</name><image>~/../thumbs/Magnavox - Odyssey2/Named_Snaps/Verkehrsspiele 2 (Germany).png</image><titleshot>~/../thumbs/Magnavox - Odyssey2/Named_Titles/Verkehrsspiele 2 (Germany).png</titleshot><thumbnail>~/../thumbs/Magnavox - Odyssey2/Named_Boxarts/Verkehrsspiele 2 (Germany).png</thumbnail><marquee>~/../thumbs/Magnavox - Odyssey2/Named_Logos/Verkehrsspiele 2 (Germany).png</marquee></game>
<game><path>./Magnavox Odyssey 2 NoIntro/Volleyball (USA, Europe).zip</path><name>Volleyball (USA, Europe)</name><image>~/../thumbs/Magnavox - Odyssey2/Named_Snaps/Volleyball (USA, Europe).png</image><titleshot>~/../thumbs/Magnavox - Odyssey2/Named_Titles/Volleyball (USA, Europe).png</titleshot><thumbnail>~/../thumbs/Magnavox - Odyssey2/Named_Boxarts/Volleyball (USA, Europe).png</thumbnail><marquee>~/../thumbs/Magnavox - Odyssey2/Named_Logos/Volleyball (USA, Europe).png</marquee></game>
<game><path>./Magnavox Odyssey 2 NoIntro/Volleyball Electronique (France).zip</path><name>Volleyball Electronique (France)</name><image>~/../thumbs/Magnavox - Odyssey2/Named_Snaps/Volleyball Electronique (France).png</image><titleshot>~/../thumbs/Magnavox - Odyssey2/Named_Titles/Volleyball Electronique (France).png</titleshot><thumbnail>~/../thumbs/Magnavox - Odyssey2/Named_Boxarts/Volleyball Electronique (France).png</thumbnail><marquee>~/../thumbs/Magnavox - Odyssey2/Named_Logos/Volleyball Electronique (France).png</marquee></game>
<game><path>./Magnavox Odyssey 2 NoIntro/Wall Street (Brazil) (En).zip</path><name>Wall Street (Brazil) (En)</name><image>~/../thumbs/Magnavox - Odyssey2/Named_Snaps/Wall Street (Brazil) (En).png</image><titleshot>~/../thumbs/Magnavox - Odyssey2/Named_Titles/Wall Street (Brazil) (En).png</titleshot><thumbnail>~/../thumbs/Magnavox - Odyssey2/Named_Boxarts/Wall Street (Brazil) (En).png</thumbnail><marquee>~/../thumbs/Magnavox - Odyssey2/Named_Logos/Wall Street (Brazil) (En).png</marquee></game>
<game><path>./Magnavox Odyssey 2 NoIntro/War of Nerves (USA, Europe).zip</path><name>War of Nerves (USA, Europe)</name><image>~/../thumbs/Magnavox - Odyssey2/Named_Snaps/War of Nerves (USA, Europe).png</image><titleshot>~/../thumbs/Magnavox - Odyssey2/Named_Titles/War of Nerves (USA, Europe).png</titleshot><thumbnail>~/../thumbs/Magnavox - Odyssey2/Named_Boxarts/War of Nerves (USA, Europe).png</thumbnail><marquee>~/../thumbs/Magnavox - Odyssey2/Named_Logos/War of Nerves (USA, Europe).png</marquee></game>
<game><path>./Magnavox Odyssey 2 NoIntro/[BIOS] Magnavox Odyssey2 (USA, Europe).zip</path><name>[BIOS] Magnavox Odyssey2 (USA, Europe)</name><image>~/../thumbs/Magnavox - Odyssey2/Named_Snaps/[BIOS] Magnavox Odyssey2 (USA, Europe).png</image><titleshot>~/../thumbs/Magnavox - Odyssey2/Named_Titles/[BIOS] Magnavox Odyssey2 (USA, Europe).png</titleshot><thumbnail>~/../thumbs/Magnavox - Odyssey2/Named_Boxarts/[BIOS] Magnavox Odyssey2 (USA, Europe).png</thumbnail><marquee>~/../thumbs/Magnavox - Odyssey2/Named_Logos/[BIOS] Magnavox Odyssey2 (USA, Europe).png</marquee><hidden>true</hidden></game>
<game><path>./Magnavox Odyssey 2 NoIntro/[BIOS] Philips C52 (France).zip</path><name>[BIOS] Philips C52 (France)</name><image>~/../thumbs/Magnavox - Odyssey2/Named_Snaps/[BIOS] Philips C52 (France).png</image><titleshot>~/../thumbs/Magnavox - Odyssey2/Named_Titles/[BIOS] Philips C52 (France).png</titleshot><thumbnail>~/../thumbs/Magnavox - Odyssey2/Named_Boxarts/[BIOS] Philips C52 (France).png</thumbnail><marquee>~/../thumbs/Magnavox - Odyssey2/Named_Logos/[BIOS] Philips C52 (France).png</marquee><hidden>true</hidden></game>
<folder><path>./Magnavox Odyssey 2 NoIntro</path><name>Magnavox Odyssey 2 NoIntro</name><image>~/../thumb/odyssey2.png</image></folder>
<game><path>./Magnavox Odyssey 2 TOSEC//home/runner/rom/TOSEC/Magnavox/Odyssey2/Games/Magnavox Odyssey2 - Games.zip</path><name>/home/runner/rom/TOSEC/Magnavox/Odyssey2/Games/Magnavox Odyssey2 - Games</name><image>~/../thumbs/Magnavox - Odyssey2/Named_Snaps//home/runner/rom/TOSEC/Magnavox/Odyssey2/Games/Magnavox Odyssey2 - Games.png</image><titleshot>~/../thumbs/Magnavox - Odyssey2/Named_Titles//home/runner/rom/TOSEC/Magnavox/Odyssey2/Games/Magnavox Odyssey2 - Games.png</titleshot><thumbnail>~/../thumbs/Magnavox - Odyssey2/Named_Boxarts//home/runner/rom/TOSEC/Magnavox/Odyssey2/Games/Magnavox Odyssey2 - Games.png</thumbnail><marquee>~/../thumbs/Magnavox - Odyssey2/Named_Logos//home/runner/rom/TOSEC/Magnavox/Odyssey2/Games/Magnavox Odyssey2 - Games.png</marquee></game>
<folder><path>./Magnavox Odyssey 2 TOSEC</path><name>Magnavox Odyssey 2 TOSEC</name><image>~/../thumb/odyssey2.png</image></folder>
</gameList>
