<gameList>
<game><path>./NEC PC-98 TOSEC//home/runner/rom/TOSEC/NEC/PC-9801/Games/[FDD]/NEC PC-9801 - Games - [FDD].zip</path><name>/home/runner/rom/TOSEC/NEC/PC-9801/Games/[FDD]/NEC PC-9801 - Games - [FDD]</name><image>~/../thumbs/NEC - PC-98/Named_Snaps//home/runner/rom/TOSEC/NEC/PC-9801/Games/[FDD]/NEC PC-9801 - Games - [FDD].png</image><titleshot>~/../thumbs/NEC - PC-98/Named_Titles//home/runner/rom/TOSEC/NEC/PC-9801/Games/[FDD]/NEC PC-9801 - Games - [FDD].png</titleshot><thumbnail>~/../thumbs/NEC - PC-98/Named_Boxarts//home/runner/rom/TOSEC/NEC/PC-9801/Games/[FDD]/NEC PC-9801 - Games - [FDD].png</thumbnail><marquee>~/../thumbs/NEC - PC-98/Named_Logos//home/runner/rom/TOSEC/NEC/PC-9801/Games/[FDD]/NEC PC-9801 - Games - [FDD].png</marquee></game>
<folder><path>./NEC PC-98 TOSEC</path><name>NEC PC-98 TOSEC</name><image>~/../thumb/pc98.png</image></folder>
</gameList>
