<gameList>
<game><path>./Commodore Plus-4 NoIntro/Atomic Mission (USA, Europe).zip</path><name>Atomic Mission (USA, Europe)</name><image>~/../thumbs/Commodore - Plus-4/Named_Snaps/Atomic Mission (USA, Europe).png</image><titleshot>~/../thumbs/Commodore - Plus-4/Named_Titles/Atomic Mission (USA, Europe).png</titleshot><thumbnail>~/../thumbs/Commodore - Plus-4/Named_Boxarts/Atomic Mission (USA, Europe).png</thumbnail><marquee>~/../thumbs/Commodore - Plus-4/Named_Logos/Atomic Mission (USA, Europe).png</marquee></game>
<game><path>./Commodore Plus-4 NoIntro/Calc Plus (USA) (Program).zip</path><name>Calc Plus (USA) (Program)</name><image>~/../thumbs/Commodore - Plus-4/Named_Snaps/Calc Plus (USA) (Program).png</image><titleshot>~/../thumbs/Commodore - Plus-4/Named_Titles/Calc Plus (USA) (Program).png</titleshot><thumbnail>~/../thumbs/Commodore - Plus-4/Named_Boxarts/Calc Plus (USA) (Program).png</thumbnail><marquee>~/../thumbs/Commodore - Plus-4/Named_Logos/Calc Plus (USA) (Program).png</marquee></game>
<game><path>./Commodore Plus-4 NoIntro/Commodore 16 Keyboard Tutorial Cartridge (USA) (Program).zip</path><name>Commodore 16 Keyboard Tutorial Cartridge (USA) (Program)</name><image>~/../thumbs/Commodore - Plus-4/Named_Snaps/Commodore 16 Keyboard Tutorial Cartridge (USA) (Program).png</image><titleshot>~/../thumbs/Commodore - Plus-4/Named_Titles/Commodore 16 Keyboard Tutorial Cartridge (USA) (Program).png</titleshot><thumbnail>~/../thumbs/Commodore - Plus-4/Named_Boxarts/Commodore 16 Keyboard Tutorial Cartridge (USA) (Program).png</thumbnail><marquee>~/../thumbs/Commodore - Plus-4/Named_Logos/Commodore 16 Keyboard Tutorial Cartridge (USA) (Program).png</marquee></game>
<game><path>./Commodore Plus-4 NoIntro/Financial Advisor (USA) (Program).zip</path><name>Financial Advisor (USA) (Program)</name><image>~/../thumbs/Commodore - Plus-4/Named_Snaps/Financial Advisor (USA) (Program).png</image><titleshot>~/../thumbs/Commodore - Plus-4/Named_Titles/Financial Advisor (USA) (Program).png</titleshot><thumbnail>~/../thumbs/Commodore - Plus-4/Named_Boxarts/Financial Advisor (USA) (Program).png</thumbnail><marquee>~/../thumbs/Commodore - Plus-4/Named_Logos/Financial Advisor (USA) (Program).png</marquee></game>
<game><path>./Commodore Plus-4 NoIntro/Jack Attack (USA, Europe).zip</path><name>Jack Attack (USA, Europe)</name><image>~/../thumbs/Commodore - Plus-4/Named_Snaps/Jack Attack (USA, Europe).png</image><titleshot>~/../thumbs/Commodore - Plus-4/Named_Titles/Jack Attack (USA, Europe).png</titleshot><thumbnail>~/../thumbs/Commodore - Plus-4/Named_Boxarts/Jack Attack (USA, Europe).png</thumbnail><marquee>~/../thumbs/Commodore - Plus-4/Named_Logos/Jack Attack (USA, Europe).png</marquee></game>
<game><path>./Commodore Plus-4 NoIntro/LOGO (USA) (Program).zip</path><name>LOGO (USA) (Program)</name><image>~/../thumbs/Commodore - Plus-4/Named_Snaps/LOGO (USA) (Program).png</image><titleshot>~/../thumbs/Commodore - Plus-4/Named_Titles/LOGO (USA) (Program).png</titleshot><thumbnail>~/../thumbs/Commodore - Plus-4/Named_Boxarts/LOGO (USA) (Program).png</thumbnail><marquee>~/../thumbs/Commodore - Plus-4/Named_Logos/LOGO (USA) (Program).png</marquee></game>
<game><path>./Commodore Plus-4 NoIntro/Octasoft BASIC v7.0 (Hungary) (Program).zip</path><name>Octasoft BASIC v7.0 (Hungary) (Program)</name><image>~/../thumbs/Commodore - Plus-4/Named_Snaps/Octasoft BASIC v7.0 (Hungary) (Program).png</image><titleshot>~/../thumbs/Commodore - Plus-4/Named_Titles/Octasoft BASIC v7.0 (Hungary) (Program).png</titleshot><thumbnail>~/../thumbs/Commodore - Plus-4/Named_Boxarts/Octasoft BASIC v7.0 (Hungary) (Program).png</thumbnail><marquee>~/../thumbs/Commodore - Plus-4/Named_Logos/Octasoft BASIC v7.0 (Hungary) (Program).png</marquee></game>
<game><path>./Commodore Plus-4 NoIntro/Pirate Adventure (USA, Europe).zip</path><name>Pirate Adventure (USA, Europe)</name><image>~/../thumbs/Commodore - Plus-4/Named_Snaps/Pirate Adventure (USA, Europe).png</image><titleshot>~/../thumbs/Commodore - Plus-4/Named_Titles/Pirate Adventure (USA, Europe).png</titleshot><thumbnail>~/../thumbs/Commodore - Plus-4/Named_Boxarts/Pirate Adventure (USA, Europe).png</thumbnail><marquee>~/../thumbs/Commodore - Plus-4/Named_Logos/Pirate Adventure (USA, Europe).png</marquee></game>
<game><path>./Commodore Plus-4 NoIntro/Strange Odyssey (USA, Europe).zip</path><name>Strange Odyssey (USA, Europe)</name><image>~/../thumbs/Commodore - Plus-4/Named_Snaps/Strange Odyssey (USA, Europe).png</image><titleshot>~/../thumbs/Commodore - Plus-4/Named_Titles/Strange Odyssey (USA, Europe).png</titleshot><thumbnail>~/../thumbs/Commodore - Plus-4/Named_Boxarts/Strange Odyssey (USA, Europe).png</thumbnail><marquee>~/../thumbs/Commodore - Plus-4/Named_Logos/Strange Odyssey (USA, Europe).png</marquee></game>
<game><path>./Commodore Plus-4 NoIntro/Viduzzles (USA, Europe).zip</path><name>Viduzzles (USA, Europe)</name><image>~/../thumbs/Commodore - Plus-4/Named_Snaps/Viduzzles (USA, Europe).png</image><titleshot>~/../thumbs/Commodore - Plus-4/Named_Titles/Viduzzles (USA, Europe).png</titleshot><thumbnail>~/../thumbs/Commodore - Plus-4/Named_Boxarts/Viduzzles (USA, Europe).png</thumbnail><marquee>~/../thumbs/Commodore - Plus-4/Named_Logos/Viduzzles (USA, Europe).png</marquee></game>
<game><path>./Commodore Plus-4 NoIntro/[BIOS] Commodore 1551 (USA, Europe).zip</path><name>[BIOS] Commodore 1551 (USA, Europe)</name><image>~/../thumbs/Commodore - Plus-4/Named_Snaps/[BIOS] Commodore 1551 (USA, Europe).png</image><titleshot>~/../thumbs/Commodore - Plus-4/Named_Titles/[BIOS] Commodore 1551 (USA, Europe).png</titleshot><thumbnail>~/../thumbs/Commodore - Plus-4/Named_Boxarts/[BIOS] Commodore 1551 (USA, Europe).png</thumbnail><marquee>~/../thumbs/Commodore - Plus-4/Named_Logos/[BIOS] Commodore 1551 (USA, Europe).png</marquee><hidden>true</hidden></game>
<game><path>./Commodore Plus-4 NoIntro/[BIOS] Commodore 232 (Japan) (Proto).zip</path><name>[BIOS] Commodore 232 (Japan) (Proto)</name><image>~/../thumbs/Commodore - Plus-4/Named_Snaps/[BIOS] Commodore 232 (Japan) (Proto).png</image><titleshot>~/../thumbs/Commodore - Plus-4/Named_Titles/[BIOS] Commodore 232 (Japan) (Proto).png</titleshot><thumbnail>~/../thumbs/Commodore - Plus-4/Named_Boxarts/[BIOS] Commodore 232 (Japan) (Proto).png</thumbnail><marquee>~/../thumbs/Commodore - Plus-4/Named_Logos/[BIOS] Commodore 232 (Japan) (Proto).png</marquee><hidden>true</hidden></game>
<game><path>./Commodore Plus-4 NoIntro/[BIOS] Commodore Plus-4 (Europe) (R3).zip</path><name>[BIOS] Commodore Plus-4 (Europe) (R3)</name><image>~/../thumbs/Commodore - Plus-4/Named_Snaps/[BIOS] Commodore Plus-4 (Europe) (R3).png</image><titleshot>~/../thumbs/Commodore - Plus-4/Named_Titles/[BIOS] Commodore Plus-4 (Europe) (R3).png</titleshot><thumbnail>~/../thumbs/Commodore - Plus-4/Named_Boxarts/[BIOS] Commodore Plus-4 (Europe) (R3).png</thumbnail><marquee>~/../thumbs/Commodore - Plus-4/Named_Logos/[BIOS] Commodore Plus-4 (Europe) (R3).png</marquee><hidden>true</hidden></game>
<game><path>./Commodore Plus-4 NoIntro/[BIOS] Commodore Plus-4 (Europe) (R4).zip</path><name>[BIOS] Commodore Plus-4 (Europe) (R4)</name><image>~/../thumbs/Commodore - Plus-4/Named_Snaps/[BIOS] Commodore Plus-4 (Europe) (R4).png</image><titleshot>~/../thumbs/Commodore - Plus-4/Named_Titles/[BIOS] Commodore Plus-4 (Europe) (R4).png</titleshot><thumbnail>~/../thumbs/Commodore - Plus-4/Named_Boxarts/[BIOS] Commodore Plus-4 (Europe) (R4).png</thumbnail><marquee>~/../thumbs/Commodore - Plus-4/Named_Logos/[BIOS] Commodore Plus-4 (Europe) (R4).png</marquee><hidden>true</hidden></game>
<game><path>./Commodore Plus-4 NoIntro/[BIOS] Commodore Plus-4 (Europe) (R5).zip</path><name>[BIOS] Commodore Plus-4 (Europe) (R5)</name><image>~/../thumbs/Commodore - Plus-4/Named_Snaps/[BIOS] Commodore Plus-4 (Europe) (R5).png</image><titleshot>~/../thumbs/Commodore - Plus-4/Named_Titles/[BIOS] Commodore Plus-4 (Europe) (R5).png</titleshot><thumbnail>~/../thumbs/Commodore - Plus-4/Named_Boxarts/[BIOS] Commodore Plus-4 (Europe) (R5).png</thumbnail><marquee>~/../thumbs/Commodore - Plus-4/Named_Logos/[BIOS] Commodore Plus-4 (Europe) (R5).png</marquee><hidden>true</hidden></game>
<game><path>./Commodore Plus-4 NoIntro/[BIOS] Commodore Plus-4 (USA) (R4).zip</path><name>[BIOS] Commodore Plus-4 (USA) (R4)</name><image>~/../thumbs/Commodore - Plus-4/Named_Snaps/[BIOS] Commodore Plus-4 (USA) (R4).png</image><titleshot>~/../thumbs/Commodore - Plus-4/Named_Titles/[BIOS] Commodore Plus-4 (USA) (R4).png</titleshot><thumbnail>~/../thumbs/Commodore - Plus-4/Named_Boxarts/[BIOS] Commodore Plus-4 (USA) (R4).png</thumbnail><marquee>~/../thumbs/Commodore - Plus-4/Named_Logos/[BIOS] Commodore Plus-4 (USA) (R4).png</marquee><hidden>true</hidden></game>
<game><path>./Commodore Plus-4 NoIntro/[BIOS] Commodore Plus-4 (USA) (R5).zip</path><name>[BIOS] Commodore Plus-4 (USA) (R5)</name><image>~/../thumbs/Commodore - Plus-4/Named_Snaps/[BIOS] Commodore Plus-4 (USA) (R5).png</image><titleshot>~/../thumbs/Commodore - Plus-4/Named_Titles/[BIOS] Commodore Plus-4 (USA) (R5).png</titleshot><thumbnail>~/../thumbs/Commodore - Plus-4/Named_Boxarts/[BIOS] Commodore Plus-4 (USA) (R5).png</thumbnail><marquee>~/../thumbs/Commodore - Plus-4/Named_Logos/[BIOS] Commodore Plus-4 (USA) (R5).png</marquee><hidden>true</hidden></game>
<game><path>./Commodore Plus-4 NoIntro/[BIOS] Commodore V364 (USA) (Proto).zip</path><name>[BIOS] Commodore V364 (USA) (Proto)</name><image>~/../thumbs/Commodore - Plus-4/Named_Snaps/[BIOS] Commodore V364 (USA) (Proto).png</image><titleshot>~/../thumbs/Commodore - Plus-4/Named_Titles/[BIOS] Commodore V364 (USA) (Proto).png</titleshot><thumbnail>~/../thumbs/Commodore - Plus-4/Named_Boxarts/[BIOS] Commodore V364 (USA) (Proto).png</thumbnail><marquee>~/../thumbs/Commodore - Plus-4/Named_Logos/[BIOS] Commodore V364 (USA) (Proto).png</marquee><hidden>true</hidden></game>
<folder><path>./Commodore Plus-4 NoIntro</path><name>Commodore Plus-4 NoIntro</name><image>~/../thumb/cplus4.png</image></folder>
<game><path>./Commodore Plus-4 PRG//home/runner/rom/TOSEC/Commodore/C16, C116 & Plus-4/Games/[PRG]/Commodore C16, C116 & Plus-4 - Games - [PRG].zip</path><name>/home/runner/rom/TOSEC/Commodore/C16, C116 & Plus-4/Games/[PRG]/Commodore C16, C116 & Plus-4 - Games - [PRG]</name><image>~/../thumbs/Commodore - Plus-4/Named_Snaps//home/runner/rom/TOSEC/Commodore/C16, C116 & Plus-4/Games/[PRG]/Commodore C16, C116 & Plus-4 - Games - [PRG].png</image><titleshot>~/../thumbs/Commodore - Plus-4/Named_Titles//home/runner/rom/TOSEC/Commodore/C16, C116 & Plus-4/Games/[PRG]/Commodore C16, C116 & Plus-4 - Games - [PRG].png</titleshot><thumbnail>~/../thumbs/Commodore - Plus-4/Named_Boxarts//home/runner/rom/TOSEC/Commodore/C16, C116 & Plus-4/Games/[PRG]/Commodore C16, C116 & Plus-4 - Games - [PRG].png</thumbnail><marquee>~/../thumbs/Commodore - Plus-4/Named_Logos//home/runner/rom/TOSEC/Commodore/C16, C116 & Plus-4/Games/[PRG]/Commodore C16, C116 & Plus-4 - Games - [PRG].png</marquee><hidden>true</hidden></game>
<folder><path>./Commodore Plus-4 PRG</path><name>Commodore Plus-4 PRG</name><image>~/../thumb/cplus4.png</image></folder>
<game><path>./Commodore Plus-4 TAP//home/runner/rom/TOSEC/Commodore/C16, C116 & Plus-4/Games/[TAP]/Commodore C16, C116 & Plus-4 - Games - [TAP].zip</path><name>/home/runner/rom/TOSEC/Commodore/C16, C116 & Plus-4/Games/[TAP]/Commodore C16, C116 & Plus-4 - Games - [TAP]</name><image>~/../thumbs/Commodore - Plus-4/Named_Snaps//home/runner/rom/TOSEC/Commodore/C16, C116 & Plus-4/Games/[TAP]/Commodore C16, C116 & Plus-4 - Games - [TAP].png</image><titleshot>~/../thumbs/Commodore - Plus-4/Named_Titles//home/runner/rom/TOSEC/Commodore/C16, C116 & Plus-4/Games/[TAP]/Commodore C16, C116 & Plus-4 - Games - [TAP].png</titleshot><thumbnail>~/../thumbs/Commodore - Plus-4/Named_Boxarts//home/runner/rom/TOSEC/Commodore/C16, C116 & Plus-4/Games/[TAP]/Commodore C16, C116 & Plus-4 - Games - [TAP].png</thumbnail><marquee>~/../thumbs/Commodore - Plus-4/Named_Logos//home/runner/rom/TOSEC/Commodore/C16, C116 & Plus-4/Games/[TAP]/Commodore C16, C116 & Plus-4 - Games - [TAP].png</marquee><hidden>true</hidden></game>
<folder><path>./Commodore Plus-4 TAP</path><name>Commodore Plus-4 TAP</name><image>~/../thumb/cplus4.png</image></folder>
</gameList>
