<gameList>
<game><path>./Philips Videopac+ NoIntro/Air Battle (Europe).zip</path><name>Air Battle (Europe)</name><image>~/../thumbs/Philips - Videopac/Named_Snaps/Air Battle (Europe).png</image><titleshot>~/../thumbs/Philips - Videopac/Named_Titles/Air Battle (Europe).png</titleshot><thumbnail>~/../thumbs/Philips - Videopac/Named_Boxarts/Air Battle (Europe).png</thumbnail><marquee>~/../thumbs/Philips - Videopac/Named_Logos/Air Battle (Europe).png</marquee></game>
<game><path>./Philips Videopac+ NoIntro/Billard Electrique (France).zip</path><name>Billard Electrique (France)</name><image>~/../thumbs/Philips - Videopac/Named_Snaps/Billard Electrique (France).png</image><titleshot>~/../thumbs/Philips - Videopac/Named_Titles/Billard Electrique (France).png</titleshot><thumbnail>~/../thumbs/Philips - Videopac/Named_Boxarts/Billard Electrique (France).png</thumbnail><marquee>~/../thumbs/Philips - Videopac/Named_Logos/Billard Electrique (France).png</marquee></game>
<game><path>./Philips Videopac+ NoIntro/Billiard Americain (France).zip</path><name>Billiard Americain (France)</name><image>~/../thumbs/Philips - Videopac/Named_Snaps/Billiard Americain (France).png</image><titleshot>~/../thumbs/Philips - Videopac/Named_Titles/Billiard Americain (France).png</titleshot><thumbnail>~/../thumbs/Philips - Videopac/Named_Boxarts/Billiard Americain (France).png</thumbnail><marquee>~/../thumbs/Philips - Videopac/Named_Logos/Billiard Americain (France).png</marquee></game>
<game><path>./Philips Videopac+ NoIntro/Chez Maxime (France).zip</path><name>Chez Maxime (France)</name><image>~/../thumbs/Philips - Videopac/Named_Snaps/Chez Maxime (France).png</image><titleshot>~/../thumbs/Philips - Videopac/Named_Titles/Chez Maxime (France).png</titleshot><thumbnail>~/../thumbs/Philips - Videopac/Named_Boxarts/Chez Maxime (France).png</thumbnail><marquee>~/../thumbs/Philips - Videopac/Named_Logos/Chez Maxime (France).png</marquee></game>
<game><path>./Philips Videopac+ NoIntro/Clay Pigeon (Europe) (Proto) (Alt).zip</path><name>Clay Pigeon (Europe) (Proto) (Alt)</name><image>~/../thumbs/Philips - Videopac/Named_Snaps/Clay Pigeon (Europe).png</image><titleshot>~/../thumbs/Philips - Videopac/Named_Titles/Clay Pigeon (Europe).png</titleshot><thumbnail>~/../thumbs/Philips - Videopac/Named_Boxarts/Clay Pigeon (Europe).png</thumbnail><marquee>~/../thumbs/Philips - Videopac/Named_Logos/Clay Pigeon (Europe).png</marquee></game>
<game><path>./Philips Videopac+ NoIntro/Clay Pigeon (Europe) (Proto).zip</path><name>Clay Pigeon (Europe) (Proto)</name><image>~/../thumbs/Philips - Videopac/Named_Snaps/Clay Pigeon (Europe).png</image><titleshot>~/../thumbs/Philips - Videopac/Named_Titles/Clay Pigeon (Europe).png</titleshot><thumbnail>~/../thumbs/Philips - Videopac/Named_Boxarts/Clay Pigeon (Europe).png</thumbnail><marquee>~/../thumbs/Philips - Videopac/Named_Logos/Clay Pigeon (Europe).png</marquee></game>
<game><path>./Philips Videopac+ NoIntro/Cosmic Conflict (Europe).zip</path><name>Cosmic Conflict (Europe)</name><image>~/../thumbs/Philips - Videopac/Named_Snaps/Cosmic Conflict (Europe).png</image><titleshot>~/../thumbs/Philips - Videopac/Named_Titles/Cosmic Conflict (Europe).png</titleshot><thumbnail>~/../thumbs/Philips - Videopac/Named_Boxarts/Cosmic Conflict (Europe).png</thumbnail><marquee>~/../thumbs/Philips - Videopac/Named_Logos/Cosmic Conflict (Europe).png</marquee></game>
<game><path>./Philips Videopac+ NoIntro/Course de Voitures + Autodrome + Cryptogramme (France).zip</path><name>Course de Voitures + Autodrome + Cryptogramme (France)</name><image>~/../thumbs/Philips - Videopac/Named_Snaps/Course de Voitures + Autodrome + Cryptogramme (France).png</image><titleshot>~/../thumbs/Philips - Videopac/Named_Titles/Course de Voitures + Autodrome + Cryptogramme (France).png</titleshot><thumbnail>~/../thumbs/Philips - Videopac/Named_Boxarts/Course de Voitures + Autodrome + Cryptogramme (France).png</thumbnail><marquee>~/../thumbs/Philips - Videopac/Named_Logos/Course de Voitures + Autodrome + Cryptogramme (France).png</marquee></game>
<game><path>./Philips Videopac+ NoIntro/Demon Attack (France).zip</path><name>Demon Attack (France)</name><image>~/../thumbs/Philips - Videopac/Named_Snaps/Demon Attack (France).png</image><titleshot>~/../thumbs/Philips - Videopac/Named_Titles/Demon Attack (France).png</titleshot><thumbnail>~/../thumbs/Philips - Videopac/Named_Boxarts/Demon Attack (France).png</thumbnail><marquee>~/../thumbs/Philips - Videopac/Named_Logos/Demon Attack (France).png</marquee></game>
<game><path>./Philips Videopac+ NoIntro/Electronic Billiards (Europe) (Proto).zip</path><name>Electronic Billiards (Europe) (Proto)</name><image>~/../thumbs/Philips - Videopac/Named_Snaps/Electronic Billiards (Europe).png</image><titleshot>~/../thumbs/Philips - Videopac/Named_Titles/Electronic Billiards (Europe).png</titleshot><thumbnail>~/../thumbs/Philips - Videopac/Named_Boxarts/Electronic Billiards (Europe).png</thumbnail><marquee>~/../thumbs/Philips - Videopac/Named_Logos/Electronic Billiards (Europe).png</marquee></game>
<game><path>./Philips Videopac+ NoIntro/Exojet (France).zip</path><name>Exojet (France)</name><image>~/../thumbs/Philips - Videopac/Named_Snaps/Exojet (France).png</image><titleshot>~/../thumbs/Philips - Videopac/Named_Titles/Exojet (France).png</titleshot><thumbnail>~/../thumbs/Philips - Videopac/Named_Boxarts/Exojet (France).png</thumbnail><marquee>~/../thumbs/Philips - Videopac/Named_Logos/Exojet (France).png</marquee></game>
<game><path>./Philips Videopac+ NoIntro/Flipper Game (Europe) (Proto).zip</path><name>Flipper Game (Europe) (Proto)</name><image>~/../thumbs/Philips - Videopac/Named_Snaps/Flipper Game (Europe).png</image><titleshot>~/../thumbs/Philips - Videopac/Named_Titles/Flipper Game (Europe).png</titleshot><thumbnail>~/../thumbs/Philips - Videopac/Named_Boxarts/Flipper Game (Europe).png</thumbnail><marquee>~/../thumbs/Philips - Videopac/Named_Logos/Flipper Game (Europe).png</marquee></game>
<game><path>./Philips Videopac+ NoIntro/Freedom Fighters (Europe).zip</path><name>Freedom Fighters (Europe)</name><image>~/../thumbs/Philips - Videopac/Named_Snaps/Freedom Fighters (Europe).png</image><titleshot>~/../thumbs/Philips - Videopac/Named_Titles/Freedom Fighters (Europe).png</titleshot><thumbnail>~/../thumbs/Philips - Videopac/Named_Boxarts/Freedom Fighters (Europe).png</thumbnail><marquee>~/../thumbs/Philips - Videopac/Named_Logos/Freedom Fighters (Europe).png</marquee></game>
<game><path>./Philips Videopac+ NoIntro/Guerre de l'Espace (France).zip</path><name>Guerre de l'Espace (France)</name><image>~/../thumbs/Philips - Videopac/Named_Snaps/Guerre de l'Espace (France).png</image><titleshot>~/../thumbs/Philips - Videopac/Named_Titles/Guerre de l'Espace (France).png</titleshot><thumbnail>~/../thumbs/Philips - Videopac/Named_Boxarts/Guerre de l'Espace (France).png</thumbnail><marquee>~/../thumbs/Philips - Videopac/Named_Logos/Guerre de l'Espace (France).png</marquee></game>
<game><path>./Philips Videopac+ NoIntro/Helicopter Rescue (Europe).zip</path><name>Helicopter Rescue (Europe)</name><image>~/../thumbs/Philips - Videopac/Named_Snaps/Helicopter Rescue (Europe).png</image><titleshot>~/../thumbs/Philips - Videopac/Named_Titles/Helicopter Rescue (Europe).png</titleshot><thumbnail>~/../thumbs/Philips - Videopac/Named_Boxarts/Helicopter Rescue (Europe).png</thumbnail><marquee>~/../thumbs/Philips - Videopac/Named_Logos/Helicopter Rescue (Europe).png</marquee></game>
<game><path>./Philips Videopac+ NoIntro/Jeu de Quilles + Basketball (France).zip</path><name>Jeu de Quilles + Basketball (France)</name><image>~/../thumbs/Philips - Videopac/Named_Snaps/Jeu de Quilles + Basketball (France).png</image><titleshot>~/../thumbs/Philips - Videopac/Named_Titles/Jeu de Quilles + Basketball (France).png</titleshot><thumbnail>~/../thumbs/Philips - Videopac/Named_Boxarts/Jeu de Quilles + Basketball (France).png</thumbnail><marquee>~/../thumbs/Philips - Videopac/Named_Logos/Jeu de Quilles + Basketball (France).png</marquee></game>
<game><path>./Philips Videopac+ NoIntro/Killer Bees (Europe).zip</path><name>Killer Bees (Europe)</name><image>~/../thumbs/Philips - Videopac/Named_Snaps/Killer Bees (Europe).png</image><titleshot>~/../thumbs/Philips - Videopac/Named_Titles/Killer Bees (Europe).png</titleshot><thumbnail>~/../thumbs/Philips - Videopac/Named_Boxarts/Killer Bees (Europe).png</thumbnail><marquee>~/../thumbs/Philips - Videopac/Named_Logos/Killer Bees (Europe).png</marquee></game>
<game><path>./Philips Videopac+ NoIntro/Loony Balloon (Europe).zip</path><name>Loony Balloon (Europe)</name><image>~/../thumbs/Philips - Videopac/Named_Snaps/Loony Balloon (Europe).png</image><titleshot>~/../thumbs/Philips - Videopac/Named_Titles/Loony Balloon (Europe).png</titleshot><thumbnail>~/../thumbs/Philips - Videopac/Named_Boxarts/Loony Balloon (Europe).png</thumbnail><marquee>~/../thumbs/Philips - Videopac/Named_Logos/Loony Balloon (Europe).png</marquee></game>
<game><path>./Philips Videopac+ NoIntro/Moto-Crash (France).zip</path><name>Moto-Crash (France)</name><image>~/../thumbs/Philips - Videopac/Named_Snaps/Moto-Crash (France).png</image><titleshot>~/../thumbs/Philips - Videopac/Named_Titles/Moto-Crash (France).png</titleshot><thumbnail>~/../thumbs/Philips - Videopac/Named_Boxarts/Moto-Crash (France).png</thumbnail><marquee>~/../thumbs/Philips - Videopac/Named_Logos/Moto-Crash (France).png</marquee></game>
<game><path>./Philips Videopac+ NoIntro/Neutron Star (Europe).zip</path><name>Neutron Star (Europe)</name><image>~/../thumbs/Philips - Videopac/Named_Snaps/Neutron Star (Europe).png</image><titleshot>~/../thumbs/Philips - Videopac/Named_Titles/Neutron Star (Europe).png</titleshot><thumbnail>~/../thumbs/Philips - Videopac/Named_Boxarts/Neutron Star (Europe).png</thumbnail><marquee>~/../thumbs/Philips - Videopac/Named_Logos/Neutron Star (Europe).png</marquee></game>
<game><path>./Philips Videopac+ NoIntro/Nightmare (Europe).zip</path><name>Nightmare (Europe)</name><image>~/../thumbs/Philips - Videopac/Named_Snaps/Nightmare (Europe).png</image><titleshot>~/../thumbs/Philips - Videopac/Named_Titles/Nightmare (Europe).png</titleshot><thumbnail>~/../thumbs/Philips - Videopac/Named_Boxarts/Nightmare (Europe).png</thumbnail><marquee>~/../thumbs/Philips - Videopac/Named_Logos/Nightmare (Europe).png</marquee></game>
<game><path>./Philips Videopac+ NoIntro/Norseman (Europe).zip</path><name>Norseman (Europe)</name><image>~/../thumbs/Philips - Videopac/Named_Snaps/Norseman (Europe).png</image><titleshot>~/../thumbs/Philips - Videopac/Named_Titles/Norseman (Europe).png</titleshot><thumbnail>~/../thumbs/Philips - Videopac/Named_Boxarts/Norseman (Europe).png</thumbnail><marquee>~/../thumbs/Philips - Videopac/Named_Logos/Norseman (Europe).png</marquee></game>
<game><path>./Philips Videopac+ NoIntro/Pickaxe Pete (Europe).zip</path><name>Pickaxe Pete (Europe)</name><image>~/../thumbs/Philips - Videopac/Named_Snaps/Pickaxe Pete (Europe).png</image><titleshot>~/../thumbs/Philips - Videopac/Named_Titles/Pickaxe Pete (Europe).png</titleshot><thumbnail>~/../thumbs/Philips - Videopac/Named_Boxarts/Pickaxe Pete (Europe).png</thumbnail><marquee>~/../thumbs/Philips - Videopac/Named_Logos/Pickaxe Pete (Europe).png</marquee></game>
<game><path>./Philips Videopac+ NoIntro/Race + Spin-out + Cryptogram (Europe).zip</path><name>Race + Spin-out + Cryptogram (Europe)</name><image>~/../thumbs/Philips - Videopac/Named_Snaps/Race + Spin-out + Cryptogram (Europe).png</image><titleshot>~/../thumbs/Philips - Videopac/Named_Titles/Race + Spin-out + Cryptogram (Europe).png</titleshot><thumbnail>~/../thumbs/Philips - Videopac/Named_Boxarts/Race + Spin-out + Cryptogram (Europe).png</thumbnail><marquee>~/../thumbs/Philips - Videopac/Named_Logos/Race + Spin-out + Cryptogram (Europe).png</marquee></game>
<game><path>./Philips Videopac+ NoIntro/Ruche Infernale, La (France).zip</path><name>Ruche Infernale, La (France)</name><image>~/../thumbs/Philips - Videopac/Named_Snaps/Ruche Infernale, La (France).png</image><titleshot>~/../thumbs/Philips - Videopac/Named_Titles/Ruche Infernale, La (France).png</titleshot><thumbnail>~/../thumbs/Philips - Videopac/Named_Boxarts/Ruche Infernale, La (France).png</thumbnail><marquee>~/../thumbs/Philips - Videopac/Named_Logos/Ruche Infernale, La (France).png</marquee></game>
<game><path>./Philips Videopac+ NoIntro/Satellite Attack (Europe).zip</path><name>Satellite Attack (Europe)</name><image>~/../thumbs/Philips - Videopac/Named_Snaps/Satellite Attack (Europe).png</image><titleshot>~/../thumbs/Philips - Videopac/Named_Titles/Satellite Attack (Europe).png</titleshot><thumbnail>~/../thumbs/Philips - Videopac/Named_Boxarts/Satellite Attack (Europe).png</thumbnail><marquee>~/../thumbs/Philips - Videopac/Named_Logos/Satellite Attack (Europe).png</marquee></game>
<game><path>./Philips Videopac+ NoIntro/Stone Sling (Europe).zip</path><name>Stone Sling (Europe)</name><image>~/../thumbs/Philips - Videopac/Named_Snaps/Stone Sling (Europe).png</image><titleshot>~/../thumbs/Philips - Videopac/Named_Titles/Stone Sling (Europe).png</titleshot><thumbnail>~/../thumbs/Philips - Videopac/Named_Boxarts/Stone Sling (Europe).png</thumbnail><marquee>~/../thumbs/Philips - Videopac/Named_Logos/Stone Sling (Europe).png</marquee></game>
<game><path>./Philips Videopac+ NoIntro/Syracuse (France).zip</path><name>Syracuse (France)</name><image>~/../thumbs/Philips - Videopac/Named_Snaps/Syracuse (France).png</image><titleshot>~/../thumbs/Philips - Videopac/Named_Titles/Syracuse (France).png</titleshot><thumbnail>~/../thumbs/Philips - Videopac/Named_Boxarts/Syracuse (France).png</thumbnail><marquee>~/../thumbs/Philips - Videopac/Named_Logos/Syracuse (France).png</marquee></game>
<game><path>./Philips Videopac+ NoIntro/Tenpin Bowling + Basketball (Europe) (Proto).zip</path><name>Tenpin Bowling + Basketball (Europe) (Proto)</name><image>~/../thumbs/Philips - Videopac/Named_Snaps/Tenpin Bowling + Basketball (Europe).png</image><titleshot>~/../thumbs/Philips - Videopac/Named_Titles/Tenpin Bowling + Basketball (Europe).png</titleshot><thumbnail>~/../thumbs/Philips - Videopac/Named_Boxarts/Tenpin Bowling + Basketball (Europe).png</thumbnail><marquee>~/../thumbs/Philips - Videopac/Named_Logos/Tenpin Bowling + Basketball (Europe).png</marquee></game>
<game><path>./Philips Videopac+ NoIntro/Terrahawks (Europe).zip</path><name>Terrahawks (Europe)</name><image>~/../thumbs/Philips - Videopac/Named_Snaps/Terrahawks (Europe).png</image><titleshot>~/../thumbs/Philips - Videopac/Named_Titles/Terrahawks (Europe).png</titleshot><thumbnail>~/../thumbs/Philips - Videopac/Named_Boxarts/Terrahawks (Europe).png</thumbnail><marquee>~/../thumbs/Philips - Videopac/Named_Logos/Terrahawks (Europe).png</marquee></game>
<game><path>./Philips Videopac+ NoIntro/Trans American Rally (Europe).zip</path><name>Trans American Rally (Europe)</name><image>~/../thumbs/Philips - Videopac/Named_Snaps/Trans American Rally (Europe).png</image><titleshot>~/../thumbs/Philips - Videopac/Named_Titles/Trans American Rally (Europe).png</titleshot><thumbnail>~/../thumbs/Philips - Videopac/Named_Boxarts/Trans American Rally (Europe).png</thumbnail><marquee>~/../thumbs/Philips - Videopac/Named_Logos/Trans American Rally (Europe).png</marquee></game>
<game><path>./Philips Videopac+ NoIntro/Tresor Englouti, Le (France).zip</path><name>Tresor Englouti, Le (France)</name><image>~/../thumbs/Philips - Videopac/Named_Snaps/Tresor Englouti, Le (France).png</image><titleshot>~/../thumbs/Philips - Videopac/Named_Titles/Tresor Englouti, Le (France).png</titleshot><thumbnail>~/../thumbs/Philips - Videopac/Named_Boxarts/Tresor Englouti, Le (France).png</thumbnail><marquee>~/../thumbs/Philips - Videopac/Named_Logos/Tresor Englouti, Le (France).png</marquee></game>
<game><path>./Philips Videopac+ NoIntro/[BIOS] Brandt Jopac (France).zip</path><name>[BIOS] Brandt Jopac (France)</name><image>~/../thumbs/Philips - Videopac/Named_Snaps/[BIOS] Brandt Jopac (France).png</image><titleshot>~/../thumbs/Philips - Videopac/Named_Titles/[BIOS] Brandt Jopac (France).png</titleshot><thumbnail>~/../thumbs/Philips - Videopac/Named_Boxarts/[BIOS] Brandt Jopac (France).png</thumbnail><marquee>~/../thumbs/Philips - Videopac/Named_Logos/[BIOS] Brandt Jopac (France).png</marquee></game>
<game><path>./Philips Videopac+ NoIntro/[BIOS] Philips Videopac+ (Europe).zip</path><name>[BIOS] Philips Videopac+ (Europe)</name><image>~/../thumbs/Philips - Videopac/Named_Snaps/[BIOS] Philips Videopac+ (Europe).png</image><titleshot>~/../thumbs/Philips - Videopac/Named_Titles/[BIOS] Philips Videopac+ (Europe).png</titleshot><thumbnail>~/../thumbs/Philips - Videopac/Named_Boxarts/[BIOS] Philips Videopac+ (Europe).png</thumbnail><marquee>~/../thumbs/Philips - Videopac/Named_Logos/[BIOS] Philips Videopac+ (Europe).png</marquee></game>
<folder><path>./videopacplus</path><name>videopacplus</name><image>~/../thumb/videopacplus.png</image></folder>
<game><path>./Philips Videopac+ TOSEC/Air Battle (198x)(Philips)(EU).zip</path><name>Air Battle (198x)(Philips)(EU)</name><image>~/../thumbs/Philips - Videopac/Named_Snaps/Air Battle (198x).png</image><titleshot>~/../thumbs/Philips - Videopac/Named_Titles/Air Battle (198x).png</titleshot><thumbnail>~/../thumbs/Philips - Videopac/Named_Boxarts/Air Battle (198x).png</thumbnail><marquee>~/../thumbs/Philips - Videopac/Named_Logos/Air Battle (198x).png</marquee></game>
<game><path>./Philips Videopac+ TOSEC/Backgammon (1984)(GST Video)(EU)[48].zip</path><name>Backgammon (1984)(GST Video)(EU)[48]</name><image>~/../thumbs/Philips - Videopac/Named_Snaps/Backgammon (1984).png</image><titleshot>~/../thumbs/Philips - Videopac/Named_Titles/Backgammon (1984).png</titleshot><thumbnail>~/../thumbs/Philips - Videopac/Named_Boxarts/Backgammon (1984).png</thumbnail><marquee>~/../thumbs/Philips - Videopac/Named_Logos/Backgammon (1984).png</marquee></game>
<game><path>./Philips Videopac+ TOSEC/Billard Americain (198x)(Philips)(FR).zip</path><name>Billard Americain (198x)(Philips)(FR)</name><image>~/../thumbs/Philips - Videopac/Named_Snaps/Billard Americain (198x).png</image><titleshot>~/../thumbs/Philips - Videopac/Named_Titles/Billard Americain (198x).png</titleshot><thumbnail>~/../thumbs/Philips - Videopac/Named_Boxarts/Billard Americain (198x).png</thumbnail><marquee>~/../thumbs/Philips - Videopac/Named_Logos/Billard Americain (198x).png</marquee></game>
<game><path>./Philips Videopac+ TOSEC/Billard Electrique (198x)(Philips)(FR).zip</path><name>Billard Electrique (198x)(Philips)(FR)</name><image>~/../thumbs/Philips - Videopac/Named_Snaps/Billard Electrique (198x).png</image><titleshot>~/../thumbs/Philips - Videopac/Named_Titles/Billard Electrique (198x).png</titleshot><thumbnail>~/../thumbs/Philips - Videopac/Named_Boxarts/Billard Electrique (198x).png</thumbnail><marquee>~/../thumbs/Philips - Videopac/Named_Logos/Billard Electrique (198x).png</marquee></game>
<game><path>./Philips Videopac+ TOSEC/Billiard (198x)(Philips)(EU).zip</path><name>Billiard (198x)(Philips)(EU)</name><image>~/../thumbs/Philips - Videopac/Named_Snaps/Billiard (198x).png</image><titleshot>~/../thumbs/Philips - Videopac/Named_Titles/Billiard (198x).png</titleshot><thumbnail>~/../thumbs/Philips - Videopac/Named_Boxarts/Billiard (198x).png</thumbnail><marquee>~/../thumbs/Philips - Videopac/Named_Logos/Billiard (198x).png</marquee></game>
<game><path>./Philips Videopac+ TOSEC/Chez Maxime (198x)(Philips)(FR).zip</path><name>Chez Maxime (198x)(Philips)(FR)</name><image>~/../thumbs/Philips - Videopac/Named_Snaps/Chez Maxime (198x).png</image><titleshot>~/../thumbs/Philips - Videopac/Named_Titles/Chez Maxime (198x).png</titleshot><thumbnail>~/../thumbs/Philips - Videopac/Named_Boxarts/Chez Maxime (198x).png</thumbnail><marquee>~/../thumbs/Philips - Videopac/Named_Logos/Chez Maxime (198x).png</marquee></game>
<game><path>./Philips Videopac+ TOSEC/Clay Pigeon (198x)(Philips)(EU).zip</path><name>Clay Pigeon (198x)(Philips)(EU)</name><image>~/../thumbs/Philips - Videopac/Named_Snaps/Clay Pigeon (198x).png</image><titleshot>~/../thumbs/Philips - Videopac/Named_Titles/Clay Pigeon (198x).png</titleshot><thumbnail>~/../thumbs/Philips - Videopac/Named_Boxarts/Clay Pigeon (198x).png</thumbnail><marquee>~/../thumbs/Philips - Videopac/Named_Logos/Clay Pigeon (198x).png</marquee></game>
<game><path>./Philips Videopac+ TOSEC/Clay Pigeon (198x)(Philips)(EU)[a].zip</path><name>Clay Pigeon (198x)(Philips)(EU)[a]</name><image>~/../thumbs/Philips - Videopac/Named_Snaps/Clay Pigeon (198x).png</image><titleshot>~/../thumbs/Philips - Videopac/Named_Titles/Clay Pigeon (198x).png</titleshot><thumbnail>~/../thumbs/Philips - Videopac/Named_Boxarts/Clay Pigeon (198x).png</thumbnail><marquee>~/../thumbs/Philips - Videopac/Named_Logos/Clay Pigeon (198x).png</marquee></game>
<game><path>./Philips Videopac+ TOSEC/Cosmic Conflict (198x)(Philips)(EU).zip</path><name>Cosmic Conflict (198x)(Philips)(EU)</name><image>~/../thumbs/Philips - Videopac/Named_Snaps/Cosmic Conflict (198x).png</image><titleshot>~/../thumbs/Philips - Videopac/Named_Titles/Cosmic Conflict (198x).png</titleshot><thumbnail>~/../thumbs/Philips - Videopac/Named_Boxarts/Cosmic Conflict (198x).png</thumbnail><marquee>~/../thumbs/Philips - Videopac/Named_Logos/Cosmic Conflict (198x).png</marquee></game>
<game><path>./Philips Videopac+ TOSEC/Course de Voitures + Autodrome + Cryptogramme (198x)(Philips)(FR).zip</path><name>Course de Voitures + Autodrome + Cryptogramme (198x)(Philips)(FR)</name><image>~/../thumbs/Philips - Videopac/Named_Snaps/Course de Voitures + Autodrome + Cryptogramme (198x).png</image><titleshot>~/../thumbs/Philips - Videopac/Named_Titles/Course de Voitures + Autodrome + Cryptogramme (198x).png</titleshot><thumbnail>~/../thumbs/Philips - Videopac/Named_Boxarts/Course de Voitures + Autodrome + Cryptogramme (198x).png</thumbnail><marquee>~/../thumbs/Philips - Videopac/Named_Logos/Course de Voitures + Autodrome + Cryptogramme (198x).png</marquee></game>
<game><path>./Philips Videopac+ TOSEC/Demon Attack (198x)(Philips)(FR).zip</path><name>Demon Attack (198x)(Philips)(FR)</name><image>~/../thumbs/Philips - Videopac/Named_Snaps/Demon Attack (198x).png</image><titleshot>~/../thumbs/Philips - Videopac/Named_Titles/Demon Attack (198x).png</titleshot><thumbnail>~/../thumbs/Philips - Videopac/Named_Boxarts/Demon Attack (198x).png</thumbnail><marquee>~/../thumbs/Philips - Videopac/Named_Logos/Demon Attack (198x).png</marquee></game>
<game><path>./Philips Videopac+ TOSEC/Exojet (198x)(Philips)(FR).zip</path><name>Exojet (198x)(Philips)(FR)</name><image>~/../thumbs/Philips - Videopac/Named_Snaps/Exojet (198x).png</image><titleshot>~/../thumbs/Philips - Videopac/Named_Titles/Exojet (198x).png</titleshot><thumbnail>~/../thumbs/Philips - Videopac/Named_Boxarts/Exojet (198x).png</thumbnail><marquee>~/../thumbs/Philips - Videopac/Named_Logos/Exojet (198x).png</marquee></game>
<game><path>./Philips Videopac+ TOSEC/Flashpoint (2004)(Classic Consoles Center)(AT)(proto)[cart of Philips proto].zip</path><name>Flashpoint (2004)(Classic Consoles Center)(AT)(proto)[cart of Philips proto]</name><image>~/../thumbs/Philips - Videopac/Named_Snaps/Flashpoint (2004).png</image><titleshot>~/../thumbs/Philips - Videopac/Named_Titles/Flashpoint (2004).png</titleshot><thumbnail>~/../thumbs/Philips - Videopac/Named_Boxarts/Flashpoint (2004).png</thumbnail><marquee>~/../thumbs/Philips - Videopac/Named_Logos/Flashpoint (2004).png</marquee></game>
<game><path>./Philips Videopac+ TOSEC/Flipper (198x)(Philips)(EU).zip</path><name>Flipper (198x)(Philips)(EU)</name><image>~/../thumbs/Philips - Videopac/Named_Snaps/Flipper (198x).png</image><titleshot>~/../thumbs/Philips - Videopac/Named_Titles/Flipper (198x).png</titleshot><thumbnail>~/../thumbs/Philips - Videopac/Named_Boxarts/Flipper (198x).png</thumbnail><marquee>~/../thumbs/Philips - Videopac/Named_Logos/Flipper (198x).png</marquee></game>
<game><path>./Philips Videopac+ TOSEC/Freedom Fighters (198x)(Philips)(EU).zip</path><name>Freedom Fighters (198x)(Philips)(EU)</name><image>~/../thumbs/Philips - Videopac/Named_Snaps/Freedom Fighters (198x).png</image><titleshot>~/../thumbs/Philips - Videopac/Named_Titles/Freedom Fighters (198x).png</titleshot><thumbnail>~/../thumbs/Philips - Videopac/Named_Boxarts/Freedom Fighters (198x).png</thumbnail><marquee>~/../thumbs/Philips - Videopac/Named_Logos/Freedom Fighters (198x).png</marquee></game>
<game><path>./Philips Videopac+ TOSEC/Guerre de l'Espace (198x)(Philips)(FR).zip</path><name>Guerre de l'Espace (198x)(Philips)(FR)</name><image>~/../thumbs/Philips - Videopac/Named_Snaps/Guerre de l'Espace (198x).png</image><titleshot>~/../thumbs/Philips - Videopac/Named_Titles/Guerre de l'Espace (198x).png</titleshot><thumbnail>~/../thumbs/Philips - Videopac/Named_Boxarts/Guerre de l'Espace (198x).png</thumbnail><marquee>~/../thumbs/Philips - Videopac/Named_Logos/Guerre de l'Espace (198x).png</marquee></game>
<game><path>./Philips Videopac+ TOSEC/Helicopter Rescue (198x)(Philips)(EU).zip</path><name>Helicopter Rescue (198x)(Philips)(EU)</name><image>~/../thumbs/Philips - Videopac/Named_Snaps/Helicopter Rescue (198x).png</image><titleshot>~/../thumbs/Philips - Videopac/Named_Titles/Helicopter Rescue (198x).png</titleshot><thumbnail>~/../thumbs/Philips - Videopac/Named_Boxarts/Helicopter Rescue (198x).png</thumbnail><marquee>~/../thumbs/Philips - Videopac/Named_Logos/Helicopter Rescue (198x).png</marquee></game>
<game><path>./Philips Videopac+ TOSEC/Jeu de Quilles + Basketball (198x)(Philips)(FR).zip</path><name>Jeu de Quilles + Basketball (198x)(Philips)(FR)</name><image>~/../thumbs/Philips - Videopac/Named_Snaps/Jeu de Quilles + Basketball (198x).png</image><titleshot>~/../thumbs/Philips - Videopac/Named_Titles/Jeu de Quilles + Basketball (198x).png</titleshot><thumbnail>~/../thumbs/Philips - Videopac/Named_Boxarts/Jeu de Quilles + Basketball (198x).png</thumbnail><marquee>~/../thumbs/Philips - Videopac/Named_Logos/Jeu de Quilles + Basketball (198x).png</marquee></game>
<game><path>./Philips Videopac+ TOSEC/Killer Bees (198x)(Philips)(EU).zip</path><name>Killer Bees (198x)(Philips)(EU)</name><image>~/../thumbs/Philips - Videopac/Named_Snaps/Killer Bees (198x).png</image><titleshot>~/../thumbs/Philips - Videopac/Named_Titles/Killer Bees (198x).png</titleshot><thumbnail>~/../thumbs/Philips - Videopac/Named_Boxarts/Killer Bees (198x).png</thumbnail><marquee>~/../thumbs/Philips - Videopac/Named_Logos/Killer Bees (198x).png</marquee></game>
<game><path>./Philips Videopac+ TOSEC/Loony Balloon (198x)(Philips)(EU).zip</path><name>Loony Balloon (198x)(Philips)(EU)</name><image>~/../thumbs/Philips - Videopac/Named_Snaps/Loony Balloon (198x).png</image><titleshot>~/../thumbs/Philips - Videopac/Named_Titles/Loony Balloon (198x).png</titleshot><thumbnail>~/../thumbs/Philips - Videopac/Named_Boxarts/Loony Balloon (198x).png</thumbnail><marquee>~/../thumbs/Philips - Videopac/Named_Logos/Loony Balloon (198x).png</marquee></game>
<game><path>./Philips Videopac+ TOSEC/Moto-Crash (198x)(Philips)(FR).zip</path><name>Moto-Crash (198x)(Philips)(FR)</name><image>~/../thumbs/Philips - Videopac/Named_Snaps/Moto-Crash (198x).png</image><titleshot>~/../thumbs/Philips - Videopac/Named_Titles/Moto-Crash (198x).png</titleshot><thumbnail>~/../thumbs/Philips - Videopac/Named_Boxarts/Moto-Crash (198x).png</thumbnail><marquee>~/../thumbs/Philips - Videopac/Named_Logos/Moto-Crash (198x).png</marquee></game>
<game><path>./Philips Videopac+ TOSEC/Neutron Star (198x)(Philips)(EU).zip</path><name>Neutron Star (198x)(Philips)(EU)</name><image>~/../thumbs/Philips - Videopac/Named_Snaps/Neutron Star (198x).png</image><titleshot>~/../thumbs/Philips - Videopac/Named_Titles/Neutron Star (198x).png</titleshot><thumbnail>~/../thumbs/Philips - Videopac/Named_Boxarts/Neutron Star (198x).png</thumbnail><marquee>~/../thumbs/Philips - Videopac/Named_Logos/Neutron Star (198x).png</marquee></game>
<game><path>./Philips Videopac+ TOSEC/Nightmare (198x)(Philips)(EU).zip</path><name>Nightmare (198x)(Philips)(EU)</name><image>~/../thumbs/Philips - Videopac/Named_Snaps/Nightmare (198x).png</image><titleshot>~/../thumbs/Philips - Videopac/Named_Titles/Nightmare (198x).png</titleshot><thumbnail>~/../thumbs/Philips - Videopac/Named_Boxarts/Nightmare (198x).png</thumbnail><marquee>~/../thumbs/Philips - Videopac/Named_Logos/Nightmare (198x).png</marquee></game>
<game><path>./Philips Videopac+ TOSEC/Norseman (198x)(Philips)(EU).zip</path><name>Norseman (198x)(Philips)(EU)</name><image>~/../thumbs/Philips - Videopac/Named_Snaps/Norseman (198x).png</image><titleshot>~/../thumbs/Philips - Videopac/Named_Titles/Norseman (198x).png</titleshot><thumbnail>~/../thumbs/Philips - Videopac/Named_Boxarts/Norseman (198x).png</thumbnail><marquee>~/../thumbs/Philips - Videopac/Named_Logos/Norseman (198x).png</marquee></game>
<game><path>./Philips Videopac+ TOSEC/Pickaxe Pete (198x)(Philips)(EU).zip</path><name>Pickaxe Pete (198x)(Philips)(EU)</name><image>~/../thumbs/Philips - Videopac/Named_Snaps/Pickaxe Pete (198x).png</image><titleshot>~/../thumbs/Philips - Videopac/Named_Titles/Pickaxe Pete (198x).png</titleshot><thumbnail>~/../thumbs/Philips - Videopac/Named_Boxarts/Pickaxe Pete (198x).png</thumbnail><marquee>~/../thumbs/Philips - Videopac/Named_Logos/Pickaxe Pete (198x).png</marquee></game>
<game><path>./Philips Videopac+ TOSEC/Race + Spin-out + Cryptogram (1983)(Philips)(EU).zip</path><name>Race + Spin-out + Cryptogram (1983)(Philips)(EU)</name><image>~/../thumbs/Philips - Videopac/Named_Snaps/Race + Spin-out + Cryptogram (1983).png</image><titleshot>~/../thumbs/Philips - Videopac/Named_Titles/Race + Spin-out + Cryptogram (1983).png</titleshot><thumbnail>~/../thumbs/Philips - Videopac/Named_Boxarts/Race + Spin-out + Cryptogram (1983).png</thumbnail><marquee>~/../thumbs/Philips - Videopac/Named_Logos/Race + Spin-out + Cryptogram (1983).png</marquee></game>
<game><path>./Philips Videopac+ TOSEC/Ruche Infernale, La (198x)(Philips)(FR).zip</path><name>Ruche Infernale, La (198x)(Philips)(FR)</name><image>~/../thumbs/Philips - Videopac/Named_Snaps/Ruche Infernale, La (198x).png</image><titleshot>~/../thumbs/Philips - Videopac/Named_Titles/Ruche Infernale, La (198x).png</titleshot><thumbnail>~/../thumbs/Philips - Videopac/Named_Boxarts/Ruche Infernale, La (198x).png</thumbnail><marquee>~/../thumbs/Philips - Videopac/Named_Logos/Ruche Infernale, La (198x).png</marquee></game>
<game><path>./Philips Videopac+ TOSEC/Satellite Attack (198x)(Philips)(EU).zip</path><name>Satellite Attack (198x)(Philips)(EU)</name><image>~/../thumbs/Philips - Videopac/Named_Snaps/Satellite Attack (198x).png</image><titleshot>~/../thumbs/Philips - Videopac/Named_Titles/Satellite Attack (198x).png</titleshot><thumbnail>~/../thumbs/Philips - Videopac/Named_Boxarts/Satellite Attack (198x).png</thumbnail><marquee>~/../thumbs/Philips - Videopac/Named_Logos/Satellite Attack (198x).png</marquee></game>
<game><path>./Philips Videopac+ TOSEC/Stone Sling (198x)(Philips)(EU).zip</path><name>Stone Sling (198x)(Philips)(EU)</name><image>~/../thumbs/Philips - Videopac/Named_Snaps/Stone Sling (198x).png</image><titleshot>~/../thumbs/Philips - Videopac/Named_Titles/Stone Sling (198x).png</titleshot><thumbnail>~/../thumbs/Philips - Videopac/Named_Boxarts/Stone Sling (198x).png</thumbnail><marquee>~/../thumbs/Philips - Videopac/Named_Logos/Stone Sling (198x).png</marquee></game>
<game><path>./Philips Videopac+ TOSEC/Syracuse (198x)(Philips)(FR).zip</path><name>Syracuse (198x)(Philips)(FR)</name><image>~/../thumbs/Philips - Videopac/Named_Snaps/Syracuse (198x).png</image><titleshot>~/../thumbs/Philips - Videopac/Named_Titles/Syracuse (198x).png</titleshot><thumbnail>~/../thumbs/Philips - Videopac/Named_Boxarts/Syracuse (198x).png</thumbnail><marquee>~/../thumbs/Philips - Videopac/Named_Logos/Syracuse (198x).png</marquee></game>
<game><path>./Philips Videopac+ TOSEC/Tenpin Bowling + Basketball (198x)(Philips)(FR).zip</path><name>Tenpin Bowling + Basketball (198x)(Philips)(FR)</name><image>~/../thumbs/Philips - Videopac/Named_Snaps/Tenpin Bowling + Basketball (198x).png</image><titleshot>~/../thumbs/Philips - Videopac/Named_Titles/Tenpin Bowling + Basketball (198x).png</titleshot><thumbnail>~/../thumbs/Philips - Videopac/Named_Boxarts/Tenpin Bowling + Basketball (198x).png</thumbnail><marquee>~/../thumbs/Philips - Videopac/Named_Logos/Tenpin Bowling + Basketball (198x).png</marquee></game>
<game><path>./Philips Videopac+ TOSEC/Terrahawks (198x)(Philips)(EU).zip</path><name>Terrahawks (198x)(Philips)(EU)</name><image>~/../thumbs/Philips - Videopac/Named_Snaps/Terrahawks (198x).png</image><titleshot>~/../thumbs/Philips - Videopac/Named_Titles/Terrahawks (198x).png</titleshot><thumbnail>~/../thumbs/Philips - Videopac/Named_Boxarts/Terrahawks (198x).png</thumbnail><marquee>~/../thumbs/Philips - Videopac/Named_Logos/Terrahawks (198x).png</marquee></game>
<game><path>./Philips Videopac+ TOSEC/Trans American Rally (198x)(Philips)(EU).zip</path><name>Trans American Rally (198x)(Philips)(EU)</name><image>~/../thumbs/Philips - Videopac/Named_Snaps/Trans American Rally (198x).png</image><titleshot>~/../thumbs/Philips - Videopac/Named_Titles/Trans American Rally (198x).png</titleshot><thumbnail>~/../thumbs/Philips - Videopac/Named_Boxarts/Trans American Rally (198x).png</thumbnail><marquee>~/../thumbs/Philips - Videopac/Named_Logos/Trans American Rally (198x).png</marquee></game>
<game><path>./Philips Videopac+ TOSEC/Trans American Rally (198x)(Philips)(EU)[b].zip</path><name>Trans American Rally (198x)(Philips)(EU)[b]</name><image>~/../thumbs/Philips - Videopac/Named_Snaps/Trans American Rally (198x).png</image><titleshot>~/../thumbs/Philips - Videopac/Named_Titles/Trans American Rally (198x).png</titleshot><thumbnail>~/../thumbs/Philips - Videopac/Named_Boxarts/Trans American Rally (198x).png</thumbnail><marquee>~/../thumbs/Philips - Videopac/Named_Logos/Trans American Rally (198x).png</marquee></game>
<game><path>./Philips Videopac+ TOSEC/Tresor Englouti, Le (198x)(Philips)(FR).zip</path><name>Tresor Englouti, Le (198x)(Philips)(FR)</name><image>~/../thumbs/Philips - Videopac/Named_Snaps/Tresor Englouti, Le (198x).png</image><titleshot>~/../thumbs/Philips - Videopac/Named_Titles/Tresor Englouti, Le (198x).png</titleshot><thumbnail>~/../thumbs/Philips - Videopac/Named_Boxarts/Tresor Englouti, Le (198x).png</thumbnail><marquee>~/../thumbs/Philips - Videopac/Named_Logos/Tresor Englouti, Le (198x).png</marquee></game>
<folder><path>./videopacplus</path><name>videopacplus</name><image>~/../thumb/videopacplus.png</image></folder>
</gameList>
