<gameList>
<game><path>./<code>MSX 2+</code> TOSEC/F-1 Spirit 3D Special (1988)(Konami)(Disk 1 of 3)(Opening Disk).zip</path><name>F-1 Spirit 3D Special (1988)(Konami)(Disk 1 of 3)(Opening Disk)</name><image>~/../thumbs/Microsoft - MSX2/Named_Snaps/F-1 Spirit 3D Special (1988).png</image><titleshot>~/../thumbs/Microsoft - MSX2/Named_Titles/F-1 Spirit 3D Special (1988).png</titleshot><thumbnail>~/../thumbs/Microsoft - MSX2/Named_Boxarts/F-1 Spirit 3D Special (1988).png</thumbnail><marquee>~/../thumbs/Microsoft - MSX2/Named_Logos/F-1 Spirit 3D Special (1988).png</marquee></game>
<game><path>./<code>MSX 2+</code> TOSEC/F-1 Spirit 3D Special (1988)(Konami)(Disk 2 of 3)(Game Disk A).zip</path><name>F-1 Spirit 3D Special (1988)(Konami)(Disk 2 of 3)(Game Disk A)</name><image>~/../thumbs/Microsoft - MSX2/Named_Snaps/F-1 Spirit 3D Special (1988).png</image><titleshot>~/../thumbs/Microsoft - MSX2/Named_Titles/F-1 Spirit 3D Special (1988).png</titleshot><thumbnail>~/../thumbs/Microsoft - MSX2/Named_Boxarts/F-1 Spirit 3D Special (1988).png</thumbnail><marquee>~/../thumbs/Microsoft - MSX2/Named_Logos/F-1 Spirit 3D Special (1988).png</marquee></game>
<game><path>./<code>MSX 2+</code> TOSEC/F-1 Spirit 3D Special (1988)(Konami)(Disk 2 of 3)(Game Disk A)[a2].zip</path><name>F-1 Spirit 3D Special (1988)(Konami)(Disk 2 of 3)(Game Disk A)[a2]</name><image>~/../thumbs/Microsoft - MSX2/Named_Snaps/F-1 Spirit 3D Special (1988).png</image><titleshot>~/../thumbs/Microsoft - MSX2/Named_Titles/F-1 Spirit 3D Special (1988).png</titleshot><thumbnail>~/../thumbs/Microsoft - MSX2/Named_Boxarts/F-1 Spirit 3D Special (1988).png</thumbnail><marquee>~/../thumbs/Microsoft - MSX2/Named_Logos/F-1 Spirit 3D Special (1988).png</marquee></game>
<game><path>./<code>MSX 2+</code> TOSEC/F-1 Spirit 3D Special (1988)(Konami)(Disk 2 of 3)(Game Disk A)[a].zip</path><name>F-1 Spirit 3D Special (1988)(Konami)(Disk 2 of 3)(Game Disk A)[a]</name><image>~/../thumbs/Microsoft - MSX2/Named_Snaps/F-1 Spirit 3D Special (1988).png</image><titleshot>~/../thumbs/Microsoft - MSX2/Named_Titles/F-1 Spirit 3D Special (1988).png</titleshot><thumbnail>~/../thumbs/Microsoft - MSX2/Named_Boxarts/F-1 Spirit 3D Special (1988).png</thumbnail><marquee>~/../thumbs/Microsoft - MSX2/Named_Logos/F-1 Spirit 3D Special (1988).png</marquee></game>
<game><path>./<code>MSX 2+</code> TOSEC/F-1 Spirit 3D Special (1988)(Konami)(Disk 3 of 3)(Game Disk B).zip</path><name>F-1 Spirit 3D Special (1988)(Konami)(Disk 3 of 3)(Game Disk B)</name><image>~/../thumbs/Microsoft - MSX2/Named_Snaps/F-1 Spirit 3D Special (1988).png</image><titleshot>~/../thumbs/Microsoft - MSX2/Named_Titles/F-1 Spirit 3D Special (1988).png</titleshot><thumbnail>~/../thumbs/Microsoft - MSX2/Named_Boxarts/F-1 Spirit 3D Special (1988).png</thumbnail><marquee>~/../thumbs/Microsoft - MSX2/Named_Logos/F-1 Spirit 3D Special (1988).png</marquee></game>
<game><path>./<code>MSX 2+</code> TOSEC/F-1 Spirit 3D Special (1988)(Konami)(Disk 3 of 3)(Game Disk B)[a].zip</path><name>F-1 Spirit 3D Special (1988)(Konami)(Disk 3 of 3)(Game Disk B)[a]</name><image>~/../thumbs/Microsoft - MSX2/Named_Snaps/F-1 Spirit 3D Special (1988).png</image><titleshot>~/../thumbs/Microsoft - MSX2/Named_Titles/F-1 Spirit 3D Special (1988).png</titleshot><thumbnail>~/../thumbs/Microsoft - MSX2/Named_Boxarts/F-1 Spirit 3D Special (1988).png</thumbnail><marquee>~/../thumbs/Microsoft - MSX2/Named_Logos/F-1 Spirit 3D Special (1988).png</marquee></game>
<game><path>./<code>MSX 2+</code> TOSEC/Gladius (1992)(MSX Magazine)(DE).zip</path><name>Gladius (1992)(MSX Magazine)(DE)</name><image>~/../thumbs/Microsoft - MSX2/Named_Snaps/Gladius (1992).png</image><titleshot>~/../thumbs/Microsoft - MSX2/Named_Titles/Gladius (1992).png</titleshot><thumbnail>~/../thumbs/Microsoft - MSX2/Named_Boxarts/Gladius (1992).png</thumbnail><marquee>~/../thumbs/Microsoft - MSX2/Named_Logos/Gladius (1992).png</marquee></game>
<game><path>./<code>MSX 2+</code> TOSEC/Gulf Stream. Galf Streem (1989)(Xain)(JP)(Disk 1 of 4)[b].zip</path><name>Gulf Stream. Galf Streem (1989)(Xain)(JP)(Disk 1 of 4)[b]</name><image>~/../thumbs/Microsoft - MSX2/Named_Snaps/Gulf Stream. Galf Streem (1989).png</image><titleshot>~/../thumbs/Microsoft - MSX2/Named_Titles/Gulf Stream. Galf Streem (1989).png</titleshot><thumbnail>~/../thumbs/Microsoft - MSX2/Named_Boxarts/Gulf Stream. Galf Streem (1989).png</thumbnail><marquee>~/../thumbs/Microsoft - MSX2/Named_Logos/Gulf Stream. Galf Streem (1989).png</marquee></game>
<game><path>./<code>MSX 2+</code> TOSEC/Gulf Stream. Galf Streem (1989)(Xain)(JP)(Disk 2 of 4)[b].zip</path><name>Gulf Stream. Galf Streem (1989)(Xain)(JP)(Disk 2 of 4)[b]</name><image>~/../thumbs/Microsoft - MSX2/Named_Snaps/Gulf Stream. Galf Streem (1989).png</image><titleshot>~/../thumbs/Microsoft - MSX2/Named_Titles/Gulf Stream. Galf Streem (1989).png</titleshot><thumbnail>~/../thumbs/Microsoft - MSX2/Named_Boxarts/Gulf Stream. Galf Streem (1989).png</thumbnail><marquee>~/../thumbs/Microsoft - MSX2/Named_Logos/Gulf Stream. Galf Streem (1989).png</marquee></game>
<game><path>./<code>MSX 2+</code> TOSEC/Gulf Stream. Galf Streem (1989)(Xain)(JP)(Disk 3 of 4)[b].zip</path><name>Gulf Stream. Galf Streem (1989)(Xain)(JP)(Disk 3 of 4)[b]</name><image>~/../thumbs/Microsoft - MSX2/Named_Snaps/Gulf Stream. Galf Streem (1989).png</image><titleshot>~/../thumbs/Microsoft - MSX2/Named_Titles/Gulf Stream. Galf Streem (1989).png</titleshot><thumbnail>~/../thumbs/Microsoft - MSX2/Named_Boxarts/Gulf Stream. Galf Streem (1989).png</thumbnail><marquee>~/../thumbs/Microsoft - MSX2/Named_Logos/Gulf Stream. Galf Streem (1989).png</marquee></game>
<game><path>./<code>MSX 2+</code> TOSEC/Gulf Stream. Galf Streem (1989)(Xain)(JP)(Disk 4 of 4)(User Disk)[o].zip</path><name>Gulf Stream. Galf Streem (1989)(Xain)(JP)(Disk 4 of 4)(User Disk)[o]</name><image>~/../thumbs/Microsoft - MSX2/Named_Snaps/Gulf Stream. Galf Streem (1989).png</image><titleshot>~/../thumbs/Microsoft - MSX2/Named_Titles/Gulf Stream. Galf Streem (1989).png</titleshot><thumbnail>~/../thumbs/Microsoft - MSX2/Named_Boxarts/Gulf Stream. Galf Streem (1989).png</thumbnail><marquee>~/../thumbs/Microsoft - MSX2/Named_Logos/Gulf Stream. Galf Streem (1989).png</marquee></game>
<game><path>./<code>MSX 2+</code> TOSEC/Laydock 2 - Last Attack (1988)(T&E Soft)(JP)(Disk 1 of 2).zip</path><name>Laydock 2 - Last Attack (1988)(T&E Soft)(JP)(Disk 1 of 2)</name><image>~/../thumbs/Microsoft - MSX2/Named_Snaps/Laydock 2 - Last Attack (1988).png</image><titleshot>~/../thumbs/Microsoft - MSX2/Named_Titles/Laydock 2 - Last Attack (1988).png</titleshot><thumbnail>~/../thumbs/Microsoft - MSX2/Named_Boxarts/Laydock 2 - Last Attack (1988).png</thumbnail><marquee>~/../thumbs/Microsoft - MSX2/Named_Logos/Laydock 2 - Last Attack (1988).png</marquee></game>
<game><path>./<code>MSX 2+</code> TOSEC/Laydock 2 - Last Attack (1988)(T&E Soft)(JP)(Disk 1 of 2)[a].zip</path><name>Laydock 2 - Last Attack (1988)(T&E Soft)(JP)(Disk 1 of 2)[a]</name><image>~/../thumbs/Microsoft - MSX2/Named_Snaps/Laydock 2 - Last Attack (1988).png</image><titleshot>~/../thumbs/Microsoft - MSX2/Named_Titles/Laydock 2 - Last Attack (1988).png</titleshot><thumbnail>~/../thumbs/Microsoft - MSX2/Named_Boxarts/Laydock 2 - Last Attack (1988).png</thumbnail><marquee>~/../thumbs/Microsoft - MSX2/Named_Logos/Laydock 2 - Last Attack (1988).png</marquee></game>
<game><path>./<code>MSX 2+</code> TOSEC/Laydock 2 - Last Attack (1988)(T&E Soft)(JP)(Disk 1 of 2)[b].zip</path><name>Laydock 2 - Last Attack (1988)(T&E Soft)(JP)(Disk 1 of 2)[b]</name><image>~/../thumbs/Microsoft - MSX2/Named_Snaps/Laydock 2 - Last Attack (1988).png</image><titleshot>~/../thumbs/Microsoft - MSX2/Named_Titles/Laydock 2 - Last Attack (1988).png</titleshot><thumbnail>~/../thumbs/Microsoft - MSX2/Named_Boxarts/Laydock 2 - Last Attack (1988).png</thumbnail><marquee>~/../thumbs/Microsoft - MSX2/Named_Logos/Laydock 2 - Last Attack (1988).png</marquee></game>
<game><path>./<code>MSX 2+</code> TOSEC/Laydock 2 - Last Attack (1988)(T&E Soft)(JP)(Disk 2 of 2).zip</path><name>Laydock 2 - Last Attack (1988)(T&E Soft)(JP)(Disk 2 of 2)</name><image>~/../thumbs/Microsoft - MSX2/Named_Snaps/Laydock 2 - Last Attack (1988).png</image><titleshot>~/../thumbs/Microsoft - MSX2/Named_Titles/Laydock 2 - Last Attack (1988).png</titleshot><thumbnail>~/../thumbs/Microsoft - MSX2/Named_Boxarts/Laydock 2 - Last Attack (1988).png</thumbnail><marquee>~/../thumbs/Microsoft - MSX2/Named_Logos/Laydock 2 - Last Attack (1988).png</marquee></game>
<game><path>./<code>MSX 2+</code> TOSEC/Laydock 2 - Last Attack (1988)(T&E Soft)(JP)(Disk 2 of 2)[a].zip</path><name>Laydock 2 - Last Attack (1988)(T&E Soft)(JP)(Disk 2 of 2)[a]</name><image>~/../thumbs/Microsoft - MSX2/Named_Snaps/Laydock 2 - Last Attack (1988).png</image><titleshot>~/../thumbs/Microsoft - MSX2/Named_Titles/Laydock 2 - Last Attack (1988).png</titleshot><thumbnail>~/../thumbs/Microsoft - MSX2/Named_Boxarts/Laydock 2 - Last Attack (1988).png</thumbnail><marquee>~/../thumbs/Microsoft - MSX2/Named_Logos/Laydock 2 - Last Attack (1988).png</marquee></game>
<game><path>./<code>MSX 2+</code> TOSEC/Laydock 2 - Last Attack (1988)(T&E Soft)(JP)(Disk 2 of 2)[b].zip</path><name>Laydock 2 - Last Attack (1988)(T&E Soft)(JP)(Disk 2 of 2)[b]</name><image>~/../thumbs/Microsoft - MSX2/Named_Snaps/Laydock 2 - Last Attack (1988).png</image><titleshot>~/../thumbs/Microsoft - MSX2/Named_Titles/Laydock 2 - Last Attack (1988).png</titleshot><thumbnail>~/../thumbs/Microsoft - MSX2/Named_Boxarts/Laydock 2 - Last Attack (1988).png</thumbnail><marquee>~/../thumbs/Microsoft - MSX2/Named_Logos/Laydock 2 - Last Attack (1988).png</marquee></game>
<game><path>./<code>MSX 2+</code> TOSEC/Lubeck (1990)(MSX Magazine)(JP).zip</path><name>Lubeck (1990)(MSX Magazine)(JP)</name><image>~/../thumbs/Microsoft - MSX2/Named_Snaps/Lubeck (1990).png</image><titleshot>~/../thumbs/Microsoft - MSX2/Named_Titles/Lubeck (1990).png</titleshot><thumbnail>~/../thumbs/Microsoft - MSX2/Named_Boxarts/Lubeck (1990).png</thumbnail><marquee>~/../thumbs/Microsoft - MSX2/Named_Logos/Lubeck (1990).png</marquee></game>
<game><path>./<code>MSX 2+</code> TOSEC/Lubeck (1990)(MSX Magazine)(JP)[a].zip</path><name>Lubeck (1990)(MSX Magazine)(JP)[a]</name><image>~/../thumbs/Microsoft - MSX2/Named_Snaps/Lubeck (1990).png</image><titleshot>~/../thumbs/Microsoft - MSX2/Named_Titles/Lubeck (1990).png</titleshot><thumbnail>~/../thumbs/Microsoft - MSX2/Named_Boxarts/Lubeck (1990).png</thumbnail><marquee>~/../thumbs/Microsoft - MSX2/Named_Logos/Lubeck (1990).png</marquee></game>
<game><path>./<code>MSX 2+</code> TOSEC/Megadoom (1992)(First Class Software)(NL)(Disk 1 of 2)(Opening Disk).zip</path><name>Megadoom (1992)(First Class Software)(NL)(Disk 1 of 2)(Opening Disk)</name><image>~/../thumbs/Microsoft - MSX2/Named_Snaps/Megadoom (1992).png</image><titleshot>~/../thumbs/Microsoft - MSX2/Named_Titles/Megadoom (1992).png</titleshot><thumbnail>~/../thumbs/Microsoft - MSX2/Named_Boxarts/Megadoom (1992).png</thumbnail><marquee>~/../thumbs/Microsoft - MSX2/Named_Logos/Megadoom (1992).png</marquee></game>
<game><path>./<code>MSX 2+</code> TOSEC/Megadoom (1992)(First Class Software)(NL)(Disk 2 of 2)(Game Disk).zip</path><name>Megadoom (1992)(First Class Software)(NL)(Disk 2 of 2)(Game Disk)</name><image>~/../thumbs/Microsoft - MSX2/Named_Snaps/Megadoom (1992).png</image><titleshot>~/../thumbs/Microsoft - MSX2/Named_Titles/Megadoom (1992).png</titleshot><thumbnail>~/../thumbs/Microsoft - MSX2/Named_Boxarts/Megadoom (1992).png</thumbnail><marquee>~/../thumbs/Microsoft - MSX2/Named_Logos/Megadoom (1992).png</marquee></game>
<game><path>./<code>MSX 2+</code> TOSEC/Playboy Strippoker (1992)(First Class Software)(NL).zip</path><name>Playboy Strippoker (1992)(First Class Software)(NL)</name><image>~/../thumbs/Microsoft - MSX2/Named_Snaps/Playboy Strippoker (1992).png</image><titleshot>~/../thumbs/Microsoft - MSX2/Named_Titles/Playboy Strippoker (1992).png</titleshot><thumbnail>~/../thumbs/Microsoft - MSX2/Named_Boxarts/Playboy Strippoker (1992).png</thumbnail><marquee>~/../thumbs/Microsoft - MSX2/Named_Logos/Playboy Strippoker (1992).png</marquee></game>
<game><path>./<code>MSX 2+</code> TOSEC/Quinpl (1988)(Bit2)(JP).zip</path><name>Quinpl (1988)(Bit2)(JP)</name><image>~/../thumbs/Microsoft - MSX2/Named_Snaps/Quinpl (1988).png</image><titleshot>~/../thumbs/Microsoft - MSX2/Named_Titles/Quinpl (1988).png</titleshot><thumbnail>~/../thumbs/Microsoft - MSX2/Named_Boxarts/Quinpl (1988).png</thumbnail><marquee>~/../thumbs/Microsoft - MSX2/Named_Logos/Quinpl (1988).png</marquee></game>
<game><path>./<code>MSX 2+</code> TOSEC/Quinpl (1988)(Bit2)(JP)[a2].zip</path><name>Quinpl (1988)(Bit2)(JP)[a2]</name><image>~/../thumbs/Microsoft - MSX2/Named_Snaps/Quinpl (1988).png</image><titleshot>~/../thumbs/Microsoft - MSX2/Named_Titles/Quinpl (1988).png</titleshot><thumbnail>~/../thumbs/Microsoft - MSX2/Named_Boxarts/Quinpl (1988).png</thumbnail><marquee>~/../thumbs/Microsoft - MSX2/Named_Logos/Quinpl (1988).png</marquee></game>
<game><path>./<code>MSX 2+</code> TOSEC/Quinpl (1988)(Bit2)(JP)[a].zip</path><name>Quinpl (1988)(Bit2)(JP)[a]</name><image>~/../thumbs/Microsoft - MSX2/Named_Snaps/Quinpl (1988).png</image><titleshot>~/../thumbs/Microsoft - MSX2/Named_Titles/Quinpl (1988).png</titleshot><thumbnail>~/../thumbs/Microsoft - MSX2/Named_Boxarts/Quinpl (1988).png</thumbnail><marquee>~/../thumbs/Microsoft - MSX2/Named_Logos/Quinpl (1988).png</marquee></game>
<game><path>./<code>MSX 2+</code> TOSEC/Quinpl (1988)(Bit2)(JP)[b].zip</path><name>Quinpl (1988)(Bit2)(JP)[b]</name><image>~/../thumbs/Microsoft - MSX2/Named_Snaps/Quinpl (1988).png</image><titleshot>~/../thumbs/Microsoft - MSX2/Named_Titles/Quinpl (1988).png</titleshot><thumbnail>~/../thumbs/Microsoft - MSX2/Named_Boxarts/Quinpl (1988).png</thumbnail><marquee>~/../thumbs/Microsoft - MSX2/Named_Logos/Quinpl (1988).png</marquee></game>
<game><path>./<code>MSX 2+</code> TOSEC/Sea Sardine (1991)(MSX Magazine)(JP).zip</path><name>Sea Sardine (1991)(MSX Magazine)(JP)</name><image>~/../thumbs/Microsoft - MSX2/Named_Snaps/Sea Sardine (1991).png</image><titleshot>~/../thumbs/Microsoft - MSX2/Named_Titles/Sea Sardine (1991).png</titleshot><thumbnail>~/../thumbs/Microsoft - MSX2/Named_Boxarts/Sea Sardine (1991).png</thumbnail><marquee>~/../thumbs/Microsoft - MSX2/Named_Logos/Sea Sardine (1991).png</marquee></game>
<game><path>./<code>MSX 2+</code> TOSEC/Sea Sardine (1991)(MSX Magazine)(JP)[a].zip</path><name>Sea Sardine (1991)(MSX Magazine)(JP)[a]</name><image>~/../thumbs/Microsoft - MSX2/Named_Snaps/Sea Sardine (1991).png</image><titleshot>~/../thumbs/Microsoft - MSX2/Named_Titles/Sea Sardine (1991).png</titleshot><thumbnail>~/../thumbs/Microsoft - MSX2/Named_Boxarts/Sea Sardine (1991).png</thumbnail><marquee>~/../thumbs/Microsoft - MSX2/Named_Logos/Sea Sardine (1991).png</marquee></game>
<game><path>./<code>MSX 2+</code> TOSEC/Twinkle Star (1990)(MSX Magazine)(JP).zip</path><name>Twinkle Star (1990)(MSX Magazine)(JP)</name><image>~/../thumbs/Microsoft - MSX2/Named_Snaps/Twinkle Star (1990).png</image><titleshot>~/../thumbs/Microsoft - MSX2/Named_Titles/Twinkle Star (1990).png</titleshot><thumbnail>~/../thumbs/Microsoft - MSX2/Named_Boxarts/Twinkle Star (1990).png</thumbnail><marquee>~/../thumbs/Microsoft - MSX2/Named_Logos/Twinkle Star (1990).png</marquee></game>
<game><path>./<code>MSX 2+</code> TOSEC/Twinkle Star (1990)(MSX Magazine)(JP)[a].zip</path><name>Twinkle Star (1990)(MSX Magazine)(JP)[a]</name><image>~/../thumbs/Microsoft - MSX2/Named_Snaps/Twinkle Star (1990).png</image><titleshot>~/../thumbs/Microsoft - MSX2/Named_Titles/Twinkle Star (1990).png</titleshot><thumbnail>~/../thumbs/Microsoft - MSX2/Named_Boxarts/Twinkle Star (1990).png</thumbnail><marquee>~/../thumbs/Microsoft - MSX2/Named_Logos/Twinkle Star (1990).png</marquee></game>
<game><path>./<code>MSX 2+</code> TOSEC/Twinkle Star II (1990)(MSX Magazine)(JP).zip</path><name>Twinkle Star II (1990)(MSX Magazine)(JP)</name><image>~/../thumbs/Microsoft - MSX2/Named_Snaps/Twinkle Star II (1990).png</image><titleshot>~/../thumbs/Microsoft - MSX2/Named_Titles/Twinkle Star II (1990).png</titleshot><thumbnail>~/../thumbs/Microsoft - MSX2/Named_Boxarts/Twinkle Star II (1990).png</thumbnail><marquee>~/../thumbs/Microsoft - MSX2/Named_Logos/Twinkle Star II (1990).png</marquee></game>
<game><path>./<code>MSX 2+</code> TOSEC/Twinkle Star II (1990)(MSX Magazine)(JP)[a].zip</path><name>Twinkle Star II (1990)(MSX Magazine)(JP)[a]</name><image>~/../thumbs/Microsoft - MSX2/Named_Snaps/Twinkle Star II (1990).png</image><titleshot>~/../thumbs/Microsoft - MSX2/Named_Titles/Twinkle Star II (1990).png</titleshot><thumbnail>~/../thumbs/Microsoft - MSX2/Named_Boxarts/Twinkle Star II (1990).png</thumbnail><marquee>~/../thumbs/Microsoft - MSX2/Named_Logos/Twinkle Star II (1990).png</marquee></game>
<game><path>./<code>MSX 2+</code> TOSEC/Wig, The (1989)(MSX Magazine)(JP).zip</path><name>Wig, The (1989)(MSX Magazine)(JP)</name><image>~/../thumbs/Microsoft - MSX2/Named_Snaps/Wig, The (1989).png</image><titleshot>~/../thumbs/Microsoft - MSX2/Named_Titles/Wig, The (1989).png</titleshot><thumbnail>~/../thumbs/Microsoft - MSX2/Named_Boxarts/Wig, The (1989).png</thumbnail><marquee>~/../thumbs/Microsoft - MSX2/Named_Logos/Wig, The (1989).png</marquee></game>
<game><path>./<code>MSX 2+</code> TOSEC/Wig, The (1989)(MSX Magazine)(JP)[a].zip</path><name>Wig, The (1989)(MSX Magazine)(JP)[a]</name><image>~/../thumbs/Microsoft - MSX2/Named_Snaps/Wig, The (1989).png</image><titleshot>~/../thumbs/Microsoft - MSX2/Named_Titles/Wig, The (1989).png</titleshot><thumbnail>~/../thumbs/Microsoft - MSX2/Named_Boxarts/Wig, The (1989).png</thumbnail><marquee>~/../thumbs/Microsoft - MSX2/Named_Logos/Wig, The (1989).png</marquee></game>
<game><path>./<code>MSX 2+</code> TOSEC/Witch Iz, The (1991)(Chihiro)[b].zip</path><name>Witch Iz, The (1991)(Chihiro)[b]</name><image>~/../thumbs/Microsoft - MSX2/Named_Snaps/Witch Iz, The (1991).png</image><titleshot>~/../thumbs/Microsoft - MSX2/Named_Titles/Witch Iz, The (1991).png</titleshot><thumbnail>~/../thumbs/Microsoft - MSX2/Named_Boxarts/Witch Iz, The (1991).png</thumbnail><marquee>~/../thumbs/Microsoft - MSX2/Named_Logos/Witch Iz, The (1991).png</marquee></game>
<game><path>./<code>MSX 2+</code> TOSEC/Yoshida Kensetsu. Super Zelixer (1990)(MSX Magazine)(JP).zip</path><name>Yoshida Kensetsu. Super Zelixer (1990)(MSX Magazine)(JP)</name><image>~/../thumbs/Microsoft - MSX2/Named_Snaps/Yoshida Kensetsu. Super Zelixer (1990).png</image><titleshot>~/../thumbs/Microsoft - MSX2/Named_Titles/Yoshida Kensetsu. Super Zelixer (1990).png</titleshot><thumbnail>~/../thumbs/Microsoft - MSX2/Named_Boxarts/Yoshida Kensetsu. Super Zelixer (1990).png</thumbnail><marquee>~/../thumbs/Microsoft - MSX2/Named_Logos/Yoshida Kensetsu. Super Zelixer (1990).png</marquee></game>
<game><path>./<code>MSX 2+</code> TOSEC/Yoshida Kensetsu. Super Zelixer (1990)(MSX Magazine)(JP)[a2].zip</path><name>Yoshida Kensetsu. Super Zelixer (1990)(MSX Magazine)(JP)[a2]</name><image>~/../thumbs/Microsoft - MSX2/Named_Snaps/Yoshida Kensetsu. Super Zelixer (1990).png</image><titleshot>~/../thumbs/Microsoft - MSX2/Named_Titles/Yoshida Kensetsu. Super Zelixer (1990).png</titleshot><thumbnail>~/../thumbs/Microsoft - MSX2/Named_Boxarts/Yoshida Kensetsu. Super Zelixer (1990).png</thumbnail><marquee>~/../thumbs/Microsoft - MSX2/Named_Logos/Yoshida Kensetsu. Super Zelixer (1990).png</marquee></game>
<game><path>./<code>MSX 2+</code> TOSEC/Yoshida Kensetsu. Super Zelixer (1990)(MSX Magazine)(JP)[a3].zip</path><name>Yoshida Kensetsu. Super Zelixer (1990)(MSX Magazine)(JP)[a3]</name><image>~/../thumbs/Microsoft - MSX2/Named_Snaps/Yoshida Kensetsu. Super Zelixer (1990).png</image><titleshot>~/../thumbs/Microsoft - MSX2/Named_Titles/Yoshida Kensetsu. Super Zelixer (1990).png</titleshot><thumbnail>~/../thumbs/Microsoft - MSX2/Named_Boxarts/Yoshida Kensetsu. Super Zelixer (1990).png</thumbnail><marquee>~/../thumbs/Microsoft - MSX2/Named_Logos/Yoshida Kensetsu. Super Zelixer (1990).png</marquee></game>
<game><path>./<code>MSX 2+</code> TOSEC/Yoshida Kensetsu. Super Zelixer (1990)(MSX Magazine)(JP)[a].zip</path><name>Yoshida Kensetsu. Super Zelixer (1990)(MSX Magazine)(JP)[a]</name><image>~/../thumbs/Microsoft - MSX2/Named_Snaps/Yoshida Kensetsu. Super Zelixer (1990).png</image><titleshot>~/../thumbs/Microsoft - MSX2/Named_Titles/Yoshida Kensetsu. Super Zelixer (1990).png</titleshot><thumbnail>~/../thumbs/Microsoft - MSX2/Named_Boxarts/Yoshida Kensetsu. Super Zelixer (1990).png</thumbnail><marquee>~/../thumbs/Microsoft - MSX2/Named_Logos/Yoshida Kensetsu. Super Zelixer (1990).png</marquee></game>
<folder><path>./msx2+</path><name>msx2+</name><image>~/../thumb/msx2+.png</image></folder>
<game><path>./<code>MSX 2+</code> Flop Merged/beppin.zip</path><name>beppin</name><image>~/../thumbs/Microsoft - MSX2/Named_Snaps/beppin.png</image><titleshot>~/../thumbs/Microsoft - MSX2/Named_Titles/beppin.png</titleshot><thumbnail>~/../thumbs/Microsoft - MSX2/Named_Boxarts/beppin.png</thumbnail><marquee>~/../thumbs/Microsoft - MSX2/Named_Logos/beppin.png</marquee></game>
<game><path>./<code>MSX 2+</code> Flop Merged/dcconnec.zip</path><name>dcconnec</name><image>~/../thumbs/Microsoft - MSX2/Named_Snaps/dcconnec.png</image><titleshot>~/../thumbs/Microsoft - MSX2/Named_Titles/dcconnec.png</titleshot><thumbnail>~/../thumbs/Microsoft - MSX2/Named_Boxarts/dcconnec.png</thumbnail><marquee>~/../thumbs/Microsoft - MSX2/Named_Logos/dcconnec.png</marquee></game>
<game><path>./<code>MSX 2+</code> Flop Merged/f1spirit.zip</path><name>f1spirit</name><image>~/../thumbs/Microsoft - MSX2/Named_Snaps/f1spirit.png</image><titleshot>~/../thumbs/Microsoft - MSX2/Named_Titles/f1spirit.png</titleshot><thumbnail>~/../thumbs/Microsoft - MSX2/Named_Boxarts/f1spirit.png</thumbnail><marquee>~/../thumbs/Microsoft - MSX2/Named_Logos/f1spirit.png</marquee></game>
<game><path>./<code>MSX 2+</code> Flop Merged/famistah.zip</path><name>famistah</name><image>~/../thumbs/Microsoft - MSX2/Named_Snaps/famistah.png</image><titleshot>~/../thumbs/Microsoft - MSX2/Named_Titles/famistah.png</titleshot><thumbnail>~/../thumbs/Microsoft - MSX2/Named_Boxarts/famistah.png</thumbnail><marquee>~/../thumbs/Microsoft - MSX2/Named_Logos/famistah.png</marquee></game>
<game><path>./<code>MSX 2+</code> Flop Merged/fsa1fx.zip</path><name>fsa1fx</name><image>~/../thumbs/Microsoft - MSX2/Named_Snaps/fsa1fx.png</image><titleshot>~/../thumbs/Microsoft - MSX2/Named_Titles/fsa1fx.png</titleshot><thumbnail>~/../thumbs/Microsoft - MSX2/Named_Boxarts/fsa1fx.png</thumbnail><marquee>~/../thumbs/Microsoft - MSX2/Named_Logos/fsa1fx.png</marquee></game>
<game><path>./<code>MSX 2+</code> Flop Merged/fsa1wsx.zip</path><name>fsa1wsx</name><image>~/../thumbs/Microsoft - MSX2/Named_Snaps/fsa1wsx.png</image><titleshot>~/../thumbs/Microsoft - MSX2/Named_Titles/fsa1wsx.png</titleshot><thumbnail>~/../thumbs/Microsoft - MSX2/Named_Boxarts/fsa1wsx.png</thumbnail><marquee>~/../thumbs/Microsoft - MSX2/Named_Logos/fsa1wsx.png</marquee></game>
<game><path>./<code>MSX 2+</code> Flop Merged/fsa1wx.zip</path><name>fsa1wx</name><image>~/../thumbs/Microsoft - MSX2/Named_Snaps/fsa1wx.png</image><titleshot>~/../thumbs/Microsoft - MSX2/Named_Titles/fsa1wx.png</titleshot><thumbnail>~/../thumbs/Microsoft - MSX2/Named_Boxarts/fsa1wx.png</thumbnail><marquee>~/../thumbs/Microsoft - MSX2/Named_Logos/fsa1wx.png</marquee></game>
<game><path>./<code>MSX 2+</code> Flop Merged/gamept.zip</path><name>gamept</name><image>~/../thumbs/Microsoft - MSX2/Named_Snaps/gamept.png</image><titleshot>~/../thumbs/Microsoft - MSX2/Named_Titles/gamept.png</titleshot><thumbnail>~/../thumbs/Microsoft - MSX2/Named_Boxarts/gamept.png</thumbnail><marquee>~/../thumbs/Microsoft - MSX2/Named_Logos/gamept.png</marquee></game>
<game><path>./<code>MSX 2+</code> Flop Merged/gladius.zip</path><name>gladius</name><image>~/../thumbs/Microsoft - MSX2/Named_Snaps/gladius.png</image><titleshot>~/../thumbs/Microsoft - MSX2/Named_Titles/gladius.png</titleshot><thumbnail>~/../thumbs/Microsoft - MSX2/Named_Boxarts/gladius.png</thumbnail><marquee>~/../thumbs/Microsoft - MSX2/Named_Logos/gladius.png</marquee></game>
<game><path>./<code>MSX 2+</code> Flop Merged/gradius3l.zip</path><name>gradius3l</name><image>~/../thumbs/Microsoft - MSX2/Named_Snaps/gradius3l.png</image><titleshot>~/../thumbs/Microsoft - MSX2/Named_Titles/gradius3l.png</titleshot><thumbnail>~/../thumbs/Microsoft - MSX2/Named_Boxarts/gradius3l.png</thumbnail><marquee>~/../thumbs/Microsoft - MSX2/Named_Logos/gradius3l.png</marquee></game>
<game><path>./<code>MSX 2+</code> Flop Merged/hbf1xv.zip</path><name>hbf1xv</name><image>~/../thumbs/Microsoft - MSX2/Named_Snaps/hbf1xv.png</image><titleshot>~/../thumbs/Microsoft - MSX2/Named_Titles/hbf1xv.png</titleshot><thumbnail>~/../thumbs/Microsoft - MSX2/Named_Boxarts/hbf1xv.png</thumbnail><marquee>~/../thumbs/Microsoft - MSX2/Named_Logos/hbf1xv.png</marquee></game>
<game><path>./<code>MSX 2+</code> Flop Merged/hbf1xvsd.zip</path><name>hbf1xvsd</name><image>~/../thumbs/Microsoft - MSX2/Named_Snaps/hbf1xvsd.png</image><titleshot>~/../thumbs/Microsoft - MSX2/Named_Titles/hbf1xvsd.png</titleshot><thumbnail>~/../thumbs/Microsoft - MSX2/Named_Boxarts/hbf1xvsd.png</thumbnail><marquee>~/../thumbs/Microsoft - MSX2/Named_Logos/hbf1xvsd.png</marquee></game>
<game><path>./<code>MSX 2+</code> Flop Merged/kohakuir.zip</path><name>kohakuir</name><image>~/../thumbs/Microsoft - MSX2/Named_Snaps/kohakuir.png</image><titleshot>~/../thumbs/Microsoft - MSX2/Named_Titles/kohakuir.png</titleshot><thumbnail>~/../thumbs/Microsoft - MSX2/Named_Boxarts/kohakuir.png</thumbnail><marquee>~/../thumbs/Microsoft - MSX2/Named_Logos/kohakuir.png</marquee></game>
<game><path>./<code>MSX 2+</code> Flop Merged/komainuq.zip</path><name>komainuq</name><image>~/../thumbs/Microsoft - MSX2/Named_Snaps/komainuq.png</image><titleshot>~/../thumbs/Microsoft - MSX2/Named_Titles/komainuq.png</titleshot><thumbnail>~/../thumbs/Microsoft - MSX2/Named_Boxarts/komainuq.png</thumbnail><marquee>~/../thumbs/Microsoft - MSX2/Named_Logos/komainuq.png</marquee></game>
<game><path>./<code>MSX 2+</code> Flop Merged/laydock2.zip</path><name>laydock2</name><image>~/../thumbs/Microsoft - MSX2/Named_Snaps/laydock2.png</image><titleshot>~/../thumbs/Microsoft - MSX2/Named_Titles/laydock2.png</titleshot><thumbnail>~/../thumbs/Microsoft - MSX2/Named_Boxarts/laydock2.png</thumbnail><marquee>~/../thumbs/Microsoft - MSX2/Named_Logos/laydock2.png</marquee></game>
<game><path>./<code>MSX 2+</code> Flop Merged/lubeck.zip</path><name>lubeck</name><image>~/../thumbs/Microsoft - MSX2/Named_Snaps/lubeck.png</image><titleshot>~/../thumbs/Microsoft - MSX2/Named_Titles/lubeck.png</titleshot><thumbnail>~/../thumbs/Microsoft - MSX2/Named_Boxarts/lubeck.png</thumbnail><marquee>~/../thumbs/Microsoft - MSX2/Named_Logos/lubeck.png</marquee></game>
<game><path>./<code>MSX 2+</code> Flop Merged/maoufuk.zip</path><name>maoufuk</name><image>~/../thumbs/Microsoft - MSX2/Named_Snaps/maoufuk.png</image><titleshot>~/../thumbs/Microsoft - MSX2/Named_Titles/maoufuk.png</titleshot><thumbnail>~/../thumbs/Microsoft - MSX2/Named_Boxarts/maoufuk.png</thumbnail><marquee>~/../thumbs/Microsoft - MSX2/Named_Logos/maoufuk.png</marquee></game>
<game><path>./<code>MSX 2+</code> Flop Merged/megadoom.zip</path><name>megadoom</name><image>~/../thumbs/Microsoft - MSX2/Named_Snaps/megadoom.png</image><titleshot>~/../thumbs/Microsoft - MSX2/Named_Titles/megadoom.png</titleshot><thumbnail>~/../thumbs/Microsoft - MSX2/Named_Boxarts/megadoom.png</thumbnail><marquee>~/../thumbs/Microsoft - MSX2/Named_Logos/megadoom.png</marquee></game>
<game><path>./<code>MSX 2+</code> Flop Merged/midgarts.zip</path><name>midgarts</name><image>~/../thumbs/Microsoft - MSX2/Named_Snaps/midgarts.png</image><titleshot>~/../thumbs/Microsoft - MSX2/Named_Titles/midgarts.png</titleshot><thumbnail>~/../thumbs/Microsoft - MSX2/Named_Boxarts/midgarts.png</thumbnail><marquee>~/../thumbs/Microsoft - MSX2/Named_Logos/midgarts.png</marquee></game>
<game><path>./<code>MSX 2+</code> Flop Merged/mutekisy.zip</path><name>mutekisy</name><image>~/../thumbs/Microsoft - MSX2/Named_Snaps/mutekisy.png</image><titleshot>~/../thumbs/Microsoft - MSX2/Named_Titles/mutekisy.png</titleshot><thumbnail>~/../thumbs/Microsoft - MSX2/Named_Boxarts/mutekisy.png</thumbnail><marquee>~/../thumbs/Microsoft - MSX2/Named_Logos/mutekisy.png</marquee></game>
<game><path>./<code>MSX 2+</code> Flop Merged/pbstrip.zip</path><name>pbstrip</name><image>~/../thumbs/Microsoft - MSX2/Named_Snaps/pbstrip.png</image><titleshot>~/../thumbs/Microsoft - MSX2/Named_Titles/pbstrip.png</titleshot><thumbnail>~/../thumbs/Microsoft - MSX2/Named_Boxarts/pbstrip.png</thumbnail><marquee>~/../thumbs/Microsoft - MSX2/Named_Logos/pbstrip.png</marquee></game>
<game><path>./<code>MSX 2+</code> Flop Merged/phc70.zip</path><name>phc70</name><image>~/../thumbs/Microsoft - MSX2/Named_Snaps/phc70.png</image><titleshot>~/../thumbs/Microsoft - MSX2/Named_Titles/phc70.png</titleshot><thumbnail>~/../thumbs/Microsoft - MSX2/Named_Boxarts/phc70.png</thumbnail><marquee>~/../thumbs/Microsoft - MSX2/Named_Logos/phc70.png</marquee></game>
<game><path>./<code>MSX 2+</code> Flop Merged/playbln.zip</path><name>playbln</name><image>~/../thumbs/Microsoft - MSX2/Named_Snaps/playbln.png</image><titleshot>~/../thumbs/Microsoft - MSX2/Named_Titles/playbln.png</titleshot><thumbnail>~/../thumbs/Microsoft - MSX2/Named_Boxarts/playbln.png</thumbnail><marquee>~/../thumbs/Microsoft - MSX2/Named_Logos/playbln.png</marquee></game>
<game><path>./<code>MSX 2+</code> Flop Merged/scr11des.zip</path><name>scr11des</name><image>~/../thumbs/Microsoft - MSX2/Named_Snaps/scr11des.png</image><titleshot>~/../thumbs/Microsoft - MSX2/Named_Titles/scr11des.png</titleshot><thumbnail>~/../thumbs/Microsoft - MSX2/Named_Boxarts/scr11des.png</thumbnail><marquee>~/../thumbs/Microsoft - MSX2/Named_Logos/scr11des.png</marquee></game>
<game><path>./<code>MSX 2+</code> Flop Merged/shuumatsu.zip</path><name>shuumatsu</name><image>~/../thumbs/Microsoft - MSX2/Named_Snaps/shuumatsu.png</image><titleshot>~/../thumbs/Microsoft - MSX2/Named_Titles/shuumatsu.png</titleshot><thumbnail>~/../thumbs/Microsoft - MSX2/Named_Boxarts/shuumatsu.png</thumbnail><marquee>~/../thumbs/Microsoft - MSX2/Named_Logos/shuumatsu.png</marquee></game>
<game><path>./<code>MSX 2+</code> Flop Merged/sonyc.zip</path><name>sonyc</name><image>~/../thumbs/Microsoft - MSX2/Named_Snaps/sonyc.png</image><titleshot>~/../thumbs/Microsoft - MSX2/Named_Titles/sonyc.png</titleshot><thumbnail>~/../thumbs/Microsoft - MSX2/Named_Boxarts/sonyc.png</thumbnail><marquee>~/../thumbs/Microsoft - MSX2/Named_Logos/sonyc.png</marquee></game>
<game><path>./<code>MSX 2+</code> Flop Merged/tetris2.zip</path><name>tetris2</name><image>~/../thumbs/Microsoft - MSX2/Named_Snaps/tetris2.png</image><titleshot>~/../thumbs/Microsoft - MSX2/Named_Titles/tetris2.png</titleshot><thumbnail>~/../thumbs/Microsoft - MSX2/Named_Boxarts/tetris2.png</thumbnail><marquee>~/../thumbs/Microsoft - MSX2/Named_Logos/tetris2.png</marquee></game>
<game><path>./<code>MSX 2+</code> Flop Merged/trtmania.zip</path><name>trtmania</name><image>~/../thumbs/Microsoft - MSX2/Named_Snaps/trtmania.png</image><titleshot>~/../thumbs/Microsoft - MSX2/Named_Titles/trtmania.png</titleshot><thumbnail>~/../thumbs/Microsoft - MSX2/Named_Boxarts/trtmania.png</thumbnail><marquee>~/../thumbs/Microsoft - MSX2/Named_Logos/trtmania.png</marquee></game>
<game><path>./<code>MSX 2+</code> Flop Merged/unmei.zip</path><name>unmei</name><image>~/../thumbs/Microsoft - MSX2/Named_Snaps/unmei.png</image><titleshot>~/../thumbs/Microsoft - MSX2/Named_Titles/unmei.png</titleshot><thumbnail>~/../thumbs/Microsoft - MSX2/Named_Boxarts/unmei.png</thumbnail><marquee>~/../thumbs/Microsoft - MSX2/Named_Logos/unmei.png</marquee></game>
<game><path>./<code>MSX 2+</code> Flop Merged/wig.zip</path><name>wig</name><image>~/../thumbs/Microsoft - MSX2/Named_Snaps/wig.png</image><titleshot>~/../thumbs/Microsoft - MSX2/Named_Titles/wig.png</titleshot><thumbnail>~/../thumbs/Microsoft - MSX2/Named_Boxarts/wig.png</thumbnail><marquee>~/../thumbs/Microsoft - MSX2/Named_Logos/wig.png</marquee></game>
<game><path>./<code>MSX 2+</code> Flop Merged/witchiz.zip</path><name>witchiz</name><image>~/../thumbs/Microsoft - MSX2/Named_Snaps/witchiz.png</image><titleshot>~/../thumbs/Microsoft - MSX2/Named_Titles/witchiz.png</titleshot><thumbnail>~/../thumbs/Microsoft - MSX2/Named_Boxarts/witchiz.png</thumbnail><marquee>~/../thumbs/Microsoft - MSX2/Named_Logos/witchiz.png</marquee></game>
<game><path>./<code>MSX 2+</code> Flop Merged/yoshidak.zip</path><name>yoshidak</name><image>~/../thumbs/Microsoft - MSX2/Named_Snaps/yoshidak.png</image><titleshot>~/../thumbs/Microsoft - MSX2/Named_Titles/yoshidak.png</titleshot><thumbnail>~/../thumbs/Microsoft - MSX2/Named_Boxarts/yoshidak.png</thumbnail><marquee>~/../thumbs/Microsoft - MSX2/Named_Logos/yoshidak.png</marquee></game>
<game><path>./<code>MSX 2+</code> Flop Merged/zukatto.zip</path><name>zukatto</name><image>~/../thumbs/Microsoft - MSX2/Named_Snaps/zukatto.png</image><titleshot>~/../thumbs/Microsoft - MSX2/Named_Titles/zukatto.png</titleshot><thumbnail>~/../thumbs/Microsoft - MSX2/Named_Boxarts/zukatto.png</thumbnail><marquee>~/../thumbs/Microsoft - MSX2/Named_Logos/zukatto.png</marquee></game>
<folder><path>./msx2+</path><name>msx2+</name><image>~/../thumb/msx2+.png</image></folder>
<game><path>./<code>MSX 2+</code> Flop Split/beppin.zip</path><name>beppin</name><image>~/../thumbs/Microsoft - MSX2/Named_Snaps/beppin.png</image><titleshot>~/../thumbs/Microsoft - MSX2/Named_Titles/beppin.png</titleshot><thumbnail>~/../thumbs/Microsoft - MSX2/Named_Boxarts/beppin.png</thumbnail><marquee>~/../thumbs/Microsoft - MSX2/Named_Logos/beppin.png</marquee></game>
<game><path>./<code>MSX 2+</code> Flop Split/dcconnec.zip</path><name>dcconnec</name><image>~/../thumbs/Microsoft - MSX2/Named_Snaps/dcconnec.png</image><titleshot>~/../thumbs/Microsoft - MSX2/Named_Titles/dcconnec.png</titleshot><thumbnail>~/../thumbs/Microsoft - MSX2/Named_Boxarts/dcconnec.png</thumbnail><marquee>~/../thumbs/Microsoft - MSX2/Named_Logos/dcconnec.png</marquee></game>
<game><path>./<code>MSX 2+</code> Flop Split/dcconneca.zip</path><name>dcconneca</name><image>~/../thumbs/Microsoft - MSX2/Named_Snaps/dcconneca.png</image><titleshot>~/../thumbs/Microsoft - MSX2/Named_Titles/dcconneca.png</titleshot><thumbnail>~/../thumbs/Microsoft - MSX2/Named_Boxarts/dcconneca.png</thumbnail><marquee>~/../thumbs/Microsoft - MSX2/Named_Logos/dcconneca.png</marquee></game>
<game><path>./<code>MSX 2+</code> Flop Split/f1spirit.zip</path><name>f1spirit</name><image>~/../thumbs/Microsoft - MSX2/Named_Snaps/f1spirit.png</image><titleshot>~/../thumbs/Microsoft - MSX2/Named_Titles/f1spirit.png</titleshot><thumbnail>~/../thumbs/Microsoft - MSX2/Named_Boxarts/f1spirit.png</thumbnail><marquee>~/../thumbs/Microsoft - MSX2/Named_Logos/f1spirit.png</marquee></game>
<game><path>./<code>MSX 2+</code> Flop Split/f1spirita.zip</path><name>f1spirita</name><image>~/../thumbs/Microsoft - MSX2/Named_Snaps/f1spirita.png</image><titleshot>~/../thumbs/Microsoft - MSX2/Named_Titles/f1spirita.png</titleshot><thumbnail>~/../thumbs/Microsoft - MSX2/Named_Boxarts/f1spirita.png</thumbnail><marquee>~/../thumbs/Microsoft - MSX2/Named_Logos/f1spirita.png</marquee></game>
<game><path>./<code>MSX 2+</code> Flop Split/f1spiritd.zip</path><name>f1spiritd</name><image>~/../thumbs/Microsoft - MSX2/Named_Snaps/f1spiritd.png</image><titleshot>~/../thumbs/Microsoft - MSX2/Named_Titles/f1spiritd.png</titleshot><thumbnail>~/../thumbs/Microsoft - MSX2/Named_Boxarts/f1spiritd.png</thumbnail><marquee>~/../thumbs/Microsoft - MSX2/Named_Logos/f1spiritd.png</marquee></game>
<game><path>./<code>MSX 2+</code> Flop Split/famistah.zip</path><name>famistah</name><image>~/../thumbs/Microsoft - MSX2/Named_Snaps/famistah.png</image><titleshot>~/../thumbs/Microsoft - MSX2/Named_Titles/famistah.png</titleshot><thumbnail>~/../thumbs/Microsoft - MSX2/Named_Boxarts/famistah.png</thumbnail><marquee>~/../thumbs/Microsoft - MSX2/Named_Logos/famistah.png</marquee></game>
<game><path>./<code>MSX 2+</code> Flop Split/famistaha.zip</path><name>famistaha</name><image>~/../thumbs/Microsoft - MSX2/Named_Snaps/famistaha.png</image><titleshot>~/../thumbs/Microsoft - MSX2/Named_Titles/famistaha.png</titleshot><thumbnail>~/../thumbs/Microsoft - MSX2/Named_Boxarts/famistaha.png</thumbnail><marquee>~/../thumbs/Microsoft - MSX2/Named_Logos/famistaha.png</marquee></game>
<game><path>./<code>MSX 2+</code> Flop Split/fsa1fx.zip</path><name>fsa1fx</name><image>~/../thumbs/Microsoft - MSX2/Named_Snaps/fsa1fx.png</image><titleshot>~/../thumbs/Microsoft - MSX2/Named_Titles/fsa1fx.png</titleshot><thumbnail>~/../thumbs/Microsoft - MSX2/Named_Boxarts/fsa1fx.png</thumbnail><marquee>~/../thumbs/Microsoft - MSX2/Named_Logos/fsa1fx.png</marquee></game>
<game><path>./<code>MSX 2+</code> Flop Split/fsa1wsx.zip</path><name>fsa1wsx</name><image>~/../thumbs/Microsoft - MSX2/Named_Snaps/fsa1wsx.png</image><titleshot>~/../thumbs/Microsoft - MSX2/Named_Titles/fsa1wsx.png</titleshot><thumbnail>~/../thumbs/Microsoft - MSX2/Named_Boxarts/fsa1wsx.png</thumbnail><marquee>~/../thumbs/Microsoft - MSX2/Named_Logos/fsa1wsx.png</marquee></game>
<game><path>./<code>MSX 2+</code> Flop Split/fsa1wx.zip</path><name>fsa1wx</name><image>~/../thumbs/Microsoft - MSX2/Named_Snaps/fsa1wx.png</image><titleshot>~/../thumbs/Microsoft - MSX2/Named_Titles/fsa1wx.png</titleshot><thumbnail>~/../thumbs/Microsoft - MSX2/Named_Boxarts/fsa1wx.png</thumbnail><marquee>~/../thumbs/Microsoft - MSX2/Named_Logos/fsa1wx.png</marquee></game>
<game><path>./<code>MSX 2+</code> Flop Split/gamept.zip</path><name>gamept</name><image>~/../thumbs/Microsoft - MSX2/Named_Snaps/gamept.png</image><titleshot>~/../thumbs/Microsoft - MSX2/Named_Titles/gamept.png</titleshot><thumbnail>~/../thumbs/Microsoft - MSX2/Named_Boxarts/gamept.png</thumbnail><marquee>~/../thumbs/Microsoft - MSX2/Named_Logos/gamept.png</marquee></game>
<game><path>./<code>MSX 2+</code> Flop Split/gladius.zip</path><name>gladius</name><image>~/../thumbs/Microsoft - MSX2/Named_Snaps/gladius.png</image><titleshot>~/../thumbs/Microsoft - MSX2/Named_Titles/gladius.png</titleshot><thumbnail>~/../thumbs/Microsoft - MSX2/Named_Boxarts/gladius.png</thumbnail><marquee>~/../thumbs/Microsoft - MSX2/Named_Logos/gladius.png</marquee></game>
<game><path>./<code>MSX 2+</code> Flop Split/gradius3l.zip</path><name>gradius3l</name><image>~/../thumbs/Microsoft - MSX2/Named_Snaps/gradius3l.png</image><titleshot>~/../thumbs/Microsoft - MSX2/Named_Titles/gradius3l.png</titleshot><thumbnail>~/../thumbs/Microsoft - MSX2/Named_Boxarts/gradius3l.png</thumbnail><marquee>~/../thumbs/Microsoft - MSX2/Named_Logos/gradius3l.png</marquee></game>
<game><path>./<code>MSX 2+</code> Flop Split/gradius3ld.zip</path><name>gradius3ld</name><image>~/../thumbs/Microsoft - MSX2/Named_Snaps/gradius3ld.png</image><titleshot>~/../thumbs/Microsoft - MSX2/Named_Titles/gradius3ld.png</titleshot><thumbnail>~/../thumbs/Microsoft - MSX2/Named_Boxarts/gradius3ld.png</thumbnail><marquee>~/../thumbs/Microsoft - MSX2/Named_Logos/gradius3ld.png</marquee></game>
<game><path>./<code>MSX 2+</code> Flop Split/hbf1xv.zip</path><name>hbf1xv</name><image>~/../thumbs/Microsoft - MSX2/Named_Snaps/hbf1xv.png</image><titleshot>~/../thumbs/Microsoft - MSX2/Named_Titles/hbf1xv.png</titleshot><thumbnail>~/../thumbs/Microsoft - MSX2/Named_Boxarts/hbf1xv.png</thumbnail><marquee>~/../thumbs/Microsoft - MSX2/Named_Logos/hbf1xv.png</marquee></game>
<game><path>./<code>MSX 2+</code> Flop Split/hbf1xvsd.zip</path><name>hbf1xvsd</name><image>~/../thumbs/Microsoft - MSX2/Named_Snaps/hbf1xvsd.png</image><titleshot>~/../thumbs/Microsoft - MSX2/Named_Titles/hbf1xvsd.png</titleshot><thumbnail>~/../thumbs/Microsoft - MSX2/Named_Boxarts/hbf1xvsd.png</thumbnail><marquee>~/../thumbs/Microsoft - MSX2/Named_Logos/hbf1xvsd.png</marquee></game>
<game><path>./<code>MSX 2+</code> Flop Split/kohakuir.zip</path><name>kohakuir</name><image>~/../thumbs/Microsoft - MSX2/Named_Snaps/kohakuir.png</image><titleshot>~/../thumbs/Microsoft - MSX2/Named_Titles/kohakuir.png</titleshot><thumbnail>~/../thumbs/Microsoft - MSX2/Named_Boxarts/kohakuir.png</thumbnail><marquee>~/../thumbs/Microsoft - MSX2/Named_Logos/kohakuir.png</marquee></game>
<game><path>./<code>MSX 2+</code> Flop Split/kohakuira.zip</path><name>kohakuira</name><image>~/../thumbs/Microsoft - MSX2/Named_Snaps/kohakuira.png</image><titleshot>~/../thumbs/Microsoft - MSX2/Named_Titles/kohakuira.png</titleshot><thumbnail>~/../thumbs/Microsoft - MSX2/Named_Boxarts/kohakuira.png</thumbnail><marquee>~/../thumbs/Microsoft - MSX2/Named_Logos/kohakuira.png</marquee></game>
<game><path>./<code>MSX 2+</code> Flop Split/komainuq.zip</path><name>komainuq</name><image>~/../thumbs/Microsoft - MSX2/Named_Snaps/komainuq.png</image><titleshot>~/../thumbs/Microsoft - MSX2/Named_Titles/komainuq.png</titleshot><thumbnail>~/../thumbs/Microsoft - MSX2/Named_Boxarts/komainuq.png</thumbnail><marquee>~/../thumbs/Microsoft - MSX2/Named_Logos/komainuq.png</marquee></game>
<game><path>./<code>MSX 2+</code> Flop Split/laydock2.zip</path><name>laydock2</name><image>~/../thumbs/Microsoft - MSX2/Named_Snaps/laydock2.png</image><titleshot>~/../thumbs/Microsoft - MSX2/Named_Titles/laydock2.png</titleshot><thumbnail>~/../thumbs/Microsoft - MSX2/Named_Boxarts/laydock2.png</thumbnail><marquee>~/../thumbs/Microsoft - MSX2/Named_Logos/laydock2.png</marquee></game>
<game><path>./<code>MSX 2+</code> Flop Split/lubeck.zip</path><name>lubeck</name><image>~/../thumbs/Microsoft - MSX2/Named_Snaps/lubeck.png</image><titleshot>~/../thumbs/Microsoft - MSX2/Named_Titles/lubeck.png</titleshot><thumbnail>~/../thumbs/Microsoft - MSX2/Named_Boxarts/lubeck.png</thumbnail><marquee>~/../thumbs/Microsoft - MSX2/Named_Logos/lubeck.png</marquee></game>
<game><path>./<code>MSX 2+</code> Flop Split/lubecka.zip</path><name>lubecka</name><image>~/../thumbs/Microsoft - MSX2/Named_Snaps/lubecka.png</image><titleshot>~/../thumbs/Microsoft - MSX2/Named_Titles/lubecka.png</titleshot><thumbnail>~/../thumbs/Microsoft - MSX2/Named_Boxarts/lubecka.png</thumbnail><marquee>~/../thumbs/Microsoft - MSX2/Named_Logos/lubecka.png</marquee></game>
<game><path>./<code>MSX 2+</code> Flop Split/maoufuk.zip</path><name>maoufuk</name><image>~/../thumbs/Microsoft - MSX2/Named_Snaps/maoufuk.png</image><titleshot>~/../thumbs/Microsoft - MSX2/Named_Titles/maoufuk.png</titleshot><thumbnail>~/../thumbs/Microsoft - MSX2/Named_Boxarts/maoufuk.png</thumbnail><marquee>~/../thumbs/Microsoft - MSX2/Named_Logos/maoufuk.png</marquee></game>
<game><path>./<code>MSX 2+</code> Flop Split/megadoom.zip</path><name>megadoom</name><image>~/../thumbs/Microsoft - MSX2/Named_Snaps/megadoom.png</image><titleshot>~/../thumbs/Microsoft - MSX2/Named_Titles/megadoom.png</titleshot><thumbnail>~/../thumbs/Microsoft - MSX2/Named_Boxarts/megadoom.png</thumbnail><marquee>~/../thumbs/Microsoft - MSX2/Named_Logos/megadoom.png</marquee></game>
<game><path>./<code>MSX 2+</code> Flop Split/megadoomd.zip</path><name>megadoomd</name><image>~/../thumbs/Microsoft - MSX2/Named_Snaps/megadoomd.png</image><titleshot>~/../thumbs/Microsoft - MSX2/Named_Titles/megadoomd.png</titleshot><thumbnail>~/../thumbs/Microsoft - MSX2/Named_Boxarts/megadoomd.png</thumbnail><marquee>~/../thumbs/Microsoft - MSX2/Named_Logos/megadoomd.png</marquee></game>
<game><path>./<code>MSX 2+</code> Flop Split/midgarts.zip</path><name>midgarts</name><image>~/../thumbs/Microsoft - MSX2/Named_Snaps/midgarts.png</image><titleshot>~/../thumbs/Microsoft - MSX2/Named_Titles/midgarts.png</titleshot><thumbnail>~/../thumbs/Microsoft - MSX2/Named_Boxarts/midgarts.png</thumbnail><marquee>~/../thumbs/Microsoft - MSX2/Named_Logos/midgarts.png</marquee></game>
<game><path>./<code>MSX 2+</code> Flop Split/mutekisy.zip</path><name>mutekisy</name><image>~/../thumbs/Microsoft - MSX2/Named_Snaps/mutekisy.png</image><titleshot>~/../thumbs/Microsoft - MSX2/Named_Titles/mutekisy.png</titleshot><thumbnail>~/../thumbs/Microsoft - MSX2/Named_Boxarts/mutekisy.png</thumbnail><marquee>~/../thumbs/Microsoft - MSX2/Named_Logos/mutekisy.png</marquee></game>
<game><path>./<code>MSX 2+</code> Flop Split/pbstrip.zip</path><name>pbstrip</name><image>~/../thumbs/Microsoft - MSX2/Named_Snaps/pbstrip.png</image><titleshot>~/../thumbs/Microsoft - MSX2/Named_Titles/pbstrip.png</titleshot><thumbnail>~/../thumbs/Microsoft - MSX2/Named_Boxarts/pbstrip.png</thumbnail><marquee>~/../thumbs/Microsoft - MSX2/Named_Logos/pbstrip.png</marquee></game>
<game><path>./<code>MSX 2+</code> Flop Split/phc70.zip</path><name>phc70</name><image>~/../thumbs/Microsoft - MSX2/Named_Snaps/phc70.png</image><titleshot>~/../thumbs/Microsoft - MSX2/Named_Titles/phc70.png</titleshot><thumbnail>~/../thumbs/Microsoft - MSX2/Named_Boxarts/phc70.png</thumbnail><marquee>~/../thumbs/Microsoft - MSX2/Named_Logos/phc70.png</marquee></game>
<game><path>./<code>MSX 2+</code> Flop Split/playbln.zip</path><name>playbln</name><image>~/../thumbs/Microsoft - MSX2/Named_Snaps/playbln.png</image><titleshot>~/../thumbs/Microsoft - MSX2/Named_Titles/playbln.png</titleshot><thumbnail>~/../thumbs/Microsoft - MSX2/Named_Boxarts/playbln.png</thumbnail><marquee>~/../thumbs/Microsoft - MSX2/Named_Logos/playbln.png</marquee></game>
<game><path>./<code>MSX 2+</code> Flop Split/scr11des.zip</path><name>scr11des</name><image>~/../thumbs/Microsoft - MSX2/Named_Snaps/scr11des.png</image><titleshot>~/../thumbs/Microsoft - MSX2/Named_Titles/scr11des.png</titleshot><thumbnail>~/../thumbs/Microsoft - MSX2/Named_Boxarts/scr11des.png</thumbnail><marquee>~/../thumbs/Microsoft - MSX2/Named_Logos/scr11des.png</marquee></game>
<game><path>./<code>MSX 2+</code> Flop Split/shuumatsu.zip</path><name>shuumatsu</name><image>~/../thumbs/Microsoft - MSX2/Named_Snaps/shuumatsu.png</image><titleshot>~/../thumbs/Microsoft - MSX2/Named_Titles/shuumatsu.png</titleshot><thumbnail>~/../thumbs/Microsoft - MSX2/Named_Boxarts/shuumatsu.png</thumbnail><marquee>~/../thumbs/Microsoft - MSX2/Named_Logos/shuumatsu.png</marquee></game>
<game><path>./<code>MSX 2+</code> Flop Split/sonyc.zip</path><name>sonyc</name><image>~/../thumbs/Microsoft - MSX2/Named_Snaps/sonyc.png</image><titleshot>~/../thumbs/Microsoft - MSX2/Named_Titles/sonyc.png</titleshot><thumbnail>~/../thumbs/Microsoft - MSX2/Named_Boxarts/sonyc.png</thumbnail><marquee>~/../thumbs/Microsoft - MSX2/Named_Logos/sonyc.png</marquee></game>
<game><path>./<code>MSX 2+</code> Flop Split/tetris2.zip</path><name>tetris2</name><image>~/../thumbs/Microsoft - MSX2/Named_Snaps/tetris2.png</image><titleshot>~/../thumbs/Microsoft - MSX2/Named_Titles/tetris2.png</titleshot><thumbnail>~/../thumbs/Microsoft - MSX2/Named_Boxarts/tetris2.png</thumbnail><marquee>~/../thumbs/Microsoft - MSX2/Named_Logos/tetris2.png</marquee></game>
<game><path>./<code>MSX 2+</code> Flop Split/trtmania.zip</path><name>trtmania</name><image>~/../thumbs/Microsoft - MSX2/Named_Snaps/trtmania.png</image><titleshot>~/../thumbs/Microsoft - MSX2/Named_Titles/trtmania.png</titleshot><thumbnail>~/../thumbs/Microsoft - MSX2/Named_Boxarts/trtmania.png</thumbnail><marquee>~/../thumbs/Microsoft - MSX2/Named_Logos/trtmania.png</marquee></game>
<game><path>./<code>MSX 2+</code> Flop Split/unmei.zip</path><name>unmei</name><image>~/../thumbs/Microsoft - MSX2/Named_Snaps/unmei.png</image><titleshot>~/../thumbs/Microsoft - MSX2/Named_Titles/unmei.png</titleshot><thumbnail>~/../thumbs/Microsoft - MSX2/Named_Boxarts/unmei.png</thumbnail><marquee>~/../thumbs/Microsoft - MSX2/Named_Logos/unmei.png</marquee></game>
<game><path>./<code>MSX 2+</code> Flop Split/wig.zip</path><name>wig</name><image>~/../thumbs/Microsoft - MSX2/Named_Snaps/wig.png</image><titleshot>~/../thumbs/Microsoft - MSX2/Named_Titles/wig.png</titleshot><thumbnail>~/../thumbs/Microsoft - MSX2/Named_Boxarts/wig.png</thumbnail><marquee>~/../thumbs/Microsoft - MSX2/Named_Logos/wig.png</marquee></game>
<game><path>./<code>MSX 2+</code> Flop Split/wiga.zip</path><name>wiga</name><image>~/../thumbs/Microsoft - MSX2/Named_Snaps/wiga.png</image><titleshot>~/../thumbs/Microsoft - MSX2/Named_Titles/wiga.png</titleshot><thumbnail>~/../thumbs/Microsoft - MSX2/Named_Boxarts/wiga.png</thumbnail><marquee>~/../thumbs/Microsoft - MSX2/Named_Logos/wiga.png</marquee></game>
<game><path>./<code>MSX 2+</code> Flop Split/witchiz.zip</path><name>witchiz</name><image>~/../thumbs/Microsoft - MSX2/Named_Snaps/witchiz.png</image><titleshot>~/../thumbs/Microsoft - MSX2/Named_Titles/witchiz.png</titleshot><thumbnail>~/../thumbs/Microsoft - MSX2/Named_Boxarts/witchiz.png</thumbnail><marquee>~/../thumbs/Microsoft - MSX2/Named_Logos/witchiz.png</marquee></game>
<game><path>./<code>MSX 2+</code> Flop Split/yoshidak.zip</path><name>yoshidak</name><image>~/../thumbs/Microsoft - MSX2/Named_Snaps/yoshidak.png</image><titleshot>~/../thumbs/Microsoft - MSX2/Named_Titles/yoshidak.png</titleshot><thumbnail>~/../thumbs/Microsoft - MSX2/Named_Boxarts/yoshidak.png</thumbnail><marquee>~/../thumbs/Microsoft - MSX2/Named_Logos/yoshidak.png</marquee></game>
<game><path>./<code>MSX 2+</code> Flop Split/yoshidakb.zip</path><name>yoshidakb</name><image>~/../thumbs/Microsoft - MSX2/Named_Snaps/yoshidakb.png</image><titleshot>~/../thumbs/Microsoft - MSX2/Named_Titles/yoshidakb.png</titleshot><thumbnail>~/../thumbs/Microsoft - MSX2/Named_Boxarts/yoshidakb.png</thumbnail><marquee>~/../thumbs/Microsoft - MSX2/Named_Logos/yoshidakb.png</marquee></game>
<game><path>./<code>MSX 2+</code> Flop Split/yoshidakc.zip</path><name>yoshidakc</name><image>~/../thumbs/Microsoft - MSX2/Named_Snaps/yoshidakc.png</image><titleshot>~/../thumbs/Microsoft - MSX2/Named_Titles/yoshidakc.png</titleshot><thumbnail>~/../thumbs/Microsoft - MSX2/Named_Boxarts/yoshidakc.png</thumbnail><marquee>~/../thumbs/Microsoft - MSX2/Named_Logos/yoshidakc.png</marquee></game>
<game><path>./<code>MSX 2+</code> Flop Split/yoshidakd.zip</path><name>yoshidakd</name><image>~/../thumbs/Microsoft - MSX2/Named_Snaps/yoshidakd.png</image><titleshot>~/../thumbs/Microsoft - MSX2/Named_Titles/yoshidakd.png</titleshot><thumbnail>~/../thumbs/Microsoft - MSX2/Named_Boxarts/yoshidakd.png</thumbnail><marquee>~/../thumbs/Microsoft - MSX2/Named_Logos/yoshidakd.png</marquee></game>
<game><path>./<code>MSX 2+</code> Flop Split/yoshidake.zip</path><name>yoshidake</name><image>~/../thumbs/Microsoft - MSX2/Named_Snaps/yoshidake.png</image><titleshot>~/../thumbs/Microsoft - MSX2/Named_Titles/yoshidake.png</titleshot><thumbnail>~/../thumbs/Microsoft - MSX2/Named_Boxarts/yoshidake.png</thumbnail><marquee>~/../thumbs/Microsoft - MSX2/Named_Logos/yoshidake.png</marquee></game>
<game><path>./<code>MSX 2+</code> Flop Split/zukatto.zip</path><name>zukatto</name><image>~/../thumbs/Microsoft - MSX2/Named_Snaps/zukatto.png</image><titleshot>~/../thumbs/Microsoft - MSX2/Named_Titles/zukatto.png</titleshot><thumbnail>~/../thumbs/Microsoft - MSX2/Named_Boxarts/zukatto.png</thumbnail><marquee>~/../thumbs/Microsoft - MSX2/Named_Logos/zukatto.png</marquee></game>
<folder><path>./msx2+</path><name>msx2+</name><image>~/../thumb/msx2+.png</image></folder>
</gameList>
