<gameList>
<game><path>./Acorn BBC//home/runner/rom/TOSEC/Acorn/BBC/Games/[SSD]/Acorn BBC - Games - [SSD].zip</path><name>/home/runner/rom/TOSEC/Acorn/BBC/Games/[SSD]/Acorn BBC - Games - [SSD]</name><image>~/../thumbs/Acorn - BBC/Named_Snaps//home/runner/rom/TOSEC/Acorn/BBC/Games/[SSD]/Acorn BBC - Games - [SSD].png</image><titleshot>~/../thumbs/Acorn - BBC/Named_Titles//home/runner/rom/TOSEC/Acorn/BBC/Games/[SSD]/Acorn BBC - Games - [SSD].png</titleshot><thumbnail>~/../thumbs/Acorn - BBC/Named_Boxarts//home/runner/rom/TOSEC/Acorn/BBC/Games/[SSD]/Acorn BBC - Games - [SSD].png</thumbnail><marquee>~/../thumbs/Acorn - BBC/Named_Logos//home/runner/rom/TOSEC/Acorn/BBC/Games/[SSD]/Acorn BBC - Games - [SSD].png</marquee></game>
<folder><path>./Acorn BBC</path><name>Acorn BBC</name><image>~/../thumb/bbcmicro.png</image></folder>
</gameList>
