<gameList>
<game><path>./MZF/Highway (19xx)(Vortex - Ladinek).zip</path><name>Highway (19xx)(Vortex - Ladinek)</name><image>~/../thumbs/Sharp - MZ-800/Named_Snaps/Highway (19xx).png</image></game>
<game><path>./MZF/James v1.0c (19xx)(Pilsoft)(cs).zip</path><name>James v1.0c (19xx)(Pilsoft)(cs)</name><image>~/../thumbs/Sharp - MZ-800/Named_Snaps/James v1.0c (19xx).png</image></game>
<game><path>./MZF/Uridium (1990)(Hewson - Petr Patik).zip</path><name>Uridium (1990)(Hewson - Petr Patik)</name><image>~/../thumbs/Sharp - MZ-800/Named_Snaps/Uridium (1990).png</image></game>
<folder><path>./MZF</path><name>MZF</name><image>~/../thumb/mz800.png</image></folder>
<game><path>./MZT/Ascend (2022-03-25)(Inufuto)(JP).zip</path><name>Ascend (2022-03-25)(Inufuto)(JP)</name><image>~/../thumbs/Sharp - MZ-800/Named_Snaps/Ascend (2022-03-25).png</image></game>
<game><path>./MZT/Mazy (2021-06-04)(Inufuto)(JP).zip</path><name>Mazy (2021-06-04)(Inufuto)(JP)</name><image>~/../thumbs/Sharp - MZ-800/Named_Snaps/Mazy (2021-06-04).png</image></game>
<game><path>./MZT/Ruptus (2020-12-15)(Inufuto)(JP).zip</path><name>Ruptus (2020-12-15)(Inufuto)(JP)</name><image>~/../thumbs/Sharp - MZ-800/Named_Snaps/Ruptus (2020-12-15).png</image></game>
<folder><path>./MZT</path><name>MZT</name><image>~/../thumb/mz800.png</image></folder>
<game><path>./Merged/800demo.zip</path><name>800demo</name><image>~/../thumbs/Sharp - MZ-800/Named_Snaps/800demo.png</image></game>
<game><path>./Merged/abusimbl.zip</path><name>abusimbl</name><image>~/../thumbs/Sharp - MZ-800/Named_Snaps/abusimbl.png</image></game>
<game><path>./Merged/adrsdata.zip</path><name>adrsdata</name><image>~/../thumbs/Sharp - MZ-800/Named_Snaps/adrsdata.png</image></game>
<game><path>./Merged/breakout.zip</path><name>breakout</name><image>~/../thumbs/Sharp - MZ-800/Named_Snaps/breakout.png</image></game>
<game><path>./Merged/cyrus.zip</path><name>cyrus</name><image>~/../thumbs/Sharp - MZ-800/Named_Snaps/cyrus.png</image></game>
<game><path>./Merged/egg.zip</path><name>egg</name><image>~/../thumbs/Sharp - MZ-800/Named_Snaps/egg.png</image></game>
<game><path>./Merged/gps2.zip</path><name>gps2</name><image>~/../thumbs/Sharp - MZ-800/Named_Snaps/gps2.png</image></game>
<game><path>./Merged/highway.zip</path><name>highway</name><image>~/../thumbs/Sharp - MZ-800/Named_Snaps/highway.png</image></game>
<game><path>./Merged/james.zip</path><name>james</name><image>~/../thumbs/Sharp - MZ-800/Named_Snaps/james.png</image></game>
<game><path>./Merged/mucmac.zip</path><name>mucmac</name><image>~/../thumbs/Sharp - MZ-800/Named_Snaps/mucmac.png</image></game>
<game><path>./Merged/pcgrally.zip</path><name>pcgrally</name><image>~/../thumbs/Sharp - MZ-800/Named_Snaps/pcgrally.png</image></game>
<game><path>./Merged/uridium.zip</path><name>uridium</name><image>~/../thumbs/Sharp - MZ-800/Named_Snaps/uridium.png</image></game>
<game><path>./Merged/wayotef.zip</path><name>wayotef</name><image>~/../thumbs/Sharp - MZ-800/Named_Snaps/wayotef.png</image></game>
<folder><path>./Merged</path><name>Merged</name><image>~/../thumb/mz800.png</image></folder>
<game><path>./Split/800demo.zip</path><name>800demo</name><image>~/../thumbs/Sharp - MZ-800/Named_Snaps/800demo.png</image></game>
<game><path>./Split/abusimbl.zip</path><name>abusimbl</name><image>~/../thumbs/Sharp - MZ-800/Named_Snaps/abusimbl.png</image></game>
<game><path>./Split/adrsdata.zip</path><name>adrsdata</name><image>~/../thumbs/Sharp - MZ-800/Named_Snaps/adrsdata.png</image></game>
<game><path>./Split/breakout.zip</path><name>breakout</name><image>~/../thumbs/Sharp - MZ-800/Named_Snaps/breakout.png</image></game>
<game><path>./Split/cyrus.zip</path><name>cyrus</name><image>~/../thumbs/Sharp - MZ-800/Named_Snaps/cyrus.png</image></game>
<game><path>./Split/egg.zip</path><name>egg</name><image>~/../thumbs/Sharp - MZ-800/Named_Snaps/egg.png</image></game>
<game><path>./Split/gps2.zip</path><name>gps2</name><image>~/../thumbs/Sharp - MZ-800/Named_Snaps/gps2.png</image></game>
<game><path>./Split/highway.zip</path><name>highway</name><image>~/../thumbs/Sharp - MZ-800/Named_Snaps/highway.png</image></game>
<game><path>./Split/james.zip</path><name>james</name><image>~/../thumbs/Sharp - MZ-800/Named_Snaps/james.png</image></game>
<game><path>./Split/mucmac.zip</path><name>mucmac</name><image>~/../thumbs/Sharp - MZ-800/Named_Snaps/mucmac.png</image></game>
<game><path>./Split/pcgrally.zip</path><name>pcgrally</name><image>~/../thumbs/Sharp - MZ-800/Named_Snaps/pcgrally.png</image></game>
<game><path>./Split/uridium.zip</path><name>uridium</name><image>~/../thumbs/Sharp - MZ-800/Named_Snaps/uridium.png</image></game>
<game><path>./Split/wayotef.zip</path><name>wayotef</name><image>~/../thumbs/Sharp - MZ-800/Named_Snaps/wayotef.png</image></game>
<folder><path>./Split</path><name>Split</name><image>~/../thumb/mz800.png</image></folder>
</gameList>
