<gameList>
<game><path>./Bandai Super Vision 8000 Merged/beamgala.zip</path><name>beamgala</name><image>~/../thumbs/Bandai - Super Vision 8000/Named_Snaps/beamgala.png</image></game>
<game><path>./Bandai Super Vision 8000 Merged/gunprof.zip</path><name>gunprof</name><image>~/../thumbs/Bandai - Super Vision 8000/Named_Snaps/gunprof.png</image></game>
<game><path>./Bandai Super Vision 8000 Merged/misvader.zip</path><name>misvader</name><image>~/../thumbs/Bandai - Super Vision 8000/Named_Snaps/misvader.png</image></game>
<game><path>./Bandai Super Vision 8000 Merged/othello.zip</path><name>othello</name><image>~/../thumbs/Bandai - Super Vision 8000/Named_Snaps/othello.png</image></game>
<game><path>./Bandai Super Vision 8000 Merged/pacpac.zip</path><name>pacpac</name><image>~/../thumbs/Bandai - Super Vision 8000/Named_Snaps/pacpac.png</image></game>
<game><path>./Bandai Super Vision 8000 Merged/spfire.zip</path><name>spfire</name><image>~/../thumbs/Bandai - Super Vision 8000/Named_Snaps/spfire.png</image></game>
<game><path>./Bandai Super Vision 8000 Merged/submar.zip</path><name>submar</name><image>~/../thumbs/Bandai - Super Vision 8000/Named_Snaps/submar.png</image></game>
<folder><path>./Bandai Super Vision 8000 Merged</path><name>Bandai Super Vision 8000 Merged</name><image>~/../thumb/sv8000.png</image></folder>
<game><path>./Bandai Super Vision 8000 Split/beamgala.zip</path><name>beamgala</name><image>~/../thumbs/Bandai - Super Vision 8000/Named_Snaps/beamgala.png</image></game>
<game><path>./Bandai Super Vision 8000 Split/gunprof.zip</path><name>gunprof</name><image>~/../thumbs/Bandai - Super Vision 8000/Named_Snaps/gunprof.png</image></game>
<game><path>./Bandai Super Vision 8000 Split/misvader.zip</path><name>misvader</name><image>~/../thumbs/Bandai - Super Vision 8000/Named_Snaps/misvader.png</image></game>
<game><path>./Bandai Super Vision 8000 Split/othello.zip</path><name>othello</name><image>~/../thumbs/Bandai - Super Vision 8000/Named_Snaps/othello.png</image></game>
<game><path>./Bandai Super Vision 8000 Split/pacpac.zip</path><name>pacpac</name><image>~/../thumbs/Bandai - Super Vision 8000/Named_Snaps/pacpac.png</image></game>
<game><path>./Bandai Super Vision 8000 Split/spfire.zip</path><name>spfire</name><image>~/../thumbs/Bandai - Super Vision 8000/Named_Snaps/spfire.png</image></game>
<game><path>./Bandai Super Vision 8000 Split/submar.zip</path><name>submar</name><image>~/../thumbs/Bandai - Super Vision 8000/Named_Snaps/submar.png</image></game>
<folder><path>./Bandai Super Vision 8000 Split</path><name>Bandai Super Vision 8000 Split</name><image>~/../thumb/sv8000.png</image></folder>
</gameList>
