<gameList>
<game><path>./Tiger Game.com NoIntro/Batman & Robin (USA).zip</path><name>Batman & Robin (USA)</name><image>~/../thumbs/Tiger - Game.com/Named_Snaps/Batman & Robin (USA).png</image><titleshot>~/../thumbs/Tiger - Game.com/Named_Titles/Batman & Robin (USA).png</titleshot><thumbnail>~/../thumbs/Tiger - Game.com/Named_Boxarts/Batman & Robin (USA).png</thumbnail><marquee>~/../thumbs/Tiger - Game.com/Named_Logos/Batman & Robin (USA).png</marquee></game>
<game><path>./Tiger Game.com NoIntro/Castlevania - Symphony of the Night (Unknown) (Proto).zip</path><name>Castlevania - Symphony of the Night (Unknown) (Proto)</name><image>~/../thumbs/Tiger - Game.com/Named_Snaps/Castlevania - Symphony of the Night (Unknown) (Proto).png</image><titleshot>~/../thumbs/Tiger - Game.com/Named_Titles/Castlevania - Symphony of the Night (Unknown) (Proto).png</titleshot><thumbnail>~/../thumbs/Tiger - Game.com/Named_Boxarts/Castlevania - Symphony of the Night (Unknown) (Proto).png</thumbnail><marquee>~/../thumbs/Tiger - Game.com/Named_Logos/Castlevania - Symphony of the Night (Unknown) (Proto).png</marquee></game>
<game><path>./Tiger Game.com NoIntro/Centipede (USA).zip</path><name>Centipede (USA)</name><image>~/../thumbs/Tiger - Game.com/Named_Snaps/Centipede (USA).png</image><titleshot>~/../thumbs/Tiger - Game.com/Named_Titles/Centipede (USA).png</titleshot><thumbnail>~/../thumbs/Tiger - Game.com/Named_Boxarts/Centipede (USA).png</thumbnail><marquee>~/../thumbs/Tiger - Game.com/Named_Logos/Centipede (USA).png</marquee></game>
<game><path>./Tiger Game.com NoIntro/Duke Nukem 3D (USA).zip</path><name>Duke Nukem 3D (USA)</name><image>~/../thumbs/Tiger - Game.com/Named_Snaps/Duke Nukem 3D (USA).png</image><titleshot>~/../thumbs/Tiger - Game.com/Named_Titles/Duke Nukem 3D (USA).png</titleshot><thumbnail>~/../thumbs/Tiger - Game.com/Named_Boxarts/Duke Nukem 3D (USA).png</thumbnail><marquee>~/../thumbs/Tiger - Game.com/Named_Logos/Duke Nukem 3D (USA).png</marquee></game>
<game><path>./Tiger Game.com NoIntro/Fighters Megamix (USA).zip</path><name>Fighters Megamix (USA)</name><image>~/../thumbs/Tiger - Game.com/Named_Snaps/Fighters Megamix (USA).png</image><titleshot>~/../thumbs/Tiger - Game.com/Named_Titles/Fighters Megamix (USA).png</titleshot><thumbnail>~/../thumbs/Tiger - Game.com/Named_Boxarts/Fighters Megamix (USA).png</thumbnail><marquee>~/../thumbs/Tiger - Game.com/Named_Logos/Fighters Megamix (USA).png</marquee></game>
<game><path>./Tiger Game.com NoIntro/Frogger (USA).zip</path><name>Frogger (USA)</name><image>~/../thumbs/Tiger - Game.com/Named_Snaps/Frogger (USA).png</image><titleshot>~/../thumbs/Tiger - Game.com/Named_Titles/Frogger (USA).png</titleshot><thumbnail>~/../thumbs/Tiger - Game.com/Named_Boxarts/Frogger (USA).png</thumbnail><marquee>~/../thumbs/Tiger - Game.com/Named_Logos/Frogger (USA).png</marquee></game>
<game><path>./Tiger Game.com NoIntro/Henry (USA).zip</path><name>Henry (USA)</name><image>~/../thumbs/Tiger - Game.com/Named_Snaps/Henry (USA).png</image><titleshot>~/../thumbs/Tiger - Game.com/Named_Titles/Henry (USA).png</titleshot><thumbnail>~/../thumbs/Tiger - Game.com/Named_Boxarts/Henry (USA).png</thumbnail><marquee>~/../thumbs/Tiger - Game.com/Named_Logos/Henry (USA).png</marquee></game>
<game><path>./Tiger Game.com NoIntro/Indy 500 (USA).zip</path><name>Indy 500 (USA)</name><image>~/../thumbs/Tiger - Game.com/Named_Snaps/Indy 500 (USA).png</image><titleshot>~/../thumbs/Tiger - Game.com/Named_Titles/Indy 500 (USA).png</titleshot><thumbnail>~/../thumbs/Tiger - Game.com/Named_Boxarts/Indy 500 (USA).png</thumbnail><marquee>~/../thumbs/Tiger - Game.com/Named_Logos/Indy 500 (USA).png</marquee></game>
<game><path>./Tiger Game.com NoIntro/Internet (USA).zip</path><name>Internet (USA)</name><image>~/../thumbs/Tiger - Game.com/Named_Snaps/Internet (USA).png</image><titleshot>~/../thumbs/Tiger - Game.com/Named_Titles/Internet (USA).png</titleshot><thumbnail>~/../thumbs/Tiger - Game.com/Named_Boxarts/Internet (USA).png</thumbnail><marquee>~/../thumbs/Tiger - Game.com/Named_Logos/Internet (USA).png</marquee></game>
<game><path>./Tiger Game.com NoIntro/Jeopardy! (USA).zip</path><name>Jeopardy! (USA)</name><image>~/../thumbs/Tiger - Game.com/Named_Snaps/Jeopardy! (USA).png</image><titleshot>~/../thumbs/Tiger - Game.com/Named_Titles/Jeopardy! (USA).png</titleshot><thumbnail>~/../thumbs/Tiger - Game.com/Named_Boxarts/Jeopardy! (USA).png</thumbnail><marquee>~/../thumbs/Tiger - Game.com/Named_Logos/Jeopardy! (USA).png</marquee></game>
<game><path>./Tiger Game.com NoIntro/Jurassic Park - The Lost World (USA).zip</path><name>Jurassic Park - The Lost World (USA)</name><image>~/../thumbs/Tiger - Game.com/Named_Snaps/Jurassic Park - The Lost World (USA).png</image><titleshot>~/../thumbs/Tiger - Game.com/Named_Titles/Jurassic Park - The Lost World (USA).png</titleshot><thumbnail>~/../thumbs/Tiger - Game.com/Named_Boxarts/Jurassic Park - The Lost World (USA).png</thumbnail><marquee>~/../thumbs/Tiger - Game.com/Named_Logos/Jurassic Park - The Lost World (USA).png</marquee></game>
<game><path>./Tiger Game.com NoIntro/Lights Out (USA).zip</path><name>Lights Out (USA)</name><image>~/../thumbs/Tiger - Game.com/Named_Snaps/Lights Out (USA).png</image><titleshot>~/../thumbs/Tiger - Game.com/Named_Titles/Lights Out (USA).png</titleshot><thumbnail>~/../thumbs/Tiger - Game.com/Named_Boxarts/Lights Out (USA).png</thumbnail><marquee>~/../thumbs/Tiger - Game.com/Named_Logos/Lights Out (USA).png</marquee></game>
<game><path>./Tiger Game.com NoIntro/Monopoly (USA).zip</path><name>Monopoly (USA)</name><image>~/../thumbs/Tiger - Game.com/Named_Snaps/Monopoly (USA).png</image><titleshot>~/../thumbs/Tiger - Game.com/Named_Titles/Monopoly (USA).png</titleshot><thumbnail>~/../thumbs/Tiger - Game.com/Named_Boxarts/Monopoly (USA).png</thumbnail><marquee>~/../thumbs/Tiger - Game.com/Named_Logos/Monopoly (USA).png</marquee></game>
<game><path>./Tiger Game.com NoIntro/Mortal Kombat Trilogy (USA).zip</path><name>Mortal Kombat Trilogy (USA)</name><image>~/../thumbs/Tiger - Game.com/Named_Snaps/Mortal Kombat Trilogy (USA).png</image><titleshot>~/../thumbs/Tiger - Game.com/Named_Titles/Mortal Kombat Trilogy (USA).png</titleshot><thumbnail>~/../thumbs/Tiger - Game.com/Named_Boxarts/Mortal Kombat Trilogy (USA).png</thumbnail><marquee>~/../thumbs/Tiger - Game.com/Named_Logos/Mortal Kombat Trilogy (USA).png</marquee></game>
<game><path>./Tiger Game.com NoIntro/Quiz Wiz - Cyber Trivia (USA).zip</path><name>Quiz Wiz - Cyber Trivia (USA)</name><image>~/../thumbs/Tiger - Game.com/Named_Snaps/Quiz Wiz - Cyber Trivia (USA).png</image><titleshot>~/../thumbs/Tiger - Game.com/Named_Titles/Quiz Wiz - Cyber Trivia (USA).png</titleshot><thumbnail>~/../thumbs/Tiger - Game.com/Named_Boxarts/Quiz Wiz - Cyber Trivia (USA).png</thumbnail><marquee>~/../thumbs/Tiger - Game.com/Named_Logos/Quiz Wiz - Cyber Trivia (USA).png</marquee></game>
<game><path>./Tiger Game.com NoIntro/Resident Evil 2 (USA).zip</path><name>Resident Evil 2 (USA)</name><image>~/../thumbs/Tiger - Game.com/Named_Snaps/Resident Evil 2 (USA).png</image><titleshot>~/../thumbs/Tiger - Game.com/Named_Titles/Resident Evil 2 (USA).png</titleshot><thumbnail>~/../thumbs/Tiger - Game.com/Named_Boxarts/Resident Evil 2 (USA).png</thumbnail><marquee>~/../thumbs/Tiger - Game.com/Named_Logos/Resident Evil 2 (USA).png</marquee></game>
<game><path>./Tiger Game.com NoIntro/Scrabble (USA).zip</path><name>Scrabble (USA)</name><image>~/../thumbs/Tiger - Game.com/Named_Snaps/Scrabble (USA).png</image><titleshot>~/../thumbs/Tiger - Game.com/Named_Titles/Scrabble (USA).png</titleshot><thumbnail>~/../thumbs/Tiger - Game.com/Named_Boxarts/Scrabble (USA).png</thumbnail><marquee>~/../thumbs/Tiger - Game.com/Named_Logos/Scrabble (USA).png</marquee></game>
<game><path>./Tiger Game.com NoIntro/Sonic Jam (USA).zip</path><name>Sonic Jam (USA)</name><image>~/../thumbs/Tiger - Game.com/Named_Snaps/Sonic Jam (USA).png</image><titleshot>~/../thumbs/Tiger - Game.com/Named_Titles/Sonic Jam (USA).png</titleshot><thumbnail>~/../thumbs/Tiger - Game.com/Named_Boxarts/Sonic Jam (USA).png</thumbnail><marquee>~/../thumbs/Tiger - Game.com/Named_Logos/Sonic Jam (USA).png</marquee></game>
<game><path>./Tiger Game.com NoIntro/Tiger Casino (USA).zip</path><name>Tiger Casino (USA)</name><image>~/../thumbs/Tiger - Game.com/Named_Snaps/Tiger Casino (USA).png</image><titleshot>~/../thumbs/Tiger - Game.com/Named_Titles/Tiger Casino (USA).png</titleshot><thumbnail>~/../thumbs/Tiger - Game.com/Named_Boxarts/Tiger Casino (USA).png</thumbnail><marquee>~/../thumbs/Tiger - Game.com/Named_Logos/Tiger Casino (USA).png</marquee></game>
<game><path>./Tiger Game.com NoIntro/Tiger Web Link (USA).zip</path><name>Tiger Web Link (USA)</name><image>~/../thumbs/Tiger - Game.com/Named_Snaps/Tiger Web Link (USA).png</image><titleshot>~/../thumbs/Tiger - Game.com/Named_Titles/Tiger Web Link (USA).png</titleshot><thumbnail>~/../thumbs/Tiger - Game.com/Named_Boxarts/Tiger Web Link (USA).png</thumbnail><marquee>~/../thumbs/Tiger - Game.com/Named_Logos/Tiger Web Link (USA).png</marquee></game>
<game><path>./Tiger Game.com NoIntro/Wheel of Fortune (USA).zip</path><name>Wheel of Fortune (USA)</name><image>~/../thumbs/Tiger - Game.com/Named_Snaps/Wheel of Fortune (USA).png</image><titleshot>~/../thumbs/Tiger - Game.com/Named_Titles/Wheel of Fortune (USA).png</titleshot><thumbnail>~/../thumbs/Tiger - Game.com/Named_Boxarts/Wheel of Fortune (USA).png</thumbnail><marquee>~/../thumbs/Tiger - Game.com/Named_Logos/Wheel of Fortune (USA).png</marquee></game>
<game><path>./Tiger Game.com NoIntro/Wheel of Fortune 2 (USA).zip</path><name>Wheel of Fortune 2 (USA)</name><image>~/../thumbs/Tiger - Game.com/Named_Snaps/Wheel of Fortune 2 (USA).png</image><titleshot>~/../thumbs/Tiger - Game.com/Named_Titles/Wheel of Fortune 2 (USA).png</titleshot><thumbnail>~/../thumbs/Tiger - Game.com/Named_Boxarts/Wheel of Fortune 2 (USA).png</thumbnail><marquee>~/../thumbs/Tiger - Game.com/Named_Logos/Wheel of Fortune 2 (USA).png</marquee></game>
<game><path>./Tiger Game.com NoIntro/Williams Arcade Classics (USA).zip</path><name>Williams Arcade Classics (USA)</name><image>~/../thumbs/Tiger - Game.com/Named_Snaps/Williams Arcade Classics (USA).png</image><titleshot>~/../thumbs/Tiger - Game.com/Named_Titles/Williams Arcade Classics (USA).png</titleshot><thumbnail>~/../thumbs/Tiger - Game.com/Named_Boxarts/Williams Arcade Classics (USA).png</thumbnail><marquee>~/../thumbs/Tiger - Game.com/Named_Logos/Williams Arcade Classics (USA).png</marquee></game>
<game><path>./Tiger Game.com NoIntro/[BIOS] Tiger Game.com (USA) (External).zip</path><name>[BIOS] Tiger Game.com (USA) (External)</name><image>~/../thumbs/Tiger - Game.com/Named_Snaps/[BIOS] Tiger Game.com (USA) (External).png</image><titleshot>~/../thumbs/Tiger - Game.com/Named_Titles/[BIOS] Tiger Game.com (USA) (External).png</titleshot><thumbnail>~/../thumbs/Tiger - Game.com/Named_Boxarts/[BIOS] Tiger Game.com (USA) (External).png</thumbnail><marquee>~/../thumbs/Tiger - Game.com/Named_Logos/[BIOS] Tiger Game.com (USA) (External).png</marquee></game>
<game><path>./Tiger Game.com NoIntro/[BIOS] Tiger Game.com (USA) (Internal).zip</path><name>[BIOS] Tiger Game.com (USA) (Internal)</name><image>~/../thumbs/Tiger - Game.com/Named_Snaps/[BIOS] Tiger Game.com (USA) (Internal).png</image><titleshot>~/../thumbs/Tiger - Game.com/Named_Titles/[BIOS] Tiger Game.com (USA) (Internal).png</titleshot><thumbnail>~/../thumbs/Tiger - Game.com/Named_Boxarts/[BIOS] Tiger Game.com (USA) (Internal).png</thumbnail><marquee>~/../thumbs/Tiger - Game.com/Named_Logos/[BIOS] Tiger Game.com (USA) (Internal).png</marquee></game>
<folder><path>./Tiger Game.com NoIntro</path><name>Tiger Game.com NoIntro</name><image>~/../thumb/gamecom.png</image></folder>
<game><path>./Tiger Game.com TOSEC/Batman & Robin (1997)(Tiger Electronics).zip</path><name>Batman & Robin (1997)(Tiger Electronics)</name><image>~/../thumbs/Tiger - Game.com/Named_Snaps/Batman & Robin (1997)(Tiger Electronics).png</image><titleshot>~/../thumbs/Tiger - Game.com/Named_Titles/Batman & Robin (1997)(Tiger Electronics).png</titleshot><thumbnail>~/../thumbs/Tiger - Game.com/Named_Boxarts/Batman & Robin (1997)(Tiger Electronics).png</thumbnail><marquee>~/../thumbs/Tiger - Game.com/Named_Logos/Batman & Robin (1997)(Tiger Electronics).png</marquee></game>
<game><path>./Tiger Game.com TOSEC/Centipede (1999)(Hasbro - Tiger Electronics).zip</path><name>Centipede (1999)(Hasbro - Tiger Electronics)</name><image>~/../thumbs/Tiger - Game.com/Named_Snaps/Centipede (1999)(Hasbro - Tiger Electronics).png</image><titleshot>~/../thumbs/Tiger - Game.com/Named_Titles/Centipede (1999)(Hasbro - Tiger Electronics).png</titleshot><thumbnail>~/../thumbs/Tiger - Game.com/Named_Boxarts/Centipede (1999)(Hasbro - Tiger Electronics).png</thumbnail><marquee>~/../thumbs/Tiger - Game.com/Named_Logos/Centipede (1999)(Hasbro - Tiger Electronics).png</marquee></game>
<game><path>./Tiger Game.com TOSEC/Duke Nukem 3D (1997)(Tiger Electronics).zip</path><name>Duke Nukem 3D (1997)(Tiger Electronics)</name><image>~/../thumbs/Tiger - Game.com/Named_Snaps/Duke Nukem 3D (1997)(Tiger Electronics).png</image><titleshot>~/../thumbs/Tiger - Game.com/Named_Titles/Duke Nukem 3D (1997)(Tiger Electronics).png</titleshot><thumbnail>~/../thumbs/Tiger - Game.com/Named_Boxarts/Duke Nukem 3D (1997)(Tiger Electronics).png</thumbnail><marquee>~/../thumbs/Tiger - Game.com/Named_Logos/Duke Nukem 3D (1997)(Tiger Electronics).png</marquee></game>
<game><path>./Tiger Game.com TOSEC/Fighters Megamix (1998)(Sega).zip</path><name>Fighters Megamix (1998)(Sega)</name><image>~/../thumbs/Tiger - Game.com/Named_Snaps/Fighters Megamix (1998)(Sega).png</image><titleshot>~/../thumbs/Tiger - Game.com/Named_Titles/Fighters Megamix (1998)(Sega).png</titleshot><thumbnail>~/../thumbs/Tiger - Game.com/Named_Boxarts/Fighters Megamix (1998)(Sega).png</thumbnail><marquee>~/../thumbs/Tiger - Game.com/Named_Logos/Fighters Megamix (1998)(Sega).png</marquee></game>
<game><path>./Tiger Game.com TOSEC/Fighters Megamix (1998)(Sega)[b].zip</path><name>Fighters Megamix (1998)(Sega)[b]</name><image>~/../thumbs/Tiger - Game.com/Named_Snaps/Fighters Megamix (1998)(Sega)[b].png</image><titleshot>~/../thumbs/Tiger - Game.com/Named_Titles/Fighters Megamix (1998)(Sega)[b].png</titleshot><thumbnail>~/../thumbs/Tiger - Game.com/Named_Boxarts/Fighters Megamix (1998)(Sega)[b].png</thumbnail><marquee>~/../thumbs/Tiger - Game.com/Named_Logos/Fighters Megamix (1998)(Sega)[b].png</marquee><hidden>true</hidden></game>
<game><path>./Tiger Game.com TOSEC/Frogger (1999)(Hasbro - Tiger Electronics).zip</path><name>Frogger (1999)(Hasbro - Tiger Electronics)</name><image>~/../thumbs/Tiger - Game.com/Named_Snaps/Frogger (1999)(Hasbro - Tiger Electronics).png</image><titleshot>~/../thumbs/Tiger - Game.com/Named_Titles/Frogger (1999)(Hasbro - Tiger Electronics).png</titleshot><thumbnail>~/../thumbs/Tiger - Game.com/Named_Boxarts/Frogger (1999)(Hasbro - Tiger Electronics).png</thumbnail><marquee>~/../thumbs/Tiger - Game.com/Named_Logos/Frogger (1999)(Hasbro - Tiger Electronics).png</marquee></game>
<game><path>./Tiger Game.com TOSEC/Henry (1997)(Tiger Electronics).zip</path><name>Henry (1997)(Tiger Electronics)</name><image>~/../thumbs/Tiger - Game.com/Named_Snaps/Henry (1997)(Tiger Electronics).png</image><titleshot>~/../thumbs/Tiger - Game.com/Named_Titles/Henry (1997)(Tiger Electronics).png</titleshot><thumbnail>~/../thumbs/Tiger - Game.com/Named_Boxarts/Henry (1997)(Tiger Electronics).png</thumbnail><marquee>~/../thumbs/Tiger - Game.com/Named_Logos/Henry (1997)(Tiger Electronics).png</marquee></game>
<game><path>./Tiger Game.com TOSEC/Indy 500 (1997)(Tiger Electronics).zip</path><name>Indy 500 (1997)(Tiger Electronics)</name><image>~/../thumbs/Tiger - Game.com/Named_Snaps/Indy 500 (1997)(Tiger Electronics).png</image><titleshot>~/../thumbs/Tiger - Game.com/Named_Titles/Indy 500 (1997)(Tiger Electronics).png</titleshot><thumbnail>~/../thumbs/Tiger - Game.com/Named_Boxarts/Indy 500 (1997)(Tiger Electronics).png</thumbnail><marquee>~/../thumbs/Tiger - Game.com/Named_Logos/Indy 500 (1997)(Tiger Electronics).png</marquee></game>
<game><path>./Tiger Game.com TOSEC/Jeopardy! (1997)(Tiger Electronics).zip</path><name>Jeopardy! (1997)(Tiger Electronics)</name><image>~/../thumbs/Tiger - Game.com/Named_Snaps/Jeopardy! (1997)(Tiger Electronics).png</image><titleshot>~/../thumbs/Tiger - Game.com/Named_Titles/Jeopardy! (1997)(Tiger Electronics).png</titleshot><thumbnail>~/../thumbs/Tiger - Game.com/Named_Boxarts/Jeopardy! (1997)(Tiger Electronics).png</thumbnail><marquee>~/../thumbs/Tiger - Game.com/Named_Logos/Jeopardy! (1997)(Tiger Electronics).png</marquee></game>
<game><path>./Tiger Game.com TOSEC/Lights Out (1997)(Tiger Electronics).zip</path><name>Lights Out (1997)(Tiger Electronics)</name><image>~/../thumbs/Tiger - Game.com/Named_Snaps/Lights Out (1997)(Tiger Electronics).png</image><titleshot>~/../thumbs/Tiger - Game.com/Named_Titles/Lights Out (1997)(Tiger Electronics).png</titleshot><thumbnail>~/../thumbs/Tiger - Game.com/Named_Boxarts/Lights Out (1997)(Tiger Electronics).png</thumbnail><marquee>~/../thumbs/Tiger - Game.com/Named_Logos/Lights Out (1997)(Tiger Electronics).png</marquee></game>
<game><path>./Tiger Game.com TOSEC/Lost World, The - Jurassic Park (1997)(Tiger Electronics).zip</path><name>Lost World, The - Jurassic Park (1997)(Tiger Electronics)</name><image>~/../thumbs/Tiger - Game.com/Named_Snaps/Lost World, The - Jurassic Park (1997)(Tiger Electronics).png</image><titleshot>~/../thumbs/Tiger - Game.com/Named_Titles/Lost World, The - Jurassic Park (1997)(Tiger Electronics).png</titleshot><thumbnail>~/../thumbs/Tiger - Game.com/Named_Boxarts/Lost World, The - Jurassic Park (1997)(Tiger Electronics).png</thumbnail><marquee>~/../thumbs/Tiger - Game.com/Named_Logos/Lost World, The - Jurassic Park (1997)(Tiger Electronics).png</marquee></game>
<game><path>./Tiger Game.com TOSEC/Monopoly (1999)(Tiger Electronics).zip</path><name>Monopoly (1999)(Tiger Electronics)</name><image>~/../thumbs/Tiger - Game.com/Named_Snaps/Monopoly (1999)(Tiger Electronics).png</image><titleshot>~/../thumbs/Tiger - Game.com/Named_Titles/Monopoly (1999)(Tiger Electronics).png</titleshot><thumbnail>~/../thumbs/Tiger - Game.com/Named_Boxarts/Monopoly (1999)(Tiger Electronics).png</thumbnail><marquee>~/../thumbs/Tiger - Game.com/Named_Logos/Monopoly (1999)(Tiger Electronics).png</marquee></game>
<game><path>./Tiger Game.com TOSEC/Mortal Kombat Trilogy (1997)(Midway).zip</path><name>Mortal Kombat Trilogy (1997)(Midway)</name><image>~/../thumbs/Tiger - Game.com/Named_Snaps/Mortal Kombat Trilogy (1997)(Midway).png</image><titleshot>~/../thumbs/Tiger - Game.com/Named_Titles/Mortal Kombat Trilogy (1997)(Midway).png</titleshot><thumbnail>~/../thumbs/Tiger - Game.com/Named_Boxarts/Mortal Kombat Trilogy (1997)(Midway).png</thumbnail><marquee>~/../thumbs/Tiger - Game.com/Named_Logos/Mortal Kombat Trilogy (1997)(Midway).png</marquee></game>
<game><path>./Tiger Game.com TOSEC/Mortal Kombat Trilogy (1997)(Midway)[b].zip</path><name>Mortal Kombat Trilogy (1997)(Midway)[b]</name><image>~/../thumbs/Tiger - Game.com/Named_Snaps/Mortal Kombat Trilogy (1997)(Midway)[b].png</image><titleshot>~/../thumbs/Tiger - Game.com/Named_Titles/Mortal Kombat Trilogy (1997)(Midway)[b].png</titleshot><thumbnail>~/../thumbs/Tiger - Game.com/Named_Boxarts/Mortal Kombat Trilogy (1997)(Midway)[b].png</thumbnail><marquee>~/../thumbs/Tiger - Game.com/Named_Logos/Mortal Kombat Trilogy (1997)(Midway)[b].png</marquee><hidden>true</hidden></game>
<game><path>./Tiger Game.com TOSEC/Quiz Wiz - Cyber Trivia (1997)(Tiger Electronics).zip</path><name>Quiz Wiz - Cyber Trivia (1997)(Tiger Electronics)</name><image>~/../thumbs/Tiger - Game.com/Named_Snaps/Quiz Wiz - Cyber Trivia (1997)(Tiger Electronics).png</image><titleshot>~/../thumbs/Tiger - Game.com/Named_Titles/Quiz Wiz - Cyber Trivia (1997)(Tiger Electronics).png</titleshot><thumbnail>~/../thumbs/Tiger - Game.com/Named_Boxarts/Quiz Wiz - Cyber Trivia (1997)(Tiger Electronics).png</thumbnail><marquee>~/../thumbs/Tiger - Game.com/Named_Logos/Quiz Wiz - Cyber Trivia (1997)(Tiger Electronics).png</marquee></game>
<game><path>./Tiger Game.com TOSEC/Resident Evil 2 (1998)(Capcom).zip</path><name>Resident Evil 2 (1998)(Capcom)</name><image>~/../thumbs/Tiger - Game.com/Named_Snaps/Resident Evil 2 (1998)(Capcom).png</image><titleshot>~/../thumbs/Tiger - Game.com/Named_Titles/Resident Evil 2 (1998)(Capcom).png</titleshot><thumbnail>~/../thumbs/Tiger - Game.com/Named_Boxarts/Resident Evil 2 (1998)(Capcom).png</thumbnail><marquee>~/../thumbs/Tiger - Game.com/Named_Logos/Resident Evil 2 (1998)(Capcom).png</marquee></game>
<game><path>./Tiger Game.com TOSEC/Resident Evil 2 (1998)(Capcom)[b].zip</path><name>Resident Evil 2 (1998)(Capcom)[b]</name><image>~/../thumbs/Tiger - Game.com/Named_Snaps/Resident Evil 2 (1998)(Capcom)[b].png</image><titleshot>~/../thumbs/Tiger - Game.com/Named_Titles/Resident Evil 2 (1998)(Capcom)[b].png</titleshot><thumbnail>~/../thumbs/Tiger - Game.com/Named_Boxarts/Resident Evil 2 (1998)(Capcom)[b].png</thumbnail><marquee>~/../thumbs/Tiger - Game.com/Named_Logos/Resident Evil 2 (1998)(Capcom)[b].png</marquee><hidden>true</hidden></game>
<game><path>./Tiger Game.com TOSEC/Scrabble (1999)(Hasbro - Tiger Electronics).zip</path><name>Scrabble (1999)(Hasbro - Tiger Electronics)</name><image>~/../thumbs/Tiger - Game.com/Named_Snaps/Scrabble (1999)(Hasbro - Tiger Electronics).png</image><titleshot>~/../thumbs/Tiger - Game.com/Named_Titles/Scrabble (1999)(Hasbro - Tiger Electronics).png</titleshot><thumbnail>~/../thumbs/Tiger - Game.com/Named_Boxarts/Scrabble (1999)(Hasbro - Tiger Electronics).png</thumbnail><marquee>~/../thumbs/Tiger - Game.com/Named_Logos/Scrabble (1999)(Hasbro - Tiger Electronics).png</marquee></game>
<game><path>./Tiger Game.com TOSEC/Sonic Jam (1998)(Sega).zip</path><name>Sonic Jam (1998)(Sega)</name><image>~/../thumbs/Tiger - Game.com/Named_Snaps/Sonic Jam (1998)(Sega).png</image><titleshot>~/../thumbs/Tiger - Game.com/Named_Titles/Sonic Jam (1998)(Sega).png</titleshot><thumbnail>~/../thumbs/Tiger - Game.com/Named_Boxarts/Sonic Jam (1998)(Sega).png</thumbnail><marquee>~/../thumbs/Tiger - Game.com/Named_Logos/Sonic Jam (1998)(Sega).png</marquee></game>
<game><path>./Tiger Game.com TOSEC/Sonic Jam (1998)(Sega)[b].zip</path><name>Sonic Jam (1998)(Sega)[b]</name><image>~/../thumbs/Tiger - Game.com/Named_Snaps/Sonic Jam (1998)(Sega)[b].png</image><titleshot>~/../thumbs/Tiger - Game.com/Named_Titles/Sonic Jam (1998)(Sega)[b].png</titleshot><thumbnail>~/../thumbs/Tiger - Game.com/Named_Boxarts/Sonic Jam (1998)(Sega)[b].png</thumbnail><marquee>~/../thumbs/Tiger - Game.com/Named_Logos/Sonic Jam (1998)(Sega)[b].png</marquee><hidden>true</hidden></game>
<game><path>./Tiger Game.com TOSEC/Tiger Casino (1998)(Tiger Electronics).zip</path><name>Tiger Casino (1998)(Tiger Electronics)</name><image>~/../thumbs/Tiger - Game.com/Named_Snaps/Tiger Casino (1998)(Tiger Electronics).png</image><titleshot>~/../thumbs/Tiger - Game.com/Named_Titles/Tiger Casino (1998)(Tiger Electronics).png</titleshot><thumbnail>~/../thumbs/Tiger - Game.com/Named_Boxarts/Tiger Casino (1998)(Tiger Electronics).png</thumbnail><marquee>~/../thumbs/Tiger - Game.com/Named_Logos/Tiger Casino (1998)(Tiger Electronics).png</marquee></game>
<game><path>./Tiger Game.com TOSEC/Tiger Casino (1998)(Tiger Electronics)[b].zip</path><name>Tiger Casino (1998)(Tiger Electronics)[b]</name><image>~/../thumbs/Tiger - Game.com/Named_Snaps/Tiger Casino (1998)(Tiger Electronics)[b].png</image><titleshot>~/../thumbs/Tiger - Game.com/Named_Titles/Tiger Casino (1998)(Tiger Electronics)[b].png</titleshot><thumbnail>~/../thumbs/Tiger - Game.com/Named_Boxarts/Tiger Casino (1998)(Tiger Electronics)[b].png</thumbnail><marquee>~/../thumbs/Tiger - Game.com/Named_Logos/Tiger Casino (1998)(Tiger Electronics)[b].png</marquee><hidden>true</hidden></game>
<game><path>./Tiger Game.com TOSEC/Wheel of Fortune (1997)(Tiger Electronics).zip</path><name>Wheel of Fortune (1997)(Tiger Electronics)</name><image>~/../thumbs/Tiger - Game.com/Named_Snaps/Wheel of Fortune (1997)(Tiger Electronics).png</image><titleshot>~/../thumbs/Tiger - Game.com/Named_Titles/Wheel of Fortune (1997)(Tiger Electronics).png</titleshot><thumbnail>~/../thumbs/Tiger - Game.com/Named_Boxarts/Wheel of Fortune (1997)(Tiger Electronics).png</thumbnail><marquee>~/../thumbs/Tiger - Game.com/Named_Logos/Wheel of Fortune (1997)(Tiger Electronics).png</marquee></game>
<game><path>./Tiger Game.com TOSEC/Wheel of Fortune 2 (1998)(Tiger Electronics).zip</path><name>Wheel of Fortune 2 (1998)(Tiger Electronics)</name><image>~/../thumbs/Tiger - Game.com/Named_Snaps/Wheel of Fortune 2 (1998)(Tiger Electronics).png</image><titleshot>~/../thumbs/Tiger - Game.com/Named_Titles/Wheel of Fortune 2 (1998)(Tiger Electronics).png</titleshot><thumbnail>~/../thumbs/Tiger - Game.com/Named_Boxarts/Wheel of Fortune 2 (1998)(Tiger Electronics).png</thumbnail><marquee>~/../thumbs/Tiger - Game.com/Named_Logos/Wheel of Fortune 2 (1998)(Tiger Electronics).png</marquee></game>
<game><path>./Tiger Game.com TOSEC/Williams Arcade Classics (1997)(Tiger Electronics).zip</path><name>Williams Arcade Classics (1997)(Tiger Electronics)</name><image>~/../thumbs/Tiger - Game.com/Named_Snaps/Williams Arcade Classics (1997)(Tiger Electronics).png</image><titleshot>~/../thumbs/Tiger - Game.com/Named_Titles/Williams Arcade Classics (1997)(Tiger Electronics).png</titleshot><thumbnail>~/../thumbs/Tiger - Game.com/Named_Boxarts/Williams Arcade Classics (1997)(Tiger Electronics).png</thumbnail><marquee>~/../thumbs/Tiger - Game.com/Named_Logos/Williams Arcade Classics (1997)(Tiger Electronics).png</marquee></game>
<folder><path>./Tiger Game.com TOSEC</path><name>Tiger Game.com TOSEC</name><image>~/../thumb/gamecom.png</image></folder>
</gameList>
