<gameList>
<game><path>./Adventure Vision NoIntro/Defender (USA, Europe).zip</path><name>Defender (USA, Europe)</name><image>~/../thumbs/Entex - Adventure Vision/Named_Snaps/Defender (USA, Europe).png</image><titleshot>~/../thumbs/Entex - Adventure Vision/Named_Titles/Defender (USA, Europe).png</titleshot><thumbnail>~/../thumbs/Entex - Adventure Vision/Named_Boxarts/Defender (USA, Europe).png</thumbnail><marquee>~/../thumbs/Entex - Adventure Vision/Named_Logos/Defender (USA, Europe).png</marquee></game>
<game><path>./Adventure Vision NoIntro/Space Force (USA, Europe).zip</path><name>Space Force (USA, Europe)</name><image>~/../thumbs/Entex - Adventure Vision/Named_Snaps/Space Force (USA, Europe).png</image><titleshot>~/../thumbs/Entex - Adventure Vision/Named_Titles/Space Force (USA, Europe).png</titleshot><thumbnail>~/../thumbs/Entex - Adventure Vision/Named_Boxarts/Space Force (USA, Europe).png</thumbnail><marquee>~/../thumbs/Entex - Adventure Vision/Named_Logos/Space Force (USA, Europe).png</marquee></game>
<game><path>./Adventure Vision NoIntro/Super Cobra (USA, Europe).zip</path><name>Super Cobra (USA, Europe)</name><image>~/../thumbs/Entex - Adventure Vision/Named_Snaps/Super Cobra (USA, Europe).png</image><titleshot>~/../thumbs/Entex - Adventure Vision/Named_Titles/Super Cobra (USA, Europe).png</titleshot><thumbnail>~/../thumbs/Entex - Adventure Vision/Named_Boxarts/Super Cobra (USA, Europe).png</thumbnail><marquee>~/../thumbs/Entex - Adventure Vision/Named_Logos/Super Cobra (USA, Europe).png</marquee></game>
<game><path>./Adventure Vision NoIntro/Turtles (USA, Europe).zip</path><name>Turtles (USA, Europe)</name><image>~/../thumbs/Entex - Adventure Vision/Named_Snaps/Turtles (USA, Europe).png</image><titleshot>~/../thumbs/Entex - Adventure Vision/Named_Titles/Turtles (USA, Europe).png</titleshot><thumbnail>~/../thumbs/Entex - Adventure Vision/Named_Boxarts/Turtles (USA, Europe).png</thumbnail><marquee>~/../thumbs/Entex - Adventure Vision/Named_Logos/Turtles (USA, Europe).png</marquee></game>
<game><path>./Adventure Vision NoIntro/[BIOS] Entex Adventure Vision (USA, Europe).zip</path><name>[BIOS] Entex Adventure Vision (USA, Europe)</name><image>~/../thumbs/Entex - Adventure Vision/Named_Snaps/[BIOS] Entex Adventure Vision (USA, Europe).png</image><titleshot>~/../thumbs/Entex - Adventure Vision/Named_Titles/[BIOS] Entex Adventure Vision (USA, Europe).png</titleshot><thumbnail>~/../thumbs/Entex - Adventure Vision/Named_Boxarts/[BIOS] Entex Adventure Vision (USA, Europe).png</thumbnail><marquee>~/../thumbs/Entex - Adventure Vision/Named_Logos/[BIOS] Entex Adventure Vision (USA, Europe).png</marquee><hidden>true</hidden></game>
<folder><path>./Adventure Vision NoIntro</path><name>Adventure Vision NoIntro</name><image>~/../thumb/advision.png</image></folder>
<game><path>./Adventure Vision TOSEC/Defender (1982)(Entex Industries)[release number 6075].bin</path><name>Defender (1982)(Entex Industries)[release number 6075]</name><image>~/../thumbs/Entex - Adventure Vision/Named_Snaps/Defender (1982)(Entex Industries)[release number 6075].png</image><titleshot>~/../thumbs/Entex - Adventure Vision/Named_Titles/Defender (1982)(Entex Industries)[release number 6075].png</titleshot><thumbnail>~/../thumbs/Entex - Adventure Vision/Named_Boxarts/Defender (1982)(Entex Industries)[release number 6075].png</thumbnail><marquee>~/../thumbs/Entex - Adventure Vision/Named_Logos/Defender (1982)(Entex Industries)[release number 6075].png</marquee></game>
<game><path>./Adventure Vision TOSEC/Space Force (1982)(Entex Industries)[release number 6078].bin</path><name>Space Force (1982)(Entex Industries)[release number 6078]</name><image>~/../thumbs/Entex - Adventure Vision/Named_Snaps/Space Force (1982)(Entex Industries)[release number 6078].png</image><titleshot>~/../thumbs/Entex - Adventure Vision/Named_Titles/Space Force (1982)(Entex Industries)[release number 6078].png</titleshot><thumbnail>~/../thumbs/Entex - Adventure Vision/Named_Boxarts/Space Force (1982)(Entex Industries)[release number 6078].png</thumbnail><marquee>~/../thumbs/Entex - Adventure Vision/Named_Logos/Space Force (1982)(Entex Industries)[release number 6078].png</marquee></game>
<game><path>./Adventure Vision TOSEC/Super Cobra (1982)(Entex Industries)[release number 6077].bin</path><name>Super Cobra (1982)(Entex Industries)[release number 6077]</name><image>~/../thumbs/Entex - Adventure Vision/Named_Snaps/Super Cobra (1982)(Entex Industries)[release number 6077].png</image><titleshot>~/../thumbs/Entex - Adventure Vision/Named_Titles/Super Cobra (1982)(Entex Industries)[release number 6077].png</titleshot><thumbnail>~/../thumbs/Entex - Adventure Vision/Named_Boxarts/Super Cobra (1982)(Entex Industries)[release number 6077].png</thumbnail><marquee>~/../thumbs/Entex - Adventure Vision/Named_Logos/Super Cobra (1982)(Entex Industries)[release number 6077].png</marquee></game>
<game><path>./Adventure Vision TOSEC/Turtles (1982)(Entex Industries)[release number 6076].bin</path><name>Turtles (1982)(Entex Industries)[release number 6076]</name><image>~/../thumbs/Entex - Adventure Vision/Named_Snaps/Turtles (1982)(Entex Industries)[release number 6076].png</image><titleshot>~/../thumbs/Entex - Adventure Vision/Named_Titles/Turtles (1982)(Entex Industries)[release number 6076].png</titleshot><thumbnail>~/../thumbs/Entex - Adventure Vision/Named_Boxarts/Turtles (1982)(Entex Industries)[release number 6076].png</thumbnail><marquee>~/../thumbs/Entex - Adventure Vision/Named_Logos/Turtles (1982)(Entex Industries)[release number 6076].png</marquee></game>
<folder><path>./Adventure Vision TOSEC</path><name>Adventure Vision TOSEC</name><image>~/../thumb/advision.png</image></folder>
</gameList>
