<gameList>
<game><path>./MSX TurboR//home/runner/rom/TOSEC/MSX/TurboR/Games/2021 Snooky (1991)(Studio Hawk)(JP).zip</path><name>/home/runner/rom/TOSEC/MSX/TurboR/Games/2021 Snooky (1991)(Studio Hawk)(JP)</name><image>~/../thumbs/Microsoft - MSX2/Named_Snaps//home/runner/rom/TOSEC/MSX/TurboR/Games/2021 Snooky (1991)(Studio Hawk)(JP).png</image><titleshot>~/../thumbs/Microsoft - MSX2/Named_Titles//home/runner/rom/TOSEC/MSX/TurboR/Games/2021 Snooky (1991)(Studio Hawk)(JP).png</titleshot><thumbnail>~/../thumbs/Microsoft - MSX2/Named_Boxarts//home/runner/rom/TOSEC/MSX/TurboR/Games/2021 Snooky (1991)(Studio Hawk)(JP).png</thumbnail><marquee>~/../thumbs/Microsoft - MSX2/Named_Logos//home/runner/rom/TOSEC/MSX/TurboR/Games/2021 Snooky (1991)(Studio Hawk)(JP).png</marquee></game>
<game><path>./MSX TurboR//home/runner/rom/TOSEC/MSX/TurboR/Games/Blade (1997)(GW's Workshop)[b].zip</path><name>/home/runner/rom/TOSEC/MSX/TurboR/Games/Blade (1997)(GW's Workshop)[b]</name><image>~/../thumbs/Microsoft - MSX2/Named_Snaps//home/runner/rom/TOSEC/MSX/TurboR/Games/Blade (1997)(GW's Workshop)[b].png</image><titleshot>~/../thumbs/Microsoft - MSX2/Named_Titles//home/runner/rom/TOSEC/MSX/TurboR/Games/Blade (1997)(GW's Workshop)[b].png</titleshot><thumbnail>~/../thumbs/Microsoft - MSX2/Named_Boxarts//home/runner/rom/TOSEC/MSX/TurboR/Games/Blade (1997)(GW's Workshop)[b].png</thumbnail><marquee>~/../thumbs/Microsoft - MSX2/Named_Logos//home/runner/rom/TOSEC/MSX/TurboR/Games/Blade (1997)(GW's Workshop)[b].png</marquee><hidden>true</hidden></game>
<game><path>./MSX TurboR//home/runner/rom/TOSEC/MSX/TurboR/Games/Earth (1996)(GW's Workshop).zip</path><name>/home/runner/rom/TOSEC/MSX/TurboR/Games/Earth (1996)(GW's Workshop)</name><image>~/../thumbs/Microsoft - MSX2/Named_Snaps//home/runner/rom/TOSEC/MSX/TurboR/Games/Earth (1996)(GW's Workshop).png</image><titleshot>~/../thumbs/Microsoft - MSX2/Named_Titles//home/runner/rom/TOSEC/MSX/TurboR/Games/Earth (1996)(GW's Workshop).png</titleshot><thumbnail>~/../thumbs/Microsoft - MSX2/Named_Boxarts//home/runner/rom/TOSEC/MSX/TurboR/Games/Earth (1996)(GW's Workshop).png</thumbnail><marquee>~/../thumbs/Microsoft - MSX2/Named_Logos//home/runner/rom/TOSEC/MSX/TurboR/Games/Earth (1996)(GW's Workshop).png</marquee></game>
<game><path>./MSX TurboR//home/runner/rom/TOSEC/MSX/TurboR/Games/Earth Attack (19xx)(GW's Workshop)[b].zip</path><name>/home/runner/rom/TOSEC/MSX/TurboR/Games/Earth Attack (19xx)(GW's Workshop)[b]</name><image>~/../thumbs/Microsoft - MSX2/Named_Snaps//home/runner/rom/TOSEC/MSX/TurboR/Games/Earth Attack (19xx)(GW's Workshop)[b].png</image><titleshot>~/../thumbs/Microsoft - MSX2/Named_Titles//home/runner/rom/TOSEC/MSX/TurboR/Games/Earth Attack (19xx)(GW's Workshop)[b].png</titleshot><thumbnail>~/../thumbs/Microsoft - MSX2/Named_Boxarts//home/runner/rom/TOSEC/MSX/TurboR/Games/Earth Attack (19xx)(GW's Workshop)[b].png</thumbnail><marquee>~/../thumbs/Microsoft - MSX2/Named_Logos//home/runner/rom/TOSEC/MSX/TurboR/Games/Earth Attack (19xx)(GW's Workshop)[b].png</marquee><hidden>true</hidden></game>
<game><path>./MSX TurboR//home/runner/rom/TOSEC/MSX/TurboR/Games/F-Nano 2 - 3D Car Action (demo) (1994)(XRay)(JP).zip</path><name>/home/runner/rom/TOSEC/MSX/TurboR/Games/F-Nano 2 - 3D Car Action (demo) (1994)(XRay)(JP)</name><image>~/../thumbs/Microsoft - MSX2/Named_Snaps//home/runner/rom/TOSEC/MSX/TurboR/Games/F-Nano 2 - 3D Car Action (demo) (1994)(XRay)(JP).png</image><titleshot>~/../thumbs/Microsoft - MSX2/Named_Titles//home/runner/rom/TOSEC/MSX/TurboR/Games/F-Nano 2 - 3D Car Action (demo) (1994)(XRay)(JP).png</titleshot><thumbnail>~/../thumbs/Microsoft - MSX2/Named_Boxarts//home/runner/rom/TOSEC/MSX/TurboR/Games/F-Nano 2 - 3D Car Action (demo) (1994)(XRay)(JP).png</thumbnail><marquee>~/../thumbs/Microsoft - MSX2/Named_Logos//home/runner/rom/TOSEC/MSX/TurboR/Games/F-Nano 2 - 3D Car Action (demo) (1994)(XRay)(JP).png</marquee><hidden>true</hidden></game>
<game><path>./MSX TurboR//home/runner/rom/TOSEC/MSX/TurboR/Games/Fishing v1.0 (1996-02-26)(GW's Workshop).zip</path><name>/home/runner/rom/TOSEC/MSX/TurboR/Games/Fishing v1.0 (1996-02-26)(GW's Workshop)</name><image>~/../thumbs/Microsoft - MSX2/Named_Snaps//home/runner/rom/TOSEC/MSX/TurboR/Games/Fishing v1.0 (1996-02-26)(GW's Workshop).png</image><titleshot>~/../thumbs/Microsoft - MSX2/Named_Titles//home/runner/rom/TOSEC/MSX/TurboR/Games/Fishing v1.0 (1996-02-26)(GW's Workshop).png</titleshot><thumbnail>~/../thumbs/Microsoft - MSX2/Named_Boxarts//home/runner/rom/TOSEC/MSX/TurboR/Games/Fishing v1.0 (1996-02-26)(GW's Workshop).png</thumbnail><marquee>~/../thumbs/Microsoft - MSX2/Named_Logos//home/runner/rom/TOSEC/MSX/TurboR/Games/Fishing v1.0 (1996-02-26)(GW's Workshop).png</marquee></game>
<game><path>./MSX TurboR//home/runner/rom/TOSEC/MSX/TurboR/Games/Fishing v1.0 (1996-02-26)(GW's Workshop)[a].zip</path><name>/home/runner/rom/TOSEC/MSX/TurboR/Games/Fishing v1.0 (1996-02-26)(GW's Workshop)[a]</name><image>~/../thumbs/Microsoft - MSX2/Named_Snaps//home/runner/rom/TOSEC/MSX/TurboR/Games/Fishing v1.0 (1996-02-26)(GW's Workshop)[a].png</image><titleshot>~/../thumbs/Microsoft - MSX2/Named_Titles//home/runner/rom/TOSEC/MSX/TurboR/Games/Fishing v1.0 (1996-02-26)(GW's Workshop)[a].png</titleshot><thumbnail>~/../thumbs/Microsoft - MSX2/Named_Boxarts//home/runner/rom/TOSEC/MSX/TurboR/Games/Fishing v1.0 (1996-02-26)(GW's Workshop)[a].png</thumbnail><marquee>~/../thumbs/Microsoft - MSX2/Named_Logos//home/runner/rom/TOSEC/MSX/TurboR/Games/Fishing v1.0 (1996-02-26)(GW's Workshop)[a].png</marquee><hidden>true</hidden></game>
<game><path>./MSX TurboR//home/runner/rom/TOSEC/MSX/TurboR/Games/Fray - In Magical Adventure (1990)(Micro Cabin)(JP)(Disk 1 of 5)(Opening Disk 0).zip</path><name>/home/runner/rom/TOSEC/MSX/TurboR/Games/Fray - In Magical Adventure (1990)(Micro Cabin)(JP)(Disk 1 of 5)(Opening Disk 0)</name><image>~/../thumbs/Microsoft - MSX2/Named_Snaps//home/runner/rom/TOSEC/MSX/TurboR/Games/Fray - In Magical Adventure (1990)(Micro Cabin)(JP)(Disk 1 of 5)(Opening Disk 0).png</image><titleshot>~/../thumbs/Microsoft - MSX2/Named_Titles//home/runner/rom/TOSEC/MSX/TurboR/Games/Fray - In Magical Adventure (1990)(Micro Cabin)(JP)(Disk 1 of 5)(Opening Disk 0).png</titleshot><thumbnail>~/../thumbs/Microsoft - MSX2/Named_Boxarts//home/runner/rom/TOSEC/MSX/TurboR/Games/Fray - In Magical Adventure (1990)(Micro Cabin)(JP)(Disk 1 of 5)(Opening Disk 0).png</thumbnail><marquee>~/../thumbs/Microsoft - MSX2/Named_Logos//home/runner/rom/TOSEC/MSX/TurboR/Games/Fray - In Magical Adventure (1990)(Micro Cabin)(JP)(Disk 1 of 5)(Opening Disk 0).png</marquee></game>
<game><path>./MSX TurboR//home/runner/rom/TOSEC/MSX/TurboR/Games/Fray - In Magical Adventure (1990)(Micro Cabin)(JP)(Disk 1 of 5)(Opening Disk 0)[a2].zip</path><name>/home/runner/rom/TOSEC/MSX/TurboR/Games/Fray - In Magical Adventure (1990)(Micro Cabin)(JP)(Disk 1 of 5)(Opening Disk 0)[a2]</name><image>~/../thumbs/Microsoft - MSX2/Named_Snaps//home/runner/rom/TOSEC/MSX/TurboR/Games/Fray - In Magical Adventure (1990)(Micro Cabin)(JP)(Disk 1 of 5)(Opening Disk 0)[a2].png</image><titleshot>~/../thumbs/Microsoft - MSX2/Named_Titles//home/runner/rom/TOSEC/MSX/TurboR/Games/Fray - In Magical Adventure (1990)(Micro Cabin)(JP)(Disk 1 of 5)(Opening Disk 0)[a2].png</titleshot><thumbnail>~/../thumbs/Microsoft - MSX2/Named_Boxarts//home/runner/rom/TOSEC/MSX/TurboR/Games/Fray - In Magical Adventure (1990)(Micro Cabin)(JP)(Disk 1 of 5)(Opening Disk 0)[a2].png</thumbnail><marquee>~/../thumbs/Microsoft - MSX2/Named_Logos//home/runner/rom/TOSEC/MSX/TurboR/Games/Fray - In Magical Adventure (1990)(Micro Cabin)(JP)(Disk 1 of 5)(Opening Disk 0)[a2].png</marquee><hidden>true</hidden></game>
<game><path>./MSX TurboR//home/runner/rom/TOSEC/MSX/TurboR/Games/Fray - In Magical Adventure (1990)(Micro Cabin)(JP)(Disk 1 of 5)(Opening Disk 0)[a].zip</path><name>/home/runner/rom/TOSEC/MSX/TurboR/Games/Fray - In Magical Adventure (1990)(Micro Cabin)(JP)(Disk 1 of 5)(Opening Disk 0)[a]</name><image>~/../thumbs/Microsoft - MSX2/Named_Snaps//home/runner/rom/TOSEC/MSX/TurboR/Games/Fray - In Magical Adventure (1990)(Micro Cabin)(JP)(Disk 1 of 5)(Opening Disk 0)[a].png</image><titleshot>~/../thumbs/Microsoft - MSX2/Named_Titles//home/runner/rom/TOSEC/MSX/TurboR/Games/Fray - In Magical Adventure (1990)(Micro Cabin)(JP)(Disk 1 of 5)(Opening Disk 0)[a].png</titleshot><thumbnail>~/../thumbs/Microsoft - MSX2/Named_Boxarts//home/runner/rom/TOSEC/MSX/TurboR/Games/Fray - In Magical Adventure (1990)(Micro Cabin)(JP)(Disk 1 of 5)(Opening Disk 0)[a].png</thumbnail><marquee>~/../thumbs/Microsoft - MSX2/Named_Logos//home/runner/rom/TOSEC/MSX/TurboR/Games/Fray - In Magical Adventure (1990)(Micro Cabin)(JP)(Disk 1 of 5)(Opening Disk 0)[a].png</marquee><hidden>true</hidden></game>
<game><path>./MSX TurboR//home/runner/rom/TOSEC/MSX/TurboR/Games/Fray - In Magical Adventure (1990)(Micro Cabin)(JP)(Disk 1 of 5)(Opening Disk 0)[b].zip</path><name>/home/runner/rom/TOSEC/MSX/TurboR/Games/Fray - In Magical Adventure (1990)(Micro Cabin)(JP)(Disk 1 of 5)(Opening Disk 0)[b]</name><image>~/../thumbs/Microsoft - MSX2/Named_Snaps//home/runner/rom/TOSEC/MSX/TurboR/Games/Fray - In Magical Adventure (1990)(Micro Cabin)(JP)(Disk 1 of 5)(Opening Disk 0)[b].png</image><titleshot>~/../thumbs/Microsoft - MSX2/Named_Titles//home/runner/rom/TOSEC/MSX/TurboR/Games/Fray - In Magical Adventure (1990)(Micro Cabin)(JP)(Disk 1 of 5)(Opening Disk 0)[b].png</titleshot><thumbnail>~/../thumbs/Microsoft - MSX2/Named_Boxarts//home/runner/rom/TOSEC/MSX/TurboR/Games/Fray - In Magical Adventure (1990)(Micro Cabin)(JP)(Disk 1 of 5)(Opening Disk 0)[b].png</thumbnail><marquee>~/../thumbs/Microsoft - MSX2/Named_Logos//home/runner/rom/TOSEC/MSX/TurboR/Games/Fray - In Magical Adventure (1990)(Micro Cabin)(JP)(Disk 1 of 5)(Opening Disk 0)[b].png</marquee><hidden>true</hidden></game>
<game><path>./MSX TurboR//home/runner/rom/TOSEC/MSX/TurboR/Games/Fray - In Magical Adventure (1990)(Micro Cabin)(JP)(Disk 2 of 5)(Opening Disk 1).zip</path><name>/home/runner/rom/TOSEC/MSX/TurboR/Games/Fray - In Magical Adventure (1990)(Micro Cabin)(JP)(Disk 2 of 5)(Opening Disk 1)</name><image>~/../thumbs/Microsoft - MSX2/Named_Snaps//home/runner/rom/TOSEC/MSX/TurboR/Games/Fray - In Magical Adventure (1990)(Micro Cabin)(JP)(Disk 2 of 5)(Opening Disk 1).png</image><titleshot>~/../thumbs/Microsoft - MSX2/Named_Titles//home/runner/rom/TOSEC/MSX/TurboR/Games/Fray - In Magical Adventure (1990)(Micro Cabin)(JP)(Disk 2 of 5)(Opening Disk 1).png</titleshot><thumbnail>~/../thumbs/Microsoft - MSX2/Named_Boxarts//home/runner/rom/TOSEC/MSX/TurboR/Games/Fray - In Magical Adventure (1990)(Micro Cabin)(JP)(Disk 2 of 5)(Opening Disk 1).png</thumbnail><marquee>~/../thumbs/Microsoft - MSX2/Named_Logos//home/runner/rom/TOSEC/MSX/TurboR/Games/Fray - In Magical Adventure (1990)(Micro Cabin)(JP)(Disk 2 of 5)(Opening Disk 1).png</marquee><hidden>true</hidden></game>
<game><path>./MSX TurboR//home/runner/rom/TOSEC/MSX/TurboR/Games/Fray - In Magical Adventure (1990)(Micro Cabin)(JP)(Disk 2 of 5)(Opening Disk 1)[a].zip</path><name>/home/runner/rom/TOSEC/MSX/TurboR/Games/Fray - In Magical Adventure (1990)(Micro Cabin)(JP)(Disk 2 of 5)(Opening Disk 1)[a]</name><image>~/../thumbs/Microsoft - MSX2/Named_Snaps//home/runner/rom/TOSEC/MSX/TurboR/Games/Fray - In Magical Adventure (1990)(Micro Cabin)(JP)(Disk 2 of 5)(Opening Disk 1)[a].png</image><titleshot>~/../thumbs/Microsoft - MSX2/Named_Titles//home/runner/rom/TOSEC/MSX/TurboR/Games/Fray - In Magical Adventure (1990)(Micro Cabin)(JP)(Disk 2 of 5)(Opening Disk 1)[a].png</titleshot><thumbnail>~/../thumbs/Microsoft - MSX2/Named_Boxarts//home/runner/rom/TOSEC/MSX/TurboR/Games/Fray - In Magical Adventure (1990)(Micro Cabin)(JP)(Disk 2 of 5)(Opening Disk 1)[a].png</thumbnail><marquee>~/../thumbs/Microsoft - MSX2/Named_Logos//home/runner/rom/TOSEC/MSX/TurboR/Games/Fray - In Magical Adventure (1990)(Micro Cabin)(JP)(Disk 2 of 5)(Opening Disk 1)[a].png</marquee><hidden>true</hidden></game>
<game><path>./MSX TurboR//home/runner/rom/TOSEC/MSX/TurboR/Games/Fray - In Magical Adventure (1990)(Micro Cabin)(JP)(Disk 2 of 5)(Opening Disk 1)[b].zip</path><name>/home/runner/rom/TOSEC/MSX/TurboR/Games/Fray - In Magical Adventure (1990)(Micro Cabin)(JP)(Disk 2 of 5)(Opening Disk 1)[b]</name><image>~/../thumbs/Microsoft - MSX2/Named_Snaps//home/runner/rom/TOSEC/MSX/TurboR/Games/Fray - In Magical Adventure (1990)(Micro Cabin)(JP)(Disk 2 of 5)(Opening Disk 1)[b].png</image><titleshot>~/../thumbs/Microsoft - MSX2/Named_Titles//home/runner/rom/TOSEC/MSX/TurboR/Games/Fray - In Magical Adventure (1990)(Micro Cabin)(JP)(Disk 2 of 5)(Opening Disk 1)[b].png</titleshot><thumbnail>~/../thumbs/Microsoft - MSX2/Named_Boxarts//home/runner/rom/TOSEC/MSX/TurboR/Games/Fray - In Magical Adventure (1990)(Micro Cabin)(JP)(Disk 2 of 5)(Opening Disk 1)[b].png</thumbnail><marquee>~/../thumbs/Microsoft - MSX2/Named_Logos//home/runner/rom/TOSEC/MSX/TurboR/Games/Fray - In Magical Adventure (1990)(Micro Cabin)(JP)(Disk 2 of 5)(Opening Disk 1)[b].png</marquee><hidden>true</hidden></game>
<game><path>./MSX TurboR//home/runner/rom/TOSEC/MSX/TurboR/Games/Fray - In Magical Adventure (1990)(Micro Cabin)(JP)(Disk 3 of 5)(Opening Disk 2).zip</path><name>/home/runner/rom/TOSEC/MSX/TurboR/Games/Fray - In Magical Adventure (1990)(Micro Cabin)(JP)(Disk 3 of 5)(Opening Disk 2)</name><image>~/../thumbs/Microsoft - MSX2/Named_Snaps//home/runner/rom/TOSEC/MSX/TurboR/Games/Fray - In Magical Adventure (1990)(Micro Cabin)(JP)(Disk 3 of 5)(Opening Disk 2).png</image><titleshot>~/../thumbs/Microsoft - MSX2/Named_Titles//home/runner/rom/TOSEC/MSX/TurboR/Games/Fray - In Magical Adventure (1990)(Micro Cabin)(JP)(Disk 3 of 5)(Opening Disk 2).png</titleshot><thumbnail>~/../thumbs/Microsoft - MSX2/Named_Boxarts//home/runner/rom/TOSEC/MSX/TurboR/Games/Fray - In Magical Adventure (1990)(Micro Cabin)(JP)(Disk 3 of 5)(Opening Disk 2).png</thumbnail><marquee>~/../thumbs/Microsoft - MSX2/Named_Logos//home/runner/rom/TOSEC/MSX/TurboR/Games/Fray - In Magical Adventure (1990)(Micro Cabin)(JP)(Disk 3 of 5)(Opening Disk 2).png</marquee><hidden>true</hidden></game>
<game><path>./MSX TurboR//home/runner/rom/TOSEC/MSX/TurboR/Games/Fray - In Magical Adventure (1990)(Micro Cabin)(JP)(Disk 3 of 5)(Opening Disk 2)[a].zip</path><name>/home/runner/rom/TOSEC/MSX/TurboR/Games/Fray - In Magical Adventure (1990)(Micro Cabin)(JP)(Disk 3 of 5)(Opening Disk 2)[a]</name><image>~/../thumbs/Microsoft - MSX2/Named_Snaps//home/runner/rom/TOSEC/MSX/TurboR/Games/Fray - In Magical Adventure (1990)(Micro Cabin)(JP)(Disk 3 of 5)(Opening Disk 2)[a].png</image><titleshot>~/../thumbs/Microsoft - MSX2/Named_Titles//home/runner/rom/TOSEC/MSX/TurboR/Games/Fray - In Magical Adventure (1990)(Micro Cabin)(JP)(Disk 3 of 5)(Opening Disk 2)[a].png</titleshot><thumbnail>~/../thumbs/Microsoft - MSX2/Named_Boxarts//home/runner/rom/TOSEC/MSX/TurboR/Games/Fray - In Magical Adventure (1990)(Micro Cabin)(JP)(Disk 3 of 5)(Opening Disk 2)[a].png</thumbnail><marquee>~/../thumbs/Microsoft - MSX2/Named_Logos//home/runner/rom/TOSEC/MSX/TurboR/Games/Fray - In Magical Adventure (1990)(Micro Cabin)(JP)(Disk 3 of 5)(Opening Disk 2)[a].png</marquee><hidden>true</hidden></game>
<game><path>./MSX TurboR//home/runner/rom/TOSEC/MSX/TurboR/Games/Fray - In Magical Adventure (1990)(Micro Cabin)(JP)(Disk 4 of 5)(Game Disk 0).zip</path><name>/home/runner/rom/TOSEC/MSX/TurboR/Games/Fray - In Magical Adventure (1990)(Micro Cabin)(JP)(Disk 4 of 5)(Game Disk 0)</name><image>~/../thumbs/Microsoft - MSX2/Named_Snaps//home/runner/rom/TOSEC/MSX/TurboR/Games/Fray - In Magical Adventure (1990)(Micro Cabin)(JP)(Disk 4 of 5)(Game Disk 0).png</image><titleshot>~/../thumbs/Microsoft - MSX2/Named_Titles//home/runner/rom/TOSEC/MSX/TurboR/Games/Fray - In Magical Adventure (1990)(Micro Cabin)(JP)(Disk 4 of 5)(Game Disk 0).png</titleshot><thumbnail>~/../thumbs/Microsoft - MSX2/Named_Boxarts//home/runner/rom/TOSEC/MSX/TurboR/Games/Fray - In Magical Adventure (1990)(Micro Cabin)(JP)(Disk 4 of 5)(Game Disk 0).png</thumbnail><marquee>~/../thumbs/Microsoft - MSX2/Named_Logos//home/runner/rom/TOSEC/MSX/TurboR/Games/Fray - In Magical Adventure (1990)(Micro Cabin)(JP)(Disk 4 of 5)(Game Disk 0).png</marquee><hidden>true</hidden></game>
<game><path>./MSX TurboR//home/runner/rom/TOSEC/MSX/TurboR/Games/Fray - In Magical Adventure (1990)(Micro Cabin)(JP)(Disk 4 of 5)(Game Disk 0)[a2].zip</path><name>/home/runner/rom/TOSEC/MSX/TurboR/Games/Fray - In Magical Adventure (1990)(Micro Cabin)(JP)(Disk 4 of 5)(Game Disk 0)[a2]</name><image>~/../thumbs/Microsoft - MSX2/Named_Snaps//home/runner/rom/TOSEC/MSX/TurboR/Games/Fray - In Magical Adventure (1990)(Micro Cabin)(JP)(Disk 4 of 5)(Game Disk 0)[a2].png</image><titleshot>~/../thumbs/Microsoft - MSX2/Named_Titles//home/runner/rom/TOSEC/MSX/TurboR/Games/Fray - In Magical Adventure (1990)(Micro Cabin)(JP)(Disk 4 of 5)(Game Disk 0)[a2].png</titleshot><thumbnail>~/../thumbs/Microsoft - MSX2/Named_Boxarts//home/runner/rom/TOSEC/MSX/TurboR/Games/Fray - In Magical Adventure (1990)(Micro Cabin)(JP)(Disk 4 of 5)(Game Disk 0)[a2].png</thumbnail><marquee>~/../thumbs/Microsoft - MSX2/Named_Logos//home/runner/rom/TOSEC/MSX/TurboR/Games/Fray - In Magical Adventure (1990)(Micro Cabin)(JP)(Disk 4 of 5)(Game Disk 0)[a2].png</marquee><hidden>true</hidden></game>
<game><path>./MSX TurboR//home/runner/rom/TOSEC/MSX/TurboR/Games/Fray - In Magical Adventure (1990)(Micro Cabin)(JP)(Disk 4 of 5)(Game Disk 0)[a].zip</path><name>/home/runner/rom/TOSEC/MSX/TurboR/Games/Fray - In Magical Adventure (1990)(Micro Cabin)(JP)(Disk 4 of 5)(Game Disk 0)[a]</name><image>~/../thumbs/Microsoft - MSX2/Named_Snaps//home/runner/rom/TOSEC/MSX/TurboR/Games/Fray - In Magical Adventure (1990)(Micro Cabin)(JP)(Disk 4 of 5)(Game Disk 0)[a].png</image><titleshot>~/../thumbs/Microsoft - MSX2/Named_Titles//home/runner/rom/TOSEC/MSX/TurboR/Games/Fray - In Magical Adventure (1990)(Micro Cabin)(JP)(Disk 4 of 5)(Game Disk 0)[a].png</titleshot><thumbnail>~/../thumbs/Microsoft - MSX2/Named_Boxarts//home/runner/rom/TOSEC/MSX/TurboR/Games/Fray - In Magical Adventure (1990)(Micro Cabin)(JP)(Disk 4 of 5)(Game Disk 0)[a].png</thumbnail><marquee>~/../thumbs/Microsoft - MSX2/Named_Logos//home/runner/rom/TOSEC/MSX/TurboR/Games/Fray - In Magical Adventure (1990)(Micro Cabin)(JP)(Disk 4 of 5)(Game Disk 0)[a].png</marquee><hidden>true</hidden></game>
<game><path>./MSX TurboR//home/runner/rom/TOSEC/MSX/TurboR/Games/Fray - In Magical Adventure (1990)(Micro Cabin)(JP)(Disk 4 of 5)(Game Disk 0)[b].zip</path><name>/home/runner/rom/TOSEC/MSX/TurboR/Games/Fray - In Magical Adventure (1990)(Micro Cabin)(JP)(Disk 4 of 5)(Game Disk 0)[b]</name><image>~/../thumbs/Microsoft - MSX2/Named_Snaps//home/runner/rom/TOSEC/MSX/TurboR/Games/Fray - In Magical Adventure (1990)(Micro Cabin)(JP)(Disk 4 of 5)(Game Disk 0)[b].png</image><titleshot>~/../thumbs/Microsoft - MSX2/Named_Titles//home/runner/rom/TOSEC/MSX/TurboR/Games/Fray - In Magical Adventure (1990)(Micro Cabin)(JP)(Disk 4 of 5)(Game Disk 0)[b].png</titleshot><thumbnail>~/../thumbs/Microsoft - MSX2/Named_Boxarts//home/runner/rom/TOSEC/MSX/TurboR/Games/Fray - In Magical Adventure (1990)(Micro Cabin)(JP)(Disk 4 of 5)(Game Disk 0)[b].png</thumbnail><marquee>~/../thumbs/Microsoft - MSX2/Named_Logos//home/runner/rom/TOSEC/MSX/TurboR/Games/Fray - In Magical Adventure (1990)(Micro Cabin)(JP)(Disk 4 of 5)(Game Disk 0)[b].png</marquee><hidden>true</hidden></game>
<game><path>./MSX TurboR//home/runner/rom/TOSEC/MSX/TurboR/Games/Fray - In Magical Adventure (1990)(Micro Cabin)(JP)(Disk 5 of 5)(Game Disk 1).zip</path><name>/home/runner/rom/TOSEC/MSX/TurboR/Games/Fray - In Magical Adventure (1990)(Micro Cabin)(JP)(Disk 5 of 5)(Game Disk 1)</name><image>~/../thumbs/Microsoft - MSX2/Named_Snaps//home/runner/rom/TOSEC/MSX/TurboR/Games/Fray - In Magical Adventure (1990)(Micro Cabin)(JP)(Disk 5 of 5)(Game Disk 1).png</image><titleshot>~/../thumbs/Microsoft - MSX2/Named_Titles//home/runner/rom/TOSEC/MSX/TurboR/Games/Fray - In Magical Adventure (1990)(Micro Cabin)(JP)(Disk 5 of 5)(Game Disk 1).png</titleshot><thumbnail>~/../thumbs/Microsoft - MSX2/Named_Boxarts//home/runner/rom/TOSEC/MSX/TurboR/Games/Fray - In Magical Adventure (1990)(Micro Cabin)(JP)(Disk 5 of 5)(Game Disk 1).png</thumbnail><marquee>~/../thumbs/Microsoft - MSX2/Named_Logos//home/runner/rom/TOSEC/MSX/TurboR/Games/Fray - In Magical Adventure (1990)(Micro Cabin)(JP)(Disk 5 of 5)(Game Disk 1).png</marquee><hidden>true</hidden></game>
<game><path>./MSX TurboR//home/runner/rom/TOSEC/MSX/TurboR/Games/Fray - In Magical Adventure (1990)(Micro Cabin)(JP)(Disk 5 of 5)(Game Disk 1)[a].zip</path><name>/home/runner/rom/TOSEC/MSX/TurboR/Games/Fray - In Magical Adventure (1990)(Micro Cabin)(JP)(Disk 5 of 5)(Game Disk 1)[a]</name><image>~/../thumbs/Microsoft - MSX2/Named_Snaps//home/runner/rom/TOSEC/MSX/TurboR/Games/Fray - In Magical Adventure (1990)(Micro Cabin)(JP)(Disk 5 of 5)(Game Disk 1)[a].png</image><titleshot>~/../thumbs/Microsoft - MSX2/Named_Titles//home/runner/rom/TOSEC/MSX/TurboR/Games/Fray - In Magical Adventure (1990)(Micro Cabin)(JP)(Disk 5 of 5)(Game Disk 1)[a].png</titleshot><thumbnail>~/../thumbs/Microsoft - MSX2/Named_Boxarts//home/runner/rom/TOSEC/MSX/TurboR/Games/Fray - In Magical Adventure (1990)(Micro Cabin)(JP)(Disk 5 of 5)(Game Disk 1)[a].png</thumbnail><marquee>~/../thumbs/Microsoft - MSX2/Named_Logos//home/runner/rom/TOSEC/MSX/TurboR/Games/Fray - In Magical Adventure (1990)(Micro Cabin)(JP)(Disk 5 of 5)(Game Disk 1)[a].png</marquee><hidden>true</hidden></game>
<game><path>./MSX TurboR//home/runner/rom/TOSEC/MSX/TurboR/Games/Fray - In Magical Adventure (1990)(Micro Cabin)(JP)(Disk 5 of 5)(Game Disk 1)[b].zip</path><name>/home/runner/rom/TOSEC/MSX/TurboR/Games/Fray - In Magical Adventure (1990)(Micro Cabin)(JP)(Disk 5 of 5)(Game Disk 1)[b]</name><image>~/../thumbs/Microsoft - MSX2/Named_Snaps//home/runner/rom/TOSEC/MSX/TurboR/Games/Fray - In Magical Adventure (1990)(Micro Cabin)(JP)(Disk 5 of 5)(Game Disk 1)[b].png</image><titleshot>~/../thumbs/Microsoft - MSX2/Named_Titles//home/runner/rom/TOSEC/MSX/TurboR/Games/Fray - In Magical Adventure (1990)(Micro Cabin)(JP)(Disk 5 of 5)(Game Disk 1)[b].png</titleshot><thumbnail>~/../thumbs/Microsoft - MSX2/Named_Boxarts//home/runner/rom/TOSEC/MSX/TurboR/Games/Fray - In Magical Adventure (1990)(Micro Cabin)(JP)(Disk 5 of 5)(Game Disk 1)[b].png</thumbnail><marquee>~/../thumbs/Microsoft - MSX2/Named_Logos//home/runner/rom/TOSEC/MSX/TurboR/Games/Fray - In Magical Adventure (1990)(Micro Cabin)(JP)(Disk 5 of 5)(Game Disk 1)[b].png</marquee><hidden>true</hidden></game>
<game><path>./MSX TurboR//home/runner/rom/TOSEC/MSX/TurboR/Games/Gun Shot vs Festa Again (2001)(Rabbit Soft Worker's)(JP).zip</path><name>/home/runner/rom/TOSEC/MSX/TurboR/Games/Gun Shot vs Festa Again (2001)(Rabbit Soft Worker's)(JP)</name><image>~/../thumbs/Microsoft - MSX2/Named_Snaps//home/runner/rom/TOSEC/MSX/TurboR/Games/Gun Shot vs Festa Again (2001)(Rabbit Soft Worker's)(JP).png</image><titleshot>~/../thumbs/Microsoft - MSX2/Named_Titles//home/runner/rom/TOSEC/MSX/TurboR/Games/Gun Shot vs Festa Again (2001)(Rabbit Soft Worker's)(JP).png</titleshot><thumbnail>~/../thumbs/Microsoft - MSX2/Named_Boxarts//home/runner/rom/TOSEC/MSX/TurboR/Games/Gun Shot vs Festa Again (2001)(Rabbit Soft Worker's)(JP).png</thumbnail><marquee>~/../thumbs/Microsoft - MSX2/Named_Logos//home/runner/rom/TOSEC/MSX/TurboR/Games/Gun Shot vs Festa Again (2001)(Rabbit Soft Worker's)(JP).png</marquee></game>
<game><path>./MSX TurboR//home/runner/rom/TOSEC/MSX/TurboR/Games/Illusion City (1991)(Micro Cabin)(Disk 01 of 13)(Game Disk 1).zip</path><name>/home/runner/rom/TOSEC/MSX/TurboR/Games/Illusion City (1991)(Micro Cabin)(Disk 01 of 13)(Game Disk 1)</name><image>~/../thumbs/Microsoft - MSX2/Named_Snaps//home/runner/rom/TOSEC/MSX/TurboR/Games/Illusion City (1991)(Micro Cabin)(Disk 01 of 13)(Game Disk 1).png</image><titleshot>~/../thumbs/Microsoft - MSX2/Named_Titles//home/runner/rom/TOSEC/MSX/TurboR/Games/Illusion City (1991)(Micro Cabin)(Disk 01 of 13)(Game Disk 1).png</titleshot><thumbnail>~/../thumbs/Microsoft - MSX2/Named_Boxarts//home/runner/rom/TOSEC/MSX/TurboR/Games/Illusion City (1991)(Micro Cabin)(Disk 01 of 13)(Game Disk 1).png</thumbnail><marquee>~/../thumbs/Microsoft - MSX2/Named_Logos//home/runner/rom/TOSEC/MSX/TurboR/Games/Illusion City (1991)(Micro Cabin)(Disk 01 of 13)(Game Disk 1).png</marquee></game>
<game><path>./MSX TurboR//home/runner/rom/TOSEC/MSX/TurboR/Games/Illusion City (1991)(Micro Cabin)(Disk 02 of 13)(Game Disk 2).zip</path><name>/home/runner/rom/TOSEC/MSX/TurboR/Games/Illusion City (1991)(Micro Cabin)(Disk 02 of 13)(Game Disk 2)</name><image>~/../thumbs/Microsoft - MSX2/Named_Snaps//home/runner/rom/TOSEC/MSX/TurboR/Games/Illusion City (1991)(Micro Cabin)(Disk 02 of 13)(Game Disk 2).png</image><titleshot>~/../thumbs/Microsoft - MSX2/Named_Titles//home/runner/rom/TOSEC/MSX/TurboR/Games/Illusion City (1991)(Micro Cabin)(Disk 02 of 13)(Game Disk 2).png</titleshot><thumbnail>~/../thumbs/Microsoft - MSX2/Named_Boxarts//home/runner/rom/TOSEC/MSX/TurboR/Games/Illusion City (1991)(Micro Cabin)(Disk 02 of 13)(Game Disk 2).png</thumbnail><marquee>~/../thumbs/Microsoft - MSX2/Named_Logos//home/runner/rom/TOSEC/MSX/TurboR/Games/Illusion City (1991)(Micro Cabin)(Disk 02 of 13)(Game Disk 2).png</marquee></game>
<game><path>./MSX TurboR//home/runner/rom/TOSEC/MSX/TurboR/Games/Illusion City (1991)(Micro Cabin)(JP)(Disk 01 of 13)(Game Disk 1).zip</path><name>/home/runner/rom/TOSEC/MSX/TurboR/Games/Illusion City (1991)(Micro Cabin)(JP)(Disk 01 of 13)(Game Disk 1)</name><image>~/../thumbs/Microsoft - MSX2/Named_Snaps//home/runner/rom/TOSEC/MSX/TurboR/Games/Illusion City (1991)(Micro Cabin)(JP)(Disk 01 of 13)(Game Disk 1).png</image><titleshot>~/../thumbs/Microsoft - MSX2/Named_Titles//home/runner/rom/TOSEC/MSX/TurboR/Games/Illusion City (1991)(Micro Cabin)(JP)(Disk 01 of 13)(Game Disk 1).png</titleshot><thumbnail>~/../thumbs/Microsoft - MSX2/Named_Boxarts//home/runner/rom/TOSEC/MSX/TurboR/Games/Illusion City (1991)(Micro Cabin)(JP)(Disk 01 of 13)(Game Disk 1).png</thumbnail><marquee>~/../thumbs/Microsoft - MSX2/Named_Logos//home/runner/rom/TOSEC/MSX/TurboR/Games/Illusion City (1991)(Micro Cabin)(JP)(Disk 01 of 13)(Game Disk 1).png</marquee></game>
<game><path>./MSX TurboR//home/runner/rom/TOSEC/MSX/TurboR/Games/Illusion City (1991)(Micro Cabin)(JP)(Disk 01 of 13)(Game Disk 1)[a].zip</path><name>/home/runner/rom/TOSEC/MSX/TurboR/Games/Illusion City (1991)(Micro Cabin)(JP)(Disk 01 of 13)(Game Disk 1)[a]</name><image>~/../thumbs/Microsoft - MSX2/Named_Snaps//home/runner/rom/TOSEC/MSX/TurboR/Games/Illusion City (1991)(Micro Cabin)(JP)(Disk 01 of 13)(Game Disk 1)[a].png</image><titleshot>~/../thumbs/Microsoft - MSX2/Named_Titles//home/runner/rom/TOSEC/MSX/TurboR/Games/Illusion City (1991)(Micro Cabin)(JP)(Disk 01 of 13)(Game Disk 1)[a].png</titleshot><thumbnail>~/../thumbs/Microsoft - MSX2/Named_Boxarts//home/runner/rom/TOSEC/MSX/TurboR/Games/Illusion City (1991)(Micro Cabin)(JP)(Disk 01 of 13)(Game Disk 1)[a].png</thumbnail><marquee>~/../thumbs/Microsoft - MSX2/Named_Logos//home/runner/rom/TOSEC/MSX/TurboR/Games/Illusion City (1991)(Micro Cabin)(JP)(Disk 01 of 13)(Game Disk 1)[a].png</marquee><hidden>true</hidden></game>
<game><path>./MSX TurboR//home/runner/rom/TOSEC/MSX/TurboR/Games/Illusion City (1991)(Micro Cabin)(JP)(Disk 01 of 13)(Game Disk 1)[b].zip</path><name>/home/runner/rom/TOSEC/MSX/TurboR/Games/Illusion City (1991)(Micro Cabin)(JP)(Disk 01 of 13)(Game Disk 1)[b]</name><image>~/../thumbs/Microsoft - MSX2/Named_Snaps//home/runner/rom/TOSEC/MSX/TurboR/Games/Illusion City (1991)(Micro Cabin)(JP)(Disk 01 of 13)(Game Disk 1)[b].png</image><titleshot>~/../thumbs/Microsoft - MSX2/Named_Titles//home/runner/rom/TOSEC/MSX/TurboR/Games/Illusion City (1991)(Micro Cabin)(JP)(Disk 01 of 13)(Game Disk 1)[b].png</titleshot><thumbnail>~/../thumbs/Microsoft - MSX2/Named_Boxarts//home/runner/rom/TOSEC/MSX/TurboR/Games/Illusion City (1991)(Micro Cabin)(JP)(Disk 01 of 13)(Game Disk 1)[b].png</thumbnail><marquee>~/../thumbs/Microsoft - MSX2/Named_Logos//home/runner/rom/TOSEC/MSX/TurboR/Games/Illusion City (1991)(Micro Cabin)(JP)(Disk 01 of 13)(Game Disk 1)[b].png</marquee><hidden>true</hidden></game>
<game><path>./MSX TurboR//home/runner/rom/TOSEC/MSX/TurboR/Games/Illusion City (1991)(Micro Cabin)(JP)(Disk 02 of 13)(Game Disk 2).zip</path><name>/home/runner/rom/TOSEC/MSX/TurboR/Games/Illusion City (1991)(Micro Cabin)(JP)(Disk 02 of 13)(Game Disk 2)</name><image>~/../thumbs/Microsoft - MSX2/Named_Snaps//home/runner/rom/TOSEC/MSX/TurboR/Games/Illusion City (1991)(Micro Cabin)(JP)(Disk 02 of 13)(Game Disk 2).png</image><titleshot>~/../thumbs/Microsoft - MSX2/Named_Titles//home/runner/rom/TOSEC/MSX/TurboR/Games/Illusion City (1991)(Micro Cabin)(JP)(Disk 02 of 13)(Game Disk 2).png</titleshot><thumbnail>~/../thumbs/Microsoft - MSX2/Named_Boxarts//home/runner/rom/TOSEC/MSX/TurboR/Games/Illusion City (1991)(Micro Cabin)(JP)(Disk 02 of 13)(Game Disk 2).png</thumbnail><marquee>~/../thumbs/Microsoft - MSX2/Named_Logos//home/runner/rom/TOSEC/MSX/TurboR/Games/Illusion City (1991)(Micro Cabin)(JP)(Disk 02 of 13)(Game Disk 2).png</marquee></game>
<game><path>./MSX TurboR//home/runner/rom/TOSEC/MSX/TurboR/Games/Illusion City (1991)(Micro Cabin)(JP)(Disk 03 of 13)(Game Disk 3).zip</path><name>/home/runner/rom/TOSEC/MSX/TurboR/Games/Illusion City (1991)(Micro Cabin)(JP)(Disk 03 of 13)(Game Disk 3)</name><image>~/../thumbs/Microsoft - MSX2/Named_Snaps//home/runner/rom/TOSEC/MSX/TurboR/Games/Illusion City (1991)(Micro Cabin)(JP)(Disk 03 of 13)(Game Disk 3).png</image><titleshot>~/../thumbs/Microsoft - MSX2/Named_Titles//home/runner/rom/TOSEC/MSX/TurboR/Games/Illusion City (1991)(Micro Cabin)(JP)(Disk 03 of 13)(Game Disk 3).png</titleshot><thumbnail>~/../thumbs/Microsoft - MSX2/Named_Boxarts//home/runner/rom/TOSEC/MSX/TurboR/Games/Illusion City (1991)(Micro Cabin)(JP)(Disk 03 of 13)(Game Disk 3).png</thumbnail><marquee>~/../thumbs/Microsoft - MSX2/Named_Logos//home/runner/rom/TOSEC/MSX/TurboR/Games/Illusion City (1991)(Micro Cabin)(JP)(Disk 03 of 13)(Game Disk 3).png</marquee></game>
<game><path>./MSX TurboR//home/runner/rom/TOSEC/MSX/TurboR/Games/Illusion City (1991)(Micro Cabin)(JP)(Disk 04 of 13)(Game Disk 4).zip</path><name>/home/runner/rom/TOSEC/MSX/TurboR/Games/Illusion City (1991)(Micro Cabin)(JP)(Disk 04 of 13)(Game Disk 4)</name><image>~/../thumbs/Microsoft - MSX2/Named_Snaps//home/runner/rom/TOSEC/MSX/TurboR/Games/Illusion City (1991)(Micro Cabin)(JP)(Disk 04 of 13)(Game Disk 4).png</image><titleshot>~/../thumbs/Microsoft - MSX2/Named_Titles//home/runner/rom/TOSEC/MSX/TurboR/Games/Illusion City (1991)(Micro Cabin)(JP)(Disk 04 of 13)(Game Disk 4).png</titleshot><thumbnail>~/../thumbs/Microsoft - MSX2/Named_Boxarts//home/runner/rom/TOSEC/MSX/TurboR/Games/Illusion City (1991)(Micro Cabin)(JP)(Disk 04 of 13)(Game Disk 4).png</thumbnail><marquee>~/../thumbs/Microsoft - MSX2/Named_Logos//home/runner/rom/TOSEC/MSX/TurboR/Games/Illusion City (1991)(Micro Cabin)(JP)(Disk 04 of 13)(Game Disk 4).png</marquee></game>
<game><path>./MSX TurboR//home/runner/rom/TOSEC/MSX/TurboR/Games/Illusion City (1991)(Micro Cabin)(JP)(Disk 05 of 13)(Game Disk 5).zip</path><name>/home/runner/rom/TOSEC/MSX/TurboR/Games/Illusion City (1991)(Micro Cabin)(JP)(Disk 05 of 13)(Game Disk 5)</name><image>~/../thumbs/Microsoft - MSX2/Named_Snaps//home/runner/rom/TOSEC/MSX/TurboR/Games/Illusion City (1991)(Micro Cabin)(JP)(Disk 05 of 13)(Game Disk 5).png</image><titleshot>~/../thumbs/Microsoft - MSX2/Named_Titles//home/runner/rom/TOSEC/MSX/TurboR/Games/Illusion City (1991)(Micro Cabin)(JP)(Disk 05 of 13)(Game Disk 5).png</titleshot><thumbnail>~/../thumbs/Microsoft - MSX2/Named_Boxarts//home/runner/rom/TOSEC/MSX/TurboR/Games/Illusion City (1991)(Micro Cabin)(JP)(Disk 05 of 13)(Game Disk 5).png</thumbnail><marquee>~/../thumbs/Microsoft - MSX2/Named_Logos//home/runner/rom/TOSEC/MSX/TurboR/Games/Illusion City (1991)(Micro Cabin)(JP)(Disk 05 of 13)(Game Disk 5).png</marquee></game>
<game><path>./MSX TurboR//home/runner/rom/TOSEC/MSX/TurboR/Games/Illusion City (1991)(Micro Cabin)(JP)(Disk 06 of 13)(Game Disk 6).zip</path><name>/home/runner/rom/TOSEC/MSX/TurboR/Games/Illusion City (1991)(Micro Cabin)(JP)(Disk 06 of 13)(Game Disk 6)</name><image>~/../thumbs/Microsoft - MSX2/Named_Snaps//home/runner/rom/TOSEC/MSX/TurboR/Games/Illusion City (1991)(Micro Cabin)(JP)(Disk 06 of 13)(Game Disk 6).png</image><titleshot>~/../thumbs/Microsoft - MSX2/Named_Titles//home/runner/rom/TOSEC/MSX/TurboR/Games/Illusion City (1991)(Micro Cabin)(JP)(Disk 06 of 13)(Game Disk 6).png</titleshot><thumbnail>~/../thumbs/Microsoft - MSX2/Named_Boxarts//home/runner/rom/TOSEC/MSX/TurboR/Games/Illusion City (1991)(Micro Cabin)(JP)(Disk 06 of 13)(Game Disk 6).png</thumbnail><marquee>~/../thumbs/Microsoft - MSX2/Named_Logos//home/runner/rom/TOSEC/MSX/TurboR/Games/Illusion City (1991)(Micro Cabin)(JP)(Disk 06 of 13)(Game Disk 6).png</marquee></game>
<game><path>./MSX TurboR//home/runner/rom/TOSEC/MSX/TurboR/Games/Illusion City (1991)(Micro Cabin)(JP)(Disk 07 of 13)(Game Disk 7).zip</path><name>/home/runner/rom/TOSEC/MSX/TurboR/Games/Illusion City (1991)(Micro Cabin)(JP)(Disk 07 of 13)(Game Disk 7)</name><image>~/../thumbs/Microsoft - MSX2/Named_Snaps//home/runner/rom/TOSEC/MSX/TurboR/Games/Illusion City (1991)(Micro Cabin)(JP)(Disk 07 of 13)(Game Disk 7).png</image><titleshot>~/../thumbs/Microsoft - MSX2/Named_Titles//home/runner/rom/TOSEC/MSX/TurboR/Games/Illusion City (1991)(Micro Cabin)(JP)(Disk 07 of 13)(Game Disk 7).png</titleshot><thumbnail>~/../thumbs/Microsoft - MSX2/Named_Boxarts//home/runner/rom/TOSEC/MSX/TurboR/Games/Illusion City (1991)(Micro Cabin)(JP)(Disk 07 of 13)(Game Disk 7).png</thumbnail><marquee>~/../thumbs/Microsoft - MSX2/Named_Logos//home/runner/rom/TOSEC/MSX/TurboR/Games/Illusion City (1991)(Micro Cabin)(JP)(Disk 07 of 13)(Game Disk 7).png</marquee></game>
<game><path>./MSX TurboR//home/runner/rom/TOSEC/MSX/TurboR/Games/Illusion City (1991)(Micro Cabin)(JP)(Disk 08 of 13)(Game Disk 8).zip</path><name>/home/runner/rom/TOSEC/MSX/TurboR/Games/Illusion City (1991)(Micro Cabin)(JP)(Disk 08 of 13)(Game Disk 8)</name><image>~/../thumbs/Microsoft - MSX2/Named_Snaps//home/runner/rom/TOSEC/MSX/TurboR/Games/Illusion City (1991)(Micro Cabin)(JP)(Disk 08 of 13)(Game Disk 8).png</image><titleshot>~/../thumbs/Microsoft - MSX2/Named_Titles//home/runner/rom/TOSEC/MSX/TurboR/Games/Illusion City (1991)(Micro Cabin)(JP)(Disk 08 of 13)(Game Disk 8).png</titleshot><thumbnail>~/../thumbs/Microsoft - MSX2/Named_Boxarts//home/runner/rom/TOSEC/MSX/TurboR/Games/Illusion City (1991)(Micro Cabin)(JP)(Disk 08 of 13)(Game Disk 8).png</thumbnail><marquee>~/../thumbs/Microsoft - MSX2/Named_Logos//home/runner/rom/TOSEC/MSX/TurboR/Games/Illusion City (1991)(Micro Cabin)(JP)(Disk 08 of 13)(Game Disk 8).png</marquee></game>
<game><path>./MSX TurboR//home/runner/rom/TOSEC/MSX/TurboR/Games/Illusion City (1991)(Micro Cabin)(JP)(Disk 10 of 13)(Data Disk 1).zip</path><name>/home/runner/rom/TOSEC/MSX/TurboR/Games/Illusion City (1991)(Micro Cabin)(JP)(Disk 10 of 13)(Data Disk 1)</name><image>~/../thumbs/Microsoft - MSX2/Named_Snaps//home/runner/rom/TOSEC/MSX/TurboR/Games/Illusion City (1991)(Micro Cabin)(JP)(Disk 10 of 13)(Data Disk 1).png</image><titleshot>~/../thumbs/Microsoft - MSX2/Named_Titles//home/runner/rom/TOSEC/MSX/TurboR/Games/Illusion City (1991)(Micro Cabin)(JP)(Disk 10 of 13)(Data Disk 1).png</titleshot><thumbnail>~/../thumbs/Microsoft - MSX2/Named_Boxarts//home/runner/rom/TOSEC/MSX/TurboR/Games/Illusion City (1991)(Micro Cabin)(JP)(Disk 10 of 13)(Data Disk 1).png</thumbnail><marquee>~/../thumbs/Microsoft - MSX2/Named_Logos//home/runner/rom/TOSEC/MSX/TurboR/Games/Illusion City (1991)(Micro Cabin)(JP)(Disk 10 of 13)(Data Disk 1).png</marquee></game>
<game><path>./MSX TurboR//home/runner/rom/TOSEC/MSX/TurboR/Games/Illusion City (1991)(Micro Cabin)(JP)(Disk 11 of 13)(Data Disk 2).zip</path><name>/home/runner/rom/TOSEC/MSX/TurboR/Games/Illusion City (1991)(Micro Cabin)(JP)(Disk 11 of 13)(Data Disk 2)</name><image>~/../thumbs/Microsoft - MSX2/Named_Snaps//home/runner/rom/TOSEC/MSX/TurboR/Games/Illusion City (1991)(Micro Cabin)(JP)(Disk 11 of 13)(Data Disk 2).png</image><titleshot>~/../thumbs/Microsoft - MSX2/Named_Titles//home/runner/rom/TOSEC/MSX/TurboR/Games/Illusion City (1991)(Micro Cabin)(JP)(Disk 11 of 13)(Data Disk 2).png</titleshot><thumbnail>~/../thumbs/Microsoft - MSX2/Named_Boxarts//home/runner/rom/TOSEC/MSX/TurboR/Games/Illusion City (1991)(Micro Cabin)(JP)(Disk 11 of 13)(Data Disk 2).png</thumbnail><marquee>~/../thumbs/Microsoft - MSX2/Named_Logos//home/runner/rom/TOSEC/MSX/TurboR/Games/Illusion City (1991)(Micro Cabin)(JP)(Disk 11 of 13)(Data Disk 2).png</marquee></game>
<game><path>./MSX TurboR//home/runner/rom/TOSEC/MSX/TurboR/Games/Illusion City (1991)(Micro Cabin)(JP)(Disk 12 of 13)(Data Disk 3).zip</path><name>/home/runner/rom/TOSEC/MSX/TurboR/Games/Illusion City (1991)(Micro Cabin)(JP)(Disk 12 of 13)(Data Disk 3)</name><image>~/../thumbs/Microsoft - MSX2/Named_Snaps//home/runner/rom/TOSEC/MSX/TurboR/Games/Illusion City (1991)(Micro Cabin)(JP)(Disk 12 of 13)(Data Disk 3).png</image><titleshot>~/../thumbs/Microsoft - MSX2/Named_Titles//home/runner/rom/TOSEC/MSX/TurboR/Games/Illusion City (1991)(Micro Cabin)(JP)(Disk 12 of 13)(Data Disk 3).png</titleshot><thumbnail>~/../thumbs/Microsoft - MSX2/Named_Boxarts//home/runner/rom/TOSEC/MSX/TurboR/Games/Illusion City (1991)(Micro Cabin)(JP)(Disk 12 of 13)(Data Disk 3).png</thumbnail><marquee>~/../thumbs/Microsoft - MSX2/Named_Logos//home/runner/rom/TOSEC/MSX/TurboR/Games/Illusion City (1991)(Micro Cabin)(JP)(Disk 12 of 13)(Data Disk 3).png</marquee></game>
<game><path>./MSX TurboR//home/runner/rom/TOSEC/MSX/TurboR/Games/Illusion City (1991)(Micro Cabin)(JP)(Disk 13 of 13)(Data Disk 4).zip</path><name>/home/runner/rom/TOSEC/MSX/TurboR/Games/Illusion City (1991)(Micro Cabin)(JP)(Disk 13 of 13)(Data Disk 4)</name><image>~/../thumbs/Microsoft - MSX2/Named_Snaps//home/runner/rom/TOSEC/MSX/TurboR/Games/Illusion City (1991)(Micro Cabin)(JP)(Disk 13 of 13)(Data Disk 4).png</image><titleshot>~/../thumbs/Microsoft - MSX2/Named_Titles//home/runner/rom/TOSEC/MSX/TurboR/Games/Illusion City (1991)(Micro Cabin)(JP)(Disk 13 of 13)(Data Disk 4).png</titleshot><thumbnail>~/../thumbs/Microsoft - MSX2/Named_Boxarts//home/runner/rom/TOSEC/MSX/TurboR/Games/Illusion City (1991)(Micro Cabin)(JP)(Disk 13 of 13)(Data Disk 4).png</thumbnail><marquee>~/../thumbs/Microsoft - MSX2/Named_Logos//home/runner/rom/TOSEC/MSX/TurboR/Games/Illusion City (1991)(Micro Cabin)(JP)(Disk 13 of 13)(Data Disk 4).png</marquee></game>
<game><path>./MSX TurboR//home/runner/rom/TOSEC/MSX/TurboR/Games/Moonlight Saga (1996)(Maple Yard)(JP).zip</path><name>/home/runner/rom/TOSEC/MSX/TurboR/Games/Moonlight Saga (1996)(Maple Yard)(JP)</name><image>~/../thumbs/Microsoft - MSX2/Named_Snaps//home/runner/rom/TOSEC/MSX/TurboR/Games/Moonlight Saga (1996)(Maple Yard)(JP).png</image><titleshot>~/../thumbs/Microsoft - MSX2/Named_Titles//home/runner/rom/TOSEC/MSX/TurboR/Games/Moonlight Saga (1996)(Maple Yard)(JP).png</titleshot><thumbnail>~/../thumbs/Microsoft - MSX2/Named_Boxarts//home/runner/rom/TOSEC/MSX/TurboR/Games/Moonlight Saga (1996)(Maple Yard)(JP).png</thumbnail><marquee>~/../thumbs/Microsoft - MSX2/Named_Logos//home/runner/rom/TOSEC/MSX/TurboR/Games/Moonlight Saga (1996)(Maple Yard)(JP).png</marquee></game>
<game><path>./MSX TurboR//home/runner/rom/TOSEC/MSX/TurboR/Games/Multi-Plex (1993)(MIWA)(JP).zip</path><name>/home/runner/rom/TOSEC/MSX/TurboR/Games/Multi-Plex (1993)(MIWA)(JP)</name><image>~/../thumbs/Microsoft - MSX2/Named_Snaps//home/runner/rom/TOSEC/MSX/TurboR/Games/Multi-Plex (1993)(MIWA)(JP).png</image><titleshot>~/../thumbs/Microsoft - MSX2/Named_Titles//home/runner/rom/TOSEC/MSX/TurboR/Games/Multi-Plex (1993)(MIWA)(JP).png</titleshot><thumbnail>~/../thumbs/Microsoft - MSX2/Named_Boxarts//home/runner/rom/TOSEC/MSX/TurboR/Games/Multi-Plex (1993)(MIWA)(JP).png</thumbnail><marquee>~/../thumbs/Microsoft - MSX2/Named_Logos//home/runner/rom/TOSEC/MSX/TurboR/Games/Multi-Plex (1993)(MIWA)(JP).png</marquee></game>
<game><path>./MSX TurboR//home/runner/rom/TOSEC/MSX/TurboR/Games/Multi-Plex (1993)(MIWA)(JP)[a].zip</path><name>/home/runner/rom/TOSEC/MSX/TurboR/Games/Multi-Plex (1993)(MIWA)(JP)[a]</name><image>~/../thumbs/Microsoft - MSX2/Named_Snaps//home/runner/rom/TOSEC/MSX/TurboR/Games/Multi-Plex (1993)(MIWA)(JP)[a].png</image><titleshot>~/../thumbs/Microsoft - MSX2/Named_Titles//home/runner/rom/TOSEC/MSX/TurboR/Games/Multi-Plex (1993)(MIWA)(JP)[a].png</titleshot><thumbnail>~/../thumbs/Microsoft - MSX2/Named_Boxarts//home/runner/rom/TOSEC/MSX/TurboR/Games/Multi-Plex (1993)(MIWA)(JP)[a].png</thumbnail><marquee>~/../thumbs/Microsoft - MSX2/Named_Logos//home/runner/rom/TOSEC/MSX/TurboR/Games/Multi-Plex (1993)(MIWA)(JP)[a].png</marquee><hidden>true</hidden></game>
<game><path>./MSX TurboR//home/runner/rom/TOSEC/MSX/TurboR/Games/PaRaDream (1992)(RAC House)(JP).zip</path><name>/home/runner/rom/TOSEC/MSX/TurboR/Games/PaRaDream (1992)(RAC House)(JP)</name><image>~/../thumbs/Microsoft - MSX2/Named_Snaps//home/runner/rom/TOSEC/MSX/TurboR/Games/PaRaDream (1992)(RAC House)(JP).png</image><titleshot>~/../thumbs/Microsoft - MSX2/Named_Titles//home/runner/rom/TOSEC/MSX/TurboR/Games/PaRaDream (1992)(RAC House)(JP).png</titleshot><thumbnail>~/../thumbs/Microsoft - MSX2/Named_Boxarts//home/runner/rom/TOSEC/MSX/TurboR/Games/PaRaDream (1992)(RAC House)(JP).png</thumbnail><marquee>~/../thumbs/Microsoft - MSX2/Named_Logos//home/runner/rom/TOSEC/MSX/TurboR/Games/PaRaDream (1992)(RAC House)(JP).png</marquee></game>
<game><path>./MSX TurboR//home/runner/rom/TOSEC/MSX/TurboR/Games/PaRaDream (1992)(RAC House)(JP)[a2].zip</path><name>/home/runner/rom/TOSEC/MSX/TurboR/Games/PaRaDream (1992)(RAC House)(JP)[a2]</name><image>~/../thumbs/Microsoft - MSX2/Named_Snaps//home/runner/rom/TOSEC/MSX/TurboR/Games/PaRaDream (1992)(RAC House)(JP)[a2].png</image><titleshot>~/../thumbs/Microsoft - MSX2/Named_Titles//home/runner/rom/TOSEC/MSX/TurboR/Games/PaRaDream (1992)(RAC House)(JP)[a2].png</titleshot><thumbnail>~/../thumbs/Microsoft - MSX2/Named_Boxarts//home/runner/rom/TOSEC/MSX/TurboR/Games/PaRaDream (1992)(RAC House)(JP)[a2].png</thumbnail><marquee>~/../thumbs/Microsoft - MSX2/Named_Logos//home/runner/rom/TOSEC/MSX/TurboR/Games/PaRaDream (1992)(RAC House)(JP)[a2].png</marquee><hidden>true</hidden></game>
<game><path>./MSX TurboR//home/runner/rom/TOSEC/MSX/TurboR/Games/PaRaDream (1992)(RAC House)(JP)[a].zip</path><name>/home/runner/rom/TOSEC/MSX/TurboR/Games/PaRaDream (1992)(RAC House)(JP)[a]</name><image>~/../thumbs/Microsoft - MSX2/Named_Snaps//home/runner/rom/TOSEC/MSX/TurboR/Games/PaRaDream (1992)(RAC House)(JP)[a].png</image><titleshot>~/../thumbs/Microsoft - MSX2/Named_Titles//home/runner/rom/TOSEC/MSX/TurboR/Games/PaRaDream (1992)(RAC House)(JP)[a].png</titleshot><thumbnail>~/../thumbs/Microsoft - MSX2/Named_Boxarts//home/runner/rom/TOSEC/MSX/TurboR/Games/PaRaDream (1992)(RAC House)(JP)[a].png</thumbnail><marquee>~/../thumbs/Microsoft - MSX2/Named_Logos//home/runner/rom/TOSEC/MSX/TurboR/Games/PaRaDream (1992)(RAC House)(JP)[a].png</marquee><hidden>true</hidden></game>
<game><path>./MSX TurboR//home/runner/rom/TOSEC/MSX/TurboR/Games/PaRaDream (1992)(RAC House)(JP)[b].zip</path><name>/home/runner/rom/TOSEC/MSX/TurboR/Games/PaRaDream (1992)(RAC House)(JP)[b]</name><image>~/../thumbs/Microsoft - MSX2/Named_Snaps//home/runner/rom/TOSEC/MSX/TurboR/Games/PaRaDream (1992)(RAC House)(JP)[b].png</image><titleshot>~/../thumbs/Microsoft - MSX2/Named_Titles//home/runner/rom/TOSEC/MSX/TurboR/Games/PaRaDream (1992)(RAC House)(JP)[b].png</titleshot><thumbnail>~/../thumbs/Microsoft - MSX2/Named_Boxarts//home/runner/rom/TOSEC/MSX/TurboR/Games/PaRaDream (1992)(RAC House)(JP)[b].png</thumbnail><marquee>~/../thumbs/Microsoft - MSX2/Named_Logos//home/runner/rom/TOSEC/MSX/TurboR/Games/PaRaDream (1992)(RAC House)(JP)[b].png</marquee><hidden>true</hidden></game>
<game><path>./MSX TurboR//home/runner/rom/TOSEC/MSX/TurboR/Games/Ranma Nibunnoichi 1-2 (1992)(Bothtec)(JP)(Disk 1 of 8).zip</path><name>/home/runner/rom/TOSEC/MSX/TurboR/Games/Ranma Nibunnoichi 1-2 (1992)(Bothtec)(JP)(Disk 1 of 8)</name><image>~/../thumbs/Microsoft - MSX2/Named_Snaps//home/runner/rom/TOSEC/MSX/TurboR/Games/Ranma Nibunnoichi 1-2 (1992)(Bothtec)(JP)(Disk 1 of 8).png</image><titleshot>~/../thumbs/Microsoft - MSX2/Named_Titles//home/runner/rom/TOSEC/MSX/TurboR/Games/Ranma Nibunnoichi 1-2 (1992)(Bothtec)(JP)(Disk 1 of 8).png</titleshot><thumbnail>~/../thumbs/Microsoft - MSX2/Named_Boxarts//home/runner/rom/TOSEC/MSX/TurboR/Games/Ranma Nibunnoichi 1-2 (1992)(Bothtec)(JP)(Disk 1 of 8).png</thumbnail><marquee>~/../thumbs/Microsoft - MSX2/Named_Logos//home/runner/rom/TOSEC/MSX/TurboR/Games/Ranma Nibunnoichi 1-2 (1992)(Bothtec)(JP)(Disk 1 of 8).png</marquee></game>
<game><path>./MSX TurboR//home/runner/rom/TOSEC/MSX/TurboR/Games/Ranma Nibunnoichi 1-2 (1992)(Bothtec)(JP)(Disk 1 of 8)[a2].zip</path><name>/home/runner/rom/TOSEC/MSX/TurboR/Games/Ranma Nibunnoichi 1-2 (1992)(Bothtec)(JP)(Disk 1 of 8)[a2]</name><image>~/../thumbs/Microsoft - MSX2/Named_Snaps//home/runner/rom/TOSEC/MSX/TurboR/Games/Ranma Nibunnoichi 1-2 (1992)(Bothtec)(JP)(Disk 1 of 8)[a2].png</image><titleshot>~/../thumbs/Microsoft - MSX2/Named_Titles//home/runner/rom/TOSEC/MSX/TurboR/Games/Ranma Nibunnoichi 1-2 (1992)(Bothtec)(JP)(Disk 1 of 8)[a2].png</titleshot><thumbnail>~/../thumbs/Microsoft - MSX2/Named_Boxarts//home/runner/rom/TOSEC/MSX/TurboR/Games/Ranma Nibunnoichi 1-2 (1992)(Bothtec)(JP)(Disk 1 of 8)[a2].png</thumbnail><marquee>~/../thumbs/Microsoft - MSX2/Named_Logos//home/runner/rom/TOSEC/MSX/TurboR/Games/Ranma Nibunnoichi 1-2 (1992)(Bothtec)(JP)(Disk 1 of 8)[a2].png</marquee><hidden>true</hidden></game>
<game><path>./MSX TurboR//home/runner/rom/TOSEC/MSX/TurboR/Games/Ranma Nibunnoichi 1-2 (1992)(Bothtec)(JP)(Disk 1 of 8)[a3].zip</path><name>/home/runner/rom/TOSEC/MSX/TurboR/Games/Ranma Nibunnoichi 1-2 (1992)(Bothtec)(JP)(Disk 1 of 8)[a3]</name><image>~/../thumbs/Microsoft - MSX2/Named_Snaps//home/runner/rom/TOSEC/MSX/TurboR/Games/Ranma Nibunnoichi 1-2 (1992)(Bothtec)(JP)(Disk 1 of 8)[a3].png</image><titleshot>~/../thumbs/Microsoft - MSX2/Named_Titles//home/runner/rom/TOSEC/MSX/TurboR/Games/Ranma Nibunnoichi 1-2 (1992)(Bothtec)(JP)(Disk 1 of 8)[a3].png</titleshot><thumbnail>~/../thumbs/Microsoft - MSX2/Named_Boxarts//home/runner/rom/TOSEC/MSX/TurboR/Games/Ranma Nibunnoichi 1-2 (1992)(Bothtec)(JP)(Disk 1 of 8)[a3].png</thumbnail><marquee>~/../thumbs/Microsoft - MSX2/Named_Logos//home/runner/rom/TOSEC/MSX/TurboR/Games/Ranma Nibunnoichi 1-2 (1992)(Bothtec)(JP)(Disk 1 of 8)[a3].png</marquee><hidden>true</hidden></game>
<game><path>./MSX TurboR//home/runner/rom/TOSEC/MSX/TurboR/Games/Ranma Nibunnoichi 1-2 (1992)(Bothtec)(JP)(Disk 1 of 8)[a].zip</path><name>/home/runner/rom/TOSEC/MSX/TurboR/Games/Ranma Nibunnoichi 1-2 (1992)(Bothtec)(JP)(Disk 1 of 8)[a]</name><image>~/../thumbs/Microsoft - MSX2/Named_Snaps//home/runner/rom/TOSEC/MSX/TurboR/Games/Ranma Nibunnoichi 1-2 (1992)(Bothtec)(JP)(Disk 1 of 8)[a].png</image><titleshot>~/../thumbs/Microsoft - MSX2/Named_Titles//home/runner/rom/TOSEC/MSX/TurboR/Games/Ranma Nibunnoichi 1-2 (1992)(Bothtec)(JP)(Disk 1 of 8)[a].png</titleshot><thumbnail>~/../thumbs/Microsoft - MSX2/Named_Boxarts//home/runner/rom/TOSEC/MSX/TurboR/Games/Ranma Nibunnoichi 1-2 (1992)(Bothtec)(JP)(Disk 1 of 8)[a].png</thumbnail><marquee>~/../thumbs/Microsoft - MSX2/Named_Logos//home/runner/rom/TOSEC/MSX/TurboR/Games/Ranma Nibunnoichi 1-2 (1992)(Bothtec)(JP)(Disk 1 of 8)[a].png</marquee><hidden>true</hidden></game>
<game><path>./MSX TurboR//home/runner/rom/TOSEC/MSX/TurboR/Games/Ranma Nibunnoichi 1-2 (1992)(Bothtec)(JP)(Disk 1 of 8)[b2].zip</path><name>/home/runner/rom/TOSEC/MSX/TurboR/Games/Ranma Nibunnoichi 1-2 (1992)(Bothtec)(JP)(Disk 1 of 8)[b2]</name><image>~/../thumbs/Microsoft - MSX2/Named_Snaps//home/runner/rom/TOSEC/MSX/TurboR/Games/Ranma Nibunnoichi 1-2 (1992)(Bothtec)(JP)(Disk 1 of 8)[b2].png</image><titleshot>~/../thumbs/Microsoft - MSX2/Named_Titles//home/runner/rom/TOSEC/MSX/TurboR/Games/Ranma Nibunnoichi 1-2 (1992)(Bothtec)(JP)(Disk 1 of 8)[b2].png</titleshot><thumbnail>~/../thumbs/Microsoft - MSX2/Named_Boxarts//home/runner/rom/TOSEC/MSX/TurboR/Games/Ranma Nibunnoichi 1-2 (1992)(Bothtec)(JP)(Disk 1 of 8)[b2].png</thumbnail><marquee>~/../thumbs/Microsoft - MSX2/Named_Logos//home/runner/rom/TOSEC/MSX/TurboR/Games/Ranma Nibunnoichi 1-2 (1992)(Bothtec)(JP)(Disk 1 of 8)[b2].png</marquee><hidden>true</hidden></game>
<game><path>./MSX TurboR//home/runner/rom/TOSEC/MSX/TurboR/Games/Ranma Nibunnoichi 1-2 (1992)(Bothtec)(JP)(Disk 1 of 8)[b].zip</path><name>/home/runner/rom/TOSEC/MSX/TurboR/Games/Ranma Nibunnoichi 1-2 (1992)(Bothtec)(JP)(Disk 1 of 8)[b]</name><image>~/../thumbs/Microsoft - MSX2/Named_Snaps//home/runner/rom/TOSEC/MSX/TurboR/Games/Ranma Nibunnoichi 1-2 (1992)(Bothtec)(JP)(Disk 1 of 8)[b].png</image><titleshot>~/../thumbs/Microsoft - MSX2/Named_Titles//home/runner/rom/TOSEC/MSX/TurboR/Games/Ranma Nibunnoichi 1-2 (1992)(Bothtec)(JP)(Disk 1 of 8)[b].png</titleshot><thumbnail>~/../thumbs/Microsoft - MSX2/Named_Boxarts//home/runner/rom/TOSEC/MSX/TurboR/Games/Ranma Nibunnoichi 1-2 (1992)(Bothtec)(JP)(Disk 1 of 8)[b].png</thumbnail><marquee>~/../thumbs/Microsoft - MSX2/Named_Logos//home/runner/rom/TOSEC/MSX/TurboR/Games/Ranma Nibunnoichi 1-2 (1992)(Bothtec)(JP)(Disk 1 of 8)[b].png</marquee><hidden>true</hidden></game>
<game><path>./MSX TurboR//home/runner/rom/TOSEC/MSX/TurboR/Games/Ranma Nibunnoichi 1-2 (1992)(Bothtec)(JP)(Disk 2 of 8).zip</path><name>/home/runner/rom/TOSEC/MSX/TurboR/Games/Ranma Nibunnoichi 1-2 (1992)(Bothtec)(JP)(Disk 2 of 8)</name><image>~/../thumbs/Microsoft - MSX2/Named_Snaps//home/runner/rom/TOSEC/MSX/TurboR/Games/Ranma Nibunnoichi 1-2 (1992)(Bothtec)(JP)(Disk 2 of 8).png</image><titleshot>~/../thumbs/Microsoft - MSX2/Named_Titles//home/runner/rom/TOSEC/MSX/TurboR/Games/Ranma Nibunnoichi 1-2 (1992)(Bothtec)(JP)(Disk 2 of 8).png</titleshot><thumbnail>~/../thumbs/Microsoft - MSX2/Named_Boxarts//home/runner/rom/TOSEC/MSX/TurboR/Games/Ranma Nibunnoichi 1-2 (1992)(Bothtec)(JP)(Disk 2 of 8).png</thumbnail><marquee>~/../thumbs/Microsoft - MSX2/Named_Logos//home/runner/rom/TOSEC/MSX/TurboR/Games/Ranma Nibunnoichi 1-2 (1992)(Bothtec)(JP)(Disk 2 of 8).png</marquee><hidden>true</hidden></game>
<game><path>./MSX TurboR//home/runner/rom/TOSEC/MSX/TurboR/Games/Ranma Nibunnoichi 1-2 (1992)(Bothtec)(JP)(Disk 3 of 8).zip</path><name>/home/runner/rom/TOSEC/MSX/TurboR/Games/Ranma Nibunnoichi 1-2 (1992)(Bothtec)(JP)(Disk 3 of 8)</name><image>~/../thumbs/Microsoft - MSX2/Named_Snaps//home/runner/rom/TOSEC/MSX/TurboR/Games/Ranma Nibunnoichi 1-2 (1992)(Bothtec)(JP)(Disk 3 of 8).png</image><titleshot>~/../thumbs/Microsoft - MSX2/Named_Titles//home/runner/rom/TOSEC/MSX/TurboR/Games/Ranma Nibunnoichi 1-2 (1992)(Bothtec)(JP)(Disk 3 of 8).png</titleshot><thumbnail>~/../thumbs/Microsoft - MSX2/Named_Boxarts//home/runner/rom/TOSEC/MSX/TurboR/Games/Ranma Nibunnoichi 1-2 (1992)(Bothtec)(JP)(Disk 3 of 8).png</thumbnail><marquee>~/../thumbs/Microsoft - MSX2/Named_Logos//home/runner/rom/TOSEC/MSX/TurboR/Games/Ranma Nibunnoichi 1-2 (1992)(Bothtec)(JP)(Disk 3 of 8).png</marquee><hidden>true</hidden></game>
<game><path>./MSX TurboR//home/runner/rom/TOSEC/MSX/TurboR/Games/Ranma Nibunnoichi 1-2 (1992)(Bothtec)(JP)(Disk 4 of 8).zip</path><name>/home/runner/rom/TOSEC/MSX/TurboR/Games/Ranma Nibunnoichi 1-2 (1992)(Bothtec)(JP)(Disk 4 of 8)</name><image>~/../thumbs/Microsoft - MSX2/Named_Snaps//home/runner/rom/TOSEC/MSX/TurboR/Games/Ranma Nibunnoichi 1-2 (1992)(Bothtec)(JP)(Disk 4 of 8).png</image><titleshot>~/../thumbs/Microsoft - MSX2/Named_Titles//home/runner/rom/TOSEC/MSX/TurboR/Games/Ranma Nibunnoichi 1-2 (1992)(Bothtec)(JP)(Disk 4 of 8).png</titleshot><thumbnail>~/../thumbs/Microsoft - MSX2/Named_Boxarts//home/runner/rom/TOSEC/MSX/TurboR/Games/Ranma Nibunnoichi 1-2 (1992)(Bothtec)(JP)(Disk 4 of 8).png</thumbnail><marquee>~/../thumbs/Microsoft - MSX2/Named_Logos//home/runner/rom/TOSEC/MSX/TurboR/Games/Ranma Nibunnoichi 1-2 (1992)(Bothtec)(JP)(Disk 4 of 8).png</marquee><hidden>true</hidden></game>
<game><path>./MSX TurboR//home/runner/rom/TOSEC/MSX/TurboR/Games/Ranma Nibunnoichi 1-2 (1992)(Bothtec)(JP)(Disk 5 of 8).zip</path><name>/home/runner/rom/TOSEC/MSX/TurboR/Games/Ranma Nibunnoichi 1-2 (1992)(Bothtec)(JP)(Disk 5 of 8)</name><image>~/../thumbs/Microsoft - MSX2/Named_Snaps//home/runner/rom/TOSEC/MSX/TurboR/Games/Ranma Nibunnoichi 1-2 (1992)(Bothtec)(JP)(Disk 5 of 8).png</image><titleshot>~/../thumbs/Microsoft - MSX2/Named_Titles//home/runner/rom/TOSEC/MSX/TurboR/Games/Ranma Nibunnoichi 1-2 (1992)(Bothtec)(JP)(Disk 5 of 8).png</titleshot><thumbnail>~/../thumbs/Microsoft - MSX2/Named_Boxarts//home/runner/rom/TOSEC/MSX/TurboR/Games/Ranma Nibunnoichi 1-2 (1992)(Bothtec)(JP)(Disk 5 of 8).png</thumbnail><marquee>~/../thumbs/Microsoft - MSX2/Named_Logos//home/runner/rom/TOSEC/MSX/TurboR/Games/Ranma Nibunnoichi 1-2 (1992)(Bothtec)(JP)(Disk 5 of 8).png</marquee><hidden>true</hidden></game>
<game><path>./MSX TurboR//home/runner/rom/TOSEC/MSX/TurboR/Games/Ranma Nibunnoichi 1-2 (1992)(Bothtec)(JP)(Disk 6 of 8).zip</path><name>/home/runner/rom/TOSEC/MSX/TurboR/Games/Ranma Nibunnoichi 1-2 (1992)(Bothtec)(JP)(Disk 6 of 8)</name><image>~/../thumbs/Microsoft - MSX2/Named_Snaps//home/runner/rom/TOSEC/MSX/TurboR/Games/Ranma Nibunnoichi 1-2 (1992)(Bothtec)(JP)(Disk 6 of 8).png</image><titleshot>~/../thumbs/Microsoft - MSX2/Named_Titles//home/runner/rom/TOSEC/MSX/TurboR/Games/Ranma Nibunnoichi 1-2 (1992)(Bothtec)(JP)(Disk 6 of 8).png</titleshot><thumbnail>~/../thumbs/Microsoft - MSX2/Named_Boxarts//home/runner/rom/TOSEC/MSX/TurboR/Games/Ranma Nibunnoichi 1-2 (1992)(Bothtec)(JP)(Disk 6 of 8).png</thumbnail><marquee>~/../thumbs/Microsoft - MSX2/Named_Logos//home/runner/rom/TOSEC/MSX/TurboR/Games/Ranma Nibunnoichi 1-2 (1992)(Bothtec)(JP)(Disk 6 of 8).png</marquee><hidden>true</hidden></game>
<game><path>./MSX TurboR//home/runner/rom/TOSEC/MSX/TurboR/Games/Ranma Nibunnoichi 1-2 (1992)(Bothtec)(JP)(Disk 6 of 8)[a].zip</path><name>/home/runner/rom/TOSEC/MSX/TurboR/Games/Ranma Nibunnoichi 1-2 (1992)(Bothtec)(JP)(Disk 6 of 8)[a]</name><image>~/../thumbs/Microsoft - MSX2/Named_Snaps//home/runner/rom/TOSEC/MSX/TurboR/Games/Ranma Nibunnoichi 1-2 (1992)(Bothtec)(JP)(Disk 6 of 8)[a].png</image><titleshot>~/../thumbs/Microsoft - MSX2/Named_Titles//home/runner/rom/TOSEC/MSX/TurboR/Games/Ranma Nibunnoichi 1-2 (1992)(Bothtec)(JP)(Disk 6 of 8)[a].png</titleshot><thumbnail>~/../thumbs/Microsoft - MSX2/Named_Boxarts//home/runner/rom/TOSEC/MSX/TurboR/Games/Ranma Nibunnoichi 1-2 (1992)(Bothtec)(JP)(Disk 6 of 8)[a].png</thumbnail><marquee>~/../thumbs/Microsoft - MSX2/Named_Logos//home/runner/rom/TOSEC/MSX/TurboR/Games/Ranma Nibunnoichi 1-2 (1992)(Bothtec)(JP)(Disk 6 of 8)[a].png</marquee><hidden>true</hidden></game>
<game><path>./MSX TurboR//home/runner/rom/TOSEC/MSX/TurboR/Games/Ranma Nibunnoichi 1-2 (1992)(Bothtec)(JP)(Disk 7 of 8).zip</path><name>/home/runner/rom/TOSEC/MSX/TurboR/Games/Ranma Nibunnoichi 1-2 (1992)(Bothtec)(JP)(Disk 7 of 8)</name><image>~/../thumbs/Microsoft - MSX2/Named_Snaps//home/runner/rom/TOSEC/MSX/TurboR/Games/Ranma Nibunnoichi 1-2 (1992)(Bothtec)(JP)(Disk 7 of 8).png</image><titleshot>~/../thumbs/Microsoft - MSX2/Named_Titles//home/runner/rom/TOSEC/MSX/TurboR/Games/Ranma Nibunnoichi 1-2 (1992)(Bothtec)(JP)(Disk 7 of 8).png</titleshot><thumbnail>~/../thumbs/Microsoft - MSX2/Named_Boxarts//home/runner/rom/TOSEC/MSX/TurboR/Games/Ranma Nibunnoichi 1-2 (1992)(Bothtec)(JP)(Disk 7 of 8).png</thumbnail><marquee>~/../thumbs/Microsoft - MSX2/Named_Logos//home/runner/rom/TOSEC/MSX/TurboR/Games/Ranma Nibunnoichi 1-2 (1992)(Bothtec)(JP)(Disk 7 of 8).png</marquee><hidden>true</hidden></game>
<game><path>./MSX TurboR//home/runner/rom/TOSEC/MSX/TurboR/Games/Ranma Nibunnoichi 1-2 (1992)(Bothtec)(JP)(Disk 8 of 8).zip</path><name>/home/runner/rom/TOSEC/MSX/TurboR/Games/Ranma Nibunnoichi 1-2 (1992)(Bothtec)(JP)(Disk 8 of 8)</name><image>~/../thumbs/Microsoft - MSX2/Named_Snaps//home/runner/rom/TOSEC/MSX/TurboR/Games/Ranma Nibunnoichi 1-2 (1992)(Bothtec)(JP)(Disk 8 of 8).png</image><titleshot>~/../thumbs/Microsoft - MSX2/Named_Titles//home/runner/rom/TOSEC/MSX/TurboR/Games/Ranma Nibunnoichi 1-2 (1992)(Bothtec)(JP)(Disk 8 of 8).png</titleshot><thumbnail>~/../thumbs/Microsoft - MSX2/Named_Boxarts//home/runner/rom/TOSEC/MSX/TurboR/Games/Ranma Nibunnoichi 1-2 (1992)(Bothtec)(JP)(Disk 8 of 8).png</thumbnail><marquee>~/../thumbs/Microsoft - MSX2/Named_Logos//home/runner/rom/TOSEC/MSX/TurboR/Games/Ranma Nibunnoichi 1-2 (1992)(Bothtec)(JP)(Disk 8 of 8).png</marquee><hidden>true</hidden></game>
<game><path>./MSX TurboR//home/runner/rom/TOSEC/MSX/TurboR/Games/Ranma Nibunnoichi 1-2 (1992)(Bothtec)(JP)(Disk 8 of 8)[a2].zip</path><name>/home/runner/rom/TOSEC/MSX/TurboR/Games/Ranma Nibunnoichi 1-2 (1992)(Bothtec)(JP)(Disk 8 of 8)[a2]</name><image>~/../thumbs/Microsoft - MSX2/Named_Snaps//home/runner/rom/TOSEC/MSX/TurboR/Games/Ranma Nibunnoichi 1-2 (1992)(Bothtec)(JP)(Disk 8 of 8)[a2].png</image><titleshot>~/../thumbs/Microsoft - MSX2/Named_Titles//home/runner/rom/TOSEC/MSX/TurboR/Games/Ranma Nibunnoichi 1-2 (1992)(Bothtec)(JP)(Disk 8 of 8)[a2].png</titleshot><thumbnail>~/../thumbs/Microsoft - MSX2/Named_Boxarts//home/runner/rom/TOSEC/MSX/TurboR/Games/Ranma Nibunnoichi 1-2 (1992)(Bothtec)(JP)(Disk 8 of 8)[a2].png</thumbnail><marquee>~/../thumbs/Microsoft - MSX2/Named_Logos//home/runner/rom/TOSEC/MSX/TurboR/Games/Ranma Nibunnoichi 1-2 (1992)(Bothtec)(JP)(Disk 8 of 8)[a2].png</marquee><hidden>true</hidden></game>
<game><path>./MSX TurboR//home/runner/rom/TOSEC/MSX/TurboR/Games/Ranma Nibunnoichi 1-2 (1992)(Bothtec)(JP)(Disk 8 of 8)[a].zip</path><name>/home/runner/rom/TOSEC/MSX/TurboR/Games/Ranma Nibunnoichi 1-2 (1992)(Bothtec)(JP)(Disk 8 of 8)[a]</name><image>~/../thumbs/Microsoft - MSX2/Named_Snaps//home/runner/rom/TOSEC/MSX/TurboR/Games/Ranma Nibunnoichi 1-2 (1992)(Bothtec)(JP)(Disk 8 of 8)[a].png</image><titleshot>~/../thumbs/Microsoft - MSX2/Named_Titles//home/runner/rom/TOSEC/MSX/TurboR/Games/Ranma Nibunnoichi 1-2 (1992)(Bothtec)(JP)(Disk 8 of 8)[a].png</titleshot><thumbnail>~/../thumbs/Microsoft - MSX2/Named_Boxarts//home/runner/rom/TOSEC/MSX/TurboR/Games/Ranma Nibunnoichi 1-2 (1992)(Bothtec)(JP)(Disk 8 of 8)[a].png</thumbnail><marquee>~/../thumbs/Microsoft - MSX2/Named_Logos//home/runner/rom/TOSEC/MSX/TurboR/Games/Ranma Nibunnoichi 1-2 (1992)(Bothtec)(JP)(Disk 8 of 8)[a].png</marquee><hidden>true</hidden></game>
<game><path>./MSX TurboR//home/runner/rom/TOSEC/MSX/TurboR/Games/S.T.G. (1996)(Y. Tomohara).zip</path><name>/home/runner/rom/TOSEC/MSX/TurboR/Games/S.T.G. (1996)(Y. Tomohara)</name><image>~/../thumbs/Microsoft - MSX2/Named_Snaps//home/runner/rom/TOSEC/MSX/TurboR/Games/S.T.G. (1996)(Y. Tomohara).png</image><titleshot>~/../thumbs/Microsoft - MSX2/Named_Titles//home/runner/rom/TOSEC/MSX/TurboR/Games/S.T.G. (1996)(Y. Tomohara).png</titleshot><thumbnail>~/../thumbs/Microsoft - MSX2/Named_Boxarts//home/runner/rom/TOSEC/MSX/TurboR/Games/S.T.G. (1996)(Y. Tomohara).png</thumbnail><marquee>~/../thumbs/Microsoft - MSX2/Named_Logos//home/runner/rom/TOSEC/MSX/TurboR/Games/S.T.G. (1996)(Y. Tomohara).png</marquee></game>
<game><path>./MSX TurboR//home/runner/rom/TOSEC/MSX/TurboR/Games/S.T.G. Special - Do Don Taku (1998)(Y. Tomohara).zip</path><name>/home/runner/rom/TOSEC/MSX/TurboR/Games/S.T.G. Special - Do Don Taku (1998)(Y. Tomohara)</name><image>~/../thumbs/Microsoft - MSX2/Named_Snaps//home/runner/rom/TOSEC/MSX/TurboR/Games/S.T.G. Special - Do Don Taku (1998)(Y. Tomohara).png</image><titleshot>~/../thumbs/Microsoft - MSX2/Named_Titles//home/runner/rom/TOSEC/MSX/TurboR/Games/S.T.G. Special - Do Don Taku (1998)(Y. Tomohara).png</titleshot><thumbnail>~/../thumbs/Microsoft - MSX2/Named_Boxarts//home/runner/rom/TOSEC/MSX/TurboR/Games/S.T.G. Special - Do Don Taku (1998)(Y. Tomohara).png</thumbnail><marquee>~/../thumbs/Microsoft - MSX2/Named_Logos//home/runner/rom/TOSEC/MSX/TurboR/Games/S.T.G. Special - Do Don Taku (1998)(Y. Tomohara).png</marquee></game>
<game><path>./MSX TurboR//home/runner/rom/TOSEC/MSX/TurboR/Games/Seed of Dragon (1990)(Riverhill Soft)(JP)(Disk 1 of 3)(Game Disk 1).zip</path><name>/home/runner/rom/TOSEC/MSX/TurboR/Games/Seed of Dragon (1990)(Riverhill Soft)(JP)(Disk 1 of 3)(Game Disk 1)</name><image>~/../thumbs/Microsoft - MSX2/Named_Snaps//home/runner/rom/TOSEC/MSX/TurboR/Games/Seed of Dragon (1990)(Riverhill Soft)(JP)(Disk 1 of 3)(Game Disk 1).png</image><titleshot>~/../thumbs/Microsoft - MSX2/Named_Titles//home/runner/rom/TOSEC/MSX/TurboR/Games/Seed of Dragon (1990)(Riverhill Soft)(JP)(Disk 1 of 3)(Game Disk 1).png</titleshot><thumbnail>~/../thumbs/Microsoft - MSX2/Named_Boxarts//home/runner/rom/TOSEC/MSX/TurboR/Games/Seed of Dragon (1990)(Riverhill Soft)(JP)(Disk 1 of 3)(Game Disk 1).png</thumbnail><marquee>~/../thumbs/Microsoft - MSX2/Named_Logos//home/runner/rom/TOSEC/MSX/TurboR/Games/Seed of Dragon (1990)(Riverhill Soft)(JP)(Disk 1 of 3)(Game Disk 1).png</marquee></game>
<game><path>./MSX TurboR//home/runner/rom/TOSEC/MSX/TurboR/Games/Seed of Dragon (1990)(Riverhill Soft)(JP)(Disk 1 of 3)(Game Disk 1)[a2].zip</path><name>/home/runner/rom/TOSEC/MSX/TurboR/Games/Seed of Dragon (1990)(Riverhill Soft)(JP)(Disk 1 of 3)(Game Disk 1)[a2]</name><image>~/../thumbs/Microsoft - MSX2/Named_Snaps//home/runner/rom/TOSEC/MSX/TurboR/Games/Seed of Dragon (1990)(Riverhill Soft)(JP)(Disk 1 of 3)(Game Disk 1)[a2].png</image><titleshot>~/../thumbs/Microsoft - MSX2/Named_Titles//home/runner/rom/TOSEC/MSX/TurboR/Games/Seed of Dragon (1990)(Riverhill Soft)(JP)(Disk 1 of 3)(Game Disk 1)[a2].png</titleshot><thumbnail>~/../thumbs/Microsoft - MSX2/Named_Boxarts//home/runner/rom/TOSEC/MSX/TurboR/Games/Seed of Dragon (1990)(Riverhill Soft)(JP)(Disk 1 of 3)(Game Disk 1)[a2].png</thumbnail><marquee>~/../thumbs/Microsoft - MSX2/Named_Logos//home/runner/rom/TOSEC/MSX/TurboR/Games/Seed of Dragon (1990)(Riverhill Soft)(JP)(Disk 1 of 3)(Game Disk 1)[a2].png</marquee><hidden>true</hidden></game>
<game><path>./MSX TurboR//home/runner/rom/TOSEC/MSX/TurboR/Games/Seed of Dragon (1990)(Riverhill Soft)(JP)(Disk 1 of 3)(Game Disk 1)[a].zip</path><name>/home/runner/rom/TOSEC/MSX/TurboR/Games/Seed of Dragon (1990)(Riverhill Soft)(JP)(Disk 1 of 3)(Game Disk 1)[a]</name><image>~/../thumbs/Microsoft - MSX2/Named_Snaps//home/runner/rom/TOSEC/MSX/TurboR/Games/Seed of Dragon (1990)(Riverhill Soft)(JP)(Disk 1 of 3)(Game Disk 1)[a].png</image><titleshot>~/../thumbs/Microsoft - MSX2/Named_Titles//home/runner/rom/TOSEC/MSX/TurboR/Games/Seed of Dragon (1990)(Riverhill Soft)(JP)(Disk 1 of 3)(Game Disk 1)[a].png</titleshot><thumbnail>~/../thumbs/Microsoft - MSX2/Named_Boxarts//home/runner/rom/TOSEC/MSX/TurboR/Games/Seed of Dragon (1990)(Riverhill Soft)(JP)(Disk 1 of 3)(Game Disk 1)[a].png</thumbnail><marquee>~/../thumbs/Microsoft - MSX2/Named_Logos//home/runner/rom/TOSEC/MSX/TurboR/Games/Seed of Dragon (1990)(Riverhill Soft)(JP)(Disk 1 of 3)(Game Disk 1)[a].png</marquee><hidden>true</hidden></game>
<game><path>./MSX TurboR//home/runner/rom/TOSEC/MSX/TurboR/Games/Seed of Dragon (1990)(Riverhill Soft)(JP)(Disk 1 of 3)(Game Disk 1)[b].zip</path><name>/home/runner/rom/TOSEC/MSX/TurboR/Games/Seed of Dragon (1990)(Riverhill Soft)(JP)(Disk 1 of 3)(Game Disk 1)[b]</name><image>~/../thumbs/Microsoft - MSX2/Named_Snaps//home/runner/rom/TOSEC/MSX/TurboR/Games/Seed of Dragon (1990)(Riverhill Soft)(JP)(Disk 1 of 3)(Game Disk 1)[b].png</image><titleshot>~/../thumbs/Microsoft - MSX2/Named_Titles//home/runner/rom/TOSEC/MSX/TurboR/Games/Seed of Dragon (1990)(Riverhill Soft)(JP)(Disk 1 of 3)(Game Disk 1)[b].png</titleshot><thumbnail>~/../thumbs/Microsoft - MSX2/Named_Boxarts//home/runner/rom/TOSEC/MSX/TurboR/Games/Seed of Dragon (1990)(Riverhill Soft)(JP)(Disk 1 of 3)(Game Disk 1)[b].png</thumbnail><marquee>~/../thumbs/Microsoft - MSX2/Named_Logos//home/runner/rom/TOSEC/MSX/TurboR/Games/Seed of Dragon (1990)(Riverhill Soft)(JP)(Disk 1 of 3)(Game Disk 1)[b].png</marquee><hidden>true</hidden></game>
<game><path>./MSX TurboR//home/runner/rom/TOSEC/MSX/TurboR/Games/Seed of Dragon (1990)(Riverhill Soft)(JP)(Disk 2 of 3)(Game Disk 2).zip</path><name>/home/runner/rom/TOSEC/MSX/TurboR/Games/Seed of Dragon (1990)(Riverhill Soft)(JP)(Disk 2 of 3)(Game Disk 2)</name><image>~/../thumbs/Microsoft - MSX2/Named_Snaps//home/runner/rom/TOSEC/MSX/TurboR/Games/Seed of Dragon (1990)(Riverhill Soft)(JP)(Disk 2 of 3)(Game Disk 2).png</image><titleshot>~/../thumbs/Microsoft - MSX2/Named_Titles//home/runner/rom/TOSEC/MSX/TurboR/Games/Seed of Dragon (1990)(Riverhill Soft)(JP)(Disk 2 of 3)(Game Disk 2).png</titleshot><thumbnail>~/../thumbs/Microsoft - MSX2/Named_Boxarts//home/runner/rom/TOSEC/MSX/TurboR/Games/Seed of Dragon (1990)(Riverhill Soft)(JP)(Disk 2 of 3)(Game Disk 2).png</thumbnail><marquee>~/../thumbs/Microsoft - MSX2/Named_Logos//home/runner/rom/TOSEC/MSX/TurboR/Games/Seed of Dragon (1990)(Riverhill Soft)(JP)(Disk 2 of 3)(Game Disk 2).png</marquee><hidden>true</hidden></game>
<game><path>./MSX TurboR//home/runner/rom/TOSEC/MSX/TurboR/Games/Seed of Dragon (1990)(Riverhill Soft)(JP)(Disk 2 of 3)(Game Disk 2)[a].zip</path><name>/home/runner/rom/TOSEC/MSX/TurboR/Games/Seed of Dragon (1990)(Riverhill Soft)(JP)(Disk 2 of 3)(Game Disk 2)[a]</name><image>~/../thumbs/Microsoft - MSX2/Named_Snaps//home/runner/rom/TOSEC/MSX/TurboR/Games/Seed of Dragon (1990)(Riverhill Soft)(JP)(Disk 2 of 3)(Game Disk 2)[a].png</image><titleshot>~/../thumbs/Microsoft - MSX2/Named_Titles//home/runner/rom/TOSEC/MSX/TurboR/Games/Seed of Dragon (1990)(Riverhill Soft)(JP)(Disk 2 of 3)(Game Disk 2)[a].png</titleshot><thumbnail>~/../thumbs/Microsoft - MSX2/Named_Boxarts//home/runner/rom/TOSEC/MSX/TurboR/Games/Seed of Dragon (1990)(Riverhill Soft)(JP)(Disk 2 of 3)(Game Disk 2)[a].png</thumbnail><marquee>~/../thumbs/Microsoft - MSX2/Named_Logos//home/runner/rom/TOSEC/MSX/TurboR/Games/Seed of Dragon (1990)(Riverhill Soft)(JP)(Disk 2 of 3)(Game Disk 2)[a].png</marquee><hidden>true</hidden></game>
<game><path>./MSX TurboR//home/runner/rom/TOSEC/MSX/TurboR/Games/Seed of Dragon (1990)(Riverhill Soft)(JP)(Disk 3 of 3)(Game Disk 3).zip</path><name>/home/runner/rom/TOSEC/MSX/TurboR/Games/Seed of Dragon (1990)(Riverhill Soft)(JP)(Disk 3 of 3)(Game Disk 3)</name><image>~/../thumbs/Microsoft - MSX2/Named_Snaps//home/runner/rom/TOSEC/MSX/TurboR/Games/Seed of Dragon (1990)(Riverhill Soft)(JP)(Disk 3 of 3)(Game Disk 3).png</image><titleshot>~/../thumbs/Microsoft - MSX2/Named_Titles//home/runner/rom/TOSEC/MSX/TurboR/Games/Seed of Dragon (1990)(Riverhill Soft)(JP)(Disk 3 of 3)(Game Disk 3).png</titleshot><thumbnail>~/../thumbs/Microsoft - MSX2/Named_Boxarts//home/runner/rom/TOSEC/MSX/TurboR/Games/Seed of Dragon (1990)(Riverhill Soft)(JP)(Disk 3 of 3)(Game Disk 3).png</thumbnail><marquee>~/../thumbs/Microsoft - MSX2/Named_Logos//home/runner/rom/TOSEC/MSX/TurboR/Games/Seed of Dragon (1990)(Riverhill Soft)(JP)(Disk 3 of 3)(Game Disk 3).png</marquee><hidden>true</hidden></game>
<game><path>./MSX TurboR//home/runner/rom/TOSEC/MSX/TurboR/Games/Seed of Dragon (1990)(Riverhill Soft)(JP)(Disk 3 of 3)(Game Disk 3)[a].zip</path><name>/home/runner/rom/TOSEC/MSX/TurboR/Games/Seed of Dragon (1990)(Riverhill Soft)(JP)(Disk 3 of 3)(Game Disk 3)[a]</name><image>~/../thumbs/Microsoft - MSX2/Named_Snaps//home/runner/rom/TOSEC/MSX/TurboR/Games/Seed of Dragon (1990)(Riverhill Soft)(JP)(Disk 3 of 3)(Game Disk 3)[a].png</image><titleshot>~/../thumbs/Microsoft - MSX2/Named_Titles//home/runner/rom/TOSEC/MSX/TurboR/Games/Seed of Dragon (1990)(Riverhill Soft)(JP)(Disk 3 of 3)(Game Disk 3)[a].png</titleshot><thumbnail>~/../thumbs/Microsoft - MSX2/Named_Boxarts//home/runner/rom/TOSEC/MSX/TurboR/Games/Seed of Dragon (1990)(Riverhill Soft)(JP)(Disk 3 of 3)(Game Disk 3)[a].png</thumbnail><marquee>~/../thumbs/Microsoft - MSX2/Named_Logos//home/runner/rom/TOSEC/MSX/TurboR/Games/Seed of Dragon (1990)(Riverhill Soft)(JP)(Disk 3 of 3)(Game Disk 3)[a].png</marquee><hidden>true</hidden></game>
<game><path>./MSX TurboR//home/runner/rom/TOSEC/MSX/TurboR/Games/Shoot That Flying Windows! (1997)(Nyyrikki)[a][mouse].zip</path><name>/home/runner/rom/TOSEC/MSX/TurboR/Games/Shoot That Flying Windows! (1997)(Nyyrikki)[a][mouse]</name><image>~/../thumbs/Microsoft - MSX2/Named_Snaps//home/runner/rom/TOSEC/MSX/TurboR/Games/Shoot That Flying Windows! (1997)(Nyyrikki)[a][mouse].png</image><titleshot>~/../thumbs/Microsoft - MSX2/Named_Titles//home/runner/rom/TOSEC/MSX/TurboR/Games/Shoot That Flying Windows! (1997)(Nyyrikki)[a][mouse].png</titleshot><thumbnail>~/../thumbs/Microsoft - MSX2/Named_Boxarts//home/runner/rom/TOSEC/MSX/TurboR/Games/Shoot That Flying Windows! (1997)(Nyyrikki)[a][mouse].png</thumbnail><marquee>~/../thumbs/Microsoft - MSX2/Named_Logos//home/runner/rom/TOSEC/MSX/TurboR/Games/Shoot That Flying Windows! (1997)(Nyyrikki)[a][mouse].png</marquee><hidden>true</hidden></game>
<game><path>./MSX TurboR//home/runner/rom/TOSEC/MSX/TurboR/Games/Shoot That Flying Windows! (1997)(Nyyrikki)[mouse].zip</path><name>/home/runner/rom/TOSEC/MSX/TurboR/Games/Shoot That Flying Windows! (1997)(Nyyrikki)[mouse]</name><image>~/../thumbs/Microsoft - MSX2/Named_Snaps//home/runner/rom/TOSEC/MSX/TurboR/Games/Shoot That Flying Windows! (1997)(Nyyrikki)[mouse].png</image><titleshot>~/../thumbs/Microsoft - MSX2/Named_Titles//home/runner/rom/TOSEC/MSX/TurboR/Games/Shoot That Flying Windows! (1997)(Nyyrikki)[mouse].png</titleshot><thumbnail>~/../thumbs/Microsoft - MSX2/Named_Boxarts//home/runner/rom/TOSEC/MSX/TurboR/Games/Shoot That Flying Windows! (1997)(Nyyrikki)[mouse].png</thumbnail><marquee>~/../thumbs/Microsoft - MSX2/Named_Logos//home/runner/rom/TOSEC/MSX/TurboR/Games/Shoot That Flying Windows! (1997)(Nyyrikki)[mouse].png</marquee></game>
<game><path>./MSX TurboR//home/runner/rom/TOSEC/MSX/TurboR/Games/Sweet (1994)(Kazuyuki Suzuki)(JP)[old T800].zip</path><name>/home/runner/rom/TOSEC/MSX/TurboR/Games/Sweet (1994)(Kazuyuki Suzuki)(JP)[old T800]</name><image>~/../thumbs/Microsoft - MSX2/Named_Snaps//home/runner/rom/TOSEC/MSX/TurboR/Games/Sweet (1994)(Kazuyuki Suzuki)(JP)[old T800].png</image><titleshot>~/../thumbs/Microsoft - MSX2/Named_Titles//home/runner/rom/TOSEC/MSX/TurboR/Games/Sweet (1994)(Kazuyuki Suzuki)(JP)[old T800].png</titleshot><thumbnail>~/../thumbs/Microsoft - MSX2/Named_Boxarts//home/runner/rom/TOSEC/MSX/TurboR/Games/Sweet (1994)(Kazuyuki Suzuki)(JP)[old T800].png</thumbnail><marquee>~/../thumbs/Microsoft - MSX2/Named_Logos//home/runner/rom/TOSEC/MSX/TurboR/Games/Sweet (1994)(Kazuyuki Suzuki)(JP)[old T800].png</marquee><hidden>true</hidden></game>
<game><path>./MSX TurboR//home/runner/rom/TOSEC/MSX/TurboR/Games/Zone Terra (1994)(Quadrivium)(NL).zip</path><name>/home/runner/rom/TOSEC/MSX/TurboR/Games/Zone Terra (1994)(Quadrivium)(NL)</name><image>~/../thumbs/Microsoft - MSX2/Named_Snaps//home/runner/rom/TOSEC/MSX/TurboR/Games/Zone Terra (1994)(Quadrivium)(NL).png</image><titleshot>~/../thumbs/Microsoft - MSX2/Named_Titles//home/runner/rom/TOSEC/MSX/TurboR/Games/Zone Terra (1994)(Quadrivium)(NL).png</titleshot><thumbnail>~/../thumbs/Microsoft - MSX2/Named_Boxarts//home/runner/rom/TOSEC/MSX/TurboR/Games/Zone Terra (1994)(Quadrivium)(NL).png</thumbnail><marquee>~/../thumbs/Microsoft - MSX2/Named_Logos//home/runner/rom/TOSEC/MSX/TurboR/Games/Zone Terra (1994)(Quadrivium)(NL).png</marquee></game>
<folder><path>./MSX TurboR</path><name>MSX TurboR</name><image>~/../thumb/msxturbor.png</image></folder>
</gameList>
