<gameList>
<game><path>./MSX TurboR/2021 Snooky (1991)(Studio Hawk)(JP).zip</path><name>2021 Snooky (1991)(Studio Hawk)(JP)</name><image>~/../thumbs/Microsoft - MSX2/Named_Snaps/2021 Snooky (1991).png</image><titleshot>~/../thumbs/Microsoft - MSX2/Named_Titles/2021 Snooky (1991).png</titleshot><thumbnail>~/../thumbs/Microsoft - MSX2/Named_Boxarts/2021 Snooky (1991).png</thumbnail><marquee>~/../thumbs/Microsoft - MSX2/Named_Logos/2021 Snooky (1991).png</marquee></game>
<game><path>./MSX TurboR/Blade (1997)(GW's Workshop)[b].zip</path><name>Blade (1997)(GW's Workshop)[b]</name><image>~/../thumbs/Microsoft - MSX2/Named_Snaps/Blade (1997).png</image><titleshot>~/../thumbs/Microsoft - MSX2/Named_Titles/Blade (1997).png</titleshot><thumbnail>~/../thumbs/Microsoft - MSX2/Named_Boxarts/Blade (1997).png</thumbnail><marquee>~/../thumbs/Microsoft - MSX2/Named_Logos/Blade (1997).png</marquee><hidden>true</hidden></game>
<game><path>./MSX TurboR/Earth (1996)(GW's Workshop).zip</path><name>Earth (1996)(GW's Workshop)</name><image>~/../thumbs/Microsoft - MSX2/Named_Snaps/Earth (1996).png</image><titleshot>~/../thumbs/Microsoft - MSX2/Named_Titles/Earth (1996).png</titleshot><thumbnail>~/../thumbs/Microsoft - MSX2/Named_Boxarts/Earth (1996).png</thumbnail><marquee>~/../thumbs/Microsoft - MSX2/Named_Logos/Earth (1996).png</marquee></game>
<game><path>./MSX TurboR/Earth Attack (19xx)(GW's Workshop)[b].zip</path><name>Earth Attack (19xx)(GW's Workshop)[b]</name><image>~/../thumbs/Microsoft - MSX2/Named_Snaps/Earth Attack (19xx).png</image><titleshot>~/../thumbs/Microsoft - MSX2/Named_Titles/Earth Attack (19xx).png</titleshot><thumbnail>~/../thumbs/Microsoft - MSX2/Named_Boxarts/Earth Attack (19xx).png</thumbnail><marquee>~/../thumbs/Microsoft - MSX2/Named_Logos/Earth Attack (19xx).png</marquee><hidden>true</hidden></game>
<game><path>./MSX TurboR/F-Nano 2 - 3D Car Action (demo) (1994)(XRay)(JP).zip</path><name>F-Nano 2 - 3D Car Action (demo) (1994)(XRay)(JP)</name><image>~/../thumbs/Microsoft - MSX2/Named_Snaps/F-Nano 2 - 3D Car Action (demo).png</image><titleshot>~/../thumbs/Microsoft - MSX2/Named_Titles/F-Nano 2 - 3D Car Action (demo).png</titleshot><thumbnail>~/../thumbs/Microsoft - MSX2/Named_Boxarts/F-Nano 2 - 3D Car Action (demo).png</thumbnail><marquee>~/../thumbs/Microsoft - MSX2/Named_Logos/F-Nano 2 - 3D Car Action (demo).png</marquee><hidden>true</hidden></game>
<game><path>./MSX TurboR/Fishing v1.0 (1996-02-26)(GW's Workshop).zip</path><name>Fishing v1.0 (1996-02-26)(GW's Workshop)</name><image>~/../thumbs/Microsoft - MSX2/Named_Snaps/Fishing v1.0 (1996-02-26).png</image><titleshot>~/../thumbs/Microsoft - MSX2/Named_Titles/Fishing v1.0 (1996-02-26).png</titleshot><thumbnail>~/../thumbs/Microsoft - MSX2/Named_Boxarts/Fishing v1.0 (1996-02-26).png</thumbnail><marquee>~/../thumbs/Microsoft - MSX2/Named_Logos/Fishing v1.0 (1996-02-26).png</marquee></game>
<game><path>./MSX TurboR/Fishing v1.0 (1996-02-26)(GW's Workshop)[a].zip</path><name>Fishing v1.0 (1996-02-26)(GW's Workshop)[a]</name><image>~/../thumbs/Microsoft - MSX2/Named_Snaps/Fishing v1.0 (1996-02-26).png</image><titleshot>~/../thumbs/Microsoft - MSX2/Named_Titles/Fishing v1.0 (1996-02-26).png</titleshot><thumbnail>~/../thumbs/Microsoft - MSX2/Named_Boxarts/Fishing v1.0 (1996-02-26).png</thumbnail><marquee>~/../thumbs/Microsoft - MSX2/Named_Logos/Fishing v1.0 (1996-02-26).png</marquee><hidden>true</hidden></game>
<game><path>./MSX TurboR/Fray - In Magical Adventure (1990)(Micro Cabin)(JP)(Disk 1 of 5)(Opening Disk 0).zip</path><name>Fray - In Magical Adventure (1990)(Micro Cabin)(JP)(Disk 1 of 5)(Opening Disk 0)</name><image>~/../thumbs/Microsoft - MSX2/Named_Snaps/Fray - In Magical Adventure (1990).png</image><titleshot>~/../thumbs/Microsoft - MSX2/Named_Titles/Fray - In Magical Adventure (1990).png</titleshot><thumbnail>~/../thumbs/Microsoft - MSX2/Named_Boxarts/Fray - In Magical Adventure (1990).png</thumbnail><marquee>~/../thumbs/Microsoft - MSX2/Named_Logos/Fray - In Magical Adventure (1990).png</marquee></game>
<game><path>./MSX TurboR/Fray - In Magical Adventure (1990)(Micro Cabin)(JP)(Disk 1 of 5)(Opening Disk 0)[a2].zip</path><name>Fray - In Magical Adventure (1990)(Micro Cabin)(JP)(Disk 1 of 5)(Opening Disk 0)[a2]</name><image>~/../thumbs/Microsoft - MSX2/Named_Snaps/Fray - In Magical Adventure (1990).png</image><titleshot>~/../thumbs/Microsoft - MSX2/Named_Titles/Fray - In Magical Adventure (1990).png</titleshot><thumbnail>~/../thumbs/Microsoft - MSX2/Named_Boxarts/Fray - In Magical Adventure (1990).png</thumbnail><marquee>~/../thumbs/Microsoft - MSX2/Named_Logos/Fray - In Magical Adventure (1990).png</marquee><hidden>true</hidden></game>
<game><path>./MSX TurboR/Fray - In Magical Adventure (1990)(Micro Cabin)(JP)(Disk 1 of 5)(Opening Disk 0)[a].zip</path><name>Fray - In Magical Adventure (1990)(Micro Cabin)(JP)(Disk 1 of 5)(Opening Disk 0)[a]</name><image>~/../thumbs/Microsoft - MSX2/Named_Snaps/Fray - In Magical Adventure (1990).png</image><titleshot>~/../thumbs/Microsoft - MSX2/Named_Titles/Fray - In Magical Adventure (1990).png</titleshot><thumbnail>~/../thumbs/Microsoft - MSX2/Named_Boxarts/Fray - In Magical Adventure (1990).png</thumbnail><marquee>~/../thumbs/Microsoft - MSX2/Named_Logos/Fray - In Magical Adventure (1990).png</marquee><hidden>true</hidden></game>
<game><path>./MSX TurboR/Fray - In Magical Adventure (1990)(Micro Cabin)(JP)(Disk 1 of 5)(Opening Disk 0)[b].zip</path><name>Fray - In Magical Adventure (1990)(Micro Cabin)(JP)(Disk 1 of 5)(Opening Disk 0)[b]</name><image>~/../thumbs/Microsoft - MSX2/Named_Snaps/Fray - In Magical Adventure (1990).png</image><titleshot>~/../thumbs/Microsoft - MSX2/Named_Titles/Fray - In Magical Adventure (1990).png</titleshot><thumbnail>~/../thumbs/Microsoft - MSX2/Named_Boxarts/Fray - In Magical Adventure (1990).png</thumbnail><marquee>~/../thumbs/Microsoft - MSX2/Named_Logos/Fray - In Magical Adventure (1990).png</marquee><hidden>true</hidden></game>
<game><path>./MSX TurboR/Fray - In Magical Adventure (1990)(Micro Cabin)(JP)(Disk 2 of 5)(Opening Disk 1).zip</path><name>Fray - In Magical Adventure (1990)(Micro Cabin)(JP)(Disk 2 of 5)(Opening Disk 1)</name><image>~/../thumbs/Microsoft - MSX2/Named_Snaps/Fray - In Magical Adventure (1990).png</image><titleshot>~/../thumbs/Microsoft - MSX2/Named_Titles/Fray - In Magical Adventure (1990).png</titleshot><thumbnail>~/../thumbs/Microsoft - MSX2/Named_Boxarts/Fray - In Magical Adventure (1990).png</thumbnail><marquee>~/../thumbs/Microsoft - MSX2/Named_Logos/Fray - In Magical Adventure (1990).png</marquee><hidden>true</hidden></game>
<game><path>./MSX TurboR/Fray - In Magical Adventure (1990)(Micro Cabin)(JP)(Disk 2 of 5)(Opening Disk 1)[a].zip</path><name>Fray - In Magical Adventure (1990)(Micro Cabin)(JP)(Disk 2 of 5)(Opening Disk 1)[a]</name><image>~/../thumbs/Microsoft - MSX2/Named_Snaps/Fray - In Magical Adventure (1990).png</image><titleshot>~/../thumbs/Microsoft - MSX2/Named_Titles/Fray - In Magical Adventure (1990).png</titleshot><thumbnail>~/../thumbs/Microsoft - MSX2/Named_Boxarts/Fray - In Magical Adventure (1990).png</thumbnail><marquee>~/../thumbs/Microsoft - MSX2/Named_Logos/Fray - In Magical Adventure (1990).png</marquee><hidden>true</hidden></game>
<game><path>./MSX TurboR/Fray - In Magical Adventure (1990)(Micro Cabin)(JP)(Disk 2 of 5)(Opening Disk 1)[b].zip</path><name>Fray - In Magical Adventure (1990)(Micro Cabin)(JP)(Disk 2 of 5)(Opening Disk 1)[b]</name><image>~/../thumbs/Microsoft - MSX2/Named_Snaps/Fray - In Magical Adventure (1990).png</image><titleshot>~/../thumbs/Microsoft - MSX2/Named_Titles/Fray - In Magical Adventure (1990).png</titleshot><thumbnail>~/../thumbs/Microsoft - MSX2/Named_Boxarts/Fray - In Magical Adventure (1990).png</thumbnail><marquee>~/../thumbs/Microsoft - MSX2/Named_Logos/Fray - In Magical Adventure (1990).png</marquee><hidden>true</hidden></game>
<game><path>./MSX TurboR/Fray - In Magical Adventure (1990)(Micro Cabin)(JP)(Disk 3 of 5)(Opening Disk 2).zip</path><name>Fray - In Magical Adventure (1990)(Micro Cabin)(JP)(Disk 3 of 5)(Opening Disk 2)</name><image>~/../thumbs/Microsoft - MSX2/Named_Snaps/Fray - In Magical Adventure (1990).png</image><titleshot>~/../thumbs/Microsoft - MSX2/Named_Titles/Fray - In Magical Adventure (1990).png</titleshot><thumbnail>~/../thumbs/Microsoft - MSX2/Named_Boxarts/Fray - In Magical Adventure (1990).png</thumbnail><marquee>~/../thumbs/Microsoft - MSX2/Named_Logos/Fray - In Magical Adventure (1990).png</marquee><hidden>true</hidden></game>
<game><path>./MSX TurboR/Fray - In Magical Adventure (1990)(Micro Cabin)(JP)(Disk 3 of 5)(Opening Disk 2)[a].zip</path><name>Fray - In Magical Adventure (1990)(Micro Cabin)(JP)(Disk 3 of 5)(Opening Disk 2)[a]</name><image>~/../thumbs/Microsoft - MSX2/Named_Snaps/Fray - In Magical Adventure (1990).png</image><titleshot>~/../thumbs/Microsoft - MSX2/Named_Titles/Fray - In Magical Adventure (1990).png</titleshot><thumbnail>~/../thumbs/Microsoft - MSX2/Named_Boxarts/Fray - In Magical Adventure (1990).png</thumbnail><marquee>~/../thumbs/Microsoft - MSX2/Named_Logos/Fray - In Magical Adventure (1990).png</marquee><hidden>true</hidden></game>
<game><path>./MSX TurboR/Fray - In Magical Adventure (1990)(Micro Cabin)(JP)(Disk 4 of 5)(Game Disk 0).zip</path><name>Fray - In Magical Adventure (1990)(Micro Cabin)(JP)(Disk 4 of 5)(Game Disk 0)</name><image>~/../thumbs/Microsoft - MSX2/Named_Snaps/Fray - In Magical Adventure (1990).png</image><titleshot>~/../thumbs/Microsoft - MSX2/Named_Titles/Fray - In Magical Adventure (1990).png</titleshot><thumbnail>~/../thumbs/Microsoft - MSX2/Named_Boxarts/Fray - In Magical Adventure (1990).png</thumbnail><marquee>~/../thumbs/Microsoft - MSX2/Named_Logos/Fray - In Magical Adventure (1990).png</marquee><hidden>true</hidden></game>
<game><path>./MSX TurboR/Fray - In Magical Adventure (1990)(Micro Cabin)(JP)(Disk 4 of 5)(Game Disk 0)[a2].zip</path><name>Fray - In Magical Adventure (1990)(Micro Cabin)(JP)(Disk 4 of 5)(Game Disk 0)[a2]</name><image>~/../thumbs/Microsoft - MSX2/Named_Snaps/Fray - In Magical Adventure (1990).png</image><titleshot>~/../thumbs/Microsoft - MSX2/Named_Titles/Fray - In Magical Adventure (1990).png</titleshot><thumbnail>~/../thumbs/Microsoft - MSX2/Named_Boxarts/Fray - In Magical Adventure (1990).png</thumbnail><marquee>~/../thumbs/Microsoft - MSX2/Named_Logos/Fray - In Magical Adventure (1990).png</marquee><hidden>true</hidden></game>
<game><path>./MSX TurboR/Fray - In Magical Adventure (1990)(Micro Cabin)(JP)(Disk 4 of 5)(Game Disk 0)[a].zip</path><name>Fray - In Magical Adventure (1990)(Micro Cabin)(JP)(Disk 4 of 5)(Game Disk 0)[a]</name><image>~/../thumbs/Microsoft - MSX2/Named_Snaps/Fray - In Magical Adventure (1990).png</image><titleshot>~/../thumbs/Microsoft - MSX2/Named_Titles/Fray - In Magical Adventure (1990).png</titleshot><thumbnail>~/../thumbs/Microsoft - MSX2/Named_Boxarts/Fray - In Magical Adventure (1990).png</thumbnail><marquee>~/../thumbs/Microsoft - MSX2/Named_Logos/Fray - In Magical Adventure (1990).png</marquee><hidden>true</hidden></game>
<game><path>./MSX TurboR/Fray - In Magical Adventure (1990)(Micro Cabin)(JP)(Disk 4 of 5)(Game Disk 0)[b].zip</path><name>Fray - In Magical Adventure (1990)(Micro Cabin)(JP)(Disk 4 of 5)(Game Disk 0)[b]</name><image>~/../thumbs/Microsoft - MSX2/Named_Snaps/Fray - In Magical Adventure (1990).png</image><titleshot>~/../thumbs/Microsoft - MSX2/Named_Titles/Fray - In Magical Adventure (1990).png</titleshot><thumbnail>~/../thumbs/Microsoft - MSX2/Named_Boxarts/Fray - In Magical Adventure (1990).png</thumbnail><marquee>~/../thumbs/Microsoft - MSX2/Named_Logos/Fray - In Magical Adventure (1990).png</marquee><hidden>true</hidden></game>
<game><path>./MSX TurboR/Fray - In Magical Adventure (1990)(Micro Cabin)(JP)(Disk 5 of 5)(Game Disk 1).zip</path><name>Fray - In Magical Adventure (1990)(Micro Cabin)(JP)(Disk 5 of 5)(Game Disk 1)</name><image>~/../thumbs/Microsoft - MSX2/Named_Snaps/Fray - In Magical Adventure (1990).png</image><titleshot>~/../thumbs/Microsoft - MSX2/Named_Titles/Fray - In Magical Adventure (1990).png</titleshot><thumbnail>~/../thumbs/Microsoft - MSX2/Named_Boxarts/Fray - In Magical Adventure (1990).png</thumbnail><marquee>~/../thumbs/Microsoft - MSX2/Named_Logos/Fray - In Magical Adventure (1990).png</marquee><hidden>true</hidden></game>
<game><path>./MSX TurboR/Fray - In Magical Adventure (1990)(Micro Cabin)(JP)(Disk 5 of 5)(Game Disk 1)[a].zip</path><name>Fray - In Magical Adventure (1990)(Micro Cabin)(JP)(Disk 5 of 5)(Game Disk 1)[a]</name><image>~/../thumbs/Microsoft - MSX2/Named_Snaps/Fray - In Magical Adventure (1990).png</image><titleshot>~/../thumbs/Microsoft - MSX2/Named_Titles/Fray - In Magical Adventure (1990).png</titleshot><thumbnail>~/../thumbs/Microsoft - MSX2/Named_Boxarts/Fray - In Magical Adventure (1990).png</thumbnail><marquee>~/../thumbs/Microsoft - MSX2/Named_Logos/Fray - In Magical Adventure (1990).png</marquee><hidden>true</hidden></game>
<game><path>./MSX TurboR/Fray - In Magical Adventure (1990)(Micro Cabin)(JP)(Disk 5 of 5)(Game Disk 1)[b].zip</path><name>Fray - In Magical Adventure (1990)(Micro Cabin)(JP)(Disk 5 of 5)(Game Disk 1)[b]</name><image>~/../thumbs/Microsoft - MSX2/Named_Snaps/Fray - In Magical Adventure (1990).png</image><titleshot>~/../thumbs/Microsoft - MSX2/Named_Titles/Fray - In Magical Adventure (1990).png</titleshot><thumbnail>~/../thumbs/Microsoft - MSX2/Named_Boxarts/Fray - In Magical Adventure (1990).png</thumbnail><marquee>~/../thumbs/Microsoft - MSX2/Named_Logos/Fray - In Magical Adventure (1990).png</marquee><hidden>true</hidden></game>
<game><path>./MSX TurboR/Gun Shot vs Festa Again (2001)(Rabbit Soft Worker's)(JP).zip</path><name>Gun Shot vs Festa Again (2001)(Rabbit Soft Worker's)(JP)</name><image>~/../thumbs/Microsoft - MSX2/Named_Snaps/Gun Shot vs Festa Again (2001).png</image><titleshot>~/../thumbs/Microsoft - MSX2/Named_Titles/Gun Shot vs Festa Again (2001).png</titleshot><thumbnail>~/../thumbs/Microsoft - MSX2/Named_Boxarts/Gun Shot vs Festa Again (2001).png</thumbnail><marquee>~/../thumbs/Microsoft - MSX2/Named_Logos/Gun Shot vs Festa Again (2001).png</marquee></game>
<game><path>./MSX TurboR/Illusion City (1991)(Micro Cabin)(Disk 01 of 13)(Game Disk 1).zip</path><name>Illusion City (1991)(Micro Cabin)(Disk 01 of 13)(Game Disk 1)</name><image>~/../thumbs/Microsoft - MSX2/Named_Snaps/Illusion City (1991).png</image><titleshot>~/../thumbs/Microsoft - MSX2/Named_Titles/Illusion City (1991).png</titleshot><thumbnail>~/../thumbs/Microsoft - MSX2/Named_Boxarts/Illusion City (1991).png</thumbnail><marquee>~/../thumbs/Microsoft - MSX2/Named_Logos/Illusion City (1991).png</marquee></game>
<game><path>./MSX TurboR/Illusion City (1991)(Micro Cabin)(Disk 02 of 13)(Game Disk 2).zip</path><name>Illusion City (1991)(Micro Cabin)(Disk 02 of 13)(Game Disk 2)</name><image>~/../thumbs/Microsoft - MSX2/Named_Snaps/Illusion City (1991).png</image><titleshot>~/../thumbs/Microsoft - MSX2/Named_Titles/Illusion City (1991).png</titleshot><thumbnail>~/../thumbs/Microsoft - MSX2/Named_Boxarts/Illusion City (1991).png</thumbnail><marquee>~/../thumbs/Microsoft - MSX2/Named_Logos/Illusion City (1991).png</marquee></game>
<game><path>./MSX TurboR/Illusion City (1991)(Micro Cabin)(JP)(Disk 01 of 13)(Game Disk 1).zip</path><name>Illusion City (1991)(Micro Cabin)(JP)(Disk 01 of 13)(Game Disk 1)</name><image>~/../thumbs/Microsoft - MSX2/Named_Snaps/Illusion City (1991).png</image><titleshot>~/../thumbs/Microsoft - MSX2/Named_Titles/Illusion City (1991).png</titleshot><thumbnail>~/../thumbs/Microsoft - MSX2/Named_Boxarts/Illusion City (1991).png</thumbnail><marquee>~/../thumbs/Microsoft - MSX2/Named_Logos/Illusion City (1991).png</marquee></game>
<game><path>./MSX TurboR/Illusion City (1991)(Micro Cabin)(JP)(Disk 01 of 13)(Game Disk 1)[a].zip</path><name>Illusion City (1991)(Micro Cabin)(JP)(Disk 01 of 13)(Game Disk 1)[a]</name><image>~/../thumbs/Microsoft - MSX2/Named_Snaps/Illusion City (1991).png</image><titleshot>~/../thumbs/Microsoft - MSX2/Named_Titles/Illusion City (1991).png</titleshot><thumbnail>~/../thumbs/Microsoft - MSX2/Named_Boxarts/Illusion City (1991).png</thumbnail><marquee>~/../thumbs/Microsoft - MSX2/Named_Logos/Illusion City (1991).png</marquee><hidden>true</hidden></game>
<game><path>./MSX TurboR/Illusion City (1991)(Micro Cabin)(JP)(Disk 01 of 13)(Game Disk 1)[b].zip</path><name>Illusion City (1991)(Micro Cabin)(JP)(Disk 01 of 13)(Game Disk 1)[b]</name><image>~/../thumbs/Microsoft - MSX2/Named_Snaps/Illusion City (1991).png</image><titleshot>~/../thumbs/Microsoft - MSX2/Named_Titles/Illusion City (1991).png</titleshot><thumbnail>~/../thumbs/Microsoft - MSX2/Named_Boxarts/Illusion City (1991).png</thumbnail><marquee>~/../thumbs/Microsoft - MSX2/Named_Logos/Illusion City (1991).png</marquee><hidden>true</hidden></game>
<game><path>./MSX TurboR/Illusion City (1991)(Micro Cabin)(JP)(Disk 02 of 13)(Game Disk 2).zip</path><name>Illusion City (1991)(Micro Cabin)(JP)(Disk 02 of 13)(Game Disk 2)</name><image>~/../thumbs/Microsoft - MSX2/Named_Snaps/Illusion City (1991).png</image><titleshot>~/../thumbs/Microsoft - MSX2/Named_Titles/Illusion City (1991).png</titleshot><thumbnail>~/../thumbs/Microsoft - MSX2/Named_Boxarts/Illusion City (1991).png</thumbnail><marquee>~/../thumbs/Microsoft - MSX2/Named_Logos/Illusion City (1991).png</marquee></game>
<game><path>./MSX TurboR/Illusion City (1991)(Micro Cabin)(JP)(Disk 03 of 13)(Game Disk 3).zip</path><name>Illusion City (1991)(Micro Cabin)(JP)(Disk 03 of 13)(Game Disk 3)</name><image>~/../thumbs/Microsoft - MSX2/Named_Snaps/Illusion City (1991).png</image><titleshot>~/../thumbs/Microsoft - MSX2/Named_Titles/Illusion City (1991).png</titleshot><thumbnail>~/../thumbs/Microsoft - MSX2/Named_Boxarts/Illusion City (1991).png</thumbnail><marquee>~/../thumbs/Microsoft - MSX2/Named_Logos/Illusion City (1991).png</marquee></game>
<game><path>./MSX TurboR/Illusion City (1991)(Micro Cabin)(JP)(Disk 04 of 13)(Game Disk 4).zip</path><name>Illusion City (1991)(Micro Cabin)(JP)(Disk 04 of 13)(Game Disk 4)</name><image>~/../thumbs/Microsoft - MSX2/Named_Snaps/Illusion City (1991).png</image><titleshot>~/../thumbs/Microsoft - MSX2/Named_Titles/Illusion City (1991).png</titleshot><thumbnail>~/../thumbs/Microsoft - MSX2/Named_Boxarts/Illusion City (1991).png</thumbnail><marquee>~/../thumbs/Microsoft - MSX2/Named_Logos/Illusion City (1991).png</marquee></game>
<game><path>./MSX TurboR/Illusion City (1991)(Micro Cabin)(JP)(Disk 05 of 13)(Game Disk 5).zip</path><name>Illusion City (1991)(Micro Cabin)(JP)(Disk 05 of 13)(Game Disk 5)</name><image>~/../thumbs/Microsoft - MSX2/Named_Snaps/Illusion City (1991).png</image><titleshot>~/../thumbs/Microsoft - MSX2/Named_Titles/Illusion City (1991).png</titleshot><thumbnail>~/../thumbs/Microsoft - MSX2/Named_Boxarts/Illusion City (1991).png</thumbnail><marquee>~/../thumbs/Microsoft - MSX2/Named_Logos/Illusion City (1991).png</marquee></game>
<game><path>./MSX TurboR/Illusion City (1991)(Micro Cabin)(JP)(Disk 06 of 13)(Game Disk 6).zip</path><name>Illusion City (1991)(Micro Cabin)(JP)(Disk 06 of 13)(Game Disk 6)</name><image>~/../thumbs/Microsoft - MSX2/Named_Snaps/Illusion City (1991).png</image><titleshot>~/../thumbs/Microsoft - MSX2/Named_Titles/Illusion City (1991).png</titleshot><thumbnail>~/../thumbs/Microsoft - MSX2/Named_Boxarts/Illusion City (1991).png</thumbnail><marquee>~/../thumbs/Microsoft - MSX2/Named_Logos/Illusion City (1991).png</marquee></game>
<game><path>./MSX TurboR/Illusion City (1991)(Micro Cabin)(JP)(Disk 07 of 13)(Game Disk 7).zip</path><name>Illusion City (1991)(Micro Cabin)(JP)(Disk 07 of 13)(Game Disk 7)</name><image>~/../thumbs/Microsoft - MSX2/Named_Snaps/Illusion City (1991).png</image><titleshot>~/../thumbs/Microsoft - MSX2/Named_Titles/Illusion City (1991).png</titleshot><thumbnail>~/../thumbs/Microsoft - MSX2/Named_Boxarts/Illusion City (1991).png</thumbnail><marquee>~/../thumbs/Microsoft - MSX2/Named_Logos/Illusion City (1991).png</marquee></game>
<game><path>./MSX TurboR/Illusion City (1991)(Micro Cabin)(JP)(Disk 08 of 13)(Game Disk 8).zip</path><name>Illusion City (1991)(Micro Cabin)(JP)(Disk 08 of 13)(Game Disk 8)</name><image>~/../thumbs/Microsoft - MSX2/Named_Snaps/Illusion City (1991).png</image><titleshot>~/../thumbs/Microsoft - MSX2/Named_Titles/Illusion City (1991).png</titleshot><thumbnail>~/../thumbs/Microsoft - MSX2/Named_Boxarts/Illusion City (1991).png</thumbnail><marquee>~/../thumbs/Microsoft - MSX2/Named_Logos/Illusion City (1991).png</marquee></game>
<game><path>./MSX TurboR/Illusion City (1991)(Micro Cabin)(JP)(Disk 10 of 13)(Data Disk 1).zip</path><name>Illusion City (1991)(Micro Cabin)(JP)(Disk 10 of 13)(Data Disk 1)</name><image>~/../thumbs/Microsoft - MSX2/Named_Snaps/Illusion City (1991).png</image><titleshot>~/../thumbs/Microsoft - MSX2/Named_Titles/Illusion City (1991).png</titleshot><thumbnail>~/../thumbs/Microsoft - MSX2/Named_Boxarts/Illusion City (1991).png</thumbnail><marquee>~/../thumbs/Microsoft - MSX2/Named_Logos/Illusion City (1991).png</marquee></game>
<game><path>./MSX TurboR/Illusion City (1991)(Micro Cabin)(JP)(Disk 11 of 13)(Data Disk 2).zip</path><name>Illusion City (1991)(Micro Cabin)(JP)(Disk 11 of 13)(Data Disk 2)</name><image>~/../thumbs/Microsoft - MSX2/Named_Snaps/Illusion City (1991).png</image><titleshot>~/../thumbs/Microsoft - MSX2/Named_Titles/Illusion City (1991).png</titleshot><thumbnail>~/../thumbs/Microsoft - MSX2/Named_Boxarts/Illusion City (1991).png</thumbnail><marquee>~/../thumbs/Microsoft - MSX2/Named_Logos/Illusion City (1991).png</marquee></game>
<game><path>./MSX TurboR/Illusion City (1991)(Micro Cabin)(JP)(Disk 12 of 13)(Data Disk 3).zip</path><name>Illusion City (1991)(Micro Cabin)(JP)(Disk 12 of 13)(Data Disk 3)</name><image>~/../thumbs/Microsoft - MSX2/Named_Snaps/Illusion City (1991).png</image><titleshot>~/../thumbs/Microsoft - MSX2/Named_Titles/Illusion City (1991).png</titleshot><thumbnail>~/../thumbs/Microsoft - MSX2/Named_Boxarts/Illusion City (1991).png</thumbnail><marquee>~/../thumbs/Microsoft - MSX2/Named_Logos/Illusion City (1991).png</marquee></game>
<game><path>./MSX TurboR/Illusion City (1991)(Micro Cabin)(JP)(Disk 13 of 13)(Data Disk 4).zip</path><name>Illusion City (1991)(Micro Cabin)(JP)(Disk 13 of 13)(Data Disk 4)</name><image>~/../thumbs/Microsoft - MSX2/Named_Snaps/Illusion City (1991).png</image><titleshot>~/../thumbs/Microsoft - MSX2/Named_Titles/Illusion City (1991).png</titleshot><thumbnail>~/../thumbs/Microsoft - MSX2/Named_Boxarts/Illusion City (1991).png</thumbnail><marquee>~/../thumbs/Microsoft - MSX2/Named_Logos/Illusion City (1991).png</marquee></game>
<game><path>./MSX TurboR/Moonlight Saga (1996)(Maple Yard)(JP).zip</path><name>Moonlight Saga (1996)(Maple Yard)(JP)</name><image>~/../thumbs/Microsoft - MSX2/Named_Snaps/Moonlight Saga (1996).png</image><titleshot>~/../thumbs/Microsoft - MSX2/Named_Titles/Moonlight Saga (1996).png</titleshot><thumbnail>~/../thumbs/Microsoft - MSX2/Named_Boxarts/Moonlight Saga (1996).png</thumbnail><marquee>~/../thumbs/Microsoft - MSX2/Named_Logos/Moonlight Saga (1996).png</marquee></game>
<game><path>./MSX TurboR/Multi-Plex (1993)(MIWA)(JP).zip</path><name>Multi-Plex (1993)(MIWA)(JP)</name><image>~/../thumbs/Microsoft - MSX2/Named_Snaps/Multi-Plex (1993).png</image><titleshot>~/../thumbs/Microsoft - MSX2/Named_Titles/Multi-Plex (1993).png</titleshot><thumbnail>~/../thumbs/Microsoft - MSX2/Named_Boxarts/Multi-Plex (1993).png</thumbnail><marquee>~/../thumbs/Microsoft - MSX2/Named_Logos/Multi-Plex (1993).png</marquee></game>
<game><path>./MSX TurboR/Multi-Plex (1993)(MIWA)(JP)[a].zip</path><name>Multi-Plex (1993)(MIWA)(JP)[a]</name><image>~/../thumbs/Microsoft - MSX2/Named_Snaps/Multi-Plex (1993).png</image><titleshot>~/../thumbs/Microsoft - MSX2/Named_Titles/Multi-Plex (1993).png</titleshot><thumbnail>~/../thumbs/Microsoft - MSX2/Named_Boxarts/Multi-Plex (1993).png</thumbnail><marquee>~/../thumbs/Microsoft - MSX2/Named_Logos/Multi-Plex (1993).png</marquee><hidden>true</hidden></game>
<game><path>./MSX TurboR/PaRaDream (1992)(RAC House)(JP).zip</path><name>PaRaDream (1992)(RAC House)(JP)</name><image>~/../thumbs/Microsoft - MSX2/Named_Snaps/PaRaDream (1992).png</image><titleshot>~/../thumbs/Microsoft - MSX2/Named_Titles/PaRaDream (1992).png</titleshot><thumbnail>~/../thumbs/Microsoft - MSX2/Named_Boxarts/PaRaDream (1992).png</thumbnail><marquee>~/../thumbs/Microsoft - MSX2/Named_Logos/PaRaDream (1992).png</marquee></game>
<game><path>./MSX TurboR/PaRaDream (1992)(RAC House)(JP)[a2].zip</path><name>PaRaDream (1992)(RAC House)(JP)[a2]</name><image>~/../thumbs/Microsoft - MSX2/Named_Snaps/PaRaDream (1992).png</image><titleshot>~/../thumbs/Microsoft - MSX2/Named_Titles/PaRaDream (1992).png</titleshot><thumbnail>~/../thumbs/Microsoft - MSX2/Named_Boxarts/PaRaDream (1992).png</thumbnail><marquee>~/../thumbs/Microsoft - MSX2/Named_Logos/PaRaDream (1992).png</marquee><hidden>true</hidden></game>
<game><path>./MSX TurboR/PaRaDream (1992)(RAC House)(JP)[a].zip</path><name>PaRaDream (1992)(RAC House)(JP)[a]</name><image>~/../thumbs/Microsoft - MSX2/Named_Snaps/PaRaDream (1992).png</image><titleshot>~/../thumbs/Microsoft - MSX2/Named_Titles/PaRaDream (1992).png</titleshot><thumbnail>~/../thumbs/Microsoft - MSX2/Named_Boxarts/PaRaDream (1992).png</thumbnail><marquee>~/../thumbs/Microsoft - MSX2/Named_Logos/PaRaDream (1992).png</marquee><hidden>true</hidden></game>
<game><path>./MSX TurboR/PaRaDream (1992)(RAC House)(JP)[b].zip</path><name>PaRaDream (1992)(RAC House)(JP)[b]</name><image>~/../thumbs/Microsoft - MSX2/Named_Snaps/PaRaDream (1992).png</image><titleshot>~/../thumbs/Microsoft - MSX2/Named_Titles/PaRaDream (1992).png</titleshot><thumbnail>~/../thumbs/Microsoft - MSX2/Named_Boxarts/PaRaDream (1992).png</thumbnail><marquee>~/../thumbs/Microsoft - MSX2/Named_Logos/PaRaDream (1992).png</marquee><hidden>true</hidden></game>
<game><path>./MSX TurboR/Ranma Nibunnoichi 1-2 (1992)(Bothtec)(JP)(Disk 1 of 8).zip</path><name>Ranma Nibunnoichi 1-2 (1992)(Bothtec)(JP)(Disk 1 of 8)</name><image>~/../thumbs/Microsoft - MSX2/Named_Snaps/Ranma Nibunnoichi 1-2 (1992).png</image><titleshot>~/../thumbs/Microsoft - MSX2/Named_Titles/Ranma Nibunnoichi 1-2 (1992).png</titleshot><thumbnail>~/../thumbs/Microsoft - MSX2/Named_Boxarts/Ranma Nibunnoichi 1-2 (1992).png</thumbnail><marquee>~/../thumbs/Microsoft - MSX2/Named_Logos/Ranma Nibunnoichi 1-2 (1992).png</marquee></game>
<game><path>./MSX TurboR/Ranma Nibunnoichi 1-2 (1992)(Bothtec)(JP)(Disk 1 of 8)[a2].zip</path><name>Ranma Nibunnoichi 1-2 (1992)(Bothtec)(JP)(Disk 1 of 8)[a2]</name><image>~/../thumbs/Microsoft - MSX2/Named_Snaps/Ranma Nibunnoichi 1-2 (1992).png</image><titleshot>~/../thumbs/Microsoft - MSX2/Named_Titles/Ranma Nibunnoichi 1-2 (1992).png</titleshot><thumbnail>~/../thumbs/Microsoft - MSX2/Named_Boxarts/Ranma Nibunnoichi 1-2 (1992).png</thumbnail><marquee>~/../thumbs/Microsoft - MSX2/Named_Logos/Ranma Nibunnoichi 1-2 (1992).png</marquee><hidden>true</hidden></game>
<game><path>./MSX TurboR/Ranma Nibunnoichi 1-2 (1992)(Bothtec)(JP)(Disk 1 of 8)[a3].zip</path><name>Ranma Nibunnoichi 1-2 (1992)(Bothtec)(JP)(Disk 1 of 8)[a3]</name><image>~/../thumbs/Microsoft - MSX2/Named_Snaps/Ranma Nibunnoichi 1-2 (1992).png</image><titleshot>~/../thumbs/Microsoft - MSX2/Named_Titles/Ranma Nibunnoichi 1-2 (1992).png</titleshot><thumbnail>~/../thumbs/Microsoft - MSX2/Named_Boxarts/Ranma Nibunnoichi 1-2 (1992).png</thumbnail><marquee>~/../thumbs/Microsoft - MSX2/Named_Logos/Ranma Nibunnoichi 1-2 (1992).png</marquee><hidden>true</hidden></game>
<game><path>./MSX TurboR/Ranma Nibunnoichi 1-2 (1992)(Bothtec)(JP)(Disk 1 of 8)[a].zip</path><name>Ranma Nibunnoichi 1-2 (1992)(Bothtec)(JP)(Disk 1 of 8)[a]</name><image>~/../thumbs/Microsoft - MSX2/Named_Snaps/Ranma Nibunnoichi 1-2 (1992).png</image><titleshot>~/../thumbs/Microsoft - MSX2/Named_Titles/Ranma Nibunnoichi 1-2 (1992).png</titleshot><thumbnail>~/../thumbs/Microsoft - MSX2/Named_Boxarts/Ranma Nibunnoichi 1-2 (1992).png</thumbnail><marquee>~/../thumbs/Microsoft - MSX2/Named_Logos/Ranma Nibunnoichi 1-2 (1992).png</marquee><hidden>true</hidden></game>
<game><path>./MSX TurboR/Ranma Nibunnoichi 1-2 (1992)(Bothtec)(JP)(Disk 1 of 8)[b2].zip</path><name>Ranma Nibunnoichi 1-2 (1992)(Bothtec)(JP)(Disk 1 of 8)[b2]</name><image>~/../thumbs/Microsoft - MSX2/Named_Snaps/Ranma Nibunnoichi 1-2 (1992).png</image><titleshot>~/../thumbs/Microsoft - MSX2/Named_Titles/Ranma Nibunnoichi 1-2 (1992).png</titleshot><thumbnail>~/../thumbs/Microsoft - MSX2/Named_Boxarts/Ranma Nibunnoichi 1-2 (1992).png</thumbnail><marquee>~/../thumbs/Microsoft - MSX2/Named_Logos/Ranma Nibunnoichi 1-2 (1992).png</marquee><hidden>true</hidden></game>
<game><path>./MSX TurboR/Ranma Nibunnoichi 1-2 (1992)(Bothtec)(JP)(Disk 1 of 8)[b].zip</path><name>Ranma Nibunnoichi 1-2 (1992)(Bothtec)(JP)(Disk 1 of 8)[b]</name><image>~/../thumbs/Microsoft - MSX2/Named_Snaps/Ranma Nibunnoichi 1-2 (1992).png</image><titleshot>~/../thumbs/Microsoft - MSX2/Named_Titles/Ranma Nibunnoichi 1-2 (1992).png</titleshot><thumbnail>~/../thumbs/Microsoft - MSX2/Named_Boxarts/Ranma Nibunnoichi 1-2 (1992).png</thumbnail><marquee>~/../thumbs/Microsoft - MSX2/Named_Logos/Ranma Nibunnoichi 1-2 (1992).png</marquee><hidden>true</hidden></game>
<game><path>./MSX TurboR/Ranma Nibunnoichi 1-2 (1992)(Bothtec)(JP)(Disk 2 of 8).zip</path><name>Ranma Nibunnoichi 1-2 (1992)(Bothtec)(JP)(Disk 2 of 8)</name><image>~/../thumbs/Microsoft - MSX2/Named_Snaps/Ranma Nibunnoichi 1-2 (1992).png</image><titleshot>~/../thumbs/Microsoft - MSX2/Named_Titles/Ranma Nibunnoichi 1-2 (1992).png</titleshot><thumbnail>~/../thumbs/Microsoft - MSX2/Named_Boxarts/Ranma Nibunnoichi 1-2 (1992).png</thumbnail><marquee>~/../thumbs/Microsoft - MSX2/Named_Logos/Ranma Nibunnoichi 1-2 (1992).png</marquee><hidden>true</hidden></game>
<game><path>./MSX TurboR/Ranma Nibunnoichi 1-2 (1992)(Bothtec)(JP)(Disk 3 of 8).zip</path><name>Ranma Nibunnoichi 1-2 (1992)(Bothtec)(JP)(Disk 3 of 8)</name><image>~/../thumbs/Microsoft - MSX2/Named_Snaps/Ranma Nibunnoichi 1-2 (1992).png</image><titleshot>~/../thumbs/Microsoft - MSX2/Named_Titles/Ranma Nibunnoichi 1-2 (1992).png</titleshot><thumbnail>~/../thumbs/Microsoft - MSX2/Named_Boxarts/Ranma Nibunnoichi 1-2 (1992).png</thumbnail><marquee>~/../thumbs/Microsoft - MSX2/Named_Logos/Ranma Nibunnoichi 1-2 (1992).png</marquee><hidden>true</hidden></game>
<game><path>./MSX TurboR/Ranma Nibunnoichi 1-2 (1992)(Bothtec)(JP)(Disk 4 of 8).zip</path><name>Ranma Nibunnoichi 1-2 (1992)(Bothtec)(JP)(Disk 4 of 8)</name><image>~/../thumbs/Microsoft - MSX2/Named_Snaps/Ranma Nibunnoichi 1-2 (1992).png</image><titleshot>~/../thumbs/Microsoft - MSX2/Named_Titles/Ranma Nibunnoichi 1-2 (1992).png</titleshot><thumbnail>~/../thumbs/Microsoft - MSX2/Named_Boxarts/Ranma Nibunnoichi 1-2 (1992).png</thumbnail><marquee>~/../thumbs/Microsoft - MSX2/Named_Logos/Ranma Nibunnoichi 1-2 (1992).png</marquee><hidden>true</hidden></game>
<game><path>./MSX TurboR/Ranma Nibunnoichi 1-2 (1992)(Bothtec)(JP)(Disk 5 of 8).zip</path><name>Ranma Nibunnoichi 1-2 (1992)(Bothtec)(JP)(Disk 5 of 8)</name><image>~/../thumbs/Microsoft - MSX2/Named_Snaps/Ranma Nibunnoichi 1-2 (1992).png</image><titleshot>~/../thumbs/Microsoft - MSX2/Named_Titles/Ranma Nibunnoichi 1-2 (1992).png</titleshot><thumbnail>~/../thumbs/Microsoft - MSX2/Named_Boxarts/Ranma Nibunnoichi 1-2 (1992).png</thumbnail><marquee>~/../thumbs/Microsoft - MSX2/Named_Logos/Ranma Nibunnoichi 1-2 (1992).png</marquee><hidden>true</hidden></game>
<game><path>./MSX TurboR/Ranma Nibunnoichi 1-2 (1992)(Bothtec)(JP)(Disk 6 of 8).zip</path><name>Ranma Nibunnoichi 1-2 (1992)(Bothtec)(JP)(Disk 6 of 8)</name><image>~/../thumbs/Microsoft - MSX2/Named_Snaps/Ranma Nibunnoichi 1-2 (1992).png</image><titleshot>~/../thumbs/Microsoft - MSX2/Named_Titles/Ranma Nibunnoichi 1-2 (1992).png</titleshot><thumbnail>~/../thumbs/Microsoft - MSX2/Named_Boxarts/Ranma Nibunnoichi 1-2 (1992).png</thumbnail><marquee>~/../thumbs/Microsoft - MSX2/Named_Logos/Ranma Nibunnoichi 1-2 (1992).png</marquee><hidden>true</hidden></game>
<game><path>./MSX TurboR/Ranma Nibunnoichi 1-2 (1992)(Bothtec)(JP)(Disk 6 of 8)[a].zip</path><name>Ranma Nibunnoichi 1-2 (1992)(Bothtec)(JP)(Disk 6 of 8)[a]</name><image>~/../thumbs/Microsoft - MSX2/Named_Snaps/Ranma Nibunnoichi 1-2 (1992).png</image><titleshot>~/../thumbs/Microsoft - MSX2/Named_Titles/Ranma Nibunnoichi 1-2 (1992).png</titleshot><thumbnail>~/../thumbs/Microsoft - MSX2/Named_Boxarts/Ranma Nibunnoichi 1-2 (1992).png</thumbnail><marquee>~/../thumbs/Microsoft - MSX2/Named_Logos/Ranma Nibunnoichi 1-2 (1992).png</marquee><hidden>true</hidden></game>
<game><path>./MSX TurboR/Ranma Nibunnoichi 1-2 (1992)(Bothtec)(JP)(Disk 7 of 8).zip</path><name>Ranma Nibunnoichi 1-2 (1992)(Bothtec)(JP)(Disk 7 of 8)</name><image>~/../thumbs/Microsoft - MSX2/Named_Snaps/Ranma Nibunnoichi 1-2 (1992).png</image><titleshot>~/../thumbs/Microsoft - MSX2/Named_Titles/Ranma Nibunnoichi 1-2 (1992).png</titleshot><thumbnail>~/../thumbs/Microsoft - MSX2/Named_Boxarts/Ranma Nibunnoichi 1-2 (1992).png</thumbnail><marquee>~/../thumbs/Microsoft - MSX2/Named_Logos/Ranma Nibunnoichi 1-2 (1992).png</marquee><hidden>true</hidden></game>
<game><path>./MSX TurboR/Ranma Nibunnoichi 1-2 (1992)(Bothtec)(JP)(Disk 8 of 8).zip</path><name>Ranma Nibunnoichi 1-2 (1992)(Bothtec)(JP)(Disk 8 of 8)</name><image>~/../thumbs/Microsoft - MSX2/Named_Snaps/Ranma Nibunnoichi 1-2 (1992).png</image><titleshot>~/../thumbs/Microsoft - MSX2/Named_Titles/Ranma Nibunnoichi 1-2 (1992).png</titleshot><thumbnail>~/../thumbs/Microsoft - MSX2/Named_Boxarts/Ranma Nibunnoichi 1-2 (1992).png</thumbnail><marquee>~/../thumbs/Microsoft - MSX2/Named_Logos/Ranma Nibunnoichi 1-2 (1992).png</marquee><hidden>true</hidden></game>
<game><path>./MSX TurboR/Ranma Nibunnoichi 1-2 (1992)(Bothtec)(JP)(Disk 8 of 8)[a2].zip</path><name>Ranma Nibunnoichi 1-2 (1992)(Bothtec)(JP)(Disk 8 of 8)[a2]</name><image>~/../thumbs/Microsoft - MSX2/Named_Snaps/Ranma Nibunnoichi 1-2 (1992).png</image><titleshot>~/../thumbs/Microsoft - MSX2/Named_Titles/Ranma Nibunnoichi 1-2 (1992).png</titleshot><thumbnail>~/../thumbs/Microsoft - MSX2/Named_Boxarts/Ranma Nibunnoichi 1-2 (1992).png</thumbnail><marquee>~/../thumbs/Microsoft - MSX2/Named_Logos/Ranma Nibunnoichi 1-2 (1992).png</marquee><hidden>true</hidden></game>
<game><path>./MSX TurboR/Ranma Nibunnoichi 1-2 (1992)(Bothtec)(JP)(Disk 8 of 8)[a].zip</path><name>Ranma Nibunnoichi 1-2 (1992)(Bothtec)(JP)(Disk 8 of 8)[a]</name><image>~/../thumbs/Microsoft - MSX2/Named_Snaps/Ranma Nibunnoichi 1-2 (1992).png</image><titleshot>~/../thumbs/Microsoft - MSX2/Named_Titles/Ranma Nibunnoichi 1-2 (1992).png</titleshot><thumbnail>~/../thumbs/Microsoft - MSX2/Named_Boxarts/Ranma Nibunnoichi 1-2 (1992).png</thumbnail><marquee>~/../thumbs/Microsoft - MSX2/Named_Logos/Ranma Nibunnoichi 1-2 (1992).png</marquee><hidden>true</hidden></game>
<game><path>./MSX TurboR/S.T.G. (1996)(Y. Tomohara).zip</path><name>S.T.G. (1996)(Y. Tomohara)</name><image>~/../thumbs/Microsoft - MSX2/Named_Snaps/S.T.G. (1996).png</image><titleshot>~/../thumbs/Microsoft - MSX2/Named_Titles/S.T.G. (1996).png</titleshot><thumbnail>~/../thumbs/Microsoft - MSX2/Named_Boxarts/S.T.G. (1996).png</thumbnail><marquee>~/../thumbs/Microsoft - MSX2/Named_Logos/S.T.G. (1996).png</marquee></game>
<game><path>./MSX TurboR/S.T.G. Special - Do Don Taku (1998)(Y. Tomohara).zip</path><name>S.T.G. Special - Do Don Taku (1998)(Y. Tomohara)</name><image>~/../thumbs/Microsoft - MSX2/Named_Snaps/S.T.G. Special - Do Don Taku (1998).png</image><titleshot>~/../thumbs/Microsoft - MSX2/Named_Titles/S.T.G. Special - Do Don Taku (1998).png</titleshot><thumbnail>~/../thumbs/Microsoft - MSX2/Named_Boxarts/S.T.G. Special - Do Don Taku (1998).png</thumbnail><marquee>~/../thumbs/Microsoft - MSX2/Named_Logos/S.T.G. Special - Do Don Taku (1998).png</marquee></game>
<game><path>./MSX TurboR/Seed of Dragon (1990)(Riverhill Soft)(JP)(Disk 1 of 3)(Game Disk 1).zip</path><name>Seed of Dragon (1990)(Riverhill Soft)(JP)(Disk 1 of 3)(Game Disk 1)</name><image>~/../thumbs/Microsoft - MSX2/Named_Snaps/Seed of Dragon (1990).png</image><titleshot>~/../thumbs/Microsoft - MSX2/Named_Titles/Seed of Dragon (1990).png</titleshot><thumbnail>~/../thumbs/Microsoft - MSX2/Named_Boxarts/Seed of Dragon (1990).png</thumbnail><marquee>~/../thumbs/Microsoft - MSX2/Named_Logos/Seed of Dragon (1990).png</marquee></game>
<game><path>./MSX TurboR/Seed of Dragon (1990)(Riverhill Soft)(JP)(Disk 1 of 3)(Game Disk 1)[a2].zip</path><name>Seed of Dragon (1990)(Riverhill Soft)(JP)(Disk 1 of 3)(Game Disk 1)[a2]</name><image>~/../thumbs/Microsoft - MSX2/Named_Snaps/Seed of Dragon (1990).png</image><titleshot>~/../thumbs/Microsoft - MSX2/Named_Titles/Seed of Dragon (1990).png</titleshot><thumbnail>~/../thumbs/Microsoft - MSX2/Named_Boxarts/Seed of Dragon (1990).png</thumbnail><marquee>~/../thumbs/Microsoft - MSX2/Named_Logos/Seed of Dragon (1990).png</marquee><hidden>true</hidden></game>
<game><path>./MSX TurboR/Seed of Dragon (1990)(Riverhill Soft)(JP)(Disk 1 of 3)(Game Disk 1)[a].zip</path><name>Seed of Dragon (1990)(Riverhill Soft)(JP)(Disk 1 of 3)(Game Disk 1)[a]</name><image>~/../thumbs/Microsoft - MSX2/Named_Snaps/Seed of Dragon (1990).png</image><titleshot>~/../thumbs/Microsoft - MSX2/Named_Titles/Seed of Dragon (1990).png</titleshot><thumbnail>~/../thumbs/Microsoft - MSX2/Named_Boxarts/Seed of Dragon (1990).png</thumbnail><marquee>~/../thumbs/Microsoft - MSX2/Named_Logos/Seed of Dragon (1990).png</marquee><hidden>true</hidden></game>
<game><path>./MSX TurboR/Seed of Dragon (1990)(Riverhill Soft)(JP)(Disk 1 of 3)(Game Disk 1)[b].zip</path><name>Seed of Dragon (1990)(Riverhill Soft)(JP)(Disk 1 of 3)(Game Disk 1)[b]</name><image>~/../thumbs/Microsoft - MSX2/Named_Snaps/Seed of Dragon (1990).png</image><titleshot>~/../thumbs/Microsoft - MSX2/Named_Titles/Seed of Dragon (1990).png</titleshot><thumbnail>~/../thumbs/Microsoft - MSX2/Named_Boxarts/Seed of Dragon (1990).png</thumbnail><marquee>~/../thumbs/Microsoft - MSX2/Named_Logos/Seed of Dragon (1990).png</marquee><hidden>true</hidden></game>
<game><path>./MSX TurboR/Seed of Dragon (1990)(Riverhill Soft)(JP)(Disk 2 of 3)(Game Disk 2).zip</path><name>Seed of Dragon (1990)(Riverhill Soft)(JP)(Disk 2 of 3)(Game Disk 2)</name><image>~/../thumbs/Microsoft - MSX2/Named_Snaps/Seed of Dragon (1990).png</image><titleshot>~/../thumbs/Microsoft - MSX2/Named_Titles/Seed of Dragon (1990).png</titleshot><thumbnail>~/../thumbs/Microsoft - MSX2/Named_Boxarts/Seed of Dragon (1990).png</thumbnail><marquee>~/../thumbs/Microsoft - MSX2/Named_Logos/Seed of Dragon (1990).png</marquee><hidden>true</hidden></game>
<game><path>./MSX TurboR/Seed of Dragon (1990)(Riverhill Soft)(JP)(Disk 2 of 3)(Game Disk 2)[a].zip</path><name>Seed of Dragon (1990)(Riverhill Soft)(JP)(Disk 2 of 3)(Game Disk 2)[a]</name><image>~/../thumbs/Microsoft - MSX2/Named_Snaps/Seed of Dragon (1990).png</image><titleshot>~/../thumbs/Microsoft - MSX2/Named_Titles/Seed of Dragon (1990).png</titleshot><thumbnail>~/../thumbs/Microsoft - MSX2/Named_Boxarts/Seed of Dragon (1990).png</thumbnail><marquee>~/../thumbs/Microsoft - MSX2/Named_Logos/Seed of Dragon (1990).png</marquee><hidden>true</hidden></game>
<game><path>./MSX TurboR/Seed of Dragon (1990)(Riverhill Soft)(JP)(Disk 3 of 3)(Game Disk 3).zip</path><name>Seed of Dragon (1990)(Riverhill Soft)(JP)(Disk 3 of 3)(Game Disk 3)</name><image>~/../thumbs/Microsoft - MSX2/Named_Snaps/Seed of Dragon (1990).png</image><titleshot>~/../thumbs/Microsoft - MSX2/Named_Titles/Seed of Dragon (1990).png</titleshot><thumbnail>~/../thumbs/Microsoft - MSX2/Named_Boxarts/Seed of Dragon (1990).png</thumbnail><marquee>~/../thumbs/Microsoft - MSX2/Named_Logos/Seed of Dragon (1990).png</marquee><hidden>true</hidden></game>
<game><path>./MSX TurboR/Seed of Dragon (1990)(Riverhill Soft)(JP)(Disk 3 of 3)(Game Disk 3)[a].zip</path><name>Seed of Dragon (1990)(Riverhill Soft)(JP)(Disk 3 of 3)(Game Disk 3)[a]</name><image>~/../thumbs/Microsoft - MSX2/Named_Snaps/Seed of Dragon (1990).png</image><titleshot>~/../thumbs/Microsoft - MSX2/Named_Titles/Seed of Dragon (1990).png</titleshot><thumbnail>~/../thumbs/Microsoft - MSX2/Named_Boxarts/Seed of Dragon (1990).png</thumbnail><marquee>~/../thumbs/Microsoft - MSX2/Named_Logos/Seed of Dragon (1990).png</marquee><hidden>true</hidden></game>
<game><path>./MSX TurboR/Shoot That Flying Windows! (1997)(Nyyrikki)[a][mouse].zip</path><name>Shoot That Flying Windows! (1997)(Nyyrikki)[a][mouse]</name><image>~/../thumbs/Microsoft - MSX2/Named_Snaps/Shoot That Flying Windows! (1997).png</image><titleshot>~/../thumbs/Microsoft - MSX2/Named_Titles/Shoot That Flying Windows! (1997).png</titleshot><thumbnail>~/../thumbs/Microsoft - MSX2/Named_Boxarts/Shoot That Flying Windows! (1997).png</thumbnail><marquee>~/../thumbs/Microsoft - MSX2/Named_Logos/Shoot That Flying Windows! (1997).png</marquee><hidden>true</hidden></game>
<game><path>./MSX TurboR/Shoot That Flying Windows! (1997)(Nyyrikki)[mouse].zip</path><name>Shoot That Flying Windows! (1997)(Nyyrikki)[mouse]</name><image>~/../thumbs/Microsoft - MSX2/Named_Snaps/Shoot That Flying Windows! (1997).png</image><titleshot>~/../thumbs/Microsoft - MSX2/Named_Titles/Shoot That Flying Windows! (1997).png</titleshot><thumbnail>~/../thumbs/Microsoft - MSX2/Named_Boxarts/Shoot That Flying Windows! (1997).png</thumbnail><marquee>~/../thumbs/Microsoft - MSX2/Named_Logos/Shoot That Flying Windows! (1997).png</marquee></game>
<game><path>./MSX TurboR/Sweet (1994)(Kazuyuki Suzuki)(JP)[old T800].zip</path><name>Sweet (1994)(Kazuyuki Suzuki)(JP)[old T800]</name><image>~/../thumbs/Microsoft - MSX2/Named_Snaps/Sweet (1994).png</image><titleshot>~/../thumbs/Microsoft - MSX2/Named_Titles/Sweet (1994).png</titleshot><thumbnail>~/../thumbs/Microsoft - MSX2/Named_Boxarts/Sweet (1994).png</thumbnail><marquee>~/../thumbs/Microsoft - MSX2/Named_Logos/Sweet (1994).png</marquee><hidden>true</hidden></game>
<game><path>./MSX TurboR/Zone Terra (1994)(Quadrivium)(NL).zip</path><name>Zone Terra (1994)(Quadrivium)(NL)</name><image>~/../thumbs/Microsoft - MSX2/Named_Snaps/Zone Terra (1994).png</image><titleshot>~/../thumbs/Microsoft - MSX2/Named_Titles/Zone Terra (1994).png</titleshot><thumbnail>~/../thumbs/Microsoft - MSX2/Named_Boxarts/Zone Terra (1994).png</thumbnail><marquee>~/../thumbs/Microsoft - MSX2/Named_Logos/Zone Terra (1994).png</marquee></game>
<folder><path>./MSX TurboR</path><name>MSX TurboR</name><image>~/../thumb/msxturbor.png</image></folder>
</gameList>
