<gameList>
<game><path>./Welback Mega Duck/2nd Space (World).zip</path><name>2nd Space (World)</name><image>~/../thumbs/Welback - Mega Duck/Named_Snaps/2nd Space (World).png</image><titleshot>~/../thumbs/Welback - Mega Duck/Named_Titles/2nd Space (World).png</titleshot><thumbnail>~/../thumbs/Welback - Mega Duck/Named_Boxarts/2nd Space (World).png</thumbnail><marquee>~/../thumbs/Welback - Mega Duck/Named_Logos/2nd Space (World).png</marquee></game>
<game><path>./Welback Mega Duck/Ant Soldiers (World).zip</path><name>Ant Soldiers (World)</name><image>~/../thumbs/Welback - Mega Duck/Named_Snaps/Ant Soldiers (World).png</image><titleshot>~/../thumbs/Welback - Mega Duck/Named_Titles/Ant Soldiers (World).png</titleshot><thumbnail>~/../thumbs/Welback - Mega Duck/Named_Boxarts/Ant Soldiers (World).png</thumbnail><marquee>~/../thumbs/Welback - Mega Duck/Named_Logos/Ant Soldiers (World).png</marquee></game>
<game><path>./Welback Mega Duck/Arctic Zone (World).zip</path><name>Arctic Zone (World)</name><image>~/../thumbs/Welback - Mega Duck/Named_Snaps/Arctic Zone (World).png</image><titleshot>~/../thumbs/Welback - Mega Duck/Named_Titles/Arctic Zone (World).png</titleshot><thumbnail>~/../thumbs/Welback - Mega Duck/Named_Boxarts/Arctic Zone (World).png</thumbnail><marquee>~/../thumbs/Welback - Mega Duck/Named_Logos/Arctic Zone (World).png</marquee></game>
<game><path>./Welback Mega Duck/Armour Force (World).zip</path><name>Armour Force (World)</name><image>~/../thumbs/Welback - Mega Duck/Named_Snaps/Armour Force (World).png</image><titleshot>~/../thumbs/Welback - Mega Duck/Named_Titles/Armour Force (World).png</titleshot><thumbnail>~/../thumbs/Welback - Mega Duck/Named_Boxarts/Armour Force (World).png</thumbnail><marquee>~/../thumbs/Welback - Mega Duck/Named_Logos/Armour Force (World).png</marquee></game>
<game><path>./Welback Mega Duck/Beast Fighter (World).zip</path><name>Beast Fighter (World)</name><image>~/../thumbs/Welback - Mega Duck/Named_Snaps/Beast Fighter (World).png</image><titleshot>~/../thumbs/Welback - Mega Duck/Named_Titles/Beast Fighter (World).png</titleshot><thumbnail>~/../thumbs/Welback - Mega Duck/Named_Boxarts/Beast Fighter (World).png</thumbnail><marquee>~/../thumbs/Welback - Mega Duck/Named_Logos/Beast Fighter (World).png</marquee></game>
<game><path>./Welback Mega Duck/Black Forest Tale (World).zip</path><name>Black Forest Tale (World)</name><image>~/../thumbs/Welback - Mega Duck/Named_Snaps/Black Forest Tale (World).png</image><titleshot>~/../thumbs/Welback - Mega Duck/Named_Titles/Black Forest Tale (World).png</titleshot><thumbnail>~/../thumbs/Welback - Mega Duck/Named_Boxarts/Black Forest Tale (World).png</thumbnail><marquee>~/../thumbs/Welback - Mega Duck/Named_Logos/Black Forest Tale (World).png</marquee></game>
<game><path>./Welback Mega Duck/Bomb Disposer (World).zip</path><name>Bomb Disposer (World)</name><image>~/../thumbs/Welback - Mega Duck/Named_Snaps/Bomb Disposer (World).png</image><titleshot>~/../thumbs/Welback - Mega Duck/Named_Titles/Bomb Disposer (World).png</titleshot><thumbnail>~/../thumbs/Welback - Mega Duck/Named_Boxarts/Bomb Disposer (World).png</thumbnail><marquee>~/../thumbs/Welback - Mega Duck/Named_Logos/Bomb Disposer (World).png</marquee></game>
<game><path>./Welback Mega Duck/Captain Knick Knack (World).zip</path><name>Captain Knick Knack (World)</name><image>~/../thumbs/Welback - Mega Duck/Named_Snaps/Captain Knick Knack (World).png</image><titleshot>~/../thumbs/Welback - Mega Duck/Named_Titles/Captain Knick Knack (World).png</titleshot><thumbnail>~/../thumbs/Welback - Mega Duck/Named_Boxarts/Captain Knick Knack (World).png</thumbnail><marquee>~/../thumbs/Welback - Mega Duck/Named_Logos/Captain Knick Knack (World).png</marquee></game>
<game><path>./Welback Mega Duck/Commin 5 in 1 (World).zip</path><name>Commin 5 in 1 (World)</name><image>~/../thumbs/Welback - Mega Duck/Named_Snaps/Commin 5 in 1 (World).png</image><titleshot>~/../thumbs/Welback - Mega Duck/Named_Titles/Commin 5 in 1 (World).png</titleshot><thumbnail>~/../thumbs/Welback - Mega Duck/Named_Boxarts/Commin 5 in 1 (World).png</thumbnail><marquee>~/../thumbs/Welback - Mega Duck/Named_Logos/Commin 5 in 1 (World).png</marquee></game>
<game><path>./Welback Mega Duck/Duck Adventures (World).zip</path><name>Duck Adventures (World)</name><image>~/../thumbs/Welback - Mega Duck/Named_Snaps/Duck Adventures (World).png</image><titleshot>~/../thumbs/Welback - Mega Duck/Named_Titles/Duck Adventures (World).png</titleshot><thumbnail>~/../thumbs/Welback - Mega Duck/Named_Boxarts/Duck Adventures (World).png</thumbnail><marquee>~/../thumbs/Welback - Mega Duck/Named_Logos/Duck Adventures (World).png</marquee></game>
<game><path>./Welback Mega Duck/Magic Maze (World).zip</path><name>Magic Maze (World)</name><image>~/../thumbs/Welback - Mega Duck/Named_Snaps/Magic Maze (World).png</image><titleshot>~/../thumbs/Welback - Mega Duck/Named_Titles/Magic Maze (World).png</titleshot><thumbnail>~/../thumbs/Welback - Mega Duck/Named_Boxarts/Magic Maze (World).png</thumbnail><marquee>~/../thumbs/Welback - Mega Duck/Named_Logos/Magic Maze (World).png</marquee></game>
<game><path>./Welback Mega Duck/Magical Tower (World).zip</path><name>Magical Tower (World)</name><image>~/../thumbs/Welback - Mega Duck/Named_Snaps/Magical Tower (World).png</image><titleshot>~/../thumbs/Welback - Mega Duck/Named_Titles/Magical Tower (World).png</titleshot><thumbnail>~/../thumbs/Welback - Mega Duck/Named_Boxarts/Magical Tower (World).png</thumbnail><marquee>~/../thumbs/Welback - Mega Duck/Named_Logos/Magical Tower (World).png</marquee></game>
<game><path>./Welback Mega Duck/Mega Duck 4 in 1 (World).zip</path><name>Mega Duck 4 in 1 (World)</name><image>~/../thumbs/Welback - Mega Duck/Named_Snaps/Mega Duck 4 in 1 (World).png</image><titleshot>~/../thumbs/Welback - Mega Duck/Named_Titles/Mega Duck 4 in 1 (World).png</titleshot><thumbnail>~/../thumbs/Welback - Mega Duck/Named_Boxarts/Mega Duck 4 in 1 (World).png</thumbnail><marquee>~/../thumbs/Welback - Mega Duck/Named_Logos/Mega Duck 4 in 1 (World).png</marquee></game>
<game><path>./Welback Mega Duck/Pile Wonder (World) (Alt).zip</path><name>Pile Wonder (World) (Alt)</name><image>~/../thumbs/Welback - Mega Duck/Named_Snaps/Pile Wonder (World) (Alt).png</image><titleshot>~/../thumbs/Welback - Mega Duck/Named_Titles/Pile Wonder (World) (Alt).png</titleshot><thumbnail>~/../thumbs/Welback - Mega Duck/Named_Boxarts/Pile Wonder (World) (Alt).png</thumbnail><marquee>~/../thumbs/Welback - Mega Duck/Named_Logos/Pile Wonder (World) (Alt).png</marquee><hidden>true</hidden></game>
<game><path>./Welback Mega Duck/Pile Wonder (World).zip</path><name>Pile Wonder (World)</name><image>~/../thumbs/Welback - Mega Duck/Named_Snaps/Pile Wonder (World).png</image><titleshot>~/../thumbs/Welback - Mega Duck/Named_Titles/Pile Wonder (World).png</titleshot><thumbnail>~/../thumbs/Welback - Mega Duck/Named_Boxarts/Pile Wonder (World).png</thumbnail><marquee>~/../thumbs/Welback - Mega Duck/Named_Logos/Pile Wonder (World).png</marquee></game>
<game><path>./Welback Mega Duck/Puppet Knight (World).zip</path><name>Puppet Knight (World)</name><image>~/../thumbs/Welback - Mega Duck/Named_Snaps/Puppet Knight (World).png</image><titleshot>~/../thumbs/Welback - Mega Duck/Named_Titles/Puppet Knight (World).png</titleshot><thumbnail>~/../thumbs/Welback - Mega Duck/Named_Boxarts/Puppet Knight (World).png</thumbnail><marquee>~/../thumbs/Welback - Mega Duck/Named_Logos/Puppet Knight (World).png</marquee></game>
<game><path>./Welback Mega Duck/Railway (World).zip</path><name>Railway (World)</name><image>~/../thumbs/Welback - Mega Duck/Named_Snaps/Railway (World).png</image><titleshot>~/../thumbs/Welback - Mega Duck/Named_Titles/Railway (World).png</titleshot><thumbnail>~/../thumbs/Welback - Mega Duck/Named_Boxarts/Railway (World).png</thumbnail><marquee>~/../thumbs/Welback - Mega Duck/Named_Logos/Railway (World).png</marquee></game>
<game><path>./Welback Mega Duck/Snake Roy (World).zip</path><name>Snake Roy (World)</name><image>~/../thumbs/Welback - Mega Duck/Named_Snaps/Snake Roy (World).png</image><titleshot>~/../thumbs/Welback - Mega Duck/Named_Titles/Snake Roy (World).png</titleshot><thumbnail>~/../thumbs/Welback - Mega Duck/Named_Boxarts/Snake Roy (World).png</thumbnail><marquee>~/../thumbs/Welback - Mega Duck/Named_Logos/Snake Roy (World).png</marquee></game>
<game><path>./Welback Mega Duck/Street Rider (World).zip</path><name>Street Rider (World)</name><image>~/../thumbs/Welback - Mega Duck/Named_Snaps/Street Rider (World).png</image><titleshot>~/../thumbs/Welback - Mega Duck/Named_Titles/Street Rider (World).png</titleshot><thumbnail>~/../thumbs/Welback - Mega Duck/Named_Boxarts/Street Rider (World).png</thumbnail><marquee>~/../thumbs/Welback - Mega Duck/Named_Logos/Street Rider (World).png</marquee></game>
<game><path>./Welback Mega Duck/Suleiman's Treasure (World).zip</path><name>Suleiman's Treasure (World)</name><image>~/../thumbs/Welback - Mega Duck/Named_Snaps/Suleiman's Treasure (World).png</image><titleshot>~/../thumbs/Welback - Mega Duck/Named_Titles/Suleiman's Treasure (World).png</titleshot><thumbnail>~/../thumbs/Welback - Mega Duck/Named_Boxarts/Suleiman's Treasure (World).png</thumbnail><marquee>~/../thumbs/Welback - Mega Duck/Named_Logos/Suleiman's Treasure (World).png</marquee></game>
<game><path>./Welback Mega Duck/The Brick Wall (World).zip</path><name>The Brick Wall (World)</name><image>~/../thumbs/Welback - Mega Duck/Named_Snaps/The Brick Wall (World).png</image><titleshot>~/../thumbs/Welback - Mega Duck/Named_Titles/The Brick Wall (World).png</titleshot><thumbnail>~/../thumbs/Welback - Mega Duck/Named_Boxarts/The Brick Wall (World).png</thumbnail><marquee>~/../thumbs/Welback - Mega Duck/Named_Logos/The Brick Wall (World).png</marquee></game>
<game><path>./Welback Mega Duck/Trap Turn (World).zip</path><name>Trap Turn (World)</name><image>~/../thumbs/Welback - Mega Duck/Named_Snaps/Trap Turn (World).png</image><titleshot>~/../thumbs/Welback - Mega Duck/Named_Titles/Trap Turn (World).png</titleshot><thumbnail>~/../thumbs/Welback - Mega Duck/Named_Boxarts/Trap Turn (World).png</thumbnail><marquee>~/../thumbs/Welback - Mega Duck/Named_Logos/Trap Turn (World).png</marquee></game>
<game><path>./Welback Mega Duck/Vex (World).zip</path><name>Vex (World)</name><image>~/../thumbs/Welback - Mega Duck/Named_Snaps/Vex (World).png</image><titleshot>~/../thumbs/Welback - Mega Duck/Named_Titles/Vex (World).png</titleshot><thumbnail>~/../thumbs/Welback - Mega Duck/Named_Boxarts/Vex (World).png</thumbnail><marquee>~/../thumbs/Welback - Mega Duck/Named_Logos/Vex (World).png</marquee></game>
<game><path>./Welback Mega Duck/Waternet (World) (Aftermarket) (Homebrew).zip</path><name>Waternet (World) (Aftermarket) (Homebrew)</name><image>~/../thumbs/Welback - Mega Duck/Named_Snaps/Waternet (World) (Aftermarket) (Homebrew).png</image><titleshot>~/../thumbs/Welback - Mega Duck/Named_Titles/Waternet (World) (Aftermarket) (Homebrew).png</titleshot><thumbnail>~/../thumbs/Welback - Mega Duck/Named_Boxarts/Waternet (World) (Aftermarket) (Homebrew).png</thumbnail><marquee>~/../thumbs/Welback - Mega Duck/Named_Logos/Waternet (World) (Aftermarket) (Homebrew).png</marquee><hidden>true</hidden></game>
<game><path>./Welback Mega Duck/Worm Visitor (World).zip</path><name>Worm Visitor (World)</name><image>~/../thumbs/Welback - Mega Duck/Named_Snaps/Worm Visitor (World).png</image><titleshot>~/../thumbs/Welback - Mega Duck/Named_Titles/Worm Visitor (World).png</titleshot><thumbnail>~/../thumbs/Welback - Mega Duck/Named_Boxarts/Worm Visitor (World).png</thumbnail><marquee>~/../thumbs/Welback - Mega Duck/Named_Logos/Worm Visitor (World).png</marquee></game>
<game><path>./Welback Mega Duck/Zipball (World).zip</path><name>Zipball (World)</name><image>~/../thumbs/Welback - Mega Duck/Named_Snaps/Zipball (World).png</image><titleshot>~/../thumbs/Welback - Mega Duck/Named_Titles/Zipball (World).png</titleshot><thumbnail>~/../thumbs/Welback - Mega Duck/Named_Boxarts/Zipball (World).png</thumbnail><marquee>~/../thumbs/Welback - Mega Duck/Named_Logos/Zipball (World).png</marquee></game>
<folder><path>./Welback Mega Duck</path><name>Welback Mega Duck</name><image>~/../thumb/megaduck.png</image></folder>
</gameList>
