<gameList>
<game><path>./Amstrad GX4000 TOSEC/Cross Bomber (2020-08-26)(Caruso, Fabrizio).cpr</path><name>Cross Bomber (2020-08-26)(Caruso, Fabrizio)</name><image>~/../thumbs/Amstrad - GX4000/Named_Snaps/Cross Bomber (2020-08-26)(Caruso, Fabrizio).png</image><titleshot>~/../thumbs/Amstrad - GX4000/Named_Titles/Cross Bomber (2020-08-26)(Caruso, Fabrizio).png</titleshot><thumbnail>~/../thumbs/Amstrad - GX4000/Named_Boxarts/Cross Bomber (2020-08-26)(Caruso, Fabrizio).png</thumbnail><marquee>~/../thumbs/Amstrad - GX4000/Named_Logos/Cross Bomber (2020-08-26)(Caruso, Fabrizio).png</marquee></game>
<game><path>./Amstrad GX4000 TOSEC/Cross Bomber (2021-05-13)(Caruso, Fabrizio).cpr</path><name>Cross Bomber (2021-05-13)(Caruso, Fabrizio)</name><image>~/../thumbs/Amstrad - GX4000/Named_Snaps/Cross Bomber (2021-05-13)(Caruso, Fabrizio).png</image><titleshot>~/../thumbs/Amstrad - GX4000/Named_Titles/Cross Bomber (2021-05-13)(Caruso, Fabrizio).png</titleshot><thumbnail>~/../thumbs/Amstrad - GX4000/Named_Boxarts/Cross Bomber (2021-05-13)(Caruso, Fabrizio).png</thumbnail><marquee>~/../thumbs/Amstrad - GX4000/Named_Logos/Cross Bomber (2021-05-13)(Caruso, Fabrizio).png</marquee></game>
<game><path>./Amstrad GX4000 TOSEC/Cross Chase (2018-04-15)(Caruso, Fabrizio).cpr</path><name>Cross Chase (2018-04-15)(Caruso, Fabrizio)</name><image>~/../thumbs/Amstrad - GX4000/Named_Snaps/Cross Chase (2018-04-15)(Caruso, Fabrizio).png</image><titleshot>~/../thumbs/Amstrad - GX4000/Named_Titles/Cross Chase (2018-04-15)(Caruso, Fabrizio).png</titleshot><thumbnail>~/../thumbs/Amstrad - GX4000/Named_Boxarts/Cross Chase (2018-04-15)(Caruso, Fabrizio).png</thumbnail><marquee>~/../thumbs/Amstrad - GX4000/Named_Logos/Cross Chase (2018-04-15)(Caruso, Fabrizio).png</marquee></game>
<game><path>./Amstrad GX4000 TOSEC/Cross Chase (2018-05-19)(Caruso, Fabrizio).cpr</path><name>Cross Chase (2018-05-19)(Caruso, Fabrizio)</name><image>~/../thumbs/Amstrad - GX4000/Named_Snaps/Cross Chase (2018-05-19)(Caruso, Fabrizio).png</image><titleshot>~/../thumbs/Amstrad - GX4000/Named_Titles/Cross Chase (2018-05-19)(Caruso, Fabrizio).png</titleshot><thumbnail>~/../thumbs/Amstrad - GX4000/Named_Boxarts/Cross Chase (2018-05-19)(Caruso, Fabrizio).png</thumbnail><marquee>~/../thumbs/Amstrad - GX4000/Named_Logos/Cross Chase (2018-05-19)(Caruso, Fabrizio).png</marquee></game>
<game><path>./Amstrad GX4000 TOSEC/Cross Chase (2018-07-19)(Caruso, Fabrizio).cpr</path><name>Cross Chase (2018-07-19)(Caruso, Fabrizio)</name><image>~/../thumbs/Amstrad - GX4000/Named_Snaps/Cross Chase (2018-07-19)(Caruso, Fabrizio).png</image><titleshot>~/../thumbs/Amstrad - GX4000/Named_Titles/Cross Chase (2018-07-19)(Caruso, Fabrizio).png</titleshot><thumbnail>~/../thumbs/Amstrad - GX4000/Named_Boxarts/Cross Chase (2018-07-19)(Caruso, Fabrizio).png</thumbnail><marquee>~/../thumbs/Amstrad - GX4000/Named_Logos/Cross Chase (2018-07-19)(Caruso, Fabrizio).png</marquee></game>
<game><path>./Amstrad GX4000 TOSEC/Cross Chase (2018-08-04)(Caruso, Fabrizio).cpr</path><name>Cross Chase (2018-08-04)(Caruso, Fabrizio)</name><image>~/../thumbs/Amstrad - GX4000/Named_Snaps/Cross Chase (2018-08-04)(Caruso, Fabrizio).png</image><titleshot>~/../thumbs/Amstrad - GX4000/Named_Titles/Cross Chase (2018-08-04)(Caruso, Fabrizio).png</titleshot><thumbnail>~/../thumbs/Amstrad - GX4000/Named_Boxarts/Cross Chase (2018-08-04)(Caruso, Fabrizio).png</thumbnail><marquee>~/../thumbs/Amstrad - GX4000/Named_Logos/Cross Chase (2018-08-04)(Caruso, Fabrizio).png</marquee></game>
<game><path>./Amstrad GX4000 TOSEC/Cross Chase (2018-10-29)(Caruso, Fabrizio).cpr</path><name>Cross Chase (2018-10-29)(Caruso, Fabrizio)</name><image>~/../thumbs/Amstrad - GX4000/Named_Snaps/Cross Chase (2018-10-29)(Caruso, Fabrizio).png</image><titleshot>~/../thumbs/Amstrad - GX4000/Named_Titles/Cross Chase (2018-10-29)(Caruso, Fabrizio).png</titleshot><thumbnail>~/../thumbs/Amstrad - GX4000/Named_Boxarts/Cross Chase (2018-10-29)(Caruso, Fabrizio).png</thumbnail><marquee>~/../thumbs/Amstrad - GX4000/Named_Logos/Cross Chase (2018-10-29)(Caruso, Fabrizio).png</marquee></game>
<game><path>./Amstrad GX4000 TOSEC/Cross Chase (2020-04-02)(Caruso, Fabrizio).cpr</path><name>Cross Chase (2020-04-02)(Caruso, Fabrizio)</name><image>~/../thumbs/Amstrad - GX4000/Named_Snaps/Cross Chase (2020-04-02)(Caruso, Fabrizio).png</image><titleshot>~/../thumbs/Amstrad - GX4000/Named_Titles/Cross Chase (2020-04-02)(Caruso, Fabrizio).png</titleshot><thumbnail>~/../thumbs/Amstrad - GX4000/Named_Boxarts/Cross Chase (2020-04-02)(Caruso, Fabrizio).png</thumbnail><marquee>~/../thumbs/Amstrad - GX4000/Named_Logos/Cross Chase (2020-04-02)(Caruso, Fabrizio).png</marquee></game>
<game><path>./Amstrad GX4000 TOSEC/Cross Chase (2021-05-13)(Caruso, Fabrizio).cpr</path><name>Cross Chase (2021-05-13)(Caruso, Fabrizio)</name><image>~/../thumbs/Amstrad - GX4000/Named_Snaps/Cross Chase (2021-05-13)(Caruso, Fabrizio).png</image><titleshot>~/../thumbs/Amstrad - GX4000/Named_Titles/Cross Chase (2021-05-13)(Caruso, Fabrizio).png</titleshot><thumbnail>~/../thumbs/Amstrad - GX4000/Named_Boxarts/Cross Chase (2021-05-13)(Caruso, Fabrizio).png</thumbnail><marquee>~/../thumbs/Amstrad - GX4000/Named_Logos/Cross Chase (2021-05-13)(Caruso, Fabrizio).png</marquee></game>
<game><path>./Amstrad GX4000 TOSEC/Cross Horde (2021-04-16)(Caruso, Fabrizio)[mode0].cpr</path><name>Cross Horde (2021-04-16)(Caruso, Fabrizio)[mode0]</name><image>~/../thumbs/Amstrad - GX4000/Named_Snaps/Cross Horde (2021-04-16)(Caruso, Fabrizio)[mode0].png</image><titleshot>~/../thumbs/Amstrad - GX4000/Named_Titles/Cross Horde (2021-04-16)(Caruso, Fabrizio)[mode0].png</titleshot><thumbnail>~/../thumbs/Amstrad - GX4000/Named_Boxarts/Cross Horde (2021-04-16)(Caruso, Fabrizio)[mode0].png</thumbnail><marquee>~/../thumbs/Amstrad - GX4000/Named_Logos/Cross Horde (2021-04-16)(Caruso, Fabrizio)[mode0].png</marquee></game>
<game><path>./Amstrad GX4000 TOSEC/Cross Horde (2021-04-16)(Caruso, Fabrizio)[mode1][cpcrslib].cpr</path><name>Cross Horde (2021-04-16)(Caruso, Fabrizio)[mode1][cpcrslib]</name><image>~/../thumbs/Amstrad - GX4000/Named_Snaps/Cross Horde (2021-04-16)(Caruso, Fabrizio)[mode1][cpcrslib].png</image><titleshot>~/../thumbs/Amstrad - GX4000/Named_Titles/Cross Horde (2021-04-16)(Caruso, Fabrizio)[mode1][cpcrslib].png</titleshot><thumbnail>~/../thumbs/Amstrad - GX4000/Named_Boxarts/Cross Horde (2021-04-16)(Caruso, Fabrizio)[mode1][cpcrslib].png</thumbnail><marquee>~/../thumbs/Amstrad - GX4000/Named_Logos/Cross Horde (2021-04-16)(Caruso, Fabrizio)[mode1][cpcrslib].png</marquee></game>
<game><path>./Amstrad GX4000 TOSEC/Cross Horde (2021-04-16)(Caruso, Fabrizio)[mode2].cpr</path><name>Cross Horde (2021-04-16)(Caruso, Fabrizio)[mode2]</name><image>~/../thumbs/Amstrad - GX4000/Named_Snaps/Cross Horde (2021-04-16)(Caruso, Fabrizio)[mode2].png</image><titleshot>~/../thumbs/Amstrad - GX4000/Named_Titles/Cross Horde (2021-04-16)(Caruso, Fabrizio)[mode2].png</titleshot><thumbnail>~/../thumbs/Amstrad - GX4000/Named_Boxarts/Cross Horde (2021-04-16)(Caruso, Fabrizio)[mode2].png</thumbnail><marquee>~/../thumbs/Amstrad - GX4000/Named_Logos/Cross Horde (2021-04-16)(Caruso, Fabrizio)[mode2].png</marquee></game>
<game><path>./Amstrad GX4000 TOSEC/Cross Horde v1.0 (2021-05-01)(Caruso, Fabrizio)[mode0].cpr</path><name>Cross Horde v1.0 (2021-05-01)(Caruso, Fabrizio)[mode0]</name><image>~/../thumbs/Amstrad - GX4000/Named_Snaps/Cross Horde v1.0 (2021-05-01)(Caruso, Fabrizio)[mode0].png</image><titleshot>~/../thumbs/Amstrad - GX4000/Named_Titles/Cross Horde v1.0 (2021-05-01)(Caruso, Fabrizio)[mode0].png</titleshot><thumbnail>~/../thumbs/Amstrad - GX4000/Named_Boxarts/Cross Horde v1.0 (2021-05-01)(Caruso, Fabrizio)[mode0].png</thumbnail><marquee>~/../thumbs/Amstrad - GX4000/Named_Logos/Cross Horde v1.0 (2021-05-01)(Caruso, Fabrizio)[mode0].png</marquee></game>
<game><path>./Amstrad GX4000 TOSEC/Cross Horde v1.0 (2021-05-01)(Caruso, Fabrizio)[mode1][cpcrslib].cpr</path><name>Cross Horde v1.0 (2021-05-01)(Caruso, Fabrizio)[mode1][cpcrslib]</name><image>~/../thumbs/Amstrad - GX4000/Named_Snaps/Cross Horde v1.0 (2021-05-01)(Caruso, Fabrizio)[mode1][cpcrslib].png</image><titleshot>~/../thumbs/Amstrad - GX4000/Named_Titles/Cross Horde v1.0 (2021-05-01)(Caruso, Fabrizio)[mode1][cpcrslib].png</titleshot><thumbnail>~/../thumbs/Amstrad - GX4000/Named_Boxarts/Cross Horde v1.0 (2021-05-01)(Caruso, Fabrizio)[mode1][cpcrslib].png</thumbnail><marquee>~/../thumbs/Amstrad - GX4000/Named_Logos/Cross Horde v1.0 (2021-05-01)(Caruso, Fabrizio)[mode1][cpcrslib].png</marquee></game>
<game><path>./Amstrad GX4000 TOSEC/Cross Horde v1.0 (2021-05-01)(Caruso, Fabrizio)[mode2].cpr</path><name>Cross Horde v1.0 (2021-05-01)(Caruso, Fabrizio)[mode2]</name><image>~/../thumbs/Amstrad - GX4000/Named_Snaps/Cross Horde v1.0 (2021-05-01)(Caruso, Fabrizio)[mode2].png</image><titleshot>~/../thumbs/Amstrad - GX4000/Named_Titles/Cross Horde v1.0 (2021-05-01)(Caruso, Fabrizio)[mode2].png</titleshot><thumbnail>~/../thumbs/Amstrad - GX4000/Named_Boxarts/Cross Horde v1.0 (2021-05-01)(Caruso, Fabrizio)[mode2].png</thumbnail><marquee>~/../thumbs/Amstrad - GX4000/Named_Logos/Cross Horde v1.0 (2021-05-01)(Caruso, Fabrizio)[mode2].png</marquee></game>
<game><path>./Amstrad GX4000 TOSEC/Cross Shoot (2020-07-03)(Caruso, Fabrizio).cpr</path><name>Cross Shoot (2020-07-03)(Caruso, Fabrizio)</name><image>~/../thumbs/Amstrad - GX4000/Named_Snaps/Cross Shoot (2020-07-03)(Caruso, Fabrizio).png</image><titleshot>~/../thumbs/Amstrad - GX4000/Named_Titles/Cross Shoot (2020-07-03)(Caruso, Fabrizio).png</titleshot><thumbnail>~/../thumbs/Amstrad - GX4000/Named_Boxarts/Cross Shoot (2020-07-03)(Caruso, Fabrizio).png</thumbnail><marquee>~/../thumbs/Amstrad - GX4000/Named_Logos/Cross Shoot (2020-07-03)(Caruso, Fabrizio).png</marquee></game>
<game><path>./Amstrad GX4000 TOSEC/Cross Snake Preview (2020-12-05)(Caruso, Fabrizio).cpr</path><name>Cross Snake Preview (2020-12-05)(Caruso, Fabrizio)</name><image>~/../thumbs/Amstrad - GX4000/Named_Snaps/Cross Snake Preview (2020-12-05)(Caruso, Fabrizio).png</image><titleshot>~/../thumbs/Amstrad - GX4000/Named_Titles/Cross Snake Preview (2020-12-05)(Caruso, Fabrizio).png</titleshot><thumbnail>~/../thumbs/Amstrad - GX4000/Named_Boxarts/Cross Snake Preview (2020-12-05)(Caruso, Fabrizio).png</thumbnail><marquee>~/../thumbs/Amstrad - GX4000/Named_Logos/Cross Snake Preview (2020-12-05)(Caruso, Fabrizio).png</marquee></game>
<game><path>./Amstrad GX4000 TOSEC/Cross Snake v1.0 (2020-12-12)(Caruso, Fabrizio)[mode0].cpr</path><name>Cross Snake v1.0 (2020-12-12)(Caruso, Fabrizio)[mode0]</name><image>~/../thumbs/Amstrad - GX4000/Named_Snaps/Cross Snake v1.0 (2020-12-12)(Caruso, Fabrizio)[mode0].png</image><titleshot>~/../thumbs/Amstrad - GX4000/Named_Titles/Cross Snake v1.0 (2020-12-12)(Caruso, Fabrizio)[mode0].png</titleshot><thumbnail>~/../thumbs/Amstrad - GX4000/Named_Boxarts/Cross Snake v1.0 (2020-12-12)(Caruso, Fabrizio)[mode0].png</thumbnail><marquee>~/../thumbs/Amstrad - GX4000/Named_Logos/Cross Snake v1.0 (2020-12-12)(Caruso, Fabrizio)[mode0].png</marquee></game>
<game><path>./Amstrad GX4000 TOSEC/Cross Snake v1.0 (2020-12-12)(Caruso, Fabrizio)[mode1][cpcrslib].cpr</path><name>Cross Snake v1.0 (2020-12-12)(Caruso, Fabrizio)[mode1][cpcrslib]</name><image>~/../thumbs/Amstrad - GX4000/Named_Snaps/Cross Snake v1.0 (2020-12-12)(Caruso, Fabrizio)[mode1][cpcrslib].png</image><titleshot>~/../thumbs/Amstrad - GX4000/Named_Titles/Cross Snake v1.0 (2020-12-12)(Caruso, Fabrizio)[mode1][cpcrslib].png</titleshot><thumbnail>~/../thumbs/Amstrad - GX4000/Named_Boxarts/Cross Snake v1.0 (2020-12-12)(Caruso, Fabrizio)[mode1][cpcrslib].png</thumbnail><marquee>~/../thumbs/Amstrad - GX4000/Named_Logos/Cross Snake v1.0 (2020-12-12)(Caruso, Fabrizio)[mode1][cpcrslib].png</marquee></game>
<game><path>./Amstrad GX4000 TOSEC/Cross Snake v1.0 (2020-12-12)(Caruso, Fabrizio)[mode2].cpr</path><name>Cross Snake v1.0 (2020-12-12)(Caruso, Fabrizio)[mode2]</name><image>~/../thumbs/Amstrad - GX4000/Named_Snaps/Cross Snake v1.0 (2020-12-12)(Caruso, Fabrizio)[mode2].png</image><titleshot>~/../thumbs/Amstrad - GX4000/Named_Titles/Cross Snake v1.0 (2020-12-12)(Caruso, Fabrizio)[mode2].png</titleshot><thumbnail>~/../thumbs/Amstrad - GX4000/Named_Boxarts/Cross Snake v1.0 (2020-12-12)(Caruso, Fabrizio)[mode2].png</thumbnail><marquee>~/../thumbs/Amstrad - GX4000/Named_Logos/Cross Snake v1.0 (2020-12-12)(Caruso, Fabrizio)[mode2].png</marquee></game>
<game><path>./Amstrad GX4000 TOSEC/Cross Snake v2.0 (2020-12-31)(Caruso, Fabrizio)[mode0].cpr</path><name>Cross Snake v2.0 (2020-12-31)(Caruso, Fabrizio)[mode0]</name><image>~/../thumbs/Amstrad - GX4000/Named_Snaps/Cross Snake v2.0 (2020-12-31)(Caruso, Fabrizio)[mode0].png</image><titleshot>~/../thumbs/Amstrad - GX4000/Named_Titles/Cross Snake v2.0 (2020-12-31)(Caruso, Fabrizio)[mode0].png</titleshot><thumbnail>~/../thumbs/Amstrad - GX4000/Named_Boxarts/Cross Snake v2.0 (2020-12-31)(Caruso, Fabrizio)[mode0].png</thumbnail><marquee>~/../thumbs/Amstrad - GX4000/Named_Logos/Cross Snake v2.0 (2020-12-31)(Caruso, Fabrizio)[mode0].png</marquee></game>
<game><path>./Amstrad GX4000 TOSEC/Cross Snake v2.0 (2020-12-31)(Caruso, Fabrizio)[mode1][cpcrslib].cpr</path><name>Cross Snake v2.0 (2020-12-31)(Caruso, Fabrizio)[mode1][cpcrslib]</name><image>~/../thumbs/Amstrad - GX4000/Named_Snaps/Cross Snake v2.0 (2020-12-31)(Caruso, Fabrizio)[mode1][cpcrslib].png</image><titleshot>~/../thumbs/Amstrad - GX4000/Named_Titles/Cross Snake v2.0 (2020-12-31)(Caruso, Fabrizio)[mode1][cpcrslib].png</titleshot><thumbnail>~/../thumbs/Amstrad - GX4000/Named_Boxarts/Cross Snake v2.0 (2020-12-31)(Caruso, Fabrizio)[mode1][cpcrslib].png</thumbnail><marquee>~/../thumbs/Amstrad - GX4000/Named_Logos/Cross Snake v2.0 (2020-12-31)(Caruso, Fabrizio)[mode1][cpcrslib].png</marquee></game>
<game><path>./Amstrad GX4000 TOSEC/Cross Snake v2.0 (2020-12-31)(Caruso, Fabrizio)[mode2].cpr</path><name>Cross Snake v2.0 (2020-12-31)(Caruso, Fabrizio)[mode2]</name><image>~/../thumbs/Amstrad - GX4000/Named_Snaps/Cross Snake v2.0 (2020-12-31)(Caruso, Fabrizio)[mode2].png</image><titleshot>~/../thumbs/Amstrad - GX4000/Named_Titles/Cross Snake v2.0 (2020-12-31)(Caruso, Fabrizio)[mode2].png</titleshot><thumbnail>~/../thumbs/Amstrad - GX4000/Named_Boxarts/Cross Snake v2.0 (2020-12-31)(Caruso, Fabrizio)[mode2].png</thumbnail><marquee>~/../thumbs/Amstrad - GX4000/Named_Logos/Cross Snake v2.0 (2020-12-31)(Caruso, Fabrizio)[mode2].png</marquee></game>
<game><path>./Amstrad GX4000 TOSEC/Cross Verbix (2022-12-05)(Caruso, Fabrizio).cpr</path><name>Cross Verbix (2022-12-05)(Caruso, Fabrizio)</name><image>~/../thumbs/Amstrad - GX4000/Named_Snaps/Cross Verbix (2022-12-05)(Caruso, Fabrizio).png</image><titleshot>~/../thumbs/Amstrad - GX4000/Named_Titles/Cross Verbix (2022-12-05)(Caruso, Fabrizio).png</titleshot><thumbnail>~/../thumbs/Amstrad - GX4000/Named_Boxarts/Cross Verbix (2022-12-05)(Caruso, Fabrizio).png</thumbnail><marquee>~/../thumbs/Amstrad - GX4000/Named_Logos/Cross Verbix (2022-12-05)(Caruso, Fabrizio).png</marquee></game>
<game><path>./Amstrad GX4000 TOSEC/Missile Command (2022)(Ayor61 - TITAN)(FR).cpr</path><name>Missile Command (2022)(Ayor61 - TITAN)(FR)</name><image>~/../thumbs/Amstrad - GX4000/Named_Snaps/Missile Command (2022)(Ayor61 - TITAN)(FR).png</image><titleshot>~/../thumbs/Amstrad - GX4000/Named_Titles/Missile Command (2022)(Ayor61 - TITAN)(FR).png</titleshot><thumbnail>~/../thumbs/Amstrad - GX4000/Named_Boxarts/Missile Command (2022)(Ayor61 - TITAN)(FR).png</thumbnail><marquee>~/../thumbs/Amstrad - GX4000/Named_Logos/Missile Command (2022)(Ayor61 - TITAN)(FR).png</marquee></game>
<game><path>./Amstrad GX4000 TOSEC/Tenebra (2022-12-07)(Haplo)(AU).cpr</path><name>Tenebra (2022-12-07)(Haplo)(AU)</name><image>~/../thumbs/Amstrad - GX4000/Named_Snaps/Tenebra (2022-12-07)(Haplo)(AU).png</image><titleshot>~/../thumbs/Amstrad - GX4000/Named_Titles/Tenebra (2022-12-07)(Haplo)(AU).png</titleshot><thumbnail>~/../thumbs/Amstrad - GX4000/Named_Boxarts/Tenebra (2022-12-07)(Haplo)(AU).png</thumbnail><marquee>~/../thumbs/Amstrad - GX4000/Named_Logos/Tenebra (2022-12-07)(Haplo)(AU).png</marquee></game>
<folder><path>./Amstrad GX4000 TOSEC</path><name>Amstrad GX4000 TOSEC</name><image>~/../thumb/gx4000.png</image></folder>
</gameList>
