<gameList>
<game><path>./NoIntro/Alien Invasion (USA).zip</path><name>Alien Invasion (USA)</name><image>~/../thumbs/Fairchild - Channel F/Named_Snaps/Alien Invasion (USA).png</image></game>
<game><path>./NoIntro/Backgammon, Acey-Deucey (USA).zip</path><name>Backgammon, Acey-Deucey (USA)</name><image>~/../thumbs/Fairchild - Channel F/Named_Snaps/Backgammon, Acey-Deucey (USA).png</image></game>
<game><path>./NoIntro/Baseball (USA).zip</path><name>Baseball (USA)</name><image>~/../thumbs/Fairchild - Channel F/Named_Snaps/Baseball (USA).png</image></game>
<game><path>./NoIntro/Bowling (USA).zip</path><name>Bowling (USA)</name><image>~/../thumbs/Fairchild - Channel F/Named_Snaps/Bowling (USA).png</image></game>
<game><path>./NoIntro/Casino Poker (USA).zip</path><name>Casino Poker (USA)</name><image>~/../thumbs/Fairchild - Channel F/Named_Snaps/Casino Poker (USA).png</image></game>
<game><path>./NoIntro/Checkers (USA).zip</path><name>Checkers (USA)</name><image>~/../thumbs/Fairchild - Channel F/Named_Snaps/Checkers (USA).png</image></game>
<game><path>./NoIntro/Demonstration Cartridge (USA).zip</path><name>Demonstration Cartridge (USA)</name><image>~/../thumbs/Fairchild - Channel F/Named_Snaps/Demonstration Cartridge (USA).png</image></game>
<game><path>./NoIntro/Demonstration Cartridge 2 (USA).zip</path><name>Demonstration Cartridge 2 (USA)</name><image>~/../thumbs/Fairchild - Channel F/Named_Snaps/Demonstration Cartridge 2 (USA).png</image></game>
<game><path>./NoIntro/Desert Fox, Shooting Gallery (USA).zip</path><name>Desert Fox, Shooting Gallery (USA)</name><image>~/../thumbs/Fairchild - Channel F/Named_Snaps/Desert Fox, Shooting Gallery (USA).png</image></game>
<game><path>./NoIntro/Dodge It (USA).zip</path><name>Dodge It (USA)</name><image>~/../thumbs/Fairchild - Channel F/Named_Snaps/Dodge It (USA).png</image></game>
<game><path>./NoIntro/Drag Race (USA).zip</path><name>Drag Race (USA)</name><image>~/../thumbs/Fairchild - Channel F/Named_Snaps/Drag Race (USA).png</image></game>
<game><path>./NoIntro/Galactic Space Wars, Lunar Lander (USA).zip</path><name>Galactic Space Wars, Lunar Lander (USA)</name><image>~/../thumbs/Fairchild - Channel F/Named_Snaps/Galactic Space Wars, Lunar Lander (USA).png</image></game>
<game><path>./NoIntro/Hangman (USA).zip</path><name>Hangman (USA)</name><image>~/../thumbs/Fairchild - Channel F/Named_Snaps/Hangman (USA).png</image></game>
<game><path>./NoIntro/Magic Numbers - Mind Reader + Nim (USA).zip</path><name>Magic Numbers - Mind Reader + Nim (USA)</name><image>~/../thumbs/Fairchild - Channel F/Named_Snaps/Magic Numbers - Mind Reader + Nim (USA).png</image></game>
<game><path>./NoIntro/Math Quiz I - Addition + Subtraction (USA).zip</path><name>Math Quiz I - Addition + Subtraction (USA)</name><image>~/../thumbs/Fairchild - Channel F/Named_Snaps/Math Quiz I - Addition + Subtraction (USA).png</image></game>
<game><path>./NoIntro/Math Quiz II - Multiplication + Division (USA).zip</path><name>Math Quiz II - Multiplication + Division (USA)</name><image>~/../thumbs/Fairchild - Channel F/Named_Snaps/Math Quiz II - Multiplication + Division (USA).png</image></game>
<game><path>./NoIntro/Maze, Jailbreak, Blind-man's-bluff, Trailblazer (USA) (Alt).zip</path><name>Maze, Jailbreak, Blind-man's-bluff, Trailblazer (USA) (Alt)</name><image>~/../thumbs/Fairchild - Channel F/Named_Snaps/Maze, Jailbreak, Blind-man's-bluff, Trailblazer (USA).png</image></game>
<game><path>./NoIntro/Maze, Jailbreak, Blind-man's-bluff, Trailblazer (USA).zip</path><name>Maze, Jailbreak, Blind-man's-bluff, Trailblazer (USA)</name><image>~/../thumbs/Fairchild - Channel F/Named_Snaps/Maze, Jailbreak, Blind-man's-bluff, Trailblazer (USA).png</image></game>
<game><path>./NoIntro/Memory Match 1 & 2 (USA).zip</path><name>Memory Match 1 & 2 (USA)</name><image>~/../thumbs/Fairchild - Channel F/Named_Snaps/Memory Match 1 & 2 (USA).png</image></game>
<game><path>./NoIntro/Muehle, Tontauben-Schiessen, Kreatives Malspiel, Videoscope (Germany).zip</path><name>Muehle, Tontauben-Schiessen, Kreatives Malspiel, Videoscope (Germany)</name><image>~/../thumbs/Fairchild - Channel F/Named_Snaps/Muehle, Tontauben-Schiessen, Kreatives Malspiel, Videoscope (Germany).png</image></game>
<game><path>./NoIntro/Ordtaevling (Sweden).zip</path><name>Ordtaevling (Sweden)</name><image>~/../thumbs/Fairchild - Channel F/Named_Snaps/Ordtaevling (Sweden).png</image></game>
<game><path>./NoIntro/Pinball Challenge (USA) (Alt).zip</path><name>Pinball Challenge (USA) (Alt)</name><image>~/../thumbs/Fairchild - Channel F/Named_Snaps/Pinball Challenge (USA).png</image></game>
<game><path>./NoIntro/Pinball Challenge (USA).zip</path><name>Pinball Challenge (USA)</name><image>~/../thumbs/Fairchild - Channel F/Named_Snaps/Pinball Challenge (USA).png</image></game>
<game><path>./NoIntro/Pro Football (USA).zip</path><name>Pro Football (USA)</name><image>~/../thumbs/Fairchild - Channel F/Named_Snaps/Pro Football (USA).png</image></game>
<game><path>./NoIntro/Rat' Mal (Germany).zip</path><name>Rat' Mal (Germany)</name><image>~/../thumbs/Fairchild - Channel F/Named_Snaps/Rat' Mal (Germany).png</image></game>
<game><path>./NoIntro/Robot War, Torpedo Alley (USA).zip</path><name>Robot War, Torpedo Alley (USA)</name><image>~/../thumbs/Fairchild - Channel F/Named_Snaps/Robot War, Torpedo Alley (USA).png</image></game>
<game><path>./NoIntro/Schach (Germany).zip</path><name>Schach (Germany)</name><image>~/../thumbs/Fairchild - Channel F/Named_Snaps/Schach (Germany).png</image></game>
<game><path>./NoIntro/Slot Machine (USA).zip</path><name>Slot Machine (USA)</name><image>~/../thumbs/Fairchild - Channel F/Named_Snaps/Slot Machine (USA).png</image></game>
<game><path>./NoIntro/Sonar Search (USA).zip</path><name>Sonar Search (USA)</name><image>~/../thumbs/Fairchild - Channel F/Named_Snaps/Sonar Search (USA).png</image></game>
<game><path>./NoIntro/Space War (USA).zip</path><name>Space War (USA)</name><image>~/../thumbs/Fairchild - Channel F/Named_Snaps/Space War (USA).png</image></game>
<game><path>./NoIntro/Spitfire (USA).zip</path><name>Spitfire (USA)</name><image>~/../thumbs/Fairchild - Channel F/Named_Snaps/Spitfire (USA).png</image></game>
<game><path>./NoIntro/Tic-Tac-Toe, Shooting Gallery, Doodle, Quadra-Doodle (USA).zip</path><name>Tic-Tac-Toe, Shooting Gallery, Doodle, Quadra-Doodle (USA)</name><image>~/../thumbs/Fairchild - Channel F/Named_Snaps/Tic-Tac-Toe, Shooting Gallery, Doodle, Quadra-Doodle (USA).png</image></game>
<game><path>./NoIntro/Video Blackjack (USA).zip</path><name>Video Blackjack (USA)</name><image>~/../thumbs/Fairchild - Channel F/Named_Snaps/Video Blackjack (USA).png</image></game>
<game><path>./NoIntro/Video Whizball (USA).zip</path><name>Video Whizball (USA)</name><image>~/../thumbs/Fairchild - Channel F/Named_Snaps/Video Whizball (USA).png</image></game>
<game><path>./NoIntro/[BIOS] Fairchild Channel F (USA) (SL31253).zip</path><name>[BIOS] Fairchild Channel F (USA) (SL31253)</name><image>~/../thumbs/Fairchild - Channel F/Named_Snaps/[BIOS] Fairchild Channel F (USA).png</image></game>
<game><path>./NoIntro/[BIOS] Fairchild Channel F (USA) (SL31254).zip</path><name>[BIOS] Fairchild Channel F (USA) (SL31254)</name><image>~/../thumbs/Fairchild - Channel F/Named_Snaps/[BIOS] Fairchild Channel F (USA).png</image></game>
<game><path>./NoIntro/[BIOS] Fairchild Channel F (USA) (SL90025).zip</path><name>[BIOS] Fairchild Channel F (USA) (SL90025)</name><image>~/../thumbs/Fairchild - Channel F/Named_Snaps/[BIOS] Fairchild Channel F (USA).png</image></game>
<folder><path>./NoIntro</path><name>NoIntro</name><image>~/../thumb/channelf.png</image></folder>
<game><path>./TOSEC/2048-F8 (2021-05-26)(Arlasoft).zip</path><name>2048-F8 (2021-05-26)(Arlasoft)</name><image>~/../thumbs/Fairchild - Channel F/Named_Snaps/2048-F8 (2021-05-26).png</image></game>
<game><path>./TOSEC/3rees (2021-05-26)(Arlasoft).zip</path><name>3rees (2021-05-26)(Arlasoft)</name><image>~/../thumbs/Fairchild - Channel F/Named_Snaps/3rees (2021-05-26).png</image></game>
<game><path>./TOSEC/Alien Invasion (1978)(Zircon).zip</path><name>Alien Invasion (1978)(Zircon)</name><image>~/../thumbs/Fairchild - Channel F/Named_Snaps/Alien Invasion (1978).png</image></game>
<game><path>./TOSEC/Backgammon + Acey-Ducey (1977)(Fairchild).zip</path><name>Backgammon + Acey-Ducey (1977)(Fairchild)</name><image>~/../thumbs/Fairchild - Channel F/Named_Snaps/Backgammon + Acey-Ducey (1977).png</image></game>
<game><path>./TOSEC/Baseball (1977)(Fairchild).zip</path><name>Baseball (1977)(Fairchild)</name><image>~/../thumbs/Fairchild - Channel F/Named_Snaps/Baseball (1977).png</image></game>
<game><path>./TOSEC/Bowling (1978)(Fairchild).zip</path><name>Bowling (1978)(Fairchild)</name><image>~/../thumbs/Fairchild - Channel F/Named_Snaps/Bowling (1978).png</image></game>
<game><path>./TOSEC/Boxing v3 (2022-09-13)(Mikebloke).zip</path><name>Boxing v3 (2022-09-13)(Mikebloke)</name><image>~/../thumbs/Fairchild - Channel F/Named_Snaps/Boxing v3 (2022-09-13).png</image></game>
<game><path>./TOSEC/Bucket Filler v3 (2022-09-13)(Mikebloke).zip</path><name>Bucket Filler v3 (2022-09-13)(Mikebloke)</name><image>~/../thumbs/Fairchild - Channel F/Named_Snaps/Bucket Filler v3 (2022-09-13).png</image></game>
<game><path>./TOSEC/Casino Poker (1978)(Zircon).zip</path><name>Casino Poker (1978)(Zircon)</name><image>~/../thumbs/Fairchild - Channel F/Named_Snaps/Casino Poker (1978).png</image></game>
<game><path>./TOSEC/Cathode Ray Tube Amusement Device (2022-09-30)(Mikebloke).zip</path><name>Cathode Ray Tube Amusement Device (2022-09-30)(Mikebloke)</name><image>~/../thumbs/Fairchild - Channel F/Named_Snaps/Cathode Ray Tube Amusement Device (2022-09-30).png</image></game>
<game><path>./TOSEC/Centipede v1.01 (2021-10-01)(Arlasoft).zip</path><name>Centipede v1.01 (2021-10-01)(Arlasoft)</name><image>~/../thumbs/Fairchild - Channel F/Named_Snaps/Centipede v1.01 (2021-10-01).png</image></game>
<game><path>./TOSEC/Channel F Multi-Cart (2004)(Riddle, Sean).zip</path><name>Channel F Multi-Cart (2004)(Riddle, Sean)</name><image>~/../thumbs/Fairchild - Channel F/Named_Snaps/Channel F Multi-Cart (2004).png</image></game>
<game><path>./TOSEC/Channel F Multi-Cart (2004)(Riddle, Sean)[a].zip</path><name>Channel F Multi-Cart (2004)(Riddle, Sean)[a]</name><image>~/../thumbs/Fairchild - Channel F/Named_Snaps/Channel F Multi-Cart (2004).png</image></game>
<game><path>./TOSEC/Checkers (1978)(Zircon).zip</path><name>Checkers (1978)(Zircon)</name><image>~/../thumbs/Fairchild - Channel F/Named_Snaps/Checkers (1978).png</image></game>
<game><path>./TOSEC/Clay Pigeon Shooting (2022-09-13)(Mikebloke)[Philips Telespiel ES-2201 port].zip</path><name>Clay Pigeon Shooting (2022-09-13)(Mikebloke)[Philips Telespiel ES-2201 port]</name><image>~/../thumbs/Fairchild - Channel F/Named_Snaps/Clay Pigeon Shooting (2022-09-13).png</image></game>
<game><path>./TOSEC/Desert Fox + Shooting Gallery (1976)(Fairchild).zip</path><name>Desert Fox + Shooting Gallery (1976)(Fairchild)</name><image>~/../thumbs/Fairchild - Channel F/Named_Snaps/Desert Fox + Shooting Gallery (1976).png</image></game>
<game><path>./TOSEC/Dodge-It (1978)(Fairchild).zip</path><name>Dodge-It (1978)(Fairchild)</name><image>~/../thumbs/Fairchild - Channel F/Named_Snaps/Dodge-It (1978).png</image></game>
<game><path>./TOSEC/Drag Race (1977)(Fairchild).zip</path><name>Drag Race (1977)(Fairchild)</name><image>~/../thumbs/Fairchild - Channel F/Named_Snaps/Drag Race (1977).png</image></game>
<game><path>./TOSEC/Draw Poker (197x)(Zircon)(proto).zip</path><name>Draw Poker (197x)(Zircon)(proto)</name><image>~/../thumbs/Fairchild - Channel F/Named_Snaps/Draw Poker (197x).png</image></game>
<game><path>./TOSEC/F8 of Nations (200x)(nycurt)(PD).zip</path><name>F8 of Nations (200x)(nycurt)(PD)</name><image>~/../thumbs/Fairchild - Channel F/Named_Snaps/F8 of Nations (200x).png</image></game>
<game><path>./TOSEC/F8 of Nations (200x)(nycurt)(PD)[a].zip</path><name>F8 of Nations (200x)(nycurt)(PD)[a]</name><image>~/../thumbs/Fairchild - Channel F/Named_Snaps/F8 of Nations (200x).png</image></game>
<game><path>./TOSEC/Fnvader (2022-08-31)(Arlasoft).zip</path><name>Fnvader (2022-08-31)(Arlasoft)</name><image>~/../thumbs/Fairchild - Channel F/Named_Snaps/Fnvader (2022-08-31).png</image></game>
<game><path>./TOSEC/Football (197x)(Zircon)(proto).zip</path><name>Football (197x)(Zircon)(proto)</name><image>~/../thumbs/Fairchild - Channel F/Named_Snaps/Football (197x).png</image></game>
<game><path>./TOSEC/Galactic Space Wars + Luna Lander (1978)(Zircon).zip</path><name>Galactic Space Wars + Luna Lander (1978)(Zircon)</name><image>~/../thumbs/Fairchild - Channel F/Named_Snaps/Galactic Space Wars + Luna Lander (1978).png</image></game>
<game><path>./TOSEC/Ghost Chaser (2022-09-13)(Mikebloke)[Philips Telespiel ES-2201 port].zip</path><name>Ghost Chaser (2022-09-13)(Mikebloke)[Philips Telespiel ES-2201 port]</name><image>~/../thumbs/Fairchild - Channel F/Named_Snaps/Ghost Chaser (2022-09-13).png</image></game>
<game><path>./TOSEC/Glactic Space War (197x)(Zircon)(proto).zip</path><name>Glactic Space War (197x)(Zircon)(proto)</name><image>~/../thumbs/Fairchild - Channel F/Named_Snaps/Glactic Space War (197x).png</image></game>
<game><path>./TOSEC/Hangman (1978)(Fairchild).zip</path><name>Hangman (1978)(Fairchild)</name><image>~/../thumbs/Fairchild - Channel F/Named_Snaps/Hangman (1978).png</image></game>
<game><path>./TOSEC/Hangman (1978)(Fairchild)[h].zip</path><name>Hangman (1978)(Fairchild)[h]</name><image>~/../thumbs/Fairchild - Channel F/Named_Snaps/Hangman (1978).png</image></game>
<game><path>./TOSEC/Hide and Seek (2022-09-16)(Mikebloke).zip</path><name>Hide and Seek (2022-09-16)(Mikebloke)</name><image>~/../thumbs/Fairchild - Channel F/Named_Snaps/Hide and Seek (2022-09-16).png</image></game>
<game><path>./TOSEC/Hockey + Tennis (1976)(Fairchild)[bios rip].zip</path><name>Hockey + Tennis (1976)(Fairchild)[bios rip]</name><image>~/../thumbs/Fairchild - Channel F/Named_Snaps/Hockey + Tennis (1976).png</image></game>
<game><path>./TOSEC/Lights Out (2004)(Riddle, Sean)(PD).zip</path><name>Lights Out (2004)(Riddle, Sean)(PD)</name><image>~/../thumbs/Fairchild - Channel F/Named_Snaps/Lights Out (2004).png</image></game>
<game><path>./TOSEC/Lights Out (2004)(Riddle, Sean)(PD)[a2].zip</path><name>Lights Out (2004)(Riddle, Sean)(PD)[a2]</name><image>~/../thumbs/Fairchild - Channel F/Named_Snaps/Lights Out (2004).png</image></game>
<game><path>./TOSEC/Lights Out (2004)(Riddle, Sean)(PD)[a].zip</path><name>Lights Out (2004)(Riddle, Sean)(PD)[a]</name><image>~/../thumbs/Fairchild - Channel F/Named_Snaps/Lights Out (2004).png</image></game>
<game><path>./TOSEC/Magic Numbers + Mind Reader + Nim (1977)(Fairchild).zip</path><name>Magic Numbers + Mind Reader + Nim (1977)(Fairchild)</name><image>~/../thumbs/Fairchild - Channel F/Named_Snaps/Magic Numbers + Mind Reader + Nim (1977).png</image></game>
<game><path>./TOSEC/Math Quiz I - Addition + Subtraction (1976)(Fairchild).zip</path><name>Math Quiz I - Addition + Subtraction (1976)(Fairchild)</name><image>~/../thumbs/Fairchild - Channel F/Named_Snaps/Math Quiz I - Addition + Subtraction (1976).png</image></game>
<game><path>./TOSEC/Math Quiz II - Multiplication + Division (1977)(Fairchild).zip</path><name>Math Quiz II - Multiplication + Division (1977)(Fairchild)</name><image>~/../thumbs/Fairchild - Channel F/Named_Snaps/Math Quiz II - Multiplication + Division (1977).png</image></game>
<game><path>./TOSEC/Maze + Jailbreak + Blind-man's-bluff + Trailblazer (1977)(Fairchild).zip</path><name>Maze + Jailbreak + Blind-man's-bluff + Trailblazer (1977)(Fairchild)</name><image>~/../thumbs/Fairchild - Channel F/Named_Snaps/Maze + Jailbreak + Blind-man's-bluff + Trailblazer (1977).png</image></game>
<game><path>./TOSEC/Maze + Jailbreak + Blind-man's-bluff + Trailblazer (1977)(Fairchild)[a].zip</path><name>Maze + Jailbreak + Blind-man's-bluff + Trailblazer (1977)(Fairchild)[a]</name><image>~/../thumbs/Fairchild - Channel F/Named_Snaps/Maze + Jailbreak + Blind-man's-bluff + Trailblazer (1977).png</image></game>
<game><path>./TOSEC/Maze + Jailbreak + Blind-man's-bluff + Trailblazer (1977)(Fairchild)[b].zip</path><name>Maze + Jailbreak + Blind-man's-bluff + Trailblazer (1977)(Fairchild)[b]</name><image>~/../thumbs/Fairchild - Channel F/Named_Snaps/Maze + Jailbreak + Blind-man's-bluff + Trailblazer (1977).png</image></game>
<game><path>./TOSEC/Maze + Jailbreak + Blind-man's-bluff + Trailblazer (1977)(Fairchild)[h].zip</path><name>Maze + Jailbreak + Blind-man's-bluff + Trailblazer (1977)(Fairchild)[h]</name><image>~/../thumbs/Fairchild - Channel F/Named_Snaps/Maze + Jailbreak + Blind-man's-bluff + Trailblazer (1977).png</image></game>
<game><path>./TOSEC/Memory Match (1978)(Fairchild).zip</path><name>Memory Match (1978)(Fairchild)</name><image>~/../thumbs/Fairchild - Channel F/Named_Snaps/Memory Match (1978).png</image></game>
<game><path>./TOSEC/Ordtavling (1978)(Luxor)(SE).zip</path><name>Ordtavling (1978)(Luxor)(SE)</name><image>~/../thumbs/Fairchild - Channel F/Named_Snaps/Ordtavling (1978).png</image></game>
<game><path>./TOSEC/Pac-Man (2004)(Blackbird - e5frog)[p].zip</path><name>Pac-Man (2004)(Blackbird - e5frog)[p]</name><image>~/../thumbs/Fairchild - Channel F/Named_Snaps/Pac-Man (2004).png</image></game>
<game><path>./TOSEC/Pac-Man (2004)(Blackbird - e5frog)[p][a2].zip</path><name>Pac-Man (2004)(Blackbird - e5frog)[p][a2]</name><image>~/../thumbs/Fairchild - Channel F/Named_Snaps/Pac-Man (2004).png</image></game>
<game><path>./TOSEC/Pac-Man (2004)(Blackbird - e5frog)[p][a3].zip</path><name>Pac-Man (2004)(Blackbird - e5frog)[p][a3]</name><image>~/../thumbs/Fairchild - Channel F/Named_Snaps/Pac-Man (2004).png</image></game>
<game><path>./TOSEC/Pac-Man (2004)(Blackbird - e5frog)[p][a4].zip</path><name>Pac-Man (2004)(Blackbird - e5frog)[p][a4]</name><image>~/../thumbs/Fairchild - Channel F/Named_Snaps/Pac-Man (2004).png</image></game>
<game><path>./TOSEC/Pac-Man (2004)(Blackbird - e5frog)[p][a5].zip</path><name>Pac-Man (2004)(Blackbird - e5frog)[p][a5]</name><image>~/../thumbs/Fairchild - Channel F/Named_Snaps/Pac-Man (2004).png</image></game>
<game><path>./TOSEC/Pac-Man (2004)(Blackbird - e5frog)[p][a6].zip</path><name>Pac-Man (2004)(Blackbird - e5frog)[p][a6]</name><image>~/../thumbs/Fairchild - Channel F/Named_Snaps/Pac-Man (2004).png</image></game>
<game><path>./TOSEC/Pac-Man (2004)(Blackbird - e5frog)[p][a7].zip</path><name>Pac-Man (2004)(Blackbird - e5frog)[p][a7]</name><image>~/../thumbs/Fairchild - Channel F/Named_Snaps/Pac-Man (2004).png</image></game>
<game><path>./TOSEC/Pac-Man (2004)(Blackbird - e5frog)[p][a8].zip</path><name>Pac-Man (2004)(Blackbird - e5frog)[p][a8]</name><image>~/../thumbs/Fairchild - Channel F/Named_Snaps/Pac-Man (2004).png</image></game>
<game><path>./TOSEC/Pac-Man (2004)(Blackbird - e5frog)[p][a].zip</path><name>Pac-Man (2004)(Blackbird - e5frog)[p][a]</name><image>~/../thumbs/Fairchild - Channel F/Named_Snaps/Pac-Man (2004).png</image></game>
<game><path>./TOSEC/Pac-Man v20041211-14 (2004)(Blackbird - e5frog)[p].zip</path><name>Pac-Man v20041211-14 (2004)(Blackbird - e5frog)[p]</name><image>~/../thumbs/Fairchild - Channel F/Named_Snaps/Pac-Man v20041211-14 (2004).png</image></game>
<game><path>./TOSEC/Pinball Challenge (1978)(Fairchild).zip</path><name>Pinball Challenge (1978)(Fairchild)</name><image>~/../thumbs/Fairchild - Channel F/Named_Snaps/Pinball Challenge (1978).png</image></game>
<game><path>./TOSEC/Pinball Challenge (1978)(Fairchild)[a].zip</path><name>Pinball Challenge (1978)(Fairchild)[a]</name><image>~/../thumbs/Fairchild - Channel F/Named_Snaps/Pinball Challenge (1978).png</image></game>
<game><path>./TOSEC/Pro Football (1978)(Zircon).zip</path><name>Pro Football (1978)(Zircon)</name><image>~/../thumbs/Fairchild - Channel F/Named_Snaps/Pro Football (1978).png</image></game>
<game><path>./TOSEC/Rat' Mal (197x)(SABA)(DE).zip</path><name>Rat' Mal (197x)(SABA)(DE)</name><image>~/../thumbs/Fairchild - Channel F/Named_Snaps/Rat' Mal (197x).png</image></game>
<game><path>./TOSEC/Robot War (1977)(Fairchild)(proto).zip</path><name>Robot War (1977)(Fairchild)(proto)</name><image>~/../thumbs/Fairchild - Channel F/Named_Snaps/Robot War (1977).png</image></game>
<game><path>./TOSEC/Robot War (1977)(Fairchild)(proto)[b].zip</path><name>Robot War (1977)(Fairchild)(proto)[b]</name><image>~/../thumbs/Fairchild - Channel F/Named_Snaps/Robot War (1977).png</image></game>
<game><path>./TOSEC/Robot War + Torpedo Alley (1977)(Fairchild).zip</path><name>Robot War + Torpedo Alley (1977)(Fairchild)</name><image>~/../thumbs/Fairchild - Channel F/Named_Snaps/Robot War + Torpedo Alley (1977).png</image></game>
<game><path>./TOSEC/Schach (197x)(SABA)(DE).zip</path><name>Schach (197x)(SABA)(DE)</name><image>~/../thumbs/Fairchild - Channel F/Named_Snaps/Schach (197x).png</image></game>
<game><path>./TOSEC/Shark (2022-09-13)(Mikebloke).zip</path><name>Shark (2022-09-13)(Mikebloke)</name><image>~/../thumbs/Fairchild - Channel F/Named_Snaps/Shark (2022-09-13).png</image></game>
<game><path>./TOSEC/Slot Machine (1978)(Zircon).zip</path><name>Slot Machine (1978)(Zircon)</name><image>~/../thumbs/Fairchild - Channel F/Named_Snaps/Slot Machine (1978).png</image></game>
<game><path>./TOSEC/Sonar Search (1977)(Fairchild).zip</path><name>Sonar Search (1977)(Fairchild)</name><image>~/../thumbs/Fairchild - Channel F/Named_Snaps/Sonar Search (1977).png</image></game>
<game><path>./TOSEC/Space Race (2023-02-24)(Mikebloke).zip</path><name>Space Race (2023-02-24)(Mikebloke)</name><image>~/../thumbs/Fairchild - Channel F/Named_Snaps/Space Race (2023-02-24).png</image></game>
<game><path>./TOSEC/Space War (1977)(Zircon).zip</path><name>Space War (1977)(Zircon)</name><image>~/../thumbs/Fairchild - Channel F/Named_Snaps/Space War (1977).png</image></game>
<game><path>./TOSEC/Speed Race (2022-10-15)(Mikebloke)[Channel F controller].zip</path><name>Speed Race (2022-10-15)(Mikebloke)[Channel F controller]</name><image>~/../thumbs/Fairchild - Channel F/Named_Snaps/Speed Race (2022-10-15).png</image></game>
<game><path>./TOSEC/Speed Race (2022-10-15)(Mikebloke)[D-Pad].zip</path><name>Speed Race (2022-10-15)(Mikebloke)[D-Pad]</name><image>~/../thumbs/Fairchild - Channel F/Named_Snaps/Speed Race (2022-10-15).png</image></game>
<game><path>./TOSEC/Spitfire (1976)(Zircon)(proto).zip</path><name>Spitfire (1976)(Zircon)(proto)</name><image>~/../thumbs/Fairchild - Channel F/Named_Snaps/Spitfire (1976).png</image></game>
<game><path>./TOSEC/Spitfire (1976)(Zircon)(proto)[b].zip</path><name>Spitfire (1976)(Zircon)(proto)[b]</name><image>~/../thumbs/Fairchild - Channel F/Named_Snaps/Spitfire (1976).png</image></game>
<game><path>./TOSEC/Spitfire (1976)(Zircon).zip</path><name>Spitfire (1976)(Zircon)</name><image>~/../thumbs/Fairchild - Channel F/Named_Snaps/Spitfire (1976).png</image></game>
<game><path>./TOSEC/Submarine (2023-08-09)(Mikebloke).zip</path><name>Submarine (2023-08-09)(Mikebloke)</name><image>~/../thumbs/Fairchild - Channel F/Named_Snaps/Submarine (2023-08-09).png</image></game>
<game><path>./TOSEC/Tents and Trees (2021-05-24)(Arlasoft).zip</path><name>Tents and Trees (2021-05-24)(Arlasoft)</name><image>~/../thumbs/Fairchild - Channel F/Named_Snaps/Tents and Trees (2021-05-24).png</image></game>
<game><path>./TOSEC/Tetris (2004)(Trauner, Peter)[p].zip</path><name>Tetris (2004)(Trauner, Peter)[p]</name><image>~/../thumbs/Fairchild - Channel F/Named_Snaps/Tetris (2004).png</image></game>
<game><path>./TOSEC/Tetris (2004)(Trauner, Peter)[p][a].zip</path><name>Tetris (2004)(Trauner, Peter)[p][a]</name><image>~/../thumbs/Fairchild - Channel F/Named_Snaps/Tetris (2004).png</image></game>
<game><path>./TOSEC/Tic Tac Toe + Shooting Gallery + Doodle + Quadra Doodle (1976)(Fairchild).zip</path><name>Tic Tac Toe + Shooting Gallery + Doodle + Quadra Doodle (1976)(Fairchild)</name><image>~/../thumbs/Fairchild - Channel F/Named_Snaps/Tic Tac Toe + Shooting Gallery + Doodle + Quadra Doodle (1976).png</image></game>
<game><path>./TOSEC/Video Blackjack (1976)(Fairchild).zip</path><name>Video Blackjack (1976)(Fairchild)</name><image>~/../thumbs/Fairchild - Channel F/Named_Snaps/Video Blackjack (1976).png</image></game>
<game><path>./TOSEC/Video Whizball (1978)(Fairchild).zip</path><name>Video Whizball (1978)(Fairchild)</name><image>~/../thumbs/Fairchild - Channel F/Named_Snaps/Video Whizball (1978).png</image></game>
<game><path>./TOSEC/Wrdl-F (2022-03-04)(Arlasoft).zip</path><name>Wrdl-F (2022-03-04)(Arlasoft)</name><image>~/../thumbs/Fairchild - Channel F/Named_Snaps/Wrdl-F (2022-03-04).png</image></game>
<folder><path>./TOSEC</path><name>TOSEC</name><image>~/../thumb/channelf.png</image></folder>
<game><path>./Merged/alieninv.zip</path><name>alieninv</name><image>~/../thumbs/Fairchild - Channel F/Named_Snaps/alieninv.png</image></game>
<game><path>./Merged/backgamm.zip</path><name>backgamm</name><image>~/../thumbs/Fairchild - Channel F/Named_Snaps/backgamm.png</image></game>
<game><path>./Merged/baseball.zip</path><name>baseball</name><image>~/../thumbs/Fairchild - Channel F/Named_Snaps/baseball.png</image></game>
<game><path>./Merged/bowling.zip</path><name>bowling</name><image>~/../thumbs/Fairchild - Channel F/Named_Snaps/bowling.png</image></game>
<game><path>./Merged/casinop.zip</path><name>casinop</name><image>~/../thumbs/Fairchild - Channel F/Named_Snaps/casinop.png</image></game>
<game><path>./Merged/checkers.zip</path><name>checkers</name><image>~/../thumbs/Fairchild - Channel F/Named_Snaps/checkers.png</image></game>
<game><path>./Merged/clrorgan.zip</path><name>clrorgan</name><image>~/../thumbs/Fairchild - Channel F/Named_Snaps/clrorgan.png</image></game>
<game><path>./Merged/democrt1.zip</path><name>democrt1</name><image>~/../thumbs/Fairchild - Channel F/Named_Snaps/democrt1.png</image></game>
<game><path>./Merged/democrt2.zip</path><name>democrt2</name><image>~/../thumbs/Fairchild - Channel F/Named_Snaps/democrt2.png</image></game>
<game><path>./Merged/dodgeit.zip</path><name>dodgeit</name><image>~/../thumbs/Fairchild - Channel F/Named_Snaps/dodgeit.png</image></game>
<game><path>./Merged/dragrace.zip</path><name>dragrace</name><image>~/../thumbs/Fairchild - Channel F/Named_Snaps/dragrace.png</image></game>
<game><path>./Merged/dsrtfox.zip</path><name>dsrtfox</name><image>~/../thumbs/Fairchild - Channel F/Named_Snaps/dsrtfox.png</image></game>
<game><path>./Merged/galactic.zip</path><name>galactic</name><image>~/../thumbs/Fairchild - Channel F/Named_Snaps/galactic.png</image></game>
<game><path>./Merged/hangman.zip</path><name>hangman</name><image>~/../thumbs/Fairchild - Channel F/Named_Snaps/hangman.png</image></game>
<game><path>./Merged/magicnum.zip</path><name>magicnum</name><image>~/../thumbs/Fairchild - Channel F/Named_Snaps/magicnum.png</image></game>
<game><path>./Merged/maze.zip</path><name>maze</name><image>~/../thumbs/Fairchild - Channel F/Named_Snaps/maze.png</image></game>
<game><path>./Merged/memory.zip</path><name>memory</name><image>~/../thumbs/Fairchild - Channel F/Named_Snaps/memory.png</image></game>
<game><path>./Merged/mthquiz1.zip</path><name>mthquiz1</name><image>~/../thumbs/Fairchild - Channel F/Named_Snaps/mthquiz1.png</image></game>
<game><path>./Merged/mthquiz2.zip</path><name>mthquiz2</name><image>~/../thumbs/Fairchild - Channel F/Named_Snaps/mthquiz2.png</image></game>
<game><path>./Merged/multicrt.zip</path><name>multicrt</name><image>~/../thumbs/Fairchild - Channel F/Named_Snaps/multicrt.png</image></game>
<game><path>./Merged/pfootbll.zip</path><name>pfootbll</name><image>~/../thumbs/Fairchild - Channel F/Named_Snaps/pfootbll.png</image></game>
<game><path>./Merged/pinball.zip</path><name>pinball</name><image>~/../thumbs/Fairchild - Channel F/Named_Snaps/pinball.png</image></game>
<game><path>./Merged/robotwar.zip</path><name>robotwar</name><image>~/../thumbs/Fairchild - Channel F/Named_Snaps/robotwar.png</image></game>
<game><path>./Merged/schach.zip</path><name>schach</name><image>~/../thumbs/Fairchild - Channel F/Named_Snaps/schach.png</image></game>
<game><path>./Merged/slotmchn.zip</path><name>slotmchn</name><image>~/../thumbs/Fairchild - Channel F/Named_Snaps/slotmchn.png</image></game>
<game><path>./Merged/sonrsrch.zip</path><name>sonrsrch</name><image>~/../thumbs/Fairchild - Channel F/Named_Snaps/sonrsrch.png</image></game>
<game><path>./Merged/spacewar.zip</path><name>spacewar</name><image>~/../thumbs/Fairchild - Channel F/Named_Snaps/spacewar.png</image></game>
<game><path>./Merged/spitfire.zip</path><name>spitfire</name><image>~/../thumbs/Fairchild - Channel F/Named_Snaps/spitfire.png</image></game>
<game><path>./Merged/tctactoe.zip</path><name>tctactoe</name><image>~/../thumbs/Fairchild - Channel F/Named_Snaps/tctactoe.png</image></game>
<game><path>./Merged/vblckjck.zip</path><name>vblckjck</name><image>~/../thumbs/Fairchild - Channel F/Named_Snaps/vblckjck.png</image></game>
<game><path>./Merged/werbetxt.zip</path><name>werbetxt</name><image>~/../thumbs/Fairchild - Channel F/Named_Snaps/werbetxt.png</image></game>
<game><path>./Merged/whizball.zip</path><name>whizball</name><image>~/../thumbs/Fairchild - Channel F/Named_Snaps/whizball.png</image></game>
<folder><path>./Merged</path><name>Merged</name><image>~/../thumb/channelf.png</image></folder>
<game><path>./Split/alieninv.zip</path><name>alieninv</name><image>~/../thumbs/Fairchild - Channel F/Named_Snaps/alieninv.png</image></game>
<game><path>./Split/backgamm.zip</path><name>backgamm</name><image>~/../thumbs/Fairchild - Channel F/Named_Snaps/backgamm.png</image></game>
<game><path>./Split/baseball.zip</path><name>baseball</name><image>~/../thumbs/Fairchild - Channel F/Named_Snaps/baseball.png</image></game>
<game><path>./Split/bowling.zip</path><name>bowling</name><image>~/../thumbs/Fairchild - Channel F/Named_Snaps/bowling.png</image></game>
<game><path>./Split/casinop.zip</path><name>casinop</name><image>~/../thumbs/Fairchild - Channel F/Named_Snaps/casinop.png</image></game>
<game><path>./Split/checkers.zip</path><name>checkers</name><image>~/../thumbs/Fairchild - Channel F/Named_Snaps/checkers.png</image></game>
<game><path>./Split/clrorgan.zip</path><name>clrorgan</name><image>~/../thumbs/Fairchild - Channel F/Named_Snaps/clrorgan.png</image></game>
<game><path>./Split/democrt1.zip</path><name>democrt1</name><image>~/../thumbs/Fairchild - Channel F/Named_Snaps/democrt1.png</image></game>
<game><path>./Split/democrt2.zip</path><name>democrt2</name><image>~/../thumbs/Fairchild - Channel F/Named_Snaps/democrt2.png</image></game>
<game><path>./Split/dodgeit.zip</path><name>dodgeit</name><image>~/../thumbs/Fairchild - Channel F/Named_Snaps/dodgeit.png</image></game>
<game><path>./Split/dragrace.zip</path><name>dragrace</name><image>~/../thumbs/Fairchild - Channel F/Named_Snaps/dragrace.png</image></game>
<game><path>./Split/drawpkr.zip</path><name>drawpkr</name><image>~/../thumbs/Fairchild - Channel F/Named_Snaps/drawpkr.png</image></game>
<game><path>./Split/dsrtfox.zip</path><name>dsrtfox</name><image>~/../thumbs/Fairchild - Channel F/Named_Snaps/dsrtfox.png</image></game>
<game><path>./Split/football.zip</path><name>football</name><image>~/../thumbs/Fairchild - Channel F/Named_Snaps/football.png</image></game>
<game><path>./Split/galactic.zip</path><name>galactic</name><image>~/../thumbs/Fairchild - Channel F/Named_Snaps/galactic.png</image></game>
<game><path>./Split/galacticp.zip</path><name>galacticp</name><image>~/../thumbs/Fairchild - Channel F/Named_Snaps/galacticp.png</image></game>
<game><path>./Split/hangman.zip</path><name>hangman</name><image>~/../thumbs/Fairchild - Channel F/Named_Snaps/hangman.png</image></game>
<game><path>./Split/magicnum.zip</path><name>magicnum</name><image>~/../thumbs/Fairchild - Channel F/Named_Snaps/magicnum.png</image></game>
<game><path>./Split/maze.zip</path><name>maze</name><image>~/../thumbs/Fairchild - Channel F/Named_Snaps/maze.png</image></game>
<game><path>./Split/mazea.zip</path><name>mazea</name><image>~/../thumbs/Fairchild - Channel F/Named_Snaps/mazea.png</image></game>
<game><path>./Split/memory.zip</path><name>memory</name><image>~/../thumbs/Fairchild - Channel F/Named_Snaps/memory.png</image></game>
<game><path>./Split/mthquiz1.zip</path><name>mthquiz1</name><image>~/../thumbs/Fairchild - Channel F/Named_Snaps/mthquiz1.png</image></game>
<game><path>./Split/mthquiz2.zip</path><name>mthquiz2</name><image>~/../thumbs/Fairchild - Channel F/Named_Snaps/mthquiz2.png</image></game>
<game><path>./Split/muehle.zip</path><name>muehle</name><image>~/../thumbs/Fairchild - Channel F/Named_Snaps/muehle.png</image></game>
<game><path>./Split/multicrt.zip</path><name>multicrt</name><image>~/../thumbs/Fairchild - Channel F/Named_Snaps/multicrt.png</image></game>
<game><path>./Split/multicrto.zip</path><name>multicrto</name><image>~/../thumbs/Fairchild - Channel F/Named_Snaps/multicrto.png</image></game>
<game><path>./Split/ordtvlng.zip</path><name>ordtvlng</name><image>~/../thumbs/Fairchild - Channel F/Named_Snaps/ordtvlng.png</image></game>
<game><path>./Split/pfootbll.zip</path><name>pfootbll</name><image>~/../thumbs/Fairchild - Channel F/Named_Snaps/pfootbll.png</image></game>
<game><path>./Split/pinball.zip</path><name>pinball</name><image>~/../thumbs/Fairchild - Channel F/Named_Snaps/pinball.png</image></game>
<game><path>./Split/pinballa.zip</path><name>pinballa</name><image>~/../thumbs/Fairchild - Channel F/Named_Snaps/pinballa.png</image></game>
<game><path>./Split/ratmal.zip</path><name>ratmal</name><image>~/../thumbs/Fairchild - Channel F/Named_Snaps/ratmal.png</image></game>
<game><path>./Split/robotwar.zip</path><name>robotwar</name><image>~/../thumbs/Fairchild - Channel F/Named_Snaps/robotwar.png</image></game>
<game><path>./Split/robotwarp.zip</path><name>robotwarp</name><image>~/../thumbs/Fairchild - Channel F/Named_Snaps/robotwarp.png</image></game>
<game><path>./Split/schach.zip</path><name>schach</name><image>~/../thumbs/Fairchild - Channel F/Named_Snaps/schach.png</image></game>
<game><path>./Split/slotmchn.zip</path><name>slotmchn</name><image>~/../thumbs/Fairchild - Channel F/Named_Snaps/slotmchn.png</image></game>
<game><path>./Split/sonrsrch.zip</path><name>sonrsrch</name><image>~/../thumbs/Fairchild - Channel F/Named_Snaps/sonrsrch.png</image></game>
<game><path>./Split/spacewar.zip</path><name>spacewar</name><image>~/../thumbs/Fairchild - Channel F/Named_Snaps/spacewar.png</image></game>
<game><path>./Split/spitfire.zip</path><name>spitfire</name><image>~/../thumbs/Fairchild - Channel F/Named_Snaps/spitfire.png</image></game>
<game><path>./Split/spitfirep.zip</path><name>spitfirep</name><image>~/../thumbs/Fairchild - Channel F/Named_Snaps/spitfirep.png</image></game>
<game><path>./Split/tctactoe.zip</path><name>tctactoe</name><image>~/../thumbs/Fairchild - Channel F/Named_Snaps/tctactoe.png</image></game>
<game><path>./Split/vblckjck.zip</path><name>vblckjck</name><image>~/../thumbs/Fairchild - Channel F/Named_Snaps/vblckjck.png</image></game>
<game><path>./Split/werbetxt.zip</path><name>werbetxt</name><image>~/../thumbs/Fairchild - Channel F/Named_Snaps/werbetxt.png</image></game>
<game><path>./Split/whizball.zip</path><name>whizball</name><image>~/../thumbs/Fairchild - Channel F/Named_Snaps/whizball.png</image></game>
<folder><path>./Split</path><name>Split</name><image>~/../thumb/channelf.png</image></folder>
<game><path>./FBN/alieninv.zip</path><name>alieninv</name><image>~/../thumbs/Fairchild - Channel F/Named_Snaps/alieninv.png</image></game>
<game><path>./FBN/backgamm.zip</path><name>backgamm</name><image>~/../thumbs/Fairchild - Channel F/Named_Snaps/backgamm.png</image></game>
<game><path>./FBN/baseball.zip</path><name>baseball</name><image>~/../thumbs/Fairchild - Channel F/Named_Snaps/baseball.png</image></game>
<game><path>./FBN/bowling.zip</path><name>bowling</name><image>~/../thumbs/Fairchild - Channel F/Named_Snaps/bowling.png</image></game>
<game><path>./FBN/builtin.zip</path><name>builtin</name><image>~/../thumbs/Fairchild - Channel F/Named_Snaps/builtin.png</image></game>
<game><path>./FBN/casinop.zip</path><name>casinop</name><image>~/../thumbs/Fairchild - Channel F/Named_Snaps/casinop.png</image></game>
<game><path>./FBN/channelf.zip</path><name>channelf</name><image>~/../thumbs/Fairchild - Channel F/Named_Snaps/channelf.png</image></game>
<game><path>./FBN/checkers.zip</path><name>checkers</name><image>~/../thumbs/Fairchild - Channel F/Named_Snaps/checkers.png</image></game>
<game><path>./FBN/clrorgan.zip</path><name>clrorgan</name><image>~/../thumbs/Fairchild - Channel F/Named_Snaps/clrorgan.png</image></game>
<game><path>./FBN/democrt1.zip</path><name>democrt1</name><image>~/../thumbs/Fairchild - Channel F/Named_Snaps/democrt1.png</image></game>
<game><path>./FBN/democrt2.zip</path><name>democrt2</name><image>~/../thumbs/Fairchild - Channel F/Named_Snaps/democrt2.png</image></game>
<game><path>./FBN/dodgeit.zip</path><name>dodgeit</name><image>~/../thumbs/Fairchild - Channel F/Named_Snaps/dodgeit.png</image></game>
<game><path>./FBN/dragrace.zip</path><name>dragrace</name><image>~/../thumbs/Fairchild - Channel F/Named_Snaps/dragrace.png</image></game>
<game><path>./FBN/drawpkr.zip</path><name>drawpkr</name><image>~/../thumbs/Fairchild - Channel F/Named_Snaps/drawpkr.png</image></game>
<game><path>./FBN/dsrtfox.zip</path><name>dsrtfox</name><image>~/../thumbs/Fairchild - Channel F/Named_Snaps/dsrtfox.png</image></game>
<game><path>./FBN/football.zip</path><name>football</name><image>~/../thumbs/Fairchild - Channel F/Named_Snaps/football.png</image></game>
<game><path>./FBN/galactic.zip</path><name>galactic</name><image>~/../thumbs/Fairchild - Channel F/Named_Snaps/galactic.png</image></game>
<game><path>./FBN/galacticp.zip</path><name>galacticp</name><image>~/../thumbs/Fairchild - Channel F/Named_Snaps/galacticp.png</image></game>
<game><path>./FBN/hangman.zip</path><name>hangman</name><image>~/../thumbs/Fairchild - Channel F/Named_Snaps/hangman.png</image></game>
<game><path>./FBN/lightsout.zip</path><name>lightsout</name><image>~/../thumbs/Fairchild - Channel F/Named_Snaps/lightsout.png</image></game>
<game><path>./FBN/magicnum.zip</path><name>magicnum</name><image>~/../thumbs/Fairchild - Channel F/Named_Snaps/magicnum.png</image></game>
<game><path>./FBN/maze.zip</path><name>maze</name><image>~/../thumbs/Fairchild - Channel F/Named_Snaps/maze.png</image></game>
<game><path>./FBN/mazea.zip</path><name>mazea</name><image>~/../thumbs/Fairchild - Channel F/Named_Snaps/mazea.png</image></game>
<game><path>./FBN/memory.zip</path><name>memory</name><image>~/../thumbs/Fairchild - Channel F/Named_Snaps/memory.png</image></game>
<game><path>./FBN/mthquiz1.zip</path><name>mthquiz1</name><image>~/../thumbs/Fairchild - Channel F/Named_Snaps/mthquiz1.png</image></game>
<game><path>./FBN/mthquiz2.zip</path><name>mthquiz2</name><image>~/../thumbs/Fairchild - Channel F/Named_Snaps/mthquiz2.png</image></game>
<game><path>./FBN/muehle.zip</path><name>muehle</name><image>~/../thumbs/Fairchild - Channel F/Named_Snaps/muehle.png</image></game>
<game><path>./FBN/multicrt.zip</path><name>multicrt</name><image>~/../thumbs/Fairchild - Channel F/Named_Snaps/multicrt.png</image></game>
<game><path>./FBN/multicrto.zip</path><name>multicrto</name><image>~/../thumbs/Fairchild - Channel F/Named_Snaps/multicrto.png</image></game>
<game><path>./FBN/ordtvlng.zip</path><name>ordtvlng</name><image>~/../thumbs/Fairchild - Channel F/Named_Snaps/ordtvlng.png</image></game>
<game><path>./FBN/pacman.zip</path><name>pacman</name><image>~/../thumbs/Fairchild - Channel F/Named_Snaps/pacman.png</image></game>
<game><path>./FBN/pacmanv2.zip</path><name>pacmanv2</name><image>~/../thumbs/Fairchild - Channel F/Named_Snaps/pacmanv2.png</image></game>
<game><path>./FBN/pfootbll.zip</path><name>pfootbll</name><image>~/../thumbs/Fairchild - Channel F/Named_Snaps/pfootbll.png</image></game>
<game><path>./FBN/pinball.zip</path><name>pinball</name><image>~/../thumbs/Fairchild - Channel F/Named_Snaps/pinball.png</image></game>
<game><path>./FBN/pinballa.zip</path><name>pinballa</name><image>~/../thumbs/Fairchild - Channel F/Named_Snaps/pinballa.png</image></game>
<game><path>./FBN/ratmal.zip</path><name>ratmal</name><image>~/../thumbs/Fairchild - Channel F/Named_Snaps/ratmal.png</image></game>
<game><path>./FBN/robotwar.zip</path><name>robotwar</name><image>~/../thumbs/Fairchild - Channel F/Named_Snaps/robotwar.png</image></game>
<game><path>./FBN/robotwarp.zip</path><name>robotwarp</name><image>~/../thumbs/Fairchild - Channel F/Named_Snaps/robotwarp.png</image></game>
<game><path>./FBN/schach.zip</path><name>schach</name><image>~/../thumbs/Fairchild - Channel F/Named_Snaps/schach.png</image></game>
<game><path>./FBN/slotmchn.zip</path><name>slotmchn</name><image>~/../thumbs/Fairchild - Channel F/Named_Snaps/slotmchn.png</image></game>
<game><path>./FBN/sonrsrch.zip</path><name>sonrsrch</name><image>~/../thumbs/Fairchild - Channel F/Named_Snaps/sonrsrch.png</image></game>
<game><path>./FBN/spacewar.zip</path><name>spacewar</name><image>~/../thumbs/Fairchild - Channel F/Named_Snaps/spacewar.png</image></game>
<game><path>./FBN/spitfire.zip</path><name>spitfire</name><image>~/../thumbs/Fairchild - Channel F/Named_Snaps/spitfire.png</image></game>
<game><path>./FBN/spitfirep.zip</path><name>spitfirep</name><image>~/../thumbs/Fairchild - Channel F/Named_Snaps/spitfirep.png</image></game>
<game><path>./FBN/tctactoe.zip</path><name>tctactoe</name><image>~/../thumbs/Fairchild - Channel F/Named_Snaps/tctactoe.png</image></game>
<game><path>./FBN/tetris.zip</path><name>tetris</name><image>~/../thumbs/Fairchild - Channel F/Named_Snaps/tetris.png</image></game>
<game><path>./FBN/vblckjck.zip</path><name>vblckjck</name><image>~/../thumbs/Fairchild - Channel F/Named_Snaps/vblckjck.png</image></game>
<game><path>./FBN/werbetxt.zip</path><name>werbetxt</name><image>~/../thumbs/Fairchild - Channel F/Named_Snaps/werbetxt.png</image></game>
<game><path>./FBN/whizball.zip</path><name>whizball</name><image>~/../thumbs/Fairchild - Channel F/Named_Snaps/whizball.png</image></game>
<game><path>./FBN/wrdlf.zip</path><name>wrdlf</name><image>~/../thumbs/Fairchild - Channel F/Named_Snaps/wrdlf.png</image></game>
<folder><path>./FBN</path><name>FBN</name><image>~/../thumb/channelf.png</image></folder>
</gameList>
