<gameList>
<game><path>./Neo Geo Pocket NoIntro/Baseball Stars - Pocket Sports Series (Japan, Europe) (En,Ja).zip</path><name>Baseball Stars - Pocket Sports Series (Japan, Europe) (En,Ja)</name><image>~/../thumbs/SNK - Neo Geo Pocket/Named_Snaps/Baseball Stars - Pocket Sports Series (Japan, Europe) (En,Ja).png</image><titleshot>~/../thumbs/SNK - Neo Geo Pocket/Named_Titles/Baseball Stars - Pocket Sports Series (Japan, Europe) (En,Ja).png</titleshot><thumbnail>~/../thumbs/SNK - Neo Geo Pocket/Named_Boxarts/Baseball Stars - Pocket Sports Series (Japan, Europe) (En,Ja).png</thumbnail><marquee>~/../thumbs/SNK - Neo Geo Pocket/Named_Logos/Baseball Stars - Pocket Sports Series (Japan, Europe) (En,Ja).png</marquee></game>
<game><path>./Neo Geo Pocket NoIntro/King of Fighters R-1 - Pocket Fighting Series (Japan, Europe) (En,Ja).zip</path><name>King of Fighters R-1 - Pocket Fighting Series (Japan, Europe) (En,Ja)</name><image>~/../thumbs/SNK - Neo Geo Pocket/Named_Snaps/King of Fighters R-1 - Pocket Fighting Series (Japan, Europe) (En,Ja).png</image><titleshot>~/../thumbs/SNK - Neo Geo Pocket/Named_Titles/King of Fighters R-1 - Pocket Fighting Series (Japan, Europe) (En,Ja).png</titleshot><thumbnail>~/../thumbs/SNK - Neo Geo Pocket/Named_Boxarts/King of Fighters R-1 - Pocket Fighting Series (Japan, Europe) (En,Ja).png</thumbnail><marquee>~/../thumbs/SNK - Neo Geo Pocket/Named_Logos/King of Fighters R-1 - Pocket Fighting Series (Japan, Europe) (En,Ja).png</marquee></game>
<game><path>./Neo Geo Pocket NoIntro/King of Fighters R-1 - Pocket Kakutou Series & Melon-chan no Seichou Nikki (Japan) (Demo).zip</path><name>King of Fighters R-1 - Pocket Kakutou Series & Melon-chan no Seichou Nikki (Japan) (Demo)</name><image>~/../thumbs/SNK - Neo Geo Pocket/Named_Snaps/King of Fighters R-1 - Pocket Kakutou Series & Melon-chan no Seichou Nikki (Japan) (Demo).png</image><titleshot>~/../thumbs/SNK - Neo Geo Pocket/Named_Titles/King of Fighters R-1 - Pocket Kakutou Series & Melon-chan no Seichou Nikki (Japan) (Demo).png</titleshot><thumbnail>~/../thumbs/SNK - Neo Geo Pocket/Named_Boxarts/King of Fighters R-1 - Pocket Kakutou Series & Melon-chan no Seichou Nikki (Japan) (Demo).png</thumbnail><marquee>~/../thumbs/SNK - Neo Geo Pocket/Named_Logos/King of Fighters R-1 - Pocket Kakutou Series & Melon-chan no Seichou Nikki (Japan) (Demo).png</marquee><hidden>true</hidden></game>
<game><path>./Neo Geo Pocket NoIntro/Melon-chan no Seichou Nikki (Japan).zip</path><name>Melon-chan no Seichou Nikki (Japan)</name><image>~/../thumbs/SNK - Neo Geo Pocket/Named_Snaps/Melon-chan no Seichou Nikki (Japan).png</image><titleshot>~/../thumbs/SNK - Neo Geo Pocket/Named_Titles/Melon-chan no Seichou Nikki (Japan).png</titleshot><thumbnail>~/../thumbs/SNK - Neo Geo Pocket/Named_Boxarts/Melon-chan no Seichou Nikki (Japan).png</thumbnail><marquee>~/../thumbs/SNK - Neo Geo Pocket/Named_Logos/Melon-chan no Seichou Nikki (Japan).png</marquee></game>
<game><path>./Neo Geo Pocket NoIntro/Neo Cherry Master - Real Casino Series (Japan) (En,Ja).zip</path><name>Neo Cherry Master - Real Casino Series (Japan) (En,Ja)</name><image>~/../thumbs/SNK - Neo Geo Pocket/Named_Snaps/Neo Cherry Master - Real Casino Series (Japan) (En,Ja).png</image><titleshot>~/../thumbs/SNK - Neo Geo Pocket/Named_Titles/Neo Cherry Master - Real Casino Series (Japan) (En,Ja).png</titleshot><thumbnail>~/../thumbs/SNK - Neo Geo Pocket/Named_Boxarts/Neo Cherry Master - Real Casino Series (Japan) (En,Ja).png</thumbnail><marquee>~/../thumbs/SNK - Neo Geo Pocket/Named_Logos/Neo Cherry Master - Real Casino Series (Japan) (En,Ja).png</marquee></game>
<game><path>./Neo Geo Pocket NoIntro/NeoGeo Cup '98 (Japan, Europe) (En,Ja).zip</path><name>NeoGeo Cup '98 (Japan, Europe) (En,Ja)</name><image>~/../thumbs/SNK - Neo Geo Pocket/Named_Snaps/NeoGeo Cup '98 (Japan, Europe) (En,Ja).png</image><titleshot>~/../thumbs/SNK - Neo Geo Pocket/Named_Titles/NeoGeo Cup '98 (Japan, Europe) (En,Ja).png</titleshot><thumbnail>~/../thumbs/SNK - Neo Geo Pocket/Named_Boxarts/NeoGeo Cup '98 (Japan, Europe) (En,Ja).png</thumbnail><marquee>~/../thumbs/SNK - Neo Geo Pocket/Named_Logos/NeoGeo Cup '98 (Japan, Europe) (En,Ja).png</marquee></game>
<game><path>./Neo Geo Pocket NoIntro/Pocket Tennis - Pocket Sports Series (Japan, Europe) (En,Ja).zip</path><name>Pocket Tennis - Pocket Sports Series (Japan, Europe) (En,Ja)</name><image>~/../thumbs/SNK - Neo Geo Pocket/Named_Snaps/Pocket Tennis - Pocket Sports Series (Japan, Europe) (En,Ja).png</image><titleshot>~/../thumbs/SNK - Neo Geo Pocket/Named_Titles/Pocket Tennis - Pocket Sports Series (Japan, Europe) (En,Ja).png</titleshot><thumbnail>~/../thumbs/SNK - Neo Geo Pocket/Named_Boxarts/Pocket Tennis - Pocket Sports Series (Japan, Europe) (En,Ja).png</thumbnail><marquee>~/../thumbs/SNK - Neo Geo Pocket/Named_Logos/Pocket Tennis - Pocket Sports Series (Japan, Europe) (En,Ja).png</marquee></game>
<game><path>./Neo Geo Pocket NoIntro/Renketsu Puzzle Tsunagete Pon! (Japan).zip</path><name>Renketsu Puzzle Tsunagete Pon! (Japan)</name><image>~/../thumbs/SNK - Neo Geo Pocket/Named_Snaps/Renketsu Puzzle Tsunagete Pon! (Japan).png</image><titleshot>~/../thumbs/SNK - Neo Geo Pocket/Named_Titles/Renketsu Puzzle Tsunagete Pon! (Japan).png</titleshot><thumbnail>~/../thumbs/SNK - Neo Geo Pocket/Named_Boxarts/Renketsu Puzzle Tsunagete Pon! (Japan).png</thumbnail><marquee>~/../thumbs/SNK - Neo Geo Pocket/Named_Logos/Renketsu Puzzle Tsunagete Pon! (Japan).png</marquee></game>
<game><path>./Neo Geo Pocket NoIntro/Samurai Shodown! - Pocket Fighting Series (Japan, Europe) (En,Ja).zip</path><name>Samurai Shodown! - Pocket Fighting Series (Japan, Europe) (En,Ja)</name><image>~/../thumbs/SNK - Neo Geo Pocket/Named_Snaps/Samurai Shodown! - Pocket Fighting Series (Japan, Europe) (En,Ja).png</image><titleshot>~/../thumbs/SNK - Neo Geo Pocket/Named_Titles/Samurai Shodown! - Pocket Fighting Series (Japan, Europe) (En,Ja).png</titleshot><thumbnail>~/../thumbs/SNK - Neo Geo Pocket/Named_Boxarts/Samurai Shodown! - Pocket Fighting Series (Japan, Europe) (En,Ja).png</thumbnail><marquee>~/../thumbs/SNK - Neo Geo Pocket/Named_Logos/Samurai Shodown! - Pocket Fighting Series (Japan, Europe) (En,Ja).png</marquee></game>
<game><path>./Neo Geo Pocket NoIntro/Shougi no Tatsujin (Japan).zip</path><name>Shougi no Tatsujin (Japan)</name><image>~/../thumbs/SNK - Neo Geo Pocket/Named_Snaps/Shougi no Tatsujin (Japan).png</image><titleshot>~/../thumbs/SNK - Neo Geo Pocket/Named_Titles/Shougi no Tatsujin (Japan).png</titleshot><thumbnail>~/../thumbs/SNK - Neo Geo Pocket/Named_Boxarts/Shougi no Tatsujin (Japan).png</thumbnail><marquee>~/../thumbs/SNK - Neo Geo Pocket/Named_Logos/Shougi no Tatsujin (Japan).png</marquee></game>
<game><path>./Neo Geo Pocket NoIntro/[BIOS] SNK NeoGeo Pocket (Japan) (En) (Beta).zip</path><name>[BIOS] SNK NeoGeo Pocket (Japan) (En) (Beta)</name><image>~/../thumbs/SNK - Neo Geo Pocket/Named_Snaps/[BIOS] SNK NeoGeo Pocket (Japan) (En) (Beta).png</image><titleshot>~/../thumbs/SNK - Neo Geo Pocket/Named_Titles/[BIOS] SNK NeoGeo Pocket (Japan) (En) (Beta).png</titleshot><thumbnail>~/../thumbs/SNK - Neo Geo Pocket/Named_Boxarts/[BIOS] SNK NeoGeo Pocket (Japan) (En) (Beta).png</thumbnail><marquee>~/../thumbs/SNK - Neo Geo Pocket/Named_Logos/[BIOS] SNK NeoGeo Pocket (Japan) (En) (Beta).png</marquee><hidden>true</hidden></game>
<game><path>./Neo Geo Pocket NoIntro/[BIOS] SNK NeoGeo Pocket (Japan, Europe) (En).zip</path><name>[BIOS] SNK NeoGeo Pocket (Japan, Europe) (En)</name><image>~/../thumbs/SNK - Neo Geo Pocket/Named_Snaps/[BIOS] SNK NeoGeo Pocket (Japan, Europe) (En).png</image><titleshot>~/../thumbs/SNK - Neo Geo Pocket/Named_Titles/[BIOS] SNK NeoGeo Pocket (Japan, Europe) (En).png</titleshot><thumbnail>~/../thumbs/SNK - Neo Geo Pocket/Named_Boxarts/[BIOS] SNK NeoGeo Pocket (Japan, Europe) (En).png</thumbnail><marquee>~/../thumbs/SNK - Neo Geo Pocket/Named_Logos/[BIOS] SNK NeoGeo Pocket (Japan, Europe) (En).png</marquee><hidden>true</hidden></game>
<folder><path>./Neo Geo Pocket NoIntro</path><name>Neo Geo Pocket NoIntro</name><image>~/../thumb/ngp.png</image></folder>
<game><path>./Neo Geo Pocket TOSEC//home/runner/rom/TOSEC/SNK/Neo-Geo Pocket/Games/SNK Neo-Geo Pocket - Games.zip</path><name>/home/runner/rom/TOSEC/SNK/Neo-Geo Pocket/Games/SNK Neo-Geo Pocket - Games</name><image>~/../thumbs/SNK - Neo Geo Pocket/Named_Snaps//home/runner/rom/TOSEC/SNK/Neo-Geo Pocket/Games/SNK Neo-Geo Pocket - Games.png</image><titleshot>~/../thumbs/SNK - Neo Geo Pocket/Named_Titles//home/runner/rom/TOSEC/SNK/Neo-Geo Pocket/Games/SNK Neo-Geo Pocket - Games.png</titleshot><thumbnail>~/../thumbs/SNK - Neo Geo Pocket/Named_Boxarts//home/runner/rom/TOSEC/SNK/Neo-Geo Pocket/Games/SNK Neo-Geo Pocket - Games.png</thumbnail><marquee>~/../thumbs/SNK - Neo Geo Pocket/Named_Logos//home/runner/rom/TOSEC/SNK/Neo-Geo Pocket/Games/SNK Neo-Geo Pocket - Games.png</marquee></game>
<folder><path>./Neo Geo Pocket TOSEC</path><name>Neo Geo Pocket TOSEC</name><image>~/../thumb/ngp.png</image></folder>
</gameList>
