<gameList>
<game><path>./Acorn Archimedes//home/runner/rom/TOSEC/Acorn/Archimedes/Games/[ADF]/Acorn Archimedes - Games - [ADF].zip</path><name>/home/runner/rom/TOSEC/Acorn/Archimedes/Games/[ADF]/Acorn Archimedes - Games - [ADF]</name><image>~/../thumbs/Acorn - Archimedes/Named_Snaps//home/runner/rom/TOSEC/Acorn/Archimedes/Games/[ADF]/Acorn Archimedes - Games - [ADF].png</image><titleshot>~/../thumbs/Acorn - Archimedes/Named_Titles//home/runner/rom/TOSEC/Acorn/Archimedes/Games/[ADF]/Acorn Archimedes - Games - [ADF].png</titleshot><thumbnail>~/../thumbs/Acorn - Archimedes/Named_Boxarts//home/runner/rom/TOSEC/Acorn/Archimedes/Games/[ADF]/Acorn Archimedes - Games - [ADF].png</thumbnail><marquee>~/../thumbs/Acorn - Archimedes/Named_Logos//home/runner/rom/TOSEC/Acorn/Archimedes/Games/[ADF]/Acorn Archimedes - Games - [ADF].png</marquee></game>
<folder><path>./Acorn Archimedes</path><name>Acorn Archimedes</name><image>~/../thumb/archimedes.png</image></folder>
</gameList>
