<gameList>
<game><path>./Atari 8bit ATR//home/runner/rom/TOSEC/Atari/8bit/Games/[ATR]/Atari 8bit - Games - [ATR].zip</path><name>/home/runner/rom/TOSEC/Atari/8bit/Games/[ATR]/Atari 8bit - Games - [ATR]</name><image>~/../thumbs/Atari - 8-bit/Named_Snaps//home/runner/rom/TOSEC/Atari/8bit/Games/[ATR]/Atari 8bit - Games - [ATR].png</image><titleshot>~/../thumbs/Atari - 8-bit/Named_Titles//home/runner/rom/TOSEC/Atari/8bit/Games/[ATR]/Atari 8bit - Games - [ATR].png</titleshot><thumbnail>~/../thumbs/Atari - 8-bit/Named_Boxarts//home/runner/rom/TOSEC/Atari/8bit/Games/[ATR]/Atari 8bit - Games - [ATR].png</thumbnail><marquee>~/../thumbs/Atari - 8-bit/Named_Logos//home/runner/rom/TOSEC/Atari/8bit/Games/[ATR]/Atari 8bit - Games - [ATR].png</marquee></game>
<folder><path>./Atari 8bit ATR</path><name>Atari 8bit ATR</name><image>~/../thumb/atari800.png</image></folder>
<game><path>./Atari 8bit ATX//home/runner/rom/TOSEC/Atari/8bit/Games/[ATX]/Atari 8bit - Games - [ATX].zip</path><name>/home/runner/rom/TOSEC/Atari/8bit/Games/[ATX]/Atari 8bit - Games - [ATX]</name><image>~/../thumbs/Atari - 8-bit/Named_Snaps//home/runner/rom/TOSEC/Atari/8bit/Games/[ATX]/Atari 8bit - Games - [ATX].png</image><titleshot>~/../thumbs/Atari - 8-bit/Named_Titles//home/runner/rom/TOSEC/Atari/8bit/Games/[ATX]/Atari 8bit - Games - [ATX].png</titleshot><thumbnail>~/../thumbs/Atari - 8-bit/Named_Boxarts//home/runner/rom/TOSEC/Atari/8bit/Games/[ATX]/Atari 8bit - Games - [ATX].png</thumbnail><marquee>~/../thumbs/Atari - 8-bit/Named_Logos//home/runner/rom/TOSEC/Atari/8bit/Games/[ATX]/Atari 8bit - Games - [ATX].png</marquee></game>
<folder><path>./Atari 8bit ATX</path><name>Atari 8bit ATX</name><image>~/../thumb/atari800.png</image></folder>
<game><path>./Atari 8bit BIN//home/runner/rom/TOSEC/Atari/8bit/Games/[BIN]/Atari 8bit - Games - [BIN].zip</path><name>/home/runner/rom/TOSEC/Atari/8bit/Games/[BIN]/Atari 8bit - Games - [BIN]</name><image>~/../thumbs/Atari - 8-bit/Named_Snaps//home/runner/rom/TOSEC/Atari/8bit/Games/[BIN]/Atari 8bit - Games - [BIN].png</image><titleshot>~/../thumbs/Atari - 8-bit/Named_Titles//home/runner/rom/TOSEC/Atari/8bit/Games/[BIN]/Atari 8bit - Games - [BIN].png</titleshot><thumbnail>~/../thumbs/Atari - 8-bit/Named_Boxarts//home/runner/rom/TOSEC/Atari/8bit/Games/[BIN]/Atari 8bit - Games - [BIN].png</thumbnail><marquee>~/../thumbs/Atari - 8-bit/Named_Logos//home/runner/rom/TOSEC/Atari/8bit/Games/[BIN]/Atari 8bit - Games - [BIN].png</marquee></game>
<folder><path>./Atari 8bit BIN</path><name>Atari 8bit BIN</name><image>~/../thumb/atari800.png</image></folder>
<game><path>./Atari 8bit CAS//home/runner/rom/TOSEC/Atari/8bit/Games/[CAS]/Atari 8bit - Games - [CAS].zip</path><name>/home/runner/rom/TOSEC/Atari/8bit/Games/[CAS]/Atari 8bit - Games - [CAS]</name><image>~/../thumbs/Atari - 8-bit/Named_Snaps//home/runner/rom/TOSEC/Atari/8bit/Games/[CAS]/Atari 8bit - Games - [CAS].png</image><titleshot>~/../thumbs/Atari - 8-bit/Named_Titles//home/runner/rom/TOSEC/Atari/8bit/Games/[CAS]/Atari 8bit - Games - [CAS].png</titleshot><thumbnail>~/../thumbs/Atari - 8-bit/Named_Boxarts//home/runner/rom/TOSEC/Atari/8bit/Games/[CAS]/Atari 8bit - Games - [CAS].png</thumbnail><marquee>~/../thumbs/Atari - 8-bit/Named_Logos//home/runner/rom/TOSEC/Atari/8bit/Games/[CAS]/Atari 8bit - Games - [CAS].png</marquee></game>
<folder><path>./Atari 8bit CAS</path><name>Atari 8bit CAS</name><image>~/../thumb/atari800.png</image></folder>
<game><path>./Atari 8bit XEX//home/runner/rom/TOSEC/Atari/8bit/Games/[XEX]/Atari 8bit - Games - [XEX].zip</path><name>/home/runner/rom/TOSEC/Atari/8bit/Games/[XEX]/Atari 8bit - Games - [XEX]</name><image>~/../thumbs/Atari - 8-bit/Named_Snaps//home/runner/rom/TOSEC/Atari/8bit/Games/[XEX]/Atari 8bit - Games - [XEX].png</image><titleshot>~/../thumbs/Atari - 8-bit/Named_Titles//home/runner/rom/TOSEC/Atari/8bit/Games/[XEX]/Atari 8bit - Games - [XEX].png</titleshot><thumbnail>~/../thumbs/Atari - 8-bit/Named_Boxarts//home/runner/rom/TOSEC/Atari/8bit/Games/[XEX]/Atari 8bit - Games - [XEX].png</thumbnail><marquee>~/../thumbs/Atari - 8-bit/Named_Logos//home/runner/rom/TOSEC/Atari/8bit/Games/[XEX]/Atari 8bit - Games - [XEX].png</marquee></game>
<folder><path>./Atari 8bit XEX</path><name>Atari 8bit XEX</name><image>~/../thumb/atari800.png</image></folder>
<game><path>./Atari 8bit Edu//home/runner/rom/TOSEC/Atari/8bit/Educational/[ATR]/Atari 8bit - Educational - [ATR].zip</path><name>/home/runner/rom/TOSEC/Atari/8bit/Educational/[ATR]/Atari 8bit - Educational - [ATR]</name><image>~/../thumbs/Atari - 8-bit/Named_Snaps//home/runner/rom/TOSEC/Atari/8bit/Educational/[ATR]/Atari 8bit - Educational - [ATR].png</image><titleshot>~/../thumbs/Atari - 8-bit/Named_Titles//home/runner/rom/TOSEC/Atari/8bit/Educational/[ATR]/Atari 8bit - Educational - [ATR].png</titleshot><thumbnail>~/../thumbs/Atari - 8-bit/Named_Boxarts//home/runner/rom/TOSEC/Atari/8bit/Educational/[ATR]/Atari 8bit - Educational - [ATR].png</thumbnail><marquee>~/../thumbs/Atari - 8-bit/Named_Logos//home/runner/rom/TOSEC/Atari/8bit/Educational/[ATR]/Atari 8bit - Educational - [ATR].png</marquee></game>
<folder><path>./Atari 8bit Edu</path><name>Atari 8bit Edu</name><image>~/../thumb/atari800.png</image></folder>
<game><path>./Atari 8bit Apps//home/runner/rom/TOSEC/Atari/8bit/Applications/[ATR]/Atari 8bit - Applications - [ATR].zip</path><name>/home/runner/rom/TOSEC/Atari/8bit/Applications/[ATR]/Atari 8bit - Applications - [ATR]</name><image>~/../thumbs/Atari - 8-bit/Named_Snaps//home/runner/rom/TOSEC/Atari/8bit/Applications/[ATR]/Atari 8bit - Applications - [ATR].png</image><titleshot>~/../thumbs/Atari - 8-bit/Named_Titles//home/runner/rom/TOSEC/Atari/8bit/Applications/[ATR]/Atari 8bit - Applications - [ATR].png</titleshot><thumbnail>~/../thumbs/Atari - 8-bit/Named_Boxarts//home/runner/rom/TOSEC/Atari/8bit/Applications/[ATR]/Atari 8bit - Applications - [ATR].png</thumbnail><marquee>~/../thumbs/Atari - 8-bit/Named_Logos//home/runner/rom/TOSEC/Atari/8bit/Applications/[ATR]/Atari 8bit - Applications - [ATR].png</marquee></game>
<folder><path>./Atari 8bit Apps</path><name>Atari 8bit Apps</name><image>~/../thumb/atari800.png</image></folder>
</gameList>
