<gameList>
<game><path>./Cass Merged/3dothel.zip</path><name>3dothel</name><image>~/../thumbs/MAME/Named_Snaps/3dothel.png</image></game>
<game><path>./Cass Merged/action3.zip</path><name>action3</name><image>~/../thumbs/MAME/Named_Snaps/action3.png</image></game>
<game><path>./Cass Merged/action4.zip</path><name>action4</name><image>~/../thumbs/MAME/Named_Snaps/action4.png</image></game>
<game><path>./Cass Merged/ali.zip</path><name>ali</name><image>~/../thumbs/MAME/Named_Snaps/ali.png</image></game>
<game><path>./Cass Merged/alliens.zip</path><name>alliens</name><image>~/../thumbs/MAME/Named_Snaps/alliens.png</image></game>
<game><path>./Cass Merged/anaconda.zip</path><name>anaconda</name><image>~/../thumbs/MAME/Named_Snaps/anaconda.png</image></game>
<game><path>./Cass Merged/angeln.zip</path><name>angeln</name><image>~/../thumbs/MAME/Named_Snaps/angeln.png</image></game>
<game><path>./Cass Merged/animals.zip</path><name>animals</name><image>~/../thumbs/MAME/Named_Snaps/animals.png</image></game>
<game><path>./Cass Merged/arennen.zip</path><name>arennen</name><image>~/../thumbs/MAME/Named_Snaps/arennen.png</image></game>
<game><path>./Cass Merged/auto4.zip</path><name>auto4</name><image>~/../thumbs/MAME/Named_Snaps/auto4.png</image></game>
<game><path>./Cass Merged/bellum.zip</path><name>bellum</name><image>~/../thumbs/MAME/Named_Snaps/bellum.png</image></game>
<game><path>./Cass Merged/bennion.zip</path><name>bennion</name><image>~/../thumbs/MAME/Named_Snaps/bennion.png</image></game>
<game><path>./Cass Merged/bennion3.zip</path><name>bennion3</name><image>~/../thumbs/MAME/Named_Snaps/bennion3.png</image></game>
<game><path>./Cass Merged/bgames.zip</path><name>bgames</name><image>~/../thumbs/MAME/Named_Snaps/bgames.png</image></game>
<game><path>./Cass Merged/bgarden.zip</path><name>bgarden</name><image>~/../thumbs/MAME/Named_Snaps/bgarden.png</image></game>
<game><path>./Cass Merged/bigfun.zip</path><name>bigfun</name><image>~/../thumbs/MAME/Named_Snaps/bigfun.png</image></game>
<game><path>./Cass Merged/bombjack.zip</path><name>bombjack</name><image>~/../thumbs/MAME/Named_Snaps/bombjack.png</image></game>
<game><path>./Cass Merged/bombswee.zip</path><name>bombswee</name><image>~/../thumbs/MAME/Named_Snaps/bombswee.png</image></game>
<game><path>./Cass Merged/boulder4.zip</path><name>boulder4</name><image>~/../thumbs/MAME/Named_Snaps/boulder4.png</image></game>
<game><path>./Cass Merged/breakou3.zip</path><name>breakou3</name><image>~/../thumbs/MAME/Named_Snaps/breakou3.png</image></game>
<game><path>./Cass Merged/breakou4.zip</path><name>breakou4</name><image>~/../thumbs/MAME/Named_Snaps/breakou4.png</image></game>
<game><path>./Cass Merged/bspiele1.zip</path><name>bspiele1</name><image>~/../thumbs/MAME/Named_Snaps/bspiele1.png</image></game>
<game><path>./Cass Merged/bspiele2.zip</path><name>bspiele2</name><image>~/../thumbs/MAME/Named_Snaps/bspiele2.png</image></game>
<game><path>./Cass Merged/bspiele3.zip</path><name>bspiele3</name><image>~/../thumbs/MAME/Named_Snaps/bspiele3.png</image></game>
<game><path>./Cass Merged/burgs.zip</path><name>burgs</name><image>~/../thumbs/MAME/Named_Snaps/burgs.png</image></game>
<game><path>./Cass Merged/bustle.zip</path><name>bustle</name><image>~/../thumbs/MAME/Named_Snaps/bustle.png</image></game>
<game><path>./Cass Merged/castle.zip</path><name>castle</name><image>~/../thumbs/MAME/Named_Snaps/castle.png</image></game>
<game><path>./Cass Merged/castle4.zip</path><name>castle4</name><image>~/../thumbs/MAME/Named_Snaps/castle4.png</image></game>
<game><path>./Cass Merged/cave3.zip</path><name>cave3</name><image>~/../thumbs/MAME/Named_Snaps/cave3.png</image></game>
<game><path>./Cass Merged/cave4.zip</path><name>cave4</name><image>~/../thumbs/MAME/Named_Snaps/cave4.png</image></game>
<game><path>./Cass Merged/clubx.zip</path><name>clubx</name><image>~/../thumbs/MAME/Named_Snaps/clubx.png</image></game>
<game><path>./Cass Merged/cockpit.zip</path><name>cockpit</name><image>~/../thumbs/MAME/Named_Snaps/cockpit.png</image></game>
<game><path>./Cass Merged/dallas.zip</path><name>dallas</name><image>~/../thumbs/MAME/Named_Snaps/dallas.png</image></game>
<game><path>./Cass Merged/deliro.zip</path><name>deliro</name><image>~/../thumbs/MAME/Named_Snaps/deliro.png</image></game>
<game><path>./Cass Merged/diamant3.zip</path><name>diamant3</name><image>~/../thumbs/MAME/Named_Snaps/diamant3.png</image></game>
<game><path>./Cass Merged/diamant4.zip</path><name>diamant4</name><image>~/../thumbs/MAME/Named_Snaps/diamant4.png</image></game>
<game><path>./Cass Merged/diamantj.zip</path><name>diamantj</name><image>~/../thumbs/MAME/Named_Snaps/diamantj.png</image></game>
<game><path>./Cass Merged/digger3.zip</path><name>digger3</name><image>~/../thumbs/MAME/Named_Snaps/digger3.png</image></game>
<game><path>./Cass Merged/digger4.zip</path><name>digger4</name><image>~/../thumbs/MAME/Named_Snaps/digger4.png</image></game>
<game><path>./Cass Merged/dschungl.zip</path><name>dschungl</name><image>~/../thumbs/MAME/Named_Snaps/dschungl.png</image></game>
<game><path>./Cass Merged/duo.zip</path><name>duo</name><image>~/../thumbs/MAME/Named_Snaps/duo.png</image></game>
<game><path>./Cass Merged/earth.zip</path><name>earth</name><image>~/../thumbs/MAME/Named_Snaps/earth.png</image></game>
<game><path>./Cass Merged/eierfan3.zip</path><name>eierfan3</name><image>~/../thumbs/MAME/Named_Snaps/eierfan3.png</image></game>
<game><path>./Cass Merged/eierfan4.zip</path><name>eierfan4</name><image>~/../thumbs/MAME/Named_Snaps/eierfan4.png</image></game>
<game><path>./Cass Merged/enten.zip</path><name>enten</name><image>~/../thumbs/MAME/Named_Snaps/enten.png</image></game>
<game><path>./Cass Merged/enterpri.zip</path><name>enterpri</name><image>~/../thumbs/MAME/Named_Snaps/enterpri.png</image></game>
<game><path>./Cass Merged/fft.zip</path><name>fft</name><image>~/../thumbs/MAME/Named_Snaps/fft.png</image></game>
<game><path>./Cass Merged/flatter.zip</path><name>flatter</name><image>~/../thumbs/MAME/Named_Snaps/flatter.png</image></game>
<game><path>./Cass Merged/fourfu.zip</path><name>fourfu</name><image>~/../thumbs/MAME/Named_Snaps/fourfu.png</image></game>
<game><path>./Cass Merged/fourko.zip</path><name>fourko</name><image>~/../thumbs/MAME/Named_Snaps/fourko.png</image></game>
<game><path>./Cass Merged/fourpu.zip</path><name>fourpu</name><image>~/../thumbs/MAME/Named_Snaps/fourpu.png</image></game>
<game><path>./Cass Merged/frosch.zip</path><name>frosch</name><image>~/../thumbs/MAME/Named_Snaps/frosch.png</image></game>
<game><path>./Cass Merged/fya.zip</path><name>fya</name><image>~/../thumbs/MAME/Named_Snaps/fya.png</image></game>
<game><path>./Cass Merged/galaxie.zip</path><name>galaxie</name><image>~/../thumbs/MAME/Named_Snaps/galaxie.png</image></game>
<game><path>./Cass Merged/gatecr.zip</path><name>gatecr</name><image>~/../thumbs/MAME/Named_Snaps/gatecr.png</image></game>
<game><path>./Cass Merged/geisterf.zip</path><name>geisterf</name><image>~/../thumbs/MAME/Named_Snaps/geisterf.png</image></game>
<game><path>./Cass Merged/ghost.zip</path><name>ghost</name><image>~/../thumbs/MAME/Named_Snaps/ghost.png</image></game>
<game><path>./Cass Merged/goff.zip</path><name>goff</name><image>~/../thumbs/MAME/Named_Snaps/goff.png</image></game>
<game><path>./Cass Merged/goldrush.zip</path><name>goldrush</name><image>~/../thumbs/MAME/Named_Snaps/goldrush.png</image></game>
<game><path>./Cass Merged/gourmand.zip</path><name>gourmand</name><image>~/../thumbs/MAME/Named_Snaps/gourmand.png</image></game>
<game><path>./Cass Merged/gowa.zip</path><name>gowa</name><image>~/../thumbs/MAME/Named_Snaps/gowa.png</image></game>
<game><path>./Cass Merged/grandpri.zip</path><name>grandpri</name><image>~/../thumbs/MAME/Named_Snaps/grandpri.png</image></game>
<game><path>./Cass Merged/grush3.zip</path><name>grush3</name><image>~/../thumbs/MAME/Named_Snaps/grush3.png</image></game>
<game><path>./Cass Merged/gunship.zip</path><name>gunship</name><image>~/../thumbs/MAME/Named_Snaps/gunship.png</image></game>
<game><path>./Cass Merged/hallo.zip</path><name>hallo</name><image>~/../thumbs/MAME/Named_Snaps/hallo.png</image></game>
<game><path>./Cass Merged/heli3.zip</path><name>heli3</name><image>~/../thumbs/MAME/Named_Snaps/heli3.png</image></game>
<game><path>./Cass Merged/heli4.zip</path><name>heli4</name><image>~/../thumbs/MAME/Named_Snaps/heli4.png</image></game>
<game><path>./Cass Merged/hibi.zip</path><name>hibi</name><image>~/../thumbs/MAME/Named_Snaps/hibi.png</image></game>
<game><path>./Cass Merged/house3.zip</path><name>house3</name><image>~/../thumbs/MAME/Named_Snaps/house3.png</image></game>
<game><path>./Cass Merged/house4.zip</path><name>house4</name><image>~/../thumbs/MAME/Named_Snaps/house4.png</image></game>
<game><path>./Cass Merged/hwolf3.zip</path><name>hwolf3</name><image>~/../thumbs/MAME/Named_Snaps/hwolf3.png</image></game>
<game><path>./Cass Merged/hwolf4.zip</path><name>hwolf4</name><image>~/../thumbs/MAME/Named_Snaps/hwolf4.png</image></game>
<game><path>./Cass Merged/inter.zip</path><name>inter</name><image>~/../thumbs/MAME/Named_Snaps/inter.png</image></game>
<game><path>./Cass Merged/irrgarte.zip</path><name>irrgarte</name><image>~/../thumbs/MAME/Named_Snaps/irrgarte.png</image></game>
<game><path>./Cass Merged/jack.zip</path><name>jack</name><image>~/../thumbs/MAME/Named_Snaps/jack.png</image></game>
<game><path>./Cass Merged/jaeger.zip</path><name>jaeger</name><image>~/../thumbs/MAME/Named_Snaps/jaeger.png</image></game>
<game><path>./Cass Merged/jungle13.zip</path><name>jungle13</name><image>~/../thumbs/MAME/Named_Snaps/jungle13.png</image></game>
<game><path>./Cass Merged/jungle14.zip</path><name>jungle14</name><image>~/../thumbs/MAME/Named_Snaps/jungle14.png</image></game>
<game><path>./Cass Merged/jungle2.zip</path><name>jungle2</name><image>~/../thumbs/MAME/Named_Snaps/jungle2.png</image></game>
<game><path>./Cass Merged/karate.zip</path><name>karate</name><image>~/../thumbs/MAME/Named_Snaps/karate.png</image></game>
<game><path>./Cass Merged/katzmaus.zip</path><name>katzmaus</name><image>~/../thumbs/MAME/Named_Snaps/katzmaus.png</image></game>
<game><path>./Cass Merged/kcplus.zip</path><name>kcplus</name><image>~/../thumbs/MAME/Named_Snaps/kcplus.png</image></game>
<game><path>./Cass Merged/kdp.zip</path><name>kdp</name><image>~/../thumbs/MAME/Named_Snaps/kdp.png</image></game>
<game><path>./Cass Merged/kspiele1.zip</path><name>kspiele1</name><image>~/../thumbs/MAME/Named_Snaps/kspiele1.png</image></game>
<game><path>./Cass Merged/kspiele2.zip</path><name>kspiele2</name><image>~/../thumbs/MAME/Named_Snaps/kspiele2.png</image></game>
<game><path>./Cass Merged/kspiele3.zip</path><name>kspiele3</name><image>~/../thumbs/MAME/Named_Snaps/kspiele3.png</image></game>
<game><path>./Cass Merged/laby.zip</path><name>laby</name><image>~/../thumbs/MAME/Named_Snaps/laby.png</image></game>
<game><path>./Cass Merged/labyrint.zip</path><name>labyrint</name><image>~/../thumbs/MAME/Named_Snaps/labyrint.png</image></game>
<game><path>./Cass Merged/ladder13.zip</path><name>ladder13</name><image>~/../thumbs/MAME/Named_Snaps/ladder13.png</image></game>
<game><path>./Cass Merged/ladder3.zip</path><name>ladder3</name><image>~/../thumbs/MAME/Named_Snaps/ladder3.png</image></game>
<game><path>./Cass Merged/ladder4.zip</path><name>ladder4</name><image>~/../thumbs/MAME/Named_Snaps/ladder4.png</image></game>
<game><path>./Cass Merged/lekt1.zip</path><name>lekt1</name><image>~/../thumbs/MAME/Named_Snaps/lekt1.png</image></game>
<game><path>./Cass Merged/lektion1.zip</path><name>lektion1</name><image>~/../thumbs/MAME/Named_Snaps/lektion1.png</image></game>
<game><path>./Cass Merged/lektion2.zip</path><name>lektion2</name><image>~/../thumbs/MAME/Named_Snaps/lektion2.png</image></game>
<game><path>./Cass Merged/lektion3.zip</path><name>lektion3</name><image>~/../thumbs/MAME/Named_Snaps/lektion3.png</image></game>
<game><path>./Cass Merged/lektion4.zip</path><name>lektion4</name><image>~/../thumbs/MAME/Named_Snaps/lektion4.png</image></game>
<game><path>./Cass Merged/lektion5.zip</path><name>lektion5</name><image>~/../thumbs/MAME/Named_Snaps/lektion5.png</image></game>
<game><path>./Cass Merged/lektion6.zip</path><name>lektion6</name><image>~/../thumbs/MAME/Named_Snaps/lektion6.png</image></game>
<game><path>./Cass Merged/lektion7.zip</path><name>lektion7</name><image>~/../thumbs/MAME/Named_Snaps/lektion7.png</image></game>
<game><path>./Cass Merged/lektion8.zip</path><name>lektion8</name><image>~/../thumbs/MAME/Named_Snaps/lektion8.png</image></game>
<game><path>./Cass Merged/lektion9.zip</path><name>lektion9</name><image>~/../thumbs/MAME/Named_Snaps/lektion9.png</image></game>
<game><path>./Cass Merged/lektiona.zip</path><name>lektiona</name><image>~/../thumbs/MAME/Named_Snaps/lektiona.png</image></game>
<game><path>./Cass Merged/lektionb.zip</path><name>lektionb</name><image>~/../thumbs/MAME/Named_Snaps/lektionb.png</image></game>
<game><path>./Cass Merged/lektionc.zip</path><name>lektionc</name><image>~/../thumbs/MAME/Named_Snaps/lektionc.png</image></game>
<game><path>./Cass Merged/lexikon.zip</path><name>lexikon</name><image>~/../thumbs/MAME/Named_Snaps/lexikon.png</image></game>
<game><path>./Cass Merged/lrescue.zip</path><name>lrescue</name><image>~/../thumbs/MAME/Named_Snaps/lrescue.png</image></game>
<game><path>./Cass Merged/mach1.zip</path><name>mach1</name><image>~/../thumbs/MAME/Named_Snaps/mach1.png</image></game>
<game><path>./Cass Merged/manager.zip</path><name>manager</name><image>~/../thumbs/MAME/Named_Snaps/manager.png</image></game>
<game><path>./Cass Merged/max.zip</path><name>max</name><image>~/../thumbs/MAME/Named_Snaps/max.png</image></game>
<game><path>./Cass Merged/maxiall.zip</path><name>maxiall</name><image>~/../thumbs/MAME/Named_Snaps/maxiall.png</image></game>
<game><path>./Cass Merged/mazes3.zip</path><name>mazes3</name><image>~/../thumbs/MAME/Named_Snaps/mazes3.png</image></game>
<game><path>./Cass Merged/mazes4.zip</path><name>mazes4</name><image>~/../thumbs/MAME/Named_Snaps/mazes4.png</image></game>
<game><path>./Cass Merged/memory.zip</path><name>memory</name><image>~/../thumbs/MAME/Named_Snaps/memory.png</image></game>
<game><path>./Cass Merged/mensch.zip</path><name>mensch</name><image>~/../thumbs/MAME/Named_Snaps/mensch.png</image></game>
<game><path>./Cass Merged/mine2.zip</path><name>mine2</name><image>~/../thumbs/MAME/Named_Snaps/mine2.png</image></game>
<game><path>./Cass Merged/mineswp.zip</path><name>mineswp</name><image>~/../thumbs/MAME/Named_Snaps/mineswp.png</image></game>
<game><path>./Cass Merged/minigolf.zip</path><name>minigolf</name><image>~/../thumbs/MAME/Named_Snaps/minigolf.png</image></game>
<game><path>./Cass Merged/mrglobe.zip</path><name>mrglobe</name><image>~/../thumbs/MAME/Named_Snaps/mrglobe.png</image></game>
<game><path>./Cass Merged/netz.zip</path><name>netz</name><image>~/../thumbs/MAME/Named_Snaps/netz.png</image></game>
<game><path>./Cass Merged/nuclear.zip</path><name>nuclear</name><image>~/../thumbs/MAME/Named_Snaps/nuclear.png</image></game>
<game><path>./Cass Merged/orbit.zip</path><name>orbit</name><image>~/../thumbs/MAME/Named_Snaps/orbit.png</image></game>
<game><path>./Cass Merged/othello.zip</path><name>othello</name><image>~/../thumbs/MAME/Named_Snaps/othello.png</image></game>
<game><path>./Cass Merged/pacman.zip</path><name>pacman</name><image>~/../thumbs/MAME/Named_Snaps/pacman.png</image></game>
<game><path>./Cass Merged/painter.zip</path><name>painter</name><image>~/../thumbs/MAME/Named_Snaps/painter.png</image></game>
<game><path>./Cass Merged/paranoia.zip</path><name>paranoia</name><image>~/../thumbs/MAME/Named_Snaps/paranoia.png</image></game>
<game><path>./Cass Merged/parcour.zip</path><name>parcour</name><image>~/../thumbs/MAME/Named_Snaps/parcour.png</image></game>
<game><path>./Cass Merged/patience.zip</path><name>patience</name><image>~/../thumbs/MAME/Named_Snaps/patience.png</image></game>
<game><path>./Cass Merged/pengo3.zip</path><name>pengo3</name><image>~/../thumbs/MAME/Named_Snaps/pengo3.png</image></game>
<game><path>./Cass Merged/pengo4.zip</path><name>pengo4</name><image>~/../thumbs/MAME/Named_Snaps/pengo4.png</image></game>
<game><path>./Cass Merged/perestro.zip</path><name>perestro</name><image>~/../thumbs/MAME/Named_Snaps/perestro.png</image></game>
<game><path>./Cass Merged/perlen.zip</path><name>perlen</name><image>~/../thumbs/MAME/Named_Snaps/perlen.png</image></game>
<game><path>./Cass Merged/pharao3.zip</path><name>pharao3</name><image>~/../thumbs/MAME/Named_Snaps/pharao3.png</image></game>
<game><path>./Cass Merged/pharao4.zip</path><name>pharao4</name><image>~/../thumbs/MAME/Named_Snaps/pharao4.png</image></game>
<game><path>./Cass Merged/pilze.zip</path><name>pilze</name><image>~/../thumbs/MAME/Named_Snaps/pilze.png</image></game>
<game><path>./Cass Merged/pinguin.zip</path><name>pinguin</name><image>~/../thumbs/MAME/Named_Snaps/pinguin.png</image></game>
<game><path>./Cass Merged/poligon.zip</path><name>poligon</name><image>~/../thumbs/MAME/Named_Snaps/poligon.png</image></game>
<game><path>./Cass Merged/pursuit3.zip</path><name>pursuit3</name><image>~/../thumbs/MAME/Named_Snaps/pursuit3.png</image></game>
<game><path>./Cass Merged/pursuit4.zip</path><name>pursuit4</name><image>~/../thumbs/MAME/Named_Snaps/pursuit4.png</image></game>
<game><path>./Cass Merged/pyram15.zip</path><name>pyram15</name><image>~/../thumbs/MAME/Named_Snaps/pyram15.png</image></game>
<game><path>./Cass Merged/pyram25.zip</path><name>pyram25</name><image>~/../thumbs/MAME/Named_Snaps/pyram25.png</image></game>
<game><path>./Cass Merged/rallye.zip</path><name>rallye</name><image>~/../thumbs/MAME/Named_Snaps/rallye.png</image></game>
<game><path>./Cass Merged/rana.zip</path><name>rana</name><image>~/../thumbs/MAME/Named_Snaps/rana.png</image></game>
<game><path>./Cass Merged/raus.zip</path><name>raus</name><image>~/../thumbs/MAME/Named_Snaps/raus.png</image></game>
<game><path>./Cass Merged/sahara.zip</path><name>sahara</name><image>~/../thumbs/MAME/Named_Snaps/sahara.png</image></game>
<game><path>./Cass Merged/sandburg.zip</path><name>sandburg</name><image>~/../thumbs/MAME/Named_Snaps/sandburg.png</image></game>
<game><path>./Cass Merged/schach.zip</path><name>schach</name><image>~/../thumbs/MAME/Named_Snaps/schach.png</image></game>
<game><path>./Cass Merged/schatz.zip</path><name>schatz</name><image>~/../thumbs/MAME/Named_Snaps/schatz.png</image></game>
<game><path>./Cass Merged/schiess.zip</path><name>schiess</name><image>~/../thumbs/MAME/Named_Snaps/schiess.png</image></game>
<game><path>./Cass Merged/schiffsu.zip</path><name>schiffsu</name><image>~/../thumbs/MAME/Named_Snaps/schiffsu.png</image></game>
<game><path>./Cass Merged/schwloch.zip</path><name>schwloch</name><image>~/../thumbs/MAME/Named_Snaps/schwloch.png</image></game>
<game><path>./Cass Merged/sdwand.zip</path><name>sdwand</name><image>~/../thumbs/MAME/Named_Snaps/sdwand.png</image></game>
<game><path>./Cass Merged/seawar.zip</path><name>seawar</name><image>~/../thumbs/MAME/Named_Snaps/seawar.png</image></game>
<game><path>./Cass Merged/ski.zip</path><name>ski</name><image>~/../thumbs/MAME/Named_Snaps/ski.png</image></game>
<game><path>./Cass Merged/skymaste.zip</path><name>skymaste</name><image>~/../thumbs/MAME/Named_Snaps/skymaste.png</image></game>
<game><path>./Cass Merged/slider.zip</path><name>slider</name><image>~/../thumbs/MAME/Named_Snaps/slider.png</image></game>
<game><path>./Cass Merged/snake.zip</path><name>snake</name><image>~/../thumbs/MAME/Named_Snaps/snake.png</image></game>
<game><path>./Cass Merged/snakes.zip</path><name>snakes</name><image>~/../thumbs/MAME/Named_Snaps/snakes.png</image></game>
<game><path>./Cass Merged/socoban.zip</path><name>socoban</name><image>~/../thumbs/MAME/Named_Snaps/socoban.png</image></game>
<game><path>./Cass Merged/sokoban.zip</path><name>sokoban</name><image>~/../thumbs/MAME/Named_Snaps/sokoban.png</image></game>
<game><path>./Cass Merged/sokobane.zip</path><name>sokobane</name><image>~/../thumbs/MAME/Named_Snaps/sokobane.png</image></game>
<game><path>./Cass Merged/spiele1.zip</path><name>spiele1</name><image>~/../thumbs/MAME/Named_Snaps/spiele1.png</image></game>
<game><path>./Cass Merged/spiele2.zip</path><name>spiele2</name><image>~/../thumbs/MAME/Named_Snaps/spiele2.png</image></game>
<game><path>./Cass Merged/spiele3.zip</path><name>spiele3</name><image>~/../thumbs/MAME/Named_Snaps/spiele3.png</image></game>
<game><path>./Cass Merged/spieles.zip</path><name>spieles</name><image>~/../thumbs/MAME/Named_Snaps/spieles.png</image></game>
<game><path>./Cass Merged/stadt.zip</path><name>stadt</name><image>~/../thumbs/MAME/Named_Snaps/stadt.png</image></game>
<game><path>./Cass Merged/superski.zip</path><name>superski</name><image>~/../thumbs/MAME/Named_Snaps/superski.png</image></game>
<game><path>./Cass Merged/tennis.zip</path><name>tennis</name><image>~/../thumbs/MAME/Named_Snaps/tennis.png</image></game>
<game><path>./Cass Merged/tetris.zip</path><name>tetris</name><image>~/../thumbs/MAME/Named_Snaps/tetris.png</image></game>
<game><path>./Cass Merged/vgewinnt.zip</path><name>vgewinnt</name><image>~/../thumbs/MAME/Named_Snaps/vgewinnt.png</image></game>
<game><path>./Cass Merged/vollgas.zip</path><name>vollgas</name><image>~/../thumbs/MAME/Named_Snaps/vollgas.png</image></game>
<game><path>./Cass Merged/vorstell.zip</path><name>vorstell</name><image>~/../thumbs/MAME/Named_Snaps/vorstell.png</image></game>
<game><path>./Cass Merged/wp86v1.zip</path><name>wp86v1</name><image>~/../thumbs/MAME/Named_Snaps/wp86v1.png</image></game>
<game><path>./Cass Merged/wp86v2.zip</path><name>wp86v2</name><image>~/../thumbs/MAME/Named_Snaps/wp86v2.png</image></game>
<game><path>./Cass Merged/wp89.zip</path><name>wp89</name><image>~/../thumbs/MAME/Named_Snaps/wp89.png</image></game>
<folder><path>./Cass Merged</path><name>Cass Merged</name><image>~/../thumb/kc85.png</image></folder>
<game><path>./Cass Split/3dothel.zip</path><name>3dothel</name><image>~/../thumbs/MAME/Named_Snaps/3dothel.png</image></game>
<game><path>./Cass Split/action3.zip</path><name>action3</name><image>~/../thumbs/MAME/Named_Snaps/action3.png</image></game>
<game><path>./Cass Split/action4.zip</path><name>action4</name><image>~/../thumbs/MAME/Named_Snaps/action4.png</image></game>
<game><path>./Cass Split/ali.zip</path><name>ali</name><image>~/../thumbs/MAME/Named_Snaps/ali.png</image></game>
<game><path>./Cass Split/alliens.zip</path><name>alliens</name><image>~/../thumbs/MAME/Named_Snaps/alliens.png</image></game>
<game><path>./Cass Split/anaconda.zip</path><name>anaconda</name><image>~/../thumbs/MAME/Named_Snaps/anaconda.png</image></game>
<game><path>./Cass Split/angeln.zip</path><name>angeln</name><image>~/../thumbs/MAME/Named_Snaps/angeln.png</image></game>
<game><path>./Cass Split/animals.zip</path><name>animals</name><image>~/../thumbs/MAME/Named_Snaps/animals.png</image></game>
<game><path>./Cass Split/arennen.zip</path><name>arennen</name><image>~/../thumbs/MAME/Named_Snaps/arennen.png</image></game>
<game><path>./Cass Split/auto4.zip</path><name>auto4</name><image>~/../thumbs/MAME/Named_Snaps/auto4.png</image></game>
<game><path>./Cass Split/bellum.zip</path><name>bellum</name><image>~/../thumbs/MAME/Named_Snaps/bellum.png</image></game>
<game><path>./Cass Split/bennion.zip</path><name>bennion</name><image>~/../thumbs/MAME/Named_Snaps/bennion.png</image></game>
<game><path>./Cass Split/bennion3.zip</path><name>bennion3</name><image>~/../thumbs/MAME/Named_Snaps/bennion3.png</image></game>
<game><path>./Cass Split/bgames.zip</path><name>bgames</name><image>~/../thumbs/MAME/Named_Snaps/bgames.png</image></game>
<game><path>./Cass Split/bgarden.zip</path><name>bgarden</name><image>~/../thumbs/MAME/Named_Snaps/bgarden.png</image></game>
<game><path>./Cass Split/bigfun.zip</path><name>bigfun</name><image>~/../thumbs/MAME/Named_Snaps/bigfun.png</image></game>
<game><path>./Cass Split/bombjack.zip</path><name>bombjack</name><image>~/../thumbs/MAME/Named_Snaps/bombjack.png</image></game>
<game><path>./Cass Split/bombswee.zip</path><name>bombswee</name><image>~/../thumbs/MAME/Named_Snaps/bombswee.png</image></game>
<game><path>./Cass Split/boulder4.zip</path><name>boulder4</name><image>~/../thumbs/MAME/Named_Snaps/boulder4.png</image></game>
<game><path>./Cass Split/breakou3.zip</path><name>breakou3</name><image>~/../thumbs/MAME/Named_Snaps/breakou3.png</image></game>
<game><path>./Cass Split/breakou4.zip</path><name>breakou4</name><image>~/../thumbs/MAME/Named_Snaps/breakou4.png</image></game>
<game><path>./Cass Split/bspiele1.zip</path><name>bspiele1</name><image>~/../thumbs/MAME/Named_Snaps/bspiele1.png</image></game>
<game><path>./Cass Split/bspiele2.zip</path><name>bspiele2</name><image>~/../thumbs/MAME/Named_Snaps/bspiele2.png</image></game>
<game><path>./Cass Split/bspiele3.zip</path><name>bspiele3</name><image>~/../thumbs/MAME/Named_Snaps/bspiele3.png</image></game>
<game><path>./Cass Split/burgs.zip</path><name>burgs</name><image>~/../thumbs/MAME/Named_Snaps/burgs.png</image></game>
<game><path>./Cass Split/burgs4.zip</path><name>burgs4</name><image>~/../thumbs/MAME/Named_Snaps/burgs4.png</image></game>
<game><path>./Cass Split/burgsc.zip</path><name>burgsc</name><image>~/../thumbs/MAME/Named_Snaps/burgsc.png</image></game>
<game><path>./Cass Split/bustle.zip</path><name>bustle</name><image>~/../thumbs/MAME/Named_Snaps/bustle.png</image></game>
<game><path>./Cass Split/castle.zip</path><name>castle</name><image>~/../thumbs/MAME/Named_Snaps/castle.png</image></game>
<game><path>./Cass Split/castle4.zip</path><name>castle4</name><image>~/../thumbs/MAME/Named_Snaps/castle4.png</image></game>
<game><path>./Cass Split/cave3.zip</path><name>cave3</name><image>~/../thumbs/MAME/Named_Snaps/cave3.png</image></game>
<game><path>./Cass Split/cave4.zip</path><name>cave4</name><image>~/../thumbs/MAME/Named_Snaps/cave4.png</image></game>
<game><path>./Cass Split/clubx.zip</path><name>clubx</name><image>~/../thumbs/MAME/Named_Snaps/clubx.png</image></game>
<game><path>./Cass Split/cockpit.zip</path><name>cockpit</name><image>~/../thumbs/MAME/Named_Snaps/cockpit.png</image></game>
<game><path>./Cass Split/dallas.zip</path><name>dallas</name><image>~/../thumbs/MAME/Named_Snaps/dallas.png</image></game>
<game><path>./Cass Split/deliro.zip</path><name>deliro</name><image>~/../thumbs/MAME/Named_Snaps/deliro.png</image></game>
<game><path>./Cass Split/diamant3.zip</path><name>diamant3</name><image>~/../thumbs/MAME/Named_Snaps/diamant3.png</image></game>
<game><path>./Cass Split/diamant4.zip</path><name>diamant4</name><image>~/../thumbs/MAME/Named_Snaps/diamant4.png</image></game>
<game><path>./Cass Split/diamantj.zip</path><name>diamantj</name><image>~/../thumbs/MAME/Named_Snaps/diamantj.png</image></game>
<game><path>./Cass Split/digger3.zip</path><name>digger3</name><image>~/../thumbs/MAME/Named_Snaps/digger3.png</image></game>
<game><path>./Cass Split/digger4.zip</path><name>digger4</name><image>~/../thumbs/MAME/Named_Snaps/digger4.png</image></game>
<game><path>./Cass Split/dschungl.zip</path><name>dschungl</name><image>~/../thumbs/MAME/Named_Snaps/dschungl.png</image></game>
<game><path>./Cass Split/duo.zip</path><name>duo</name><image>~/../thumbs/MAME/Named_Snaps/duo.png</image></game>
<game><path>./Cass Split/earth.zip</path><name>earth</name><image>~/../thumbs/MAME/Named_Snaps/earth.png</image></game>
<game><path>./Cass Split/eierfan3.zip</path><name>eierfan3</name><image>~/../thumbs/MAME/Named_Snaps/eierfan3.png</image></game>
<game><path>./Cass Split/eierfan4.zip</path><name>eierfan4</name><image>~/../thumbs/MAME/Named_Snaps/eierfan4.png</image></game>
<game><path>./Cass Split/enten.zip</path><name>enten</name><image>~/../thumbs/MAME/Named_Snaps/enten.png</image></game>
<game><path>./Cass Split/enterpri.zip</path><name>enterpri</name><image>~/../thumbs/MAME/Named_Snaps/enterpri.png</image></game>
<game><path>./Cass Split/fft.zip</path><name>fft</name><image>~/../thumbs/MAME/Named_Snaps/fft.png</image></game>
<game><path>./Cass Split/flatter.zip</path><name>flatter</name><image>~/../thumbs/MAME/Named_Snaps/flatter.png</image></game>
<game><path>./Cass Split/fourfu.zip</path><name>fourfu</name><image>~/../thumbs/MAME/Named_Snaps/fourfu.png</image></game>
<game><path>./Cass Split/fourko.zip</path><name>fourko</name><image>~/../thumbs/MAME/Named_Snaps/fourko.png</image></game>
<game><path>./Cass Split/fourpu.zip</path><name>fourpu</name><image>~/../thumbs/MAME/Named_Snaps/fourpu.png</image></game>
<game><path>./Cass Split/frosch.zip</path><name>frosch</name><image>~/../thumbs/MAME/Named_Snaps/frosch.png</image></game>
<game><path>./Cass Split/fya.zip</path><name>fya</name><image>~/../thumbs/MAME/Named_Snaps/fya.png</image></game>
<game><path>./Cass Split/galaxie.zip</path><name>galaxie</name><image>~/../thumbs/MAME/Named_Snaps/galaxie.png</image></game>
<game><path>./Cass Split/gatecr.zip</path><name>gatecr</name><image>~/../thumbs/MAME/Named_Snaps/gatecr.png</image></game>
<game><path>./Cass Split/geisterf.zip</path><name>geisterf</name><image>~/../thumbs/MAME/Named_Snaps/geisterf.png</image></game>
<game><path>./Cass Split/ghost.zip</path><name>ghost</name><image>~/../thumbs/MAME/Named_Snaps/ghost.png</image></game>
<game><path>./Cass Split/goff.zip</path><name>goff</name><image>~/../thumbs/MAME/Named_Snaps/goff.png</image></game>
<game><path>./Cass Split/goldrush.zip</path><name>goldrush</name><image>~/../thumbs/MAME/Named_Snaps/goldrush.png</image></game>
<game><path>./Cass Split/gourmand.zip</path><name>gourmand</name><image>~/../thumbs/MAME/Named_Snaps/gourmand.png</image></game>
<game><path>./Cass Split/gowa.zip</path><name>gowa</name><image>~/../thumbs/MAME/Named_Snaps/gowa.png</image></game>
<game><path>./Cass Split/grandpri.zip</path><name>grandpri</name><image>~/../thumbs/MAME/Named_Snaps/grandpri.png</image></game>
<game><path>./Cass Split/grush3.zip</path><name>grush3</name><image>~/../thumbs/MAME/Named_Snaps/grush3.png</image></game>
<game><path>./Cass Split/gunship.zip</path><name>gunship</name><image>~/../thumbs/MAME/Named_Snaps/gunship.png</image></game>
<game><path>./Cass Split/hallo.zip</path><name>hallo</name><image>~/../thumbs/MAME/Named_Snaps/hallo.png</image></game>
<game><path>./Cass Split/heli3.zip</path><name>heli3</name><image>~/../thumbs/MAME/Named_Snaps/heli3.png</image></game>
<game><path>./Cass Split/heli4.zip</path><name>heli4</name><image>~/../thumbs/MAME/Named_Snaps/heli4.png</image></game>
<game><path>./Cass Split/hibi.zip</path><name>hibi</name><image>~/../thumbs/MAME/Named_Snaps/hibi.png</image></game>
<game><path>./Cass Split/house3.zip</path><name>house3</name><image>~/../thumbs/MAME/Named_Snaps/house3.png</image></game>
<game><path>./Cass Split/house4.zip</path><name>house4</name><image>~/../thumbs/MAME/Named_Snaps/house4.png</image></game>
<game><path>./Cass Split/hwolf3.zip</path><name>hwolf3</name><image>~/../thumbs/MAME/Named_Snaps/hwolf3.png</image></game>
<game><path>./Cass Split/hwolf4.zip</path><name>hwolf4</name><image>~/../thumbs/MAME/Named_Snaps/hwolf4.png</image></game>
<game><path>./Cass Split/inter.zip</path><name>inter</name><image>~/../thumbs/MAME/Named_Snaps/inter.png</image></game>
<game><path>./Cass Split/irrgarte.zip</path><name>irrgarte</name><image>~/../thumbs/MAME/Named_Snaps/irrgarte.png</image></game>
<game><path>./Cass Split/jack.zip</path><name>jack</name><image>~/../thumbs/MAME/Named_Snaps/jack.png</image></game>
<game><path>./Cass Split/jaeger.zip</path><name>jaeger</name><image>~/../thumbs/MAME/Named_Snaps/jaeger.png</image></game>
<game><path>./Cass Split/jungle13.zip</path><name>jungle13</name><image>~/../thumbs/MAME/Named_Snaps/jungle13.png</image></game>
<game><path>./Cass Split/jungle14.zip</path><name>jungle14</name><image>~/../thumbs/MAME/Named_Snaps/jungle14.png</image></game>
<game><path>./Cass Split/jungle2.zip</path><name>jungle2</name><image>~/../thumbs/MAME/Named_Snaps/jungle2.png</image></game>
<game><path>./Cass Split/karate.zip</path><name>karate</name><image>~/../thumbs/MAME/Named_Snaps/karate.png</image></game>
<game><path>./Cass Split/katzmaus.zip</path><name>katzmaus</name><image>~/../thumbs/MAME/Named_Snaps/katzmaus.png</image></game>
<game><path>./Cass Split/kcplus.zip</path><name>kcplus</name><image>~/../thumbs/MAME/Named_Snaps/kcplus.png</image></game>
<game><path>./Cass Split/kdp.zip</path><name>kdp</name><image>~/../thumbs/MAME/Named_Snaps/kdp.png</image></game>
<game><path>./Cass Split/kspiele1.zip</path><name>kspiele1</name><image>~/../thumbs/MAME/Named_Snaps/kspiele1.png</image></game>
<game><path>./Cass Split/kspiele2.zip</path><name>kspiele2</name><image>~/../thumbs/MAME/Named_Snaps/kspiele2.png</image></game>
<game><path>./Cass Split/kspiele3.zip</path><name>kspiele3</name><image>~/../thumbs/MAME/Named_Snaps/kspiele3.png</image></game>
<game><path>./Cass Split/laby.zip</path><name>laby</name><image>~/../thumbs/MAME/Named_Snaps/laby.png</image></game>
<game><path>./Cass Split/labyrint.zip</path><name>labyrint</name><image>~/../thumbs/MAME/Named_Snaps/labyrint.png</image></game>
<game><path>./Cass Split/ladder10.zip</path><name>ladder10</name><image>~/../thumbs/MAME/Named_Snaps/ladder10.png</image></game>
<game><path>./Cass Split/ladder13.zip</path><name>ladder13</name><image>~/../thumbs/MAME/Named_Snaps/ladder13.png</image></game>
<game><path>./Cass Split/ladder20.zip</path><name>ladder20</name><image>~/../thumbs/MAME/Named_Snaps/ladder20.png</image></game>
<game><path>./Cass Split/ladder3.zip</path><name>ladder3</name><image>~/../thumbs/MAME/Named_Snaps/ladder3.png</image></game>
<game><path>./Cass Split/ladder4.zip</path><name>ladder4</name><image>~/../thumbs/MAME/Named_Snaps/ladder4.png</image></game>
<game><path>./Cass Split/lekt1.zip</path><name>lekt1</name><image>~/../thumbs/MAME/Named_Snaps/lekt1.png</image></game>
<game><path>./Cass Split/lektion1.zip</path><name>lektion1</name><image>~/../thumbs/MAME/Named_Snaps/lektion1.png</image></game>
<game><path>./Cass Split/lektion2.zip</path><name>lektion2</name><image>~/../thumbs/MAME/Named_Snaps/lektion2.png</image></game>
<game><path>./Cass Split/lektion3.zip</path><name>lektion3</name><image>~/../thumbs/MAME/Named_Snaps/lektion3.png</image></game>
<game><path>./Cass Split/lektion4.zip</path><name>lektion4</name><image>~/../thumbs/MAME/Named_Snaps/lektion4.png</image></game>
<game><path>./Cass Split/lektion5.zip</path><name>lektion5</name><image>~/../thumbs/MAME/Named_Snaps/lektion5.png</image></game>
<game><path>./Cass Split/lektion6.zip</path><name>lektion6</name><image>~/../thumbs/MAME/Named_Snaps/lektion6.png</image></game>
<game><path>./Cass Split/lektion7.zip</path><name>lektion7</name><image>~/../thumbs/MAME/Named_Snaps/lektion7.png</image></game>
<game><path>./Cass Split/lektion8.zip</path><name>lektion8</name><image>~/../thumbs/MAME/Named_Snaps/lektion8.png</image></game>
<game><path>./Cass Split/lektion9.zip</path><name>lektion9</name><image>~/../thumbs/MAME/Named_Snaps/lektion9.png</image></game>
<game><path>./Cass Split/lektiona.zip</path><name>lektiona</name><image>~/../thumbs/MAME/Named_Snaps/lektiona.png</image></game>
<game><path>./Cass Split/lektionb.zip</path><name>lektionb</name><image>~/../thumbs/MAME/Named_Snaps/lektionb.png</image></game>
<game><path>./Cass Split/lektionc.zip</path><name>lektionc</name><image>~/../thumbs/MAME/Named_Snaps/lektionc.png</image></game>
<game><path>./Cass Split/lexikon.zip</path><name>lexikon</name><image>~/../thumbs/MAME/Named_Snaps/lexikon.png</image></game>
<game><path>./Cass Split/lrescue.zip</path><name>lrescue</name><image>~/../thumbs/MAME/Named_Snaps/lrescue.png</image></game>
<game><path>./Cass Split/mach1.zip</path><name>mach1</name><image>~/../thumbs/MAME/Named_Snaps/mach1.png</image></game>
<game><path>./Cass Split/manager.zip</path><name>manager</name><image>~/../thumbs/MAME/Named_Snaps/manager.png</image></game>
<game><path>./Cass Split/max.zip</path><name>max</name><image>~/../thumbs/MAME/Named_Snaps/max.png</image></game>
<game><path>./Cass Split/maxiall.zip</path><name>maxiall</name><image>~/../thumbs/MAME/Named_Snaps/maxiall.png</image></game>
<game><path>./Cass Split/mazes3.zip</path><name>mazes3</name><image>~/../thumbs/MAME/Named_Snaps/mazes3.png</image></game>
<game><path>./Cass Split/mazes4.zip</path><name>mazes4</name><image>~/../thumbs/MAME/Named_Snaps/mazes4.png</image></game>
<game><path>./Cass Split/memory.zip</path><name>memory</name><image>~/../thumbs/MAME/Named_Snaps/memory.png</image></game>
<game><path>./Cass Split/mensch.zip</path><name>mensch</name><image>~/../thumbs/MAME/Named_Snaps/mensch.png</image></game>
<game><path>./Cass Split/mine2.zip</path><name>mine2</name><image>~/../thumbs/MAME/Named_Snaps/mine2.png</image></game>
<game><path>./Cass Split/mineswp.zip</path><name>mineswp</name><image>~/../thumbs/MAME/Named_Snaps/mineswp.png</image></game>
<game><path>./Cass Split/minigolf.zip</path><name>minigolf</name><image>~/../thumbs/MAME/Named_Snaps/minigolf.png</image></game>
<game><path>./Cass Split/mrglobe.zip</path><name>mrglobe</name><image>~/../thumbs/MAME/Named_Snaps/mrglobe.png</image></game>
<game><path>./Cass Split/netz.zip</path><name>netz</name><image>~/../thumbs/MAME/Named_Snaps/netz.png</image></game>
<game><path>./Cass Split/nuclear.zip</path><name>nuclear</name><image>~/../thumbs/MAME/Named_Snaps/nuclear.png</image></game>
<game><path>./Cass Split/orbit.zip</path><name>orbit</name><image>~/../thumbs/MAME/Named_Snaps/orbit.png</image></game>
<game><path>./Cass Split/othello.zip</path><name>othello</name><image>~/../thumbs/MAME/Named_Snaps/othello.png</image></game>
<game><path>./Cass Split/pacman.zip</path><name>pacman</name><image>~/../thumbs/MAME/Named_Snaps/pacman.png</image></game>
<game><path>./Cass Split/painter.zip</path><name>painter</name><image>~/../thumbs/MAME/Named_Snaps/painter.png</image></game>
<game><path>./Cass Split/paranoia.zip</path><name>paranoia</name><image>~/../thumbs/MAME/Named_Snaps/paranoia.png</image></game>
<game><path>./Cass Split/parcour.zip</path><name>parcour</name><image>~/../thumbs/MAME/Named_Snaps/parcour.png</image></game>
<game><path>./Cass Split/patience.zip</path><name>patience</name><image>~/../thumbs/MAME/Named_Snaps/patience.png</image></game>
<game><path>./Cass Split/pengo3.zip</path><name>pengo3</name><image>~/../thumbs/MAME/Named_Snaps/pengo3.png</image></game>
<game><path>./Cass Split/pengo4.zip</path><name>pengo4</name><image>~/../thumbs/MAME/Named_Snaps/pengo4.png</image></game>
<game><path>./Cass Split/perestro.zip</path><name>perestro</name><image>~/../thumbs/MAME/Named_Snaps/perestro.png</image></game>
<game><path>./Cass Split/perlen.zip</path><name>perlen</name><image>~/../thumbs/MAME/Named_Snaps/perlen.png</image></game>
<game><path>./Cass Split/pharao3.zip</path><name>pharao3</name><image>~/../thumbs/MAME/Named_Snaps/pharao3.png</image></game>
<game><path>./Cass Split/pharao4.zip</path><name>pharao4</name><image>~/../thumbs/MAME/Named_Snaps/pharao4.png</image></game>
<game><path>./Cass Split/pilze.zip</path><name>pilze</name><image>~/../thumbs/MAME/Named_Snaps/pilze.png</image></game>
<game><path>./Cass Split/pinguin.zip</path><name>pinguin</name><image>~/../thumbs/MAME/Named_Snaps/pinguin.png</image></game>
<game><path>./Cass Split/poligon.zip</path><name>poligon</name><image>~/../thumbs/MAME/Named_Snaps/poligon.png</image></game>
<game><path>./Cass Split/pursuit3.zip</path><name>pursuit3</name><image>~/../thumbs/MAME/Named_Snaps/pursuit3.png</image></game>
<game><path>./Cass Split/pursuit4.zip</path><name>pursuit4</name><image>~/../thumbs/MAME/Named_Snaps/pursuit4.png</image></game>
<game><path>./Cass Split/pyram15.zip</path><name>pyram15</name><image>~/../thumbs/MAME/Named_Snaps/pyram15.png</image></game>
<game><path>./Cass Split/pyram25.zip</path><name>pyram25</name><image>~/../thumbs/MAME/Named_Snaps/pyram25.png</image></game>
<game><path>./Cass Split/rallye.zip</path><name>rallye</name><image>~/../thumbs/MAME/Named_Snaps/rallye.png</image></game>
<game><path>./Cass Split/rana.zip</path><name>rana</name><image>~/../thumbs/MAME/Named_Snaps/rana.png</image></game>
<game><path>./Cass Split/raus.zip</path><name>raus</name><image>~/../thumbs/MAME/Named_Snaps/raus.png</image></game>
<game><path>./Cass Split/sahara.zip</path><name>sahara</name><image>~/../thumbs/MAME/Named_Snaps/sahara.png</image></game>
<game><path>./Cass Split/sandburg.zip</path><name>sandburg</name><image>~/../thumbs/MAME/Named_Snaps/sandburg.png</image></game>
<game><path>./Cass Split/schach.zip</path><name>schach</name><image>~/../thumbs/MAME/Named_Snaps/schach.png</image></game>
<game><path>./Cass Split/schatz.zip</path><name>schatz</name><image>~/../thumbs/MAME/Named_Snaps/schatz.png</image></game>
<game><path>./Cass Split/schiess.zip</path><name>schiess</name><image>~/../thumbs/MAME/Named_Snaps/schiess.png</image></game>
<game><path>./Cass Split/schiffsu.zip</path><name>schiffsu</name><image>~/../thumbs/MAME/Named_Snaps/schiffsu.png</image></game>
<game><path>./Cass Split/schwloch.zip</path><name>schwloch</name><image>~/../thumbs/MAME/Named_Snaps/schwloch.png</image></game>
<game><path>./Cass Split/sdwand.zip</path><name>sdwand</name><image>~/../thumbs/MAME/Named_Snaps/sdwand.png</image></game>
<game><path>./Cass Split/seawar.zip</path><name>seawar</name><image>~/../thumbs/MAME/Named_Snaps/seawar.png</image></game>
<game><path>./Cass Split/ski.zip</path><name>ski</name><image>~/../thumbs/MAME/Named_Snaps/ski.png</image></game>
<game><path>./Cass Split/skymaste.zip</path><name>skymaste</name><image>~/../thumbs/MAME/Named_Snaps/skymaste.png</image></game>
<game><path>./Cass Split/slider.zip</path><name>slider</name><image>~/../thumbs/MAME/Named_Snaps/slider.png</image></game>
<game><path>./Cass Split/snake.zip</path><name>snake</name><image>~/../thumbs/MAME/Named_Snaps/snake.png</image></game>
<game><path>./Cass Split/snakes.zip</path><name>snakes</name><image>~/../thumbs/MAME/Named_Snaps/snakes.png</image></game>
<game><path>./Cass Split/socoban.zip</path><name>socoban</name><image>~/../thumbs/MAME/Named_Snaps/socoban.png</image></game>
<game><path>./Cass Split/socobana.zip</path><name>socobana</name><image>~/../thumbs/MAME/Named_Snaps/socobana.png</image></game>
<game><path>./Cass Split/sokoban.zip</path><name>sokoban</name><image>~/../thumbs/MAME/Named_Snaps/sokoban.png</image></game>
<game><path>./Cass Split/sokobane.zip</path><name>sokobane</name><image>~/../thumbs/MAME/Named_Snaps/sokobane.png</image></game>
<game><path>./Cass Split/spiele1.zip</path><name>spiele1</name><image>~/../thumbs/MAME/Named_Snaps/spiele1.png</image></game>
<game><path>./Cass Split/spiele2.zip</path><name>spiele2</name><image>~/../thumbs/MAME/Named_Snaps/spiele2.png</image></game>
<game><path>./Cass Split/spiele3.zip</path><name>spiele3</name><image>~/../thumbs/MAME/Named_Snaps/spiele3.png</image></game>
<game><path>./Cass Split/spieles.zip</path><name>spieles</name><image>~/../thumbs/MAME/Named_Snaps/spieles.png</image></game>
<game><path>./Cass Split/stadt.zip</path><name>stadt</name><image>~/../thumbs/MAME/Named_Snaps/stadt.png</image></game>
<game><path>./Cass Split/superski.zip</path><name>superski</name><image>~/../thumbs/MAME/Named_Snaps/superski.png</image></game>
<game><path>./Cass Split/tennis.zip</path><name>tennis</name><image>~/../thumbs/MAME/Named_Snaps/tennis.png</image></game>
<game><path>./Cass Split/tetris.zip</path><name>tetris</name><image>~/../thumbs/MAME/Named_Snaps/tetris.png</image></game>
<game><path>./Cass Split/vgewinnt.zip</path><name>vgewinnt</name><image>~/../thumbs/MAME/Named_Snaps/vgewinnt.png</image></game>
<game><path>./Cass Split/vollgas.zip</path><name>vollgas</name><image>~/../thumbs/MAME/Named_Snaps/vollgas.png</image></game>
<game><path>./Cass Split/vorstell.zip</path><name>vorstell</name><image>~/../thumbs/MAME/Named_Snaps/vorstell.png</image></game>
<game><path>./Cass Split/wp86v1.zip</path><name>wp86v1</name><image>~/../thumbs/MAME/Named_Snaps/wp86v1.png</image></game>
<game><path>./Cass Split/wp86v2.zip</path><name>wp86v2</name><image>~/../thumbs/MAME/Named_Snaps/wp86v2.png</image></game>
<game><path>./Cass Split/wp89.zip</path><name>wp89</name><image>~/../thumbs/MAME/Named_Snaps/wp89.png</image></game>
<folder><path>./Cass Split</path><name>Cass Split</name><image>~/../thumb/kc85.png</image></folder>
</gameList>
