<gameList>
<game><path>./Merged/blckjack.zip</path><name>blckjack</name><image>~/../thumbs/VideoBrain - FamilyComputer/Named_Snaps/blckjack.png</image></game>
<game><path>./Merged/checkers.zip</path><name>checkers</name><image>~/../thumbs/VideoBrain - FamilyComputer/Named_Snaps/checkers.png</image></game>
<game><path>./Merged/complang.zip</path><name>complang</name><image>~/../thumbs/VideoBrain - FamilyComputer/Named_Snaps/complang.png</image></game>
<game><path>./Merged/demo.zip</path><name>demo</name><image>~/../thumbs/VideoBrain - FamilyComputer/Named_Snaps/demo.png</image></game>
<game><path>./Merged/financie.zip</path><name>financie</name><image>~/../thumbs/VideoBrain - FamilyComputer/Named_Snaps/financie.png</image></game>
<game><path>./Merged/gladiatr.zip</path><name>gladiatr</name><image>~/../thumbs/VideoBrain - FamilyComputer/Named_Snaps/gladiatr.png</image></game>
<game><path>./Merged/infoman.zip</path><name>infoman</name><image>~/../thumbs/VideoBrain - FamilyComputer/Named_Snaps/infoman.png</image></game>
<game><path>./Merged/lemstand.zip</path><name>lemstand</name><image>~/../thumbs/VideoBrain - FamilyComputer/Named_Snaps/lemstand.png</image></game>
<game><path>./Merged/mathttr1.zip</path><name>mathttr1</name><image>~/../thumbs/VideoBrain - FamilyComputer/Named_Snaps/mathttr1.png</image></game>
<game><path>./Merged/moneymin.zip</path><name>moneymin</name><image>~/../thumbs/VideoBrain - FamilyComputer/Named_Snaps/moneymin.png</image></game>
<game><path>./Merged/musictch.zip</path><name>musictch</name><image>~/../thumbs/VideoBrain - FamilyComputer/Named_Snaps/musictch.png</image></game>
<game><path>./Merged/pinball.zip</path><name>pinball</name><image>~/../thumbs/VideoBrain - FamilyComputer/Named_Snaps/pinball.png</image></game>
<game><path>./Merged/tennis.zip</path><name>tennis</name><image>~/../thumbs/VideoBrain - FamilyComputer/Named_Snaps/tennis.png</image></game>
<game><path>./Merged/timeshar.zip</path><name>timeshar</name><image>~/../thumbs/VideoBrain - FamilyComputer/Named_Snaps/timeshar.png</image></game>
<game><path>./Merged/vicevers.zip</path><name>vicevers</name><image>~/../thumbs/VideoBrain - FamilyComputer/Named_Snaps/vicevers.png</image></game>
<game><path>./Merged/vidartst.zip</path><name>vidartst</name><image>~/../thumbs/VideoBrain - FamilyComputer/Named_Snaps/vidartst.png</image></game>
<game><path>./Merged/wrdwise1.zip</path><name>wrdwise1</name><image>~/../thumbs/VideoBrain - FamilyComputer/Named_Snaps/wrdwise1.png</image></game>
<game><path>./Merged/wrdwise2.zip</path><name>wrdwise2</name><image>~/../thumbs/VideoBrain - FamilyComputer/Named_Snaps/wrdwise2.png</image></game>
<folder><path>./Merged</path><name>Merged</name><image>~/../thumb/videobrain.png</image></folder>
<game><path>./Split/blckjack.zip</path><name>blckjack</name><image>~/../thumbs/VideoBrain - FamilyComputer/Named_Snaps/blckjack.png</image></game>
<game><path>./Split/checkers.zip</path><name>checkers</name><image>~/../thumbs/VideoBrain - FamilyComputer/Named_Snaps/checkers.png</image></game>
<game><path>./Split/complang.zip</path><name>complang</name><image>~/../thumbs/VideoBrain - FamilyComputer/Named_Snaps/complang.png</image></game>
<game><path>./Split/demo.zip</path><name>demo</name><image>~/../thumbs/VideoBrain - FamilyComputer/Named_Snaps/demo.png</image></game>
<game><path>./Split/financie.zip</path><name>financie</name><image>~/../thumbs/VideoBrain - FamilyComputer/Named_Snaps/financie.png</image></game>
<game><path>./Split/gladiatr.zip</path><name>gladiatr</name><image>~/../thumbs/VideoBrain - FamilyComputer/Named_Snaps/gladiatr.png</image></game>
<game><path>./Split/infoman.zip</path><name>infoman</name><image>~/../thumbs/VideoBrain - FamilyComputer/Named_Snaps/infoman.png</image></game>
<game><path>./Split/lemstand.zip</path><name>lemstand</name><image>~/../thumbs/VideoBrain - FamilyComputer/Named_Snaps/lemstand.png</image></game>
<game><path>./Split/mathttr1.zip</path><name>mathttr1</name><image>~/../thumbs/VideoBrain - FamilyComputer/Named_Snaps/mathttr1.png</image></game>
<game><path>./Split/moneymin.zip</path><name>moneymin</name><image>~/../thumbs/VideoBrain - FamilyComputer/Named_Snaps/moneymin.png</image></game>
<game><path>./Split/musictch.zip</path><name>musictch</name><image>~/../thumbs/VideoBrain - FamilyComputer/Named_Snaps/musictch.png</image></game>
<game><path>./Split/pinball.zip</path><name>pinball</name><image>~/../thumbs/VideoBrain - FamilyComputer/Named_Snaps/pinball.png</image></game>
<game><path>./Split/tennis.zip</path><name>tennis</name><image>~/../thumbs/VideoBrain - FamilyComputer/Named_Snaps/tennis.png</image></game>
<game><path>./Split/timeshar.zip</path><name>timeshar</name><image>~/../thumbs/VideoBrain - FamilyComputer/Named_Snaps/timeshar.png</image></game>
<game><path>./Split/vicevers.zip</path><name>vicevers</name><image>~/../thumbs/VideoBrain - FamilyComputer/Named_Snaps/vicevers.png</image></game>
<game><path>./Split/vidartst.zip</path><name>vidartst</name><image>~/../thumbs/VideoBrain - FamilyComputer/Named_Snaps/vidartst.png</image></game>
<game><path>./Split/wrdwise1.zip</path><name>wrdwise1</name><image>~/../thumbs/VideoBrain - FamilyComputer/Named_Snaps/wrdwise1.png</image></game>
<game><path>./Split/wrdwise2.zip</path><name>wrdwise2</name><image>~/../thumbs/VideoBrain - FamilyComputer/Named_Snaps/wrdwise2.png</image></game>
<folder><path>./Split</path><name>Split</name><image>~/../thumb/videobrain.png</image></folder>
</gameList>
