<gameList>
<game><path>./Virtual Boy NoIntro/3-D BattleSnake (World) (Aftermarket) (Unl).zip</path><name>3-D BattleSnake (World) (Aftermarket) (Unl)</name><image>~/../thumbs/Nintendo - Virtual Boy/Named_Snaps/3-D BattleSnake (World) (Aftermarket) (Unl).png</image><titleshot>~/../thumbs/Nintendo - Virtual Boy/Named_Titles/3-D BattleSnake (World) (Aftermarket) (Unl).png</titleshot><thumbnail>~/../thumbs/Nintendo - Virtual Boy/Named_Boxarts/3-D BattleSnake (World) (Aftermarket) (Unl).png</thumbnail><marquee>~/../thumbs/Nintendo - Virtual Boy/Named_Logos/3-D BattleSnake (World) (Aftermarket) (Unl).png</marquee><hidden>true</hidden></game>
<game><path>./Virtual Boy NoIntro/3-D Tetris (USA).zip</path><name>3-D Tetris (USA)</name><image>~/../thumbs/Nintendo - Virtual Boy/Named_Snaps/3-D Tetris (USA).png</image><titleshot>~/../thumbs/Nintendo - Virtual Boy/Named_Titles/3-D Tetris (USA).png</titleshot><thumbnail>~/../thumbs/Nintendo - Virtual Boy/Named_Boxarts/3-D Tetris (USA).png</thumbnail><marquee>~/../thumbs/Nintendo - Virtual Boy/Named_Logos/3-D Tetris (USA).png</marquee></game>
<game><path>./Virtual Boy NoIntro/3D Crosswords (World) (Emulator Version) (Aftermarket) (Unl).zip</path><name>3D Crosswords (World) (Emulator Version) (Aftermarket) (Unl)</name><image>~/../thumbs/Nintendo - Virtual Boy/Named_Snaps/3D Crosswords (World) (Emulator Version) (Aftermarket) (Unl).png</image><titleshot>~/../thumbs/Nintendo - Virtual Boy/Named_Titles/3D Crosswords (World) (Emulator Version) (Aftermarket) (Unl).png</titleshot><thumbnail>~/../thumbs/Nintendo - Virtual Boy/Named_Boxarts/3D Crosswords (World) (Emulator Version) (Aftermarket) (Unl).png</thumbnail><marquee>~/../thumbs/Nintendo - Virtual Boy/Named_Logos/3D Crosswords (World) (Emulator Version) (Aftermarket) (Unl).png</marquee><hidden>true</hidden></game>
<game><path>./Virtual Boy NoIntro/3D Crosswords (World) (Hardware Version) (Aftermarket) (Unl).zip</path><name>3D Crosswords (World) (Hardware Version) (Aftermarket) (Unl)</name><image>~/../thumbs/Nintendo - Virtual Boy/Named_Snaps/3D Crosswords (World) (Hardware Version) (Aftermarket) (Unl).png</image><titleshot>~/../thumbs/Nintendo - Virtual Boy/Named_Titles/3D Crosswords (World) (Hardware Version) (Aftermarket) (Unl).png</titleshot><thumbnail>~/../thumbs/Nintendo - Virtual Boy/Named_Boxarts/3D Crosswords (World) (Hardware Version) (Aftermarket) (Unl).png</thumbnail><marquee>~/../thumbs/Nintendo - Virtual Boy/Named_Logos/3D Crosswords (World) (Hardware Version) (Aftermarket) (Unl).png</marquee><hidden>true</hidden></game>
<game><path>./Virtual Boy NoIntro/BLOX (World) (v1.0) (Aftermarket) (Unl).zip</path><name>BLOX (World) (v1.0) (Aftermarket) (Unl)</name><image>~/../thumbs/Nintendo - Virtual Boy/Named_Snaps/BLOX (World) (v1.0) (Aftermarket) (Unl).png</image><titleshot>~/../thumbs/Nintendo - Virtual Boy/Named_Titles/BLOX (World) (v1.0) (Aftermarket) (Unl).png</titleshot><thumbnail>~/../thumbs/Nintendo - Virtual Boy/Named_Boxarts/BLOX (World) (v1.0) (Aftermarket) (Unl).png</thumbnail><marquee>~/../thumbs/Nintendo - Virtual Boy/Named_Logos/BLOX (World) (v1.0) (Aftermarket) (Unl).png</marquee><hidden>true</hidden></game>
<game><path>./Virtual Boy NoIntro/BLOX (World) (v1.1) (Aftermarket) (Unl).zip</path><name>BLOX (World) (v1.1) (Aftermarket) (Unl)</name><image>~/../thumbs/Nintendo - Virtual Boy/Named_Snaps/BLOX (World) (v1.1) (Aftermarket) (Unl).png</image><titleshot>~/../thumbs/Nintendo - Virtual Boy/Named_Titles/BLOX (World) (v1.1) (Aftermarket) (Unl).png</titleshot><thumbnail>~/../thumbs/Nintendo - Virtual Boy/Named_Boxarts/BLOX (World) (v1.1) (Aftermarket) (Unl).png</thumbnail><marquee>~/../thumbs/Nintendo - Virtual Boy/Named_Logos/BLOX (World) (v1.1) (Aftermarket) (Unl).png</marquee><hidden>true</hidden></game>
<game><path>./Virtual Boy NoIntro/BLOX 2 (World) (En,Fr,De,Es,It,Sv,Fi,Cs,Sl) (Aftermarket) (Unl).zip</path><name>BLOX 2 (World) (En,Fr,De,Es,It,Sv,Fi,Cs,Sl) (Aftermarket) (Unl)</name><image>~/../thumbs/Nintendo - Virtual Boy/Named_Snaps/BLOX 2 (World) (En,Fr,De,Es,It,Sv,Fi,Cs,Sl) (Aftermarket) (Unl).png</image><titleshot>~/../thumbs/Nintendo - Virtual Boy/Named_Titles/BLOX 2 (World) (En,Fr,De,Es,It,Sv,Fi,Cs,Sl) (Aftermarket) (Unl).png</titleshot><thumbnail>~/../thumbs/Nintendo - Virtual Boy/Named_Boxarts/BLOX 2 (World) (En,Fr,De,Es,It,Sv,Fi,Cs,Sl) (Aftermarket) (Unl).png</thumbnail><marquee>~/../thumbs/Nintendo - Virtual Boy/Named_Logos/BLOX 2 (World) (En,Fr,De,Es,It,Sv,Fi,Cs,Sl) (Aftermarket) (Unl).png</marquee><hidden>true</hidden></game>
<game><path>./Virtual Boy NoIntro/Bad Apple (World) (Demo) (Emulator Version) (Aftermarket) (Unl).zip</path><name>Bad Apple (World) (Demo) (Emulator Version) (Aftermarket) (Unl)</name><image>~/../thumbs/Nintendo - Virtual Boy/Named_Snaps/Bad Apple (World) (Demo) (Emulator Version) (Aftermarket) (Unl).png</image><titleshot>~/../thumbs/Nintendo - Virtual Boy/Named_Titles/Bad Apple (World) (Demo) (Emulator Version) (Aftermarket) (Unl).png</titleshot><thumbnail>~/../thumbs/Nintendo - Virtual Boy/Named_Boxarts/Bad Apple (World) (Demo) (Emulator Version) (Aftermarket) (Unl).png</thumbnail><marquee>~/../thumbs/Nintendo - Virtual Boy/Named_Logos/Bad Apple (World) (Demo) (Emulator Version) (Aftermarket) (Unl).png</marquee><hidden>true</hidden></game>
<game><path>./Virtual Boy NoIntro/Bad Apple (World) (Demo) (Hardware Version) (Aftermarket) (Unl).zip</path><name>Bad Apple (World) (Demo) (Hardware Version) (Aftermarket) (Unl)</name><image>~/../thumbs/Nintendo - Virtual Boy/Named_Snaps/Bad Apple (World) (Demo) (Hardware Version) (Aftermarket) (Unl).png</image><titleshot>~/../thumbs/Nintendo - Virtual Boy/Named_Titles/Bad Apple (World) (Demo) (Hardware Version) (Aftermarket) (Unl).png</titleshot><thumbnail>~/../thumbs/Nintendo - Virtual Boy/Named_Boxarts/Bad Apple (World) (Demo) (Hardware Version) (Aftermarket) (Unl).png</thumbnail><marquee>~/../thumbs/Nintendo - Virtual Boy/Named_Logos/Bad Apple (World) (Demo) (Hardware Version) (Aftermarket) (Unl).png</marquee><hidden>true</hidden></game>
<game><path>./Virtual Boy NoIntro/Ballface (World) (Demo) (Aftermarket) (Unl).zip</path><name>Ballface (World) (Demo) (Aftermarket) (Unl)</name><image>~/../thumbs/Nintendo - Virtual Boy/Named_Snaps/Ballface (World) (Demo) (Aftermarket) (Unl).png</image><titleshot>~/../thumbs/Nintendo - Virtual Boy/Named_Titles/Ballface (World) (Demo) (Aftermarket) (Unl).png</titleshot><thumbnail>~/../thumbs/Nintendo - Virtual Boy/Named_Boxarts/Ballface (World) (Demo) (Aftermarket) (Unl).png</thumbnail><marquee>~/../thumbs/Nintendo - Virtual Boy/Named_Logos/Ballface (World) (Demo) (Aftermarket) (Unl).png</marquee><hidden>true</hidden></game>
<game><path>./Virtual Boy NoIntro/Bound High (Japan) (En) (Proto).zip</path><name>Bound High (Japan) (En) (Proto)</name><image>~/../thumbs/Nintendo - Virtual Boy/Named_Snaps/Bound High (Japan) (En) (Proto).png</image><titleshot>~/../thumbs/Nintendo - Virtual Boy/Named_Titles/Bound High (Japan) (En) (Proto).png</titleshot><thumbnail>~/../thumbs/Nintendo - Virtual Boy/Named_Boxarts/Bound High (Japan) (En) (Proto).png</thumbnail><marquee>~/../thumbs/Nintendo - Virtual Boy/Named_Logos/Bound High (Japan) (En) (Proto).png</marquee></game>
<game><path>./Virtual Boy NoIntro/Capitan Sevilla 2 (World) (Es) (Aftermarket) (Unl).zip</path><name>Capitan Sevilla 2 (World) (Es) (Aftermarket) (Unl)</name><image>~/../thumbs/Nintendo - Virtual Boy/Named_Snaps/Capitan Sevilla 2 (World) (Es) (Aftermarket) (Unl).png</image><titleshot>~/../thumbs/Nintendo - Virtual Boy/Named_Titles/Capitan Sevilla 2 (World) (Es) (Aftermarket) (Unl).png</titleshot><thumbnail>~/../thumbs/Nintendo - Virtual Boy/Named_Boxarts/Capitan Sevilla 2 (World) (Es) (Aftermarket) (Unl).png</thumbnail><marquee>~/../thumbs/Nintendo - Virtual Boy/Named_Logos/Capitan Sevilla 2 (World) (Es) (Aftermarket) (Unl).png</marquee><hidden>true</hidden></game>
<game><path>./Virtual Boy NoIntro/Capitan Sevilla 3D (World) (En,De,Es) (Demo) (Aftermarket) (Unl).zip</path><name>Capitan Sevilla 3D (World) (En,De,Es) (Demo) (Aftermarket) (Unl)</name><image>~/../thumbs/Nintendo - Virtual Boy/Named_Snaps/Capitan Sevilla 3D (World) (En,De,Es) (Demo) (Aftermarket) (Unl).png</image><titleshot>~/../thumbs/Nintendo - Virtual Boy/Named_Titles/Capitan Sevilla 3D (World) (En,De,Es) (Demo) (Aftermarket) (Unl).png</titleshot><thumbnail>~/../thumbs/Nintendo - Virtual Boy/Named_Boxarts/Capitan Sevilla 3D (World) (En,De,Es) (Demo) (Aftermarket) (Unl).png</thumbnail><marquee>~/../thumbs/Nintendo - Virtual Boy/Named_Logos/Capitan Sevilla 3D (World) (En,De,Es) (Demo) (Aftermarket) (Unl).png</marquee><hidden>true</hidden></game>
<game><path>./Virtual Boy NoIntro/Elevated Speed (World) (High Resolution Version) (Aftermarket) (Unl).zip</path><name>Elevated Speed (World) (High Resolution Version) (Aftermarket) (Unl)</name><image>~/../thumbs/Nintendo - Virtual Boy/Named_Snaps/Elevated Speed (World) (High Resolution Version) (Aftermarket) (Unl).png</image><titleshot>~/../thumbs/Nintendo - Virtual Boy/Named_Titles/Elevated Speed (World) (High Resolution Version) (Aftermarket) (Unl).png</titleshot><thumbnail>~/../thumbs/Nintendo - Virtual Boy/Named_Boxarts/Elevated Speed (World) (High Resolution Version) (Aftermarket) (Unl).png</thumbnail><marquee>~/../thumbs/Nintendo - Virtual Boy/Named_Logos/Elevated Speed (World) (High Resolution Version) (Aftermarket) (Unl).png</marquee><hidden>true</hidden></game>
<game><path>./Virtual Boy NoIntro/Elevated Speed (World) (Low Resolution Version) (Aftermarket) (Unl).zip</path><name>Elevated Speed (World) (Low Resolution Version) (Aftermarket) (Unl)</name><image>~/../thumbs/Nintendo - Virtual Boy/Named_Snaps/Elevated Speed (World) (Low Resolution Version) (Aftermarket) (Unl).png</image><titleshot>~/../thumbs/Nintendo - Virtual Boy/Named_Titles/Elevated Speed (World) (Low Resolution Version) (Aftermarket) (Unl).png</titleshot><thumbnail>~/../thumbs/Nintendo - Virtual Boy/Named_Boxarts/Elevated Speed (World) (Low Resolution Version) (Aftermarket) (Unl).png</thumbnail><marquee>~/../thumbs/Nintendo - Virtual Boy/Named_Logos/Elevated Speed (World) (Low Resolution Version) (Aftermarket) (Unl).png</marquee><hidden>true</hidden></game>
<game><path>./Virtual Boy NoIntro/Fishbone (World) (Aftermarket) (Unl).zip</path><name>Fishbone (World) (Aftermarket) (Unl)</name><image>~/../thumbs/Nintendo - Virtual Boy/Named_Snaps/Fishbone (World) (Aftermarket) (Unl).png</image><titleshot>~/../thumbs/Nintendo - Virtual Boy/Named_Titles/Fishbone (World) (Aftermarket) (Unl).png</titleshot><thumbnail>~/../thumbs/Nintendo - Virtual Boy/Named_Boxarts/Fishbone (World) (Aftermarket) (Unl).png</thumbnail><marquee>~/../thumbs/Nintendo - Virtual Boy/Named_Logos/Fishbone (World) (Aftermarket) (Unl).png</marquee><hidden>true</hidden></game>
<game><path>./Virtual Boy NoIntro/Fishbone (World) (Demo 1) (Aftermarket) (Unl).zip</path><name>Fishbone (World) (Demo 1) (Aftermarket) (Unl)</name><image>~/../thumbs/Nintendo - Virtual Boy/Named_Snaps/Fishbone (World) (Demo 1) (Aftermarket) (Unl).png</image><titleshot>~/../thumbs/Nintendo - Virtual Boy/Named_Titles/Fishbone (World) (Demo 1) (Aftermarket) (Unl).png</titleshot><thumbnail>~/../thumbs/Nintendo - Virtual Boy/Named_Boxarts/Fishbone (World) (Demo 1) (Aftermarket) (Unl).png</thumbnail><marquee>~/../thumbs/Nintendo - Virtual Boy/Named_Logos/Fishbone (World) (Demo 1) (Aftermarket) (Unl).png</marquee><hidden>true</hidden></game>
<game><path>./Virtual Boy NoIntro/Fishbone (World) (Demo 2) (Aftermarket) (Unl).zip</path><name>Fishbone (World) (Demo 2) (Aftermarket) (Unl)</name><image>~/../thumbs/Nintendo - Virtual Boy/Named_Snaps/Fishbone (World) (Demo 2) (Aftermarket) (Unl).png</image><titleshot>~/../thumbs/Nintendo - Virtual Boy/Named_Titles/Fishbone (World) (Demo 2) (Aftermarket) (Unl).png</titleshot><thumbnail>~/../thumbs/Nintendo - Virtual Boy/Named_Boxarts/Fishbone (World) (Demo 2) (Aftermarket) (Unl).png</thumbnail><marquee>~/../thumbs/Nintendo - Virtual Boy/Named_Logos/Fishbone (World) (Demo 2) (Aftermarket) (Unl).png</marquee><hidden>true</hidden></game>
<game><path>./Virtual Boy NoIntro/Fishbone (World) (Demo 3) (Aftermarket) (Unl).zip</path><name>Fishbone (World) (Demo 3) (Aftermarket) (Unl)</name><image>~/../thumbs/Nintendo - Virtual Boy/Named_Snaps/Fishbone (World) (Demo 3) (Aftermarket) (Unl).png</image><titleshot>~/../thumbs/Nintendo - Virtual Boy/Named_Titles/Fishbone (World) (Demo 3) (Aftermarket) (Unl).png</titleshot><thumbnail>~/../thumbs/Nintendo - Virtual Boy/Named_Boxarts/Fishbone (World) (Demo 3) (Aftermarket) (Unl).png</thumbnail><marquee>~/../thumbs/Nintendo - Virtual Boy/Named_Logos/Fishbone (World) (Demo 3) (Aftermarket) (Unl).png</marquee><hidden>true</hidden></game>
<game><path>./Virtual Boy NoIntro/Formula V (World) (Demo) (Emulator Version) (Aftermarket) (Unl).zip</path><name>Formula V (World) (Demo) (Emulator Version) (Aftermarket) (Unl)</name><image>~/../thumbs/Nintendo - Virtual Boy/Named_Snaps/Formula V (World) (Demo) (Emulator Version) (Aftermarket) (Unl).png</image><titleshot>~/../thumbs/Nintendo - Virtual Boy/Named_Titles/Formula V (World) (Demo) (Emulator Version) (Aftermarket) (Unl).png</titleshot><thumbnail>~/../thumbs/Nintendo - Virtual Boy/Named_Boxarts/Formula V (World) (Demo) (Emulator Version) (Aftermarket) (Unl).png</thumbnail><marquee>~/../thumbs/Nintendo - Virtual Boy/Named_Logos/Formula V (World) (Demo) (Emulator Version) (Aftermarket) (Unl).png</marquee><hidden>true</hidden></game>
<game><path>./Virtual Boy NoIntro/Formula V (World) (Demo) (Hardware Version) (Aftermarket) (Unl).zip</path><name>Formula V (World) (Demo) (Hardware Version) (Aftermarket) (Unl)</name><image>~/../thumbs/Nintendo - Virtual Boy/Named_Snaps/Formula V (World) (Demo) (Hardware Version) (Aftermarket) (Unl).png</image><titleshot>~/../thumbs/Nintendo - Virtual Boy/Named_Titles/Formula V (World) (Demo) (Hardware Version) (Aftermarket) (Unl).png</titleshot><thumbnail>~/../thumbs/Nintendo - Virtual Boy/Named_Boxarts/Formula V (World) (Demo) (Hardware Version) (Aftermarket) (Unl).png</thumbnail><marquee>~/../thumbs/Nintendo - Virtual Boy/Named_Logos/Formula V (World) (Demo) (Hardware Version) (Aftermarket) (Unl).png</marquee><hidden>true</hidden></game>
<game><path>./Virtual Boy NoIntro/Galactic Pinball (Japan, USA) (En).zip</path><name>Galactic Pinball (Japan, USA) (En)</name><image>~/../thumbs/Nintendo - Virtual Boy/Named_Snaps/Galactic Pinball (Japan, USA) (En).png</image><titleshot>~/../thumbs/Nintendo - Virtual Boy/Named_Titles/Galactic Pinball (Japan, USA) (En).png</titleshot><thumbnail>~/../thumbs/Nintendo - Virtual Boy/Named_Boxarts/Galactic Pinball (Japan, USA) (En).png</thumbnail><marquee>~/../thumbs/Nintendo - Virtual Boy/Named_Logos/Galactic Pinball (Japan, USA) (En).png</marquee></game>
<game><path>./Virtual Boy NoIntro/Golf (USA).zip</path><name>Golf (USA)</name><image>~/../thumbs/Nintendo - Virtual Boy/Named_Snaps/Golf (USA).png</image><titleshot>~/../thumbs/Nintendo - Virtual Boy/Named_Titles/Golf (USA).png</titleshot><thumbnail>~/../thumbs/Nintendo - Virtual Boy/Named_Boxarts/Golf (USA).png</thumbnail><marquee>~/../thumbs/Nintendo - Virtual Boy/Named_Logos/Golf (USA).png</marquee></game>
<game><path>./Virtual Boy NoIntro/Hamburgers En Route to Switzerland (World) (Aftermarket) (Unl).zip</path><name>Hamburgers En Route to Switzerland (World) (Aftermarket) (Unl)</name><image>~/../thumbs/Nintendo - Virtual Boy/Named_Snaps/Hamburgers En Route to Switzerland (World) (Aftermarket) (Unl).png</image><titleshot>~/../thumbs/Nintendo - Virtual Boy/Named_Titles/Hamburgers En Route to Switzerland (World) (Aftermarket) (Unl).png</titleshot><thumbnail>~/../thumbs/Nintendo - Virtual Boy/Named_Boxarts/Hamburgers En Route to Switzerland (World) (Aftermarket) (Unl).png</thumbnail><marquee>~/../thumbs/Nintendo - Virtual Boy/Named_Logos/Hamburgers En Route to Switzerland (World) (Aftermarket) (Unl).png</marquee><hidden>true</hidden></game>
<game><path>./Virtual Boy NoIntro/Hamburgers En Route to Switzerland (World) (Demo 1) (Aftermarket) (Unl).zip</path><name>Hamburgers En Route to Switzerland (World) (Demo 1) (Aftermarket) (Unl)</name><image>~/../thumbs/Nintendo - Virtual Boy/Named_Snaps/Hamburgers En Route to Switzerland (World) (Demo 1) (Aftermarket) (Unl).png</image><titleshot>~/../thumbs/Nintendo - Virtual Boy/Named_Titles/Hamburgers En Route to Switzerland (World) (Demo 1) (Aftermarket) (Unl).png</titleshot><thumbnail>~/../thumbs/Nintendo - Virtual Boy/Named_Boxarts/Hamburgers En Route to Switzerland (World) (Demo 1) (Aftermarket) (Unl).png</thumbnail><marquee>~/../thumbs/Nintendo - Virtual Boy/Named_Logos/Hamburgers En Route to Switzerland (World) (Demo 1) (Aftermarket) (Unl).png</marquee><hidden>true</hidden></game>
<game><path>./Virtual Boy NoIntro/Hamburgers En Route to Switzerland (World) (Demo 2) (Aftermarket) (Unl).zip</path><name>Hamburgers En Route to Switzerland (World) (Demo 2) (Aftermarket) (Unl)</name><image>~/../thumbs/Nintendo - Virtual Boy/Named_Snaps/Hamburgers En Route to Switzerland (World) (Demo 2) (Aftermarket) (Unl).png</image><titleshot>~/../thumbs/Nintendo - Virtual Boy/Named_Titles/Hamburgers En Route to Switzerland (World) (Demo 2) (Aftermarket) (Unl).png</titleshot><thumbnail>~/../thumbs/Nintendo - Virtual Boy/Named_Boxarts/Hamburgers En Route to Switzerland (World) (Demo 2) (Aftermarket) (Unl).png</thumbnail><marquee>~/../thumbs/Nintendo - Virtual Boy/Named_Logos/Hamburgers En Route to Switzerland (World) (Demo 2) (Aftermarket) (Unl).png</marquee><hidden>true</hidden></game>
<game><path>./Virtual Boy NoIntro/Hyper Fighting (World) (Aftermarket) (Unl).zip</path><name>Hyper Fighting (World) (Aftermarket) (Unl)</name><image>~/../thumbs/Nintendo - Virtual Boy/Named_Snaps/Hyper Fighting (World) (Aftermarket) (Unl).png</image><titleshot>~/../thumbs/Nintendo - Virtual Boy/Named_Titles/Hyper Fighting (World) (Aftermarket) (Unl).png</titleshot><thumbnail>~/../thumbs/Nintendo - Virtual Boy/Named_Boxarts/Hyper Fighting (World) (Aftermarket) (Unl).png</thumbnail><marquee>~/../thumbs/Nintendo - Virtual Boy/Named_Logos/Hyper Fighting (World) (Aftermarket) (Unl).png</marquee><hidden>true</hidden></game>
<game><path>./Virtual Boy NoIntro/Hyper Fighting (World) (Beta) (Aftermarket) (Unl).zip</path><name>Hyper Fighting (World) (Beta) (Aftermarket) (Unl)</name><image>~/../thumbs/Nintendo - Virtual Boy/Named_Snaps/Hyper Fighting (World) (Beta) (Aftermarket) (Unl).png</image><titleshot>~/../thumbs/Nintendo - Virtual Boy/Named_Titles/Hyper Fighting (World) (Beta) (Aftermarket) (Unl).png</titleshot><thumbnail>~/../thumbs/Nintendo - Virtual Boy/Named_Boxarts/Hyper Fighting (World) (Beta) (Aftermarket) (Unl).png</thumbnail><marquee>~/../thumbs/Nintendo - Virtual Boy/Named_Logos/Hyper Fighting (World) (Beta) (Aftermarket) (Unl).png</marquee><hidden>true</hidden></game>
<game><path>./Virtual Boy NoIntro/Insecticide (World) (Aftermarket) (Unl).zip</path><name>Insecticide (World) (Aftermarket) (Unl)</name><image>~/../thumbs/Nintendo - Virtual Boy/Named_Snaps/Insecticide (World) (Aftermarket) (Unl).png</image><titleshot>~/../thumbs/Nintendo - Virtual Boy/Named_Titles/Insecticide (World) (Aftermarket) (Unl).png</titleshot><thumbnail>~/../thumbs/Nintendo - Virtual Boy/Named_Boxarts/Insecticide (World) (Aftermarket) (Unl).png</thumbnail><marquee>~/../thumbs/Nintendo - Virtual Boy/Named_Logos/Insecticide (World) (Aftermarket) (Unl).png</marquee><hidden>true</hidden></game>
<game><path>./Virtual Boy NoIntro/Insmouth no Yakata (Japan).zip</path><name>Insmouth no Yakata (Japan)</name><image>~/../thumbs/Nintendo - Virtual Boy/Named_Snaps/Insmouth no Yakata (Japan).png</image><titleshot>~/../thumbs/Nintendo - Virtual Boy/Named_Titles/Insmouth no Yakata (Japan).png</titleshot><thumbnail>~/../thumbs/Nintendo - Virtual Boy/Named_Boxarts/Insmouth no Yakata (Japan).png</thumbnail><marquee>~/../thumbs/Nintendo - Virtual Boy/Named_Logos/Insmouth no Yakata (Japan).png</marquee></game>
<game><path>./Virtual Boy NoIntro/Jack Bros. (USA).zip</path><name>Jack Bros. (USA)</name><image>~/../thumbs/Nintendo - Virtual Boy/Named_Snaps/Jack Bros. (USA).png</image><titleshot>~/../thumbs/Nintendo - Virtual Boy/Named_Titles/Jack Bros. (USA).png</titleshot><thumbnail>~/../thumbs/Nintendo - Virtual Boy/Named_Boxarts/Jack Bros. (USA).png</thumbnail><marquee>~/../thumbs/Nintendo - Virtual Boy/Named_Logos/Jack Bros. (USA).png</marquee></game>
<game><path>./Virtual Boy NoIntro/Jack Bros. no Meiro de Hiihoo! (Japan).zip</path><name>Jack Bros. no Meiro de Hiihoo! (Japan)</name><image>~/../thumbs/Nintendo - Virtual Boy/Named_Snaps/Jack Bros. no Meiro de Hiihoo! (Japan).png</image><titleshot>~/../thumbs/Nintendo - Virtual Boy/Named_Titles/Jack Bros. no Meiro de Hiihoo! (Japan).png</titleshot><thumbnail>~/../thumbs/Nintendo - Virtual Boy/Named_Boxarts/Jack Bros. no Meiro de Hiihoo! (Japan).png</thumbnail><marquee>~/../thumbs/Nintendo - Virtual Boy/Named_Logos/Jack Bros. no Meiro de Hiihoo! (Japan).png</marquee></game>
<game><path>./Virtual Boy NoIntro/Mario Clash (Japan, USA) (En).zip</path><name>Mario Clash (Japan, USA) (En)</name><image>~/../thumbs/Nintendo - Virtual Boy/Named_Snaps/Mario Clash (Japan, USA) (En).png</image><titleshot>~/../thumbs/Nintendo - Virtual Boy/Named_Titles/Mario Clash (Japan, USA) (En).png</titleshot><thumbnail>~/../thumbs/Nintendo - Virtual Boy/Named_Boxarts/Mario Clash (Japan, USA) (En).png</thumbnail><marquee>~/../thumbs/Nintendo - Virtual Boy/Named_Logos/Mario Clash (Japan, USA) (En).png</marquee></game>
<game><path>./Virtual Boy NoIntro/Mario Combat (World) (Aftermarket) (Unl).zip</path><name>Mario Combat (World) (Aftermarket) (Unl)</name><image>~/../thumbs/Nintendo - Virtual Boy/Named_Snaps/Mario Combat (World) (Aftermarket) (Unl).png</image><titleshot>~/../thumbs/Nintendo - Virtual Boy/Named_Titles/Mario Combat (World) (Aftermarket) (Unl).png</titleshot><thumbnail>~/../thumbs/Nintendo - Virtual Boy/Named_Boxarts/Mario Combat (World) (Aftermarket) (Unl).png</thumbnail><marquee>~/../thumbs/Nintendo - Virtual Boy/Named_Logos/Mario Combat (World) (Aftermarket) (Unl).png</marquee><hidden>true</hidden></game>
<game><path>./Virtual Boy NoIntro/Mario Kart - Virtual Cup (World) (Aftermarket) (Unl).zip</path><name>Mario Kart - Virtual Cup (World) (Aftermarket) (Unl)</name><image>~/../thumbs/Nintendo - Virtual Boy/Named_Snaps/Mario Kart - Virtual Cup (World) (Aftermarket) (Unl).png</image><titleshot>~/../thumbs/Nintendo - Virtual Boy/Named_Titles/Mario Kart - Virtual Cup (World) (Aftermarket) (Unl).png</titleshot><thumbnail>~/../thumbs/Nintendo - Virtual Boy/Named_Boxarts/Mario Kart - Virtual Cup (World) (Aftermarket) (Unl).png</thumbnail><marquee>~/../thumbs/Nintendo - Virtual Boy/Named_Logos/Mario Kart - Virtual Cup (World) (Aftermarket) (Unl).png</marquee><hidden>true</hidden></game>
<game><path>./Virtual Boy NoIntro/Mario VB (World) (Aftermarket) (Unl).zip</path><name>Mario VB (World) (Aftermarket) (Unl)</name><image>~/../thumbs/Nintendo - Virtual Boy/Named_Snaps/Mario VB (World) (Aftermarket) (Unl).png</image><titleshot>~/../thumbs/Nintendo - Virtual Boy/Named_Titles/Mario VB (World) (Aftermarket) (Unl).png</titleshot><thumbnail>~/../thumbs/Nintendo - Virtual Boy/Named_Boxarts/Mario VB (World) (Aftermarket) (Unl).png</thumbnail><marquee>~/../thumbs/Nintendo - Virtual Boy/Named_Logos/Mario VB (World) (Aftermarket) (Unl).png</marquee><hidden>true</hidden></game>
<game><path>./Virtual Boy NoIntro/Mario's Tennis (Japan, USA) (En).zip</path><name>Mario's Tennis (Japan, USA) (En)</name><image>~/../thumbs/Nintendo - Virtual Boy/Named_Snaps/Mario's Tennis (Japan, USA) (En).png</image><titleshot>~/../thumbs/Nintendo - Virtual Boy/Named_Titles/Mario's Tennis (Japan, USA) (En).png</titleshot><thumbnail>~/../thumbs/Nintendo - Virtual Boy/Named_Boxarts/Mario's Tennis (Japan, USA) (En).png</thumbnail><marquee>~/../thumbs/Nintendo - Virtual Boy/Named_Logos/Mario's Tennis (Japan, USA) (En).png</marquee></game>
<game><path>./Virtual Boy NoIntro/Nester's Funky Bowling (USA).zip</path><name>Nester's Funky Bowling (USA)</name><image>~/../thumbs/Nintendo - Virtual Boy/Named_Snaps/Nester's Funky Bowling (USA).png</image><titleshot>~/../thumbs/Nintendo - Virtual Boy/Named_Titles/Nester's Funky Bowling (USA).png</titleshot><thumbnail>~/../thumbs/Nintendo - Virtual Boy/Named_Boxarts/Nester's Funky Bowling (USA).png</thumbnail><marquee>~/../thumbs/Nintendo - Virtual Boy/Named_Logos/Nester's Funky Bowling (USA).png</marquee></game>
<game><path>./Virtual Boy NoIntro/Niko-chan Battle (Japan) (Proto).zip</path><name>Niko-chan Battle (Japan) (Proto)</name><image>~/../thumbs/Nintendo - Virtual Boy/Named_Snaps/Niko-chan Battle (Japan) (Proto).png</image><titleshot>~/../thumbs/Nintendo - Virtual Boy/Named_Titles/Niko-chan Battle (Japan) (Proto).png</titleshot><thumbnail>~/../thumbs/Nintendo - Virtual Boy/Named_Boxarts/Niko-chan Battle (Japan) (Proto).png</thumbnail><marquee>~/../thumbs/Nintendo - Virtual Boy/Named_Logos/Niko-chan Battle (Japan) (Proto).png</marquee></game>
<game><path>./Virtual Boy NoIntro/Null Pointer Mockup (World) (Demo) (Aftermarket) (Unl).zip</path><name>Null Pointer Mockup (World) (Demo) (Aftermarket) (Unl)</name><image>~/../thumbs/Nintendo - Virtual Boy/Named_Snaps/Null Pointer Mockup (World) (Demo) (Aftermarket) (Unl).png</image><titleshot>~/../thumbs/Nintendo - Virtual Boy/Named_Titles/Null Pointer Mockup (World) (Demo) (Aftermarket) (Unl).png</titleshot><thumbnail>~/../thumbs/Nintendo - Virtual Boy/Named_Boxarts/Null Pointer Mockup (World) (Demo) (Aftermarket) (Unl).png</thumbnail><marquee>~/../thumbs/Nintendo - Virtual Boy/Named_Logos/Null Pointer Mockup (World) (Demo) (Aftermarket) (Unl).png</marquee><hidden>true</hidden></game>
<game><path>./Virtual Boy NoIntro/Panic Bomber (USA).zip</path><name>Panic Bomber (USA)</name><image>~/../thumbs/Nintendo - Virtual Boy/Named_Snaps/Panic Bomber (USA).png</image><titleshot>~/../thumbs/Nintendo - Virtual Boy/Named_Titles/Panic Bomber (USA).png</titleshot><thumbnail>~/../thumbs/Nintendo - Virtual Boy/Named_Boxarts/Panic Bomber (USA).png</thumbnail><marquee>~/../thumbs/Nintendo - Virtual Boy/Named_Logos/Panic Bomber (USA).png</marquee></game>
<game><path>./Virtual Boy NoIntro/Red Alarm (Japan).zip</path><name>Red Alarm (Japan)</name><image>~/../thumbs/Nintendo - Virtual Boy/Named_Snaps/Red Alarm (Japan).png</image><titleshot>~/../thumbs/Nintendo - Virtual Boy/Named_Titles/Red Alarm (Japan).png</titleshot><thumbnail>~/../thumbs/Nintendo - Virtual Boy/Named_Boxarts/Red Alarm (Japan).png</thumbnail><marquee>~/../thumbs/Nintendo - Virtual Boy/Named_Logos/Red Alarm (Japan).png</marquee></game>
<game><path>./Virtual Boy NoIntro/Red Alarm (USA).zip</path><name>Red Alarm (USA)</name><image>~/../thumbs/Nintendo - Virtual Boy/Named_Snaps/Red Alarm (USA).png</image><titleshot>~/../thumbs/Nintendo - Virtual Boy/Named_Titles/Red Alarm (USA).png</titleshot><thumbnail>~/../thumbs/Nintendo - Virtual Boy/Named_Boxarts/Red Alarm (USA).png</thumbnail><marquee>~/../thumbs/Nintendo - Virtual Boy/Named_Logos/Red Alarm (USA).png</marquee></game>
<game><path>./Virtual Boy NoIntro/Red Square (World) (Aftermarket) (Unl).zip</path><name>Red Square (World) (Aftermarket) (Unl)</name><image>~/../thumbs/Nintendo - Virtual Boy/Named_Snaps/Red Square (World) (Aftermarket) (Unl).png</image><titleshot>~/../thumbs/Nintendo - Virtual Boy/Named_Titles/Red Square (World) (Aftermarket) (Unl).png</titleshot><thumbnail>~/../thumbs/Nintendo - Virtual Boy/Named_Boxarts/Red Square (World) (Aftermarket) (Unl).png</thumbnail><marquee>~/../thumbs/Nintendo - Virtual Boy/Named_Logos/Red Square (World) (Aftermarket) (Unl).png</marquee><hidden>true</hidden></game>
<game><path>./Virtual Boy NoIntro/SD Gundam - Dimension War (Japan).zip</path><name>SD Gundam - Dimension War (Japan)</name><image>~/../thumbs/Nintendo - Virtual Boy/Named_Snaps/SD Gundam - Dimension War (Japan).png</image><titleshot>~/../thumbs/Nintendo - Virtual Boy/Named_Titles/SD Gundam - Dimension War (Japan).png</titleshot><thumbnail>~/../thumbs/Nintendo - Virtual Boy/Named_Boxarts/SD Gundam - Dimension War (Japan).png</thumbnail><marquee>~/../thumbs/Nintendo - Virtual Boy/Named_Logos/SD Gundam - Dimension War (Japan).png</marquee></game>
<game><path>./Virtual Boy NoIntro/SPONG (World) (En,Fr,De,Es) (Demo) (Aftermarket) (Unl).zip</path><name>SPONG (World) (En,Fr,De,Es) (Demo) (Aftermarket) (Unl)</name><image>~/../thumbs/Nintendo - Virtual Boy/Named_Snaps/SPONG (World) (En,Fr,De,Es) (Demo) (Aftermarket) (Unl).png</image><titleshot>~/../thumbs/Nintendo - Virtual Boy/Named_Titles/SPONG (World) (En,Fr,De,Es) (Demo) (Aftermarket) (Unl).png</titleshot><thumbnail>~/../thumbs/Nintendo - Virtual Boy/Named_Boxarts/SPONG (World) (En,Fr,De,Es) (Demo) (Aftermarket) (Unl).png</thumbnail><marquee>~/../thumbs/Nintendo - Virtual Boy/Named_Logos/SPONG (World) (En,Fr,De,Es) (Demo) (Aftermarket) (Unl).png</marquee><hidden>true</hidden></game>
<game><path>./Virtual Boy NoIntro/Snatcher (World) (Demo) (Aftermarket) (Unl).zip</path><name>Snatcher (World) (Demo) (Aftermarket) (Unl)</name><image>~/../thumbs/Nintendo - Virtual Boy/Named_Snaps/Snatcher (World) (Demo) (Aftermarket) (Unl).png</image><titleshot>~/../thumbs/Nintendo - Virtual Boy/Named_Titles/Snatcher (World) (Demo) (Aftermarket) (Unl).png</titleshot><thumbnail>~/../thumbs/Nintendo - Virtual Boy/Named_Boxarts/Snatcher (World) (Demo) (Aftermarket) (Unl).png</thumbnail><marquee>~/../thumbs/Nintendo - Virtual Boy/Named_Logos/Snatcher (World) (Demo) (Aftermarket) (Unl).png</marquee><hidden>true</hidden></game>
<game><path>./Virtual Boy NoIntro/Snowball Wars (World) (Demo 1) (Aftermarket) (Unl).zip</path><name>Snowball Wars (World) (Demo 1) (Aftermarket) (Unl)</name><image>~/../thumbs/Nintendo - Virtual Boy/Named_Snaps/Snowball Wars (World) (Demo 1) (Aftermarket) (Unl).png</image><titleshot>~/../thumbs/Nintendo - Virtual Boy/Named_Titles/Snowball Wars (World) (Demo 1) (Aftermarket) (Unl).png</titleshot><thumbnail>~/../thumbs/Nintendo - Virtual Boy/Named_Boxarts/Snowball Wars (World) (Demo 1) (Aftermarket) (Unl).png</thumbnail><marquee>~/../thumbs/Nintendo - Virtual Boy/Named_Logos/Snowball Wars (World) (Demo 1) (Aftermarket) (Unl).png</marquee><hidden>true</hidden></game>
<game><path>./Virtual Boy NoIntro/Snowball Wars (World) (Demo 2) (Aftermarket) (Unl).zip</path><name>Snowball Wars (World) (Demo 2) (Aftermarket) (Unl)</name><image>~/../thumbs/Nintendo - Virtual Boy/Named_Snaps/Snowball Wars (World) (Demo 2) (Aftermarket) (Unl).png</image><titleshot>~/../thumbs/Nintendo - Virtual Boy/Named_Titles/Snowball Wars (World) (Demo 2) (Aftermarket) (Unl).png</titleshot><thumbnail>~/../thumbs/Nintendo - Virtual Boy/Named_Boxarts/Snowball Wars (World) (Demo 2) (Aftermarket) (Unl).png</thumbnail><marquee>~/../thumbs/Nintendo - Virtual Boy/Named_Logos/Snowball Wars (World) (Demo 2) (Aftermarket) (Unl).png</marquee><hidden>true</hidden></game>
<game><path>./Virtual Boy NoIntro/Snowball Wars (World) (Demo 3) (Aftermarket) (Unl).zip</path><name>Snowball Wars (World) (Demo 3) (Aftermarket) (Unl)</name><image>~/../thumbs/Nintendo - Virtual Boy/Named_Snaps/Snowball Wars (World) (Demo 3) (Aftermarket) (Unl).png</image><titleshot>~/../thumbs/Nintendo - Virtual Boy/Named_Titles/Snowball Wars (World) (Demo 3) (Aftermarket) (Unl).png</titleshot><thumbnail>~/../thumbs/Nintendo - Virtual Boy/Named_Boxarts/Snowball Wars (World) (Demo 3) (Aftermarket) (Unl).png</thumbnail><marquee>~/../thumbs/Nintendo - Virtual Boy/Named_Logos/Snowball Wars (World) (Demo 3) (Aftermarket) (Unl).png</marquee><hidden>true</hidden></game>
<game><path>./Virtual Boy NoIntro/Soviet Union 2010 (World) (v1.0) (Aftermarket) (Unl).zip</path><name>Soviet Union 2010 (World) (v1.0) (Aftermarket) (Unl)</name><image>~/../thumbs/Nintendo - Virtual Boy/Named_Snaps/Soviet Union 2010 (World) (v1.0) (Aftermarket) (Unl).png</image><titleshot>~/../thumbs/Nintendo - Virtual Boy/Named_Titles/Soviet Union 2010 (World) (v1.0) (Aftermarket) (Unl).png</titleshot><thumbnail>~/../thumbs/Nintendo - Virtual Boy/Named_Boxarts/Soviet Union 2010 (World) (v1.0) (Aftermarket) (Unl).png</thumbnail><marquee>~/../thumbs/Nintendo - Virtual Boy/Named_Logos/Soviet Union 2010 (World) (v1.0) (Aftermarket) (Unl).png</marquee><hidden>true</hidden></game>
<game><path>./Virtual Boy NoIntro/Soviet Union 2010 (World) (v1.2) (Aftermarket) (Unl).zip</path><name>Soviet Union 2010 (World) (v1.2) (Aftermarket) (Unl)</name><image>~/../thumbs/Nintendo - Virtual Boy/Named_Snaps/Soviet Union 2010 (World) (v1.2) (Aftermarket) (Unl).png</image><titleshot>~/../thumbs/Nintendo - Virtual Boy/Named_Titles/Soviet Union 2010 (World) (v1.2) (Aftermarket) (Unl).png</titleshot><thumbnail>~/../thumbs/Nintendo - Virtual Boy/Named_Boxarts/Soviet Union 2010 (World) (v1.2) (Aftermarket) (Unl).png</thumbnail><marquee>~/../thumbs/Nintendo - Virtual Boy/Named_Logos/Soviet Union 2010 (World) (v1.2) (Aftermarket) (Unl).png</marquee><hidden>true</hidden></game>
<game><path>./Virtual Boy NoIntro/Soviet Union 2011 (World) (Beta 1) (Aftermarket) (Unl).zip</path><name>Soviet Union 2011 (World) (Beta 1) (Aftermarket) (Unl)</name><image>~/../thumbs/Nintendo - Virtual Boy/Named_Snaps/Soviet Union 2011 (World) (Beta 1) (Aftermarket) (Unl).png</image><titleshot>~/../thumbs/Nintendo - Virtual Boy/Named_Titles/Soviet Union 2011 (World) (Beta 1) (Aftermarket) (Unl).png</titleshot><thumbnail>~/../thumbs/Nintendo - Virtual Boy/Named_Boxarts/Soviet Union 2011 (World) (Beta 1) (Aftermarket) (Unl).png</thumbnail><marquee>~/../thumbs/Nintendo - Virtual Boy/Named_Logos/Soviet Union 2011 (World) (Beta 1) (Aftermarket) (Unl).png</marquee><hidden>true</hidden></game>
<game><path>./Virtual Boy NoIntro/Soviet Union 2011 (World) (Beta 2) (Aftermarket) (Unl).zip</path><name>Soviet Union 2011 (World) (Beta 2) (Aftermarket) (Unl)</name><image>~/../thumbs/Nintendo - Virtual Boy/Named_Snaps/Soviet Union 2011 (World) (Beta 2) (Aftermarket) (Unl).png</image><titleshot>~/../thumbs/Nintendo - Virtual Boy/Named_Titles/Soviet Union 2011 (World) (Beta 2) (Aftermarket) (Unl).png</titleshot><thumbnail>~/../thumbs/Nintendo - Virtual Boy/Named_Boxarts/Soviet Union 2011 (World) (Beta 2) (Aftermarket) (Unl).png</thumbnail><marquee>~/../thumbs/Nintendo - Virtual Boy/Named_Logos/Soviet Union 2011 (World) (Beta 2) (Aftermarket) (Unl).png</marquee><hidden>true</hidden></game>
<game><path>./Virtual Boy NoIntro/Soviet Union 2011 (World) (v1.0) (Aftermarket) (Unl).zip</path><name>Soviet Union 2011 (World) (v1.0) (Aftermarket) (Unl)</name><image>~/../thumbs/Nintendo - Virtual Boy/Named_Snaps/Soviet Union 2011 (World) (v1.0) (Aftermarket) (Unl).png</image><titleshot>~/../thumbs/Nintendo - Virtual Boy/Named_Titles/Soviet Union 2011 (World) (v1.0) (Aftermarket) (Unl).png</titleshot><thumbnail>~/../thumbs/Nintendo - Virtual Boy/Named_Boxarts/Soviet Union 2011 (World) (v1.0) (Aftermarket) (Unl).png</thumbnail><marquee>~/../thumbs/Nintendo - Virtual Boy/Named_Logos/Soviet Union 2011 (World) (v1.0) (Aftermarket) (Unl).png</marquee><hidden>true</hidden></game>
<game><path>./Virtual Boy NoIntro/Soviet Union 2011 (World) (v1.1) (Aftermarket) (Unl).zip</path><name>Soviet Union 2011 (World) (v1.1) (Aftermarket) (Unl)</name><image>~/../thumbs/Nintendo - Virtual Boy/Named_Snaps/Soviet Union 2011 (World) (v1.1) (Aftermarket) (Unl).png</image><titleshot>~/../thumbs/Nintendo - Virtual Boy/Named_Titles/Soviet Union 2011 (World) (v1.1) (Aftermarket) (Unl).png</titleshot><thumbnail>~/../thumbs/Nintendo - Virtual Boy/Named_Boxarts/Soviet Union 2011 (World) (v1.1) (Aftermarket) (Unl).png</thumbnail><marquee>~/../thumbs/Nintendo - Virtual Boy/Named_Logos/Soviet Union 2011 (World) (v1.1) (Aftermarket) (Unl).png</marquee><hidden>true</hidden></game>
<game><path>./Virtual Boy NoIntro/Soviet Union 2011 (World) (v1.2) (Aftermarket) (Unl).zip</path><name>Soviet Union 2011 (World) (v1.2) (Aftermarket) (Unl)</name><image>~/../thumbs/Nintendo - Virtual Boy/Named_Snaps/Soviet Union 2011 (World) (v1.2) (Aftermarket) (Unl).png</image><titleshot>~/../thumbs/Nintendo - Virtual Boy/Named_Titles/Soviet Union 2011 (World) (v1.2) (Aftermarket) (Unl).png</titleshot><thumbnail>~/../thumbs/Nintendo - Virtual Boy/Named_Boxarts/Soviet Union 2011 (World) (v1.2) (Aftermarket) (Unl).png</thumbnail><marquee>~/../thumbs/Nintendo - Virtual Boy/Named_Logos/Soviet Union 2011 (World) (v1.2) (Aftermarket) (Unl).png</marquee><hidden>true</hidden></game>
<game><path>./Virtual Boy NoIntro/Space Invaders - Virtual Collection (Japan).zip</path><name>Space Invaders - Virtual Collection (Japan)</name><image>~/../thumbs/Nintendo - Virtual Boy/Named_Snaps/Space Invaders - Virtual Collection (Japan).png</image><titleshot>~/../thumbs/Nintendo - Virtual Boy/Named_Titles/Space Invaders - Virtual Collection (Japan).png</titleshot><thumbnail>~/../thumbs/Nintendo - Virtual Boy/Named_Boxarts/Space Invaders - Virtual Collection (Japan).png</thumbnail><marquee>~/../thumbs/Nintendo - Virtual Boy/Named_Logos/Space Invaders - Virtual Collection (Japan).png</marquee></game>
<game><path>./Virtual Boy NoIntro/Space Pinball (Japan) (En) (Proto).zip</path><name>Space Pinball (Japan) (En) (Proto)</name><image>~/../thumbs/Nintendo - Virtual Boy/Named_Snaps/Space Pinball (Japan) (En) (Proto).png</image><titleshot>~/../thumbs/Nintendo - Virtual Boy/Named_Titles/Space Pinball (Japan) (En) (Proto).png</titleshot><thumbnail>~/../thumbs/Nintendo - Virtual Boy/Named_Boxarts/Space Pinball (Japan) (En) (Proto).png</thumbnail><marquee>~/../thumbs/Nintendo - Virtual Boy/Named_Logos/Space Pinball (Japan) (En) (Proto).png</marquee></game>
<game><path>./Virtual Boy NoIntro/Space Squash (Japan).zip</path><name>Space Squash (Japan)</name><image>~/../thumbs/Nintendo - Virtual Boy/Named_Snaps/Space Squash (Japan).png</image><titleshot>~/../thumbs/Nintendo - Virtual Boy/Named_Titles/Space Squash (Japan).png</titleshot><thumbnail>~/../thumbs/Nintendo - Virtual Boy/Named_Boxarts/Space Squash (Japan).png</thumbnail><marquee>~/../thumbs/Nintendo - Virtual Boy/Named_Logos/Space Squash (Japan).png</marquee></game>
<game><path>./Virtual Boy NoIntro/StarFox (World) (Demo) (Aftermarket) (Unl).zip</path><name>StarFox (World) (Demo) (Aftermarket) (Unl)</name><image>~/../thumbs/Nintendo - Virtual Boy/Named_Snaps/StarFox (World) (Demo) (Aftermarket) (Unl).png</image><titleshot>~/../thumbs/Nintendo - Virtual Boy/Named_Titles/StarFox (World) (Demo) (Aftermarket) (Unl).png</titleshot><thumbnail>~/../thumbs/Nintendo - Virtual Boy/Named_Boxarts/StarFox (World) (Demo) (Aftermarket) (Unl).png</thumbnail><marquee>~/../thumbs/Nintendo - Virtual Boy/Named_Logos/StarFox (World) (Demo) (Aftermarket) (Unl).png</marquee><hidden>true</hidden></game>
<game><path>./Virtual Boy NoIntro/T&E Virtual Golf (Japan).zip</path><name>T&E Virtual Golf (Japan)</name><image>~/../thumbs/Nintendo - Virtual Boy/Named_Snaps/T&E Virtual Golf (Japan).png</image><titleshot>~/../thumbs/Nintendo - Virtual Boy/Named_Titles/T&E Virtual Golf (Japan).png</titleshot><thumbnail>~/../thumbs/Nintendo - Virtual Boy/Named_Boxarts/T&E Virtual Golf (Japan).png</thumbnail><marquee>~/../thumbs/Nintendo - Virtual Boy/Named_Logos/T&E Virtual Golf (Japan).png</marquee></game>
<game><path>./Virtual Boy NoIntro/Teleroboxer (Japan, USA) (En).zip</path><name>Teleroboxer (Japan, USA) (En)</name><image>~/../thumbs/Nintendo - Virtual Boy/Named_Snaps/Teleroboxer (Japan, USA) (En).png</image><titleshot>~/../thumbs/Nintendo - Virtual Boy/Named_Titles/Teleroboxer (Japan, USA) (En).png</titleshot><thumbnail>~/../thumbs/Nintendo - Virtual Boy/Named_Boxarts/Teleroboxer (Japan, USA) (En).png</thumbnail><marquee>~/../thumbs/Nintendo - Virtual Boy/Named_Logos/Teleroboxer (Japan, USA) (En).png</marquee></game>
<game><path>./Virtual Boy NoIntro/Tobidase! Panibon (Japan).zip</path><name>Tobidase! Panibon (Japan)</name><image>~/../thumbs/Nintendo - Virtual Boy/Named_Snaps/Tobidase! Panibon (Japan).png</image><titleshot>~/../thumbs/Nintendo - Virtual Boy/Named_Titles/Tobidase! Panibon (Japan).png</titleshot><thumbnail>~/../thumbs/Nintendo - Virtual Boy/Named_Boxarts/Tobidase! Panibon (Japan).png</thumbnail><marquee>~/../thumbs/Nintendo - Virtual Boy/Named_Logos/Tobidase! Panibon (Japan).png</marquee></game>
<game><path>./Virtual Boy NoIntro/Tron VB (World) (Demo) (Aftermarket) (Unl).zip</path><name>Tron VB (World) (Demo) (Aftermarket) (Unl)</name><image>~/../thumbs/Nintendo - Virtual Boy/Named_Snaps/Tron VB (World) (Demo) (Aftermarket) (Unl).png</image><titleshot>~/../thumbs/Nintendo - Virtual Boy/Named_Titles/Tron VB (World) (Demo) (Aftermarket) (Unl).png</titleshot><thumbnail>~/../thumbs/Nintendo - Virtual Boy/Named_Boxarts/Tron VB (World) (Demo) (Aftermarket) (Unl).png</thumbnail><marquee>~/../thumbs/Nintendo - Virtual Boy/Named_Logos/Tron VB (World) (Demo) (Aftermarket) (Unl).png</marquee><hidden>true</hidden></game>
<game><path>./Virtual Boy NoIntro/V-Tetris (Japan).zip</path><name>V-Tetris (Japan)</name><image>~/../thumbs/Nintendo - Virtual Boy/Named_Snaps/V-Tetris (Japan).png</image><titleshot>~/../thumbs/Nintendo - Virtual Boy/Named_Titles/V-Tetris (Japan).png</titleshot><thumbnail>~/../thumbs/Nintendo - Virtual Boy/Named_Boxarts/V-Tetris (Japan).png</thumbnail><marquee>~/../thumbs/Nintendo - Virtual Boy/Named_Logos/V-Tetris (Japan).png</marquee></game>
<game><path>./Virtual Boy NoIntro/VUEngine Platformer (World) (En,Fr,De,Es-ES) (Demo) (Aftermarket) (Unl).zip</path><name>VUEngine Platformer (World) (En,Fr,De,Es-ES) (Demo) (Aftermarket) (Unl)</name><image>~/../thumbs/Nintendo - Virtual Boy/Named_Snaps/VUEngine Platformer (World) (En,Fr,De,Es-ES) (Demo) (Aftermarket) (Unl).png</image><titleshot>~/../thumbs/Nintendo - Virtual Boy/Named_Titles/VUEngine Platformer (World) (En,Fr,De,Es-ES) (Demo) (Aftermarket) (Unl).png</titleshot><thumbnail>~/../thumbs/Nintendo - Virtual Boy/Named_Boxarts/VUEngine Platformer (World) (En,Fr,De,Es-ES) (Demo) (Aftermarket) (Unl).png</thumbnail><marquee>~/../thumbs/Nintendo - Virtual Boy/Named_Logos/VUEngine Platformer (World) (En,Fr,De,Es-ES) (Demo) (Aftermarket) (Unl).png</marquee><hidden>true</hidden></game>
<game><path>./Virtual Boy NoIntro/Vertical Force (Japan).zip</path><name>Vertical Force (Japan)</name><image>~/../thumbs/Nintendo - Virtual Boy/Named_Snaps/Vertical Force (Japan).png</image><titleshot>~/../thumbs/Nintendo - Virtual Boy/Named_Titles/Vertical Force (Japan).png</titleshot><thumbnail>~/../thumbs/Nintendo - Virtual Boy/Named_Boxarts/Vertical Force (Japan).png</thumbnail><marquee>~/../thumbs/Nintendo - Virtual Boy/Named_Logos/Vertical Force (Japan).png</marquee></game>
<game><path>./Virtual Boy NoIntro/Vertical Force (USA).zip</path><name>Vertical Force (USA)</name><image>~/../thumbs/Nintendo - Virtual Boy/Named_Snaps/Vertical Force (USA).png</image><titleshot>~/../thumbs/Nintendo - Virtual Boy/Named_Titles/Vertical Force (USA).png</titleshot><thumbnail>~/../thumbs/Nintendo - Virtual Boy/Named_Boxarts/Vertical Force (USA).png</thumbnail><marquee>~/../thumbs/Nintendo - Virtual Boy/Named_Logos/Vertical Force (USA).png</marquee></game>
<game><path>./Virtual Boy NoIntro/Virtual Bowling (Japan).zip</path><name>Virtual Bowling (Japan)</name><image>~/../thumbs/Nintendo - Virtual Boy/Named_Snaps/Virtual Bowling (Japan).png</image><titleshot>~/../thumbs/Nintendo - Virtual Boy/Named_Titles/Virtual Bowling (Japan).png</titleshot><thumbnail>~/../thumbs/Nintendo - Virtual Boy/Named_Boxarts/Virtual Bowling (Japan).png</thumbnail><marquee>~/../thumbs/Nintendo - Virtual Boy/Named_Logos/Virtual Bowling (Japan).png</marquee></game>
<game><path>./Virtual Boy NoIntro/Virtual Boy Wario Land (Japan, USA) (En).zip</path><name>Virtual Boy Wario Land (Japan, USA) (En)</name><image>~/../thumbs/Nintendo - Virtual Boy/Named_Snaps/Virtual Boy Wario Land (Japan, USA) (En).png</image><titleshot>~/../thumbs/Nintendo - Virtual Boy/Named_Titles/Virtual Boy Wario Land (Japan, USA) (En).png</titleshot><thumbnail>~/../thumbs/Nintendo - Virtual Boy/Named_Boxarts/Virtual Boy Wario Land (Japan, USA) (En).png</thumbnail><marquee>~/../thumbs/Nintendo - Virtual Boy/Named_Logos/Virtual Boy Wario Land (Japan, USA) (En).png</marquee></game>
<game><path>./Virtual Boy NoIntro/Virtual Fishing (Japan).zip</path><name>Virtual Fishing (Japan)</name><image>~/../thumbs/Nintendo - Virtual Boy/Named_Snaps/Virtual Fishing (Japan).png</image><titleshot>~/../thumbs/Nintendo - Virtual Boy/Named_Titles/Virtual Fishing (Japan).png</titleshot><thumbnail>~/../thumbs/Nintendo - Virtual Boy/Named_Boxarts/Virtual Fishing (Japan).png</thumbnail><marquee>~/../thumbs/Nintendo - Virtual Boy/Named_Logos/Virtual Fishing (Japan).png</marquee></game>
<game><path>./Virtual Boy NoIntro/Virtual Lab (Japan).zip</path><name>Virtual Lab (Japan)</name><image>~/../thumbs/Nintendo - Virtual Boy/Named_Snaps/Virtual Lab (Japan).png</image><titleshot>~/../thumbs/Nintendo - Virtual Boy/Named_Titles/Virtual Lab (Japan).png</titleshot><thumbnail>~/../thumbs/Nintendo - Virtual Boy/Named_Boxarts/Virtual Lab (Japan).png</thumbnail><marquee>~/../thumbs/Nintendo - Virtual Boy/Named_Logos/Virtual Lab (Japan).png</marquee></game>
<game><path>./Virtual Boy NoIntro/Virtual League Baseball (USA).zip</path><name>Virtual League Baseball (USA)</name><image>~/../thumbs/Nintendo - Virtual Boy/Named_Snaps/Virtual League Baseball (USA).png</image><titleshot>~/../thumbs/Nintendo - Virtual Boy/Named_Titles/Virtual League Baseball (USA).png</titleshot><thumbnail>~/../thumbs/Nintendo - Virtual Boy/Named_Boxarts/Virtual League Baseball (USA).png</thumbnail><marquee>~/../thumbs/Nintendo - Virtual Boy/Named_Logos/Virtual League Baseball (USA).png</marquee></game>
<game><path>./Virtual Boy NoIntro/Virtual Pro Yakyuu '95 (Japan).zip</path><name>Virtual Pro Yakyuu '95 (Japan)</name><image>~/../thumbs/Nintendo - Virtual Boy/Named_Snaps/Virtual Pro Yakyuu '95 (Japan).png</image><titleshot>~/../thumbs/Nintendo - Virtual Boy/Named_Titles/Virtual Pro Yakyuu '95 (Japan).png</titleshot><thumbnail>~/../thumbs/Nintendo - Virtual Boy/Named_Boxarts/Virtual Pro Yakyuu '95 (Japan).png</thumbnail><marquee>~/../thumbs/Nintendo - Virtual Boy/Named_Logos/Virtual Pro Yakyuu '95 (Japan).png</marquee></game>
<game><path>./Virtual Boy NoIntro/Waterworld (USA).zip</path><name>Waterworld (USA)</name><image>~/../thumbs/Nintendo - Virtual Boy/Named_Snaps/Waterworld (USA).png</image><titleshot>~/../thumbs/Nintendo - Virtual Boy/Named_Titles/Waterworld (USA).png</titleshot><thumbnail>~/../thumbs/Nintendo - Virtual Boy/Named_Boxarts/Waterworld (USA).png</thumbnail><marquee>~/../thumbs/Nintendo - Virtual Boy/Named_Logos/Waterworld (USA).png</marquee></game>
<folder><path>./Virtual Boy NoIntro</path><name>Virtual Boy NoIntro</name><image>~/../thumb/virtualboy.png</image></folder>
<game><path>./Virtual Boy TOSEC//home/runner/rom/TOSEC/Nintendo/Virtual Boy/Games/Nintendo Virtual Boy - Games.zip</path><name>/home/runner/rom/TOSEC/Nintendo/Virtual Boy/Games/Nintendo Virtual Boy - Games</name><image>~/../thumbs/Nintendo - Virtual Boy/Named_Snaps//home/runner/rom/TOSEC/Nintendo/Virtual Boy/Games/Nintendo Virtual Boy - Games.png</image><titleshot>~/../thumbs/Nintendo - Virtual Boy/Named_Titles//home/runner/rom/TOSEC/Nintendo/Virtual Boy/Games/Nintendo Virtual Boy - Games.png</titleshot><thumbnail>~/../thumbs/Nintendo - Virtual Boy/Named_Boxarts//home/runner/rom/TOSEC/Nintendo/Virtual Boy/Games/Nintendo Virtual Boy - Games.png</thumbnail><marquee>~/../thumbs/Nintendo - Virtual Boy/Named_Logos//home/runner/rom/TOSEC/Nintendo/Virtual Boy/Games/Nintendo Virtual Boy - Games.png</marquee></game>
<folder><path>./Virtual Boy TOSEC</path><name>Virtual Boy TOSEC</name><image>~/../thumb/virtualboy.png</image></folder>
</gameList>
