<gameList>
<game><path>./Tomy Tutor TOSEC/Ascend (2022-04-16)(Inufuto)(JP).zip</path><name>Ascend (2022-04-16)(Inufuto)(JP)</name><image>~/../thumbs/Tomy - Tutor/Named_Snaps/Ascend (2022-04-16).png</image><titleshot>~/../thumbs/Tomy - Tutor/Named_Titles/Ascend (2022-04-16).png</titleshot><thumbnail>~/../thumbs/Tomy - Tutor/Named_Boxarts/Ascend (2022-04-16).png</thumbnail><marquee>~/../thumbs/Tomy - Tutor/Named_Logos/Ascend (2022-04-16).png</marquee></game>
<game><path>./Tomy Tutor TOSEC/Car-azy Racer (1991)(TM).zip</path><name>Car-azy Racer (1991)(TM)</name><image>~/../thumbs/Tomy - Tutor/Named_Snaps/Car-azy Racer (1991).png</image><titleshot>~/../thumbs/Tomy - Tutor/Named_Titles/Car-azy Racer (1991).png</titleshot><thumbnail>~/../thumbs/Tomy - Tutor/Named_Boxarts/Car-azy Racer (1991).png</thumbnail><marquee>~/../thumbs/Tomy - Tutor/Named_Logos/Car-azy Racer (1991).png</marquee></game>
<game><path>./Tomy Tutor TOSEC/Cave Crawlers (1991)(TM).zip</path><name>Cave Crawlers (1991)(TM)</name><image>~/../thumbs/Tomy - Tutor/Named_Snaps/Cave Crawlers (1991).png</image><titleshot>~/../thumbs/Tomy - Tutor/Named_Titles/Cave Crawlers (1991).png</titleshot><thumbnail>~/../thumbs/Tomy - Tutor/Named_Boxarts/Cave Crawlers (1991).png</thumbnail><marquee>~/../thumbs/Tomy - Tutor/Named_Logos/Cave Crawlers (1991).png</marquee></game>
<game><path>./Tomy Tutor TOSEC/Deep Six (1991)(TM).zip</path><name>Deep Six (1991)(TM)</name><image>~/../thumbs/Tomy - Tutor/Named_Snaps/Deep Six (1991).png</image><titleshot>~/../thumbs/Tomy - Tutor/Named_Titles/Deep Six (1991).png</titleshot><thumbnail>~/../thumbs/Tomy - Tutor/Named_Boxarts/Deep Six (1991).png</thumbnail><marquee>~/../thumbs/Tomy - Tutor/Named_Logos/Deep Six (1991).png</marquee></game>
<game><path>./Tomy Tutor TOSEC/Jungler (1991)(TM).zip</path><name>Jungler (1991)(TM)</name><image>~/../thumbs/Tomy - Tutor/Named_Snaps/Jungler (1991).png</image><titleshot>~/../thumbs/Tomy - Tutor/Named_Titles/Jungler (1991).png</titleshot><thumbnail>~/../thumbs/Tomy - Tutor/Named_Boxarts/Jungler (1991).png</thumbnail><marquee>~/../thumbs/Tomy - Tutor/Named_Logos/Jungler (1991).png</marquee></game>
<game><path>./Tomy Tutor TOSEC/Loco-motion (1991)(TM).zip</path><name>Loco-motion (1991)(TM)</name><image>~/../thumbs/Tomy - Tutor/Named_Snaps/Loco-motion (1991).png</image><titleshot>~/../thumbs/Tomy - Tutor/Named_Titles/Loco-motion (1991).png</titleshot><thumbnail>~/../thumbs/Tomy - Tutor/Named_Boxarts/Loco-motion (1991).png</thumbnail><marquee>~/../thumbs/Tomy - Tutor/Named_Logos/Loco-motion (1991).png</marquee></game>
<game><path>./Tomy Tutor TOSEC/Mazy (2022-01-15)(Inufuto)(JP).zip</path><name>Mazy (2022-01-15)(Inufuto)(JP)</name><image>~/../thumbs/Tomy - Tutor/Named_Snaps/Mazy (2022-01-15).png</image><titleshot>~/../thumbs/Tomy - Tutor/Named_Titles/Mazy (2022-01-15).png</titleshot><thumbnail>~/../thumbs/Tomy - Tutor/Named_Boxarts/Mazy (2022-01-15).png</thumbnail><marquee>~/../thumbs/Tomy - Tutor/Named_Logos/Mazy (2022-01-15).png</marquee></game>
<game><path>./Tomy Tutor TOSEC/Pooyan (1991)(TM).zip</path><name>Pooyan (1991)(TM)</name><image>~/../thumbs/Tomy - Tutor/Named_Snaps/Pooyan (1991).png</image><titleshot>~/../thumbs/Tomy - Tutor/Named_Titles/Pooyan (1991).png</titleshot><thumbnail>~/../thumbs/Tomy - Tutor/Named_Boxarts/Pooyan (1991).png</thumbnail><marquee>~/../thumbs/Tomy - Tutor/Named_Logos/Pooyan (1991).png</marquee></game>
<game><path>./Tomy Tutor TOSEC/Ruptus (2022-02-04)(Inufuto)(JP).zip</path><name>Ruptus (2022-02-04)(Inufuto)(JP)</name><image>~/../thumbs/Tomy - Tutor/Named_Snaps/Ruptus (2022-02-04).png</image><titleshot>~/../thumbs/Tomy - Tutor/Named_Titles/Ruptus (2022-02-04).png</titleshot><thumbnail>~/../thumbs/Tomy - Tutor/Named_Boxarts/Ruptus (2022-02-04).png</thumbnail><marquee>~/../thumbs/Tomy - Tutor/Named_Logos/Ruptus (2022-02-04).png</marquee></game>
<game><path>./Tomy Tutor TOSEC/Scramble (199x)(TM).zip</path><name>Scramble (199x)(TM)</name><image>~/../thumbs/Tomy - Tutor/Named_Snaps/Scramble (199x).png</image><titleshot>~/../thumbs/Tomy - Tutor/Named_Titles/Scramble (199x).png</titleshot><thumbnail>~/../thumbs/Tomy - Tutor/Named_Boxarts/Scramble (199x).png</thumbnail><marquee>~/../thumbs/Tomy - Tutor/Named_Logos/Scramble (199x).png</marquee></game>
<game><path>./Tomy Tutor TOSEC/Torpedo Terror (1991)(TM).zip</path><name>Torpedo Terror (1991)(TM)</name><image>~/../thumbs/Tomy - Tutor/Named_Snaps/Torpedo Terror (1991).png</image><titleshot>~/../thumbs/Tomy - Tutor/Named_Titles/Torpedo Terror (1991).png</titleshot><thumbnail>~/../thumbs/Tomy - Tutor/Named_Boxarts/Torpedo Terror (1991).png</thumbnail><marquee>~/../thumbs/Tomy - Tutor/Named_Logos/Torpedo Terror (1991).png</marquee></game>
<game><path>./Tomy Tutor TOSEC/Traffic Jam (1991)(TM).zip</path><name>Traffic Jam (1991)(TM)</name><image>~/../thumbs/Tomy - Tutor/Named_Snaps/Traffic Jam (1991).png</image><titleshot>~/../thumbs/Tomy - Tutor/Named_Titles/Traffic Jam (1991).png</titleshot><thumbnail>~/../thumbs/Tomy - Tutor/Named_Boxarts/Traffic Jam (1991).png</thumbnail><marquee>~/../thumbs/Tomy - Tutor/Named_Logos/Traffic Jam (1991).png</marquee></game>
<folder><path>./Tomy Tutor TOSEC</path><name>tutor</name><image>~/../thumb/tutor.png</image></folder>
<game><path>./Tomy Tutor Merged/4ninmj.zip</path><name>4ninmj</name><image>~/../thumbs/Tomy - Tutor/Named_Snaps/4ninmj.png</image><titleshot>~/../thumbs/Tomy - Tutor/Named_Titles/4ninmj.png</titleshot><thumbnail>~/../thumbs/Tomy - Tutor/Named_Boxarts/4ninmj.png</thumbnail><marquee>~/../thumbs/Tomy - Tutor/Named_Logos/4ninmj.png</marquee></game>
<game><path>./Tomy Tutor Merged/athland.zip</path><name>athland</name><image>~/../thumbs/Tomy - Tutor/Named_Snaps/athland.png</image><titleshot>~/../thumbs/Tomy - Tutor/Named_Titles/athland.png</titleshot><thumbnail>~/../thumbs/Tomy - Tutor/Named_Boxarts/athland.png</thumbnail><marquee>~/../thumbs/Tomy - Tutor/Named_Logos/athland.png</marquee></game>
<game><path>./Tomy Tutor Merged/baseball.zip</path><name>baseball</name><image>~/../thumbs/Tomy - Tutor/Named_Snaps/baseball.png</image><titleshot>~/../thumbs/Tomy - Tutor/Named_Titles/baseball.png</titleshot><thumbnail>~/../thumbs/Tomy - Tutor/Named_Boxarts/baseball.png</thumbnail><marquee>~/../thumbs/Tomy - Tutor/Named_Logos/baseball.png</marquee></game>
<game><path>./Tomy Tutor Merged/batlfght.zip</path><name>batlfght</name><image>~/../thumbs/Tomy - Tutor/Named_Snaps/batlfght.png</image><titleshot>~/../thumbs/Tomy - Tutor/Named_Titles/batlfght.png</titleshot><thumbnail>~/../thumbs/Tomy - Tutor/Named_Boxarts/batlfght.png</thumbnail><marquee>~/../thumbs/Tomy - Tutor/Named_Logos/batlfght.png</marquee></game>
<game><path>./Tomy Tutor Merged/bombman.zip</path><name>bombman</name><image>~/../thumbs/Tomy - Tutor/Named_Snaps/bombman.png</image><titleshot>~/../thumbs/Tomy - Tutor/Named_Titles/bombman.png</titleshot><thumbnail>~/../thumbs/Tomy - Tutor/Named_Boxarts/bombman.png</thumbnail><marquee>~/../thumbs/Tomy - Tutor/Named_Logos/bombman.png</marquee></game>
<game><path>./Tomy Tutor Merged/crawlers.zip</path><name>crawlers</name><image>~/../thumbs/Tomy - Tutor/Named_Snaps/crawlers.png</image><titleshot>~/../thumbs/Tomy - Tutor/Named_Titles/crawlers.png</titleshot><thumbnail>~/../thumbs/Tomy - Tutor/Named_Boxarts/crawlers.png</thumbnail><marquee>~/../thumbs/Tomy - Tutor/Named_Logos/crawlers.png</marquee></game>
<game><path>./Tomy Tutor Merged/crzracer.zip</path><name>crzracer</name><image>~/../thumbs/Tomy - Tutor/Named_Snaps/crzracer.png</image><titleshot>~/../thumbs/Tomy - Tutor/Named_Titles/crzracer.png</titleshot><thumbnail>~/../thumbs/Tomy - Tutor/Named_Boxarts/crzracer.png</thumbnail><marquee>~/../thumbs/Tomy - Tutor/Named_Logos/crzracer.png</marquee></game>
<game><path>./Tomy Tutor Merged/donpan.zip</path><name>donpan</name><image>~/../thumbs/Tomy - Tutor/Named_Snaps/donpan.png</image><titleshot>~/../thumbs/Tomy - Tutor/Named_Titles/donpan.png</titleshot><thumbnail>~/../thumbs/Tomy - Tutor/Named_Boxarts/donpan.png</thumbnail><marquee>~/../thumbs/Tomy - Tutor/Named_Logos/donpan.png</marquee></game>
<game><path>./Tomy Tutor Merged/frogger.zip</path><name>frogger</name><image>~/../thumbs/Tomy - Tutor/Named_Snaps/frogger.png</image><titleshot>~/../thumbs/Tomy - Tutor/Named_Titles/frogger.png</titleshot><thumbnail>~/../thumbs/Tomy - Tutor/Named_Boxarts/frogger.png</thumbnail><marquee>~/../thumbs/Tomy - Tutor/Named_Logos/frogger.png</marquee></game>
<game><path>./Tomy Tutor Merged/hyperspc.zip</path><name>hyperspc</name><image>~/../thumbs/Tomy - Tutor/Named_Snaps/hyperspc.png</image><titleshot>~/../thumbs/Tomy - Tutor/Named_Titles/hyperspc.png</titleshot><thumbnail>~/../thumbs/Tomy - Tutor/Named_Boxarts/hyperspc.png</thumbnail><marquee>~/../thumbs/Tomy - Tutor/Named_Logos/hyperspc.png</marquee></game>
<game><path>./Tomy Tutor Merged/jungler.zip</path><name>jungler</name><image>~/../thumbs/Tomy - Tutor/Named_Snaps/jungler.png</image><titleshot>~/../thumbs/Tomy - Tutor/Named_Titles/jungler.png</titleshot><thumbnail>~/../thumbs/Tomy - Tutor/Named_Boxarts/jungler.png</thumbnail><marquee>~/../thumbs/Tomy - Tutor/Named_Logos/jungler.png</marquee></game>
<game><path>./Tomy Tutor Merged/locomotn.zip</path><name>locomotn</name><image>~/../thumbs/Tomy - Tutor/Named_Snaps/locomotn.png</image><titleshot>~/../thumbs/Tomy - Tutor/Named_Titles/locomotn.png</titleshot><thumbnail>~/../thumbs/Tomy - Tutor/Named_Boxarts/locomotn.png</thumbnail><marquee>~/../thumbs/Tomy - Tutor/Named_Logos/locomotn.png</marquee></game>
<game><path>./Tomy Tutor Merged/marinadv.zip</path><name>marinadv</name><image>~/../thumbs/Tomy - Tutor/Named_Snaps/marinadv.png</image><titleshot>~/../thumbs/Tomy - Tutor/Named_Titles/marinadv.png</titleshot><thumbnail>~/../thumbs/Tomy - Tutor/Named_Boxarts/marinadv.png</thumbnail><marquee>~/../thumbs/Tomy - Tutor/Named_Logos/marinadv.png</marquee></game>
<game><path>./Tomy Tutor Merged/misattck.zip</path><name>misattck</name><image>~/../thumbs/Tomy - Tutor/Named_Snaps/misattck.png</image><titleshot>~/../thumbs/Tomy - Tutor/Named_Titles/misattck.png</titleshot><thumbnail>~/../thumbs/Tomy - Tutor/Named_Boxarts/misattck.png</thumbnail><marquee>~/../thumbs/Tomy - Tutor/Named_Logos/misattck.png</marquee></game>
<game><path>./Tomy Tutor Merged/mnstrinn.zip</path><name>mnstrinn</name><image>~/../thumbs/Tomy - Tutor/Named_Snaps/mnstrinn.png</image><titleshot>~/../thumbs/Tomy - Tutor/Named_Titles/mnstrinn.png</titleshot><thumbnail>~/../thumbs/Tomy - Tutor/Named_Boxarts/mnstrinn.png</thumbnail><marquee>~/../thumbs/Tomy - Tutor/Named_Logos/mnstrinn.png</marquee></game>
<game><path>./Tomy Tutor Merged/mrdo.zip</path><name>mrdo</name><image>~/../thumbs/Tomy - Tutor/Named_Snaps/mrdo.png</image><titleshot>~/../thumbs/Tomy - Tutor/Named_Titles/mrdo.png</titleshot><thumbnail>~/../thumbs/Tomy - Tutor/Named_Boxarts/mrdo.png</thumbnail><marquee>~/../thumbs/Tomy - Tutor/Named_Logos/mrdo.png</marquee></game>
<game><path>./Tomy Tutor Merged/mysteryg.zip</path><name>mysteryg</name><image>~/../thumbs/Tomy - Tutor/Named_Snaps/mysteryg.png</image><titleshot>~/../thumbs/Tomy - Tutor/Named_Titles/mysteryg.png</titleshot><thumbnail>~/../thumbs/Tomy - Tutor/Named_Boxarts/mysteryg.png</thumbnail><marquee>~/../thumbs/Tomy - Tutor/Named_Logos/mysteryg.png</marquee></game>
<game><path>./Tomy Tutor Merged/nflight.zip</path><name>nflight</name><image>~/../thumbs/Tomy - Tutor/Named_Snaps/nflight.png</image><titleshot>~/../thumbs/Tomy - Tutor/Named_Titles/nflight.png</titleshot><thumbnail>~/../thumbs/Tomy - Tutor/Named_Boxarts/nflight.png</thumbnail><marquee>~/../thumbs/Tomy - Tutor/Named_Logos/nflight.png</marquee></game>
<game><path>./Tomy Tutor Merged/pooyan.zip</path><name>pooyan</name><image>~/../thumbs/Tomy - Tutor/Named_Snaps/pooyan.png</image><titleshot>~/../thumbs/Tomy - Tutor/Named_Titles/pooyan.png</titleshot><thumbnail>~/../thumbs/Tomy - Tutor/Named_Boxarts/pooyan.png</thumbnail><marquee>~/../thumbs/Tomy - Tutor/Named_Logos/pooyan.png</marquee></game>
<game><path>./Tomy Tutor Merged/rescue3d.zip</path><name>rescue3d</name><image>~/../thumbs/Tomy - Tutor/Named_Snaps/rescue3d.png</image><titleshot>~/../thumbs/Tomy - Tutor/Named_Titles/rescue3d.png</titleshot><thumbnail>~/../thumbs/Tomy - Tutor/Named_Boxarts/rescue3d.png</thumbnail><marquee>~/../thumbs/Tomy - Tutor/Named_Logos/rescue3d.png</marquee></game>
<game><path>./Tomy Tutor Merged/saurus.zip</path><name>saurus</name><image>~/../thumbs/Tomy - Tutor/Named_Snaps/saurus.png</image><titleshot>~/../thumbs/Tomy - Tutor/Named_Titles/saurus.png</titleshot><thumbnail>~/../thumbs/Tomy - Tutor/Named_Boxarts/saurus.png</thumbnail><marquee>~/../thumbs/Tomy - Tutor/Named_Logos/saurus.png</marquee></game>
<game><path>./Tomy Tutor Merged/scramble.zip</path><name>scramble</name><image>~/../thumbs/Tomy - Tutor/Named_Snaps/scramble.png</image><titleshot>~/../thumbs/Tomy - Tutor/Named_Titles/scramble.png</titleshot><thumbnail>~/../thumbs/Tomy - Tutor/Named_Boxarts/scramble.png</thumbnail><marquee>~/../thumbs/Tomy - Tutor/Named_Logos/scramble.png</marquee></game>
<game><path>./Tomy Tutor Merged/superbik.zip</path><name>superbik</name><image>~/../thumbs/Tomy - Tutor/Named_Snaps/superbik.png</image><titleshot>~/../thumbs/Tomy - Tutor/Named_Titles/superbik.png</titleshot><thumbnail>~/../thumbs/Tomy - Tutor/Named_Boxarts/superbik.png</thumbnail><marquee>~/../thumbs/Tomy - Tutor/Named_Logos/superbik.png</marquee></game>
<game><path>./Tomy Tutor Merged/torpedo.zip</path><name>torpedo</name><image>~/../thumbs/Tomy - Tutor/Named_Snaps/torpedo.png</image><titleshot>~/../thumbs/Tomy - Tutor/Named_Titles/torpedo.png</titleshot><thumbnail>~/../thumbs/Tomy - Tutor/Named_Boxarts/torpedo.png</thumbnail><marquee>~/../thumbs/Tomy - Tutor/Named_Logos/torpedo.png</marquee></game>
<game><path>./Tomy Tutor Merged/trafjam.zip</path><name>trafjam</name><image>~/../thumbs/Tomy - Tutor/Named_Snaps/trafjam.png</image><titleshot>~/../thumbs/Tomy - Tutor/Named_Titles/trafjam.png</titleshot><thumbnail>~/../thumbs/Tomy - Tutor/Named_Boxarts/trafjam.png</thumbnail><marquee>~/../thumbs/Tomy - Tutor/Named_Logos/trafjam.png</marquee></game>
<game><path>./Tomy Tutor Merged/tripcomm.zip</path><name>tripcomm</name><image>~/../thumbs/Tomy - Tutor/Named_Snaps/tripcomm.png</image><titleshot>~/../thumbs/Tomy - Tutor/Named_Titles/tripcomm.png</titleshot><thumbnail>~/../thumbs/Tomy - Tutor/Named_Boxarts/tripcomm.png</thumbnail><marquee>~/../thumbs/Tomy - Tutor/Named_Logos/tripcomm.png</marquee></game>
<game><path>./Tomy Tutor Merged/turpin.zip</path><name>turpin</name><image>~/../thumbs/Tomy - Tutor/Named_Snaps/turpin.png</image><titleshot>~/../thumbs/Tomy - Tutor/Named_Titles/turpin.png</titleshot><thumbnail>~/../thumbs/Tomy - Tutor/Named_Boxarts/turpin.png</thumbnail><marquee>~/../thumbs/Tomy - Tutor/Named_Logos/turpin.png</marquee></game>
<folder><path>./Tomy Tutor Merged</path><name>tutor</name><image>~/../thumb/tutor.png</image></folder>
<game><path>./Tomy Tutor Split/4ninmj.zip</path><name>4ninmj</name><image>~/../thumbs/Tomy - Tutor/Named_Snaps/4ninmj.png</image><titleshot>~/../thumbs/Tomy - Tutor/Named_Titles/4ninmj.png</titleshot><thumbnail>~/../thumbs/Tomy - Tutor/Named_Boxarts/4ninmj.png</thumbnail><marquee>~/../thumbs/Tomy - Tutor/Named_Logos/4ninmj.png</marquee></game>
<game><path>./Tomy Tutor Split/4ninmja.zip</path><name>4ninmja</name><image>~/../thumbs/Tomy - Tutor/Named_Snaps/4ninmja.png</image><titleshot>~/../thumbs/Tomy - Tutor/Named_Titles/4ninmja.png</titleshot><thumbnail>~/../thumbs/Tomy - Tutor/Named_Boxarts/4ninmja.png</thumbnail><marquee>~/../thumbs/Tomy - Tutor/Named_Logos/4ninmja.png</marquee></game>
<game><path>./Tomy Tutor Split/athland.zip</path><name>athland</name><image>~/../thumbs/Tomy - Tutor/Named_Snaps/athland.png</image><titleshot>~/../thumbs/Tomy - Tutor/Named_Titles/athland.png</titleshot><thumbnail>~/../thumbs/Tomy - Tutor/Named_Boxarts/athland.png</thumbnail><marquee>~/../thumbs/Tomy - Tutor/Named_Logos/athland.png</marquee></game>
<game><path>./Tomy Tutor Split/baseball.zip</path><name>baseball</name><image>~/../thumbs/Tomy - Tutor/Named_Snaps/baseball.png</image><titleshot>~/../thumbs/Tomy - Tutor/Named_Titles/baseball.png</titleshot><thumbnail>~/../thumbs/Tomy - Tutor/Named_Boxarts/baseball.png</thumbnail><marquee>~/../thumbs/Tomy - Tutor/Named_Logos/baseball.png</marquee></game>
<game><path>./Tomy Tutor Split/batlfght.zip</path><name>batlfght</name><image>~/../thumbs/Tomy - Tutor/Named_Snaps/batlfght.png</image><titleshot>~/../thumbs/Tomy - Tutor/Named_Titles/batlfght.png</titleshot><thumbnail>~/../thumbs/Tomy - Tutor/Named_Boxarts/batlfght.png</thumbnail><marquee>~/../thumbs/Tomy - Tutor/Named_Logos/batlfght.png</marquee></game>
<game><path>./Tomy Tutor Split/bombman.zip</path><name>bombman</name><image>~/../thumbs/Tomy - Tutor/Named_Snaps/bombman.png</image><titleshot>~/../thumbs/Tomy - Tutor/Named_Titles/bombman.png</titleshot><thumbnail>~/../thumbs/Tomy - Tutor/Named_Boxarts/bombman.png</thumbnail><marquee>~/../thumbs/Tomy - Tutor/Named_Logos/bombman.png</marquee></game>
<game><path>./Tomy Tutor Split/crawlers.zip</path><name>crawlers</name><image>~/../thumbs/Tomy - Tutor/Named_Snaps/crawlers.png</image><titleshot>~/../thumbs/Tomy - Tutor/Named_Titles/crawlers.png</titleshot><thumbnail>~/../thumbs/Tomy - Tutor/Named_Boxarts/crawlers.png</thumbnail><marquee>~/../thumbs/Tomy - Tutor/Named_Logos/crawlers.png</marquee></game>
<game><path>./Tomy Tutor Split/crzracer.zip</path><name>crzracer</name><image>~/../thumbs/Tomy - Tutor/Named_Snaps/crzracer.png</image><titleshot>~/../thumbs/Tomy - Tutor/Named_Titles/crzracer.png</titleshot><thumbnail>~/../thumbs/Tomy - Tutor/Named_Boxarts/crzracer.png</thumbnail><marquee>~/../thumbs/Tomy - Tutor/Named_Logos/crzracer.png</marquee></game>
<game><path>./Tomy Tutor Split/deepsix.zip</path><name>deepsix</name><image>~/../thumbs/Tomy - Tutor/Named_Snaps/deepsix.png</image><titleshot>~/../thumbs/Tomy - Tutor/Named_Titles/deepsix.png</titleshot><thumbnail>~/../thumbs/Tomy - Tutor/Named_Boxarts/deepsix.png</thumbnail><marquee>~/../thumbs/Tomy - Tutor/Named_Logos/deepsix.png</marquee></game>
<game><path>./Tomy Tutor Split/donpan.zip</path><name>donpan</name><image>~/../thumbs/Tomy - Tutor/Named_Snaps/donpan.png</image><titleshot>~/../thumbs/Tomy - Tutor/Named_Titles/donpan.png</titleshot><thumbnail>~/../thumbs/Tomy - Tutor/Named_Boxarts/donpan.png</thumbnail><marquee>~/../thumbs/Tomy - Tutor/Named_Logos/donpan.png</marquee></game>
<game><path>./Tomy Tutor Split/frogger.zip</path><name>frogger</name><image>~/../thumbs/Tomy - Tutor/Named_Snaps/frogger.png</image><titleshot>~/../thumbs/Tomy - Tutor/Named_Titles/frogger.png</titleshot><thumbnail>~/../thumbs/Tomy - Tutor/Named_Boxarts/frogger.png</thumbnail><marquee>~/../thumbs/Tomy - Tutor/Named_Logos/frogger.png</marquee></game>
<game><path>./Tomy Tutor Split/hyperspc.zip</path><name>hyperspc</name><image>~/../thumbs/Tomy - Tutor/Named_Snaps/hyperspc.png</image><titleshot>~/../thumbs/Tomy - Tutor/Named_Titles/hyperspc.png</titleshot><thumbnail>~/../thumbs/Tomy - Tutor/Named_Boxarts/hyperspc.png</thumbnail><marquee>~/../thumbs/Tomy - Tutor/Named_Logos/hyperspc.png</marquee></game>
<game><path>./Tomy Tutor Split/jungler.zip</path><name>jungler</name><image>~/../thumbs/Tomy - Tutor/Named_Snaps/jungler.png</image><titleshot>~/../thumbs/Tomy - Tutor/Named_Titles/jungler.png</titleshot><thumbnail>~/../thumbs/Tomy - Tutor/Named_Boxarts/jungler.png</thumbnail><marquee>~/../thumbs/Tomy - Tutor/Named_Logos/jungler.png</marquee></game>
<game><path>./Tomy Tutor Split/locomotn.zip</path><name>locomotn</name><image>~/../thumbs/Tomy - Tutor/Named_Snaps/locomotn.png</image><titleshot>~/../thumbs/Tomy - Tutor/Named_Titles/locomotn.png</titleshot><thumbnail>~/../thumbs/Tomy - Tutor/Named_Boxarts/locomotn.png</thumbnail><marquee>~/../thumbs/Tomy - Tutor/Named_Logos/locomotn.png</marquee></game>
<game><path>./Tomy Tutor Split/marinadv.zip</path><name>marinadv</name><image>~/../thumbs/Tomy - Tutor/Named_Snaps/marinadv.png</image><titleshot>~/../thumbs/Tomy - Tutor/Named_Titles/marinadv.png</titleshot><thumbnail>~/../thumbs/Tomy - Tutor/Named_Boxarts/marinadv.png</thumbnail><marquee>~/../thumbs/Tomy - Tutor/Named_Logos/marinadv.png</marquee></game>
<game><path>./Tomy Tutor Split/misattck.zip</path><name>misattck</name><image>~/../thumbs/Tomy - Tutor/Named_Snaps/misattck.png</image><titleshot>~/../thumbs/Tomy - Tutor/Named_Titles/misattck.png</titleshot><thumbnail>~/../thumbs/Tomy - Tutor/Named_Boxarts/misattck.png</thumbnail><marquee>~/../thumbs/Tomy - Tutor/Named_Logos/misattck.png</marquee></game>
<game><path>./Tomy Tutor Split/mnstrinn.zip</path><name>mnstrinn</name><image>~/../thumbs/Tomy - Tutor/Named_Snaps/mnstrinn.png</image><titleshot>~/../thumbs/Tomy - Tutor/Named_Titles/mnstrinn.png</titleshot><thumbnail>~/../thumbs/Tomy - Tutor/Named_Boxarts/mnstrinn.png</thumbnail><marquee>~/../thumbs/Tomy - Tutor/Named_Logos/mnstrinn.png</marquee></game>
<game><path>./Tomy Tutor Split/mrdo.zip</path><name>mrdo</name><image>~/../thumbs/Tomy - Tutor/Named_Snaps/mrdo.png</image><titleshot>~/../thumbs/Tomy - Tutor/Named_Titles/mrdo.png</titleshot><thumbnail>~/../thumbs/Tomy - Tutor/Named_Boxarts/mrdo.png</thumbnail><marquee>~/../thumbs/Tomy - Tutor/Named_Logos/mrdo.png</marquee></game>
<game><path>./Tomy Tutor Split/mysteryg.zip</path><name>mysteryg</name><image>~/../thumbs/Tomy - Tutor/Named_Snaps/mysteryg.png</image><titleshot>~/../thumbs/Tomy - Tutor/Named_Titles/mysteryg.png</titleshot><thumbnail>~/../thumbs/Tomy - Tutor/Named_Boxarts/mysteryg.png</thumbnail><marquee>~/../thumbs/Tomy - Tutor/Named_Logos/mysteryg.png</marquee></game>
<game><path>./Tomy Tutor Split/nflight.zip</path><name>nflight</name><image>~/../thumbs/Tomy - Tutor/Named_Snaps/nflight.png</image><titleshot>~/../thumbs/Tomy - Tutor/Named_Titles/nflight.png</titleshot><thumbnail>~/../thumbs/Tomy - Tutor/Named_Boxarts/nflight.png</thumbnail><marquee>~/../thumbs/Tomy - Tutor/Named_Logos/nflight.png</marquee></game>
<game><path>./Tomy Tutor Split/pooyan.zip</path><name>pooyan</name><image>~/../thumbs/Tomy - Tutor/Named_Snaps/pooyan.png</image><titleshot>~/../thumbs/Tomy - Tutor/Named_Titles/pooyan.png</titleshot><thumbnail>~/../thumbs/Tomy - Tutor/Named_Boxarts/pooyan.png</thumbnail><marquee>~/../thumbs/Tomy - Tutor/Named_Logos/pooyan.png</marquee></game>
<game><path>./Tomy Tutor Split/rescue3d.zip</path><name>rescue3d</name><image>~/../thumbs/Tomy - Tutor/Named_Snaps/rescue3d.png</image><titleshot>~/../thumbs/Tomy - Tutor/Named_Titles/rescue3d.png</titleshot><thumbnail>~/../thumbs/Tomy - Tutor/Named_Boxarts/rescue3d.png</thumbnail><marquee>~/../thumbs/Tomy - Tutor/Named_Logos/rescue3d.png</marquee></game>
<game><path>./Tomy Tutor Split/saurus.zip</path><name>saurus</name><image>~/../thumbs/Tomy - Tutor/Named_Snaps/saurus.png</image><titleshot>~/../thumbs/Tomy - Tutor/Named_Titles/saurus.png</titleshot><thumbnail>~/../thumbs/Tomy - Tutor/Named_Boxarts/saurus.png</thumbnail><marquee>~/../thumbs/Tomy - Tutor/Named_Logos/saurus.png</marquee></game>
<game><path>./Tomy Tutor Split/scramble.zip</path><name>scramble</name><image>~/../thumbs/Tomy - Tutor/Named_Snaps/scramble.png</image><titleshot>~/../thumbs/Tomy - Tutor/Named_Titles/scramble.png</titleshot><thumbnail>~/../thumbs/Tomy - Tutor/Named_Boxarts/scramble.png</thumbnail><marquee>~/../thumbs/Tomy - Tutor/Named_Logos/scramble.png</marquee></game>
<game><path>./Tomy Tutor Split/scramblej.zip</path><name>scramblej</name><image>~/../thumbs/Tomy - Tutor/Named_Snaps/scramblej.png</image><titleshot>~/../thumbs/Tomy - Tutor/Named_Titles/scramblej.png</titleshot><thumbnail>~/../thumbs/Tomy - Tutor/Named_Boxarts/scramblej.png</thumbnail><marquee>~/../thumbs/Tomy - Tutor/Named_Logos/scramblej.png</marquee></game>
<game><path>./Tomy Tutor Split/superbik.zip</path><name>superbik</name><image>~/../thumbs/Tomy - Tutor/Named_Snaps/superbik.png</image><titleshot>~/../thumbs/Tomy - Tutor/Named_Titles/superbik.png</titleshot><thumbnail>~/../thumbs/Tomy - Tutor/Named_Boxarts/superbik.png</thumbnail><marquee>~/../thumbs/Tomy - Tutor/Named_Logos/superbik.png</marquee></game>
<game><path>./Tomy Tutor Split/torpedo.zip</path><name>torpedo</name><image>~/../thumbs/Tomy - Tutor/Named_Snaps/torpedo.png</image><titleshot>~/../thumbs/Tomy - Tutor/Named_Titles/torpedo.png</titleshot><thumbnail>~/../thumbs/Tomy - Tutor/Named_Boxarts/torpedo.png</thumbnail><marquee>~/../thumbs/Tomy - Tutor/Named_Logos/torpedo.png</marquee></game>
<game><path>./Tomy Tutor Split/trafjam.zip</path><name>trafjam</name><image>~/../thumbs/Tomy - Tutor/Named_Snaps/trafjam.png</image><titleshot>~/../thumbs/Tomy - Tutor/Named_Titles/trafjam.png</titleshot><thumbnail>~/../thumbs/Tomy - Tutor/Named_Boxarts/trafjam.png</thumbnail><marquee>~/../thumbs/Tomy - Tutor/Named_Logos/trafjam.png</marquee></game>
<game><path>./Tomy Tutor Split/trafjama.zip</path><name>trafjama</name><image>~/../thumbs/Tomy - Tutor/Named_Snaps/trafjama.png</image><titleshot>~/../thumbs/Tomy - Tutor/Named_Titles/trafjama.png</titleshot><thumbnail>~/../thumbs/Tomy - Tutor/Named_Boxarts/trafjama.png</thumbnail><marquee>~/../thumbs/Tomy - Tutor/Named_Logos/trafjama.png</marquee></game>
<game><path>./Tomy Tutor Split/tripcomm.zip</path><name>tripcomm</name><image>~/../thumbs/Tomy - Tutor/Named_Snaps/tripcomm.png</image><titleshot>~/../thumbs/Tomy - Tutor/Named_Titles/tripcomm.png</titleshot><thumbnail>~/../thumbs/Tomy - Tutor/Named_Boxarts/tripcomm.png</thumbnail><marquee>~/../thumbs/Tomy - Tutor/Named_Logos/tripcomm.png</marquee></game>
<game><path>./Tomy Tutor Split/tron.zip</path><name>tron</name><image>~/../thumbs/Tomy - Tutor/Named_Snaps/tron.png</image><titleshot>~/../thumbs/Tomy - Tutor/Named_Titles/tron.png</titleshot><thumbnail>~/../thumbs/Tomy - Tutor/Named_Boxarts/tron.png</thumbnail><marquee>~/../thumbs/Tomy - Tutor/Named_Logos/tron.png</marquee></game>
<game><path>./Tomy Tutor Split/turpin.zip</path><name>turpin</name><image>~/../thumbs/Tomy - Tutor/Named_Snaps/turpin.png</image><titleshot>~/../thumbs/Tomy - Tutor/Named_Titles/turpin.png</titleshot><thumbnail>~/../thumbs/Tomy - Tutor/Named_Boxarts/turpin.png</thumbnail><marquee>~/../thumbs/Tomy - Tutor/Named_Logos/turpin.png</marquee></game>
<folder><path>./Tomy Tutor Split</path><name>tutor</name><image>~/../thumb/tutor.png</image></folder>
</gameList>
