<gameList>
<game><path>./Tomy Tutor/Ascend (2022-04-16)(Inufuto)(JP).bin</path><name>Ascend (2022-04-16)(Inufuto)(JP)</name><image>~/../thumbs/Tomy - Tutor/Named_Snaps/Ascend (2022-04-16)(Inufuto)(JP).png</image><titleshot>~/../thumbs/Tomy - Tutor/Named_Titles/Ascend (2022-04-16)(Inufuto)(JP).png</titleshot><thumbnail>~/../thumbs/Tomy - Tutor/Named_Boxarts/Ascend (2022-04-16)(Inufuto)(JP).png</thumbnail><marquee>~/../thumbs/Tomy - Tutor/Named_Logos/Ascend (2022-04-16)(Inufuto)(JP).png</marquee></game>
<game><path>./Tomy Tutor/Car-azy Racer (1991)(TM).bin</path><name>Car-azy Racer (1991)(TM)</name><image>~/../thumbs/Tomy - Tutor/Named_Snaps/Car-azy Racer (1991)(TM).png</image><titleshot>~/../thumbs/Tomy - Tutor/Named_Titles/Car-azy Racer (1991)(TM).png</titleshot><thumbnail>~/../thumbs/Tomy - Tutor/Named_Boxarts/Car-azy Racer (1991)(TM).png</thumbnail><marquee>~/../thumbs/Tomy - Tutor/Named_Logos/Car-azy Racer (1991)(TM).png</marquee></game>
<game><path>./Tomy Tutor/Cave Crawlers (1991)(TM).bin</path><name>Cave Crawlers (1991)(TM)</name><image>~/../thumbs/Tomy - Tutor/Named_Snaps/Cave Crawlers (1991)(TM).png</image><titleshot>~/../thumbs/Tomy - Tutor/Named_Titles/Cave Crawlers (1991)(TM).png</titleshot><thumbnail>~/../thumbs/Tomy - Tutor/Named_Boxarts/Cave Crawlers (1991)(TM).png</thumbnail><marquee>~/../thumbs/Tomy - Tutor/Named_Logos/Cave Crawlers (1991)(TM).png</marquee></game>
<game><path>./Tomy Tutor/Deep Six (1991)(TM).bin</path><name>Deep Six (1991)(TM)</name><image>~/../thumbs/Tomy - Tutor/Named_Snaps/Deep Six (1991)(TM).png</image><titleshot>~/../thumbs/Tomy - Tutor/Named_Titles/Deep Six (1991)(TM).png</titleshot><thumbnail>~/../thumbs/Tomy - Tutor/Named_Boxarts/Deep Six (1991)(TM).png</thumbnail><marquee>~/../thumbs/Tomy - Tutor/Named_Logos/Deep Six (1991)(TM).png</marquee></game>
<game><path>./Tomy Tutor/Jungler (1991)(TM).bin</path><name>Jungler (1991)(TM)</name><image>~/../thumbs/Tomy - Tutor/Named_Snaps/Jungler (1991)(TM).png</image><titleshot>~/../thumbs/Tomy - Tutor/Named_Titles/Jungler (1991)(TM).png</titleshot><thumbnail>~/../thumbs/Tomy - Tutor/Named_Boxarts/Jungler (1991)(TM).png</thumbnail><marquee>~/../thumbs/Tomy - Tutor/Named_Logos/Jungler (1991)(TM).png</marquee></game>
<game><path>./Tomy Tutor/Loco-motion (1991)(TM).bin</path><name>Loco-motion (1991)(TM)</name><image>~/../thumbs/Tomy - Tutor/Named_Snaps/Loco-motion (1991)(TM).png</image><titleshot>~/../thumbs/Tomy - Tutor/Named_Titles/Loco-motion (1991)(TM).png</titleshot><thumbnail>~/../thumbs/Tomy - Tutor/Named_Boxarts/Loco-motion (1991)(TM).png</thumbnail><marquee>~/../thumbs/Tomy - Tutor/Named_Logos/Loco-motion (1991)(TM).png</marquee></game>
<game><path>./Tomy Tutor/Mazy (2022-01-15)(Inufuto)(JP).bin</path><name>Mazy (2022-01-15)(Inufuto)(JP)</name><image>~/../thumbs/Tomy - Tutor/Named_Snaps/Mazy (2022-01-15)(Inufuto)(JP).png</image><titleshot>~/../thumbs/Tomy - Tutor/Named_Titles/Mazy (2022-01-15)(Inufuto)(JP).png</titleshot><thumbnail>~/../thumbs/Tomy - Tutor/Named_Boxarts/Mazy (2022-01-15)(Inufuto)(JP).png</thumbnail><marquee>~/../thumbs/Tomy - Tutor/Named_Logos/Mazy (2022-01-15)(Inufuto)(JP).png</marquee></game>
<game><path>./Tomy Tutor/Pooyan (1991)(TM).bin</path><name>Pooyan (1991)(TM)</name><image>~/../thumbs/Tomy - Tutor/Named_Snaps/Pooyan (1991)(TM).png</image><titleshot>~/../thumbs/Tomy - Tutor/Named_Titles/Pooyan (1991)(TM).png</titleshot><thumbnail>~/../thumbs/Tomy - Tutor/Named_Boxarts/Pooyan (1991)(TM).png</thumbnail><marquee>~/../thumbs/Tomy - Tutor/Named_Logos/Pooyan (1991)(TM).png</marquee></game>
<game><path>./Tomy Tutor/Ruptus (2022-02-04)(Inufuto)(JP).bin</path><name>Ruptus (2022-02-04)(Inufuto)(JP)</name><image>~/../thumbs/Tomy - Tutor/Named_Snaps/Ruptus (2022-02-04)(Inufuto)(JP).png</image><titleshot>~/../thumbs/Tomy - Tutor/Named_Titles/Ruptus (2022-02-04)(Inufuto)(JP).png</titleshot><thumbnail>~/../thumbs/Tomy - Tutor/Named_Boxarts/Ruptus (2022-02-04)(Inufuto)(JP).png</thumbnail><marquee>~/../thumbs/Tomy - Tutor/Named_Logos/Ruptus (2022-02-04)(Inufuto)(JP).png</marquee></game>
<game><path>./Tomy Tutor/Scramble (199x)(TM).bin</path><name>Scramble (199x)(TM)</name><image>~/../thumbs/Tomy - Tutor/Named_Snaps/Scramble (199x)(TM).png</image><titleshot>~/../thumbs/Tomy - Tutor/Named_Titles/Scramble (199x)(TM).png</titleshot><thumbnail>~/../thumbs/Tomy - Tutor/Named_Boxarts/Scramble (199x)(TM).png</thumbnail><marquee>~/../thumbs/Tomy - Tutor/Named_Logos/Scramble (199x)(TM).png</marquee></game>
<game><path>./Tomy Tutor/Torpedo Terror (1991)(TM).bin</path><name>Torpedo Terror (1991)(TM)</name><image>~/../thumbs/Tomy - Tutor/Named_Snaps/Torpedo Terror (1991)(TM).png</image><titleshot>~/../thumbs/Tomy - Tutor/Named_Titles/Torpedo Terror (1991)(TM).png</titleshot><thumbnail>~/../thumbs/Tomy - Tutor/Named_Boxarts/Torpedo Terror (1991)(TM).png</thumbnail><marquee>~/../thumbs/Tomy - Tutor/Named_Logos/Torpedo Terror (1991)(TM).png</marquee></game>
<game><path>./Tomy Tutor/Traffic Jam (1991)(TM).bin</path><name>Traffic Jam (1991)(TM)</name><image>~/../thumbs/Tomy - Tutor/Named_Snaps/Traffic Jam (1991)(TM).png</image><titleshot>~/../thumbs/Tomy - Tutor/Named_Titles/Traffic Jam (1991)(TM).png</titleshot><thumbnail>~/../thumbs/Tomy - Tutor/Named_Boxarts/Traffic Jam (1991)(TM).png</thumbnail><marquee>~/../thumbs/Tomy - Tutor/Named_Logos/Traffic Jam (1991)(TM).png</marquee></game>
<folder><path>./Tomy Tutor</path><name>Tomy Tutor</name><image>~/../thumb/tutor.png</image></folder>
</gameList>
