<gameList>
<game><path>./Tomy Tutor//home/runner/rom/TOSEC/Tomy/Tutor & Pyuuta/Games/Ascend (2022-04-16)(Inufuto)(JP).zip</path><name>/home/runner/rom/TOSEC/Tomy/Tutor & Pyuuta/Games/Ascend (2022-04-16)(Inufuto)(JP)</name><image>~/../thumbs/Tomy - Tutor/Named_Snaps//home/runner/rom/TOSEC/Tomy/Tutor & Pyuuta/Games/Ascend (2022-04-16)(Inufuto)(JP).png</image><titleshot>~/../thumbs/Tomy - Tutor/Named_Titles//home/runner/rom/TOSEC/Tomy/Tutor & Pyuuta/Games/Ascend (2022-04-16)(Inufuto)(JP).png</titleshot><thumbnail>~/../thumbs/Tomy - Tutor/Named_Boxarts//home/runner/rom/TOSEC/Tomy/Tutor & Pyuuta/Games/Ascend (2022-04-16)(Inufuto)(JP).png</thumbnail><marquee>~/../thumbs/Tomy - Tutor/Named_Logos//home/runner/rom/TOSEC/Tomy/Tutor & Pyuuta/Games/Ascend (2022-04-16)(Inufuto)(JP).png</marquee></game>
<game><path>./Tomy Tutor//home/runner/rom/TOSEC/Tomy/Tutor & Pyuuta/Games/Car-azy Racer (1991)(TM).zip</path><name>/home/runner/rom/TOSEC/Tomy/Tutor & Pyuuta/Games/Car-azy Racer (1991)(TM)</name><image>~/../thumbs/Tomy - Tutor/Named_Snaps//home/runner/rom/TOSEC/Tomy/Tutor & Pyuuta/Games/Car-azy Racer (1991)(TM).png</image><titleshot>~/../thumbs/Tomy - Tutor/Named_Titles//home/runner/rom/TOSEC/Tomy/Tutor & Pyuuta/Games/Car-azy Racer (1991)(TM).png</titleshot><thumbnail>~/../thumbs/Tomy - Tutor/Named_Boxarts//home/runner/rom/TOSEC/Tomy/Tutor & Pyuuta/Games/Car-azy Racer (1991)(TM).png</thumbnail><marquee>~/../thumbs/Tomy - Tutor/Named_Logos//home/runner/rom/TOSEC/Tomy/Tutor & Pyuuta/Games/Car-azy Racer (1991)(TM).png</marquee></game>
<game><path>./Tomy Tutor//home/runner/rom/TOSEC/Tomy/Tutor & Pyuuta/Games/Cave Crawlers (1991)(TM).zip</path><name>/home/runner/rom/TOSEC/Tomy/Tutor & Pyuuta/Games/Cave Crawlers (1991)(TM)</name><image>~/../thumbs/Tomy - Tutor/Named_Snaps//home/runner/rom/TOSEC/Tomy/Tutor & Pyuuta/Games/Cave Crawlers (1991)(TM).png</image><titleshot>~/../thumbs/Tomy - Tutor/Named_Titles//home/runner/rom/TOSEC/Tomy/Tutor & Pyuuta/Games/Cave Crawlers (1991)(TM).png</titleshot><thumbnail>~/../thumbs/Tomy - Tutor/Named_Boxarts//home/runner/rom/TOSEC/Tomy/Tutor & Pyuuta/Games/Cave Crawlers (1991)(TM).png</thumbnail><marquee>~/../thumbs/Tomy - Tutor/Named_Logos//home/runner/rom/TOSEC/Tomy/Tutor & Pyuuta/Games/Cave Crawlers (1991)(TM).png</marquee></game>
<game><path>./Tomy Tutor//home/runner/rom/TOSEC/Tomy/Tutor & Pyuuta/Games/Deep Six (1991)(TM).zip</path><name>/home/runner/rom/TOSEC/Tomy/Tutor & Pyuuta/Games/Deep Six (1991)(TM)</name><image>~/../thumbs/Tomy - Tutor/Named_Snaps//home/runner/rom/TOSEC/Tomy/Tutor & Pyuuta/Games/Deep Six (1991)(TM).png</image><titleshot>~/../thumbs/Tomy - Tutor/Named_Titles//home/runner/rom/TOSEC/Tomy/Tutor & Pyuuta/Games/Deep Six (1991)(TM).png</titleshot><thumbnail>~/../thumbs/Tomy - Tutor/Named_Boxarts//home/runner/rom/TOSEC/Tomy/Tutor & Pyuuta/Games/Deep Six (1991)(TM).png</thumbnail><marquee>~/../thumbs/Tomy - Tutor/Named_Logos//home/runner/rom/TOSEC/Tomy/Tutor & Pyuuta/Games/Deep Six (1991)(TM).png</marquee></game>
<game><path>./Tomy Tutor//home/runner/rom/TOSEC/Tomy/Tutor & Pyuuta/Games/Jungler (1991)(TM).zip</path><name>/home/runner/rom/TOSEC/Tomy/Tutor & Pyuuta/Games/Jungler (1991)(TM)</name><image>~/../thumbs/Tomy - Tutor/Named_Snaps//home/runner/rom/TOSEC/Tomy/Tutor & Pyuuta/Games/Jungler (1991)(TM).png</image><titleshot>~/../thumbs/Tomy - Tutor/Named_Titles//home/runner/rom/TOSEC/Tomy/Tutor & Pyuuta/Games/Jungler (1991)(TM).png</titleshot><thumbnail>~/../thumbs/Tomy - Tutor/Named_Boxarts//home/runner/rom/TOSEC/Tomy/Tutor & Pyuuta/Games/Jungler (1991)(TM).png</thumbnail><marquee>~/../thumbs/Tomy - Tutor/Named_Logos//home/runner/rom/TOSEC/Tomy/Tutor & Pyuuta/Games/Jungler (1991)(TM).png</marquee></game>
<game><path>./Tomy Tutor//home/runner/rom/TOSEC/Tomy/Tutor & Pyuuta/Games/Loco-motion (1991)(TM).zip</path><name>/home/runner/rom/TOSEC/Tomy/Tutor & Pyuuta/Games/Loco-motion (1991)(TM)</name><image>~/../thumbs/Tomy - Tutor/Named_Snaps//home/runner/rom/TOSEC/Tomy/Tutor & Pyuuta/Games/Loco-motion (1991)(TM).png</image><titleshot>~/../thumbs/Tomy - Tutor/Named_Titles//home/runner/rom/TOSEC/Tomy/Tutor & Pyuuta/Games/Loco-motion (1991)(TM).png</titleshot><thumbnail>~/../thumbs/Tomy - Tutor/Named_Boxarts//home/runner/rom/TOSEC/Tomy/Tutor & Pyuuta/Games/Loco-motion (1991)(TM).png</thumbnail><marquee>~/../thumbs/Tomy - Tutor/Named_Logos//home/runner/rom/TOSEC/Tomy/Tutor & Pyuuta/Games/Loco-motion (1991)(TM).png</marquee></game>
<game><path>./Tomy Tutor//home/runner/rom/TOSEC/Tomy/Tutor & Pyuuta/Games/Mazy (2022-01-15)(Inufuto)(JP).zip</path><name>/home/runner/rom/TOSEC/Tomy/Tutor & Pyuuta/Games/Mazy (2022-01-15)(Inufuto)(JP)</name><image>~/../thumbs/Tomy - Tutor/Named_Snaps//home/runner/rom/TOSEC/Tomy/Tutor & Pyuuta/Games/Mazy (2022-01-15)(Inufuto)(JP).png</image><titleshot>~/../thumbs/Tomy - Tutor/Named_Titles//home/runner/rom/TOSEC/Tomy/Tutor & Pyuuta/Games/Mazy (2022-01-15)(Inufuto)(JP).png</titleshot><thumbnail>~/../thumbs/Tomy - Tutor/Named_Boxarts//home/runner/rom/TOSEC/Tomy/Tutor & Pyuuta/Games/Mazy (2022-01-15)(Inufuto)(JP).png</thumbnail><marquee>~/../thumbs/Tomy - Tutor/Named_Logos//home/runner/rom/TOSEC/Tomy/Tutor & Pyuuta/Games/Mazy (2022-01-15)(Inufuto)(JP).png</marquee></game>
<game><path>./Tomy Tutor//home/runner/rom/TOSEC/Tomy/Tutor & Pyuuta/Games/Pooyan (1991)(TM).zip</path><name>/home/runner/rom/TOSEC/Tomy/Tutor & Pyuuta/Games/Pooyan (1991)(TM)</name><image>~/../thumbs/Tomy - Tutor/Named_Snaps//home/runner/rom/TOSEC/Tomy/Tutor & Pyuuta/Games/Pooyan (1991)(TM).png</image><titleshot>~/../thumbs/Tomy - Tutor/Named_Titles//home/runner/rom/TOSEC/Tomy/Tutor & Pyuuta/Games/Pooyan (1991)(TM).png</titleshot><thumbnail>~/../thumbs/Tomy - Tutor/Named_Boxarts//home/runner/rom/TOSEC/Tomy/Tutor & Pyuuta/Games/Pooyan (1991)(TM).png</thumbnail><marquee>~/../thumbs/Tomy - Tutor/Named_Logos//home/runner/rom/TOSEC/Tomy/Tutor & Pyuuta/Games/Pooyan (1991)(TM).png</marquee></game>
<game><path>./Tomy Tutor//home/runner/rom/TOSEC/Tomy/Tutor & Pyuuta/Games/Ruptus (2022-02-04)(Inufuto)(JP).zip</path><name>/home/runner/rom/TOSEC/Tomy/Tutor & Pyuuta/Games/Ruptus (2022-02-04)(Inufuto)(JP)</name><image>~/../thumbs/Tomy - Tutor/Named_Snaps//home/runner/rom/TOSEC/Tomy/Tutor & Pyuuta/Games/Ruptus (2022-02-04)(Inufuto)(JP).png</image><titleshot>~/../thumbs/Tomy - Tutor/Named_Titles//home/runner/rom/TOSEC/Tomy/Tutor & Pyuuta/Games/Ruptus (2022-02-04)(Inufuto)(JP).png</titleshot><thumbnail>~/../thumbs/Tomy - Tutor/Named_Boxarts//home/runner/rom/TOSEC/Tomy/Tutor & Pyuuta/Games/Ruptus (2022-02-04)(Inufuto)(JP).png</thumbnail><marquee>~/../thumbs/Tomy - Tutor/Named_Logos//home/runner/rom/TOSEC/Tomy/Tutor & Pyuuta/Games/Ruptus (2022-02-04)(Inufuto)(JP).png</marquee></game>
<game><path>./Tomy Tutor//home/runner/rom/TOSEC/Tomy/Tutor & Pyuuta/Games/Scramble (199x)(TM).zip</path><name>/home/runner/rom/TOSEC/Tomy/Tutor & Pyuuta/Games/Scramble (199x)(TM)</name><image>~/../thumbs/Tomy - Tutor/Named_Snaps//home/runner/rom/TOSEC/Tomy/Tutor & Pyuuta/Games/Scramble (199x)(TM).png</image><titleshot>~/../thumbs/Tomy - Tutor/Named_Titles//home/runner/rom/TOSEC/Tomy/Tutor & Pyuuta/Games/Scramble (199x)(TM).png</titleshot><thumbnail>~/../thumbs/Tomy - Tutor/Named_Boxarts//home/runner/rom/TOSEC/Tomy/Tutor & Pyuuta/Games/Scramble (199x)(TM).png</thumbnail><marquee>~/../thumbs/Tomy - Tutor/Named_Logos//home/runner/rom/TOSEC/Tomy/Tutor & Pyuuta/Games/Scramble (199x)(TM).png</marquee></game>
<game><path>./Tomy Tutor//home/runner/rom/TOSEC/Tomy/Tutor & Pyuuta/Games/Torpedo Terror (1991)(TM).zip</path><name>/home/runner/rom/TOSEC/Tomy/Tutor & Pyuuta/Games/Torpedo Terror (1991)(TM)</name><image>~/../thumbs/Tomy - Tutor/Named_Snaps//home/runner/rom/TOSEC/Tomy/Tutor & Pyuuta/Games/Torpedo Terror (1991)(TM).png</image><titleshot>~/../thumbs/Tomy - Tutor/Named_Titles//home/runner/rom/TOSEC/Tomy/Tutor & Pyuuta/Games/Torpedo Terror (1991)(TM).png</titleshot><thumbnail>~/../thumbs/Tomy - Tutor/Named_Boxarts//home/runner/rom/TOSEC/Tomy/Tutor & Pyuuta/Games/Torpedo Terror (1991)(TM).png</thumbnail><marquee>~/../thumbs/Tomy - Tutor/Named_Logos//home/runner/rom/TOSEC/Tomy/Tutor & Pyuuta/Games/Torpedo Terror (1991)(TM).png</marquee></game>
<game><path>./Tomy Tutor//home/runner/rom/TOSEC/Tomy/Tutor & Pyuuta/Games/Traffic Jam (1991)(TM).zip</path><name>/home/runner/rom/TOSEC/Tomy/Tutor & Pyuuta/Games/Traffic Jam (1991)(TM)</name><image>~/../thumbs/Tomy - Tutor/Named_Snaps//home/runner/rom/TOSEC/Tomy/Tutor & Pyuuta/Games/Traffic Jam (1991)(TM).png</image><titleshot>~/../thumbs/Tomy - Tutor/Named_Titles//home/runner/rom/TOSEC/Tomy/Tutor & Pyuuta/Games/Traffic Jam (1991)(TM).png</titleshot><thumbnail>~/../thumbs/Tomy - Tutor/Named_Boxarts//home/runner/rom/TOSEC/Tomy/Tutor & Pyuuta/Games/Traffic Jam (1991)(TM).png</thumbnail><marquee>~/../thumbs/Tomy - Tutor/Named_Logos//home/runner/rom/TOSEC/Tomy/Tutor & Pyuuta/Games/Traffic Jam (1991)(TM).png</marquee></game>
<folder><path>./Tomy Tutor</path><name>Tomy Tutor</name><image>~/../thumb/tutor.png</image></folder>
</gameList>
