<gameList>
<game><path>./PC Engine 2 NoIntro/1941 - Counter Attack (Japan).zip</path><name>1941 - Counter Attack (Japan)</name><image>~/../thumbs/NEC - PC Engine SuperGrafx/Named_Snaps/1941 - Counter Attack (Japan).png</image><titleshot>~/../thumbs/NEC - PC Engine SuperGrafx/Named_Titles/1941 - Counter Attack (Japan).png</titleshot><thumbnail>~/../thumbs/NEC - PC Engine SuperGrafx/Named_Boxarts/1941 - Counter Attack (Japan).png</thumbnail><marquee>~/../thumbs/NEC - PC Engine SuperGrafx/Named_Logos/1941 - Counter Attack (Japan).png</marquee></game>
<game><path>./PC Engine 2 NoIntro/Aldynes - The Misson Code for Rage Crisis (Japan).zip</path><name>Aldynes - The Misson Code for Rage Crisis (Japan)</name><image>~/../thumbs/NEC - PC Engine SuperGrafx/Named_Snaps/Aldynes - The Misson Code for Rage Crisis (Japan).png</image><titleshot>~/../thumbs/NEC - PC Engine SuperGrafx/Named_Titles/Aldynes - The Misson Code for Rage Crisis (Japan).png</titleshot><thumbnail>~/../thumbs/NEC - PC Engine SuperGrafx/Named_Boxarts/Aldynes - The Misson Code for Rage Crisis (Japan).png</thumbnail><marquee>~/../thumbs/NEC - PC Engine SuperGrafx/Named_Logos/Aldynes - The Misson Code for Rage Crisis (Japan).png</marquee></game>
<game><path>./PC Engine 2 NoIntro/Battle Ace (Japan).zip</path><name>Battle Ace (Japan)</name><image>~/../thumbs/NEC - PC Engine SuperGrafx/Named_Snaps/Battle Ace (Japan).png</image><titleshot>~/../thumbs/NEC - PC Engine SuperGrafx/Named_Titles/Battle Ace (Japan).png</titleshot><thumbnail>~/../thumbs/NEC - PC Engine SuperGrafx/Named_Boxarts/Battle Ace (Japan).png</thumbnail><marquee>~/../thumbs/NEC - PC Engine SuperGrafx/Named_Logos/Battle Ace (Japan).png</marquee></game>
<game><path>./PC Engine 2 NoIntro/Daimakaimura (Japan).zip</path><name>Daimakaimura (Japan)</name><image>~/../thumbs/NEC - PC Engine SuperGrafx/Named_Snaps/Daimakaimura (Japan).png</image><titleshot>~/../thumbs/NEC - PC Engine SuperGrafx/Named_Titles/Daimakaimura (Japan).png</titleshot><thumbnail>~/../thumbs/NEC - PC Engine SuperGrafx/Named_Boxarts/Daimakaimura (Japan).png</thumbnail><marquee>~/../thumbs/NEC - PC Engine SuperGrafx/Named_Logos/Daimakaimura (Japan).png</marquee></game>
<game><path>./PC Engine 2 NoIntro/Madou King Granzort (Japan).zip</path><name>Madou King Granzort (Japan)</name><image>~/../thumbs/NEC - PC Engine SuperGrafx/Named_Snaps/Madou King Granzort (Japan).png</image><titleshot>~/../thumbs/NEC - PC Engine SuperGrafx/Named_Titles/Madou King Granzort (Japan).png</titleshot><thumbnail>~/../thumbs/NEC - PC Engine SuperGrafx/Named_Boxarts/Madou King Granzort (Japan).png</thumbnail><marquee>~/../thumbs/NEC - PC Engine SuperGrafx/Named_Logos/Madou King Granzort (Japan).png</marquee></game>
<folder><path>./PC Engine 2 NoIntro</path><name>PC Engine 2 NoIntro</name><image>~/../thumb/supergrafx.png</image></folder>
<game><path>./PC Engine 2 TOSEC//home/runner/rom/TOSEC/NEC/SuperGrafx/Games/NEC SuperGrafx - Games.zip</path><name>/home/runner/rom/TOSEC/NEC/SuperGrafx/Games/NEC SuperGrafx - Games</name><image>~/../thumbs/NEC - PC Engine SuperGrafx/Named_Snaps//home/runner/rom/TOSEC/NEC/SuperGrafx/Games/NEC SuperGrafx - Games.png</image><titleshot>~/../thumbs/NEC - PC Engine SuperGrafx/Named_Titles//home/runner/rom/TOSEC/NEC/SuperGrafx/Games/NEC SuperGrafx - Games.png</titleshot><thumbnail>~/../thumbs/NEC - PC Engine SuperGrafx/Named_Boxarts//home/runner/rom/TOSEC/NEC/SuperGrafx/Games/NEC SuperGrafx - Games.png</thumbnail><marquee>~/../thumbs/NEC - PC Engine SuperGrafx/Named_Logos//home/runner/rom/TOSEC/NEC/SuperGrafx/Games/NEC SuperGrafx - Games.png</marquee></game>
<folder><path>./PC Engine 2 TOSEC</path><name>PC Engine 2 TOSEC</name><image>~/../thumb/supergrafx.png</image></folder>
</gameList>
