<gameList>
<game><path>./Othello Multivision//home/runner/rom/TOSEC/Tsukuda Original/Othello Multivision/Games/Tsukuda Original Othello Multivision - Games.zip</path><name>/home/runner/rom/TOSEC/Tsukuda Original/Othello Multivision/Games/Tsukuda Original Othello Multivision - Games</name><image>~/../thumbs/Othello - Multivision/Named_Snaps//home/runner/rom/TOSEC/Tsukuda Original/Othello Multivision/Games/Tsukuda Original Othello Multivision - Games.png</image><titleshot>~/../thumbs/Othello - Multivision/Named_Titles//home/runner/rom/TOSEC/Tsukuda Original/Othello Multivision/Games/Tsukuda Original Othello Multivision - Games.png</titleshot><thumbnail>~/../thumbs/Othello - Multivision/Named_Boxarts//home/runner/rom/TOSEC/Tsukuda Original/Othello Multivision/Games/Tsukuda Original Othello Multivision - Games.png</thumbnail><marquee>~/../thumbs/Othello - Multivision/Named_Logos//home/runner/rom/TOSEC/Tsukuda Original/Othello Multivision/Games/Tsukuda Original Othello Multivision - Games.png</marquee></game>
<folder><path>./Othello Multivision</path><name>Othello Multivision</name><image>~/../thumb/multivision.png</image></folder>
</gameList>
