<gameList>
<game><path>./Coleco Adam/2010 - The Ultimate Text Adventure (1985)(MGM - United Artists Entertainment).zip</path><name>2010 - The Ultimate Text Adventure (1985)(MGM - United Artists Entertainment)</name><image>~/../thumbs/Coleco - Adam/Named_Snaps/2010 - The Ultimate Text Adventure (1985)(MGM - United Artists Entertainment).png</image><titleshot>~/../thumbs/Coleco - Adam/Named_Titles/2010 - The Ultimate Text Adventure (1985)(MGM - United Artists Entertainment).png</titleshot><thumbnail>~/../thumbs/Coleco - Adam/Named_Boxarts/2010 - The Ultimate Text Adventure (1985)(MGM - United Artists Entertainment).png</thumbnail><marquee>~/../thumbs/Coleco - Adam/Named_Logos/2010 - The Ultimate Text Adventure (1985)(MGM - United Artists Entertainment).png</marquee></game>
<game><path>./Coleco Adam/Adam Links Golf (1986)(Superior Software).zip</path><name>Adam Links Golf (1986)(Superior Software)</name><image>~/../thumbs/Coleco - Adam/Named_Snaps/Adam Links Golf (1986)(Superior Software).png</image><titleshot>~/../thumbs/Coleco - Adam/Named_Titles/Adam Links Golf (1986)(Superior Software).png</titleshot><thumbnail>~/../thumbs/Coleco - Adam/Named_Boxarts/Adam Links Golf (1986)(Superior Software).png</thumbnail><marquee>~/../thumbs/Coleco - Adam/Named_Logos/Adam Links Golf (1986)(Superior Software).png</marquee></game>
<game><path>./Coleco Adam/Addictus (1989)(Reedy Software).zip</path><name>Addictus (1989)(Reedy Software)</name><image>~/../thumbs/Coleco - Adam/Named_Snaps/Addictus (1989)(Reedy Software).png</image><titleshot>~/../thumbs/Coleco - Adam/Named_Titles/Addictus (1989)(Reedy Software).png</titleshot><thumbnail>~/../thumbs/Coleco - Adam/Named_Boxarts/Addictus (1989)(Reedy Software).png</thumbnail><marquee>~/../thumbs/Coleco - Adam/Named_Logos/Addictus (1989)(Reedy Software).png</marquee></game>
<game><path>./Coleco Adam/Buck Rogers - Planet of Zoom (1983)(Sega).zip</path><name>Buck Rogers - Planet of Zoom (1983)(Sega)</name><image>~/../thumbs/Coleco - Adam/Named_Snaps/Buck Rogers - Planet of Zoom (1983)(Sega).png</image><titleshot>~/../thumbs/Coleco - Adam/Named_Titles/Buck Rogers - Planet of Zoom (1983)(Sega).png</titleshot><thumbnail>~/../thumbs/Coleco - Adam/Named_Boxarts/Buck Rogers - Planet of Zoom (1983)(Sega).png</thumbnail><marquee>~/../thumbs/Coleco - Adam/Named_Logos/Buck Rogers - Planet of Zoom (1983)(Sega).png</marquee></game>
<game><path>./Coleco Adam/Cabbage Patch Kids - Adventures in the Park (1984)(Coleco)[Req 128k].zip</path><name>Cabbage Patch Kids - Adventures in the Park (1984)(Coleco)[Req 128k]</name><image>~/../thumbs/Coleco - Adam/Named_Snaps/Cabbage Patch Kids - Adventures in the Park (1984)(Coleco)[Req 128k].png</image><titleshot>~/../thumbs/Coleco - Adam/Named_Titles/Cabbage Patch Kids - Adventures in the Park (1984)(Coleco)[Req 128k].png</titleshot><thumbnail>~/../thumbs/Coleco - Adam/Named_Boxarts/Cabbage Patch Kids - Adventures in the Park (1984)(Coleco)[Req 128k].png</thumbnail><marquee>~/../thumbs/Coleco - Adam/Named_Logos/Cabbage Patch Kids - Adventures in the Park (1984)(Coleco)[Req 128k].png</marquee></game>
<game><path>./Coleco Adam/Cabbage Patch Kids - Adventures in the Park (1984)(Coleco)[a][Req 128k].zip</path><name>Cabbage Patch Kids - Adventures in the Park (1984)(Coleco)[a][Req 128k]</name><image>~/../thumbs/Coleco - Adam/Named_Snaps/Cabbage Patch Kids - Adventures in the Park (1984)(Coleco)[a][Req 128k].png</image><titleshot>~/../thumbs/Coleco - Adam/Named_Titles/Cabbage Patch Kids - Adventures in the Park (1984)(Coleco)[a][Req 128k].png</titleshot><thumbnail>~/../thumbs/Coleco - Adam/Named_Boxarts/Cabbage Patch Kids - Adventures in the Park (1984)(Coleco)[a][Req 128k].png</thumbnail><marquee>~/../thumbs/Coleco - Adam/Named_Logos/Cabbage Patch Kids - Adventures in the Park (1984)(Coleco)[a][Req 128k].png</marquee><hidden>true</hidden></game>
<game><path>./Coleco Adam/Campaign '84 (1983)(Sunrise Software).zip</path><name>Campaign '84 (1983)(Sunrise Software)</name><image>~/../thumbs/Coleco - Adam/Named_Snaps/Campaign '84 (1983)(Sunrise Software).png</image><titleshot>~/../thumbs/Coleco - Adam/Named_Titles/Campaign '84 (1983)(Sunrise Software).png</titleshot><thumbnail>~/../thumbs/Coleco - Adam/Named_Boxarts/Campaign '84 (1983)(Sunrise Software).png</thumbnail><marquee>~/../thumbs/Coleco - Adam/Named_Logos/Campaign '84 (1983)(Sunrise Software).png</marquee></game>
<game><path>./Coleco Adam/Chess Champ (1988)(Digital Express).zip</path><name>Chess Champ (1988)(Digital Express)</name><image>~/../thumbs/Coleco - Adam/Named_Snaps/Chess Champ (1988)(Digital Express).png</image><titleshot>~/../thumbs/Coleco - Adam/Named_Titles/Chess Champ (1988)(Digital Express).png</titleshot><thumbnail>~/../thumbs/Coleco - Adam/Named_Boxarts/Chess Champ (1988)(Digital Express).png</thumbnail><marquee>~/../thumbs/Coleco - Adam/Named_Logos/Chess Champ (1988)(Digital Express).png</marquee></game>
<game><path>./Coleco Adam/Cross Chase (2020-04-02)(Caruso, Fabrizio).zip</path><name>Cross Chase (2020-04-02)(Caruso, Fabrizio)</name><image>~/../thumbs/Coleco - Adam/Named_Snaps/Cross Chase (2020-04-02)(Caruso, Fabrizio).png</image><titleshot>~/../thumbs/Coleco - Adam/Named_Titles/Cross Chase (2020-04-02)(Caruso, Fabrizio).png</titleshot><thumbnail>~/../thumbs/Coleco - Adam/Named_Boxarts/Cross Chase (2020-04-02)(Caruso, Fabrizio).png</thumbnail><marquee>~/../thumbs/Coleco - Adam/Named_Logos/Cross Chase (2020-04-02)(Caruso, Fabrizio).png</marquee></game>
<game><path>./Coleco Adam/Dam Busters, The (1984)(Sydney Development).zip</path><name>Dam Busters, The (1984)(Sydney Development)</name><image>~/../thumbs/Coleco - Adam/Named_Snaps/Dam Busters, The (1984)(Sydney Development).png</image><titleshot>~/../thumbs/Coleco - Adam/Named_Titles/Dam Busters, The (1984)(Sydney Development).png</titleshot><thumbnail>~/../thumbs/Coleco - Adam/Named_Boxarts/Dam Busters, The (1984)(Sydney Development).png</thumbnail><marquee>~/../thumbs/Coleco - Adam/Named_Logos/Dam Busters, The (1984)(Sydney Development).png</marquee></game>
<game><path>./Coleco Adam/Diablo (1984)(Image Microcorp - Extended Software).zip</path><name>Diablo (1984)(Image Microcorp - Extended Software)</name><image>~/../thumbs/Coleco - Adam/Named_Snaps/Diablo (1984)(Image Microcorp - Extended Software).png</image><titleshot>~/../thumbs/Coleco - Adam/Named_Titles/Diablo (1984)(Image Microcorp - Extended Software).png</titleshot><thumbnail>~/../thumbs/Coleco - Adam/Named_Boxarts/Diablo (1984)(Image Microcorp - Extended Software).png</thumbnail><marquee>~/../thumbs/Coleco - Adam/Named_Logos/Diablo (1984)(Image Microcorp - Extended Software).png</marquee></game>
<game><path>./Coleco Adam/Donkey Kong Jr Rev 13 (1983)(Coleco - Nintendo).zip</path><name>Donkey Kong Jr Rev 13 (1983)(Coleco - Nintendo)</name><image>~/../thumbs/Coleco - Adam/Named_Snaps/Donkey Kong Jr Rev 13 (1983)(Coleco - Nintendo).png</image><titleshot>~/../thumbs/Coleco - Adam/Named_Titles/Donkey Kong Jr Rev 13 (1983)(Coleco - Nintendo).png</titleshot><thumbnail>~/../thumbs/Coleco - Adam/Named_Boxarts/Donkey Kong Jr Rev 13 (1983)(Coleco - Nintendo).png</thumbnail><marquee>~/../thumbs/Coleco - Adam/Named_Logos/Donkey Kong Jr Rev 13 (1983)(Coleco - Nintendo).png</marquee></game>
<game><path>./Coleco Adam/Dragon's Lair (1983)(Magicom).zip</path><name>Dragon's Lair (1983)(Magicom)</name><image>~/../thumbs/Coleco - Adam/Named_Snaps/Dragon's Lair (1983)(Magicom).png</image><titleshot>~/../thumbs/Coleco - Adam/Named_Titles/Dragon's Lair (1983)(Magicom).png</titleshot><thumbnail>~/../thumbs/Coleco - Adam/Named_Boxarts/Dragon's Lair (1983)(Magicom).png</thumbnail><marquee>~/../thumbs/Coleco - Adam/Named_Logos/Dragon's Lair (1983)(Magicom).png</marquee></game>
<game><path>./Coleco Adam/Evolution (1983)(Sydney Development).zip</path><name>Evolution (1983)(Sydney Development)</name><image>~/../thumbs/Coleco - Adam/Named_Snaps/Evolution (1983)(Sydney Development).png</image><titleshot>~/../thumbs/Coleco - Adam/Named_Titles/Evolution (1983)(Sydney Development).png</titleshot><thumbnail>~/../thumbs/Coleco - Adam/Named_Boxarts/Evolution (1983)(Sydney Development).png</thumbnail><marquee>~/../thumbs/Coleco - Adam/Named_Logos/Evolution (1983)(Sydney Development).png</marquee></game>
<game><path>./Coleco Adam/Evolution (1983)(Sydney Development)[b].zip</path><name>Evolution (1983)(Sydney Development)[b]</name><image>~/../thumbs/Coleco - Adam/Named_Snaps/Evolution (1983)(Sydney Development)[b].png</image><titleshot>~/../thumbs/Coleco - Adam/Named_Titles/Evolution (1983)(Sydney Development)[b].png</titleshot><thumbnail>~/../thumbs/Coleco - Adam/Named_Boxarts/Evolution (1983)(Sydney Development)[b].png</thumbnail><marquee>~/../thumbs/Coleco - Adam/Named_Logos/Evolution (1983)(Sydney Development)[b].png</marquee><hidden>true</hidden></game>
<game><path>./Coleco Adam/Family Feud - Questions Pack (1986)(The Family Company).zip</path><name>Family Feud - Questions Pack (1986)(The Family Company)</name><image>~/../thumbs/Coleco - Adam/Named_Snaps/Family Feud - Questions Pack (1986)(The Family Company).png</image><titleshot>~/../thumbs/Coleco - Adam/Named_Titles/Family Feud - Questions Pack (1986)(The Family Company).png</titleshot><thumbnail>~/../thumbs/Coleco - Adam/Named_Boxarts/Family Feud - Questions Pack (1986)(The Family Company).png</thumbnail><marquee>~/../thumbs/Coleco - Adam/Named_Logos/Family Feud - Questions Pack (1986)(The Family Company).png</marquee></game>
<game><path>./Coleco Adam/Family Feud - Questions Pack (1986)(The Family Company)[a].zip</path><name>Family Feud - Questions Pack (1986)(The Family Company)[a]</name><image>~/../thumbs/Coleco - Adam/Named_Snaps/Family Feud - Questions Pack (1986)(The Family Company)[a].png</image><titleshot>~/../thumbs/Coleco - Adam/Named_Titles/Family Feud - Questions Pack (1986)(The Family Company)[a].png</titleshot><thumbnail>~/../thumbs/Coleco - Adam/Named_Boxarts/Family Feud - Questions Pack (1986)(The Family Company)[a].png</thumbnail><marquee>~/../thumbs/Coleco - Adam/Named_Logos/Family Feud - Questions Pack (1986)(The Family Company)[a].png</marquee><hidden>true</hidden></game>
<game><path>./Coleco Adam/Family Feud - Writer (1986)(Walters Software)[b].zip</path><name>Family Feud - Writer (1986)(Walters Software)[b]</name><image>~/../thumbs/Coleco - Adam/Named_Snaps/Family Feud - Writer (1986)(Walters Software)[b].png</image><titleshot>~/../thumbs/Coleco - Adam/Named_Titles/Family Feud - Writer (1986)(Walters Software)[b].png</titleshot><thumbnail>~/../thumbs/Coleco - Adam/Named_Boxarts/Family Feud - Writer (1986)(Walters Software)[b].png</thumbnail><marquee>~/../thumbs/Coleco - Adam/Named_Logos/Family Feud - Writer (1986)(Walters Software)[b].png</marquee><hidden>true</hidden></game>
<game><path>./Coleco Adam/Jeopardy (19xx)(-)(proto).zip</path><name>Jeopardy (19xx)(-)(proto)</name><image>~/../thumbs/Coleco - Adam/Named_Snaps/Jeopardy (19xx)(-)(proto).png</image><titleshot>~/../thumbs/Coleco - Adam/Named_Titles/Jeopardy (19xx)(-)(proto).png</titleshot><thumbnail>~/../thumbs/Coleco - Adam/Named_Boxarts/Jeopardy (19xx)(-)(proto).png</thumbnail><marquee>~/../thumbs/Coleco - Adam/Named_Logos/Jeopardy (19xx)(-)(proto).png</marquee></game>
<game><path>./Coleco Adam/Jeopardy (19xx)(-)(proto)[a].zip</path><name>Jeopardy (19xx)(-)(proto)[a]</name><image>~/../thumbs/Coleco - Adam/Named_Snaps/Jeopardy (19xx)(-)(proto)[a].png</image><titleshot>~/../thumbs/Coleco - Adam/Named_Titles/Jeopardy (19xx)(-)(proto)[a].png</titleshot><thumbnail>~/../thumbs/Coleco - Adam/Named_Boxarts/Jeopardy (19xx)(-)(proto)[a].png</thumbnail><marquee>~/../thumbs/Coleco - Adam/Named_Logos/Jeopardy (19xx)(-)(proto)[a].png</marquee><hidden>true</hidden></game>
<game><path>./Coleco Adam/Modem Chess (1993)(Bonafide Software).zip</path><name>Modem Chess (1993)(Bonafide Software)</name><image>~/../thumbs/Coleco - Adam/Named_Snaps/Modem Chess (1993)(Bonafide Software).png</image><titleshot>~/../thumbs/Coleco - Adam/Named_Titles/Modem Chess (1993)(Bonafide Software).png</titleshot><thumbnail>~/../thumbs/Coleco - Adam/Named_Boxarts/Modem Chess (1993)(Bonafide Software).png</thumbnail><marquee>~/../thumbs/Coleco - Adam/Named_Logos/Modem Chess (1993)(Bonafide Software).png</marquee></game>
<game><path>./Coleco Adam/Phrase Craze (1988)(Reedy Software).zip</path><name>Phrase Craze (1988)(Reedy Software)</name><image>~/../thumbs/Coleco - Adam/Named_Snaps/Phrase Craze (1988)(Reedy Software).png</image><titleshot>~/../thumbs/Coleco - Adam/Named_Titles/Phrase Craze (1988)(Reedy Software).png</titleshot><thumbnail>~/../thumbs/Coleco - Adam/Named_Boxarts/Phrase Craze (1988)(Reedy Software).png</thumbnail><marquee>~/../thumbs/Coleco - Adam/Named_Logos/Phrase Craze (1988)(Reedy Software).png</marquee></game>
<game><path>./Coleco Adam/Quatris (1989)(Perkins, Steven B.)[b].zip</path><name>Quatris (1989)(Perkins, Steven B.)[b]</name><image>~/../thumbs/Coleco - Adam/Named_Snaps/Quatris (1989)(Perkins, Steven B.)[b].png</image><titleshot>~/../thumbs/Coleco - Adam/Named_Titles/Quatris (1989)(Perkins, Steven B.)[b].png</titleshot><thumbnail>~/../thumbs/Coleco - Adam/Named_Boxarts/Quatris (1989)(Perkins, Steven B.)[b].png</thumbnail><marquee>~/../thumbs/Coleco - Adam/Named_Logos/Quatris (1989)(Perkins, Steven B.)[b].png</marquee><hidden>true</hidden></game>
<game><path>./Coleco Adam/Super Cosmo Fighter (1997)(Kogel, Marcel de)(PD).zip</path><name>Super Cosmo Fighter (1997)(Kogel, Marcel de)(PD)</name><image>~/../thumbs/Coleco - Adam/Named_Snaps/Super Cosmo Fighter (1997)(Kogel, Marcel de)(PD).png</image><titleshot>~/../thumbs/Coleco - Adam/Named_Titles/Super Cosmo Fighter (1997)(Kogel, Marcel de)(PD).png</titleshot><thumbnail>~/../thumbs/Coleco - Adam/Named_Boxarts/Super Cosmo Fighter (1997)(Kogel, Marcel de)(PD).png</thumbnail><marquee>~/../thumbs/Coleco - Adam/Named_Logos/Super Cosmo Fighter (1997)(Kogel, Marcel de)(PD).png</marquee></game>
<game><path>./Coleco Adam/Super Subroc (1984)(Sega - Coleco).zip</path><name>Super Subroc (1984)(Sega - Coleco)</name><image>~/../thumbs/Coleco - Adam/Named_Snaps/Super Subroc (1984)(Sega - Coleco).png</image><titleshot>~/../thumbs/Coleco - Adam/Named_Titles/Super Subroc (1984)(Sega - Coleco).png</titleshot><thumbnail>~/../thumbs/Coleco - Adam/Named_Boxarts/Super Subroc (1984)(Sega - Coleco).png</thumbnail><marquee>~/../thumbs/Coleco - Adam/Named_Logos/Super Subroc (1984)(Sega - Coleco).png</marquee></game>
<game><path>./Coleco Adam/Super Zaxxon (1984)(Sega - Coleco).zip</path><name>Super Zaxxon (1984)(Sega - Coleco)</name><image>~/../thumbs/Coleco - Adam/Named_Snaps/Super Zaxxon (1984)(Sega - Coleco).png</image><titleshot>~/../thumbs/Coleco - Adam/Named_Titles/Super Zaxxon (1984)(Sega - Coleco).png</titleshot><thumbnail>~/../thumbs/Coleco - Adam/Named_Boxarts/Super Zaxxon (1984)(Sega - Coleco).png</thumbnail><marquee>~/../thumbs/Coleco - Adam/Named_Logos/Super Zaxxon (1984)(Sega - Coleco).png</marquee></game>
<game><path>./Coleco Adam/Temple of Apshai (1985)(Epyx)[h].zip</path><name>Temple of Apshai (1985)(Epyx)[h]</name><image>~/../thumbs/Coleco - Adam/Named_Snaps/Temple of Apshai (1985)(Epyx)[h].png</image><titleshot>~/../thumbs/Coleco - Adam/Named_Titles/Temple of Apshai (1985)(Epyx)[h].png</titleshot><thumbnail>~/../thumbs/Coleco - Adam/Named_Boxarts/Temple of Apshai (1985)(Epyx)[h].png</thumbnail><marquee>~/../thumbs/Coleco - Adam/Named_Logos/Temple of Apshai (1985)(Epyx)[h].png</marquee><hidden>true</hidden></game>
<game><path>./Coleco Adam/Trolls Tale (19xx)(-)(PD)[b].zip</path><name>Trolls Tale (19xx)(-)(PD)[b]</name><image>~/../thumbs/Coleco - Adam/Named_Snaps/Trolls Tale (19xx)(-)(PD)[b].png</image><titleshot>~/../thumbs/Coleco - Adam/Named_Titles/Trolls Tale (19xx)(-)(PD)[b].png</titleshot><thumbnail>~/../thumbs/Coleco - Adam/Named_Boxarts/Trolls Tale (19xx)(-)(PD)[b].png</thumbnail><marquee>~/../thumbs/Coleco - Adam/Named_Logos/Trolls Tale (19xx)(-)(PD)[b].png</marquee><hidden>true</hidden></game>
<folder><path>./Coleco Adam</path><name>Coleco Adam</name><image>~/../thumb/adam.png</image></folder>
</gameList>
