<gameList>
<game><path>./Adventure Vision NoIntro/Defender (USA, Europe).zip</path><name>Defender (USA, Europe)</name><image>~/../thumbs/Entex - Adventure Vision/Named_Snaps/Defender (USA, Europe).png</image><titleshot>~/../thumbs/Entex - Adventure Vision/Named_Titles/Defender (USA, Europe).png</titleshot><thumbnail>~/../thumbs/Entex - Adventure Vision/Named_Boxarts/Defender (USA, Europe).png</thumbnail><marquee>~/../thumbs/Entex - Adventure Vision/Named_Logos/Defender (USA, Europe).png</marquee></game>
<game><path>./Adventure Vision NoIntro/Space Force (USA, Europe).zip</path><name>Space Force (USA, Europe)</name><image>~/../thumbs/Entex - Adventure Vision/Named_Snaps/Space Force (USA, Europe).png</image><titleshot>~/../thumbs/Entex - Adventure Vision/Named_Titles/Space Force (USA, Europe).png</titleshot><thumbnail>~/../thumbs/Entex - Adventure Vision/Named_Boxarts/Space Force (USA, Europe).png</thumbnail><marquee>~/../thumbs/Entex - Adventure Vision/Named_Logos/Space Force (USA, Europe).png</marquee></game>
<game><path>./Adventure Vision NoIntro/Super Cobra (USA, Europe).zip</path><name>Super Cobra (USA, Europe)</name><image>~/../thumbs/Entex - Adventure Vision/Named_Snaps/Super Cobra (USA, Europe).png</image><titleshot>~/../thumbs/Entex - Adventure Vision/Named_Titles/Super Cobra (USA, Europe).png</titleshot><thumbnail>~/../thumbs/Entex - Adventure Vision/Named_Boxarts/Super Cobra (USA, Europe).png</thumbnail><marquee>~/../thumbs/Entex - Adventure Vision/Named_Logos/Super Cobra (USA, Europe).png</marquee></game>
<game><path>./Adventure Vision NoIntro/Turtles (USA, Europe).zip</path><name>Turtles (USA, Europe)</name><image>~/../thumbs/Entex - Adventure Vision/Named_Snaps/Turtles (USA, Europe).png</image><titleshot>~/../thumbs/Entex - Adventure Vision/Named_Titles/Turtles (USA, Europe).png</titleshot><thumbnail>~/../thumbs/Entex - Adventure Vision/Named_Boxarts/Turtles (USA, Europe).png</thumbnail><marquee>~/../thumbs/Entex - Adventure Vision/Named_Logos/Turtles (USA, Europe).png</marquee></game>
<game><path>./Adventure Vision NoIntro/[BIOS] Entex Adventure Vision (USA, Europe).zip</path><name>[BIOS] Entex Adventure Vision (USA, Europe)</name><image>~/../thumbs/Entex - Adventure Vision/Named_Snaps/[BIOS] Entex Adventure Vision (USA, Europe).png</image><titleshot>~/../thumbs/Entex - Adventure Vision/Named_Titles/[BIOS] Entex Adventure Vision (USA, Europe).png</titleshot><thumbnail>~/../thumbs/Entex - Adventure Vision/Named_Boxarts/[BIOS] Entex Adventure Vision (USA, Europe).png</thumbnail><marquee>~/../thumbs/Entex - Adventure Vision/Named_Logos/[BIOS] Entex Adventure Vision (USA, Europe).png</marquee></game>
<folder><path>./Adventure Vision NoIntro</path><name>advision</name><image>~/../thumb/advision.png</image></folder>
<game><path>./Adventure Vision TOSEC/Defender (1982)(Entex Industries)[release number 6075].zip</path><name>Defender (1982)(Entex Industries)[release number 6075]</name><image>~/../thumbs/Entex - Adventure Vision/Named_Snaps/Defender (1982).png</image><titleshot>~/../thumbs/Entex - Adventure Vision/Named_Titles/Defender (1982).png</titleshot><thumbnail>~/../thumbs/Entex - Adventure Vision/Named_Boxarts/Defender (1982).png</thumbnail><marquee>~/../thumbs/Entex - Adventure Vision/Named_Logos/Defender (1982).png</marquee></game>
<game><path>./Adventure Vision TOSEC/Space Force (1982)(Entex Industries)[release number 6078].zip</path><name>Space Force (1982)(Entex Industries)[release number 6078]</name><image>~/../thumbs/Entex - Adventure Vision/Named_Snaps/Space Force (1982).png</image><titleshot>~/../thumbs/Entex - Adventure Vision/Named_Titles/Space Force (1982).png</titleshot><thumbnail>~/../thumbs/Entex - Adventure Vision/Named_Boxarts/Space Force (1982).png</thumbnail><marquee>~/../thumbs/Entex - Adventure Vision/Named_Logos/Space Force (1982).png</marquee></game>
<game><path>./Adventure Vision TOSEC/Super Cobra (1982)(Entex Industries)[release number 6077].zip</path><name>Super Cobra (1982)(Entex Industries)[release number 6077]</name><image>~/../thumbs/Entex - Adventure Vision/Named_Snaps/Super Cobra (1982).png</image><titleshot>~/../thumbs/Entex - Adventure Vision/Named_Titles/Super Cobra (1982).png</titleshot><thumbnail>~/../thumbs/Entex - Adventure Vision/Named_Boxarts/Super Cobra (1982).png</thumbnail><marquee>~/../thumbs/Entex - Adventure Vision/Named_Logos/Super Cobra (1982).png</marquee></game>
<game><path>./Adventure Vision TOSEC/Turtles (1982)(Entex Industries)[release number 6076].zip</path><name>Turtles (1982)(Entex Industries)[release number 6076]</name><image>~/../thumbs/Entex - Adventure Vision/Named_Snaps/Turtles (1982).png</image><titleshot>~/../thumbs/Entex - Adventure Vision/Named_Titles/Turtles (1982).png</titleshot><thumbnail>~/../thumbs/Entex - Adventure Vision/Named_Boxarts/Turtles (1982).png</thumbnail><marquee>~/../thumbs/Entex - Adventure Vision/Named_Logos/Turtles (1982).png</marquee></game>
<folder><path>./Adventure Vision TOSEC</path><name>advision</name><image>~/../thumb/advision.png</image></folder>
<game><path>./Adventure Vision Merged/codered.zip</path><name>codered</name><image>~/../thumbs/Entex - Adventure Vision/Named_Snaps/codered.png</image><titleshot>~/../thumbs/Entex - Adventure Vision/Named_Titles/codered.png</titleshot><thumbnail>~/../thumbs/Entex - Adventure Vision/Named_Boxarts/codered.png</thumbnail><marquee>~/../thumbs/Entex - Adventure Vision/Named_Logos/codered.png</marquee></game>
<game><path>./Adventure Vision Merged/defender.zip</path><name>defender</name><image>~/../thumbs/Entex - Adventure Vision/Named_Snaps/defender.png</image><titleshot>~/../thumbs/Entex - Adventure Vision/Named_Titles/defender.png</titleshot><thumbnail>~/../thumbs/Entex - Adventure Vision/Named_Boxarts/defender.png</thumbnail><marquee>~/../thumbs/Entex - Adventure Vision/Named_Logos/defender.png</marquee></game>
<game><path>./Adventure Vision Merged/scobra.zip</path><name>scobra</name><image>~/../thumbs/Entex - Adventure Vision/Named_Snaps/scobra.png</image><titleshot>~/../thumbs/Entex - Adventure Vision/Named_Titles/scobra.png</titleshot><thumbnail>~/../thumbs/Entex - Adventure Vision/Named_Boxarts/scobra.png</thumbnail><marquee>~/../thumbs/Entex - Adventure Vision/Named_Logos/scobra.png</marquee></game>
<game><path>./Adventure Vision Merged/spacefrc.zip</path><name>spacefrc</name><image>~/../thumbs/Entex - Adventure Vision/Named_Snaps/spacefrc.png</image><titleshot>~/../thumbs/Entex - Adventure Vision/Named_Titles/spacefrc.png</titleshot><thumbnail>~/../thumbs/Entex - Adventure Vision/Named_Boxarts/spacefrc.png</thumbnail><marquee>~/../thumbs/Entex - Adventure Vision/Named_Logos/spacefrc.png</marquee></game>
<game><path>./Adventure Vision Merged/turtles.zip</path><name>turtles</name><image>~/../thumbs/Entex - Adventure Vision/Named_Snaps/turtles.png</image><titleshot>~/../thumbs/Entex - Adventure Vision/Named_Titles/turtles.png</titleshot><thumbnail>~/../thumbs/Entex - Adventure Vision/Named_Boxarts/turtles.png</thumbnail><marquee>~/../thumbs/Entex - Adventure Vision/Named_Logos/turtles.png</marquee></game>
<folder><path>./Adventure Vision Merged</path><name>advision</name><image>~/../thumb/advision.png</image></folder>
<game><path>./Adventure Vision Split/codered.zip</path><name>codered</name><image>~/../thumbs/Entex - Adventure Vision/Named_Snaps/codered.png</image><titleshot>~/../thumbs/Entex - Adventure Vision/Named_Titles/codered.png</titleshot><thumbnail>~/../thumbs/Entex - Adventure Vision/Named_Boxarts/codered.png</thumbnail><marquee>~/../thumbs/Entex - Adventure Vision/Named_Logos/codered.png</marquee></game>
<game><path>./Adventure Vision Split/defender.zip</path><name>defender</name><image>~/../thumbs/Entex - Adventure Vision/Named_Snaps/defender.png</image><titleshot>~/../thumbs/Entex - Adventure Vision/Named_Titles/defender.png</titleshot><thumbnail>~/../thumbs/Entex - Adventure Vision/Named_Boxarts/defender.png</thumbnail><marquee>~/../thumbs/Entex - Adventure Vision/Named_Logos/defender.png</marquee></game>
<game><path>./Adventure Vision Split/scobra.zip</path><name>scobra</name><image>~/../thumbs/Entex - Adventure Vision/Named_Snaps/scobra.png</image><titleshot>~/../thumbs/Entex - Adventure Vision/Named_Titles/scobra.png</titleshot><thumbnail>~/../thumbs/Entex - Adventure Vision/Named_Boxarts/scobra.png</thumbnail><marquee>~/../thumbs/Entex - Adventure Vision/Named_Logos/scobra.png</marquee></game>
<game><path>./Adventure Vision Split/spacefrc.zip</path><name>spacefrc</name><image>~/../thumbs/Entex - Adventure Vision/Named_Snaps/spacefrc.png</image><titleshot>~/../thumbs/Entex - Adventure Vision/Named_Titles/spacefrc.png</titleshot><thumbnail>~/../thumbs/Entex - Adventure Vision/Named_Boxarts/spacefrc.png</thumbnail><marquee>~/../thumbs/Entex - Adventure Vision/Named_Logos/spacefrc.png</marquee></game>
<game><path>./Adventure Vision Split/turtles.zip</path><name>turtles</name><image>~/../thumbs/Entex - Adventure Vision/Named_Snaps/turtles.png</image><titleshot>~/../thumbs/Entex - Adventure Vision/Named_Titles/turtles.png</titleshot><thumbnail>~/../thumbs/Entex - Adventure Vision/Named_Boxarts/turtles.png</thumbnail><marquee>~/../thumbs/Entex - Adventure Vision/Named_Logos/turtles.png</marquee></game>
<folder><path>./Adventure Vision Split</path><name>advision</name><image>~/../thumb/advision.png</image></folder>
</gameList>
