<gameList>
<game><path>./NEC PC-88 TOSEC//home/runner/rom/TOSEC/NEC/PC-8801/Games/[D88]/NEC PC-8801 - Games - [D88].zip</path><name>/home/runner/rom/TOSEC/NEC/PC-8801/Games/[D88]/NEC PC-8801 - Games - [D88]</name><image>~/../thumbs/NEC - PC-8001 - PC-8801/Named_Snaps//home/runner/rom/TOSEC/NEC/PC-8801/Games/[D88]/NEC PC-8801 - Games - [D88].png</image><titleshot>~/../thumbs/NEC - PC-8001 - PC-8801/Named_Titles//home/runner/rom/TOSEC/NEC/PC-8801/Games/[D88]/NEC PC-8801 - Games - [D88].png</titleshot><thumbnail>~/../thumbs/NEC - PC-8001 - PC-8801/Named_Boxarts//home/runner/rom/TOSEC/NEC/PC-8801/Games/[D88]/NEC PC-8801 - Games - [D88].png</thumbnail><marquee>~/../thumbs/NEC - PC-8001 - PC-8801/Named_Logos//home/runner/rom/TOSEC/NEC/PC-8801/Games/[D88]/NEC PC-8801 - Games - [D88].png</marquee></game>
<folder><path>./NEC PC-88 TOSEC</path><name>NEC PC-88 TOSEC</name><image>~/../thumb/pc88.png</image></folder>
</gameList>
