<gameList>
<game><path>./Camputers Lynx TAP/3D Monster Craze (1983)(Camsoft)(GB).zip</path><name>3D Monster Craze (1983)(Camsoft)(GB)</name><image>~/../thumbs/Camputers - Lynx/Named_Snaps/3D Monster Craze (1983).png</image><titleshot>~/../thumbs/Camputers - Lynx/Named_Titles/3D Monster Craze (1983).png</titleshot><thumbnail>~/../thumbs/Camputers - Lynx/Named_Boxarts/3D Monster Craze (1983).png</thumbnail><marquee>~/../thumbs/Camputers - Lynx/Named_Logos/3D Monster Craze (1983).png</marquee></game>
<game><path>./Camputers Lynx TAP/Air Raid (1984)(Camputers)(GB).zip</path><name>Air Raid (1984)(Camputers)(GB)</name><image>~/../thumbs/Camputers - Lynx/Named_Snaps/Air Raid (1984).png</image><titleshot>~/../thumbs/Camputers - Lynx/Named_Titles/Air Raid (1984).png</titleshot><thumbnail>~/../thumbs/Camputers - Lynx/Named_Boxarts/Air Raid (1984).png</thumbnail><marquee>~/../thumbs/Camputers - Lynx/Named_Logos/Air Raid (1984).png</marquee></game>
<game><path>./Camputers Lynx TAP/Backgammon (1983)(Camsoft)(GB).zip</path><name>Backgammon (1983)(Camsoft)(GB)</name><image>~/../thumbs/Camputers - Lynx/Named_Snaps/Backgammon (1983).png</image><titleshot>~/../thumbs/Camputers - Lynx/Named_Titles/Backgammon (1983).png</titleshot><thumbnail>~/../thumbs/Camputers - Lynx/Named_Boxarts/Backgammon (1983).png</thumbnail><marquee>~/../thumbs/Camputers - Lynx/Named_Logos/Backgammon (1983).png</marquee></game>
<game><path>./Camputers Lynx TAP/Battlebrick (19xx)(-).zip</path><name>Battlebrick (19xx)(-)</name><image>~/../thumbs/Camputers - Lynx/Named_Snaps/Battlebrick (19xx).png</image><titleshot>~/../thumbs/Camputers - Lynx/Named_Titles/Battlebrick (19xx).png</titleshot><thumbnail>~/../thumbs/Camputers - Lynx/Named_Boxarts/Battlebrick (19xx).png</thumbnail><marquee>~/../thumbs/Camputers - Lynx/Named_Logos/Battlebrick (19xx).png</marquee></game>
<game><path>./Camputers Lynx TAP/Centipede (19xx)(Play It!).zip</path><name>Centipede (19xx)(Play It!)</name><image>~/../thumbs/Camputers - Lynx/Named_Snaps/Centipede (19xx).png</image><titleshot>~/../thumbs/Camputers - Lynx/Named_Titles/Centipede (19xx).png</titleshot><thumbnail>~/../thumbs/Camputers - Lynx/Named_Boxarts/Centipede (19xx).png</thumbnail><marquee>~/../thumbs/Camputers - Lynx/Named_Logos/Centipede (19xx).png</marquee></game>
<game><path>./Camputers Lynx TAP/Colossal Adventure (1983)(Level 9 Computing)(Tape 1 of 5)(48K)[welcome].zip</path><name>Colossal Adventure (1983)(Level 9 Computing)(Tape 1 of 5)(48K)[welcome]</name><image>~/../thumbs/Camputers - Lynx/Named_Snaps/Colossal Adventure (1983).png</image><titleshot>~/../thumbs/Camputers - Lynx/Named_Titles/Colossal Adventure (1983).png</titleshot><thumbnail>~/../thumbs/Camputers - Lynx/Named_Boxarts/Colossal Adventure (1983).png</thumbnail><marquee>~/../thumbs/Camputers - Lynx/Named_Logos/Colossal Adventure (1983).png</marquee></game>
<game><path>./Camputers Lynx TAP/Colossal Adventure (1983)(Level 9 Computing)(Tape 2 of 5)(48K)[binary loader].zip</path><name>Colossal Adventure (1983)(Level 9 Computing)(Tape 2 of 5)(48K)[binary loader]</name><image>~/../thumbs/Camputers - Lynx/Named_Snaps/Colossal Adventure (1983).png</image><titleshot>~/../thumbs/Camputers - Lynx/Named_Titles/Colossal Adventure (1983).png</titleshot><thumbnail>~/../thumbs/Camputers - Lynx/Named_Boxarts/Colossal Adventure (1983).png</thumbnail><marquee>~/../thumbs/Camputers - Lynx/Named_Logos/Colossal Adventure (1983).png</marquee></game>
<game><path>./Camputers Lynx TAP/Colossal Adventure (1983)(Level 9 Computing)(Tape 3 of 5)(48K)[adventure data].zip</path><name>Colossal Adventure (1983)(Level 9 Computing)(Tape 3 of 5)(48K)[adventure data]</name><image>~/../thumbs/Camputers - Lynx/Named_Snaps/Colossal Adventure (1983).png</image><titleshot>~/../thumbs/Camputers - Lynx/Named_Titles/Colossal Adventure (1983).png</titleshot><thumbnail>~/../thumbs/Camputers - Lynx/Named_Boxarts/Colossal Adventure (1983).png</thumbnail><marquee>~/../thumbs/Camputers - Lynx/Named_Logos/Colossal Adventure (1983).png</marquee></game>
<game><path>./Camputers Lynx TAP/Colossal Adventure (1983)(Level 9 Computing)(Tape 4 of 5)(48K)[adventure data].zip</path><name>Colossal Adventure (1983)(Level 9 Computing)(Tape 4 of 5)(48K)[adventure data]</name><image>~/../thumbs/Camputers - Lynx/Named_Snaps/Colossal Adventure (1983).png</image><titleshot>~/../thumbs/Camputers - Lynx/Named_Titles/Colossal Adventure (1983).png</titleshot><thumbnail>~/../thumbs/Camputers - Lynx/Named_Boxarts/Colossal Adventure (1983).png</thumbnail><marquee>~/../thumbs/Camputers - Lynx/Named_Logos/Colossal Adventure (1983).png</marquee></game>
<game><path>./Camputers Lynx TAP/Colossal Adventure (1983)(Level 9 Computing)(Tape 5 of 5)(48K)[adventure data].zip</path><name>Colossal Adventure (1983)(Level 9 Computing)(Tape 5 of 5)(48K)[adventure data]</name><image>~/../thumbs/Camputers - Lynx/Named_Snaps/Colossal Adventure (1983).png</image><titleshot>~/../thumbs/Camputers - Lynx/Named_Titles/Colossal Adventure (1983).png</titleshot><thumbnail>~/../thumbs/Camputers - Lynx/Named_Boxarts/Colossal Adventure (1983).png</thumbnail><marquee>~/../thumbs/Camputers - Lynx/Named_Logos/Colossal Adventure (1983).png</marquee></game>
<game><path>./Camputers Lynx TAP/Cross Bomber (2023-10-25)(Caruso, Fabrizio).zip</path><name>Cross Bomber (2023-10-25)(Caruso, Fabrizio)</name><image>~/../thumbs/Camputers - Lynx/Named_Snaps/Cross Bomber (2023-10-25).png</image><titleshot>~/../thumbs/Camputers - Lynx/Named_Titles/Cross Bomber (2023-10-25).png</titleshot><thumbnail>~/../thumbs/Camputers - Lynx/Named_Boxarts/Cross Bomber (2023-10-25).png</thumbnail><marquee>~/../thumbs/Camputers - Lynx/Named_Logos/Cross Bomber (2023-10-25).png</marquee></game>
<game><path>./Camputers Lynx TAP/Cross Chase (2018-10-29)(Caruso, Fabrizio)[full].zip</path><name>Cross Chase (2018-10-29)(Caruso, Fabrizio)[full]</name><image>~/../thumbs/Camputers - Lynx/Named_Snaps/Cross Chase (2018-10-29).png</image><titleshot>~/../thumbs/Camputers - Lynx/Named_Titles/Cross Chase (2018-10-29).png</titleshot><thumbnail>~/../thumbs/Camputers - Lynx/Named_Boxarts/Cross Chase (2018-10-29).png</thumbnail><marquee>~/../thumbs/Camputers - Lynx/Named_Logos/Cross Chase (2018-10-29).png</marquee></game>
<game><path>./Camputers Lynx TAP/Cross Chase (2018-10-29)(Caruso, Fabrizio)[tiny].zip</path><name>Cross Chase (2018-10-29)(Caruso, Fabrizio)[tiny]</name><image>~/../thumbs/Camputers - Lynx/Named_Snaps/Cross Chase (2018-10-29).png</image><titleshot>~/../thumbs/Camputers - Lynx/Named_Titles/Cross Chase (2018-10-29).png</titleshot><thumbnail>~/../thumbs/Camputers - Lynx/Named_Boxarts/Cross Chase (2018-10-29).png</thumbnail><marquee>~/../thumbs/Camputers - Lynx/Named_Logos/Cross Chase (2018-10-29).png</marquee><hidden>true</hidden></game>
<game><path>./Camputers Lynx TAP/Cross Chase (2020-04-02)(Caruso, Fabrizio)[full].zip</path><name>Cross Chase (2020-04-02)(Caruso, Fabrizio)[full]</name><image>~/../thumbs/Camputers - Lynx/Named_Snaps/Cross Chase (2020-04-02).png</image><titleshot>~/../thumbs/Camputers - Lynx/Named_Titles/Cross Chase (2020-04-02).png</titleshot><thumbnail>~/../thumbs/Camputers - Lynx/Named_Boxarts/Cross Chase (2020-04-02).png</thumbnail><marquee>~/../thumbs/Camputers - Lynx/Named_Logos/Cross Chase (2020-04-02).png</marquee></game>
<game><path>./Camputers Lynx TAP/Cross Chase (2020-04-02)(Caruso, Fabrizio)[tiny].zip</path><name>Cross Chase (2020-04-02)(Caruso, Fabrizio)[tiny]</name><image>~/../thumbs/Camputers - Lynx/Named_Snaps/Cross Chase (2020-04-02).png</image><titleshot>~/../thumbs/Camputers - Lynx/Named_Titles/Cross Chase (2020-04-02).png</titleshot><thumbnail>~/../thumbs/Camputers - Lynx/Named_Boxarts/Cross Chase (2020-04-02).png</thumbnail><marquee>~/../thumbs/Camputers - Lynx/Named_Logos/Cross Chase (2020-04-02).png</marquee><hidden>true</hidden></game>
<game><path>./Camputers Lynx TAP/Cross Chase (2021-05-13)(Caruso, Fabrizio).zip</path><name>Cross Chase (2021-05-13)(Caruso, Fabrizio)</name><image>~/../thumbs/Camputers - Lynx/Named_Snaps/Cross Chase (2021-05-13).png</image><titleshot>~/../thumbs/Camputers - Lynx/Named_Titles/Cross Chase (2021-05-13).png</titleshot><thumbnail>~/../thumbs/Camputers - Lynx/Named_Boxarts/Cross Chase (2021-05-13).png</thumbnail><marquee>~/../thumbs/Camputers - Lynx/Named_Logos/Cross Chase (2021-05-13).png</marquee></game>
<game><path>./Camputers Lynx TAP/Cross Chase (2023-10-25)(Caruso, Fabrizio).zip</path><name>Cross Chase (2023-10-25)(Caruso, Fabrizio)</name><image>~/../thumbs/Camputers - Lynx/Named_Snaps/Cross Chase (2023-10-25).png</image><titleshot>~/../thumbs/Camputers - Lynx/Named_Titles/Cross Chase (2023-10-25).png</titleshot><thumbnail>~/../thumbs/Camputers - Lynx/Named_Boxarts/Cross Chase (2023-10-25).png</thumbnail><marquee>~/../thumbs/Camputers - Lynx/Named_Logos/Cross Chase (2023-10-25).png</marquee></game>
<game><path>./Camputers Lynx TAP/Cross Horde (2023-10-25)(Caruso, Fabrizio).zip</path><name>Cross Horde (2023-10-25)(Caruso, Fabrizio)</name><image>~/../thumbs/Camputers - Lynx/Named_Snaps/Cross Horde (2023-10-25).png</image><titleshot>~/../thumbs/Camputers - Lynx/Named_Titles/Cross Horde (2023-10-25).png</titleshot><thumbnail>~/../thumbs/Camputers - Lynx/Named_Boxarts/Cross Horde (2023-10-25).png</thumbnail><marquee>~/../thumbs/Camputers - Lynx/Named_Logos/Cross Horde (2023-10-25).png</marquee></game>
<game><path>./Camputers Lynx TAP/Cross Shoot (2023-10-25)(Caruso, Fabrizio).zip</path><name>Cross Shoot (2023-10-25)(Caruso, Fabrizio)</name><image>~/../thumbs/Camputers - Lynx/Named_Snaps/Cross Shoot (2023-10-25).png</image><titleshot>~/../thumbs/Camputers - Lynx/Named_Titles/Cross Shoot (2023-10-25).png</titleshot><thumbnail>~/../thumbs/Camputers - Lynx/Named_Boxarts/Cross Shoot (2023-10-25).png</thumbnail><marquee>~/../thumbs/Camputers - Lynx/Named_Logos/Cross Shoot (2023-10-25).png</marquee></game>
<game><path>./Camputers Lynx TAP/Cross Snake (2023-10-25)(Caruso, Fabrizio).zip</path><name>Cross Snake (2023-10-25)(Caruso, Fabrizio)</name><image>~/../thumbs/Camputers - Lynx/Named_Snaps/Cross Snake (2023-10-25).png</image><titleshot>~/../thumbs/Camputers - Lynx/Named_Titles/Cross Snake (2023-10-25).png</titleshot><thumbnail>~/../thumbs/Camputers - Lynx/Named_Boxarts/Cross Snake (2023-10-25).png</thumbnail><marquee>~/../thumbs/Camputers - Lynx/Named_Logos/Cross Snake (2023-10-25).png</marquee></game>
<game><path>./Camputers Lynx TAP/Cross Trex (2024-09-25)(Caruso, Fabrizio).zip</path><name>Cross Trex (2024-09-25)(Caruso, Fabrizio)</name><image>~/../thumbs/Camputers - Lynx/Named_Snaps/Cross Trex (2024-09-25).png</image><titleshot>~/../thumbs/Camputers - Lynx/Named_Titles/Cross Trex (2024-09-25).png</titleshot><thumbnail>~/../thumbs/Camputers - Lynx/Named_Boxarts/Cross Trex (2024-09-25).png</thumbnail><marquee>~/../thumbs/Camputers - Lynx/Named_Logos/Cross Trex (2024-09-25).png</marquee></game>
<game><path>./Camputers Lynx TAP/Cross Trex (2024-10-17)(Caruso, Fabrizio).zip</path><name>Cross Trex (2024-10-17)(Caruso, Fabrizio)</name><image>~/../thumbs/Camputers - Lynx/Named_Snaps/Cross Trex (2024-10-17).png</image><titleshot>~/../thumbs/Camputers - Lynx/Named_Titles/Cross Trex (2024-10-17).png</titleshot><thumbnail>~/../thumbs/Camputers - Lynx/Named_Boxarts/Cross Trex (2024-10-17).png</thumbnail><marquee>~/../thumbs/Camputers - Lynx/Named_Logos/Cross Trex (2024-10-17).png</marquee></game>
<game><path>./Camputers Lynx TAP/Cross Verbix (2023-10-25)(Caruso, Fabrizio).zip</path><name>Cross Verbix (2023-10-25)(Caruso, Fabrizio)</name><image>~/../thumbs/Camputers - Lynx/Named_Snaps/Cross Verbix (2023-10-25).png</image><titleshot>~/../thumbs/Camputers - Lynx/Named_Titles/Cross Verbix (2023-10-25).png</titleshot><thumbnail>~/../thumbs/Camputers - Lynx/Named_Boxarts/Cross Verbix (2023-10-25).png</thumbnail><marquee>~/../thumbs/Camputers - Lynx/Named_Logos/Cross Verbix (2023-10-25).png</marquee></game>
<game><path>./Camputers Lynx TAP/Dam Busters (1983)(Camsoft)(96K)(GB)(fr).zip</path><name>Dam Busters (1983)(Camsoft)(96K)(GB)(fr)</name><image>~/../thumbs/Camputers - Lynx/Named_Snaps/Dam Busters (1983).png</image><titleshot>~/../thumbs/Camputers - Lynx/Named_Titles/Dam Busters (1983).png</titleshot><thumbnail>~/../thumbs/Camputers - Lynx/Named_Boxarts/Dam Busters (1983).png</thumbnail><marquee>~/../thumbs/Camputers - Lynx/Named_Logos/Dam Busters (1983).png</marquee></game>
<game><path>./Camputers Lynx TAP/Dam Busters (1983)(Camsoft)(GB).zip</path><name>Dam Busters (1983)(Camsoft)(GB)</name><image>~/../thumbs/Camputers - Lynx/Named_Snaps/Dam Busters (1983).png</image><titleshot>~/../thumbs/Camputers - Lynx/Named_Titles/Dam Busters (1983).png</titleshot><thumbnail>~/../thumbs/Camputers - Lynx/Named_Boxarts/Dam Busters (1983).png</thumbnail><marquee>~/../thumbs/Camputers - Lynx/Named_Logos/Dam Busters (1983).png</marquee></game>
<game><path>./Camputers Lynx TAP/Darkness (2023-10-16)(KIKICH)(96K).zip</path><name>Darkness (2023-10-16)(KIKICH)(96K)</name><image>~/../thumbs/Camputers - Lynx/Named_Snaps/Darkness (2023-10-16).png</image><titleshot>~/../thumbs/Camputers - Lynx/Named_Titles/Darkness (2023-10-16).png</titleshot><thumbnail>~/../thumbs/Camputers - Lynx/Named_Boxarts/Darkness (2023-10-16).png</thumbnail><marquee>~/../thumbs/Camputers - Lynx/Named_Logos/Darkness (2023-10-16).png</marquee></game>
<game><path>./Camputers Lynx TAP/Deathball (1983)(Miller, A.)(GB).zip</path><name>Deathball (1983)(Miller, A.)(GB)</name><image>~/../thumbs/Camputers - Lynx/Named_Snaps/Deathball (1983).png</image><titleshot>~/../thumbs/Camputers - Lynx/Named_Titles/Deathball (1983).png</titleshot><thumbnail>~/../thumbs/Camputers - Lynx/Named_Boxarts/Deathball (1983).png</thumbnail><marquee>~/../thumbs/Camputers - Lynx/Named_Logos/Deathball (1983).png</marquee></game>
<game><path>./Camputers Lynx TAP/Diggerman (19xx)(Gem Software)(GB).zip</path><name>Diggerman (19xx)(Gem Software)(GB)</name><image>~/../thumbs/Camputers - Lynx/Named_Snaps/Diggerman (19xx).png</image><titleshot>~/../thumbs/Camputers - Lynx/Named_Titles/Diggerman (19xx).png</titleshot><thumbnail>~/../thumbs/Camputers - Lynx/Named_Boxarts/Diggerman (19xx).png</thumbnail><marquee>~/../thumbs/Camputers - Lynx/Named_Logos/Diggerman (19xx).png</marquee></game>
<game><path>./Camputers Lynx TAP/Dungeon Adventure (1983)(Level 9 Computing)(Tape 1 of 5)[welcome].zip</path><name>Dungeon Adventure (1983)(Level 9 Computing)(Tape 1 of 5)[welcome]</name><image>~/../thumbs/Camputers - Lynx/Named_Snaps/Dungeon Adventure (1983).png</image><titleshot>~/../thumbs/Camputers - Lynx/Named_Titles/Dungeon Adventure (1983).png</titleshot><thumbnail>~/../thumbs/Camputers - Lynx/Named_Boxarts/Dungeon Adventure (1983).png</thumbnail><marquee>~/../thumbs/Camputers - Lynx/Named_Logos/Dungeon Adventure (1983).png</marquee></game>
<game><path>./Camputers Lynx TAP/Dungeon Adventure (1983)(Level 9 Computing)(Tape 2 of 5)[binary loader].zip</path><name>Dungeon Adventure (1983)(Level 9 Computing)(Tape 2 of 5)[binary loader]</name><image>~/../thumbs/Camputers - Lynx/Named_Snaps/Dungeon Adventure (1983).png</image><titleshot>~/../thumbs/Camputers - Lynx/Named_Titles/Dungeon Adventure (1983).png</titleshot><thumbnail>~/../thumbs/Camputers - Lynx/Named_Boxarts/Dungeon Adventure (1983).png</thumbnail><marquee>~/../thumbs/Camputers - Lynx/Named_Logos/Dungeon Adventure (1983).png</marquee></game>
<game><path>./Camputers Lynx TAP/Dungeon Adventure (1983)(Level 9 Computing)(Tape 3 of 5)[adventure data].zip</path><name>Dungeon Adventure (1983)(Level 9 Computing)(Tape 3 of 5)[adventure data]</name><image>~/../thumbs/Camputers - Lynx/Named_Snaps/Dungeon Adventure (1983).png</image><titleshot>~/../thumbs/Camputers - Lynx/Named_Titles/Dungeon Adventure (1983).png</titleshot><thumbnail>~/../thumbs/Camputers - Lynx/Named_Boxarts/Dungeon Adventure (1983).png</thumbnail><marquee>~/../thumbs/Camputers - Lynx/Named_Logos/Dungeon Adventure (1983).png</marquee></game>
<game><path>./Camputers Lynx TAP/Dungeon Adventure (1983)(Level 9 Computing)(Tape 4 of 5)[adventure data].zip</path><name>Dungeon Adventure (1983)(Level 9 Computing)(Tape 4 of 5)[adventure data]</name><image>~/../thumbs/Camputers - Lynx/Named_Snaps/Dungeon Adventure (1983).png</image><titleshot>~/../thumbs/Camputers - Lynx/Named_Titles/Dungeon Adventure (1983).png</titleshot><thumbnail>~/../thumbs/Camputers - Lynx/Named_Boxarts/Dungeon Adventure (1983).png</thumbnail><marquee>~/../thumbs/Camputers - Lynx/Named_Logos/Dungeon Adventure (1983).png</marquee></game>
<game><path>./Camputers Lynx TAP/Dungeon Adventure (1983)(Level 9 Computing)(Tape 5 of 5)[adventure data].zip</path><name>Dungeon Adventure (1983)(Level 9 Computing)(Tape 5 of 5)[adventure data]</name><image>~/../thumbs/Camputers - Lynx/Named_Snaps/Dungeon Adventure (1983).png</image><titleshot>~/../thumbs/Camputers - Lynx/Named_Titles/Dungeon Adventure (1983).png</titleshot><thumbnail>~/../thumbs/Camputers - Lynx/Named_Boxarts/Dungeon Adventure (1983).png</thumbnail><marquee>~/../thumbs/Camputers - Lynx/Named_Logos/Dungeon Adventure (1983).png</marquee></game>
<game><path>./Camputers Lynx TAP/Floyds Bank (1983)(Romik Software)(GB).zip</path><name>Floyds Bank (1983)(Romik Software)(GB)</name><image>~/../thumbs/Camputers - Lynx/Named_Snaps/Floyds Bank (1983).png</image><titleshot>~/../thumbs/Camputers - Lynx/Named_Titles/Floyds Bank (1983).png</titleshot><thumbnail>~/../thumbs/Camputers - Lynx/Named_Boxarts/Floyds Bank (1983).png</thumbnail><marquee>~/../thumbs/Camputers - Lynx/Named_Logos/Floyds Bank (1983).png</marquee></game>
<game><path>./Camputers Lynx TAP/Gobble de Spook (1983)(Camsoft)(GB).zip</path><name>Gobble de Spook (1983)(Camsoft)(GB)</name><image>~/../thumbs/Camputers - Lynx/Named_Snaps/Gobble de Spook (1983).png</image><titleshot>~/../thumbs/Camputers - Lynx/Named_Titles/Gobble de Spook (1983).png</titleshot><thumbnail>~/../thumbs/Camputers - Lynx/Named_Boxarts/Gobble de Spook (1983).png</thumbnail><marquee>~/../thumbs/Camputers - Lynx/Named_Logos/Gobble de Spook (1983).png</marquee></game>
<game><path>./Camputers Lynx TAP/Gridtrap (19xx)(-)(FR).zip</path><name>Gridtrap (19xx)(-)(FR)</name><image>~/../thumbs/Camputers - Lynx/Named_Snaps/Gridtrap (19xx).png</image><titleshot>~/../thumbs/Camputers - Lynx/Named_Titles/Gridtrap (19xx).png</titleshot><thumbnail>~/../thumbs/Camputers - Lynx/Named_Boxarts/Gridtrap (19xx).png</thumbnail><marquee>~/../thumbs/Camputers - Lynx/Named_Logos/Gridtrap (19xx).png</marquee></game>
<game><path>./Camputers Lynx TAP/Labyrinthe (19xx)(Quazar Computing)(48K-96K-128K)(GB)(fr).zip</path><name>Labyrinthe (19xx)(Quazar Computing)(48K-96K-128K)(GB)(fr)</name><image>~/../thumbs/Camputers - Lynx/Named_Snaps/Labyrinthe (19xx).png</image><titleshot>~/../thumbs/Camputers - Lynx/Named_Titles/Labyrinthe (19xx).png</titleshot><thumbnail>~/../thumbs/Camputers - Lynx/Named_Boxarts/Labyrinthe (19xx).png</thumbnail><marquee>~/../thumbs/Camputers - Lynx/Named_Logos/Labyrinthe (19xx).png</marquee></game>
<game><path>./Camputers Lynx TAP/Logichess v2.2 (1983)(Danielsen, Kaare - Ekner, Hartvig)(96K).zip</path><name>Logichess v2.2 (1983)(Danielsen, Kaare - Ekner, Hartvig)(96K)</name><image>~/../thumbs/Camputers - Lynx/Named_Snaps/Logichess v2.2 (1983).png</image><titleshot>~/../thumbs/Camputers - Lynx/Named_Titles/Logichess v2.2 (1983).png</titleshot><thumbnail>~/../thumbs/Camputers - Lynx/Named_Boxarts/Logichess v2.2 (1983).png</thumbnail><marquee>~/../thumbs/Camputers - Lynx/Named_Logos/Logichess v2.2 (1983).png</marquee></game>
<game><path>./Camputers Lynx TAP/Lynx Hangman (1983)(French, Steven B.).zip</path><name>Lynx Hangman (1983)(French, Steven B.)</name><image>~/../thumbs/Camputers - Lynx/Named_Snaps/Lynx Hangman (1983).png</image><titleshot>~/../thumbs/Camputers - Lynx/Named_Titles/Lynx Hangman (1983).png</titleshot><thumbnail>~/../thumbs/Camputers - Lynx/Named_Boxarts/Lynx Hangman (1983).png</thumbnail><marquee>~/../thumbs/Camputers - Lynx/Named_Logos/Lynx Hangman (1983).png</marquee></game>
<game><path>./Camputers Lynx TAP/Lynx Invaders (1983)(Camsoft)(GB).zip</path><name>Lynx Invaders (1983)(Camsoft)(GB)</name><image>~/../thumbs/Camputers - Lynx/Named_Snaps/Lynx Invaders (1983).png</image><titleshot>~/../thumbs/Camputers - Lynx/Named_Titles/Lynx Invaders (1983).png</titleshot><thumbnail>~/../thumbs/Camputers - Lynx/Named_Boxarts/Lynx Invaders (1983).png</thumbnail><marquee>~/../thumbs/Camputers - Lynx/Named_Logos/Lynx Invaders (1983).png</marquee></game>
<game><path>./Camputers Lynx TAP/Mastermind (19xx)(-)(96K)(FR).zip</path><name>Mastermind (19xx)(-)(96K)(FR)</name><image>~/../thumbs/Camputers - Lynx/Named_Snaps/Mastermind (19xx).png</image><titleshot>~/../thumbs/Camputers - Lynx/Named_Titles/Mastermind (19xx).png</titleshot><thumbnail>~/../thumbs/Camputers - Lynx/Named_Boxarts/Mastermind (19xx).png</thumbnail><marquee>~/../thumbs/Camputers - Lynx/Named_Logos/Mastermind (19xx).png</marquee></game>
<game><path>./Camputers Lynx TAP/Mazeman (1983)(Abersoft)(GB).zip</path><name>Mazeman (1983)(Abersoft)(GB)</name><image>~/../thumbs/Camputers - Lynx/Named_Snaps/Mazeman (1983).png</image><titleshot>~/../thumbs/Camputers - Lynx/Named_Titles/Mazeman (1983).png</titleshot><thumbnail>~/../thumbs/Camputers - Lynx/Named_Boxarts/Mazeman (1983).png</thumbnail><marquee>~/../thumbs/Camputers - Lynx/Named_Logos/Mazeman (1983).png</marquee></game>
<game><path>./Camputers Lynx TAP/Mined Out (1983)(Camsoft)(GB).zip</path><name>Mined Out (1983)(Camsoft)(GB)</name><image>~/../thumbs/Camputers - Lynx/Named_Snaps/Mined Out (1983).png</image><titleshot>~/../thumbs/Camputers - Lynx/Named_Titles/Mined Out (1983).png</titleshot><thumbnail>~/../thumbs/Camputers - Lynx/Named_Boxarts/Mined Out (1983).png</thumbnail><marquee>~/../thumbs/Camputers - Lynx/Named_Logos/Mined Out (1983).png</marquee></game>
<game><path>./Camputers Lynx TAP/Moonfall (1983)(Camsoft)(GB)(fr).zip</path><name>Moonfall (1983)(Camsoft)(GB)(fr)</name><image>~/../thumbs/Camputers - Lynx/Named_Snaps/Moonfall (1983).png</image><titleshot>~/../thumbs/Camputers - Lynx/Named_Titles/Moonfall (1983).png</titleshot><thumbnail>~/../thumbs/Camputers - Lynx/Named_Boxarts/Moonfall (1983).png</thumbnail><marquee>~/../thumbs/Camputers - Lynx/Named_Logos/Moonfall (1983).png</marquee></game>
<game><path>./Camputers Lynx TAP/Moonfall (1983)(Camsoft)(GB).zip</path><name>Moonfall (1983)(Camsoft)(GB)</name><image>~/../thumbs/Camputers - Lynx/Named_Snaps/Moonfall (1983).png</image><titleshot>~/../thumbs/Camputers - Lynx/Named_Titles/Moonfall (1983).png</titleshot><thumbnail>~/../thumbs/Camputers - Lynx/Named_Boxarts/Moonfall (1983).png</thumbnail><marquee>~/../thumbs/Camputers - Lynx/Named_Logos/Moonfall (1983).png</marquee></game>
<game><path>./Camputers Lynx TAP/Moonfall (1983)(Camsoft)(GB)[instructions only].zip</path><name>Moonfall (1983)(Camsoft)(GB)[instructions only]</name><image>~/../thumbs/Camputers - Lynx/Named_Snaps/Moonfall (1983).png</image><titleshot>~/../thumbs/Camputers - Lynx/Named_Titles/Moonfall (1983).png</titleshot><thumbnail>~/../thumbs/Camputers - Lynx/Named_Boxarts/Moonfall (1983).png</thumbnail><marquee>~/../thumbs/Camputers - Lynx/Named_Logos/Moonfall (1983).png</marquee></game>
<game><path>./Camputers Lynx TAP/Muncher (1983-06-09)(Gordon, Robert).zip</path><name>Muncher (1983-06-09)(Gordon, Robert)</name><image>~/../thumbs/Camputers - Lynx/Named_Snaps/Muncher (1983-06-09).png</image><titleshot>~/../thumbs/Camputers - Lynx/Named_Titles/Muncher (1983-06-09).png</titleshot><thumbnail>~/../thumbs/Camputers - Lynx/Named_Boxarts/Muncher (1983-06-09).png</thumbnail><marquee>~/../thumbs/Camputers - Lynx/Named_Logos/Muncher (1983-06-09).png</marquee></game>
<game><path>./Camputers Lynx TAP/Odysee d'Asterix, L' (19xx)(La Bibliotheque de Cintre)(96K)(FR).zip</path><name>Odysee d'Asterix, L' (19xx)(La Bibliotheque de Cintre)(96K)(FR)</name><image>~/../thumbs/Camputers - Lynx/Named_Snaps/Odysee d'Asterix, L' (19xx).png</image><titleshot>~/../thumbs/Camputers - Lynx/Named_Titles/Odysee d'Asterix, L' (19xx).png</titleshot><thumbnail>~/../thumbs/Camputers - Lynx/Named_Boxarts/Odysee d'Asterix, L' (19xx).png</thumbnail><marquee>~/../thumbs/Camputers - Lynx/Named_Logos/Odysee d'Asterix, L' (19xx).png</marquee></game>
<game><path>./Camputers Lynx TAP/Oh Mummy!! (1983)(Gem Software)(GB).zip</path><name>Oh Mummy!! (1983)(Gem Software)(GB)</name><image>~/../thumbs/Camputers - Lynx/Named_Snaps/Oh Mummy!! (1983).png</image><titleshot>~/../thumbs/Camputers - Lynx/Named_Titles/Oh Mummy!! (1983).png</titleshot><thumbnail>~/../thumbs/Camputers - Lynx/Named_Boxarts/Oh Mummy!! (1983).png</thumbnail><marquee>~/../thumbs/Camputers - Lynx/Named_Logos/Oh Mummy!! (1983).png</marquee></game>
<game><path>./Camputers Lynx TAP/Panik (19xx)(Judd, M.D.)(96K)(Tape 1 of 2)[cr T.A.G.][b].zip</path><name>Panik (19xx)(Judd, M.D.)(96K)(Tape 1 of 2)[cr T.A.G.][b]</name><image>~/../thumbs/Camputers - Lynx/Named_Snaps/Panik (19xx).png</image><titleshot>~/../thumbs/Camputers - Lynx/Named_Titles/Panik (19xx).png</titleshot><thumbnail>~/../thumbs/Camputers - Lynx/Named_Boxarts/Panik (19xx).png</thumbnail><marquee>~/../thumbs/Camputers - Lynx/Named_Logos/Panik (19xx).png</marquee><hidden>true</hidden></game>
<game><path>./Camputers Lynx TAP/Panik (19xx)(Judd, M.D.)(96K)(Tape 2 of 2)[cr T.A.G.][b].zip</path><name>Panik (19xx)(Judd, M.D.)(96K)(Tape 2 of 2)[cr T.A.G.][b]</name><image>~/../thumbs/Camputers - Lynx/Named_Snaps/Panik (19xx).png</image><titleshot>~/../thumbs/Camputers - Lynx/Named_Titles/Panik (19xx).png</titleshot><thumbnail>~/../thumbs/Camputers - Lynx/Named_Boxarts/Panik (19xx).png</thumbnail><marquee>~/../thumbs/Camputers - Lynx/Named_Logos/Panik (19xx).png</marquee><hidden>true</hidden></game>
<game><path>./Camputers Lynx TAP/Panik (19xx)(Judd, M.D.)[b].zip</path><name>Panik (19xx)(Judd, M.D.)[b]</name><image>~/../thumbs/Camputers - Lynx/Named_Snaps/Panik (19xx).png</image><titleshot>~/../thumbs/Camputers - Lynx/Named_Titles/Panik (19xx).png</titleshot><thumbnail>~/../thumbs/Camputers - Lynx/Named_Boxarts/Panik (19xx).png</thumbnail><marquee>~/../thumbs/Camputers - Lynx/Named_Logos/Panik (19xx).png</marquee><hidden>true</hidden></game>
<game><path>./Camputers Lynx TAP/Pengo (1984)(Play It!).zip</path><name>Pengo (1984)(Play It!)</name><image>~/../thumbs/Camputers - Lynx/Named_Snaps/Pengo (1984).png</image><titleshot>~/../thumbs/Camputers - Lynx/Named_Titles/Pengo (1984).png</titleshot><thumbnail>~/../thumbs/Camputers - Lynx/Named_Boxarts/Pengo (1984).png</thumbnail><marquee>~/../thumbs/Camputers - Lynx/Named_Logos/Pengo (1984).png</marquee></game>
<game><path>./Camputers Lynx TAP/Play Your Cards Right (19xx)(-)(96K).zip</path><name>Play Your Cards Right (19xx)(-)(96K)</name><image>~/../thumbs/Camputers - Lynx/Named_Snaps/Play Your Cards Right (19xx).png</image><titleshot>~/../thumbs/Camputers - Lynx/Named_Titles/Play Your Cards Right (19xx).png</titleshot><thumbnail>~/../thumbs/Camputers - Lynx/Named_Boxarts/Play Your Cards Right (19xx).png</thumbnail><marquee>~/../thumbs/Camputers - Lynx/Named_Logos/Play Your Cards Right (19xx).png</marquee></game>
<game><path>./Camputers Lynx TAP/Pontoon (1983)(Gem Software)(48K-96K-128K)(GB).zip</path><name>Pontoon (1983)(Gem Software)(48K-96K-128K)(GB)</name><image>~/../thumbs/Camputers - Lynx/Named_Snaps/Pontoon (1983).png</image><titleshot>~/../thumbs/Camputers - Lynx/Named_Titles/Pontoon (1983).png</titleshot><thumbnail>~/../thumbs/Camputers - Lynx/Named_Boxarts/Pontoon (1983).png</thumbnail><marquee>~/../thumbs/Camputers - Lynx/Named_Logos/Pontoon (1983).png</marquee></game>
<game><path>./Camputers Lynx TAP/Power Blaster (1983)(Camsoft)(GB).zip</path><name>Power Blaster (1983)(Camsoft)(GB)</name><image>~/../thumbs/Camputers - Lynx/Named_Snaps/Power Blaster (1983).png</image><titleshot>~/../thumbs/Camputers - Lynx/Named_Titles/Power Blaster (1983).png</titleshot><thumbnail>~/../thumbs/Camputers - Lynx/Named_Boxarts/Power Blaster (1983).png</thumbnail><marquee>~/../thumbs/Camputers - Lynx/Named_Logos/Power Blaster (1983).png</marquee></game>
<game><path>./Camputers Lynx TAP/Quest (19xx)(-)[b].zip</path><name>Quest (19xx)(-)[b]</name><image>~/../thumbs/Camputers - Lynx/Named_Snaps/Quest (19xx).png</image><titleshot>~/../thumbs/Camputers - Lynx/Named_Titles/Quest (19xx).png</titleshot><thumbnail>~/../thumbs/Camputers - Lynx/Named_Boxarts/Quest (19xx).png</thumbnail><marquee>~/../thumbs/Camputers - Lynx/Named_Logos/Quest (19xx).png</marquee><hidden>true</hidden></game>
<game><path>./Camputers Lynx TAP/Racer (1983)(Camsoft)(GB).zip</path><name>Racer (1983)(Camsoft)(GB)</name><image>~/../thumbs/Camputers - Lynx/Named_Snaps/Racer (1983).png</image><titleshot>~/../thumbs/Camputers - Lynx/Named_Titles/Racer (1983).png</titleshot><thumbnail>~/../thumbs/Camputers - Lynx/Named_Boxarts/Racer (1983).png</thumbnail><marquee>~/../thumbs/Camputers - Lynx/Named_Logos/Racer (1983).png</marquee></game>
<game><path>./Camputers Lynx TAP/Reversi (1983)(Hunt, C.)(Tape 1 of 2)[loader].zip</path><name>Reversi (1983)(Hunt, C.)(Tape 1 of 2)[loader]</name><image>~/../thumbs/Camputers - Lynx/Named_Snaps/Reversi (1983).png</image><titleshot>~/../thumbs/Camputers - Lynx/Named_Titles/Reversi (1983).png</titleshot><thumbnail>~/../thumbs/Camputers - Lynx/Named_Boxarts/Reversi (1983).png</thumbnail><marquee>~/../thumbs/Camputers - Lynx/Named_Logos/Reversi (1983).png</marquee></game>
<game><path>./Camputers Lynx TAP/Reversi (1983)(Hunt, C.)(Tape 2 of 2)[game].zip</path><name>Reversi (1983)(Hunt, C.)(Tape 2 of 2)[game]</name><image>~/../thumbs/Camputers - Lynx/Named_Snaps/Reversi (1983).png</image><titleshot>~/../thumbs/Camputers - Lynx/Named_Titles/Reversi (1983).png</titleshot><thumbnail>~/../thumbs/Camputers - Lynx/Named_Boxarts/Reversi (1983).png</thumbnail><marquee>~/../thumbs/Camputers - Lynx/Named_Logos/Reversi (1983).png</marquee></game>
<game><path>./Camputers Lynx TAP/Reversi (1983)(Hunt, C.).zip</path><name>Reversi (1983)(Hunt, C.)</name><image>~/../thumbs/Camputers - Lynx/Named_Snaps/Reversi (1983).png</image><titleshot>~/../thumbs/Camputers - Lynx/Named_Titles/Reversi (1983).png</titleshot><thumbnail>~/../thumbs/Camputers - Lynx/Named_Boxarts/Reversi (1983).png</thumbnail><marquee>~/../thumbs/Camputers - Lynx/Named_Logos/Reversi (1983).png</marquee></game>
<game><path>./Camputers Lynx TAP/Scrablynx (1985)(Sauget, Alain)(96K)(FR).zip</path><name>Scrablynx (1985)(Sauget, Alain)(96K)(FR)</name><image>~/../thumbs/Camputers - Lynx/Named_Snaps/Scrablynx (1985).png</image><titleshot>~/../thumbs/Camputers - Lynx/Named_Titles/Scrablynx (1985).png</titleshot><thumbnail>~/../thumbs/Camputers - Lynx/Named_Boxarts/Scrablynx (1985).png</thumbnail><marquee>~/../thumbs/Camputers - Lynx/Named_Logos/Scrablynx (1985).png</marquee></game>
<game><path>./Camputers Lynx TAP/Shuriken (2023-10-25)(Caruso, Fabrizio).zip</path><name>Shuriken (2023-10-25)(Caruso, Fabrizio)</name><image>~/../thumbs/Camputers - Lynx/Named_Snaps/Shuriken (2023-10-25).png</image><titleshot>~/../thumbs/Camputers - Lynx/Named_Titles/Shuriken (2023-10-25).png</titleshot><thumbnail>~/../thumbs/Camputers - Lynx/Named_Boxarts/Shuriken (2023-10-25).png</thumbnail><marquee>~/../thumbs/Camputers - Lynx/Named_Logos/Shuriken (2023-10-25).png</marquee></game>
<game><path>./Camputers Lynx TAP/Snake (1983)(Hunt, C.).zip</path><name>Snake (1983)(Hunt, C.)</name><image>~/../thumbs/Camputers - Lynx/Named_Snaps/Snake (1983).png</image><titleshot>~/../thumbs/Camputers - Lynx/Named_Titles/Snake (1983).png</titleshot><thumbnail>~/../thumbs/Camputers - Lynx/Named_Boxarts/Snake (1983).png</thumbnail><marquee>~/../thumbs/Camputers - Lynx/Named_Logos/Snake (1983).png</marquee></game>
<game><path>./Camputers Lynx TAP/Snake (1983)(Hunt, C.)[a].zip</path><name>Snake (1983)(Hunt, C.)[a]</name><image>~/../thumbs/Camputers - Lynx/Named_Snaps/Snake (1983).png</image><titleshot>~/../thumbs/Camputers - Lynx/Named_Titles/Snake (1983).png</titleshot><thumbnail>~/../thumbs/Camputers - Lynx/Named_Boxarts/Snake (1983).png</thumbnail><marquee>~/../thumbs/Camputers - Lynx/Named_Logos/Snake (1983).png</marquee><hidden>true</hidden></game>
<game><path>./Camputers Lynx TAP/Space Trek (1983)(Quazar Computing)(GB).zip</path><name>Space Trek (1983)(Quazar Computing)(GB)</name><image>~/../thumbs/Camputers - Lynx/Named_Snaps/Space Trek (1983).png</image><titleshot>~/../thumbs/Camputers - Lynx/Named_Titles/Space Trek (1983).png</titleshot><thumbnail>~/../thumbs/Camputers - Lynx/Named_Boxarts/Space Trek (1983).png</thumbnail><marquee>~/../thumbs/Camputers - Lynx/Named_Logos/Space Trek (1983).png</marquee></game>
<game><path>./Camputers Lynx TAP/Star Rover (1983-06)(Lynx User)(48K-96K-128K).zip</path><name>Star Rover (1983-06)(Lynx User)(48K-96K-128K)</name><image>~/../thumbs/Camputers - Lynx/Named_Snaps/Star Rover (1983-06).png</image><titleshot>~/../thumbs/Camputers - Lynx/Named_Titles/Star Rover (1983-06).png</titleshot><thumbnail>~/../thumbs/Camputers - Lynx/Named_Boxarts/Star Rover (1983-06).png</thumbnail><marquee>~/../thumbs/Camputers - Lynx/Named_Logos/Star Rover (1983-06).png</marquee></game>
<game><path>./Camputers Lynx TAP/Stinger (2023-10-15)(Caruso, Fabrizio).zip</path><name>Stinger (2023-10-15)(Caruso, Fabrizio)</name><image>~/../thumbs/Camputers - Lynx/Named_Snaps/Stinger (2023-10-15).png</image><titleshot>~/../thumbs/Camputers - Lynx/Named_Titles/Stinger (2023-10-15).png</titleshot><thumbnail>~/../thumbs/Camputers - Lynx/Named_Boxarts/Stinger (2023-10-15).png</thumbnail><marquee>~/../thumbs/Camputers - Lynx/Named_Logos/Stinger (2023-10-15).png</marquee></game>
<game><path>./Camputers Lynx TAP/Stinger (2023-10-25)(Caruso, Fabrizio).zip</path><name>Stinger (2023-10-25)(Caruso, Fabrizio)</name><image>~/../thumbs/Camputers - Lynx/Named_Snaps/Stinger (2023-10-25).png</image><titleshot>~/../thumbs/Camputers - Lynx/Named_Titles/Stinger (2023-10-25).png</titleshot><thumbnail>~/../thumbs/Camputers - Lynx/Named_Boxarts/Stinger (2023-10-25).png</thumbnail><marquee>~/../thumbs/Camputers - Lynx/Named_Logos/Stinger (2023-10-25).png</marquee></game>
<game><path>./Camputers Lynx TAP/Treasure Island (1983)(Higgins, Neil)(Tape 1 of 2)[loader].zip</path><name>Treasure Island (1983)(Higgins, Neil)(Tape 1 of 2)[loader]</name><image>~/../thumbs/Camputers - Lynx/Named_Snaps/Treasure Island (1983).png</image><titleshot>~/../thumbs/Camputers - Lynx/Named_Titles/Treasure Island (1983).png</titleshot><thumbnail>~/../thumbs/Camputers - Lynx/Named_Boxarts/Treasure Island (1983).png</thumbnail><marquee>~/../thumbs/Camputers - Lynx/Named_Logos/Treasure Island (1983).png</marquee></game>
<game><path>./Camputers Lynx TAP/Treasure Island (1983)(Higgins, Neil)(Tape 2 of 2)[game].zip</path><name>Treasure Island (1983)(Higgins, Neil)(Tape 2 of 2)[game]</name><image>~/../thumbs/Camputers - Lynx/Named_Snaps/Treasure Island (1983).png</image><titleshot>~/../thumbs/Camputers - Lynx/Named_Titles/Treasure Island (1983).png</titleshot><thumbnail>~/../thumbs/Camputers - Lynx/Named_Boxarts/Treasure Island (1983).png</thumbnail><marquee>~/../thumbs/Camputers - Lynx/Named_Logos/Treasure Island (1983).png</marquee></game>
<game><path>./Camputers Lynx TAP/Tron Blocker (198x)(Sawyer, Stephen)(96K)(GB)(fr).zip</path><name>Tron Blocker (198x)(Sawyer, Stephen)(96K)(GB)(fr)</name><image>~/../thumbs/Camputers - Lynx/Named_Snaps/Tron Blocker (198x).png</image><titleshot>~/../thumbs/Camputers - Lynx/Named_Titles/Tron Blocker (198x).png</titleshot><thumbnail>~/../thumbs/Camputers - Lynx/Named_Boxarts/Tron Blocker (198x).png</thumbnail><marquee>~/../thumbs/Camputers - Lynx/Named_Logos/Tron Blocker (198x).png</marquee></game>
<game><path>./Camputers Lynx TAP/Twinkle (1983)(Gem Software).zip</path><name>Twinkle (1983)(Gem Software)</name><image>~/../thumbs/Camputers - Lynx/Named_Snaps/Twinkle (1983).png</image><titleshot>~/../thumbs/Camputers - Lynx/Named_Titles/Twinkle (1983).png</titleshot><thumbnail>~/../thumbs/Camputers - Lynx/Named_Boxarts/Twinkle (1983).png</thumbnail><marquee>~/../thumbs/Camputers - Lynx/Named_Logos/Twinkle (1983).png</marquee></game>
<game><path>./Camputers Lynx TAP/Worm, The (1983)(Quazar Computing)(96K)(GB)(fr).zip</path><name>Worm, The (1983)(Quazar Computing)(96K)(GB)(fr)</name><image>~/../thumbs/Camputers - Lynx/Named_Snaps/Worm, The (1983).png</image><titleshot>~/../thumbs/Camputers - Lynx/Named_Titles/Worm, The (1983).png</titleshot><thumbnail>~/../thumbs/Camputers - Lynx/Named_Boxarts/Worm, The (1983).png</thumbnail><marquee>~/../thumbs/Camputers - Lynx/Named_Logos/Worm, The (1983).png</marquee></game>
<game><path>./Camputers Lynx TAP/Worm, The (1983)(Quazar Computing)(GB).zip</path><name>Worm, The (1983)(Quazar Computing)(GB)</name><image>~/../thumbs/Camputers - Lynx/Named_Snaps/Worm, The (1983).png</image><titleshot>~/../thumbs/Camputers - Lynx/Named_Titles/Worm, The (1983).png</titleshot><thumbnail>~/../thumbs/Camputers - Lynx/Named_Boxarts/Worm, The (1983).png</thumbnail><marquee>~/../thumbs/Camputers - Lynx/Named_Logos/Worm, The (1983).png</marquee></game>
<game><path>./Camputers Lynx TAP/Zombie Panic (19xx)(-)(FR).zip</path><name>Zombie Panic (19xx)(-)(FR)</name><image>~/../thumbs/Camputers - Lynx/Named_Snaps/Zombie Panic (19xx).png</image><titleshot>~/../thumbs/Camputers - Lynx/Named_Titles/Zombie Panic (19xx).png</titleshot><thumbnail>~/../thumbs/Camputers - Lynx/Named_Boxarts/Zombie Panic (19xx).png</thumbnail><marquee>~/../thumbs/Camputers - Lynx/Named_Logos/Zombie Panic (19xx).png</marquee></game>
<folder><path>./Camputers Lynx TAP</path><name>Camputers Lynx TAP</name><image>~/../thumb/camplynx.png</image></folder>
</gameList>
