<gameList>
<game><path>./Bitcorp Gamate NoIntro/4 in 1 - Cube Up + Mini Golf + Vindicators + Brick Blaster (World).zip</path><name>4 in 1 - Cube Up + Mini Golf + Vindicators + Brick Blaster (World)</name><image>~/../thumbs/Bitcorp - Gamate/Named_Snaps/4 in 1 - Cube Up + Mini Golf + Vindicators + Brick Blaster (World).png</image><titleshot>~/../thumbs/Bitcorp - Gamate/Named_Titles/4 in 1 - Cube Up + Mini Golf + Vindicators + Brick Blaster (World).png</titleshot><thumbnail>~/../thumbs/Bitcorp - Gamate/Named_Boxarts/4 in 1 - Cube Up + Mini Golf + Vindicators + Brick Blaster (World).png</thumbnail><marquee>~/../thumbs/Bitcorp - Gamate/Named_Logos/4 in 1 - Cube Up + Mini Golf + Vindicators + Brick Blaster (World).png</marquee></game>
<game><path>./Bitcorp Gamate NoIntro/Bao Qing Tian (Taiwan).zip</path><name>Bao Qing Tian (Taiwan)</name><image>~/../thumbs/Bitcorp - Gamate/Named_Snaps/Bao Qing Tian (Taiwan).png</image><titleshot>~/../thumbs/Bitcorp - Gamate/Named_Titles/Bao Qing Tian (Taiwan).png</titleshot><thumbnail>~/../thumbs/Bitcorp - Gamate/Named_Boxarts/Bao Qing Tian (Taiwan).png</thumbnail><marquee>~/../thumbs/Bitcorp - Gamate/Named_Logos/Bao Qing Tian (Taiwan).png</marquee></game>
<game><path>./Bitcorp Gamate NoIntro/Baseball (World).zip</path><name>Baseball (World)</name><image>~/../thumbs/Bitcorp - Gamate/Named_Snaps/Baseball (World).png</image><titleshot>~/../thumbs/Bitcorp - Gamate/Named_Titles/Baseball (World).png</titleshot><thumbnail>~/../thumbs/Bitcorp - Gamate/Named_Boxarts/Baseball (World).png</thumbnail><marquee>~/../thumbs/Bitcorp - Gamate/Named_Logos/Baseball (World).png</marquee></game>
<game><path>./Bitcorp Gamate NoIntro/Basketball (World).zip</path><name>Basketball (World)</name><image>~/../thumbs/Bitcorp - Gamate/Named_Snaps/Basketball (World).png</image><titleshot>~/../thumbs/Bitcorp - Gamate/Named_Titles/Basketball (World).png</titleshot><thumbnail>~/../thumbs/Bitcorp - Gamate/Named_Boxarts/Basketball (World).png</thumbnail><marquee>~/../thumbs/Bitcorp - Gamate/Named_Logos/Basketball (World).png</marquee></game>
<game><path>./Bitcorp Gamate NoIntro/Bomb Blaster (World) (Alt).zip</path><name>Bomb Blaster (World) (Alt)</name><image>~/../thumbs/Bitcorp - Gamate/Named_Snaps/Bomb Blaster (World) (Alt).png</image><titleshot>~/../thumbs/Bitcorp - Gamate/Named_Titles/Bomb Blaster (World) (Alt).png</titleshot><thumbnail>~/../thumbs/Bitcorp - Gamate/Named_Boxarts/Bomb Blaster (World) (Alt).png</thumbnail><marquee>~/../thumbs/Bitcorp - Gamate/Named_Logos/Bomb Blaster (World) (Alt).png</marquee><hidden>true</hidden></game>
<game><path>./Bitcorp Gamate NoIntro/Bomb Blaster (World).zip</path><name>Bomb Blaster (World)</name><image>~/../thumbs/Bitcorp - Gamate/Named_Snaps/Bomb Blaster (World).png</image><titleshot>~/../thumbs/Bitcorp - Gamate/Named_Titles/Bomb Blaster (World).png</titleshot><thumbnail>~/../thumbs/Bitcorp - Gamate/Named_Boxarts/Bomb Blaster (World).png</thumbnail><marquee>~/../thumbs/Bitcorp - Gamate/Named_Logos/Bomb Blaster (World).png</marquee></game>
<game><path>./Bitcorp Gamate NoIntro/Boom! (World).zip</path><name>Boom! (World)</name><image>~/../thumbs/Bitcorp - Gamate/Named_Snaps/Boom! (World).png</image><titleshot>~/../thumbs/Bitcorp - Gamate/Named_Titles/Boom! (World).png</titleshot><thumbnail>~/../thumbs/Bitcorp - Gamate/Named_Boxarts/Boom! (World).png</thumbnail><marquee>~/../thumbs/Bitcorp - Gamate/Named_Logos/Boom! (World).png</marquee></game>
<game><path>./Bitcorp Gamate NoIntro/Box Forum (World).zip</path><name>Box Forum (World)</name><image>~/../thumbs/Bitcorp - Gamate/Named_Snaps/Box Forum (World).png</image><titleshot>~/../thumbs/Bitcorp - Gamate/Named_Titles/Box Forum (World).png</titleshot><thumbnail>~/../thumbs/Bitcorp - Gamate/Named_Boxarts/Box Forum (World).png</thumbnail><marquee>~/../thumbs/Bitcorp - Gamate/Named_Logos/Box Forum (World).png</marquee></game>
<game><path>./Bitcorp Gamate NoIntro/Brick Blaster (World).zip</path><name>Brick Blaster (World)</name><image>~/../thumbs/Bitcorp - Gamate/Named_Snaps/Brick Blaster (World).png</image><titleshot>~/../thumbs/Bitcorp - Gamate/Named_Titles/Brick Blaster (World).png</titleshot><thumbnail>~/../thumbs/Bitcorp - Gamate/Named_Boxarts/Brick Blaster (World).png</thumbnail><marquee>~/../thumbs/Bitcorp - Gamate/Named_Logos/Brick Blaster (World).png</marquee></game>
<game><path>./Bitcorp Gamate NoIntro/Cosmic Fighter (World).zip</path><name>Cosmic Fighter (World)</name><image>~/../thumbs/Bitcorp - Gamate/Named_Snaps/Cosmic Fighter (World).png</image><titleshot>~/../thumbs/Bitcorp - Gamate/Named_Titles/Cosmic Fighter (World).png</titleshot><thumbnail>~/../thumbs/Bitcorp - Gamate/Named_Boxarts/Cosmic Fighter (World).png</thumbnail><marquee>~/../thumbs/Bitcorp - Gamate/Named_Logos/Cosmic Fighter (World).png</marquee></game>
<game><path>./Bitcorp Gamate NoIntro/Cube Up (World).zip</path><name>Cube Up (World)</name><image>~/../thumbs/Bitcorp - Gamate/Named_Snaps/Cube Up (World).png</image><titleshot>~/../thumbs/Bitcorp - Gamate/Named_Titles/Cube Up (World).png</titleshot><thumbnail>~/../thumbs/Bitcorp - Gamate/Named_Boxarts/Cube Up (World).png</thumbnail><marquee>~/../thumbs/Bitcorp - Gamate/Named_Logos/Cube Up (World).png</marquee></game>
<game><path>./Bitcorp Gamate NoIntro/Devil Castle (World).zip</path><name>Devil Castle (World)</name><image>~/../thumbs/Bitcorp - Gamate/Named_Snaps/Devil Castle (World).png</image><titleshot>~/../thumbs/Bitcorp - Gamate/Named_Titles/Devil Castle (World).png</titleshot><thumbnail>~/../thumbs/Bitcorp - Gamate/Named_Boxarts/Devil Castle (World).png</thumbnail><marquee>~/../thumbs/Bitcorp - Gamate/Named_Logos/Devil Castle (World).png</marquee></game>
<game><path>./Bitcorp Gamate NoIntro/Dino Ball (World).zip</path><name>Dino Ball (World)</name><image>~/../thumbs/Bitcorp - Gamate/Named_Snaps/Dino Ball (World).png</image><titleshot>~/../thumbs/Bitcorp - Gamate/Named_Titles/Dino Ball (World).png</titleshot><thumbnail>~/../thumbs/Bitcorp - Gamate/Named_Boxarts/Dino Ball (World).png</thumbnail><marquee>~/../thumbs/Bitcorp - Gamate/Named_Logos/Dino Ball (World).png</marquee></game>
<game><path>./Bitcorp Gamate NoIntro/Dino Bibo (World).zip</path><name>Dino Bibo (World)</name><image>~/../thumbs/Bitcorp - Gamate/Named_Snaps/Dino Bibo (World).png</image><titleshot>~/../thumbs/Bitcorp - Gamate/Named_Titles/Dino Bibo (World).png</titleshot><thumbnail>~/../thumbs/Bitcorp - Gamate/Named_Boxarts/Dino Bibo (World).png</thumbnail><marquee>~/../thumbs/Bitcorp - Gamate/Named_Logos/Dino Bibo (World).png</marquee></game>
<game><path>./Bitcorp Gamate NoIntro/Dinosaur Park (World).zip</path><name>Dinosaur Park (World)</name><image>~/../thumbs/Bitcorp - Gamate/Named_Snaps/Dinosaur Park (World).png</image><titleshot>~/../thumbs/Bitcorp - Gamate/Named_Titles/Dinosaur Park (World).png</titleshot><thumbnail>~/../thumbs/Bitcorp - Gamate/Named_Boxarts/Dinosaur Park (World).png</thumbnail><marquee>~/../thumbs/Bitcorp - Gamate/Named_Logos/Dinosaur Park (World).png</marquee></game>
<game><path>./Bitcorp Gamate NoIntro/Enchanted Bricks (World).zip</path><name>Enchanted Bricks (World)</name><image>~/../thumbs/Bitcorp - Gamate/Named_Snaps/Enchanted Bricks (World).png</image><titleshot>~/../thumbs/Bitcorp - Gamate/Named_Titles/Enchanted Bricks (World).png</titleshot><thumbnail>~/../thumbs/Bitcorp - Gamate/Named_Boxarts/Enchanted Bricks (World).png</thumbnail><marquee>~/../thumbs/Bitcorp - Gamate/Named_Logos/Enchanted Bricks (World).png</marquee></game>
<game><path>./Bitcorp Gamate NoIntro/Famous 7 (World).zip</path><name>Famous 7 (World)</name><image>~/../thumbs/Bitcorp - Gamate/Named_Snaps/Famous 7 (World).png</image><titleshot>~/../thumbs/Bitcorp - Gamate/Named_Titles/Famous 7 (World).png</titleshot><thumbnail>~/../thumbs/Bitcorp - Gamate/Named_Boxarts/Famous 7 (World).png</thumbnail><marquee>~/../thumbs/Bitcorp - Gamate/Named_Logos/Famous 7 (World).png</marquee></game>
<game><path>./Bitcorp Gamate NoIntro/Fantasy Travel (World).zip</path><name>Fantasy Travel (World)</name><image>~/../thumbs/Bitcorp - Gamate/Named_Snaps/Fantasy Travel (World).png</image><titleshot>~/../thumbs/Bitcorp - Gamate/Named_Titles/Fantasy Travel (World).png</titleshot><thumbnail>~/../thumbs/Bitcorp - Gamate/Named_Boxarts/Fantasy Travel (World).png</thumbnail><marquee>~/../thumbs/Bitcorp - Gamate/Named_Logos/Fantasy Travel (World).png</marquee></game>
<game><path>./Bitcorp Gamate NoIntro/Fist of Thunder (World).zip</path><name>Fist of Thunder (World)</name><image>~/../thumbs/Bitcorp - Gamate/Named_Snaps/Fist of Thunder (World).png</image><titleshot>~/../thumbs/Bitcorp - Gamate/Named_Titles/Fist of Thunder (World).png</titleshot><thumbnail>~/../thumbs/Bitcorp - Gamate/Named_Boxarts/Fist of Thunder (World).png</thumbnail><marquee>~/../thumbs/Bitcorp - Gamate/Named_Logos/Fist of Thunder (World).png</marquee></game>
<game><path>./Bitcorp Gamate NoIntro/Flipuzzle (World).zip</path><name>Flipuzzle (World)</name><image>~/../thumbs/Bitcorp - Gamate/Named_Snaps/Flipuzzle (World).png</image><titleshot>~/../thumbs/Bitcorp - Gamate/Named_Titles/Flipuzzle (World).png</titleshot><thumbnail>~/../thumbs/Bitcorp - Gamate/Named_Boxarts/Flipuzzle (World).png</thumbnail><marquee>~/../thumbs/Bitcorp - Gamate/Named_Logos/Flipuzzle (World).png</marquee></game>
<game><path>./Bitcorp Gamate NoIntro/Flying Goblin (World).zip</path><name>Flying Goblin (World)</name><image>~/../thumbs/Bitcorp - Gamate/Named_Snaps/Flying Goblin (World).png</image><titleshot>~/../thumbs/Bitcorp - Gamate/Named_Titles/Flying Goblin (World).png</titleshot><thumbnail>~/../thumbs/Bitcorp - Gamate/Named_Boxarts/Flying Goblin (World).png</thumbnail><marquee>~/../thumbs/Bitcorp - Gamate/Named_Logos/Flying Goblin (World).png</marquee></game>
<game><path>./Bitcorp Gamate NoIntro/Fortress of Fierceness (World).zip</path><name>Fortress of Fierceness (World)</name><image>~/../thumbs/Bitcorp - Gamate/Named_Snaps/Fortress of Fierceness (World).png</image><titleshot>~/../thumbs/Bitcorp - Gamate/Named_Titles/Fortress of Fierceness (World).png</titleshot><thumbnail>~/../thumbs/Bitcorp - Gamate/Named_Boxarts/Fortress of Fierceness (World).png</thumbnail><marquee>~/../thumbs/Bitcorp - Gamate/Named_Logos/Fortress of Fierceness (World).png</marquee></game>
<game><path>./Bitcorp Gamate NoIntro/Fortune 'n Luck (World).zip</path><name>Fortune 'n Luck (World)</name><image>~/../thumbs/Bitcorp - Gamate/Named_Snaps/Fortune 'n Luck (World).png</image><titleshot>~/../thumbs/Bitcorp - Gamate/Named_Titles/Fortune 'n Luck (World).png</titleshot><thumbnail>~/../thumbs/Bitcorp - Gamate/Named_Boxarts/Fortune 'n Luck (World).png</thumbnail><marquee>~/../thumbs/Bitcorp - Gamate/Named_Logos/Fortune 'n Luck (World).png</marquee></game>
<game><path>./Bitcorp Gamate NoIntro/Further Adventures of Hannibal The Cat (World).zip</path><name>Further Adventures of Hannibal The Cat (World)</name><image>~/../thumbs/Bitcorp - Gamate/Named_Snaps/Further Adventures of Hannibal The Cat (World).png</image><titleshot>~/../thumbs/Bitcorp - Gamate/Named_Titles/Further Adventures of Hannibal The Cat (World).png</titleshot><thumbnail>~/../thumbs/Bitcorp - Gamate/Named_Boxarts/Further Adventures of Hannibal The Cat (World).png</thumbnail><marquee>~/../thumbs/Bitcorp - Gamate/Named_Logos/Further Adventures of Hannibal The Cat (World).png</marquee></game>
<game><path>./Bitcorp Gamate NoIntro/GP Race (World).zip</path><name>GP Race (World)</name><image>~/../thumbs/Bitcorp - Gamate/Named_Snaps/GP Race (World).png</image><titleshot>~/../thumbs/Bitcorp - Gamate/Named_Titles/GP Race (World).png</titleshot><thumbnail>~/../thumbs/Bitcorp - Gamate/Named_Boxarts/GP Race (World).png</thumbnail><marquee>~/../thumbs/Bitcorp - Gamate/Named_Logos/GP Race (World).png</marquee></game>
<game><path>./Bitcorp Gamate NoIntro/Galaxy Invaders (World).zip</path><name>Galaxy Invaders (World)</name><image>~/../thumbs/Bitcorp - Gamate/Named_Snaps/Galaxy Invaders (World).png</image><titleshot>~/../thumbs/Bitcorp - Gamate/Named_Titles/Galaxy Invaders (World).png</titleshot><thumbnail>~/../thumbs/Bitcorp - Gamate/Named_Boxarts/Galaxy Invaders (World).png</thumbnail><marquee>~/../thumbs/Bitcorp - Gamate/Named_Logos/Galaxy Invaders (World).png</marquee></game>
<game><path>./Bitcorp Gamate NoIntro/Golden Pyramid, The (World).zip</path><name>Golden Pyramid, The (World)</name><image>~/../thumbs/Bitcorp - Gamate/Named_Snaps/Golden Pyramid, The (World).png</image><titleshot>~/../thumbs/Bitcorp - Gamate/Named_Titles/Golden Pyramid, The (World).png</titleshot><thumbnail>~/../thumbs/Bitcorp - Gamate/Named_Boxarts/Golden Pyramid, The (World).png</thumbnail><marquee>~/../thumbs/Bitcorp - Gamate/Named_Logos/Golden Pyramid, The (World).png</marquee></game>
<game><path>./Bitcorp Gamate NoIntro/Hot Hero (World).zip</path><name>Hot Hero (World)</name><image>~/../thumbs/Bitcorp - Gamate/Named_Snaps/Hot Hero (World).png</image><titleshot>~/../thumbs/Bitcorp - Gamate/Named_Titles/Hot Hero (World).png</titleshot><thumbnail>~/../thumbs/Bitcorp - Gamate/Named_Boxarts/Hot Hero (World).png</thumbnail><marquee>~/../thumbs/Bitcorp - Gamate/Named_Logos/Hot Hero (World).png</marquee></game>
<game><path>./Bitcorp Gamate NoIntro/Incantational Couple (World).zip</path><name>Incantational Couple (World)</name><image>~/../thumbs/Bitcorp - Gamate/Named_Snaps/Incantational Couple (World).png</image><titleshot>~/../thumbs/Bitcorp - Gamate/Named_Titles/Incantational Couple (World).png</titleshot><thumbnail>~/../thumbs/Bitcorp - Gamate/Named_Boxarts/Incantational Couple (World).png</thumbnail><marquee>~/../thumbs/Bitcorp - Gamate/Named_Logos/Incantational Couple (World).png</marquee></game>
<game><path>./Bitcorp Gamate NoIntro/Insect War (World).zip</path><name>Insect War (World)</name><image>~/../thumbs/Bitcorp - Gamate/Named_Snaps/Insect War (World).png</image><titleshot>~/../thumbs/Bitcorp - Gamate/Named_Titles/Insect War (World).png</titleshot><thumbnail>~/../thumbs/Bitcorp - Gamate/Named_Boxarts/Insect War (World).png</thumbnail><marquee>~/../thumbs/Bitcorp - Gamate/Named_Logos/Insect War (World).png</marquee></game>
<game><path>./Bitcorp Gamate NoIntro/Jewelriss (World).zip</path><name>Jewelriss (World)</name><image>~/../thumbs/Bitcorp - Gamate/Named_Snaps/Jewelriss (World).png</image><titleshot>~/../thumbs/Bitcorp - Gamate/Named_Titles/Jewelriss (World).png</titleshot><thumbnail>~/../thumbs/Bitcorp - Gamate/Named_Boxarts/Jewelriss (World).png</thumbnail><marquee>~/../thumbs/Bitcorp - Gamate/Named_Logos/Jewelriss (World).png</marquee></game>
<game><path>./Bitcorp Gamate NoIntro/Kiki Inland (World).zip</path><name>Kiki Inland (World)</name><image>~/../thumbs/Bitcorp - Gamate/Named_Snaps/Kiki Inland (World).png</image><titleshot>~/../thumbs/Bitcorp - Gamate/Named_Titles/Kiki Inland (World).png</titleshot><thumbnail>~/../thumbs/Bitcorp - Gamate/Named_Boxarts/Kiki Inland (World).png</thumbnail><marquee>~/../thumbs/Bitcorp - Gamate/Named_Logos/Kiki Inland (World).png</marquee></game>
<game><path>./Bitcorp Gamate NoIntro/Kill Shot (World).zip</path><name>Kill Shot (World)</name><image>~/../thumbs/Bitcorp - Gamate/Named_Snaps/Kill Shot (World).png</image><titleshot>~/../thumbs/Bitcorp - Gamate/Named_Titles/Kill Shot (World).png</titleshot><thumbnail>~/../thumbs/Bitcorp - Gamate/Named_Boxarts/Kill Shot (World).png</thumbnail><marquee>~/../thumbs/Bitcorp - Gamate/Named_Logos/Kill Shot (World).png</marquee></game>
<game><path>./Bitcorp Gamate NoIntro/Kung-Fu Fighter (World).zip</path><name>Kung-Fu Fighter (World)</name><image>~/../thumbs/Bitcorp - Gamate/Named_Snaps/Kung-Fu Fighter (World).png</image><titleshot>~/../thumbs/Bitcorp - Gamate/Named_Titles/Kung-Fu Fighter (World).png</titleshot><thumbnail>~/../thumbs/Bitcorp - Gamate/Named_Boxarts/Kung-Fu Fighter (World).png</thumbnail><marquee>~/../thumbs/Bitcorp - Gamate/Named_Logos/Kung-Fu Fighter (World).png</marquee></game>
<game><path>./Bitcorp Gamate NoIntro/Legend of Dragon Knight (World).zip</path><name>Legend of Dragon Knight (World)</name><image>~/../thumbs/Bitcorp - Gamate/Named_Snaps/Legend of Dragon Knight (World).png</image><titleshot>~/../thumbs/Bitcorp - Gamate/Named_Titles/Legend of Dragon Knight (World).png</titleshot><thumbnail>~/../thumbs/Bitcorp - Gamate/Named_Boxarts/Legend of Dragon Knight (World).png</thumbnail><marquee>~/../thumbs/Bitcorp - Gamate/Named_Logos/Legend of Dragon Knight (World).png</marquee></game>
<game><path>./Bitcorp Gamate NoIntro/Magic Jigsaw (World).zip</path><name>Magic Jigsaw (World)</name><image>~/../thumbs/Bitcorp - Gamate/Named_Snaps/Magic Jigsaw (World).png</image><titleshot>~/../thumbs/Bitcorp - Gamate/Named_Titles/Magic Jigsaw (World).png</titleshot><thumbnail>~/../thumbs/Bitcorp - Gamate/Named_Boxarts/Magic Jigsaw (World).png</thumbnail><marquee>~/../thumbs/Bitcorp - Gamate/Named_Logos/Magic Jigsaw (World).png</marquee></game>
<game><path>./Bitcorp Gamate NoIntro/Marauder (World).zip</path><name>Marauder (World)</name><image>~/../thumbs/Bitcorp - Gamate/Named_Snaps/Marauder (World).png</image><titleshot>~/../thumbs/Bitcorp - Gamate/Named_Titles/Marauder (World).png</titleshot><thumbnail>~/../thumbs/Bitcorp - Gamate/Named_Boxarts/Marauder (World).png</thumbnail><marquee>~/../thumbs/Bitcorp - Gamate/Named_Logos/Marauder (World).png</marquee></game>
<game><path>./Bitcorp Gamate NoIntro/Mars Voyage (World).zip</path><name>Mars Voyage (World)</name><image>~/../thumbs/Bitcorp - Gamate/Named_Snaps/Mars Voyage (World).png</image><titleshot>~/../thumbs/Bitcorp - Gamate/Named_Titles/Mars Voyage (World).png</titleshot><thumbnail>~/../thumbs/Bitcorp - Gamate/Named_Boxarts/Mars Voyage (World).png</thumbnail><marquee>~/../thumbs/Bitcorp - Gamate/Named_Logos/Mars Voyage (World).png</marquee></game>
<game><path>./Bitcorp Gamate NoIntro/Mighty Boxer (World).zip</path><name>Mighty Boxer (World)</name><image>~/../thumbs/Bitcorp - Gamate/Named_Snaps/Mighty Boxer (World).png</image><titleshot>~/../thumbs/Bitcorp - Gamate/Named_Titles/Mighty Boxer (World).png</titleshot><thumbnail>~/../thumbs/Bitcorp - Gamate/Named_Boxarts/Mighty Boxer (World).png</thumbnail><marquee>~/../thumbs/Bitcorp - Gamate/Named_Logos/Mighty Boxer (World).png</marquee></game>
<game><path>./Bitcorp Gamate NoIntro/Mighty Tank (World).zip</path><name>Mighty Tank (World)</name><image>~/../thumbs/Bitcorp - Gamate/Named_Snaps/Mighty Tank (World).png</image><titleshot>~/../thumbs/Bitcorp - Gamate/Named_Titles/Mighty Tank (World).png</titleshot><thumbnail>~/../thumbs/Bitcorp - Gamate/Named_Boxarts/Mighty Tank (World).png</thumbnail><marquee>~/../thumbs/Bitcorp - Gamate/Named_Logos/Mighty Tank (World).png</marquee></game>
<game><path>./Bitcorp Gamate NoIntro/Mini Golf (World).zip</path><name>Mini Golf (World)</name><image>~/../thumbs/Bitcorp - Gamate/Named_Snaps/Mini Golf (World).png</image><titleshot>~/../thumbs/Bitcorp - Gamate/Named_Titles/Mini Golf (World).png</titleshot><thumbnail>~/../thumbs/Bitcorp - Gamate/Named_Boxarts/Mini Golf (World).png</thumbnail><marquee>~/../thumbs/Bitcorp - Gamate/Named_Logos/Mini Golf (World).png</marquee></game>
<game><path>./Bitcorp Gamate NoIntro/Money Maze (World).zip</path><name>Money Maze (World)</name><image>~/../thumbs/Bitcorp - Gamate/Named_Snaps/Money Maze (World).png</image><titleshot>~/../thumbs/Bitcorp - Gamate/Named_Titles/Money Maze (World).png</titleshot><thumbnail>~/../thumbs/Bitcorp - Gamate/Named_Boxarts/Money Maze (World).png</thumbnail><marquee>~/../thumbs/Bitcorp - Gamate/Named_Logos/Money Maze (World).png</marquee></game>
<game><path>./Bitcorp Gamate NoIntro/Monster Pitfall (World).zip</path><name>Monster Pitfall (World)</name><image>~/../thumbs/Bitcorp - Gamate/Named_Snaps/Monster Pitfall (World).png</image><titleshot>~/../thumbs/Bitcorp - Gamate/Named_Titles/Monster Pitfall (World).png</titleshot><thumbnail>~/../thumbs/Bitcorp - Gamate/Named_Boxarts/Monster Pitfall (World).png</thumbnail><marquee>~/../thumbs/Bitcorp - Gamate/Named_Logos/Monster Pitfall (World).png</marquee></game>
<game><path>./Bitcorp Gamate NoIntro/Myth of Asamia (World).zip</path><name>Myth of Asamia (World)</name><image>~/../thumbs/Bitcorp - Gamate/Named_Snaps/Myth of Asamia (World).png</image><titleshot>~/../thumbs/Bitcorp - Gamate/Named_Titles/Myth of Asamia (World).png</titleshot><thumbnail>~/../thumbs/Bitcorp - Gamate/Named_Boxarts/Myth of Asamia (World).png</thumbnail><marquee>~/../thumbs/Bitcorp - Gamate/Named_Logos/Myth of Asamia (World).png</marquee></game>
<game><path>./Bitcorp Gamate NoIntro/Nightmare of Santa Claus (World).zip</path><name>Nightmare of Santa Claus (World)</name><image>~/../thumbs/Bitcorp - Gamate/Named_Snaps/Nightmare of Santa Claus (World).png</image><titleshot>~/../thumbs/Bitcorp - Gamate/Named_Titles/Nightmare of Santa Claus (World).png</titleshot><thumbnail>~/../thumbs/Bitcorp - Gamate/Named_Boxarts/Nightmare of Santa Claus (World).png</thumbnail><marquee>~/../thumbs/Bitcorp - Gamate/Named_Logos/Nightmare of Santa Claus (World).png</marquee></game>
<game><path>./Bitcorp Gamate NoIntro/One Million Whys (World).zip</path><name>One Million Whys (World)</name><image>~/../thumbs/Bitcorp - Gamate/Named_Snaps/One Million Whys (World).png</image><titleshot>~/../thumbs/Bitcorp - Gamate/Named_Titles/One Million Whys (World).png</titleshot><thumbnail>~/../thumbs/Bitcorp - Gamate/Named_Boxarts/One Million Whys (World).png</thumbnail><marquee>~/../thumbs/Bitcorp - Gamate/Named_Logos/One Million Whys (World).png</marquee></game>
<game><path>./Bitcorp Gamate NoIntro/Pharaoh Revenger (World).zip</path><name>Pharaoh Revenger (World)</name><image>~/../thumbs/Bitcorp - Gamate/Named_Snaps/Pharaoh Revenger (World).png</image><titleshot>~/../thumbs/Bitcorp - Gamate/Named_Titles/Pharaoh Revenger (World).png</titleshot><thumbnail>~/../thumbs/Bitcorp - Gamate/Named_Boxarts/Pharaoh Revenger (World).png</thumbnail><marquee>~/../thumbs/Bitcorp - Gamate/Named_Logos/Pharaoh Revenger (World).png</marquee></game>
<game><path>./Bitcorp Gamate NoIntro/Pipemania (World).zip</path><name>Pipemania (World)</name><image>~/../thumbs/Bitcorp - Gamate/Named_Snaps/Pipemania (World).png</image><titleshot>~/../thumbs/Bitcorp - Gamate/Named_Titles/Pipemania (World).png</titleshot><thumbnail>~/../thumbs/Bitcorp - Gamate/Named_Boxarts/Pipemania (World).png</thumbnail><marquee>~/../thumbs/Bitcorp - Gamate/Named_Logos/Pipemania (World).png</marquee></game>
<game><path>./Bitcorp Gamate NoIntro/Punk Boy (World).zip</path><name>Punk Boy (World)</name><image>~/../thumbs/Bitcorp - Gamate/Named_Snaps/Punk Boy (World).png</image><titleshot>~/../thumbs/Bitcorp - Gamate/Named_Titles/Punk Boy (World).png</titleshot><thumbnail>~/../thumbs/Bitcorp - Gamate/Named_Boxarts/Punk Boy (World).png</thumbnail><marquee>~/../thumbs/Bitcorp - Gamate/Named_Logos/Punk Boy (World).png</marquee></game>
<game><path>./Bitcorp Gamate NoIntro/QuizFighter (World).zip</path><name>QuizFighter (World)</name><image>~/../thumbs/Bitcorp - Gamate/Named_Snaps/QuizFighter (World).png</image><titleshot>~/../thumbs/Bitcorp - Gamate/Named_Titles/QuizFighter (World).png</titleshot><thumbnail>~/../thumbs/Bitcorp - Gamate/Named_Boxarts/QuizFighter (World).png</thumbnail><marquee>~/../thumbs/Bitcorp - Gamate/Named_Logos/QuizFighter (World).png</marquee></game>
<game><path>./Bitcorp Gamate NoIntro/Riddle of the Ancient Tomb (World).zip</path><name>Riddle of the Ancient Tomb (World)</name><image>~/../thumbs/Bitcorp - Gamate/Named_Snaps/Riddle of the Ancient Tomb (World).png</image><titleshot>~/../thumbs/Bitcorp - Gamate/Named_Titles/Riddle of the Ancient Tomb (World).png</titleshot><thumbnail>~/../thumbs/Bitcorp - Gamate/Named_Boxarts/Riddle of the Ancient Tomb (World).png</thumbnail><marquee>~/../thumbs/Bitcorp - Gamate/Named_Logos/Riddle of the Ancient Tomb (World).png</marquee></game>
<game><path>./Bitcorp Gamate NoIntro/Robin Hood (World).zip</path><name>Robin Hood (World)</name><image>~/../thumbs/Bitcorp - Gamate/Named_Snaps/Robin Hood (World).png</image><titleshot>~/../thumbs/Bitcorp - Gamate/Named_Titles/Robin Hood (World).png</titleshot><thumbnail>~/../thumbs/Bitcorp - Gamate/Named_Boxarts/Robin Hood (World).png</thumbnail><marquee>~/../thumbs/Bitcorp - Gamate/Named_Logos/Robin Hood (World).png</marquee></game>
<game><path>./Bitcorp Gamate NoIntro/Snowman Legend (World).zip</path><name>Snowman Legend (World)</name><image>~/../thumbs/Bitcorp - Gamate/Named_Snaps/Snowman Legend (World).png</image><titleshot>~/../thumbs/Bitcorp - Gamate/Named_Titles/Snowman Legend (World).png</titleshot><thumbnail>~/../thumbs/Bitcorp - Gamate/Named_Boxarts/Snowman Legend (World).png</thumbnail><marquee>~/../thumbs/Bitcorp - Gamate/Named_Logos/Snowman Legend (World).png</marquee></game>
<game><path>./Bitcorp Gamate NoIntro/Tennis (World).zip</path><name>Tennis (World)</name><image>~/../thumbs/Bitcorp - Gamate/Named_Snaps/Tennis (World).png</image><titleshot>~/../thumbs/Bitcorp - Gamate/Named_Titles/Tennis (World).png</titleshot><thumbnail>~/../thumbs/Bitcorp - Gamate/Named_Boxarts/Tennis (World).png</thumbnail><marquee>~/../thumbs/Bitcorp - Gamate/Named_Logos/Tennis (World).png</marquee></game>
<game><path>./Bitcorp Gamate NoIntro/Time Warrior (World).zip</path><name>Time Warrior (World)</name><image>~/../thumbs/Bitcorp - Gamate/Named_Snaps/Time Warrior (World).png</image><titleshot>~/../thumbs/Bitcorp - Gamate/Named_Titles/Time Warrior (World).png</titleshot><thumbnail>~/../thumbs/Bitcorp - Gamate/Named_Boxarts/Time Warrior (World).png</thumbnail><marquee>~/../thumbs/Bitcorp - Gamate/Named_Logos/Time Warrior (World).png</marquee></game>
<game><path>./Bitcorp Gamate NoIntro/Tornado (World).zip</path><name>Tornado (World)</name><image>~/../thumbs/Bitcorp - Gamate/Named_Snaps/Tornado (World).png</image><titleshot>~/../thumbs/Bitcorp - Gamate/Named_Titles/Tornado (World).png</titleshot><thumbnail>~/../thumbs/Bitcorp - Gamate/Named_Boxarts/Tornado (World).png</thumbnail><marquee>~/../thumbs/Bitcorp - Gamate/Named_Logos/Tornado (World).png</marquee></game>
<game><path>./Bitcorp Gamate NoIntro/Tough Guy (World).zip</path><name>Tough Guy (World)</name><image>~/../thumbs/Bitcorp - Gamate/Named_Snaps/Tough Guy (World).png</image><titleshot>~/../thumbs/Bitcorp - Gamate/Named_Titles/Tough Guy (World).png</titleshot><thumbnail>~/../thumbs/Bitcorp - Gamate/Named_Boxarts/Tough Guy (World).png</thumbnail><marquee>~/../thumbs/Bitcorp - Gamate/Named_Logos/Tough Guy (World).png</marquee></game>
<game><path>./Bitcorp Gamate NoIntro/Treasure Hunter (World).zip</path><name>Treasure Hunter (World)</name><image>~/../thumbs/Bitcorp - Gamate/Named_Snaps/Treasure Hunter (World).png</image><titleshot>~/../thumbs/Bitcorp - Gamate/Named_Titles/Treasure Hunter (World).png</titleshot><thumbnail>~/../thumbs/Bitcorp - Gamate/Named_Boxarts/Treasure Hunter (World).png</thumbnail><marquee>~/../thumbs/Bitcorp - Gamate/Named_Logos/Treasure Hunter (World).png</marquee></game>
<game><path>./Bitcorp Gamate NoIntro/Vindicators (World).zip</path><name>Vindicators (World)</name><image>~/../thumbs/Bitcorp - Gamate/Named_Snaps/Vindicators (World).png</image><titleshot>~/../thumbs/Bitcorp - Gamate/Named_Titles/Vindicators (World).png</titleshot><thumbnail>~/../thumbs/Bitcorp - Gamate/Named_Boxarts/Vindicators (World).png</thumbnail><marquee>~/../thumbs/Bitcorp - Gamate/Named_Logos/Vindicators (World).png</marquee></game>
<game><path>./Bitcorp Gamate NoIntro/Volcano Panic (World).zip</path><name>Volcano Panic (World)</name><image>~/../thumbs/Bitcorp - Gamate/Named_Snaps/Volcano Panic (World).png</image><titleshot>~/../thumbs/Bitcorp - Gamate/Named_Titles/Volcano Panic (World).png</titleshot><thumbnail>~/../thumbs/Bitcorp - Gamate/Named_Boxarts/Volcano Panic (World).png</thumbnail><marquee>~/../thumbs/Bitcorp - Gamate/Named_Logos/Volcano Panic (World).png</marquee></game>
<game><path>./Bitcorp Gamate NoIntro/Witty Apee (World).zip</path><name>Witty Apee (World)</name><image>~/../thumbs/Bitcorp - Gamate/Named_Snaps/Witty Apee (World).png</image><titleshot>~/../thumbs/Bitcorp - Gamate/Named_Titles/Witty Apee (World).png</titleshot><thumbnail>~/../thumbs/Bitcorp - Gamate/Named_Boxarts/Witty Apee (World).png</thumbnail><marquee>~/../thumbs/Bitcorp - Gamate/Named_Logos/Witty Apee (World).png</marquee></game>
<game><path>./Bitcorp Gamate NoIntro/World Cup Soccer (World).zip</path><name>World Cup Soccer (World)</name><image>~/../thumbs/Bitcorp - Gamate/Named_Snaps/World Cup Soccer (World).png</image><titleshot>~/../thumbs/Bitcorp - Gamate/Named_Titles/World Cup Soccer (World).png</titleshot><thumbnail>~/../thumbs/Bitcorp - Gamate/Named_Boxarts/World Cup Soccer (World).png</thumbnail><marquee>~/../thumbs/Bitcorp - Gamate/Named_Logos/World Cup Soccer (World).png</marquee></game>
<game><path>./Bitcorp Gamate NoIntro/[BIOS] Gamate (World) (Rev 1).zip</path><name>[BIOS] Gamate (World) (Rev 1)</name><image>~/../thumbs/Bitcorp - Gamate/Named_Snaps/[BIOS] Gamate (World) (Rev 1).png</image><titleshot>~/../thumbs/Bitcorp - Gamate/Named_Titles/[BIOS] Gamate (World) (Rev 1).png</titleshot><thumbnail>~/../thumbs/Bitcorp - Gamate/Named_Boxarts/[BIOS] Gamate (World) (Rev 1).png</thumbnail><marquee>~/../thumbs/Bitcorp - Gamate/Named_Logos/[BIOS] Gamate (World) (Rev 1).png</marquee><hidden>true</hidden></game>
<game><path>./Bitcorp Gamate NoIntro/[BIOS] Gamate (World).zip</path><name>[BIOS] Gamate (World)</name><image>~/../thumbs/Bitcorp - Gamate/Named_Snaps/[BIOS] Gamate (World).png</image><titleshot>~/../thumbs/Bitcorp - Gamate/Named_Titles/[BIOS] Gamate (World).png</titleshot><thumbnail>~/../thumbs/Bitcorp - Gamate/Named_Boxarts/[BIOS] Gamate (World).png</thumbnail><marquee>~/../thumbs/Bitcorp - Gamate/Named_Logos/[BIOS] Gamate (World).png</marquee><hidden>true</hidden></game>
<folder><path>./Bitcorp Gamate NoIntro</path><name>Bitcorp Gamate NoIntro</name><image>~/../thumb/gamate.png</image></folder>
<game><path>./Bitcorp Gamate TOSEC//home/runner/rom/TOSEC/Bit Corporation/Gamate/Games/Bit Corporation Gamate - Games.zip</path><name>/home/runner/rom/TOSEC/Bit Corporation/Gamate/Games/Bit Corporation Gamate - Games</name><image>~/../thumbs/Bitcorp - Gamate/Named_Snaps//home/runner/rom/TOSEC/Bit Corporation/Gamate/Games/Bit Corporation Gamate - Games.png</image><titleshot>~/../thumbs/Bitcorp - Gamate/Named_Titles//home/runner/rom/TOSEC/Bit Corporation/Gamate/Games/Bit Corporation Gamate - Games.png</titleshot><thumbnail>~/../thumbs/Bitcorp - Gamate/Named_Boxarts//home/runner/rom/TOSEC/Bit Corporation/Gamate/Games/Bit Corporation Gamate - Games.png</thumbnail><marquee>~/../thumbs/Bitcorp - Gamate/Named_Logos//home/runner/rom/TOSEC/Bit Corporation/Gamate/Games/Bit Corporation Gamate - Games.png</marquee></game>
<folder><path>./Bitcorp Gamate TOSEC</path><name>Bitcorp Gamate TOSEC</name><image>~/../thumb/gamate.png</image></folder>
</gameList>
