<gameList>
<game><path>./GamePark GP32 NoIntro/Astonishia Story R (Korea).zip</path><name>Astonishia Story R (Korea)</name><image>~/../thumbs/GamePark - GP32/Named_Snaps/Astonishia Story R (Korea).png</image><titleshot>~/../thumbs/GamePark - GP32/Named_Titles/Astonishia Story R (Korea).png</titleshot><thumbnail>~/../thumbs/GamePark - GP32/Named_Boxarts/Astonishia Story R (Korea).png</thumbnail><marquee>~/../thumbs/GamePark - GP32/Named_Logos/Astonishia Story R (Korea).png</marquee></game>
<game><path>./GamePark GP32 NoIntro/Blue Angelo - Angels from the Shrine (Europe) (En,Fr,De,Es,It,Pt).zip</path><name>Blue Angelo - Angels from the Shrine (Europe) (En,Fr,De,Es,It,Pt)</name><image>~/../thumbs/GamePark - GP32/Named_Snaps/Blue Angelo - Angels from the Shrine (Europe) (En,Fr,De,Es,It,Pt).png</image><titleshot>~/../thumbs/GamePark - GP32/Named_Titles/Blue Angelo - Angels from the Shrine (Europe) (En,Fr,De,Es,It,Pt).png</titleshot><thumbnail>~/../thumbs/GamePark - GP32/Named_Boxarts/Blue Angelo - Angels from the Shrine (Europe) (En,Fr,De,Es,It,Pt).png</thumbnail><marquee>~/../thumbs/GamePark - GP32/Named_Logos/Blue Angelo - Angels from the Shrine (Europe) (En,Fr,De,Es,It,Pt).png</marquee></game>
<game><path>./GamePark GP32 NoIntro/Dooly Soccer 2002 (Korea).zip</path><name>Dooly Soccer 2002 (Korea)</name><image>~/../thumbs/GamePark - GP32/Named_Snaps/Dooly Soccer 2002 (Korea).png</image><titleshot>~/../thumbs/GamePark - GP32/Named_Titles/Dooly Soccer 2002 (Korea).png</titleshot><thumbnail>~/../thumbs/GamePark - GP32/Named_Boxarts/Dooly Soccer 2002 (Korea).png</thumbnail><marquee>~/../thumbs/GamePark - GP32/Named_Logos/Dooly Soccer 2002 (Korea).png</marquee></game>
<game><path>./GamePark GP32 NoIntro/Dungeon & Guarder - Dragon Gore (Europe).zip</path><name>Dungeon & Guarder - Dragon Gore (Europe)</name><image>~/../thumbs/GamePark - GP32/Named_Snaps/Dungeon & Guarder - Dragon Gore (Europe).png</image><titleshot>~/../thumbs/GamePark - GP32/Named_Titles/Dungeon & Guarder - Dragon Gore (Europe).png</titleshot><thumbnail>~/../thumbs/GamePark - GP32/Named_Boxarts/Dungeon & Guarder - Dragon Gore (Europe).png</thumbnail><marquee>~/../thumbs/GamePark - GP32/Named_Logos/Dungeon & Guarder - Dragon Gore (Europe).png</marquee></game>
<game><path>./GamePark GP32 NoIntro/Dungeon & Guarder - Dragon Gore (Korea) (En).zip</path><name>Dungeon & Guarder - Dragon Gore (Korea) (En)</name><image>~/../thumbs/GamePark - GP32/Named_Snaps/Dungeon & Guarder - Dragon Gore (Korea) (En).png</image><titleshot>~/../thumbs/GamePark - GP32/Named_Titles/Dungeon & Guarder - Dragon Gore (Korea) (En).png</titleshot><thumbnail>~/../thumbs/GamePark - GP32/Named_Boxarts/Dungeon & Guarder - Dragon Gore (Korea) (En).png</thumbnail><marquee>~/../thumbs/GamePark - GP32/Named_Logos/Dungeon & Guarder - Dragon Gore (Korea) (En).png</marquee></game>
<game><path>./GamePark GP32 NoIntro/Dyhard - With Infinite Stairs (Europe).zip</path><name>Dyhard - With Infinite Stairs (Europe)</name><image>~/../thumbs/GamePark - GP32/Named_Snaps/Dyhard - With Infinite Stairs (Europe).png</image><titleshot>~/../thumbs/GamePark - GP32/Named_Titles/Dyhard - With Infinite Stairs (Europe).png</titleshot><thumbnail>~/../thumbs/GamePark - GP32/Named_Boxarts/Dyhard - With Infinite Stairs (Europe).png</thumbnail><marquee>~/../thumbs/GamePark - GP32/Named_Logos/Dyhard - With Infinite Stairs (Europe).png</marquee></game>
<game><path>./GamePark GP32 NoIntro/Dyhard - With Infinite Stairs (Korea).zip</path><name>Dyhard - With Infinite Stairs (Korea)</name><image>~/../thumbs/GamePark - GP32/Named_Snaps/Dyhard - With Infinite Stairs (Korea).png</image><titleshot>~/../thumbs/GamePark - GP32/Named_Titles/Dyhard - With Infinite Stairs (Korea).png</titleshot><thumbnail>~/../thumbs/GamePark - GP32/Named_Boxarts/Dyhard - With Infinite Stairs (Korea).png</thumbnail><marquee>~/../thumbs/GamePark - GP32/Named_Logos/Dyhard - With Infinite Stairs (Korea).png</marquee></game>
<game><path>./GamePark GP32 NoIntro/GP Fight (Korea).zip</path><name>GP Fight (Korea)</name><image>~/../thumbs/GamePark - GP32/Named_Snaps/GP Fight (Korea).png</image><titleshot>~/../thumbs/GamePark - GP32/Named_Titles/GP Fight (Korea).png</titleshot><thumbnail>~/../thumbs/GamePark - GP32/Named_Boxarts/GP Fight (Korea).png</thumbnail><marquee>~/../thumbs/GamePark - GP32/Named_Logos/GP Fight (Korea).png</marquee></game>
<game><path>./GamePark GP32 NoIntro/Hany Party Game (Korea).zip</path><name>Hany Party Game (Korea)</name><image>~/../thumbs/GamePark - GP32/Named_Snaps/Hany Party Game (Korea).png</image><titleshot>~/../thumbs/GamePark - GP32/Named_Titles/Hany Party Game (Korea).png</titleshot><thumbnail>~/../thumbs/GamePark - GP32/Named_Boxarts/Hany Party Game (Korea).png</thumbnail><marquee>~/../thumbs/GamePark - GP32/Named_Logos/Hany Party Game (Korea).png</marquee></game>
<game><path>./GamePark GP32 NoIntro/Her Knights - All for Princess - Deadline (Korea).zip</path><name>Her Knights - All for Princess - Deadline (Korea)</name><image>~/../thumbs/GamePark - GP32/Named_Snaps/Her Knights - All for Princess - Deadline (Korea).png</image><titleshot>~/../thumbs/GamePark - GP32/Named_Titles/Her Knights - All for Princess - Deadline (Korea).png</titleshot><thumbnail>~/../thumbs/GamePark - GP32/Named_Boxarts/Her Knights - All for Princess - Deadline (Korea).png</thumbnail><marquee>~/../thumbs/GamePark - GP32/Named_Logos/Her Knights - All for Princess - Deadline (Korea).png</marquee></game>
<game><path>./GamePark GP32 NoIntro/Her Knights - All for the Princess (Europe).zip</path><name>Her Knights - All for the Princess (Europe)</name><image>~/../thumbs/GamePark - GP32/Named_Snaps/Her Knights - All for the Princess (Europe).png</image><titleshot>~/../thumbs/GamePark - GP32/Named_Titles/Her Knights - All for the Princess (Europe).png</titleshot><thumbnail>~/../thumbs/GamePark - GP32/Named_Boxarts/Her Knights - All for the Princess (Europe).png</thumbnail><marquee>~/../thumbs/GamePark - GP32/Named_Logos/Her Knights - All for the Princess (Europe).png</marquee></game>
<game><path>./GamePark GP32 NoIntro/Kimchiman GP32 (Korea).zip</path><name>Kimchiman GP32 (Korea)</name><image>~/../thumbs/GamePark - GP32/Named_Snaps/Kimchiman GP32 (Korea).png</image><titleshot>~/../thumbs/GamePark - GP32/Named_Titles/Kimchiman GP32 (Korea).png</titleshot><thumbnail>~/../thumbs/GamePark - GP32/Named_Boxarts/Kimchiman GP32 (Korea).png</thumbnail><marquee>~/../thumbs/GamePark - GP32/Named_Logos/Kimchiman GP32 (Korea).png</marquee></game>
<game><path>./GamePark GP32 NoIntro/Little Girl Mill of a Gingko, The (Korea).zip</path><name>Little Girl Mill of a Gingko, The (Korea)</name><image>~/../thumbs/GamePark - GP32/Named_Snaps/Little Girl Mill of a Gingko, The (Korea).png</image><titleshot>~/../thumbs/GamePark - GP32/Named_Titles/Little Girl Mill of a Gingko, The (Korea).png</titleshot><thumbnail>~/../thumbs/GamePark - GP32/Named_Boxarts/Little Girl Mill of a Gingko, The (Korea).png</thumbnail><marquee>~/../thumbs/GamePark - GP32/Named_Logos/Little Girl Mill of a Gingko, The (Korea).png</marquee></game>
<game><path>./GamePark GP32 NoIntro/Little Wizard (Europe).zip</path><name>Little Wizard (Europe)</name><image>~/../thumbs/GamePark - GP32/Named_Snaps/Little Wizard (Europe).png</image><titleshot>~/../thumbs/GamePark - GP32/Named_Titles/Little Wizard (Europe).png</titleshot><thumbnail>~/../thumbs/GamePark - GP32/Named_Boxarts/Little Wizard (Europe).png</thumbnail><marquee>~/../thumbs/GamePark - GP32/Named_Logos/Little Wizard (Europe).png</marquee></game>
<game><path>./GamePark GP32 NoIntro/Little Wizard (Korea).zip</path><name>Little Wizard (Korea)</name><image>~/../thumbs/GamePark - GP32/Named_Snaps/Little Wizard (Korea).png</image><titleshot>~/../thumbs/GamePark - GP32/Named_Titles/Little Wizard (Korea).png</titleshot><thumbnail>~/../thumbs/GamePark - GP32/Named_Boxarts/Little Wizard (Korea).png</thumbnail><marquee>~/../thumbs/GamePark - GP32/Named_Logos/Little Wizard (Korea).png</marquee></game>
<game><path>./GamePark GP32 NoIntro/OneShot Voca (Korea).zip</path><name>OneShot Voca (Korea)</name><image>~/../thumbs/GamePark - GP32/Named_Snaps/OneShot Voca (Korea).png</image><titleshot>~/../thumbs/GamePark - GP32/Named_Titles/OneShot Voca (Korea).png</titleshot><thumbnail>~/../thumbs/GamePark - GP32/Named_Boxarts/OneShot Voca (Korea).png</thumbnail><marquee>~/../thumbs/GamePark - GP32/Named_Logos/OneShot Voca (Korea).png</marquee></game>
<game><path>./GamePark GP32 NoIntro/Princess Maker 2 (Korea).zip</path><name>Princess Maker 2 (Korea)</name><image>~/../thumbs/GamePark - GP32/Named_Snaps/Princess Maker 2 (Korea).png</image><titleshot>~/../thumbs/GamePark - GP32/Named_Titles/Princess Maker 2 (Korea).png</titleshot><thumbnail>~/../thumbs/GamePark - GP32/Named_Boxarts/Princess Maker 2 (Korea).png</thumbnail><marquee>~/../thumbs/GamePark - GP32/Named_Logos/Princess Maker 2 (Korea).png</marquee></game>
<game><path>./GamePark GP32 NoIntro/Rally Pop (Korea).zip</path><name>Rally Pop (Korea)</name><image>~/../thumbs/GamePark - GP32/Named_Snaps/Rally Pop (Korea).png</image><titleshot>~/../thumbs/GamePark - GP32/Named_Titles/Rally Pop (Korea).png</titleshot><thumbnail>~/../thumbs/GamePark - GP32/Named_Boxarts/Rally Pop (Korea).png</thumbnail><marquee>~/../thumbs/GamePark - GP32/Named_Logos/Rally Pop (Korea).png</marquee></game>
<game><path>./GamePark GP32 NoIntro/Raphael (Korea).zip</path><name>Raphael (Korea)</name><image>~/../thumbs/GamePark - GP32/Named_Snaps/Raphael (Korea).png</image><titleshot>~/../thumbs/GamePark - GP32/Named_Titles/Raphael (Korea).png</titleshot><thumbnail>~/../thumbs/GamePark - GP32/Named_Boxarts/Raphael (Korea).png</thumbnail><marquee>~/../thumbs/GamePark - GP32/Named_Logos/Raphael (Korea).png</marquee></game>
<game><path>./GamePark GP32 NoIntro/Tanggle's Magic Square (Korea).zip</path><name>Tanggle's Magic Square (Korea)</name><image>~/../thumbs/GamePark - GP32/Named_Snaps/Tanggle's Magic Square (Korea).png</image><titleshot>~/../thumbs/GamePark - GP32/Named_Titles/Tanggle's Magic Square (Korea).png</titleshot><thumbnail>~/../thumbs/GamePark - GP32/Named_Boxarts/Tanggle's Magic Square (Korea).png</thumbnail><marquee>~/../thumbs/GamePark - GP32/Named_Logos/Tanggle's Magic Square (Korea).png</marquee></game>
<game><path>./GamePark GP32 NoIntro/Therapy (Korea).zip</path><name>Therapy (Korea)</name><image>~/../thumbs/GamePark - GP32/Named_Snaps/Therapy (Korea).png</image><titleshot>~/../thumbs/GamePark - GP32/Named_Titles/Therapy (Korea).png</titleshot><thumbnail>~/../thumbs/GamePark - GP32/Named_Boxarts/Therapy (Korea).png</thumbnail><marquee>~/../thumbs/GamePark - GP32/Named_Logos/Therapy (Korea).png</marquee></game>
<game><path>./GamePark GP32 NoIntro/Tomak - Save the Earth, Again (Europe) (v1.0).zip</path><name>Tomak - Save the Earth, Again (Europe) (v1.0)</name><image>~/../thumbs/GamePark - GP32/Named_Snaps/Tomak - Save the Earth, Again (Europe) (v1.0).png</image><titleshot>~/../thumbs/GamePark - GP32/Named_Titles/Tomak - Save the Earth, Again (Europe) (v1.0).png</titleshot><thumbnail>~/../thumbs/GamePark - GP32/Named_Boxarts/Tomak - Save the Earth, Again (Europe) (v1.0).png</thumbnail><marquee>~/../thumbs/GamePark - GP32/Named_Logos/Tomak - Save the Earth, Again (Europe) (v1.0).png</marquee></game>
<game><path>./GamePark GP32 NoIntro/Tomak - Save the Earth, Again (Europe) (v2.0).zip</path><name>Tomak - Save the Earth, Again (Europe) (v2.0)</name><image>~/../thumbs/GamePark - GP32/Named_Snaps/Tomak - Save the Earth, Again (Europe) (v2.0).png</image><titleshot>~/../thumbs/GamePark - GP32/Named_Titles/Tomak - Save the Earth, Again (Europe) (v2.0).png</titleshot><thumbnail>~/../thumbs/GamePark - GP32/Named_Boxarts/Tomak - Save the Earth, Again (Europe) (v2.0).png</thumbnail><marquee>~/../thumbs/GamePark - GP32/Named_Logos/Tomak - Save the Earth, Again (Europe) (v2.0).png</marquee></game>
<game><path>./GamePark GP32 NoIntro/Tomak - Save the Earth, Again (Korea).zip</path><name>Tomak - Save the Earth, Again (Korea)</name><image>~/../thumbs/GamePark - GP32/Named_Snaps/Tomak - Save the Earth, Again (Korea).png</image><titleshot>~/../thumbs/GamePark - GP32/Named_Titles/Tomak - Save the Earth, Again (Korea).png</titleshot><thumbnail>~/../thumbs/GamePark - GP32/Named_Boxarts/Tomak - Save the Earth, Again (Korea).png</thumbnail><marquee>~/../thumbs/GamePark - GP32/Named_Logos/Tomak - Save the Earth, Again (Korea).png</marquee></game>
<game><path>./GamePark GP32 NoIntro/W.B.W. - Wanna Be Wizard! (Korea).zip</path><name>W.B.W. - Wanna Be Wizard! (Korea)</name><image>~/../thumbs/GamePark - GP32/Named_Snaps/W.B.W. - Wanna Be Wizard! (Korea).png</image><titleshot>~/../thumbs/GamePark - GP32/Named_Titles/W.B.W. - Wanna Be Wizard! (Korea).png</titleshot><thumbnail>~/../thumbs/GamePark - GP32/Named_Boxarts/W.B.W. - Wanna Be Wizard! (Korea).png</thumbnail><marquee>~/../thumbs/GamePark - GP32/Named_Logos/W.B.W. - Wanna Be Wizard! (Korea).png</marquee></game>
<game><path>./GamePark GP32 NoIntro/Wizard Slayer (Korea).zip</path><name>Wizard Slayer (Korea)</name><image>~/../thumbs/GamePark - GP32/Named_Snaps/Wizard Slayer (Korea).png</image><titleshot>~/../thumbs/GamePark - GP32/Named_Titles/Wizard Slayer (Korea).png</titleshot><thumbnail>~/../thumbs/GamePark - GP32/Named_Boxarts/Wizard Slayer (Korea).png</thumbnail><marquee>~/../thumbs/GamePark - GP32/Named_Logos/Wizard Slayer (Korea).png</marquee></game>
<game><path>./GamePark GP32 NoIntro/Woody & Kunta - Treasure Island (Europe).zip</path><name>Woody & Kunta - Treasure Island (Europe)</name><image>~/../thumbs/GamePark - GP32/Named_Snaps/Woody & Kunta - Treasure Island (Europe).png</image><titleshot>~/../thumbs/GamePark - GP32/Named_Titles/Woody & Kunta - Treasure Island (Europe).png</titleshot><thumbnail>~/../thumbs/GamePark - GP32/Named_Boxarts/Woody & Kunta - Treasure Island (Europe).png</thumbnail><marquee>~/../thumbs/GamePark - GP32/Named_Logos/Woody & Kunta - Treasure Island (Europe).png</marquee></game>
<game><path>./GamePark GP32 NoIntro/Woody & Kunta - Treasure Island (Korea).zip</path><name>Woody & Kunta - Treasure Island (Korea)</name><image>~/../thumbs/GamePark - GP32/Named_Snaps/Woody & Kunta - Treasure Island (Korea).png</image><titleshot>~/../thumbs/GamePark - GP32/Named_Titles/Woody & Kunta - Treasure Island (Korea).png</titleshot><thumbnail>~/../thumbs/GamePark - GP32/Named_Boxarts/Woody & Kunta - Treasure Island (Korea).png</thumbnail><marquee>~/../thumbs/GamePark - GP32/Named_Logos/Woody & Kunta - Treasure Island (Korea).png</marquee></game>
<game><path>./GamePark GP32 NoIntro/[BIOS] GamePark GP32 (Europe) (v1.5.7).zip</path><name>[BIOS] GamePark GP32 (Europe) (v1.5.7)</name><image>~/../thumbs/GamePark - GP32/Named_Snaps/[BIOS] GamePark GP32 (Europe) (v1.5.7).png</image><titleshot>~/../thumbs/GamePark - GP32/Named_Titles/[BIOS] GamePark GP32 (Europe) (v1.5.7).png</titleshot><thumbnail>~/../thumbs/GamePark - GP32/Named_Boxarts/[BIOS] GamePark GP32 (Europe) (v1.5.7).png</thumbnail><marquee>~/../thumbs/GamePark - GP32/Named_Logos/[BIOS] GamePark GP32 (Europe) (v1.5.7).png</marquee><hidden>true</hidden></game>
<game><path>./GamePark GP32 NoIntro/[BIOS] GamePark GP32 (Europe) (v1.6.6) (2003-05-21).zip</path><name>[BIOS] GamePark GP32 (Europe) (v1.6.6) (2003-05-21)</name><image>~/../thumbs/GamePark - GP32/Named_Snaps/[BIOS] GamePark GP32 (Europe) (v1.6.6) (2003-05-21).png</image><titleshot>~/../thumbs/GamePark - GP32/Named_Titles/[BIOS] GamePark GP32 (Europe) (v1.6.6) (2003-05-21).png</titleshot><thumbnail>~/../thumbs/GamePark - GP32/Named_Boxarts/[BIOS] GamePark GP32 (Europe) (v1.6.6) (2003-05-21).png</thumbnail><marquee>~/../thumbs/GamePark - GP32/Named_Logos/[BIOS] GamePark GP32 (Europe) (v1.6.6) (2003-05-21).png</marquee><hidden>true</hidden></game>
<game><path>./GamePark GP32 NoIntro/[BIOS] GamePark GP32 (Europe) (v1.6.6) (2004-10-10).zip</path><name>[BIOS] GamePark GP32 (Europe) (v1.6.6) (2004-10-10)</name><image>~/../thumbs/GamePark - GP32/Named_Snaps/[BIOS] GamePark GP32 (Europe) (v1.6.6) (2004-10-10).png</image><titleshot>~/../thumbs/GamePark - GP32/Named_Titles/[BIOS] GamePark GP32 (Europe) (v1.6.6) (2004-10-10).png</titleshot><thumbnail>~/../thumbs/GamePark - GP32/Named_Boxarts/[BIOS] GamePark GP32 (Europe) (v1.6.6) (2004-10-10).png</thumbnail><marquee>~/../thumbs/GamePark - GP32/Named_Logos/[BIOS] GamePark GP32 (Europe) (v1.6.6) (2004-10-10).png</marquee><hidden>true</hidden></game>
<game><path>./GamePark GP32 NoIntro/[BIOS] GamePark GP32 (Europe) (v1.6.6) (Beta).zip</path><name>[BIOS] GamePark GP32 (Europe) (v1.6.6) (Beta)</name><image>~/../thumbs/GamePark - GP32/Named_Snaps/[BIOS] GamePark GP32 (Europe) (v1.6.6) (Beta).png</image><titleshot>~/../thumbs/GamePark - GP32/Named_Titles/[BIOS] GamePark GP32 (Europe) (v1.6.6) (Beta).png</titleshot><thumbnail>~/../thumbs/GamePark - GP32/Named_Boxarts/[BIOS] GamePark GP32 (Europe) (v1.6.6) (Beta).png</thumbnail><marquee>~/../thumbs/GamePark - GP32/Named_Logos/[BIOS] GamePark GP32 (Europe) (v1.6.6) (Beta).png</marquee><hidden>true</hidden></game>
<game><path>./GamePark GP32 NoIntro/[BIOS] GamePark GP32 (Europe) (v1.6.6).zip</path><name>[BIOS] GamePark GP32 (Europe) (v1.6.6)</name><image>~/../thumbs/GamePark - GP32/Named_Snaps/[BIOS] GamePark GP32 (Europe) (v1.6.6).png</image><titleshot>~/../thumbs/GamePark - GP32/Named_Titles/[BIOS] GamePark GP32 (Europe) (v1.6.6).png</titleshot><thumbnail>~/../thumbs/GamePark - GP32/Named_Boxarts/[BIOS] GamePark GP32 (Europe) (v1.6.6).png</thumbnail><marquee>~/../thumbs/GamePark - GP32/Named_Logos/[BIOS] GamePark GP32 (Europe) (v1.6.6).png</marquee><hidden>true</hidden></game>
<game><path>./GamePark GP32 NoIntro/[BIOS] GamePark GP32 (Korea) (v1.0.0).zip</path><name>[BIOS] GamePark GP32 (Korea) (v1.0.0)</name><image>~/../thumbs/GamePark - GP32/Named_Snaps/[BIOS] GamePark GP32 (Korea) (v1.0.0).png</image><titleshot>~/../thumbs/GamePark - GP32/Named_Titles/[BIOS] GamePark GP32 (Korea) (v1.0.0).png</titleshot><thumbnail>~/../thumbs/GamePark - GP32/Named_Boxarts/[BIOS] GamePark GP32 (Korea) (v1.0.0).png</thumbnail><marquee>~/../thumbs/GamePark - GP32/Named_Logos/[BIOS] GamePark GP32 (Korea) (v1.0.0).png</marquee><hidden>true</hidden></game>
<game><path>./GamePark GP32 NoIntro/[BIOS] GamePark GP32 (Korea) (v1.5.6).zip</path><name>[BIOS] GamePark GP32 (Korea) (v1.5.6)</name><image>~/../thumbs/GamePark - GP32/Named_Snaps/[BIOS] GamePark GP32 (Korea) (v1.5.6).png</image><titleshot>~/../thumbs/GamePark - GP32/Named_Titles/[BIOS] GamePark GP32 (Korea) (v1.5.6).png</titleshot><thumbnail>~/../thumbs/GamePark - GP32/Named_Boxarts/[BIOS] GamePark GP32 (Korea) (v1.5.6).png</thumbnail><marquee>~/../thumbs/GamePark - GP32/Named_Logos/[BIOS] GamePark GP32 (Korea) (v1.5.6).png</marquee><hidden>true</hidden></game>
<folder><path>./GamePark GP32 NoIntro</path><name>GamePark GP32 NoIntro</name><image>~/../thumb/gp32.png</image></folder>
<game><path>./GamePark GP32 TOSEC/Again ~ Tomak Jiguleul Jikyeola, Again (2002)(Gamepark)(KR).zip</path><name>Again ~ Tomak Jiguleul Jikyeola, Again (2002)(Gamepark)(KR)</name><image>~/../thumbs/GamePark - GP32/Named_Snaps/Again ~ Tomak Jiguleul Jikyeola, Again (2002)(Gamepark)(KR).png</image><titleshot>~/../thumbs/GamePark - GP32/Named_Titles/Again ~ Tomak Jiguleul Jikyeola, Again (2002)(Gamepark)(KR).png</titleshot><thumbnail>~/../thumbs/GamePark - GP32/Named_Boxarts/Again ~ Tomak Jiguleul Jikyeola, Again (2002)(Gamepark)(KR).png</thumbnail><marquee>~/../thumbs/GamePark - GP32/Named_Logos/Again ~ Tomak Jiguleul Jikyeola, Again (2002)(Gamepark)(KR).png</marquee></game>
<game><path>./GamePark GP32 TOSEC/Astonishia Story R (2002)(Gamepark)(KR).zip</path><name>Astonishia Story R (2002)(Gamepark)(KR)</name><image>~/../thumbs/GamePark - GP32/Named_Snaps/Astonishia Story R (2002)(Gamepark)(KR).png</image><titleshot>~/../thumbs/GamePark - GP32/Named_Titles/Astonishia Story R (2002)(Gamepark)(KR).png</titleshot><thumbnail>~/../thumbs/GamePark - GP32/Named_Boxarts/Astonishia Story R (2002)(Gamepark)(KR).png</thumbnail><marquee>~/../thumbs/GamePark - GP32/Named_Logos/Astonishia Story R (2002)(Gamepark)(KR).png</marquee></game>
<game><path>./GamePark GP32 TOSEC/Blue Angelo - Angels from the Shrine (2005)(Shibuya Interactive)(EU)(M6).zip</path><name>Blue Angelo - Angels from the Shrine (2005)(Shibuya Interactive)(EU)(M6)</name><image>~/../thumbs/GamePark - GP32/Named_Snaps/Blue Angelo - Angels from the Shrine (2005)(Shibuya Interactive)(EU)(M6).png</image><titleshot>~/../thumbs/GamePark - GP32/Named_Titles/Blue Angelo - Angels from the Shrine (2005)(Shibuya Interactive)(EU)(M6).png</titleshot><thumbnail>~/../thumbs/GamePark - GP32/Named_Boxarts/Blue Angelo - Angels from the Shrine (2005)(Shibuya Interactive)(EU)(M6).png</thumbnail><marquee>~/../thumbs/GamePark - GP32/Named_Logos/Blue Angelo - Angels from the Shrine (2005)(Shibuya Interactive)(EU)(M6).png</marquee></game>
<game><path>./GamePark GP32 TOSEC/Dooly Soccer 2002 (2002)(Gamepark)(KR).zip</path><name>Dooly Soccer 2002 (2002)(Gamepark)(KR)</name><image>~/../thumbs/GamePark - GP32/Named_Snaps/Dooly Soccer 2002 (2002)(Gamepark)(KR).png</image><titleshot>~/../thumbs/GamePark - GP32/Named_Titles/Dooly Soccer 2002 (2002)(Gamepark)(KR).png</titleshot><thumbnail>~/../thumbs/GamePark - GP32/Named_Boxarts/Dooly Soccer 2002 (2002)(Gamepark)(KR).png</thumbnail><marquee>~/../thumbs/GamePark - GP32/Named_Logos/Dooly Soccer 2002 (2002)(Gamepark)(KR).png</marquee></game>
<game><path>./GamePark GP32 TOSEC/Dungeon & Guarder - Dragon Gore (2001)(Gamepark)(EU).zip</path><name>Dungeon & Guarder - Dragon Gore (2001)(Gamepark)(EU)</name><image>~/../thumbs/GamePark - GP32/Named_Snaps/Dungeon & Guarder - Dragon Gore (2001)(Gamepark)(EU).png</image><titleshot>~/../thumbs/GamePark - GP32/Named_Titles/Dungeon & Guarder - Dragon Gore (2001)(Gamepark)(EU).png</titleshot><thumbnail>~/../thumbs/GamePark - GP32/Named_Boxarts/Dungeon & Guarder - Dragon Gore (2001)(Gamepark)(EU).png</thumbnail><marquee>~/../thumbs/GamePark - GP32/Named_Logos/Dungeon & Guarder - Dragon Gore (2001)(Gamepark)(EU).png</marquee></game>
<game><path>./GamePark GP32 TOSEC/Dungeon & Guarder - Dragon Gore (2001)(Gamepark)(KR).zip</path><name>Dungeon & Guarder - Dragon Gore (2001)(Gamepark)(KR)</name><image>~/../thumbs/GamePark - GP32/Named_Snaps/Dungeon & Guarder - Dragon Gore (2001)(Gamepark)(KR).png</image><titleshot>~/../thumbs/GamePark - GP32/Named_Titles/Dungeon & Guarder - Dragon Gore (2001)(Gamepark)(KR).png</titleshot><thumbnail>~/../thumbs/GamePark - GP32/Named_Boxarts/Dungeon & Guarder - Dragon Gore (2001)(Gamepark)(KR).png</thumbnail><marquee>~/../thumbs/GamePark - GP32/Named_Logos/Dungeon & Guarder - Dragon Gore (2001)(Gamepark)(KR).png</marquee></game>
<game><path>./GamePark GP32 TOSEC/Dyhard - Infinity (2001)(Gamepark)(EU).zip</path><name>Dyhard - Infinity (2001)(Gamepark)(EU)</name><image>~/../thumbs/GamePark - GP32/Named_Snaps/Dyhard - Infinity (2001)(Gamepark)(EU).png</image><titleshot>~/../thumbs/GamePark - GP32/Named_Titles/Dyhard - Infinity (2001)(Gamepark)(EU).png</titleshot><thumbnail>~/../thumbs/GamePark - GP32/Named_Boxarts/Dyhard - Infinity (2001)(Gamepark)(EU).png</thumbnail><marquee>~/../thumbs/GamePark - GP32/Named_Logos/Dyhard - Infinity (2001)(Gamepark)(EU).png</marquee></game>
<game><path>./GamePark GP32 TOSEC/Dyhard - Infinity (2001)(Gamepark)(KR).zip</path><name>Dyhard - Infinity (2001)(Gamepark)(KR)</name><image>~/../thumbs/GamePark - GP32/Named_Snaps/Dyhard - Infinity (2001)(Gamepark)(KR).png</image><titleshot>~/../thumbs/GamePark - GP32/Named_Titles/Dyhard - Infinity (2001)(Gamepark)(KR).png</titleshot><thumbnail>~/../thumbs/GamePark - GP32/Named_Boxarts/Dyhard - Infinity (2001)(Gamepark)(KR).png</thumbnail><marquee>~/../thumbs/GamePark - GP32/Named_Logos/Dyhard - Infinity (2001)(Gamepark)(KR).png</marquee></game>
<game><path>./GamePark GP32 TOSEC/Dynamate v2.0 (2003-03-25)(Flavor)(FW).zip</path><name>Dynamate v2.0 (2003-03-25)(Flavor)(FW)</name><image>~/../thumbs/GamePark - GP32/Named_Snaps/Dynamate v2.0 (2003-03-25)(Flavor)(FW).png</image><titleshot>~/../thumbs/GamePark - GP32/Named_Titles/Dynamate v2.0 (2003-03-25)(Flavor)(FW).png</titleshot><thumbnail>~/../thumbs/GamePark - GP32/Named_Boxarts/Dynamate v2.0 (2003-03-25)(Flavor)(FW).png</thumbnail><marquee>~/../thumbs/GamePark - GP32/Named_Logos/Dynamate v2.0 (2003-03-25)(Flavor)(FW).png</marquee></game>
<game><path>./GamePark GP32 TOSEC/Eunhaengnamu Sonyeo Mil (2003)(Gamepark)(KR).zip</path><name>Eunhaengnamu Sonyeo Mil (2003)(Gamepark)(KR)</name><image>~/../thumbs/GamePark - GP32/Named_Snaps/Eunhaengnamu Sonyeo Mil (2003)(Gamepark)(KR).png</image><titleshot>~/../thumbs/GamePark - GP32/Named_Titles/Eunhaengnamu Sonyeo Mil (2003)(Gamepark)(KR).png</titleshot><thumbnail>~/../thumbs/GamePark - GP32/Named_Boxarts/Eunhaengnamu Sonyeo Mil (2003)(Gamepark)(KR).png</thumbnail><marquee>~/../thumbs/GamePark - GP32/Named_Logos/Eunhaengnamu Sonyeo Mil (2003)(Gamepark)(KR).png</marquee></game>
<game><path>./GamePark GP32 TOSEC/Funny Soccer 2002 (2002)(Gamepark).zip</path><name>Funny Soccer 2002 (2002)(Gamepark)</name><image>~/../thumbs/GamePark - GP32/Named_Snaps/Funny Soccer 2002 (2002)(Gamepark).png</image><titleshot>~/../thumbs/GamePark - GP32/Named_Titles/Funny Soccer 2002 (2002)(Gamepark).png</titleshot><thumbnail>~/../thumbs/GamePark - GP32/Named_Boxarts/Funny Soccer 2002 (2002)(Gamepark).png</thumbnail><marquee>~/../thumbs/GamePark - GP32/Named_Logos/Funny Soccer 2002 (2002)(Gamepark).png</marquee></game>
<game><path>./GamePark GP32 TOSEC/GP Daenantu - GP!!! Dairantou (2003)(Gamepark)(KR).zip</path><name>GP Daenantu - GP!!! Dairantou (2003)(Gamepark)(KR)</name><image>~/../thumbs/GamePark - GP32/Named_Snaps/GP Daenantu - GP!!! Dairantou (2003)(Gamepark)(KR).png</image><titleshot>~/../thumbs/GamePark - GP32/Named_Titles/GP Daenantu - GP!!! Dairantou (2003)(Gamepark)(KR).png</titleshot><thumbnail>~/../thumbs/GamePark - GP32/Named_Boxarts/GP Daenantu - GP!!! Dairantou (2003)(Gamepark)(KR).png</thumbnail><marquee>~/../thumbs/GamePark - GP32/Named_Logos/GP Daenantu - GP!!! Dairantou (2003)(Gamepark)(KR).png</marquee></game>
<game><path>./GamePark GP32 TOSEC/Geunyeoui Gisadan Ganghaengdolpa (2002)(Gamepark)(KR).zip</path><name>Geunyeoui Gisadan Ganghaengdolpa (2002)(Gamepark)(KR)</name><image>~/../thumbs/GamePark - GP32/Named_Snaps/Geunyeoui Gisadan Ganghaengdolpa (2002)(Gamepark)(KR).png</image><titleshot>~/../thumbs/GamePark - GP32/Named_Titles/Geunyeoui Gisadan Ganghaengdolpa (2002)(Gamepark)(KR).png</titleshot><thumbnail>~/../thumbs/GamePark - GP32/Named_Boxarts/Geunyeoui Gisadan Ganghaengdolpa (2002)(Gamepark)(KR).png</thumbnail><marquee>~/../thumbs/GamePark - GP32/Named_Logos/Geunyeoui Gisadan Ganghaengdolpa (2002)(Gamepark)(KR).png</marquee></game>
<game><path>./GamePark GP32 TOSEC/GlooP Deluxe (2003)(Aeon Flame)(EU).zip</path><name>GlooP Deluxe (2003)(Aeon Flame)(EU)</name><image>~/../thumbs/GamePark - GP32/Named_Snaps/GlooP Deluxe (2003)(Aeon Flame)(EU).png</image><titleshot>~/../thumbs/GamePark - GP32/Named_Titles/GlooP Deluxe (2003)(Aeon Flame)(EU).png</titleshot><thumbnail>~/../thumbs/GamePark - GP32/Named_Boxarts/GlooP Deluxe (2003)(Aeon Flame)(EU).png</thumbnail><marquee>~/../thumbs/GamePark - GP32/Named_Logos/GlooP Deluxe (2003)(Aeon Flame)(EU).png</marquee></game>
<game><path>./GamePark GP32 TOSEC/Hany Party Game (2002)(Gamepark)(KR).zip</path><name>Hany Party Game (2002)(Gamepark)(KR)</name><image>~/../thumbs/GamePark - GP32/Named_Snaps/Hany Party Game (2002)(Gamepark)(KR).png</image><titleshot>~/../thumbs/GamePark - GP32/Named_Titles/Hany Party Game (2002)(Gamepark)(KR).png</titleshot><thumbnail>~/../thumbs/GamePark - GP32/Named_Boxarts/Hany Party Game (2002)(Gamepark)(KR).png</thumbnail><marquee>~/../thumbs/GamePark - GP32/Named_Logos/Hany Party Game (2002)(Gamepark)(KR).png</marquee></game>
<game><path>./GamePark GP32 TOSEC/Her Knights - All for the Princess (2002)(Gamepark)(EU).zip</path><name>Her Knights - All for the Princess (2002)(Gamepark)(EU)</name><image>~/../thumbs/GamePark - GP32/Named_Snaps/Her Knights - All for the Princess (2002)(Gamepark)(EU).png</image><titleshot>~/../thumbs/GamePark - GP32/Named_Titles/Her Knights - All for the Princess (2002)(Gamepark)(EU).png</titleshot><thumbnail>~/../thumbs/GamePark - GP32/Named_Boxarts/Her Knights - All for the Princess (2002)(Gamepark)(EU).png</thumbnail><marquee>~/../thumbs/GamePark - GP32/Named_Logos/Her Knights - All for the Princess (2002)(Gamepark)(EU).png</marquee></game>
<game><path>./GamePark GP32 TOSEC/Holeman Battle Race 2002 (2002)(MoongKle)(KR).zip</path><name>Holeman Battle Race 2002 (2002)(MoongKle)(KR)</name><image>~/../thumbs/GamePark - GP32/Named_Snaps/Holeman Battle Race 2002 (2002)(MoongKle)(KR).png</image><titleshot>~/../thumbs/GamePark - GP32/Named_Titles/Holeman Battle Race 2002 (2002)(MoongKle)(KR).png</titleshot><thumbnail>~/../thumbs/GamePark - GP32/Named_Boxarts/Holeman Battle Race 2002 (2002)(MoongKle)(KR).png</thumbnail><marquee>~/../thumbs/GamePark - GP32/Named_Logos/Holeman Battle Race 2002 (2002)(MoongKle)(KR).png</marquee></game>
<game><path>./GamePark GP32 TOSEC/Kimchiman GP32 (2002)(Gamepark)(KR).zip</path><name>Kimchiman GP32 (2002)(Gamepark)(KR)</name><image>~/../thumbs/GamePark - GP32/Named_Snaps/Kimchiman GP32 (2002)(Gamepark)(KR).png</image><titleshot>~/../thumbs/GamePark - GP32/Named_Titles/Kimchiman GP32 (2002)(Gamepark)(KR).png</titleshot><thumbnail>~/../thumbs/GamePark - GP32/Named_Boxarts/Kimchiman GP32 (2002)(Gamepark)(KR).png</thumbnail><marquee>~/../thumbs/GamePark - GP32/Named_Logos/Kimchiman GP32 (2002)(Gamepark)(KR).png</marquee></game>
<game><path>./GamePark GP32 TOSEC/Little Wizard (2001)(Gamepark)(EU).zip</path><name>Little Wizard (2001)(Gamepark)(EU)</name><image>~/../thumbs/GamePark - GP32/Named_Snaps/Little Wizard (2001)(Gamepark)(EU).png</image><titleshot>~/../thumbs/GamePark - GP32/Named_Titles/Little Wizard (2001)(Gamepark)(EU).png</titleshot><thumbnail>~/../thumbs/GamePark - GP32/Named_Boxarts/Little Wizard (2001)(Gamepark)(EU).png</thumbnail><marquee>~/../thumbs/GamePark - GP32/Named_Logos/Little Wizard (2001)(Gamepark)(EU).png</marquee></game>
<game><path>./GamePark GP32 TOSEC/Little Wizard (2001)(Gamepark)(KR).zip</path><name>Little Wizard (2001)(Gamepark)(KR)</name><image>~/../thumbs/GamePark - GP32/Named_Snaps/Little Wizard (2001)(Gamepark)(KR).png</image><titleshot>~/../thumbs/GamePark - GP32/Named_Titles/Little Wizard (2001)(Gamepark)(KR).png</titleshot><thumbnail>~/../thumbs/GamePark - GP32/Named_Boxarts/Little Wizard (2001)(Gamepark)(KR).png</thumbnail><marquee>~/../thumbs/GamePark - GP32/Named_Logos/Little Wizard (2001)(Gamepark)(KR).png</marquee></game>
<game><path>./GamePark GP32 TOSEC/One-Shot VOCA (2002)(Gamepark)(KR).zip</path><name>One-Shot VOCA (2002)(Gamepark)(KR)</name><image>~/../thumbs/GamePark - GP32/Named_Snaps/One-Shot VOCA (2002)(Gamepark)(KR).png</image><titleshot>~/../thumbs/GamePark - GP32/Named_Titles/One-Shot VOCA (2002)(Gamepark)(KR).png</titleshot><thumbnail>~/../thumbs/GamePark - GP32/Named_Boxarts/One-Shot VOCA (2002)(Gamepark)(KR).png</thumbnail><marquee>~/../thumbs/GamePark - GP32/Named_Logos/One-Shot VOCA (2002)(Gamepark)(KR).png</marquee></game>
<game><path>./GamePark GP32 TOSEC/Pinball Dreams (2002)(Gamepark)(EU).zip</path><name>Pinball Dreams (2002)(Gamepark)(EU)</name><image>~/../thumbs/GamePark - GP32/Named_Snaps/Pinball Dreams (2002)(Gamepark)(EU).png</image><titleshot>~/../thumbs/GamePark - GP32/Named_Titles/Pinball Dreams (2002)(Gamepark)(EU).png</titleshot><thumbnail>~/../thumbs/GamePark - GP32/Named_Boxarts/Pinball Dreams (2002)(Gamepark)(EU).png</thumbnail><marquee>~/../thumbs/GamePark - GP32/Named_Logos/Pinball Dreams (2002)(Gamepark)(EU).png</marquee></game>
<game><path>./GamePark GP32 TOSEC/Princess Maker 2 (2002)(Gamepark)(KR).zip</path><name>Princess Maker 2 (2002)(Gamepark)(KR)</name><image>~/../thumbs/GamePark - GP32/Named_Snaps/Princess Maker 2 (2002)(Gamepark)(KR).png</image><titleshot>~/../thumbs/GamePark - GP32/Named_Titles/Princess Maker 2 (2002)(Gamepark)(KR).png</titleshot><thumbnail>~/../thumbs/GamePark - GP32/Named_Boxarts/Princess Maker 2 (2002)(Gamepark)(KR).png</thumbnail><marquee>~/../thumbs/GamePark - GP32/Named_Logos/Princess Maker 2 (2002)(Gamepark)(KR).png</marquee></game>
<game><path>./GamePark GP32 TOSEC/Rally Pop (2001)(Gamepark)(KR).zip</path><name>Rally Pop (2001)(Gamepark)(KR)</name><image>~/../thumbs/GamePark - GP32/Named_Snaps/Rally Pop (2001)(Gamepark)(KR).png</image><titleshot>~/../thumbs/GamePark - GP32/Named_Titles/Rally Pop (2001)(Gamepark)(KR).png</titleshot><thumbnail>~/../thumbs/GamePark - GP32/Named_Boxarts/Rally Pop (2001)(Gamepark)(KR).png</thumbnail><marquee>~/../thumbs/GamePark - GP32/Named_Logos/Rally Pop (2001)(Gamepark)(KR).png</marquee></game>
<game><path>./GamePark GP32 TOSEC/Raphael (2002)(Gamepark)(KR).zip</path><name>Raphael (2002)(Gamepark)(KR)</name><image>~/../thumbs/GamePark - GP32/Named_Snaps/Raphael (2002)(Gamepark)(KR).png</image><titleshot>~/../thumbs/GamePark - GP32/Named_Titles/Raphael (2002)(Gamepark)(KR).png</titleshot><thumbnail>~/../thumbs/GamePark - GP32/Named_Boxarts/Raphael (2002)(Gamepark)(KR).png</thumbnail><marquee>~/../thumbs/GamePark - GP32/Named_Logos/Raphael (2002)(Gamepark)(KR).png</marquee></game>
<game><path>./GamePark GP32 TOSEC/SmashGP v0.4c (2005-08-11)(mATkEUpON)(FR)(FW).zip</path><name>SmashGP v0.4c (2005-08-11)(mATkEUpON)(FR)(FW)</name><image>~/../thumbs/GamePark - GP32/Named_Snaps/SmashGP v0.4c (2005-08-11)(mATkEUpON)(FR)(FW).png</image><titleshot>~/../thumbs/GamePark - GP32/Named_Titles/SmashGP v0.4c (2005-08-11)(mATkEUpON)(FR)(FW).png</titleshot><thumbnail>~/../thumbs/GamePark - GP32/Named_Boxarts/SmashGP v0.4c (2005-08-11)(mATkEUpON)(FR)(FW).png</thumbnail><marquee>~/../thumbs/GamePark - GP32/Named_Logos/SmashGP v0.4c (2005-08-11)(mATkEUpON)(FR)(FW).png</marquee></game>
<game><path>./GamePark GP32 TOSEC/Story of Bug Eyed Monster (2003)(Gamepark)(KR).zip</path><name>Story of Bug Eyed Monster (2003)(Gamepark)(KR)</name><image>~/../thumbs/GamePark - GP32/Named_Snaps/Story of Bug Eyed Monster (2003)(Gamepark)(KR).png</image><titleshot>~/../thumbs/GamePark - GP32/Named_Titles/Story of Bug Eyed Monster (2003)(Gamepark)(KR).png</titleshot><thumbnail>~/../thumbs/GamePark - GP32/Named_Boxarts/Story of Bug Eyed Monster (2003)(Gamepark)(KR).png</thumbnail><marquee>~/../thumbs/GamePark - GP32/Named_Logos/Story of Bug Eyed Monster (2003)(Gamepark)(KR).png</marquee></game>
<game><path>./GamePark GP32 TOSEC/Super Plusha (2002)(Gamepark)(EU).zip</path><name>Super Plusha (2002)(Gamepark)(EU)</name><image>~/../thumbs/GamePark - GP32/Named_Snaps/Super Plusha (2002)(Gamepark)(EU).png</image><titleshot>~/../thumbs/GamePark - GP32/Named_Titles/Super Plusha (2002)(Gamepark)(EU).png</titleshot><thumbnail>~/../thumbs/GamePark - GP32/Named_Boxarts/Super Plusha (2002)(Gamepark)(EU).png</thumbnail><marquee>~/../thumbs/GamePark - GP32/Named_Logos/Super Plusha (2002)(Gamepark)(EU).png</marquee></game>
<game><path>./GamePark GP32 TOSEC/Tales of Windy Land (2003)(AIM Technology)(KR).zip</path><name>Tales of Windy Land (2003)(AIM Technology)(KR)</name><image>~/../thumbs/GamePark - GP32/Named_Snaps/Tales of Windy Land (2003)(AIM Technology)(KR).png</image><titleshot>~/../thumbs/GamePark - GP32/Named_Titles/Tales of Windy Land (2003)(AIM Technology)(KR).png</titleshot><thumbnail>~/../thumbs/GamePark - GP32/Named_Boxarts/Tales of Windy Land (2003)(AIM Technology)(KR).png</thumbnail><marquee>~/../thumbs/GamePark - GP32/Named_Logos/Tales of Windy Land (2003)(AIM Technology)(KR).png</marquee></game>
<game><path>./GamePark GP32 TOSEC/Tanggle's Magic Square (2001)(Gamepark)(KR).zip</path><name>Tanggle's Magic Square (2001)(Gamepark)(KR)</name><image>~/../thumbs/GamePark - GP32/Named_Snaps/Tanggle's Magic Square (2001)(Gamepark)(KR).png</image><titleshot>~/../thumbs/GamePark - GP32/Named_Titles/Tanggle's Magic Square (2001)(Gamepark)(KR).png</titleshot><thumbnail>~/../thumbs/GamePark - GP32/Named_Boxarts/Tanggle's Magic Square (2001)(Gamepark)(KR).png</thumbnail><marquee>~/../thumbs/GamePark - GP32/Named_Logos/Tanggle's Magic Square (2001)(Gamepark)(KR).png</marquee></game>
<game><path>./GamePark GP32 TOSEC/Tears - Another Story (2003)(Team D.T.R.)(KR).zip</path><name>Tears - Another Story (2003)(Team D.T.R.)(KR)</name><image>~/../thumbs/GamePark - GP32/Named_Snaps/Tears - Another Story (2003)(Team D.T.R.)(KR).png</image><titleshot>~/../thumbs/GamePark - GP32/Named_Titles/Tears - Another Story (2003)(Team D.T.R.)(KR).png</titleshot><thumbnail>~/../thumbs/GamePark - GP32/Named_Boxarts/Tears - Another Story (2003)(Team D.T.R.)(KR).png</thumbnail><marquee>~/../thumbs/GamePark - GP32/Named_Logos/Tears - Another Story (2003)(Team D.T.R.)(KR).png</marquee></game>
<game><path>./GamePark GP32 TOSEC/Therapy (2002)(Gamepark)(KR).zip</path><name>Therapy (2002)(Gamepark)(KR)</name><image>~/../thumbs/GamePark - GP32/Named_Snaps/Therapy (2002)(Gamepark)(KR).png</image><titleshot>~/../thumbs/GamePark - GP32/Named_Titles/Therapy (2002)(Gamepark)(KR).png</titleshot><thumbnail>~/../thumbs/GamePark - GP32/Named_Boxarts/Therapy (2002)(Gamepark)(KR).png</thumbnail><marquee>~/../thumbs/GamePark - GP32/Named_Logos/Therapy (2002)(Gamepark)(KR).png</marquee></game>
<game><path>./GamePark GP32 TOSEC/Tomak - Save the Earth, Again v1.0 (2002)(Gamepark)(EU).zip</path><name>Tomak - Save the Earth, Again v1.0 (2002)(Gamepark)(EU)</name><image>~/../thumbs/GamePark - GP32/Named_Snaps/Tomak - Save the Earth, Again v1.0 (2002)(Gamepark)(EU).png</image><titleshot>~/../thumbs/GamePark - GP32/Named_Titles/Tomak - Save the Earth, Again v1.0 (2002)(Gamepark)(EU).png</titleshot><thumbnail>~/../thumbs/GamePark - GP32/Named_Boxarts/Tomak - Save the Earth, Again v1.0 (2002)(Gamepark)(EU).png</thumbnail><marquee>~/../thumbs/GamePark - GP32/Named_Logos/Tomak - Save the Earth, Again v1.0 (2002)(Gamepark)(EU).png</marquee></game>
<game><path>./GamePark GP32 TOSEC/Tomak - Save the Earth, Again v2.0 (2002)(Gamepark)(EU).zip</path><name>Tomak - Save the Earth, Again v2.0 (2002)(Gamepark)(EU)</name><image>~/../thumbs/GamePark - GP32/Named_Snaps/Tomak - Save the Earth, Again v2.0 (2002)(Gamepark)(EU).png</image><titleshot>~/../thumbs/GamePark - GP32/Named_Titles/Tomak - Save the Earth, Again v2.0 (2002)(Gamepark)(EU).png</titleshot><thumbnail>~/../thumbs/GamePark - GP32/Named_Boxarts/Tomak - Save the Earth, Again v2.0 (2002)(Gamepark)(EU).png</thumbnail><marquee>~/../thumbs/GamePark - GP32/Named_Logos/Tomak - Save the Earth, Again v2.0 (2002)(Gamepark)(EU).png</marquee></game>
<game><path>./GamePark GP32 TOSEC/Topy Topy Gogo (2003)(Gamepark)(EU).zip</path><name>Topy Topy Gogo (2003)(Gamepark)(EU)</name><image>~/../thumbs/GamePark - GP32/Named_Snaps/Topy Topy Gogo (2003)(Gamepark)(EU).png</image><titleshot>~/../thumbs/GamePark - GP32/Named_Titles/Topy Topy Gogo (2003)(Gamepark)(EU).png</titleshot><thumbnail>~/../thumbs/GamePark - GP32/Named_Boxarts/Topy Topy Gogo (2003)(Gamepark)(EU).png</thumbnail><marquee>~/../thumbs/GamePark - GP32/Named_Logos/Topy Topy Gogo (2003)(Gamepark)(EU).png</marquee></game>
<game><path>./GamePark GP32 TOSEC/W.B.W. - Wanna Be Wizard! (2004)(Gamepark)(KR).zip</path><name>W.B.W. - Wanna Be Wizard! (2004)(Gamepark)(KR)</name><image>~/../thumbs/GamePark - GP32/Named_Snaps/W.B.W. - Wanna Be Wizard! (2004)(Gamepark)(KR).png</image><titleshot>~/../thumbs/GamePark - GP32/Named_Titles/W.B.W. - Wanna Be Wizard! (2004)(Gamepark)(KR).png</titleshot><thumbnail>~/../thumbs/GamePark - GP32/Named_Boxarts/W.B.W. - Wanna Be Wizard! (2004)(Gamepark)(KR).png</thumbnail><marquee>~/../thumbs/GamePark - GP32/Named_Logos/W.B.W. - Wanna Be Wizard! (2004)(Gamepark)(KR).png</marquee></game>
<game><path>./GamePark GP32 TOSEC/Winter Is (2003)(Gamepark)(KR).zip</path><name>Winter Is (2003)(Gamepark)(KR)</name><image>~/../thumbs/GamePark - GP32/Named_Snaps/Winter Is (2003)(Gamepark)(KR).png</image><titleshot>~/../thumbs/GamePark - GP32/Named_Titles/Winter Is (2003)(Gamepark)(KR).png</titleshot><thumbnail>~/../thumbs/GamePark - GP32/Named_Boxarts/Winter Is (2003)(Gamepark)(KR).png</thumbnail><marquee>~/../thumbs/GamePark - GP32/Named_Logos/Winter Is (2003)(Gamepark)(KR).png</marquee></game>
<game><path>./GamePark GP32 TOSEC/Wizard Slayer (2002)(Gamepark)(KR).zip</path><name>Wizard Slayer (2002)(Gamepark)(KR)</name><image>~/../thumbs/GamePark - GP32/Named_Snaps/Wizard Slayer (2002)(Gamepark)(KR).png</image><titleshot>~/../thumbs/GamePark - GP32/Named_Titles/Wizard Slayer (2002)(Gamepark)(KR).png</titleshot><thumbnail>~/../thumbs/GamePark - GP32/Named_Boxarts/Wizard Slayer (2002)(Gamepark)(KR).png</thumbnail><marquee>~/../thumbs/GamePark - GP32/Named_Logos/Wizard Slayer (2002)(Gamepark)(KR).png</marquee></game>
<game><path>./GamePark GP32 TOSEC/Woody & Kunta - Treasure Island (2002)(Gamepark)(EU).zip</path><name>Woody & Kunta - Treasure Island (2002)(Gamepark)(EU)</name><image>~/../thumbs/GamePark - GP32/Named_Snaps/Woody & Kunta - Treasure Island (2002)(Gamepark)(EU).png</image><titleshot>~/../thumbs/GamePark - GP32/Named_Titles/Woody & Kunta - Treasure Island (2002)(Gamepark)(EU).png</titleshot><thumbnail>~/../thumbs/GamePark - GP32/Named_Boxarts/Woody & Kunta - Treasure Island (2002)(Gamepark)(EU).png</thumbnail><marquee>~/../thumbs/GamePark - GP32/Named_Logos/Woody & Kunta - Treasure Island (2002)(Gamepark)(EU).png</marquee></game>
<game><path>./GamePark GP32 TOSEC/Woody & Kunta - Treasure Island (2002)(Gamepark)(KR).zip</path><name>Woody & Kunta - Treasure Island (2002)(Gamepark)(KR)</name><image>~/../thumbs/GamePark - GP32/Named_Snaps/Woody & Kunta - Treasure Island (2002)(Gamepark)(KR).png</image><titleshot>~/../thumbs/GamePark - GP32/Named_Titles/Woody & Kunta - Treasure Island (2002)(Gamepark)(KR).png</titleshot><thumbnail>~/../thumbs/GamePark - GP32/Named_Boxarts/Woody & Kunta - Treasure Island (2002)(Gamepark)(KR).png</thumbnail><marquee>~/../thumbs/GamePark - GP32/Named_Logos/Woody & Kunta - Treasure Island (2002)(Gamepark)(KR).png</marquee></game>
<folder><path>./GamePark GP32 TOSEC</path><name>GamePark GP32 TOSEC</name><image>~/../thumb/gp32.png</image></folder>
</gameList>
