<gameList>
<game><path>./Atari XEGS Merged/1on1.zip</path><name>1on1</name><image>~/../thumbs/MAME/Named_Snaps/1on1.png</image><titleshot>~/../thumbs/MAME/Named_Titles/1on1.png</titleshot><thumbnail>~/../thumbs/MAME/Named_Boxarts/1on1.png</thumbnail><marquee>~/../thumbs/MAME/Named_Logos/1on1.png</marquee></game>
<game><path>./Atari XEGS Merged/aceoface.zip</path><name>aceoface</name><image>~/../thumbs/MAME/Named_Snaps/aceoface.png</image><titleshot>~/../thumbs/MAME/Named_Titles/aceoface.png</titleshot><thumbnail>~/../thumbs/MAME/Named_Boxarts/aceoface.png</thumbnail><marquee>~/../thumbs/MAME/Named_Logos/aceoface.png</marquee></game>
<game><path>./Atari XEGS Merged/airball.zip</path><name>airball</name><image>~/../thumbs/MAME/Named_Snaps/airball.png</image><titleshot>~/../thumbs/MAME/Named_Titles/airball.png</titleshot><thumbnail>~/../thumbs/MAME/Named_Boxarts/airball.png</thumbnail><marquee>~/../thumbs/MAME/Named_Logos/airball.png</marquee></game>
<game><path>./Atari XEGS Merged/archon.zip</path><name>archon</name><image>~/../thumbs/MAME/Named_Snaps/archon.png</image><titleshot>~/../thumbs/MAME/Named_Titles/archon.png</titleshot><thumbnail>~/../thumbs/MAME/Named_Boxarts/archon.png</thumbnail><marquee>~/../thumbs/MAME/Named_Logos/archon.png</marquee></game>
<game><path>./Atari XEGS Merged/ballblaz.zip</path><name>ballblaz</name><image>~/../thumbs/MAME/Named_Snaps/ballblaz.png</image><titleshot>~/../thumbs/MAME/Named_Titles/ballblaz.png</titleshot><thumbnail>~/../thumbs/MAME/Named_Boxarts/ballblaz.png</thumbnail><marquee>~/../thumbs/MAME/Named_Logos/ballblaz.png</marquee></game>
<game><path>./Atari XEGS Merged/barnblst.zip</path><name>barnblst</name><image>~/../thumbs/MAME/Named_Snaps/barnblst.png</image><titleshot>~/../thumbs/MAME/Named_Titles/barnblst.png</titleshot><thumbnail>~/../thumbs/MAME/Named_Boxarts/barnblst.png</thumbnail><marquee>~/../thumbs/MAME/Named_Logos/barnblst.png</marquee></game>
<game><path>./Atari XEGS Merged/beefdrop.zip</path><name>beefdrop</name><image>~/../thumbs/MAME/Named_Snaps/beefdrop.png</image><titleshot>~/../thumbs/MAME/Named_Titles/beefdrop.png</titleshot><thumbnail>~/../thumbs/MAME/Named_Boxarts/beefdrop.png</thumbnail><marquee>~/../thumbs/MAME/Named_Logos/beefdrop.png</marquee></game>
<game><path>./Atari XEGS Merged/bluemax.zip</path><name>bluemax</name><image>~/../thumbs/MAME/Named_Snaps/bluemax.png</image><titleshot>~/../thumbs/MAME/Named_Titles/bluemax.png</titleshot><thumbnail>~/../thumbs/MAME/Named_Boxarts/bluemax.png</thumbnail><marquee>~/../thumbs/MAME/Named_Logos/bluemax.png</marquee></game>
<game><path>./Atari XEGS Merged/brucelee.zip</path><name>brucelee</name><image>~/../thumbs/MAME/Named_Snaps/brucelee.png</image><titleshot>~/../thumbs/MAME/Named_Titles/brucelee.png</titleshot><thumbnail>~/../thumbs/MAME/Named_Boxarts/brucelee.png</thumbnail><marquee>~/../thumbs/MAME/Named_Logos/brucelee.png</marquee></game>
<game><path>./Atari XEGS Merged/bughunt.zip</path><name>bughunt</name><image>~/../thumbs/MAME/Named_Snaps/bughunt.png</image><titleshot>~/../thumbs/MAME/Named_Titles/bughunt.png</titleshot><thumbnail>~/../thumbs/MAME/Named_Boxarts/bughunt.png</thumbnail><marquee>~/../thumbs/MAME/Named_Logos/bughunt.png</marquee></game>
<game><path>./Atari XEGS Merged/bzone.zip</path><name>bzone</name><image>~/../thumbs/MAME/Named_Snaps/bzone.png</image><titleshot>~/../thumbs/MAME/Named_Titles/bzone.png</titleshot><thumbnail>~/../thumbs/MAME/Named_Boxarts/bzone.png</thumbnail><marquee>~/../thumbs/MAME/Named_Logos/bzone.png</marquee></game>
<game><path>./Atari XEGS Merged/ccastles.zip</path><name>ccastles</name><image>~/../thumbs/MAME/Named_Snaps/ccastles.png</image><titleshot>~/../thumbs/MAME/Named_Titles/ccastles.png</titleshot><thumbnail>~/../thumbs/MAME/Named_Boxarts/ccastles.png</thumbnail><marquee>~/../thumbs/MAME/Named_Logos/ccastles.png</marquee></game>
<game><path>./Atari XEGS Merged/ccrisis.zip</path><name>ccrisis</name><image>~/../thumbs/MAME/Named_Snaps/ccrisis.png</image><titleshot>~/../thumbs/MAME/Named_Titles/ccrisis.png</titleshot><thumbnail>~/../thumbs/MAME/Named_Boxarts/ccrisis.png</thumbnail><marquee>~/../thumbs/MAME/Named_Logos/ccrisis.png</marquee></game>
<game><path>./Atari XEGS Merged/choplift.zip</path><name>choplift</name><image>~/../thumbs/MAME/Named_Snaps/choplift.png</image><titleshot>~/../thumbs/MAME/Named_Titles/choplift.png</titleshot><thumbnail>~/../thumbs/MAME/Named_Boxarts/choplift.png</thumbnail><marquee>~/../thumbs/MAME/Named_Logos/choplift.png</marquee></game>
<game><path>./Atari XEGS Merged/commando.zip</path><name>commando</name><image>~/../thumbs/MAME/Named_Snaps/commando.png</image><titleshot>~/../thumbs/MAME/Named_Titles/commando.png</titleshot><thumbnail>~/../thumbs/MAME/Named_Boxarts/commando.png</thumbnail><marquee>~/../thumbs/MAME/Named_Logos/commando.png</marquee></game>
<game><path>./Atari XEGS Merged/crimbstr.zip</path><name>crimbstr</name><image>~/../thumbs/MAME/Named_Snaps/crimbstr.png</image><titleshot>~/../thumbs/MAME/Named_Titles/crimbstr.png</titleshot><thumbnail>~/../thumbs/MAME/Named_Boxarts/crimbstr.png</thumbnail><marquee>~/../thumbs/MAME/Named_Logos/crimbstr.png</marquee></game>
<game><path>./Atari XEGS Merged/crossbow.zip</path><name>crossbow</name><image>~/../thumbs/MAME/Named_Snaps/crossbow.png</image><titleshot>~/../thumbs/MAME/Named_Titles/crossbow.png</titleshot><thumbnail>~/../thumbs/MAME/Named_Boxarts/crossbow.png</thumbnail><marquee>~/../thumbs/MAME/Named_Logos/crossbow.png</marquee></game>
<game><path>./Atari XEGS Merged/darkcham.zip</path><name>darkcham</name><image>~/../thumbs/MAME/Named_Snaps/darkcham.png</image><titleshot>~/../thumbs/MAME/Named_Titles/darkcham.png</titleshot><thumbnail>~/../thumbs/MAME/Named_Boxarts/darkcham.png</thumbnail><marquee>~/../thumbs/MAME/Named_Logos/darkcham.png</marquee></game>
<game><path>./Atari XEGS Merged/deflektr.zip</path><name>deflektr</name><image>~/../thumbs/MAME/Named_Snaps/deflektr.png</image><titleshot>~/../thumbs/MAME/Named_Titles/deflektr.png</titleshot><thumbnail>~/../thumbs/MAME/Named_Boxarts/deflektr.png</thumbnail><marquee>~/../thumbs/MAME/Named_Logos/deflektr.png</marquee></game>
<game><path>./Atari XEGS Merged/dsrtflcn.zip</path><name>dsrtflcn</name><image>~/../thumbs/MAME/Named_Snaps/dsrtflcn.png</image><titleshot>~/../thumbs/MAME/Named_Titles/dsrtflcn.png</titleshot><thumbnail>~/../thumbs/MAME/Named_Boxarts/dsrtflcn.png</thumbnail><marquee>~/../thumbs/MAME/Named_Logos/dsrtflcn.png</marquee></game>
<game><path>./Atari XEGS Merged/eaglnest.zip</path><name>eaglnest</name><image>~/../thumbs/MAME/Named_Snaps/eaglnest.png</image><titleshot>~/../thumbs/MAME/Named_Titles/eaglnest.png</titleshot><thumbnail>~/../thumbs/MAME/Named_Boxarts/eaglnest.png</thumbnail><marquee>~/../thumbs/MAME/Named_Logos/eaglnest.png</marquee></game>
<game><path>./Atari XEGS Merged/fightn.zip</path><name>fightn</name><image>~/../thumbs/MAME/Named_Snaps/fightn.png</image><titleshot>~/../thumbs/MAME/Named_Titles/fightn.png</titleshot><thumbnail>~/../thumbs/MAME/Named_Boxarts/fightn.png</thumbnail><marquee>~/../thumbs/MAME/Named_Logos/fightn.png</marquee></game>
<game><path>./Atari XEGS Merged/foodf.zip</path><name>foodf</name><image>~/../thumbs/MAME/Named_Snaps/foodf.png</image><titleshot>~/../thumbs/MAME/Named_Titles/foodf.png</titleshot><thumbnail>~/../thumbs/MAME/Named_Boxarts/foodf.png</thumbnail><marquee>~/../thumbs/MAME/Named_Logos/foodf.png</marquee></game>
<game><path>./Atari XEGS Merged/fractal.zip</path><name>fractal</name><image>~/../thumbs/MAME/Named_Snaps/fractal.png</image><titleshot>~/../thumbs/MAME/Named_Titles/fractal.png</titleshot><thumbnail>~/../thumbs/MAME/Named_Boxarts/fractal.png</thumbnail><marquee>~/../thumbs/MAME/Named_Logos/fractal.png</marquee></game>
<game><path>./Atari XEGS Merged/fsim2.zip</path><name>fsim2</name><image>~/../thumbs/MAME/Named_Snaps/fsim2.png</image><titleshot>~/../thumbs/MAME/Named_Titles/fsim2.png</titleshot><thumbnail>~/../thumbs/MAME/Named_Boxarts/fsim2.png</thumbnail><marquee>~/../thumbs/MAME/Named_Logos/fsim2.png</marquee></game>
<game><path>./Atari XEGS Merged/gato.zip</path><name>gato</name><image>~/../thumbs/MAME/Named_Snaps/gato.png</image><titleshot>~/../thumbs/MAME/Named_Titles/gato.png</titleshot><thumbnail>~/../thumbs/MAME/Named_Boxarts/gato.png</thumbnail><marquee>~/../thumbs/MAME/Named_Logos/gato.png</marquee></game>
<game><path>./Atari XEGS Merged/hardball.zip</path><name>hardball</name><image>~/../thumbs/MAME/Named_Snaps/hardball.png</image><titleshot>~/../thumbs/MAME/Named_Titles/hardball.png</titleshot><thumbnail>~/../thumbs/MAME/Named_Boxarts/hardball.png</thumbnail><marquee>~/../thumbs/MAME/Named_Logos/hardball.png</marquee></game>
<game><path>./Atari XEGS Merged/karateka.zip</path><name>karateka</name><image>~/../thumbs/MAME/Named_Snaps/karateka.png</image><titleshot>~/../thumbs/MAME/Named_Titles/karateka.png</titleshot><thumbnail>~/../thumbs/MAME/Named_Boxarts/karateka.png</thumbnail><marquee>~/../thumbs/MAME/Named_Logos/karateka.png</marquee></game>
<game><path>./Atari XEGS Merged/ldrun.zip</path><name>ldrun</name><image>~/../thumbs/MAME/Named_Snaps/ldrun.png</image><titleshot>~/../thumbs/MAME/Named_Titles/ldrun.png</titleshot><thumbnail>~/../thumbs/MAME/Named_Boxarts/ldrun.png</thumbnail><marquee>~/../thumbs/MAME/Named_Logos/ldrun.png</marquee></game>
<game><path>./Atari XEGS Merged/mario.zip</path><name>mario</name><image>~/../thumbs/MAME/Named_Snaps/mario.png</image><titleshot>~/../thumbs/MAME/Named_Titles/mario.png</titleshot><thumbnail>~/../thumbs/MAME/Named_Boxarts/mario.png</thumbnail><marquee>~/../thumbs/MAME/Named_Logos/mario.png</marquee></game>
<game><path>./Atari XEGS Merged/mean18.zip</path><name>mean18</name><image>~/../thumbs/MAME/Named_Snaps/mean18.png</image><titleshot>~/../thumbs/MAME/Named_Titles/mean18.png</titleshot><thumbnail>~/../thumbs/MAME/Named_Boxarts/mean18.png</thumbnail><marquee>~/../thumbs/MAME/Named_Logos/mean18.png</marquee></game>
<game><path>./Atari XEGS Merged/midimaze.zip</path><name>midimaze</name><image>~/../thumbs/MAME/Named_Snaps/midimaze.png</image><titleshot>~/../thumbs/MAME/Named_Titles/midimaze.png</titleshot><thumbnail>~/../thumbs/MAME/Named_Boxarts/midimaze.png</thumbnail><marquee>~/../thumbs/MAME/Named_Logos/midimaze.png</marquee></game>
<game><path>./Atari XEGS Merged/midmagic.zip</path><name>midmagic</name><image>~/../thumbs/MAME/Named_Snaps/midmagic.png</image><titleshot>~/../thumbs/MAME/Named_Titles/midmagic.png</titleshot><thumbnail>~/../thumbs/MAME/Named_Boxarts/midmagic.png</thumbnail><marquee>~/../thumbs/MAME/Named_Logos/midmagic.png</marquee></game>
<game><path>./Atari XEGS Merged/necroman.zip</path><name>necroman</name><image>~/../thumbs/MAME/Named_Snaps/necroman.png</image><titleshot>~/../thumbs/MAME/Named_Titles/necroman.png</titleshot><thumbnail>~/../thumbs/MAME/Named_Boxarts/necroman.png</thumbnail><marquee>~/../thumbs/MAME/Named_Logos/necroman.png</marquee></game>
<game><path>./Atari XEGS Merged/sinistar.zip</path><name>sinistar</name><image>~/../thumbs/MAME/Named_Snaps/sinistar.png</image><titleshot>~/../thumbs/MAME/Named_Titles/sinistar.png</titleshot><thumbnail>~/../thumbs/MAME/Named_Boxarts/sinistar.png</thumbnail><marquee>~/../thumbs/MAME/Named_Logos/sinistar.png</marquee></game>
<game><path>./Atari XEGS Merged/starrai2.zip</path><name>starrai2</name><image>~/../thumbs/MAME/Named_Snaps/starrai2.png</image><titleshot>~/../thumbs/MAME/Named_Titles/starrai2.png</titleshot><thumbnail>~/../thumbs/MAME/Named_Boxarts/starrai2.png</thumbnail><marquee>~/../thumbs/MAME/Named_Logos/starrai2.png</marquee></game>
<game><path>./Atari XEGS Merged/sumgames.zip</path><name>sumgames</name><image>~/../thumbs/MAME/Named_Snaps/sumgames.png</image><titleshot>~/../thumbs/MAME/Named_Titles/sumgames.png</titleshot><thumbnail>~/../thumbs/MAME/Named_Boxarts/sumgames.png</thumbnail><marquee>~/../thumbs/MAME/Named_Logos/sumgames.png</marquee></game>
<game><path>./Atari XEGS Merged/tapper.zip</path><name>tapper</name><image>~/../thumbs/MAME/Named_Snaps/tapper.png</image><titleshot>~/../thumbs/MAME/Named_Titles/tapper.png</titleshot><thumbnail>~/../thumbs/MAME/Named_Boxarts/tapper.png</thumbnail><marquee>~/../thumbs/MAME/Named_Logos/tapper.png</marquee></game>
<game><path>./Atari XEGS Merged/thundfox.zip</path><name>thundfox</name><image>~/../thumbs/MAME/Named_Snaps/thundfox.png</image><titleshot>~/../thumbs/MAME/Named_Titles/thundfox.png</titleshot><thumbnail>~/../thumbs/MAME/Named_Boxarts/thundfox.png</thumbnail><marquee>~/../thumbs/MAME/Named_Logos/thundfox.png</marquee></game>
<game><path>./Atari XEGS Merged/towertop.zip</path><name>towertop</name><image>~/../thumbs/MAME/Named_Snaps/towertop.png</image><titleshot>~/../thumbs/MAME/Named_Titles/towertop.png</titleshot><thumbnail>~/../thumbs/MAME/Named_Boxarts/towertop.png</thumbnail><marquee>~/../thumbs/MAME/Named_Logos/towertop.png</marquee></game>
<game><path>./Atari XEGS Merged/vanguard.zip</path><name>vanguard</name><image>~/../thumbs/MAME/Named_Snaps/vanguard.png</image><titleshot>~/../thumbs/MAME/Named_Titles/vanguard.png</titleshot><thumbnail>~/../thumbs/MAME/Named_Boxarts/vanguard.png</thumbnail><marquee>~/../thumbs/MAME/Named_Logos/vanguard.png</marquee></game>
<game><path>./Atari XEGS Merged/xenophob.zip</path><name>xenophob</name><image>~/../thumbs/MAME/Named_Snaps/xenophob.png</image><titleshot>~/../thumbs/MAME/Named_Titles/xenophob.png</titleshot><thumbnail>~/../thumbs/MAME/Named_Boxarts/xenophob.png</thumbnail><marquee>~/../thumbs/MAME/Named_Logos/xenophob.png</marquee></game>
<folder><path>./Atari XEGS Merged</path><name>Atari XEGS Merged</name><image>~/../thumb/xegs.png</image></folder>
<game><path>./Atari XEGS Split/1on1.zip</path><name>1on1</name><image>~/../thumbs/MAME/Named_Snaps/1on1.png</image><titleshot>~/../thumbs/MAME/Named_Titles/1on1.png</titleshot><thumbnail>~/../thumbs/MAME/Named_Boxarts/1on1.png</thumbnail><marquee>~/../thumbs/MAME/Named_Logos/1on1.png</marquee></game>
<game><path>./Atari XEGS Split/aceoface.zip</path><name>aceoface</name><image>~/../thumbs/MAME/Named_Snaps/aceoface.png</image><titleshot>~/../thumbs/MAME/Named_Titles/aceoface.png</titleshot><thumbnail>~/../thumbs/MAME/Named_Boxarts/aceoface.png</thumbnail><marquee>~/../thumbs/MAME/Named_Logos/aceoface.png</marquee></game>
<game><path>./Atari XEGS Split/airball.zip</path><name>airball</name><image>~/../thumbs/MAME/Named_Snaps/airball.png</image><titleshot>~/../thumbs/MAME/Named_Titles/airball.png</titleshot><thumbnail>~/../thumbs/MAME/Named_Boxarts/airball.png</thumbnail><marquee>~/../thumbs/MAME/Named_Logos/airball.png</marquee></game>
<game><path>./Atari XEGS Split/archon.zip</path><name>archon</name><image>~/../thumbs/MAME/Named_Snaps/archon.png</image><titleshot>~/../thumbs/MAME/Named_Titles/archon.png</titleshot><thumbnail>~/../thumbs/MAME/Named_Boxarts/archon.png</thumbnail><marquee>~/../thumbs/MAME/Named_Logos/archon.png</marquee></game>
<game><path>./Atari XEGS Split/ballblaz.zip</path><name>ballblaz</name><image>~/../thumbs/MAME/Named_Snaps/ballblaz.png</image><titleshot>~/../thumbs/MAME/Named_Titles/ballblaz.png</titleshot><thumbnail>~/../thumbs/MAME/Named_Boxarts/ballblaz.png</thumbnail><marquee>~/../thumbs/MAME/Named_Logos/ballblaz.png</marquee></game>
<game><path>./Atari XEGS Split/barnblst.zip</path><name>barnblst</name><image>~/../thumbs/MAME/Named_Snaps/barnblst.png</image><titleshot>~/../thumbs/MAME/Named_Titles/barnblst.png</titleshot><thumbnail>~/../thumbs/MAME/Named_Boxarts/barnblst.png</thumbnail><marquee>~/../thumbs/MAME/Named_Logos/barnblst.png</marquee></game>
<game><path>./Atari XEGS Split/beefdrop.zip</path><name>beefdrop</name><image>~/../thumbs/MAME/Named_Snaps/beefdrop.png</image><titleshot>~/../thumbs/MAME/Named_Titles/beefdrop.png</titleshot><thumbnail>~/../thumbs/MAME/Named_Boxarts/beefdrop.png</thumbnail><marquee>~/../thumbs/MAME/Named_Logos/beefdrop.png</marquee></game>
<game><path>./Atari XEGS Split/bluemax.zip</path><name>bluemax</name><image>~/../thumbs/MAME/Named_Snaps/bluemax.png</image><titleshot>~/../thumbs/MAME/Named_Titles/bluemax.png</titleshot><thumbnail>~/../thumbs/MAME/Named_Boxarts/bluemax.png</thumbnail><marquee>~/../thumbs/MAME/Named_Logos/bluemax.png</marquee></game>
<game><path>./Atari XEGS Split/brucelee.zip</path><name>brucelee</name><image>~/../thumbs/MAME/Named_Snaps/brucelee.png</image><titleshot>~/../thumbs/MAME/Named_Titles/brucelee.png</titleshot><thumbnail>~/../thumbs/MAME/Named_Boxarts/brucelee.png</thumbnail><marquee>~/../thumbs/MAME/Named_Logos/brucelee.png</marquee></game>
<game><path>./Atari XEGS Split/bughunt.zip</path><name>bughunt</name><image>~/../thumbs/MAME/Named_Snaps/bughunt.png</image><titleshot>~/../thumbs/MAME/Named_Titles/bughunt.png</titleshot><thumbnail>~/../thumbs/MAME/Named_Boxarts/bughunt.png</thumbnail><marquee>~/../thumbs/MAME/Named_Logos/bughunt.png</marquee></game>
<game><path>./Atari XEGS Split/bzone.zip</path><name>bzone</name><image>~/../thumbs/MAME/Named_Snaps/bzone.png</image><titleshot>~/../thumbs/MAME/Named_Titles/bzone.png</titleshot><thumbnail>~/../thumbs/MAME/Named_Boxarts/bzone.png</thumbnail><marquee>~/../thumbs/MAME/Named_Logos/bzone.png</marquee></game>
<game><path>./Atari XEGS Split/ccastles.zip</path><name>ccastles</name><image>~/../thumbs/MAME/Named_Snaps/ccastles.png</image><titleshot>~/../thumbs/MAME/Named_Titles/ccastles.png</titleshot><thumbnail>~/../thumbs/MAME/Named_Boxarts/ccastles.png</thumbnail><marquee>~/../thumbs/MAME/Named_Logos/ccastles.png</marquee></game>
<game><path>./Atari XEGS Split/ccrisis.zip</path><name>ccrisis</name><image>~/../thumbs/MAME/Named_Snaps/ccrisis.png</image><titleshot>~/../thumbs/MAME/Named_Titles/ccrisis.png</titleshot><thumbnail>~/../thumbs/MAME/Named_Boxarts/ccrisis.png</thumbnail><marquee>~/../thumbs/MAME/Named_Logos/ccrisis.png</marquee></game>
<game><path>./Atari XEGS Split/choplift.zip</path><name>choplift</name><image>~/../thumbs/MAME/Named_Snaps/choplift.png</image><titleshot>~/../thumbs/MAME/Named_Titles/choplift.png</titleshot><thumbnail>~/../thumbs/MAME/Named_Boxarts/choplift.png</thumbnail><marquee>~/../thumbs/MAME/Named_Logos/choplift.png</marquee></game>
<game><path>./Atari XEGS Split/commando.zip</path><name>commando</name><image>~/../thumbs/MAME/Named_Snaps/commando.png</image><titleshot>~/../thumbs/MAME/Named_Titles/commando.png</titleshot><thumbnail>~/../thumbs/MAME/Named_Boxarts/commando.png</thumbnail><marquee>~/../thumbs/MAME/Named_Logos/commando.png</marquee></game>
<game><path>./Atari XEGS Split/crimbstr.zip</path><name>crimbstr</name><image>~/../thumbs/MAME/Named_Snaps/crimbstr.png</image><titleshot>~/../thumbs/MAME/Named_Titles/crimbstr.png</titleshot><thumbnail>~/../thumbs/MAME/Named_Boxarts/crimbstr.png</thumbnail><marquee>~/../thumbs/MAME/Named_Logos/crimbstr.png</marquee></game>
<game><path>./Atari XEGS Split/crossbow.zip</path><name>crossbow</name><image>~/../thumbs/MAME/Named_Snaps/crossbow.png</image><titleshot>~/../thumbs/MAME/Named_Titles/crossbow.png</titleshot><thumbnail>~/../thumbs/MAME/Named_Boxarts/crossbow.png</thumbnail><marquee>~/../thumbs/MAME/Named_Logos/crossbow.png</marquee></game>
<game><path>./Atari XEGS Split/darkcham.zip</path><name>darkcham</name><image>~/../thumbs/MAME/Named_Snaps/darkcham.png</image><titleshot>~/../thumbs/MAME/Named_Titles/darkcham.png</titleshot><thumbnail>~/../thumbs/MAME/Named_Boxarts/darkcham.png</thumbnail><marquee>~/../thumbs/MAME/Named_Logos/darkcham.png</marquee></game>
<game><path>./Atari XEGS Split/deflektr.zip</path><name>deflektr</name><image>~/../thumbs/MAME/Named_Snaps/deflektr.png</image><titleshot>~/../thumbs/MAME/Named_Titles/deflektr.png</titleshot><thumbnail>~/../thumbs/MAME/Named_Boxarts/deflektr.png</thumbnail><marquee>~/../thumbs/MAME/Named_Logos/deflektr.png</marquee></game>
<game><path>./Atari XEGS Split/dsrtflcn.zip</path><name>dsrtflcn</name><image>~/../thumbs/MAME/Named_Snaps/dsrtflcn.png</image><titleshot>~/../thumbs/MAME/Named_Titles/dsrtflcn.png</titleshot><thumbnail>~/../thumbs/MAME/Named_Boxarts/dsrtflcn.png</thumbnail><marquee>~/../thumbs/MAME/Named_Logos/dsrtflcn.png</marquee></game>
<game><path>./Atari XEGS Split/eaglnest.zip</path><name>eaglnest</name><image>~/../thumbs/MAME/Named_Snaps/eaglnest.png</image><titleshot>~/../thumbs/MAME/Named_Titles/eaglnest.png</titleshot><thumbnail>~/../thumbs/MAME/Named_Boxarts/eaglnest.png</thumbnail><marquee>~/../thumbs/MAME/Named_Logos/eaglnest.png</marquee></game>
<game><path>./Atari XEGS Split/fightn.zip</path><name>fightn</name><image>~/../thumbs/MAME/Named_Snaps/fightn.png</image><titleshot>~/../thumbs/MAME/Named_Titles/fightn.png</titleshot><thumbnail>~/../thumbs/MAME/Named_Boxarts/fightn.png</thumbnail><marquee>~/../thumbs/MAME/Named_Logos/fightn.png</marquee></game>
<game><path>./Atari XEGS Split/foodf.zip</path><name>foodf</name><image>~/../thumbs/MAME/Named_Snaps/foodf.png</image><titleshot>~/../thumbs/MAME/Named_Titles/foodf.png</titleshot><thumbnail>~/../thumbs/MAME/Named_Boxarts/foodf.png</thumbnail><marquee>~/../thumbs/MAME/Named_Logos/foodf.png</marquee></game>
<game><path>./Atari XEGS Split/fractal.zip</path><name>fractal</name><image>~/../thumbs/MAME/Named_Snaps/fractal.png</image><titleshot>~/../thumbs/MAME/Named_Titles/fractal.png</titleshot><thumbnail>~/../thumbs/MAME/Named_Boxarts/fractal.png</thumbnail><marquee>~/../thumbs/MAME/Named_Logos/fractal.png</marquee></game>
<game><path>./Atari XEGS Split/fsim2.zip</path><name>fsim2</name><image>~/../thumbs/MAME/Named_Snaps/fsim2.png</image><titleshot>~/../thumbs/MAME/Named_Titles/fsim2.png</titleshot><thumbnail>~/../thumbs/MAME/Named_Boxarts/fsim2.png</thumbnail><marquee>~/../thumbs/MAME/Named_Logos/fsim2.png</marquee></game>
<game><path>./Atari XEGS Split/fsim2d.zip</path><name>fsim2d</name><image>~/../thumbs/MAME/Named_Snaps/fsim2d.png</image><titleshot>~/../thumbs/MAME/Named_Titles/fsim2d.png</titleshot><thumbnail>~/../thumbs/MAME/Named_Boxarts/fsim2d.png</thumbnail><marquee>~/../thumbs/MAME/Named_Logos/fsim2d.png</marquee></game>
<game><path>./Atari XEGS Split/gato.zip</path><name>gato</name><image>~/../thumbs/MAME/Named_Snaps/gato.png</image><titleshot>~/../thumbs/MAME/Named_Titles/gato.png</titleshot><thumbnail>~/../thumbs/MAME/Named_Boxarts/gato.png</thumbnail><marquee>~/../thumbs/MAME/Named_Logos/gato.png</marquee></game>
<game><path>./Atari XEGS Split/hardball.zip</path><name>hardball</name><image>~/../thumbs/MAME/Named_Snaps/hardball.png</image><titleshot>~/../thumbs/MAME/Named_Titles/hardball.png</titleshot><thumbnail>~/../thumbs/MAME/Named_Boxarts/hardball.png</thumbnail><marquee>~/../thumbs/MAME/Named_Logos/hardball.png</marquee></game>
<game><path>./Atari XEGS Split/karateka.zip</path><name>karateka</name><image>~/../thumbs/MAME/Named_Snaps/karateka.png</image><titleshot>~/../thumbs/MAME/Named_Titles/karateka.png</titleshot><thumbnail>~/../thumbs/MAME/Named_Boxarts/karateka.png</thumbnail><marquee>~/../thumbs/MAME/Named_Logos/karateka.png</marquee></game>
<game><path>./Atari XEGS Split/ldrun.zip</path><name>ldrun</name><image>~/../thumbs/MAME/Named_Snaps/ldrun.png</image><titleshot>~/../thumbs/MAME/Named_Titles/ldrun.png</titleshot><thumbnail>~/../thumbs/MAME/Named_Boxarts/ldrun.png</thumbnail><marquee>~/../thumbs/MAME/Named_Logos/ldrun.png</marquee></game>
<game><path>./Atari XEGS Split/mario.zip</path><name>mario</name><image>~/../thumbs/MAME/Named_Snaps/mario.png</image><titleshot>~/../thumbs/MAME/Named_Titles/mario.png</titleshot><thumbnail>~/../thumbs/MAME/Named_Boxarts/mario.png</thumbnail><marquee>~/../thumbs/MAME/Named_Logos/mario.png</marquee></game>
<game><path>./Atari XEGS Split/mean18.zip</path><name>mean18</name><image>~/../thumbs/MAME/Named_Snaps/mean18.png</image><titleshot>~/../thumbs/MAME/Named_Titles/mean18.png</titleshot><thumbnail>~/../thumbs/MAME/Named_Boxarts/mean18.png</thumbnail><marquee>~/../thumbs/MAME/Named_Logos/mean18.png</marquee></game>
<game><path>./Atari XEGS Split/midimaze.zip</path><name>midimaze</name><image>~/../thumbs/MAME/Named_Snaps/midimaze.png</image><titleshot>~/../thumbs/MAME/Named_Titles/midimaze.png</titleshot><thumbnail>~/../thumbs/MAME/Named_Boxarts/midimaze.png</thumbnail><marquee>~/../thumbs/MAME/Named_Logos/midimaze.png</marquee></game>
<game><path>./Atari XEGS Split/midimazep.zip</path><name>midimazep</name><image>~/../thumbs/MAME/Named_Snaps/midimazep.png</image><titleshot>~/../thumbs/MAME/Named_Titles/midimazep.png</titleshot><thumbnail>~/../thumbs/MAME/Named_Boxarts/midimazep.png</thumbnail><marquee>~/../thumbs/MAME/Named_Logos/midimazep.png</marquee></game>
<game><path>./Atari XEGS Split/midmagic.zip</path><name>midmagic</name><image>~/../thumbs/MAME/Named_Snaps/midmagic.png</image><titleshot>~/../thumbs/MAME/Named_Titles/midmagic.png</titleshot><thumbnail>~/../thumbs/MAME/Named_Boxarts/midmagic.png</thumbnail><marquee>~/../thumbs/MAME/Named_Logos/midmagic.png</marquee></game>
<game><path>./Atari XEGS Split/necroman.zip</path><name>necroman</name><image>~/../thumbs/MAME/Named_Snaps/necroman.png</image><titleshot>~/../thumbs/MAME/Named_Titles/necroman.png</titleshot><thumbnail>~/../thumbs/MAME/Named_Boxarts/necroman.png</thumbnail><marquee>~/../thumbs/MAME/Named_Logos/necroman.png</marquee></game>
<game><path>./Atari XEGS Split/sinistar.zip</path><name>sinistar</name><image>~/../thumbs/MAME/Named_Snaps/sinistar.png</image><titleshot>~/../thumbs/MAME/Named_Titles/sinistar.png</titleshot><thumbnail>~/../thumbs/MAME/Named_Boxarts/sinistar.png</thumbnail><marquee>~/../thumbs/MAME/Named_Logos/sinistar.png</marquee></game>
<game><path>./Atari XEGS Split/starrai2.zip</path><name>starrai2</name><image>~/../thumbs/MAME/Named_Snaps/starrai2.png</image><titleshot>~/../thumbs/MAME/Named_Titles/starrai2.png</titleshot><thumbnail>~/../thumbs/MAME/Named_Boxarts/starrai2.png</thumbnail><marquee>~/../thumbs/MAME/Named_Logos/starrai2.png</marquee></game>
<game><path>./Atari XEGS Split/sumgames.zip</path><name>sumgames</name><image>~/../thumbs/MAME/Named_Snaps/sumgames.png</image><titleshot>~/../thumbs/MAME/Named_Titles/sumgames.png</titleshot><thumbnail>~/../thumbs/MAME/Named_Boxarts/sumgames.png</thumbnail><marquee>~/../thumbs/MAME/Named_Logos/sumgames.png</marquee></game>
<game><path>./Atari XEGS Split/tapper.zip</path><name>tapper</name><image>~/../thumbs/MAME/Named_Snaps/tapper.png</image><titleshot>~/../thumbs/MAME/Named_Titles/tapper.png</titleshot><thumbnail>~/../thumbs/MAME/Named_Boxarts/tapper.png</thumbnail><marquee>~/../thumbs/MAME/Named_Logos/tapper.png</marquee></game>
<game><path>./Atari XEGS Split/thundfox.zip</path><name>thundfox</name><image>~/../thumbs/MAME/Named_Snaps/thundfox.png</image><titleshot>~/../thumbs/MAME/Named_Titles/thundfox.png</titleshot><thumbnail>~/../thumbs/MAME/Named_Boxarts/thundfox.png</thumbnail><marquee>~/../thumbs/MAME/Named_Logos/thundfox.png</marquee></game>
<game><path>./Atari XEGS Split/towertop.zip</path><name>towertop</name><image>~/../thumbs/MAME/Named_Snaps/towertop.png</image><titleshot>~/../thumbs/MAME/Named_Titles/towertop.png</titleshot><thumbnail>~/../thumbs/MAME/Named_Boxarts/towertop.png</thumbnail><marquee>~/../thumbs/MAME/Named_Logos/towertop.png</marquee></game>
<game><path>./Atari XEGS Split/vanguard.zip</path><name>vanguard</name><image>~/../thumbs/MAME/Named_Snaps/vanguard.png</image><titleshot>~/../thumbs/MAME/Named_Titles/vanguard.png</titleshot><thumbnail>~/../thumbs/MAME/Named_Boxarts/vanguard.png</thumbnail><marquee>~/../thumbs/MAME/Named_Logos/vanguard.png</marquee></game>
<game><path>./Atari XEGS Split/xenophob.zip</path><name>xenophob</name><image>~/../thumbs/MAME/Named_Snaps/xenophob.png</image><titleshot>~/../thumbs/MAME/Named_Titles/xenophob.png</titleshot><thumbnail>~/../thumbs/MAME/Named_Boxarts/xenophob.png</thumbnail><marquee>~/../thumbs/MAME/Named_Logos/xenophob.png</marquee></game>
<folder><path>./Atari XEGS Split</path><name>Atari XEGS Split</name><image>~/../thumb/xegs.png</image></folder>
</gameList>
