<gameList>
<game><path>./Philips Videopac+ NoIntro/Air Battle (Europe).zip</path><name>Air Battle (Europe)</name><image>~/../thumbs/Philips - Videopac/Named_Snaps/Air Battle (Europe).png</image><titleshot>~/../thumbs/Philips - Videopac/Named_Titles/Air Battle (Europe).png</titleshot><thumbnail>~/../thumbs/Philips - Videopac/Named_Boxarts/Air Battle (Europe).png</thumbnail><marquee>~/../thumbs/Philips - Videopac/Named_Logos/Air Battle (Europe).png</marquee></game>
<game><path>./Philips Videopac+ NoIntro/Billard Americain (France).zip</path><name>Billard Americain (France)</name><image>~/../thumbs/Philips - Videopac/Named_Snaps/Billard Americain (France).png</image><titleshot>~/../thumbs/Philips - Videopac/Named_Titles/Billard Americain (France).png</titleshot><thumbnail>~/../thumbs/Philips - Videopac/Named_Boxarts/Billard Americain (France).png</thumbnail><marquee>~/../thumbs/Philips - Videopac/Named_Logos/Billard Americain (France).png</marquee></game>
<game><path>./Philips Videopac+ NoIntro/Billard Electrique (France).zip</path><name>Billard Electrique (France)</name><image>~/../thumbs/Philips - Videopac/Named_Snaps/Billard Electrique (France).png</image><titleshot>~/../thumbs/Philips - Videopac/Named_Titles/Billard Electrique (France).png</titleshot><thumbnail>~/../thumbs/Philips - Videopac/Named_Boxarts/Billard Electrique (France).png</thumbnail><marquee>~/../thumbs/Philips - Videopac/Named_Logos/Billard Electrique (France).png</marquee></game>
<game><path>./Philips Videopac+ NoIntro/Chez Maxime (France).zip</path><name>Chez Maxime (France)</name><image>~/../thumbs/Philips - Videopac/Named_Snaps/Chez Maxime (France).png</image><titleshot>~/../thumbs/Philips - Videopac/Named_Titles/Chez Maxime (France).png</titleshot><thumbnail>~/../thumbs/Philips - Videopac/Named_Boxarts/Chez Maxime (France).png</thumbnail><marquee>~/../thumbs/Philips - Videopac/Named_Logos/Chez Maxime (France).png</marquee></game>
<game><path>./Philips Videopac+ NoIntro/Clay Pigeon (Europe) (Proto) (Alt).zip</path><name>Clay Pigeon (Europe) (Proto) (Alt)</name><image>~/../thumbs/Philips - Videopac/Named_Snaps/Clay Pigeon (Europe) (Proto) (Alt).png</image><titleshot>~/../thumbs/Philips - Videopac/Named_Titles/Clay Pigeon (Europe) (Proto) (Alt).png</titleshot><thumbnail>~/../thumbs/Philips - Videopac/Named_Boxarts/Clay Pigeon (Europe) (Proto) (Alt).png</thumbnail><marquee>~/../thumbs/Philips - Videopac/Named_Logos/Clay Pigeon (Europe) (Proto) (Alt).png</marquee><hidden>true</hidden></game>
<game><path>./Philips Videopac+ NoIntro/Clay Pigeon (Europe) (Proto).zip</path><name>Clay Pigeon (Europe) (Proto)</name><image>~/../thumbs/Philips - Videopac/Named_Snaps/Clay Pigeon (Europe) (Proto).png</image><titleshot>~/../thumbs/Philips - Videopac/Named_Titles/Clay Pigeon (Europe) (Proto).png</titleshot><thumbnail>~/../thumbs/Philips - Videopac/Named_Boxarts/Clay Pigeon (Europe) (Proto).png</thumbnail><marquee>~/../thumbs/Philips - Videopac/Named_Logos/Clay Pigeon (Europe) (Proto).png</marquee></game>
<game><path>./Philips Videopac+ NoIntro/Cosmic Conflict (Europe).zip</path><name>Cosmic Conflict (Europe)</name><image>~/../thumbs/Philips - Videopac/Named_Snaps/Cosmic Conflict (Europe).png</image><titleshot>~/../thumbs/Philips - Videopac/Named_Titles/Cosmic Conflict (Europe).png</titleshot><thumbnail>~/../thumbs/Philips - Videopac/Named_Boxarts/Cosmic Conflict (Europe).png</thumbnail><marquee>~/../thumbs/Philips - Videopac/Named_Logos/Cosmic Conflict (Europe).png</marquee></game>
<game><path>./Philips Videopac+ NoIntro/Course de Voitures + Autodrome + Cryptogramme (France).zip</path><name>Course de Voitures + Autodrome + Cryptogramme (France)</name><image>~/../thumbs/Philips - Videopac/Named_Snaps/Course de Voitures + Autodrome + Cryptogramme (France).png</image><titleshot>~/../thumbs/Philips - Videopac/Named_Titles/Course de Voitures + Autodrome + Cryptogramme (France).png</titleshot><thumbnail>~/../thumbs/Philips - Videopac/Named_Boxarts/Course de Voitures + Autodrome + Cryptogramme (France).png</thumbnail><marquee>~/../thumbs/Philips - Videopac/Named_Logos/Course de Voitures + Autodrome + Cryptogramme (France).png</marquee></game>
<game><path>./Philips Videopac+ NoIntro/Demon Attack (France).zip</path><name>Demon Attack (France)</name><image>~/../thumbs/Philips - Videopac/Named_Snaps/Demon Attack (France).png</image><titleshot>~/../thumbs/Philips - Videopac/Named_Titles/Demon Attack (France).png</titleshot><thumbnail>~/../thumbs/Philips - Videopac/Named_Boxarts/Demon Attack (France).png</thumbnail><marquee>~/../thumbs/Philips - Videopac/Named_Logos/Demon Attack (France).png</marquee></game>
<game><path>./Philips Videopac+ NoIntro/Electronic Billiards (Europe) (Proto).zip</path><name>Electronic Billiards (Europe) (Proto)</name><image>~/../thumbs/Philips - Videopac/Named_Snaps/Electronic Billiards (Europe) (Proto).png</image><titleshot>~/../thumbs/Philips - Videopac/Named_Titles/Electronic Billiards (Europe) (Proto).png</titleshot><thumbnail>~/../thumbs/Philips - Videopac/Named_Boxarts/Electronic Billiards (Europe) (Proto).png</thumbnail><marquee>~/../thumbs/Philips - Videopac/Named_Logos/Electronic Billiards (Europe) (Proto).png</marquee></game>
<game><path>./Philips Videopac+ NoIntro/Exojet (France).zip</path><name>Exojet (France)</name><image>~/../thumbs/Philips - Videopac/Named_Snaps/Exojet (France).png</image><titleshot>~/../thumbs/Philips - Videopac/Named_Titles/Exojet (France).png</titleshot><thumbnail>~/../thumbs/Philips - Videopac/Named_Boxarts/Exojet (France).png</thumbnail><marquee>~/../thumbs/Philips - Videopac/Named_Logos/Exojet (France).png</marquee></game>
<game><path>./Philips Videopac+ NoIntro/Flipper Game (Europe) (Proto).zip</path><name>Flipper Game (Europe) (Proto)</name><image>~/../thumbs/Philips - Videopac/Named_Snaps/Flipper Game (Europe) (Proto).png</image><titleshot>~/../thumbs/Philips - Videopac/Named_Titles/Flipper Game (Europe) (Proto).png</titleshot><thumbnail>~/../thumbs/Philips - Videopac/Named_Boxarts/Flipper Game (Europe) (Proto).png</thumbnail><marquee>~/../thumbs/Philips - Videopac/Named_Logos/Flipper Game (Europe) (Proto).png</marquee></game>
<game><path>./Philips Videopac+ NoIntro/Freedom Fighters (Europe).zip</path><name>Freedom Fighters (Europe)</name><image>~/../thumbs/Philips - Videopac/Named_Snaps/Freedom Fighters (Europe).png</image><titleshot>~/../thumbs/Philips - Videopac/Named_Titles/Freedom Fighters (Europe).png</titleshot><thumbnail>~/../thumbs/Philips - Videopac/Named_Boxarts/Freedom Fighters (Europe).png</thumbnail><marquee>~/../thumbs/Philips - Videopac/Named_Logos/Freedom Fighters (Europe).png</marquee></game>
<game><path>./Philips Videopac+ NoIntro/Guerre de l'Espace (France).zip</path><name>Guerre de l'Espace (France)</name><image>~/../thumbs/Philips - Videopac/Named_Snaps/Guerre de l'Espace (France).png</image><titleshot>~/../thumbs/Philips - Videopac/Named_Titles/Guerre de l'Espace (France).png</titleshot><thumbnail>~/../thumbs/Philips - Videopac/Named_Boxarts/Guerre de l'Espace (France).png</thumbnail><marquee>~/../thumbs/Philips - Videopac/Named_Logos/Guerre de l'Espace (France).png</marquee></game>
<game><path>./Philips Videopac+ NoIntro/Helicopter Rescue (Europe).zip</path><name>Helicopter Rescue (Europe)</name><image>~/../thumbs/Philips - Videopac/Named_Snaps/Helicopter Rescue (Europe).png</image><titleshot>~/../thumbs/Philips - Videopac/Named_Titles/Helicopter Rescue (Europe).png</titleshot><thumbnail>~/../thumbs/Philips - Videopac/Named_Boxarts/Helicopter Rescue (Europe).png</thumbnail><marquee>~/../thumbs/Philips - Videopac/Named_Logos/Helicopter Rescue (Europe).png</marquee></game>
<game><path>./Philips Videopac+ NoIntro/Jeu de Quilles + Basketball (France).zip</path><name>Jeu de Quilles + Basketball (France)</name><image>~/../thumbs/Philips - Videopac/Named_Snaps/Jeu de Quilles + Basketball (France).png</image><titleshot>~/../thumbs/Philips - Videopac/Named_Titles/Jeu de Quilles + Basketball (France).png</titleshot><thumbnail>~/../thumbs/Philips - Videopac/Named_Boxarts/Jeu de Quilles + Basketball (France).png</thumbnail><marquee>~/../thumbs/Philips - Videopac/Named_Logos/Jeu de Quilles + Basketball (France).png</marquee></game>
<game><path>./Philips Videopac+ NoIntro/Killer Bees (Europe).zip</path><name>Killer Bees (Europe)</name><image>~/../thumbs/Philips - Videopac/Named_Snaps/Killer Bees (Europe).png</image><titleshot>~/../thumbs/Philips - Videopac/Named_Titles/Killer Bees (Europe).png</titleshot><thumbnail>~/../thumbs/Philips - Videopac/Named_Boxarts/Killer Bees (Europe).png</thumbnail><marquee>~/../thumbs/Philips - Videopac/Named_Logos/Killer Bees (Europe).png</marquee></game>
<game><path>./Philips Videopac+ NoIntro/Loony Balloon (Europe).zip</path><name>Loony Balloon (Europe)</name><image>~/../thumbs/Philips - Videopac/Named_Snaps/Loony Balloon (Europe).png</image><titleshot>~/../thumbs/Philips - Videopac/Named_Titles/Loony Balloon (Europe).png</titleshot><thumbnail>~/../thumbs/Philips - Videopac/Named_Boxarts/Loony Balloon (Europe).png</thumbnail><marquee>~/../thumbs/Philips - Videopac/Named_Logos/Loony Balloon (Europe).png</marquee></game>
<game><path>./Philips Videopac+ NoIntro/Moto-Crash (France).zip</path><name>Moto-Crash (France)</name><image>~/../thumbs/Philips - Videopac/Named_Snaps/Moto-Crash (France).png</image><titleshot>~/../thumbs/Philips - Videopac/Named_Titles/Moto-Crash (France).png</titleshot><thumbnail>~/../thumbs/Philips - Videopac/Named_Boxarts/Moto-Crash (France).png</thumbnail><marquee>~/../thumbs/Philips - Videopac/Named_Logos/Moto-Crash (France).png</marquee></game>
<game><path>./Philips Videopac+ NoIntro/Neutron Star (Europe).zip</path><name>Neutron Star (Europe)</name><image>~/../thumbs/Philips - Videopac/Named_Snaps/Neutron Star (Europe).png</image><titleshot>~/../thumbs/Philips - Videopac/Named_Titles/Neutron Star (Europe).png</titleshot><thumbnail>~/../thumbs/Philips - Videopac/Named_Boxarts/Neutron Star (Europe).png</thumbnail><marquee>~/../thumbs/Philips - Videopac/Named_Logos/Neutron Star (Europe).png</marquee></game>
<game><path>./Philips Videopac+ NoIntro/Nightmare (Europe).zip</path><name>Nightmare (Europe)</name><image>~/../thumbs/Philips - Videopac/Named_Snaps/Nightmare (Europe).png</image><titleshot>~/../thumbs/Philips - Videopac/Named_Titles/Nightmare (Europe).png</titleshot><thumbnail>~/../thumbs/Philips - Videopac/Named_Boxarts/Nightmare (Europe).png</thumbnail><marquee>~/../thumbs/Philips - Videopac/Named_Logos/Nightmare (Europe).png</marquee></game>
<game><path>./Philips Videopac+ NoIntro/Norseman (Europe).zip</path><name>Norseman (Europe)</name><image>~/../thumbs/Philips - Videopac/Named_Snaps/Norseman (Europe).png</image><titleshot>~/../thumbs/Philips - Videopac/Named_Titles/Norseman (Europe).png</titleshot><thumbnail>~/../thumbs/Philips - Videopac/Named_Boxarts/Norseman (Europe).png</thumbnail><marquee>~/../thumbs/Philips - Videopac/Named_Logos/Norseman (Europe).png</marquee></game>
<game><path>./Philips Videopac+ NoIntro/Pickaxe Pete (Europe).zip</path><name>Pickaxe Pete (Europe)</name><image>~/../thumbs/Philips - Videopac/Named_Snaps/Pickaxe Pete (Europe).png</image><titleshot>~/../thumbs/Philips - Videopac/Named_Titles/Pickaxe Pete (Europe).png</titleshot><thumbnail>~/../thumbs/Philips - Videopac/Named_Boxarts/Pickaxe Pete (Europe).png</thumbnail><marquee>~/../thumbs/Philips - Videopac/Named_Logos/Pickaxe Pete (Europe).png</marquee></game>
<game><path>./Philips Videopac+ NoIntro/Race + Spin-out + Cryptogram (Europe).zip</path><name>Race + Spin-out + Cryptogram (Europe)</name><image>~/../thumbs/Philips - Videopac/Named_Snaps/Race + Spin-out + Cryptogram (Europe).png</image><titleshot>~/../thumbs/Philips - Videopac/Named_Titles/Race + Spin-out + Cryptogram (Europe).png</titleshot><thumbnail>~/../thumbs/Philips - Videopac/Named_Boxarts/Race + Spin-out + Cryptogram (Europe).png</thumbnail><marquee>~/../thumbs/Philips - Videopac/Named_Logos/Race + Spin-out + Cryptogram (Europe).png</marquee></game>
<game><path>./Philips Videopac+ NoIntro/Ruche Infernale, La (France).zip</path><name>Ruche Infernale, La (France)</name><image>~/../thumbs/Philips - Videopac/Named_Snaps/Ruche Infernale, La (France).png</image><titleshot>~/../thumbs/Philips - Videopac/Named_Titles/Ruche Infernale, La (France).png</titleshot><thumbnail>~/../thumbs/Philips - Videopac/Named_Boxarts/Ruche Infernale, La (France).png</thumbnail><marquee>~/../thumbs/Philips - Videopac/Named_Logos/Ruche Infernale, La (France).png</marquee></game>
<game><path>./Philips Videopac+ NoIntro/Satellite Attack (Europe).zip</path><name>Satellite Attack (Europe)</name><image>~/../thumbs/Philips - Videopac/Named_Snaps/Satellite Attack (Europe).png</image><titleshot>~/../thumbs/Philips - Videopac/Named_Titles/Satellite Attack (Europe).png</titleshot><thumbnail>~/../thumbs/Philips - Videopac/Named_Boxarts/Satellite Attack (Europe).png</thumbnail><marquee>~/../thumbs/Philips - Videopac/Named_Logos/Satellite Attack (Europe).png</marquee></game>
<game><path>./Philips Videopac+ NoIntro/Stone Sling (Europe).zip</path><name>Stone Sling (Europe)</name><image>~/../thumbs/Philips - Videopac/Named_Snaps/Stone Sling (Europe).png</image><titleshot>~/../thumbs/Philips - Videopac/Named_Titles/Stone Sling (Europe).png</titleshot><thumbnail>~/../thumbs/Philips - Videopac/Named_Boxarts/Stone Sling (Europe).png</thumbnail><marquee>~/../thumbs/Philips - Videopac/Named_Logos/Stone Sling (Europe).png</marquee></game>
<game><path>./Philips Videopac+ NoIntro/Syracuse (France).zip</path><name>Syracuse (France)</name><image>~/../thumbs/Philips - Videopac/Named_Snaps/Syracuse (France).png</image><titleshot>~/../thumbs/Philips - Videopac/Named_Titles/Syracuse (France).png</titleshot><thumbnail>~/../thumbs/Philips - Videopac/Named_Boxarts/Syracuse (France).png</thumbnail><marquee>~/../thumbs/Philips - Videopac/Named_Logos/Syracuse (France).png</marquee></game>
<game><path>./Philips Videopac+ NoIntro/Tenpin Bowling + Basketball (Europe) (Proto).zip</path><name>Tenpin Bowling + Basketball (Europe) (Proto)</name><image>~/../thumbs/Philips - Videopac/Named_Snaps/Tenpin Bowling + Basketball (Europe) (Proto).png</image><titleshot>~/../thumbs/Philips - Videopac/Named_Titles/Tenpin Bowling + Basketball (Europe) (Proto).png</titleshot><thumbnail>~/../thumbs/Philips - Videopac/Named_Boxarts/Tenpin Bowling + Basketball (Europe) (Proto).png</thumbnail><marquee>~/../thumbs/Philips - Videopac/Named_Logos/Tenpin Bowling + Basketball (Europe) (Proto).png</marquee></game>
<game><path>./Philips Videopac+ NoIntro/Terrahawks (Europe).zip</path><name>Terrahawks (Europe)</name><image>~/../thumbs/Philips - Videopac/Named_Snaps/Terrahawks (Europe).png</image><titleshot>~/../thumbs/Philips - Videopac/Named_Titles/Terrahawks (Europe).png</titleshot><thumbnail>~/../thumbs/Philips - Videopac/Named_Boxarts/Terrahawks (Europe).png</thumbnail><marquee>~/../thumbs/Philips - Videopac/Named_Logos/Terrahawks (Europe).png</marquee></game>
<game><path>./Philips Videopac+ NoIntro/Trans American Rally (Europe).zip</path><name>Trans American Rally (Europe)</name><image>~/../thumbs/Philips - Videopac/Named_Snaps/Trans American Rally (Europe).png</image><titleshot>~/../thumbs/Philips - Videopac/Named_Titles/Trans American Rally (Europe).png</titleshot><thumbnail>~/../thumbs/Philips - Videopac/Named_Boxarts/Trans American Rally (Europe).png</thumbnail><marquee>~/../thumbs/Philips - Videopac/Named_Logos/Trans American Rally (Europe).png</marquee></game>
<game><path>./Philips Videopac+ NoIntro/Tresor Englouti, Le (France).zip</path><name>Tresor Englouti, Le (France)</name><image>~/../thumbs/Philips - Videopac/Named_Snaps/Tresor Englouti, Le (France).png</image><titleshot>~/../thumbs/Philips - Videopac/Named_Titles/Tresor Englouti, Le (France).png</titleshot><thumbnail>~/../thumbs/Philips - Videopac/Named_Boxarts/Tresor Englouti, Le (France).png</thumbnail><marquee>~/../thumbs/Philips - Videopac/Named_Logos/Tresor Englouti, Le (France).png</marquee></game>
<game><path>./Philips Videopac+ NoIntro/[BIOS] Brandt Jopac (France).zip</path><name>[BIOS] Brandt Jopac (France)</name><image>~/../thumbs/Philips - Videopac/Named_Snaps/[BIOS] Brandt Jopac (France).png</image><titleshot>~/../thumbs/Philips - Videopac/Named_Titles/[BIOS] Brandt Jopac (France).png</titleshot><thumbnail>~/../thumbs/Philips - Videopac/Named_Boxarts/[BIOS] Brandt Jopac (France).png</thumbnail><marquee>~/../thumbs/Philips - Videopac/Named_Logos/[BIOS] Brandt Jopac (France).png</marquee><hidden>true</hidden></game>
<game><path>./Philips Videopac+ NoIntro/[BIOS] Philips Videopac+ (Europe).zip</path><name>[BIOS] Philips Videopac+ (Europe)</name><image>~/../thumbs/Philips - Videopac/Named_Snaps/[BIOS] Philips Videopac+ (Europe).png</image><titleshot>~/../thumbs/Philips - Videopac/Named_Titles/[BIOS] Philips Videopac+ (Europe).png</titleshot><thumbnail>~/../thumbs/Philips - Videopac/Named_Boxarts/[BIOS] Philips Videopac+ (Europe).png</thumbnail><marquee>~/../thumbs/Philips - Videopac/Named_Logos/[BIOS] Philips Videopac+ (Europe).png</marquee><hidden>true</hidden></game>
<folder><path>./Philips Videopac+ NoIntro</path><name>Philips Videopac+ NoIntro</name><image>~/../thumb/videopacplus.png</image></folder>
<game><path>./Philips Videopac+ TOSEC//home/runner/rom/TOSEC/Philips/Videopac+/Games/Philips Videopac+ - Games.zip</path><name>/home/runner/rom/TOSEC/Philips/Videopac+/Games/Philips Videopac+ - Games</name><image>~/../thumbs/Philips - Videopac/Named_Snaps//home/runner/rom/TOSEC/Philips/Videopac+/Games/Philips Videopac+ - Games.png</image><titleshot>~/../thumbs/Philips - Videopac/Named_Titles//home/runner/rom/TOSEC/Philips/Videopac+/Games/Philips Videopac+ - Games.png</titleshot><thumbnail>~/../thumbs/Philips - Videopac/Named_Boxarts//home/runner/rom/TOSEC/Philips/Videopac+/Games/Philips Videopac+ - Games.png</thumbnail><marquee>~/../thumbs/Philips - Videopac/Named_Logos//home/runner/rom/TOSEC/Philips/Videopac+/Games/Philips Videopac+ - Games.png</marquee></game>
<folder><path>./Philips Videopac+ TOSEC</path><name>Philips Videopac+ TOSEC</name><image>~/../thumb/videopacplus.png</image></folder>
</gameList>
