<gameList>
<game><path>./Welback Mega Duck NoIntro/2nd Space (World).zip</path><name>2nd Space (World)</name><image>~/../thumbs/Welback - Mega Duck/Named_Snaps/2nd Space (World).png</image><titleshot>~/../thumbs/Welback - Mega Duck/Named_Titles/2nd Space (World).png</titleshot><thumbnail>~/../thumbs/Welback - Mega Duck/Named_Boxarts/2nd Space (World).png</thumbnail><marquee>~/../thumbs/Welback - Mega Duck/Named_Logos/2nd Space (World).png</marquee></game>
<game><path>./Welback Mega Duck NoIntro/Ant Soldiers (World).zip</path><name>Ant Soldiers (World)</name><image>~/../thumbs/Welback - Mega Duck/Named_Snaps/Ant Soldiers (World).png</image><titleshot>~/../thumbs/Welback - Mega Duck/Named_Titles/Ant Soldiers (World).png</titleshot><thumbnail>~/../thumbs/Welback - Mega Duck/Named_Boxarts/Ant Soldiers (World).png</thumbnail><marquee>~/../thumbs/Welback - Mega Duck/Named_Logos/Ant Soldiers (World).png</marquee></game>
<game><path>./Welback Mega Duck NoIntro/Arctic Zone (World).zip</path><name>Arctic Zone (World)</name><image>~/../thumbs/Welback - Mega Duck/Named_Snaps/Arctic Zone (World).png</image><titleshot>~/../thumbs/Welback - Mega Duck/Named_Titles/Arctic Zone (World).png</titleshot><thumbnail>~/../thumbs/Welback - Mega Duck/Named_Boxarts/Arctic Zone (World).png</thumbnail><marquee>~/../thumbs/Welback - Mega Duck/Named_Logos/Arctic Zone (World).png</marquee></game>
<game><path>./Welback Mega Duck NoIntro/Armour Force (World).zip</path><name>Armour Force (World)</name><image>~/../thumbs/Welback - Mega Duck/Named_Snaps/Armour Force (World).png</image><titleshot>~/../thumbs/Welback - Mega Duck/Named_Titles/Armour Force (World).png</titleshot><thumbnail>~/../thumbs/Welback - Mega Duck/Named_Boxarts/Armour Force (World).png</thumbnail><marquee>~/../thumbs/Welback - Mega Duck/Named_Logos/Armour Force (World).png</marquee></game>
<game><path>./Welback Mega Duck NoIntro/Beast Fighter (World).zip</path><name>Beast Fighter (World)</name><image>~/../thumbs/Welback - Mega Duck/Named_Snaps/Beast Fighter (World).png</image><titleshot>~/../thumbs/Welback - Mega Duck/Named_Titles/Beast Fighter (World).png</titleshot><thumbnail>~/../thumbs/Welback - Mega Duck/Named_Boxarts/Beast Fighter (World).png</thumbnail><marquee>~/../thumbs/Welback - Mega Duck/Named_Logos/Beast Fighter (World).png</marquee></game>
<game><path>./Welback Mega Duck NoIntro/Black Forest Tale (World).zip</path><name>Black Forest Tale (World)</name><image>~/../thumbs/Welback - Mega Duck/Named_Snaps/Black Forest Tale (World).png</image><titleshot>~/../thumbs/Welback - Mega Duck/Named_Titles/Black Forest Tale (World).png</titleshot><thumbnail>~/../thumbs/Welback - Mega Duck/Named_Boxarts/Black Forest Tale (World).png</thumbnail><marquee>~/../thumbs/Welback - Mega Duck/Named_Logos/Black Forest Tale (World).png</marquee></game>
<game><path>./Welback Mega Duck NoIntro/Bomb Disposer (World).zip</path><name>Bomb Disposer (World)</name><image>~/../thumbs/Welback - Mega Duck/Named_Snaps/Bomb Disposer (World).png</image><titleshot>~/../thumbs/Welback - Mega Duck/Named_Titles/Bomb Disposer (World).png</titleshot><thumbnail>~/../thumbs/Welback - Mega Duck/Named_Boxarts/Bomb Disposer (World).png</thumbnail><marquee>~/../thumbs/Welback - Mega Duck/Named_Logos/Bomb Disposer (World).png</marquee></game>
<game><path>./Welback Mega Duck NoIntro/Captain Knick Knack (World).zip</path><name>Captain Knick Knack (World)</name><image>~/../thumbs/Welback - Mega Duck/Named_Snaps/Captain Knick Knack (World).png</image><titleshot>~/../thumbs/Welback - Mega Duck/Named_Titles/Captain Knick Knack (World).png</titleshot><thumbnail>~/../thumbs/Welback - Mega Duck/Named_Boxarts/Captain Knick Knack (World).png</thumbnail><marquee>~/../thumbs/Welback - Mega Duck/Named_Logos/Captain Knick Knack (World).png</marquee></game>
<game><path>./Welback Mega Duck NoIntro/Commin 5 in 1 (World).zip</path><name>Commin 5 in 1 (World)</name><image>~/../thumbs/Welback - Mega Duck/Named_Snaps/Commin 5 in 1 (World).png</image><titleshot>~/../thumbs/Welback - Mega Duck/Named_Titles/Commin 5 in 1 (World).png</titleshot><thumbnail>~/../thumbs/Welback - Mega Duck/Named_Boxarts/Commin 5 in 1 (World).png</thumbnail><marquee>~/../thumbs/Welback - Mega Duck/Named_Logos/Commin 5 in 1 (World).png</marquee></game>
<game><path>./Welback Mega Duck NoIntro/Duck Adventures (World).zip</path><name>Duck Adventures (World)</name><image>~/../thumbs/Welback - Mega Duck/Named_Snaps/Duck Adventures (World).png</image><titleshot>~/../thumbs/Welback - Mega Duck/Named_Titles/Duck Adventures (World).png</titleshot><thumbnail>~/../thumbs/Welback - Mega Duck/Named_Boxarts/Duck Adventures (World).png</thumbnail><marquee>~/../thumbs/Welback - Mega Duck/Named_Logos/Duck Adventures (World).png</marquee></game>
<game><path>./Welback Mega Duck NoIntro/Magic Maze (World).zip</path><name>Magic Maze (World)</name><image>~/../thumbs/Welback - Mega Duck/Named_Snaps/Magic Maze (World).png</image><titleshot>~/../thumbs/Welback - Mega Duck/Named_Titles/Magic Maze (World).png</titleshot><thumbnail>~/../thumbs/Welback - Mega Duck/Named_Boxarts/Magic Maze (World).png</thumbnail><marquee>~/../thumbs/Welback - Mega Duck/Named_Logos/Magic Maze (World).png</marquee></game>
<game><path>./Welback Mega Duck NoIntro/Magical Tower (World).zip</path><name>Magical Tower (World)</name><image>~/../thumbs/Welback - Mega Duck/Named_Snaps/Magical Tower (World).png</image><titleshot>~/../thumbs/Welback - Mega Duck/Named_Titles/Magical Tower (World).png</titleshot><thumbnail>~/../thumbs/Welback - Mega Duck/Named_Boxarts/Magical Tower (World).png</thumbnail><marquee>~/../thumbs/Welback - Mega Duck/Named_Logos/Magical Tower (World).png</marquee></game>
<game><path>./Welback Mega Duck NoIntro/Mega Duck 4 in 1 (World).zip</path><name>Mega Duck 4 in 1 (World)</name><image>~/../thumbs/Welback - Mega Duck/Named_Snaps/Mega Duck 4 in 1 (World).png</image><titleshot>~/../thumbs/Welback - Mega Duck/Named_Titles/Mega Duck 4 in 1 (World).png</titleshot><thumbnail>~/../thumbs/Welback - Mega Duck/Named_Boxarts/Mega Duck 4 in 1 (World).png</thumbnail><marquee>~/../thumbs/Welback - Mega Duck/Named_Logos/Mega Duck 4 in 1 (World).png</marquee></game>
<game><path>./Welback Mega Duck NoIntro/Pile Wonder (World) (Alt).zip</path><name>Pile Wonder (World) (Alt)</name><image>~/../thumbs/Welback - Mega Duck/Named_Snaps/Pile Wonder (World).png</image><titleshot>~/../thumbs/Welback - Mega Duck/Named_Titles/Pile Wonder (World).png</titleshot><thumbnail>~/../thumbs/Welback - Mega Duck/Named_Boxarts/Pile Wonder (World).png</thumbnail><marquee>~/../thumbs/Welback - Mega Duck/Named_Logos/Pile Wonder (World).png</marquee></game>
<game><path>./Welback Mega Duck NoIntro/Pile Wonder (World).zip</path><name>Pile Wonder (World)</name><image>~/../thumbs/Welback - Mega Duck/Named_Snaps/Pile Wonder (World).png</image><titleshot>~/../thumbs/Welback - Mega Duck/Named_Titles/Pile Wonder (World).png</titleshot><thumbnail>~/../thumbs/Welback - Mega Duck/Named_Boxarts/Pile Wonder (World).png</thumbnail><marquee>~/../thumbs/Welback - Mega Duck/Named_Logos/Pile Wonder (World).png</marquee></game>
<game><path>./Welback Mega Duck NoIntro/Puppet Knight (World).zip</path><name>Puppet Knight (World)</name><image>~/../thumbs/Welback - Mega Duck/Named_Snaps/Puppet Knight (World).png</image><titleshot>~/../thumbs/Welback - Mega Duck/Named_Titles/Puppet Knight (World).png</titleshot><thumbnail>~/../thumbs/Welback - Mega Duck/Named_Boxarts/Puppet Knight (World).png</thumbnail><marquee>~/../thumbs/Welback - Mega Duck/Named_Logos/Puppet Knight (World).png</marquee></game>
<game><path>./Welback Mega Duck NoIntro/Railway (World).zip</path><name>Railway (World)</name><image>~/../thumbs/Welback - Mega Duck/Named_Snaps/Railway (World).png</image><titleshot>~/../thumbs/Welback - Mega Duck/Named_Titles/Railway (World).png</titleshot><thumbnail>~/../thumbs/Welback - Mega Duck/Named_Boxarts/Railway (World).png</thumbnail><marquee>~/../thumbs/Welback - Mega Duck/Named_Logos/Railway (World).png</marquee></game>
<game><path>./Welback Mega Duck NoIntro/Snake Roy (World).zip</path><name>Snake Roy (World)</name><image>~/../thumbs/Welback - Mega Duck/Named_Snaps/Snake Roy (World).png</image><titleshot>~/../thumbs/Welback - Mega Duck/Named_Titles/Snake Roy (World).png</titleshot><thumbnail>~/../thumbs/Welback - Mega Duck/Named_Boxarts/Snake Roy (World).png</thumbnail><marquee>~/../thumbs/Welback - Mega Duck/Named_Logos/Snake Roy (World).png</marquee></game>
<game><path>./Welback Mega Duck NoIntro/Street Rider (World).zip</path><name>Street Rider (World)</name><image>~/../thumbs/Welback - Mega Duck/Named_Snaps/Street Rider (World).png</image><titleshot>~/../thumbs/Welback - Mega Duck/Named_Titles/Street Rider (World).png</titleshot><thumbnail>~/../thumbs/Welback - Mega Duck/Named_Boxarts/Street Rider (World).png</thumbnail><marquee>~/../thumbs/Welback - Mega Duck/Named_Logos/Street Rider (World).png</marquee></game>
<game><path>./Welback Mega Duck NoIntro/Suleiman's Treasure (World).zip</path><name>Suleiman's Treasure (World)</name><image>~/../thumbs/Welback - Mega Duck/Named_Snaps/Suleiman's Treasure (World).png</image><titleshot>~/../thumbs/Welback - Mega Duck/Named_Titles/Suleiman's Treasure (World).png</titleshot><thumbnail>~/../thumbs/Welback - Mega Duck/Named_Boxarts/Suleiman's Treasure (World).png</thumbnail><marquee>~/../thumbs/Welback - Mega Duck/Named_Logos/Suleiman's Treasure (World).png</marquee></game>
<game><path>./Welback Mega Duck NoIntro/The Brick Wall (World).zip</path><name>The Brick Wall (World)</name><image>~/../thumbs/Welback - Mega Duck/Named_Snaps/The Brick Wall (World).png</image><titleshot>~/../thumbs/Welback - Mega Duck/Named_Titles/The Brick Wall (World).png</titleshot><thumbnail>~/../thumbs/Welback - Mega Duck/Named_Boxarts/The Brick Wall (World).png</thumbnail><marquee>~/../thumbs/Welback - Mega Duck/Named_Logos/The Brick Wall (World).png</marquee></game>
<game><path>./Welback Mega Duck NoIntro/Trap Turn (World).zip</path><name>Trap Turn (World)</name><image>~/../thumbs/Welback - Mega Duck/Named_Snaps/Trap Turn (World).png</image><titleshot>~/../thumbs/Welback - Mega Duck/Named_Titles/Trap Turn (World).png</titleshot><thumbnail>~/../thumbs/Welback - Mega Duck/Named_Boxarts/Trap Turn (World).png</thumbnail><marquee>~/../thumbs/Welback - Mega Duck/Named_Logos/Trap Turn (World).png</marquee></game>
<game><path>./Welback Mega Duck NoIntro/Vex (World).zip</path><name>Vex (World)</name><image>~/../thumbs/Welback - Mega Duck/Named_Snaps/Vex (World).png</image><titleshot>~/../thumbs/Welback - Mega Duck/Named_Titles/Vex (World).png</titleshot><thumbnail>~/../thumbs/Welback - Mega Duck/Named_Boxarts/Vex (World).png</thumbnail><marquee>~/../thumbs/Welback - Mega Duck/Named_Logos/Vex (World).png</marquee></game>
<game><path>./Welback Mega Duck NoIntro/Worm Visitor (World).zip</path><name>Worm Visitor (World)</name><image>~/../thumbs/Welback - Mega Duck/Named_Snaps/Worm Visitor (World).png</image><titleshot>~/../thumbs/Welback - Mega Duck/Named_Titles/Worm Visitor (World).png</titleshot><thumbnail>~/../thumbs/Welback - Mega Duck/Named_Boxarts/Worm Visitor (World).png</thumbnail><marquee>~/../thumbs/Welback - Mega Duck/Named_Logos/Worm Visitor (World).png</marquee></game>
<game><path>./Welback Mega Duck NoIntro/Zipball (World).zip</path><name>Zipball (World)</name><image>~/../thumbs/Welback - Mega Duck/Named_Snaps/Zipball (World).png</image><titleshot>~/../thumbs/Welback - Mega Duck/Named_Titles/Zipball (World).png</titleshot><thumbnail>~/../thumbs/Welback - Mega Duck/Named_Boxarts/Zipball (World).png</thumbnail><marquee>~/../thumbs/Welback - Mega Duck/Named_Logos/Zipball (World).png</marquee></game>
<folder><path>./Welback Mega Duck NoIntro</path><name>Welback Mega Duck NoIntro</name><image>~/../thumb/megaduck.png</image></folder>
<game><path>./Welback Mega Duck Merged/2ndspace.zip</path><name>2ndspace</name><image>~/../thumbs/Welback - Mega Duck/Named_Snaps/2ndspace.png</image><titleshot>~/../thumbs/Welback - Mega Duck/Named_Titles/2ndspace.png</titleshot><thumbnail>~/../thumbs/Welback - Mega Duck/Named_Boxarts/2ndspace.png</thumbnail><marquee>~/../thumbs/Welback - Mega Duck/Named_Logos/2ndspace.png</marquee></game>
<game><path>./Welback Mega Duck Merged/aforce.zip</path><name>aforce</name><image>~/../thumbs/Welback - Mega Duck/Named_Snaps/aforce.png</image><titleshot>~/../thumbs/Welback - Mega Duck/Named_Titles/aforce.png</titleshot><thumbnail>~/../thumbs/Welback - Mega Duck/Named_Boxarts/aforce.png</thumbnail><marquee>~/../thumbs/Welback - Mega Duck/Named_Logos/aforce.png</marquee></game>
<game><path>./Welback Mega Duck Merged/antsoldr.zip</path><name>antsoldr</name><image>~/../thumbs/Welback - Mega Duck/Named_Snaps/antsoldr.png</image><titleshot>~/../thumbs/Welback - Mega Duck/Named_Titles/antsoldr.png</titleshot><thumbnail>~/../thumbs/Welback - Mega Duck/Named_Boxarts/antsoldr.png</thumbnail><marquee>~/../thumbs/Welback - Mega Duck/Named_Logos/antsoldr.png</marquee></game>
<game><path>./Welback Mega Duck Merged/arczone.zip</path><name>arczone</name><image>~/../thumbs/Welback - Mega Duck/Named_Snaps/arczone.png</image><titleshot>~/../thumbs/Welback - Mega Duck/Named_Titles/arczone.png</titleshot><thumbnail>~/../thumbs/Welback - Mega Duck/Named_Boxarts/arczone.png</thumbnail><marquee>~/../thumbs/Welback - Mega Duck/Named_Logos/arczone.png</marquee></game>
<game><path>./Welback Mega Duck Merged/bftale.zip</path><name>bftale</name><image>~/../thumbs/Welback - Mega Duck/Named_Snaps/bftale.png</image><titleshot>~/../thumbs/Welback - Mega Duck/Named_Titles/bftale.png</titleshot><thumbnail>~/../thumbs/Welback - Mega Duck/Named_Boxarts/bftale.png</thumbnail><marquee>~/../thumbs/Welback - Mega Duck/Named_Logos/bftale.png</marquee></game>
<game><path>./Welback Mega Duck Merged/bildrlex.zip</path><name>bildrlex</name><image>~/../thumbs/Welback - Mega Duck/Named_Snaps/bildrlex.png</image><titleshot>~/../thumbs/Welback - Mega Duck/Named_Titles/bildrlex.png</titleshot><thumbnail>~/../thumbs/Welback - Mega Duck/Named_Boxarts/bildrlex.png</thumbnail><marquee>~/../thumbs/Welback - Mega Duck/Named_Logos/bildrlex.png</marquee></game>
<game><path>./Welback Mega Duck Merged/bombdisp.zip</path><name>bombdisp</name><image>~/../thumbs/Welback - Mega Duck/Named_Snaps/bombdisp.png</image><titleshot>~/../thumbs/Welback - Mega Duck/Named_Titles/bombdisp.png</titleshot><thumbnail>~/../thumbs/Welback - Mega Duck/Named_Boxarts/bombdisp.png</thumbnail><marquee>~/../thumbs/Welback - Mega Duck/Named_Logos/bombdisp.png</marquee></game>
<game><path>./Welback Mega Duck Merged/brckwall.zip</path><name>brckwall</name><image>~/../thumbs/Welback - Mega Duck/Named_Snaps/brckwall.png</image><titleshot>~/../thumbs/Welback - Mega Duck/Named_Titles/brckwall.png</titleshot><thumbnail>~/../thumbs/Welback - Mega Duck/Named_Boxarts/brckwall.png</thumbnail><marquee>~/../thumbs/Welback - Mega Duck/Named_Logos/brckwall.png</marquee></game>
<game><path>./Welback Mega Duck Merged/bstfgtr.zip</path><name>bstfgtr</name><image>~/../thumbs/Welback - Mega Duck/Named_Snaps/bstfgtr.png</image><titleshot>~/../thumbs/Welback - Mega Duck/Named_Titles/bstfgtr.png</titleshot><thumbnail>~/../thumbs/Welback - Mega Duck/Named_Boxarts/bstfgtr.png</thumbnail><marquee>~/../thumbs/Welback - Mega Duck/Named_Logos/bstfgtr.png</marquee></game>
<game><path>./Welback Mega Duck Merged/c5in1.zip</path><name>c5in1</name><image>~/../thumbs/Welback - Mega Duck/Named_Snaps/c5in1.png</image><titleshot>~/../thumbs/Welback - Mega Duck/Named_Titles/c5in1.png</titleshot><thumbnail>~/../thumbs/Welback - Mega Duck/Named_Boxarts/c5in1.png</thumbnail><marquee>~/../thumbs/Welback - Mega Duck/Named_Logos/c5in1.png</marquee></game>
<game><path>./Welback Mega Duck Merged/captkk.zip</path><name>captkk</name><image>~/../thumbs/Welback - Mega Duck/Named_Snaps/captkk.png</image><titleshot>~/../thumbs/Welback - Mega Duck/Named_Titles/captkk.png</titleshot><thumbnail>~/../thumbs/Welback - Mega Duck/Named_Boxarts/captkk.png</thumbnail><marquee>~/../thumbs/Welback - Mega Duck/Named_Logos/captkk.png</marquee></game>
<game><path>./Welback Mega Duck Merged/duckadv.zip</path><name>duckadv</name><image>~/../thumbs/Welback - Mega Duck/Named_Snaps/duckadv.png</image><titleshot>~/../thumbs/Welback - Mega Duck/Named_Titles/duckadv.png</titleshot><thumbnail>~/../thumbs/Welback - Mega Duck/Named_Boxarts/duckadv.png</thumbnail><marquee>~/../thumbs/Welback - Mega Duck/Named_Logos/duckadv.png</marquee></game>
<game><path>./Welback Mega Duck Merged/magictwr.zip</path><name>magictwr</name><image>~/../thumbs/Welback - Mega Duck/Named_Snaps/magictwr.png</image><titleshot>~/../thumbs/Welback - Mega Duck/Named_Titles/magictwr.png</titleshot><thumbnail>~/../thumbs/Welback - Mega Duck/Named_Boxarts/magictwr.png</thumbnail><marquee>~/../thumbs/Welback - Mega Duck/Named_Logos/magictwr.png</marquee></game>
<game><path>./Welback Mega Duck Merged/md4in1.zip</path><name>md4in1</name><image>~/../thumbs/Welback - Mega Duck/Named_Snaps/md4in1.png</image><titleshot>~/../thumbs/Welback - Mega Duck/Named_Titles/md4in1.png</titleshot><thumbnail>~/../thumbs/Welback - Mega Duck/Named_Boxarts/md4in1.png</thumbnail><marquee>~/../thumbs/Welback - Mega Duck/Named_Logos/md4in1.png</marquee></game>
<game><path>./Welback Mega Duck Merged/mmaze.zip</path><name>mmaze</name><image>~/../thumbs/Welback - Mega Duck/Named_Snaps/mmaze.png</image><titleshot>~/../thumbs/Welback - Mega Duck/Named_Titles/mmaze.png</titleshot><thumbnail>~/../thumbs/Welback - Mega Duck/Named_Boxarts/mmaze.png</thumbnail><marquee>~/../thumbs/Welback - Mega Duck/Named_Logos/mmaze.png</marquee></game>
<game><path>./Welback Mega Duck Merged/pilewndr.zip</path><name>pilewndr</name><image>~/../thumbs/Welback - Mega Duck/Named_Snaps/pilewndr.png</image><titleshot>~/../thumbs/Welback - Mega Duck/Named_Titles/pilewndr.png</titleshot><thumbnail>~/../thumbs/Welback - Mega Duck/Named_Boxarts/pilewndr.png</thumbnail><marquee>~/../thumbs/Welback - Mega Duck/Named_Logos/pilewndr.png</marquee></game>
<game><path>./Welback Mega Duck Merged/puptkngt.zip</path><name>puptkngt</name><image>~/../thumbs/Welback - Mega Duck/Named_Snaps/puptkngt.png</image><titleshot>~/../thumbs/Welback - Mega Duck/Named_Titles/puptkngt.png</titleshot><thumbnail>~/../thumbs/Welback - Mega Duck/Named_Boxarts/puptkngt.png</thumbnail><marquee>~/../thumbs/Welback - Mega Duck/Named_Logos/puptkngt.png</marquee></game>
<game><path>./Welback Mega Duck Merged/railway.zip</path><name>railway</name><image>~/../thumbs/Welback - Mega Duck/Named_Snaps/railway.png</image><titleshot>~/../thumbs/Welback - Mega Duck/Named_Titles/railway.png</titleshot><thumbnail>~/../thumbs/Welback - Mega Duck/Named_Boxarts/railway.png</thumbnail><marquee>~/../thumbs/Welback - Mega Duck/Named_Logos/railway.png</marquee></game>
<game><path>./Welback Mega Duck Merged/snakeroy.zip</path><name>snakeroy</name><image>~/../thumbs/Welback - Mega Duck/Named_Snaps/snakeroy.png</image><titleshot>~/../thumbs/Welback - Mega Duck/Named_Titles/snakeroy.png</titleshot><thumbnail>~/../thumbs/Welback - Mega Duck/Named_Boxarts/snakeroy.png</thumbnail><marquee>~/../thumbs/Welback - Mega Duck/Named_Logos/snakeroy.png</marquee></game>
<game><path>./Welback Mega Duck Merged/srider.zip</path><name>srider</name><image>~/../thumbs/Welback - Mega Duck/Named_Snaps/srider.png</image><titleshot>~/../thumbs/Welback - Mega Duck/Named_Titles/srider.png</titleshot><thumbnail>~/../thumbs/Welback - Mega Duck/Named_Boxarts/srider.png</thumbnail><marquee>~/../thumbs/Welback - Mega Duck/Named_Logos/srider.png</marquee></game>
<game><path>./Welback Mega Duck Merged/trapturn.zip</path><name>trapturn</name><image>~/../thumbs/Welback - Mega Duck/Named_Snaps/trapturn.png</image><titleshot>~/../thumbs/Welback - Mega Duck/Named_Titles/trapturn.png</titleshot><thumbnail>~/../thumbs/Welback - Mega Duck/Named_Boxarts/trapturn.png</thumbnail><marquee>~/../thumbs/Welback - Mega Duck/Named_Logos/trapturn.png</marquee></game>
<game><path>./Welback Mega Duck Merged/treasure.zip</path><name>treasure</name><image>~/../thumbs/Welback - Mega Duck/Named_Snaps/treasure.png</image><titleshot>~/../thumbs/Welback - Mega Duck/Named_Titles/treasure.png</titleshot><thumbnail>~/../thumbs/Welback - Mega Duck/Named_Boxarts/treasure.png</thumbnail><marquee>~/../thumbs/Welback - Mega Duck/Named_Logos/treasure.png</marquee></game>
<game><path>./Welback Mega Duck Merged/vex.zip</path><name>vex</name><image>~/../thumbs/Welback - Mega Duck/Named_Snaps/vex.png</image><titleshot>~/../thumbs/Welback - Mega Duck/Named_Titles/vex.png</titleshot><thumbnail>~/../thumbs/Welback - Mega Duck/Named_Boxarts/vex.png</thumbnail><marquee>~/../thumbs/Welback - Mega Duck/Named_Logos/vex.png</marquee></game>
<game><path>./Welback Mega Duck Merged/wormvstr.zip</path><name>wormvstr</name><image>~/../thumbs/Welback - Mega Duck/Named_Snaps/wormvstr.png</image><titleshot>~/../thumbs/Welback - Mega Duck/Named_Titles/wormvstr.png</titleshot><thumbnail>~/../thumbs/Welback - Mega Duck/Named_Boxarts/wormvstr.png</thumbnail><marquee>~/../thumbs/Welback - Mega Duck/Named_Logos/wormvstr.png</marquee></game>
<game><path>./Welback Mega Duck Merged/zipball.zip</path><name>zipball</name><image>~/../thumbs/Welback - Mega Duck/Named_Snaps/zipball.png</image><titleshot>~/../thumbs/Welback - Mega Duck/Named_Titles/zipball.png</titleshot><thumbnail>~/../thumbs/Welback - Mega Duck/Named_Boxarts/zipball.png</thumbnail><marquee>~/../thumbs/Welback - Mega Duck/Named_Logos/zipball.png</marquee></game>
<folder><path>./Welback Mega Duck Merged</path><name>Welback Mega Duck Merged</name><image>~/../thumb/megaduck.png</image></folder>
<game><path>./Welback Mega Duck Split/2ndspace.zip</path><name>2ndspace</name><image>~/../thumbs/Welback - Mega Duck/Named_Snaps/2ndspace.png</image><titleshot>~/../thumbs/Welback - Mega Duck/Named_Titles/2ndspace.png</titleshot><thumbnail>~/../thumbs/Welback - Mega Duck/Named_Boxarts/2ndspace.png</thumbnail><marquee>~/../thumbs/Welback - Mega Duck/Named_Logos/2ndspace.png</marquee></game>
<game><path>./Welback Mega Duck Split/aforce.zip</path><name>aforce</name><image>~/../thumbs/Welback - Mega Duck/Named_Snaps/aforce.png</image><titleshot>~/../thumbs/Welback - Mega Duck/Named_Titles/aforce.png</titleshot><thumbnail>~/../thumbs/Welback - Mega Duck/Named_Boxarts/aforce.png</thumbnail><marquee>~/../thumbs/Welback - Mega Duck/Named_Logos/aforce.png</marquee></game>
<game><path>./Welback Mega Duck Split/antsoldr.zip</path><name>antsoldr</name><image>~/../thumbs/Welback - Mega Duck/Named_Snaps/antsoldr.png</image><titleshot>~/../thumbs/Welback - Mega Duck/Named_Titles/antsoldr.png</titleshot><thumbnail>~/../thumbs/Welback - Mega Duck/Named_Boxarts/antsoldr.png</thumbnail><marquee>~/../thumbs/Welback - Mega Duck/Named_Logos/antsoldr.png</marquee></game>
<game><path>./Welback Mega Duck Split/arczone.zip</path><name>arczone</name><image>~/../thumbs/Welback - Mega Duck/Named_Snaps/arczone.png</image><titleshot>~/../thumbs/Welback - Mega Duck/Named_Titles/arczone.png</titleshot><thumbnail>~/../thumbs/Welback - Mega Duck/Named_Boxarts/arczone.png</thumbnail><marquee>~/../thumbs/Welback - Mega Duck/Named_Logos/arczone.png</marquee></game>
<game><path>./Welback Mega Duck Split/bftale.zip</path><name>bftale</name><image>~/../thumbs/Welback - Mega Duck/Named_Snaps/bftale.png</image><titleshot>~/../thumbs/Welback - Mega Duck/Named_Titles/bftale.png</titleshot><thumbnail>~/../thumbs/Welback - Mega Duck/Named_Boxarts/bftale.png</thumbnail><marquee>~/../thumbs/Welback - Mega Duck/Named_Logos/bftale.png</marquee></game>
<game><path>./Welback Mega Duck Split/bildrlex.zip</path><name>bildrlex</name><image>~/../thumbs/Welback - Mega Duck/Named_Snaps/bildrlex.png</image><titleshot>~/../thumbs/Welback - Mega Duck/Named_Titles/bildrlex.png</titleshot><thumbnail>~/../thumbs/Welback - Mega Duck/Named_Boxarts/bildrlex.png</thumbnail><marquee>~/../thumbs/Welback - Mega Duck/Named_Logos/bildrlex.png</marquee></game>
<game><path>./Welback Mega Duck Split/bombdisp.zip</path><name>bombdisp</name><image>~/../thumbs/Welback - Mega Duck/Named_Snaps/bombdisp.png</image><titleshot>~/../thumbs/Welback - Mega Duck/Named_Titles/bombdisp.png</titleshot><thumbnail>~/../thumbs/Welback - Mega Duck/Named_Boxarts/bombdisp.png</thumbnail><marquee>~/../thumbs/Welback - Mega Duck/Named_Logos/bombdisp.png</marquee></game>
<game><path>./Welback Mega Duck Split/brckwall.zip</path><name>brckwall</name><image>~/../thumbs/Welback - Mega Duck/Named_Snaps/brckwall.png</image><titleshot>~/../thumbs/Welback - Mega Duck/Named_Titles/brckwall.png</titleshot><thumbnail>~/../thumbs/Welback - Mega Duck/Named_Boxarts/brckwall.png</thumbnail><marquee>~/../thumbs/Welback - Mega Duck/Named_Logos/brckwall.png</marquee></game>
<game><path>./Welback Mega Duck Split/bstfgtr.zip</path><name>bstfgtr</name><image>~/../thumbs/Welback - Mega Duck/Named_Snaps/bstfgtr.png</image><titleshot>~/../thumbs/Welback - Mega Duck/Named_Titles/bstfgtr.png</titleshot><thumbnail>~/../thumbs/Welback - Mega Duck/Named_Boxarts/bstfgtr.png</thumbnail><marquee>~/../thumbs/Welback - Mega Duck/Named_Logos/bstfgtr.png</marquee></game>
<game><path>./Welback Mega Duck Split/c5in1.zip</path><name>c5in1</name><image>~/../thumbs/Welback - Mega Duck/Named_Snaps/c5in1.png</image><titleshot>~/../thumbs/Welback - Mega Duck/Named_Titles/c5in1.png</titleshot><thumbnail>~/../thumbs/Welback - Mega Duck/Named_Boxarts/c5in1.png</thumbnail><marquee>~/../thumbs/Welback - Mega Duck/Named_Logos/c5in1.png</marquee></game>
<game><path>./Welback Mega Duck Split/captkk.zip</path><name>captkk</name><image>~/../thumbs/Welback - Mega Duck/Named_Snaps/captkk.png</image><titleshot>~/../thumbs/Welback - Mega Duck/Named_Titles/captkk.png</titleshot><thumbnail>~/../thumbs/Welback - Mega Duck/Named_Boxarts/captkk.png</thumbnail><marquee>~/../thumbs/Welback - Mega Duck/Named_Logos/captkk.png</marquee></game>
<game><path>./Welback Mega Duck Split/duckadv.zip</path><name>duckadv</name><image>~/../thumbs/Welback - Mega Duck/Named_Snaps/duckadv.png</image><titleshot>~/../thumbs/Welback - Mega Duck/Named_Titles/duckadv.png</titleshot><thumbnail>~/../thumbs/Welback - Mega Duck/Named_Boxarts/duckadv.png</thumbnail><marquee>~/../thumbs/Welback - Mega Duck/Named_Logos/duckadv.png</marquee></game>
<game><path>./Welback Mega Duck Split/magictwr.zip</path><name>magictwr</name><image>~/../thumbs/Welback - Mega Duck/Named_Snaps/magictwr.png</image><titleshot>~/../thumbs/Welback - Mega Duck/Named_Titles/magictwr.png</titleshot><thumbnail>~/../thumbs/Welback - Mega Duck/Named_Boxarts/magictwr.png</thumbnail><marquee>~/../thumbs/Welback - Mega Duck/Named_Logos/magictwr.png</marquee></game>
<game><path>./Welback Mega Duck Split/md4in1.zip</path><name>md4in1</name><image>~/../thumbs/Welback - Mega Duck/Named_Snaps/md4in1.png</image><titleshot>~/../thumbs/Welback - Mega Duck/Named_Titles/md4in1.png</titleshot><thumbnail>~/../thumbs/Welback - Mega Duck/Named_Boxarts/md4in1.png</thumbnail><marquee>~/../thumbs/Welback - Mega Duck/Named_Logos/md4in1.png</marquee></game>
<game><path>./Welback Mega Duck Split/mmaze.zip</path><name>mmaze</name><image>~/../thumbs/Welback - Mega Duck/Named_Snaps/mmaze.png</image><titleshot>~/../thumbs/Welback - Mega Duck/Named_Titles/mmaze.png</titleshot><thumbnail>~/../thumbs/Welback - Mega Duck/Named_Boxarts/mmaze.png</thumbnail><marquee>~/../thumbs/Welback - Mega Duck/Named_Logos/mmaze.png</marquee></game>
<game><path>./Welback Mega Duck Split/pilewndr.zip</path><name>pilewndr</name><image>~/../thumbs/Welback - Mega Duck/Named_Snaps/pilewndr.png</image><titleshot>~/../thumbs/Welback - Mega Duck/Named_Titles/pilewndr.png</titleshot><thumbnail>~/../thumbs/Welback - Mega Duck/Named_Boxarts/pilewndr.png</thumbnail><marquee>~/../thumbs/Welback - Mega Duck/Named_Logos/pilewndr.png</marquee></game>
<game><path>./Welback Mega Duck Split/pilewndra.zip</path><name>pilewndra</name><image>~/../thumbs/Welback - Mega Duck/Named_Snaps/pilewndra.png</image><titleshot>~/../thumbs/Welback - Mega Duck/Named_Titles/pilewndra.png</titleshot><thumbnail>~/../thumbs/Welback - Mega Duck/Named_Boxarts/pilewndra.png</thumbnail><marquee>~/../thumbs/Welback - Mega Duck/Named_Logos/pilewndra.png</marquee></game>
<game><path>./Welback Mega Duck Split/puptkngt.zip</path><name>puptkngt</name><image>~/../thumbs/Welback - Mega Duck/Named_Snaps/puptkngt.png</image><titleshot>~/../thumbs/Welback - Mega Duck/Named_Titles/puptkngt.png</titleshot><thumbnail>~/../thumbs/Welback - Mega Duck/Named_Boxarts/puptkngt.png</thumbnail><marquee>~/../thumbs/Welback - Mega Duck/Named_Logos/puptkngt.png</marquee></game>
<game><path>./Welback Mega Duck Split/railway.zip</path><name>railway</name><image>~/../thumbs/Welback - Mega Duck/Named_Snaps/railway.png</image><titleshot>~/../thumbs/Welback - Mega Duck/Named_Titles/railway.png</titleshot><thumbnail>~/../thumbs/Welback - Mega Duck/Named_Boxarts/railway.png</thumbnail><marquee>~/../thumbs/Welback - Mega Duck/Named_Logos/railway.png</marquee></game>
<game><path>./Welback Mega Duck Split/snakeroy.zip</path><name>snakeroy</name><image>~/../thumbs/Welback - Mega Duck/Named_Snaps/snakeroy.png</image><titleshot>~/../thumbs/Welback - Mega Duck/Named_Titles/snakeroy.png</titleshot><thumbnail>~/../thumbs/Welback - Mega Duck/Named_Boxarts/snakeroy.png</thumbnail><marquee>~/../thumbs/Welback - Mega Duck/Named_Logos/snakeroy.png</marquee></game>
<game><path>./Welback Mega Duck Split/srider.zip</path><name>srider</name><image>~/../thumbs/Welback - Mega Duck/Named_Snaps/srider.png</image><titleshot>~/../thumbs/Welback - Mega Duck/Named_Titles/srider.png</titleshot><thumbnail>~/../thumbs/Welback - Mega Duck/Named_Boxarts/srider.png</thumbnail><marquee>~/../thumbs/Welback - Mega Duck/Named_Logos/srider.png</marquee></game>
<game><path>./Welback Mega Duck Split/trapturn.zip</path><name>trapturn</name><image>~/../thumbs/Welback - Mega Duck/Named_Snaps/trapturn.png</image><titleshot>~/../thumbs/Welback - Mega Duck/Named_Titles/trapturn.png</titleshot><thumbnail>~/../thumbs/Welback - Mega Duck/Named_Boxarts/trapturn.png</thumbnail><marquee>~/../thumbs/Welback - Mega Duck/Named_Logos/trapturn.png</marquee></game>
<game><path>./Welback Mega Duck Split/treasure.zip</path><name>treasure</name><image>~/../thumbs/Welback - Mega Duck/Named_Snaps/treasure.png</image><titleshot>~/../thumbs/Welback - Mega Duck/Named_Titles/treasure.png</titleshot><thumbnail>~/../thumbs/Welback - Mega Duck/Named_Boxarts/treasure.png</thumbnail><marquee>~/../thumbs/Welback - Mega Duck/Named_Logos/treasure.png</marquee></game>
<game><path>./Welback Mega Duck Split/vex.zip</path><name>vex</name><image>~/../thumbs/Welback - Mega Duck/Named_Snaps/vex.png</image><titleshot>~/../thumbs/Welback - Mega Duck/Named_Titles/vex.png</titleshot><thumbnail>~/../thumbs/Welback - Mega Duck/Named_Boxarts/vex.png</thumbnail><marquee>~/../thumbs/Welback - Mega Duck/Named_Logos/vex.png</marquee></game>
<game><path>./Welback Mega Duck Split/wormvstr.zip</path><name>wormvstr</name><image>~/../thumbs/Welback - Mega Duck/Named_Snaps/wormvstr.png</image><titleshot>~/../thumbs/Welback - Mega Duck/Named_Titles/wormvstr.png</titleshot><thumbnail>~/../thumbs/Welback - Mega Duck/Named_Boxarts/wormvstr.png</thumbnail><marquee>~/../thumbs/Welback - Mega Duck/Named_Logos/wormvstr.png</marquee></game>
<game><path>./Welback Mega Duck Split/zipball.zip</path><name>zipball</name><image>~/../thumbs/Welback - Mega Duck/Named_Snaps/zipball.png</image><titleshot>~/../thumbs/Welback - Mega Duck/Named_Titles/zipball.png</titleshot><thumbnail>~/../thumbs/Welback - Mega Duck/Named_Boxarts/zipball.png</thumbnail><marquee>~/../thumbs/Welback - Mega Duck/Named_Logos/zipball.png</marquee></game>
<folder><path>./Welback Mega Duck Split</path><name>Welback Mega Duck Split</name><image>~/../thumb/megaduck.png</image></folder>
</gameList>
