<gameList>
<game><path>./Bandai RX-78 NoIntro/BS Basic (Japan).zip</path><name>BS Basic (Japan)</name><image>~/../thumbs/Bandai - Gundam RX-78/Named_Snaps/BS Basic (Japan).png</image></game>
<game><path>./Bandai RX-78 NoIntro/Champion Racer (Japan).zip</path><name>Champion Racer (Japan)</name><image>~/../thumbs/Bandai - Gundam RX-78/Named_Snaps/Champion Racer (Japan).png</image></game>
<game><path>./Bandai RX-78 NoIntro/Graphic Suugaku (Japan) (Tape).zip</path><name>Graphic Suugaku (Japan) (Tape)</name><image>~/../thumbs/Bandai - Gundam RX-78/Named_Snaps/Graphic Suugaku (Japan).png</image></game>
<game><path>./Bandai RX-78 NoIntro/Hamburger Shop (Japan).zip</path><name>Hamburger Shop (Japan)</name><image>~/../thumbs/Bandai - Gundam RX-78/Named_Snaps/Hamburger Shop (Japan).png</image></game>
<game><path>./Bandai RX-78 NoIntro/Mobile Suit Gundam - Luna Two no Tatakai (Japan).zip</path><name>Mobile Suit Gundam - Luna Two no Tatakai (Japan)</name><image>~/../thumbs/Bandai - Gundam RX-78/Named_Snaps/Mobile Suit Gundam - Luna Two no Tatakai (Japan).png</image></game>
<game><path>./Bandai RX-78 NoIntro/Perfect Mahjong (Japan).zip</path><name>Perfect Mahjong (Japan)</name><image>~/../thumbs/Bandai - Gundam RX-78/Named_Snaps/Perfect Mahjong (Japan).png</image></game>
<game><path>./Bandai RX-78 NoIntro/Pro-Wrestling, The (Japan).zip</path><name>Pro-Wrestling, The (Japan)</name><image>~/../thumbs/Bandai - Gundam RX-78/Named_Snaps/Pro-Wrestling, The (Japan).png</image></game>
<game><path>./Bandai RX-78 NoIntro/Sekigahara (Japan).zip</path><name>Sekigahara (Japan)</name><image>~/../thumbs/Bandai - Gundam RX-78/Named_Snaps/Sekigahara (Japan).png</image></game>
<game><path>./Bandai RX-78 NoIntro/Super Motocross (Japan).zip</path><name>Super Motocross (Japan)</name><image>~/../thumbs/Bandai - Gundam RX-78/Named_Snaps/Super Motocross (Japan).png</image></game>
<game><path>./Bandai RX-78 NoIntro/Tatakae! Ultraman (Japan).zip</path><name>Tatakae! Ultraman (Japan)</name><image>~/../thumbs/Bandai - Gundam RX-78/Named_Snaps/Tatakae! Ultraman (Japan).png</image></game>
<game><path>./Bandai RX-78 NoIntro/[BIOS] Bandai Gundam RX-78 (Japan).zip</path><name>[BIOS] Bandai Gundam RX-78 (Japan)</name><image>~/../thumbs/Bandai - Gundam RX-78/Named_Snaps/[BIOS] Bandai Gundam RX-78 (Japan).png</image></game>
<folder><path>./Bandai RX-78 NoIntro</path><name>Bandai RX-78 NoIntro</name><image>~/../thumb/rx78.png</image></folder>
<folder><path>./Bandai RX-78 TOSEC/[BIN]</path><name>[BIN]</name><image>~/../thumbs/Bandai - Gundam RX-78/Named_Snaps/[BIN].png</image></folder>
<folder><path>./Bandai RX-78 TOSEC/[WAV]</path><name>[WAV]</name><image>~/../thumbs/Bandai - Gundam RX-78/Named_Snaps/[WAV].png</image></folder>
<folder><path>./Bandai RX-78 TOSEC</path><name>Bandai RX-78 TOSEC</name><image>~/../thumb/rx78.png</image></folder>
<game><path>./Bandai RX-78 Cart Merged/abcword.zip</path><name>abcword</name><image>~/../thumbs/Bandai - Gundam RX-78/Named_Snaps/abcword.png</image></game>
<game><path>./Bandai RX-78 Cart Merged/aerial.zip</path><name>aerial</name><image>~/../thumbs/Bandai - Gundam RX-78/Named_Snaps/aerial.png</image></game>
<game><path>./Bandai RX-78 Cart Merged/basic.zip</path><name>basic</name><image>~/../thumbs/Bandai - Gundam RX-78/Named_Snaps/basic.png</image></game>
<game><path>./Bandai RX-78 Cart Merged/battlot.zip</path><name>battlot</name><image>~/../thumbs/Bandai - Gundam RX-78/Named_Snaps/battlot.png</image></game>
<game><path>./Bandai RX-78 Cart Merged/bootskell.zip</path><name>bootskell</name><image>~/../thumbs/Bandai - Gundam RX-78/Named_Snaps/bootskell.png</image></game>
<game><path>./Bandai RX-78 Cart Merged/cannonbl.zip</path><name>cannonbl</name><image>~/../thumbs/Bandai - Gundam RX-78/Named_Snaps/cannonbl.png</image></game>
<game><path>./Bandai RX-78 Cart Merged/cavit.zip</path><name>cavit</name><image>~/../thumbs/Bandai - Gundam RX-78/Named_Snaps/cavit.png</image></game>
<game><path>./Bandai RX-78 Cart Merged/chlgolf.zip</path><name>chlgolf</name><image>~/../thumbs/Bandai - Gundam RX-78/Named_Snaps/chlgolf.png</image></game>
<game><path>./Bandai RX-78 Cart Merged/cracer.zip</path><name>cracer</name><image>~/../thumbs/Bandai - Gundam RX-78/Named_Snaps/cracer.png</image></game>
<game><path>./Bandai RX-78 Cart Merged/creatgr.zip</path><name>creatgr</name><image>~/../thumbs/Bandai - Gundam RX-78/Named_Snaps/creatgr.png</image></game>
<game><path>./Bandai RX-78 Cart Merged/exbaseb.zip</path><name>exbaseb</name><image>~/../thumbs/Bandai - Gundam RX-78/Named_Snaps/exbaseb.png</image></game>
<game><path>./Bandai RX-78 Cart Merged/extennis.zip</path><name>extennis</name><image>~/../thumbs/Bandai - Gundam RX-78/Named_Snaps/extennis.png</image></game>
<game><path>./Bandai RX-78 Cart Merged/gundam.zip</path><name>gundam</name><image>~/../thumbs/Bandai - Gundam RX-78/Named_Snaps/gundam.png</image></game>
<game><path>./Bandai RX-78 Cart Merged/hamburgr.zip</path><name>hamburgr</name><image>~/../thumbs/Bandai - Gundam RX-78/Named_Snaps/hamburgr.png</image></game>
<game><path>./Bandai RX-78 Cart Merged/lift.zip</path><name>lift</name><image>~/../thumbs/Bandai - Gundam RX-78/Named_Snaps/lift.png</image></game>
<game><path>./Bandai RX-78 Cart Merged/neuras.zip</path><name>neuras</name><image>~/../thumbs/Bandai - Gundam RX-78/Named_Snaps/neuras.png</image></game>
<game><path>./Bandai RX-78 Cart Merged/pmahjongg.zip</path><name>pmahjongg</name><image>~/../thumbs/Bandai - Gundam RX-78/Named_Snaps/pmahjongg.png</image></game>
<game><path>./Bandai RX-78 Cart Merged/rengo.zip</path><name>rengo</name><image>~/../thumbs/Bandai - Gundam RX-78/Named_Snaps/rengo.png</image></game>
<game><path>./Bandai RX-78 Cart Merged/ruptus.zip</path><name>ruptus</name><image>~/../thumbs/Bandai - Gundam RX-78/Named_Snaps/ruptus.png</image></game>
<game><path>./Bandai RX-78 Cart Merged/seki.zip</path><name>seki</name><image>~/../thumbs/Bandai - Gundam RX-78/Named_Snaps/seki.png</image></game>
<game><path>./Bandai RX-78 Cart Merged/senemy.zip</path><name>senemy</name><image>~/../thumbs/Bandai - Gundam RX-78/Named_Snaps/senemy.png</image></game>
<game><path>./Bandai RX-78 Cart Merged/smc.zip</path><name>smc</name><image>~/../thumbs/Bandai - Gundam RX-78/Named_Snaps/smc.png</image></game>
<game><path>./Bandai RX-78 Cart Merged/theprowr.zip</path><name>theprowr</name><image>~/../thumbs/Bandai - Gundam RX-78/Named_Snaps/theprowr.png</image></game>
<game><path>./Bandai RX-78 Cart Merged/ultraman.zip</path><name>ultraman</name><image>~/../thumbs/Bandai - Gundam RX-78/Named_Snaps/ultraman.png</image></game>
<game><path>./Bandai RX-78 Cart Merged/xchase.zip</path><name>xchase</name><image>~/../thumbs/Bandai - Gundam RX-78/Named_Snaps/xchase.png</image></game>
<game><path>./Bandai RX-78 Cart Merged/zerosen.zip</path><name>zerosen</name><image>~/../thumbs/Bandai - Gundam RX-78/Named_Snaps/zerosen.png</image></game>
<folder><path>./Bandai RX-78 Cart Merged</path><name>Bandai RX-78 Cart Merged</name><image>~/../thumb/rx78.png</image></folder>
<game><path>./Bandai RX-78 Cart Split/abcword.zip</path><name>abcword</name><image>~/../thumbs/Bandai - Gundam RX-78/Named_Snaps/abcword.png</image></game>
<game><path>./Bandai RX-78 Cart Split/aerial.zip</path><name>aerial</name><image>~/../thumbs/Bandai - Gundam RX-78/Named_Snaps/aerial.png</image></game>
<game><path>./Bandai RX-78 Cart Split/basic.zip</path><name>basic</name><image>~/../thumbs/Bandai - Gundam RX-78/Named_Snaps/basic.png</image></game>
<game><path>./Bandai RX-78 Cart Split/battlot.zip</path><name>battlot</name><image>~/../thumbs/Bandai - Gundam RX-78/Named_Snaps/battlot.png</image></game>
<game><path>./Bandai RX-78 Cart Split/bootskell.zip</path><name>bootskell</name><image>~/../thumbs/Bandai - Gundam RX-78/Named_Snaps/bootskell.png</image></game>
<game><path>./Bandai RX-78 Cart Split/cannonbl.zip</path><name>cannonbl</name><image>~/../thumbs/Bandai - Gundam RX-78/Named_Snaps/cannonbl.png</image></game>
<game><path>./Bandai RX-78 Cart Split/cavit.zip</path><name>cavit</name><image>~/../thumbs/Bandai - Gundam RX-78/Named_Snaps/cavit.png</image></game>
<game><path>./Bandai RX-78 Cart Split/chlgolf.zip</path><name>chlgolf</name><image>~/../thumbs/Bandai - Gundam RX-78/Named_Snaps/chlgolf.png</image></game>
<game><path>./Bandai RX-78 Cart Split/cracer.zip</path><name>cracer</name><image>~/../thumbs/Bandai - Gundam RX-78/Named_Snaps/cracer.png</image></game>
<game><path>./Bandai RX-78 Cart Split/creatgr.zip</path><name>creatgr</name><image>~/../thumbs/Bandai - Gundam RX-78/Named_Snaps/creatgr.png</image></game>
<game><path>./Bandai RX-78 Cart Split/exbaseb.zip</path><name>exbaseb</name><image>~/../thumbs/Bandai - Gundam RX-78/Named_Snaps/exbaseb.png</image></game>
<game><path>./Bandai RX-78 Cart Split/extennis.zip</path><name>extennis</name><image>~/../thumbs/Bandai - Gundam RX-78/Named_Snaps/extennis.png</image></game>
<game><path>./Bandai RX-78 Cart Split/gundam.zip</path><name>gundam</name><image>~/../thumbs/Bandai - Gundam RX-78/Named_Snaps/gundam.png</image></game>
<game><path>./Bandai RX-78 Cart Split/hamburgr.zip</path><name>hamburgr</name><image>~/../thumbs/Bandai - Gundam RX-78/Named_Snaps/hamburgr.png</image></game>
<game><path>./Bandai RX-78 Cart Split/lift.zip</path><name>lift</name><image>~/../thumbs/Bandai - Gundam RX-78/Named_Snaps/lift.png</image></game>
<game><path>./Bandai RX-78 Cart Split/neuras.zip</path><name>neuras</name><image>~/../thumbs/Bandai - Gundam RX-78/Named_Snaps/neuras.png</image></game>
<game><path>./Bandai RX-78 Cart Split/pmahjongg.zip</path><name>pmahjongg</name><image>~/../thumbs/Bandai - Gundam RX-78/Named_Snaps/pmahjongg.png</image></game>
<game><path>./Bandai RX-78 Cart Split/rengo.zip</path><name>rengo</name><image>~/../thumbs/Bandai - Gundam RX-78/Named_Snaps/rengo.png</image></game>
<game><path>./Bandai RX-78 Cart Split/ruptus.zip</path><name>ruptus</name><image>~/../thumbs/Bandai - Gundam RX-78/Named_Snaps/ruptus.png</image></game>
<game><path>./Bandai RX-78 Cart Split/seki.zip</path><name>seki</name><image>~/../thumbs/Bandai - Gundam RX-78/Named_Snaps/seki.png</image></game>
<game><path>./Bandai RX-78 Cart Split/senemy.zip</path><name>senemy</name><image>~/../thumbs/Bandai - Gundam RX-78/Named_Snaps/senemy.png</image></game>
<game><path>./Bandai RX-78 Cart Split/smc.zip</path><name>smc</name><image>~/../thumbs/Bandai - Gundam RX-78/Named_Snaps/smc.png</image></game>
<game><path>./Bandai RX-78 Cart Split/theprowr.zip</path><name>theprowr</name><image>~/../thumbs/Bandai - Gundam RX-78/Named_Snaps/theprowr.png</image></game>
<game><path>./Bandai RX-78 Cart Split/ultraman.zip</path><name>ultraman</name><image>~/../thumbs/Bandai - Gundam RX-78/Named_Snaps/ultraman.png</image></game>
<game><path>./Bandai RX-78 Cart Split/xchase.zip</path><name>xchase</name><image>~/../thumbs/Bandai - Gundam RX-78/Named_Snaps/xchase.png</image></game>
<game><path>./Bandai RX-78 Cart Split/zerosen.zip</path><name>zerosen</name><image>~/../thumbs/Bandai - Gundam RX-78/Named_Snaps/zerosen.png</image></game>
<folder><path>./Bandai RX-78 Cart Split</path><name>Bandai RX-78 Cart Split</name><image>~/../thumb/rx78.png</image></folder>
<game><path>./Bandai RX-78 Cass Merged/graphmaths.zip</path><name>graphmaths</name><image>~/../thumbs/Bandai - Gundam RX-78/Named_Snaps/graphmaths.png</image></game>
<game><path>./Bandai RX-78 Cass Merged/yellowcab.zip</path><name>yellowcab</name><image>~/../thumbs/Bandai - Gundam RX-78/Named_Snaps/yellowcab.png</image></game>
<folder><path>./Bandai RX-78 Cass Merged</path><name>Bandai RX-78 Cass Merged</name><image>~/../thumb/rx78.png</image></folder>
<game><path>./Bandai RX-78 Cass Split/graphmaths.zip</path><name>graphmaths</name><image>~/../thumbs/Bandai - Gundam RX-78/Named_Snaps/graphmaths.png</image></game>
<game><path>./Bandai RX-78 Cass Split/yellowcab.zip</path><name>yellowcab</name><image>~/../thumbs/Bandai - Gundam RX-78/Named_Snaps/yellowcab.png</image></game>
<folder><path>./Bandai RX-78 Cass Split</path><name>Bandai RX-78 Cass Split</name><image>~/../thumb/rx78.png</image></folder>
</gameList>
