<gameList>
<game><path>./Spectravideo TOSEC//home/runner/rom/TOSEC/Spectravideo/SVI-318 & SVI-328/Various/[CAS]/Spectravideo SVI-318 & SVI-328 - Various - [CAS].zip</path><name>/home/runner/rom/TOSEC/Spectravideo/SVI-318 & SVI-328/Various/[CAS]/Spectravideo SVI-318 & SVI-328 - Various - [CAS]</name><image>~/../thumbs/Spectravideo - SVI-318 - SVI-328/Named_Snaps//home/runner/rom/TOSEC/Spectravideo/SVI-318 & SVI-328/Various/[CAS]/Spectravideo SVI-318 & SVI-328 - Various - [CAS].png</image><titleshot>~/../thumbs/Spectravideo - SVI-318 - SVI-328/Named_Titles//home/runner/rom/TOSEC/Spectravideo/SVI-318 & SVI-328/Various/[CAS]/Spectravideo SVI-318 & SVI-328 - Various - [CAS].png</titleshot><thumbnail>~/../thumbs/Spectravideo - SVI-318 - SVI-328/Named_Boxarts//home/runner/rom/TOSEC/Spectravideo/SVI-318 & SVI-328/Various/[CAS]/Spectravideo SVI-318 & SVI-328 - Various - [CAS].png</thumbnail><marquee>~/../thumbs/Spectravideo - SVI-318 - SVI-328/Named_Logos//home/runner/rom/TOSEC/Spectravideo/SVI-318 & SVI-328/Various/[CAS]/Spectravideo SVI-318 & SVI-328 - Various - [CAS].png</marquee></game>
<folder><path>./Spectravideo TOSEC</path><name>Spectravideo TOSEC</name><image>~/../thumb/spectravideo.png</image></folder>
</gameList>
