<gameList>
<game><path>./Acorn Atom TOSEC/Atomic Chuckie Egg (2012)(van Oss, Kees)(FW).zip</path><name>Atomic Chuckie Egg (2012)(van Oss, Kees)(FW)</name><image>~/../thumbs/Acorn - Atom/Named_Snaps/Atomic Chuckie Egg (2012).png</image><titleshot>~/../thumbs/Acorn - Atom/Named_Titles/Atomic Chuckie Egg (2012).png</titleshot><thumbnail>~/../thumbs/Acorn - Atom/Named_Boxarts/Atomic Chuckie Egg (2012).png</thumbnail><marquee>~/../thumbs/Acorn - Atom/Named_Logos/Atomic Chuckie Egg (2012).png</marquee></game>
<game><path>./Acorn Atom TOSEC/Atomic Jet Set Willy (2015)(van Oss, Kees)(FW).zip</path><name>Atomic Jet Set Willy (2015)(van Oss, Kees)(FW)</name><image>~/../thumbs/Acorn - Atom/Named_Snaps/Atomic Jet Set Willy (2015).png</image><titleshot>~/../thumbs/Acorn - Atom/Named_Titles/Atomic Jet Set Willy (2015).png</titleshot><thumbnail>~/../thumbs/Acorn - Atom/Named_Boxarts/Atomic Jet Set Willy (2015).png</thumbnail><marquee>~/../thumbs/Acorn - Atom/Named_Logos/Atomic Jet Set Willy (2015).png</marquee></game>
<game><path>./Acorn Atom TOSEC/Atomic Jet Set Willy 2 (2015)(van Oss, Kees)(FW).zip</path><name>Atomic Jet Set Willy 2 (2015)(van Oss, Kees)(FW)</name><image>~/../thumbs/Acorn - Atom/Named_Snaps/Atomic Jet Set Willy 2 (2015).png</image><titleshot>~/../thumbs/Acorn - Atom/Named_Titles/Atomic Jet Set Willy 2 (2015).png</titleshot><thumbnail>~/../thumbs/Acorn - Atom/Named_Boxarts/Atomic Jet Set Willy 2 (2015).png</thumbnail><marquee>~/../thumbs/Acorn - Atom/Named_Logos/Atomic Jet Set Willy 2 (2015).png</marquee></game>
<game><path>./Acorn Atom TOSEC/Atomic Joe Blade (2014)(van Oss, Kees)(FW).zip</path><name>Atomic Joe Blade (2014)(van Oss, Kees)(FW)</name><image>~/../thumbs/Acorn - Atom/Named_Snaps/Atomic Joe Blade (2014).png</image><titleshot>~/../thumbs/Acorn - Atom/Named_Titles/Atomic Joe Blade (2014).png</titleshot><thumbnail>~/../thumbs/Acorn - Atom/Named_Boxarts/Atomic Joe Blade (2014).png</thumbnail><marquee>~/../thumbs/Acorn - Atom/Named_Logos/Atomic Joe Blade (2014).png</marquee></game>
<game><path>./Acorn Atom TOSEC/Egghead in Space (2016)(Retro Software)[32K].zip</path><name>Egghead in Space (2016)(Retro Software)[32K]</name><image>~/../thumbs/Acorn - Atom/Named_Snaps/Egghead in Space (2016).png</image><titleshot>~/../thumbs/Acorn - Atom/Named_Titles/Egghead in Space (2016).png</titleshot><thumbnail>~/../thumbs/Acorn - Atom/Named_Boxarts/Egghead in Space (2016).png</thumbnail><marquee>~/../thumbs/Acorn - Atom/Named_Logos/Egghead in Space (2016).png</marquee></game>
<game><path>./Acorn Atom TOSEC/F14 Tomcat (2015)(van Oss, Kees)(FW).zip</path><name>F14 Tomcat (2015)(van Oss, Kees)(FW)</name><image>~/../thumbs/Acorn - Atom/Named_Snaps/F14 Tomcat (2015).png</image><titleshot>~/../thumbs/Acorn - Atom/Named_Titles/F14 Tomcat (2015).png</titleshot><thumbnail>~/../thumbs/Acorn - Atom/Named_Boxarts/F14 Tomcat (2015).png</thumbnail><marquee>~/../thumbs/Acorn - Atom/Named_Logos/F14 Tomcat (2015).png</marquee></game>
<game><path>./Acorn Atom TOSEC/Forward to the Past (2022-02-21)(Sloanysoft)(GB).zip</path><name>Forward to the Past (2022-02-21)(Sloanysoft)(GB)</name><image>~/../thumbs/Acorn - Atom/Named_Snaps/Forward to the Past (2022-02-21).png</image><titleshot>~/../thumbs/Acorn - Atom/Named_Titles/Forward to the Past (2022-02-21).png</titleshot><thumbnail>~/../thumbs/Acorn - Atom/Named_Boxarts/Forward to the Past (2022-02-21).png</thumbnail><marquee>~/../thumbs/Acorn - Atom/Named_Logos/Forward to the Past (2022-02-21).png</marquee></game>
<game><path>./Acorn Atom TOSEC/Galaforce (2012)(van Oss, Kees)(FW).zip</path><name>Galaforce (2012)(van Oss, Kees)(FW)</name><image>~/../thumbs/Acorn - Atom/Named_Snaps/Galaforce (2012).png</image><titleshot>~/../thumbs/Acorn - Atom/Named_Titles/Galaforce (2012).png</titleshot><thumbnail>~/../thumbs/Acorn - Atom/Named_Boxarts/Galaforce (2012).png</thumbnail><marquee>~/../thumbs/Acorn - Atom/Named_Logos/Galaforce (2012).png</marquee></game>
<game><path>./Acorn Atom TOSEC/Galaxians (1982)(Aardvark)[12K].zip</path><name>Galaxians (1982)(Aardvark)[12K]</name><image>~/../thumbs/Acorn - Atom/Named_Snaps/Galaxians (1982).png</image><titleshot>~/../thumbs/Acorn - Atom/Named_Titles/Galaxians (1982).png</titleshot><thumbnail>~/../thumbs/Acorn - Atom/Named_Boxarts/Galaxians (1982).png</thumbnail><marquee>~/../thumbs/Acorn - Atom/Named_Logos/Galaxians (1982).png</marquee></game>
<game><path>./Acorn Atom TOSEC/Gherbert Groundhog in Save the Date (2023-04-06)(PuttyCAD)(GB).zip</path><name>Gherbert Groundhog in Save the Date (2023-04-06)(PuttyCAD)(GB)</name><image>~/../thumbs/Acorn - Atom/Named_Snaps/Gherbert Groundhog in Save the Date (2023-04-06).png</image><titleshot>~/../thumbs/Acorn - Atom/Named_Titles/Gherbert Groundhog in Save the Date (2023-04-06).png</titleshot><thumbnail>~/../thumbs/Acorn - Atom/Named_Boxarts/Gherbert Groundhog in Save the Date (2023-04-06).png</thumbnail><marquee>~/../thumbs/Acorn - Atom/Named_Logos/Gherbert Groundhog in Save the Date (2023-04-06).png</marquee></game>
<game><path>./Acorn Atom TOSEC/Hard Hat Harry (2011)(van Oss, Kees)(FW).zip</path><name>Hard Hat Harry (2011)(van Oss, Kees)(FW)</name><image>~/../thumbs/Acorn - Atom/Named_Snaps/Hard Hat Harry (2011).png</image><titleshot>~/../thumbs/Acorn - Atom/Named_Titles/Hard Hat Harry (2011).png</titleshot><thumbnail>~/../thumbs/Acorn - Atom/Named_Boxarts/Hard Hat Harry (2011).png</thumbnail><marquee>~/../thumbs/Acorn - Atom/Named_Logos/Hard Hat Harry (2011).png</marquee></game>
<game><path>./Acorn Atom TOSEC/Hyper Viper (2012-02)(van Oss, Kees)(FW).zip</path><name>Hyper Viper (2012-02)(van Oss, Kees)(FW)</name><image>~/../thumbs/Acorn - Atom/Named_Snaps/Hyper Viper (2012-02).png</image><titleshot>~/../thumbs/Acorn - Atom/Named_Titles/Hyper Viper (2012-02).png</titleshot><thumbnail>~/../thumbs/Acorn - Atom/Named_Boxarts/Hyper Viper (2012-02).png</thumbnail><marquee>~/../thumbs/Acorn - Atom/Named_Logos/Hyper Viper (2012-02).png</marquee></game>
<game><path>./Acorn Atom TOSEC/Janky Joe in Retro Hell (2023-04-21)(Sloanysoft)(GB).zip</path><name>Janky Joe in Retro Hell (2023-04-21)(Sloanysoft)(GB)</name><image>~/../thumbs/Acorn - Atom/Named_Snaps/Janky Joe in Retro Hell (2023-04-21).png</image><titleshot>~/../thumbs/Acorn - Atom/Named_Titles/Janky Joe in Retro Hell (2023-04-21).png</titleshot><thumbnail>~/../thumbs/Acorn - Atom/Named_Boxarts/Janky Joe in Retro Hell (2023-04-21).png</thumbnail><marquee>~/../thumbs/Acorn - Atom/Named_Logos/Janky Joe in Retro Hell (2023-04-21).png</marquee></game>
<game><path>./Acorn Atom TOSEC/Jerry's Endless Travels - Escape (2022-10-04)(Frederick352).zip</path><name>Jerry's Endless Travels - Escape (2022-10-04)(Frederick352)</name><image>~/../thumbs/Acorn - Atom/Named_Snaps/Jerry's Endless Travels - Escape (2022-10-04).png</image><titleshot>~/../thumbs/Acorn - Atom/Named_Titles/Jerry's Endless Travels - Escape (2022-10-04).png</titleshot><thumbnail>~/../thumbs/Acorn - Atom/Named_Boxarts/Jerry's Endless Travels - Escape (2022-10-04).png</thumbnail><marquee>~/../thumbs/Acorn - Atom/Named_Logos/Jerry's Endless Travels - Escape (2022-10-04).png</marquee></game>
<game><path>./Acorn Atom TOSEC/Jet Set Miner & Level Editor (2011)(van Oss, Kees)(FW).zip</path><name>Jet Set Miner & Level Editor (2011)(van Oss, Kees)(FW)</name><image>~/../thumbs/Acorn - Atom/Named_Snaps/Jet Set Miner & Level Editor (2011).png</image><titleshot>~/../thumbs/Acorn - Atom/Named_Titles/Jet Set Miner & Level Editor (2011).png</titleshot><thumbnail>~/../thumbs/Acorn - Atom/Named_Boxarts/Jet Set Miner & Level Editor (2011).png</thumbnail><marquee>~/../thumbs/Acorn - Atom/Named_Logos/Jet Set Miner & Level Editor (2011).png</marquee></game>
<game><path>./Acorn Atom TOSEC/Jungle Journey (2012)(van Oss, Kees)(FW)[colour].zip</path><name>Jungle Journey (2012)(van Oss, Kees)(FW)[colour]</name><image>~/../thumbs/Acorn - Atom/Named_Snaps/Jungle Journey (2012).png</image><titleshot>~/../thumbs/Acorn - Atom/Named_Titles/Jungle Journey (2012).png</titleshot><thumbnail>~/../thumbs/Acorn - Atom/Named_Boxarts/Jungle Journey (2012).png</thumbnail><marquee>~/../thumbs/Acorn - Atom/Named_Logos/Jungle Journey (2012).png</marquee></game>
<game><path>./Acorn Atom TOSEC/Man with the Golden Joystick, The (2022-03-04)(Sloanysoft)(GB).zip</path><name>Man with the Golden Joystick, The (2022-03-04)(Sloanysoft)(GB)</name><image>~/../thumbs/Acorn - Atom/Named_Snaps/Man with the Golden Joystick, The (2022-03-04).png</image><titleshot>~/../thumbs/Acorn - Atom/Named_Titles/Man with the Golden Joystick, The (2022-03-04).png</titleshot><thumbnail>~/../thumbs/Acorn - Atom/Named_Boxarts/Man with the Golden Joystick, The (2022-03-04).png</thumbnail><marquee>~/../thumbs/Acorn - Atom/Named_Logos/Man with the Golden Joystick, The (2022-03-04).png</marquee></game>
<game><path>./Acorn Atom TOSEC/Manic Miner (2017)(Retro Software)[32K].zip</path><name>Manic Miner (2017)(Retro Software)[32K]</name><image>~/../thumbs/Acorn - Atom/Named_Snaps/Manic Miner (2017).png</image><titleshot>~/../thumbs/Acorn - Atom/Named_Titles/Manic Miner (2017).png</titleshot><thumbnail>~/../thumbs/Acorn - Atom/Named_Boxarts/Manic Miner (2017).png</thumbnail><marquee>~/../thumbs/Acorn - Atom/Named_Logos/Manic Miner (2017).png</marquee></game>
<game><path>./Acorn Atom TOSEC/Repton (2013)(van Oss, Kees)(FW)[colour].zip</path><name>Repton (2013)(van Oss, Kees)(FW)[colour]</name><image>~/../thumbs/Acorn - Atom/Named_Snaps/Repton (2013).png</image><titleshot>~/../thumbs/Acorn - Atom/Named_Titles/Repton (2013).png</titleshot><thumbnail>~/../thumbs/Acorn - Atom/Named_Boxarts/Repton (2013).png</thumbnail><marquee>~/../thumbs/Acorn - Atom/Named_Logos/Repton (2013).png</marquee></game>
<folder><path>./Acorn Atom TOSEC</path><name>Acorn Atom TOSEC</name><image>~/../thumb/atom.png</image></folder>
<game><path>./Acorn Atom Merged/chuckie.zip</path><name>chuckie</name><image>~/../thumbs/Acorn - Atom/Named_Snaps/chuckie.png</image><titleshot>~/../thumbs/Acorn - Atom/Named_Titles/chuckie.png</titleshot><thumbnail>~/../thumbs/Acorn - Atom/Named_Boxarts/chuckie.png</thumbnail><marquee>~/../thumbs/Acorn - Atom/Named_Logos/chuckie.png</marquee></game>
<game><path>./Acorn Atom Merged/dosutils.zip</path><name>dosutils</name><image>~/../thumbs/Acorn - Atom/Named_Snaps/dosutils.png</image><titleshot>~/../thumbs/Acorn - Atom/Named_Titles/dosutils.png</titleshot><thumbnail>~/../thumbs/Acorn - Atom/Named_Boxarts/dosutils.png</thumbnail><marquee>~/../thumbs/Acorn - Atom/Named_Logos/dosutils.png</marquee></game>
<game><path>./Acorn Atom Merged/egghead.zip</path><name>egghead</name><image>~/../thumbs/Acorn - Atom/Named_Snaps/egghead.png</image><titleshot>~/../thumbs/Acorn - Atom/Named_Titles/egghead.png</titleshot><thumbnail>~/../thumbs/Acorn - Atom/Named_Boxarts/egghead.png</thumbnail><marquee>~/../thumbs/Acorn - Atom/Named_Logos/egghead.png</marquee></game>
<game><path>./Acorn Atom Merged/f14.zip</path><name>f14</name><image>~/../thumbs/Acorn - Atom/Named_Snaps/f14.png</image><titleshot>~/../thumbs/Acorn - Atom/Named_Titles/f14.png</titleshot><thumbnail>~/../thumbs/Acorn - Atom/Named_Boxarts/f14.png</thumbnail><marquee>~/../thumbs/Acorn - Atom/Named_Logos/f14.png</marquee></game>
<game><path>./Acorn Atom Merged/gala.zip</path><name>gala</name><image>~/../thumbs/Acorn - Atom/Named_Snaps/gala.png</image><titleshot>~/../thumbs/Acorn - Atom/Named_Titles/gala.png</titleshot><thumbnail>~/../thumbs/Acorn - Atom/Named_Boxarts/gala.png</thumbnail><marquee>~/../thumbs/Acorn - Atom/Named_Logos/gala.png</marquee></game>
<game><path>./Acorn Atom Merged/galxians.zip</path><name>galxians</name><image>~/../thumbs/Acorn - Atom/Named_Snaps/galxians.png</image><titleshot>~/../thumbs/Acorn - Atom/Named_Titles/galxians.png</titleshot><thumbnail>~/../thumbs/Acorn - Atom/Named_Boxarts/galxians.png</thumbnail><marquee>~/../thumbs/Acorn - Atom/Named_Logos/galxians.png</marquee></game>
<game><path>./Acorn Atom Merged/hardhath.zip</path><name>hardhath</name><image>~/../thumbs/Acorn - Atom/Named_Snaps/hardhath.png</image><titleshot>~/../thumbs/Acorn - Atom/Named_Titles/hardhath.png</titleshot><thumbnail>~/../thumbs/Acorn - Atom/Named_Boxarts/hardhath.png</thumbnail><marquee>~/../thumbs/Acorn - Atom/Named_Logos/hardhath.png</marquee></game>
<game><path>./Acorn Atom Merged/hypervpr.zip</path><name>hypervpr</name><image>~/../thumbs/Acorn - Atom/Named_Snaps/hypervpr.png</image><titleshot>~/../thumbs/Acorn - Atom/Named_Titles/hypervpr.png</titleshot><thumbnail>~/../thumbs/Acorn - Atom/Named_Boxarts/hypervpr.png</thumbnail><marquee>~/../thumbs/Acorn - Atom/Named_Logos/hypervpr.png</marquee></game>
<game><path>./Acorn Atom Merged/jetsetmn.zip</path><name>jetsetmn</name><image>~/../thumbs/Acorn - Atom/Named_Snaps/jetsetmn.png</image><titleshot>~/../thumbs/Acorn - Atom/Named_Titles/jetsetmn.png</titleshot><thumbnail>~/../thumbs/Acorn - Atom/Named_Boxarts/jetsetmn.png</thumbnail><marquee>~/../thumbs/Acorn - Atom/Named_Logos/jetsetmn.png</marquee></game>
<game><path>./Acorn Atom Merged/joeblade.zip</path><name>joeblade</name><image>~/../thumbs/Acorn - Atom/Named_Snaps/joeblade.png</image><titleshot>~/../thumbs/Acorn - Atom/Named_Titles/joeblade.png</titleshot><thumbnail>~/../thumbs/Acorn - Atom/Named_Boxarts/joeblade.png</thumbnail><marquee>~/../thumbs/Acorn - Atom/Named_Logos/joeblade.png</marquee></game>
<game><path>./Acorn Atom Merged/jsw.zip</path><name>jsw</name><image>~/../thumbs/Acorn - Atom/Named_Snaps/jsw.png</image><titleshot>~/../thumbs/Acorn - Atom/Named_Titles/jsw.png</titleshot><thumbnail>~/../thumbs/Acorn - Atom/Named_Boxarts/jsw.png</thumbnail><marquee>~/../thumbs/Acorn - Atom/Named_Logos/jsw.png</marquee></game>
<game><path>./Acorn Atom Merged/jsw2.zip</path><name>jsw2</name><image>~/../thumbs/Acorn - Atom/Named_Snaps/jsw2.png</image><titleshot>~/../thumbs/Acorn - Atom/Named_Titles/jsw2.png</titleshot><thumbnail>~/../thumbs/Acorn - Atom/Named_Boxarts/jsw2.png</thumbnail><marquee>~/../thumbs/Acorn - Atom/Named_Logos/jsw2.png</marquee></game>
<game><path>./Acorn Atom Merged/jungle.zip</path><name>jungle</name><image>~/../thumbs/Acorn - Atom/Named_Snaps/jungle.png</image><titleshot>~/../thumbs/Acorn - Atom/Named_Titles/jungle.png</titleshot><thumbnail>~/../thumbs/Acorn - Atom/Named_Boxarts/jungle.png</thumbnail><marquee>~/../thumbs/Acorn - Atom/Named_Logos/jungle.png</marquee></game>
<game><path>./Acorn Atom Merged/manicmin.zip</path><name>manicmin</name><image>~/../thumbs/Acorn - Atom/Named_Snaps/manicmin.png</image><titleshot>~/../thumbs/Acorn - Atom/Named_Titles/manicmin.png</titleshot><thumbnail>~/../thumbs/Acorn - Atom/Named_Boxarts/manicmin.png</thumbnail><marquee>~/../thumbs/Acorn - Atom/Named_Logos/manicmin.png</marquee></game>
<game><path>./Acorn Atom Merged/repton.zip</path><name>repton</name><image>~/../thumbs/Acorn - Atom/Named_Snaps/repton.png</image><titleshot>~/../thumbs/Acorn - Atom/Named_Titles/repton.png</titleshot><thumbnail>~/../thumbs/Acorn - Atom/Named_Boxarts/repton.png</thumbnail><marquee>~/../thumbs/Acorn - Atom/Named_Logos/repton.png</marquee></game>
<folder><path>./Acorn Atom Merged</path><name>Acorn Atom Merged</name><image>~/../thumb/atom.png</image></folder>
<game><path>./Acorn Atom Split/chuckie.zip</path><name>chuckie</name><image>~/../thumbs/Acorn - Atom/Named_Snaps/chuckie.png</image><titleshot>~/../thumbs/Acorn - Atom/Named_Titles/chuckie.png</titleshot><thumbnail>~/../thumbs/Acorn - Atom/Named_Boxarts/chuckie.png</thumbnail><marquee>~/../thumbs/Acorn - Atom/Named_Logos/chuckie.png</marquee></game>
<game><path>./Acorn Atom Split/dosutils.zip</path><name>dosutils</name><image>~/../thumbs/Acorn - Atom/Named_Snaps/dosutils.png</image><titleshot>~/../thumbs/Acorn - Atom/Named_Titles/dosutils.png</titleshot><thumbnail>~/../thumbs/Acorn - Atom/Named_Boxarts/dosutils.png</thumbnail><marquee>~/../thumbs/Acorn - Atom/Named_Logos/dosutils.png</marquee></game>
<game><path>./Acorn Atom Split/egghead.zip</path><name>egghead</name><image>~/../thumbs/Acorn - Atom/Named_Snaps/egghead.png</image><titleshot>~/../thumbs/Acorn - Atom/Named_Titles/egghead.png</titleshot><thumbnail>~/../thumbs/Acorn - Atom/Named_Boxarts/egghead.png</thumbnail><marquee>~/../thumbs/Acorn - Atom/Named_Logos/egghead.png</marquee></game>
<game><path>./Acorn Atom Split/f14.zip</path><name>f14</name><image>~/../thumbs/Acorn - Atom/Named_Snaps/f14.png</image><titleshot>~/../thumbs/Acorn - Atom/Named_Titles/f14.png</titleshot><thumbnail>~/../thumbs/Acorn - Atom/Named_Boxarts/f14.png</thumbnail><marquee>~/../thumbs/Acorn - Atom/Named_Logos/f14.png</marquee></game>
<game><path>./Acorn Atom Split/gala.zip</path><name>gala</name><image>~/../thumbs/Acorn - Atom/Named_Snaps/gala.png</image><titleshot>~/../thumbs/Acorn - Atom/Named_Titles/gala.png</titleshot><thumbnail>~/../thumbs/Acorn - Atom/Named_Boxarts/gala.png</thumbnail><marquee>~/../thumbs/Acorn - Atom/Named_Logos/gala.png</marquee></game>
<game><path>./Acorn Atom Split/galxians.zip</path><name>galxians</name><image>~/../thumbs/Acorn - Atom/Named_Snaps/galxians.png</image><titleshot>~/../thumbs/Acorn - Atom/Named_Titles/galxians.png</titleshot><thumbnail>~/../thumbs/Acorn - Atom/Named_Boxarts/galxians.png</thumbnail><marquee>~/../thumbs/Acorn - Atom/Named_Logos/galxians.png</marquee></game>
<game><path>./Acorn Atom Split/hardhath.zip</path><name>hardhath</name><image>~/../thumbs/Acorn - Atom/Named_Snaps/hardhath.png</image><titleshot>~/../thumbs/Acorn - Atom/Named_Titles/hardhath.png</titleshot><thumbnail>~/../thumbs/Acorn - Atom/Named_Boxarts/hardhath.png</thumbnail><marquee>~/../thumbs/Acorn - Atom/Named_Logos/hardhath.png</marquee></game>
<game><path>./Acorn Atom Split/hypervpr.zip</path><name>hypervpr</name><image>~/../thumbs/Acorn - Atom/Named_Snaps/hypervpr.png</image><titleshot>~/../thumbs/Acorn - Atom/Named_Titles/hypervpr.png</titleshot><thumbnail>~/../thumbs/Acorn - Atom/Named_Boxarts/hypervpr.png</thumbnail><marquee>~/../thumbs/Acorn - Atom/Named_Logos/hypervpr.png</marquee></game>
<game><path>./Acorn Atom Split/jetsetmn.zip</path><name>jetsetmn</name><image>~/../thumbs/Acorn - Atom/Named_Snaps/jetsetmn.png</image><titleshot>~/../thumbs/Acorn - Atom/Named_Titles/jetsetmn.png</titleshot><thumbnail>~/../thumbs/Acorn - Atom/Named_Boxarts/jetsetmn.png</thumbnail><marquee>~/../thumbs/Acorn - Atom/Named_Logos/jetsetmn.png</marquee></game>
<game><path>./Acorn Atom Split/joeblade.zip</path><name>joeblade</name><image>~/../thumbs/Acorn - Atom/Named_Snaps/joeblade.png</image><titleshot>~/../thumbs/Acorn - Atom/Named_Titles/joeblade.png</titleshot><thumbnail>~/../thumbs/Acorn - Atom/Named_Boxarts/joeblade.png</thumbnail><marquee>~/../thumbs/Acorn - Atom/Named_Logos/joeblade.png</marquee></game>
<game><path>./Acorn Atom Split/jsw.zip</path><name>jsw</name><image>~/../thumbs/Acorn - Atom/Named_Snaps/jsw.png</image><titleshot>~/../thumbs/Acorn - Atom/Named_Titles/jsw.png</titleshot><thumbnail>~/../thumbs/Acorn - Atom/Named_Boxarts/jsw.png</thumbnail><marquee>~/../thumbs/Acorn - Atom/Named_Logos/jsw.png</marquee></game>
<game><path>./Acorn Atom Split/jsw2.zip</path><name>jsw2</name><image>~/../thumbs/Acorn - Atom/Named_Snaps/jsw2.png</image><titleshot>~/../thumbs/Acorn - Atom/Named_Titles/jsw2.png</titleshot><thumbnail>~/../thumbs/Acorn - Atom/Named_Boxarts/jsw2.png</thumbnail><marquee>~/../thumbs/Acorn - Atom/Named_Logos/jsw2.png</marquee></game>
<game><path>./Acorn Atom Split/jungle.zip</path><name>jungle</name><image>~/../thumbs/Acorn - Atom/Named_Snaps/jungle.png</image><titleshot>~/../thumbs/Acorn - Atom/Named_Titles/jungle.png</titleshot><thumbnail>~/../thumbs/Acorn - Atom/Named_Boxarts/jungle.png</thumbnail><marquee>~/../thumbs/Acorn - Atom/Named_Logos/jungle.png</marquee></game>
<game><path>./Acorn Atom Split/manicmin.zip</path><name>manicmin</name><image>~/../thumbs/Acorn - Atom/Named_Snaps/manicmin.png</image><titleshot>~/../thumbs/Acorn - Atom/Named_Titles/manicmin.png</titleshot><thumbnail>~/../thumbs/Acorn - Atom/Named_Boxarts/manicmin.png</thumbnail><marquee>~/../thumbs/Acorn - Atom/Named_Logos/manicmin.png</marquee></game>
<game><path>./Acorn Atom Split/repton.zip</path><name>repton</name><image>~/../thumbs/Acorn - Atom/Named_Snaps/repton.png</image><titleshot>~/../thumbs/Acorn - Atom/Named_Titles/repton.png</titleshot><thumbnail>~/../thumbs/Acorn - Atom/Named_Boxarts/repton.png</thumbnail><marquee>~/../thumbs/Acorn - Atom/Named_Logos/repton.png</marquee></game>
<folder><path>./Acorn Atom Split</path><name>Acorn Atom Split</name><image>~/../thumb/atom.png</image></folder>
</gameList>
