<gameList>
<game><path>./NGP Color NoIntro/Bakumatsu Rouman Tokubetsu Hen - Gekka no Kenshi - Tsuki ni Saku Hana, Chiri Yuku Hana (Japan).zip</path><name>Bakumatsu Rouman Tokubetsu Hen - Gekka no Kenshi - Tsuki ni Saku Hana, Chiri Yuku Hana (Japan)</name><image>~/../thumbs/SNK - Neo Geo Pocket Color/Named_Snaps/Bakumatsu Rouman Tokubetsu Hen - Gekka no Kenshi - Tsuki ni Saku Hana, Chiri Yuku Hana (Japan).png</image><titleshot>~/../thumbs/SNK - Neo Geo Pocket Color/Named_Titles/Bakumatsu Rouman Tokubetsu Hen - Gekka no Kenshi - Tsuki ni Saku Hana, Chiri Yuku Hana (Japan).png</titleshot><thumbnail>~/../thumbs/SNK - Neo Geo Pocket Color/Named_Boxarts/Bakumatsu Rouman Tokubetsu Hen - Gekka no Kenshi - Tsuki ni Saku Hana, Chiri Yuku Hana (Japan).png</thumbnail><marquee>~/../thumbs/SNK - Neo Geo Pocket Color/Named_Logos/Bakumatsu Rouman Tokubetsu Hen - Gekka no Kenshi - Tsuki ni Saku Hana, Chiri Yuku Hana (Japan).png</marquee></game>
<game><path>./NGP Color NoIntro/Baseball Stars Color - Pocket Sports Series (World) (En,Ja).zip</path><name>Baseball Stars Color - Pocket Sports Series (World) (En,Ja)</name><image>~/../thumbs/SNK - Neo Geo Pocket Color/Named_Snaps/Baseball Stars Color - Pocket Sports Series (World) (En,Ja).png</image><titleshot>~/../thumbs/SNK - Neo Geo Pocket Color/Named_Titles/Baseball Stars Color - Pocket Sports Series (World) (En,Ja).png</titleshot><thumbnail>~/../thumbs/SNK - Neo Geo Pocket Color/Named_Boxarts/Baseball Stars Color - Pocket Sports Series (World) (En,Ja).png</thumbnail><marquee>~/../thumbs/SNK - Neo Geo Pocket Color/Named_Logos/Baseball Stars Color - Pocket Sports Series (World) (En,Ja).png</marquee></game>
<game><path>./NGP Color NoIntro/Big Bang Pro Wrestling (Japan) (En,Ja).zip</path><name>Big Bang Pro Wrestling (Japan) (En,Ja)</name><image>~/../thumbs/SNK - Neo Geo Pocket Color/Named_Snaps/Big Bang Pro Wrestling (Japan) (En,Ja).png</image><titleshot>~/../thumbs/SNK - Neo Geo Pocket Color/Named_Titles/Big Bang Pro Wrestling (Japan) (En,Ja).png</titleshot><thumbnail>~/../thumbs/SNK - Neo Geo Pocket Color/Named_Boxarts/Big Bang Pro Wrestling (Japan) (En,Ja).png</thumbnail><marquee>~/../thumbs/SNK - Neo Geo Pocket Color/Named_Logos/Big Bang Pro Wrestling (Japan) (En,Ja).png</marquee></game>
<game><path>./NGP Color NoIntro/Bikkuriman 2000 - Viva! Pocket Festival! (Japan).zip</path><name>Bikkuriman 2000 - Viva! Pocket Festival! (Japan)</name><image>~/../thumbs/SNK - Neo Geo Pocket Color/Named_Snaps/Bikkuriman 2000 - Viva! Pocket Festival! (Japan).png</image><titleshot>~/../thumbs/SNK - Neo Geo Pocket Color/Named_Titles/Bikkuriman 2000 - Viva! Pocket Festival! (Japan).png</titleshot><thumbnail>~/../thumbs/SNK - Neo Geo Pocket Color/Named_Boxarts/Bikkuriman 2000 - Viva! Pocket Festival! (Japan).png</thumbnail><marquee>~/../thumbs/SNK - Neo Geo Pocket Color/Named_Logos/Bikkuriman 2000 - Viva! Pocket Festival! (Japan).png</marquee></game>
<game><path>./NGP Color NoIntro/Biomotor Unitron (Japan) (Demo).zip</path><name>Biomotor Unitron (Japan) (Demo)</name><image>~/../thumbs/SNK - Neo Geo Pocket Color/Named_Snaps/Biomotor Unitron (Japan) (Demo).png</image><titleshot>~/../thumbs/SNK - Neo Geo Pocket Color/Named_Titles/Biomotor Unitron (Japan) (Demo).png</titleshot><thumbnail>~/../thumbs/SNK - Neo Geo Pocket Color/Named_Boxarts/Biomotor Unitron (Japan) (Demo).png</thumbnail><marquee>~/../thumbs/SNK - Neo Geo Pocket Color/Named_Logos/Biomotor Unitron (Japan) (Demo).png</marquee><hidden>true</hidden></game>
<game><path>./NGP Color NoIntro/Biomotor Unitron (Japan).zip</path><name>Biomotor Unitron (Japan)</name><image>~/../thumbs/SNK - Neo Geo Pocket Color/Named_Snaps/Biomotor Unitron (Japan).png</image><titleshot>~/../thumbs/SNK - Neo Geo Pocket Color/Named_Titles/Biomotor Unitron (Japan).png</titleshot><thumbnail>~/../thumbs/SNK - Neo Geo Pocket Color/Named_Boxarts/Biomotor Unitron (Japan).png</thumbnail><marquee>~/../thumbs/SNK - Neo Geo Pocket Color/Named_Logos/Biomotor Unitron (Japan).png</marquee></game>
<game><path>./NGP Color NoIntro/Biomotor Unitron (USA, Europe).zip</path><name>Biomotor Unitron (USA, Europe)</name><image>~/../thumbs/SNK - Neo Geo Pocket Color/Named_Snaps/Biomotor Unitron (USA, Europe).png</image><titleshot>~/../thumbs/SNK - Neo Geo Pocket Color/Named_Titles/Biomotor Unitron (USA, Europe).png</titleshot><thumbnail>~/../thumbs/SNK - Neo Geo Pocket Color/Named_Boxarts/Biomotor Unitron (USA, Europe).png</thumbnail><marquee>~/../thumbs/SNK - Neo Geo Pocket Color/Named_Logos/Biomotor Unitron (USA, Europe).png</marquee></game>
<game><path>./NGP Color NoIntro/Bust-A-Move Pocket (USA) (Beta).zip</path><name>Bust-A-Move Pocket (USA) (Beta)</name><image>~/../thumbs/SNK - Neo Geo Pocket Color/Named_Snaps/Bust-A-Move Pocket (USA) (Beta).png</image><titleshot>~/../thumbs/SNK - Neo Geo Pocket Color/Named_Titles/Bust-A-Move Pocket (USA) (Beta).png</titleshot><thumbnail>~/../thumbs/SNK - Neo Geo Pocket Color/Named_Boxarts/Bust-A-Move Pocket (USA) (Beta).png</thumbnail><marquee>~/../thumbs/SNK - Neo Geo Pocket Color/Named_Logos/Bust-A-Move Pocket (USA) (Beta).png</marquee><hidden>true</hidden></game>
<game><path>./NGP Color NoIntro/Bust-A-Move Pocket (USA).zip</path><name>Bust-A-Move Pocket (USA)</name><image>~/../thumbs/SNK - Neo Geo Pocket Color/Named_Snaps/Bust-A-Move Pocket (USA).png</image><titleshot>~/../thumbs/SNK - Neo Geo Pocket Color/Named_Titles/Bust-A-Move Pocket (USA).png</titleshot><thumbnail>~/../thumbs/SNK - Neo Geo Pocket Color/Named_Boxarts/Bust-A-Move Pocket (USA).png</thumbnail><marquee>~/../thumbs/SNK - Neo Geo Pocket Color/Named_Logos/Bust-A-Move Pocket (USA).png</marquee></game>
<game><path>./NGP Color NoIntro/Cool Boarders Pocket (Japan, Europe) (En,Ja).zip</path><name>Cool Boarders Pocket (Japan, Europe) (En,Ja)</name><image>~/../thumbs/SNK - Neo Geo Pocket Color/Named_Snaps/Cool Boarders Pocket (Japan, Europe) (En,Ja).png</image><titleshot>~/../thumbs/SNK - Neo Geo Pocket Color/Named_Titles/Cool Boarders Pocket (Japan, Europe) (En,Ja).png</titleshot><thumbnail>~/../thumbs/SNK - Neo Geo Pocket Color/Named_Boxarts/Cool Boarders Pocket (Japan, Europe) (En,Ja).png</thumbnail><marquee>~/../thumbs/SNK - Neo Geo Pocket Color/Named_Logos/Cool Boarders Pocket (Japan, Europe) (En,Ja).png</marquee></game>
<game><path>./NGP Color NoIntro/Cool Cool Jam (Japan).zip</path><name>Cool Cool Jam (Japan)</name><image>~/../thumbs/SNK - Neo Geo Pocket Color/Named_Snaps/Cool Cool Jam (Japan).png</image><titleshot>~/../thumbs/SNK - Neo Geo Pocket Color/Named_Titles/Cool Cool Jam (Japan).png</titleshot><thumbnail>~/../thumbs/SNK - Neo Geo Pocket Color/Named_Boxarts/Cool Cool Jam (Japan).png</thumbnail><marquee>~/../thumbs/SNK - Neo Geo Pocket Color/Named_Logos/Cool Cool Jam (Japan).png</marquee></game>
<game><path>./NGP Color NoIntro/Cool Cool Jam (USA) (Proto).zip</path><name>Cool Cool Jam (USA) (Proto)</name><image>~/../thumbs/SNK - Neo Geo Pocket Color/Named_Snaps/Cool Cool Jam (USA) (Proto).png</image><titleshot>~/../thumbs/SNK - Neo Geo Pocket Color/Named_Titles/Cool Cool Jam (USA) (Proto).png</titleshot><thumbnail>~/../thumbs/SNK - Neo Geo Pocket Color/Named_Boxarts/Cool Cool Jam (USA) (Proto).png</thumbnail><marquee>~/../thumbs/SNK - Neo Geo Pocket Color/Named_Logos/Cool Cool Jam (USA) (Proto).png</marquee></game>
<game><path>./NGP Color NoIntro/Crush Roller (World) (En,Ja).zip</path><name>Crush Roller (World) (En,Ja)</name><image>~/../thumbs/SNK - Neo Geo Pocket Color/Named_Snaps/Crush Roller (World) (En,Ja).png</image><titleshot>~/../thumbs/SNK - Neo Geo Pocket Color/Named_Titles/Crush Roller (World) (En,Ja).png</titleshot><thumbnail>~/../thumbs/SNK - Neo Geo Pocket Color/Named_Boxarts/Crush Roller (World) (En,Ja).png</thumbnail><marquee>~/../thumbs/SNK - Neo Geo Pocket Color/Named_Logos/Crush Roller (World) (En,Ja).png</marquee></game>
<game><path>./NGP Color NoIntro/Dark Arms - Beast Buster 1999 (World) (En,Ja).zip</path><name>Dark Arms - Beast Buster 1999 (World) (En,Ja)</name><image>~/../thumbs/SNK - Neo Geo Pocket Color/Named_Snaps/Dark Arms - Beast Buster 1999 (World) (En,Ja).png</image><titleshot>~/../thumbs/SNK - Neo Geo Pocket Color/Named_Titles/Dark Arms - Beast Buster 1999 (World) (En,Ja).png</titleshot><thumbnail>~/../thumbs/SNK - Neo Geo Pocket Color/Named_Boxarts/Dark Arms - Beast Buster 1999 (World) (En,Ja).png</thumbnail><marquee>~/../thumbs/SNK - Neo Geo Pocket Color/Named_Logos/Dark Arms - Beast Buster 1999 (World) (En,Ja).png</marquee></game>
<game><path>./NGP Color NoIntro/Delta Warp (Japan) (Demo).zip</path><name>Delta Warp (Japan) (Demo)</name><image>~/../thumbs/SNK - Neo Geo Pocket Color/Named_Snaps/Delta Warp (Japan) (Demo).png</image><titleshot>~/../thumbs/SNK - Neo Geo Pocket Color/Named_Titles/Delta Warp (Japan) (Demo).png</titleshot><thumbnail>~/../thumbs/SNK - Neo Geo Pocket Color/Named_Boxarts/Delta Warp (Japan) (Demo).png</thumbnail><marquee>~/../thumbs/SNK - Neo Geo Pocket Color/Named_Logos/Delta Warp (Japan) (Demo).png</marquee><hidden>true</hidden></game>
<game><path>./NGP Color NoIntro/Delta Warp (Japan) (En,Ja).zip</path><name>Delta Warp (Japan) (En,Ja)</name><image>~/../thumbs/SNK - Neo Geo Pocket Color/Named_Snaps/Delta Warp (Japan) (En,Ja).png</image><titleshot>~/../thumbs/SNK - Neo Geo Pocket Color/Named_Titles/Delta Warp (Japan) (En,Ja).png</titleshot><thumbnail>~/../thumbs/SNK - Neo Geo Pocket Color/Named_Boxarts/Delta Warp (Japan) (En,Ja).png</thumbnail><marquee>~/../thumbs/SNK - Neo Geo Pocket Color/Named_Logos/Delta Warp (Japan) (En,Ja).png</marquee></game>
<game><path>./NGP Color NoIntro/Densetsu no Ogre Battle Gaiden - Zenobia no Ouji (Japan).zip</path><name>Densetsu no Ogre Battle Gaiden - Zenobia no Ouji (Japan)</name><image>~/../thumbs/SNK - Neo Geo Pocket Color/Named_Snaps/Densetsu no Ogre Battle Gaiden - Zenobia no Ouji (Japan).png</image><titleshot>~/../thumbs/SNK - Neo Geo Pocket Color/Named_Titles/Densetsu no Ogre Battle Gaiden - Zenobia no Ouji (Japan).png</titleshot><thumbnail>~/../thumbs/SNK - Neo Geo Pocket Color/Named_Boxarts/Densetsu no Ogre Battle Gaiden - Zenobia no Ouji (Japan).png</thumbnail><marquee>~/../thumbs/SNK - Neo Geo Pocket Color/Named_Logos/Densetsu no Ogre Battle Gaiden - Zenobia no Ouji (Japan).png</marquee></game>
<game><path>./NGP Color NoIntro/Densha de Go! 2 on NeoGeo Pocket (Japan) (Demo).zip</path><name>Densha de Go! 2 on NeoGeo Pocket (Japan) (Demo)</name><image>~/../thumbs/SNK - Neo Geo Pocket Color/Named_Snaps/Densha de Go! 2 on NeoGeo Pocket (Japan) (Demo).png</image><titleshot>~/../thumbs/SNK - Neo Geo Pocket Color/Named_Titles/Densha de Go! 2 on NeoGeo Pocket (Japan) (Demo).png</titleshot><thumbnail>~/../thumbs/SNK - Neo Geo Pocket Color/Named_Boxarts/Densha de Go! 2 on NeoGeo Pocket (Japan) (Demo).png</thumbnail><marquee>~/../thumbs/SNK - Neo Geo Pocket Color/Named_Logos/Densha de Go! 2 on NeoGeo Pocket (Japan) (Demo).png</marquee><hidden>true</hidden></game>
<game><path>./NGP Color NoIntro/Densha de Go! 2 on NeoGeo Pocket (Japan).zip</path><name>Densha de Go! 2 on NeoGeo Pocket (Japan)</name><image>~/../thumbs/SNK - Neo Geo Pocket Color/Named_Snaps/Densha de Go! 2 on NeoGeo Pocket (Japan).png</image><titleshot>~/../thumbs/SNK - Neo Geo Pocket Color/Named_Titles/Densha de Go! 2 on NeoGeo Pocket (Japan).png</titleshot><thumbnail>~/../thumbs/SNK - Neo Geo Pocket Color/Named_Boxarts/Densha de Go! 2 on NeoGeo Pocket (Japan).png</thumbnail><marquee>~/../thumbs/SNK - Neo Geo Pocket Color/Named_Logos/Densha de Go! 2 on NeoGeo Pocket (Japan).png</marquee></game>
<game><path>./NGP Color NoIntro/Dive Alert - Becky's Version (USA, Europe).zip</path><name>Dive Alert - Becky's Version (USA, Europe)</name><image>~/../thumbs/SNK - Neo Geo Pocket Color/Named_Snaps/Dive Alert - Becky's Version (USA, Europe).png</image><titleshot>~/../thumbs/SNK - Neo Geo Pocket Color/Named_Titles/Dive Alert - Becky's Version (USA, Europe).png</titleshot><thumbnail>~/../thumbs/SNK - Neo Geo Pocket Color/Named_Boxarts/Dive Alert - Becky's Version (USA, Europe).png</thumbnail><marquee>~/../thumbs/SNK - Neo Geo Pocket Color/Named_Logos/Dive Alert - Becky's Version (USA, Europe).png</marquee></game>
<game><path>./NGP Color NoIntro/Dive Alert - Burn Hen (Japan) (Beta).zip</path><name>Dive Alert - Burn Hen (Japan) (Beta)</name><image>~/../thumbs/SNK - Neo Geo Pocket Color/Named_Snaps/Dive Alert - Burn Hen (Japan) (Beta).png</image><titleshot>~/../thumbs/SNK - Neo Geo Pocket Color/Named_Titles/Dive Alert - Burn Hen (Japan) (Beta).png</titleshot><thumbnail>~/../thumbs/SNK - Neo Geo Pocket Color/Named_Boxarts/Dive Alert - Burn Hen (Japan) (Beta).png</thumbnail><marquee>~/../thumbs/SNK - Neo Geo Pocket Color/Named_Logos/Dive Alert - Burn Hen (Japan) (Beta).png</marquee><hidden>true</hidden></game>
<game><path>./NGP Color NoIntro/Dive Alert - Burn Hen (Japan).zip</path><name>Dive Alert - Burn Hen (Japan)</name><image>~/../thumbs/SNK - Neo Geo Pocket Color/Named_Snaps/Dive Alert - Burn Hen (Japan).png</image><titleshot>~/../thumbs/SNK - Neo Geo Pocket Color/Named_Titles/Dive Alert - Burn Hen (Japan).png</titleshot><thumbnail>~/../thumbs/SNK - Neo Geo Pocket Color/Named_Boxarts/Dive Alert - Burn Hen (Japan).png</thumbnail><marquee>~/../thumbs/SNK - Neo Geo Pocket Color/Named_Logos/Dive Alert - Burn Hen (Japan).png</marquee></game>
<game><path>./NGP Color NoIntro/Dive Alert - Matt's Version (USA, Europe).zip</path><name>Dive Alert - Matt's Version (USA, Europe)</name><image>~/../thumbs/SNK - Neo Geo Pocket Color/Named_Snaps/Dive Alert - Matt's Version (USA, Europe).png</image><titleshot>~/../thumbs/SNK - Neo Geo Pocket Color/Named_Titles/Dive Alert - Matt's Version (USA, Europe).png</titleshot><thumbnail>~/../thumbs/SNK - Neo Geo Pocket Color/Named_Boxarts/Dive Alert - Matt's Version (USA, Europe).png</thumbnail><marquee>~/../thumbs/SNK - Neo Geo Pocket Color/Named_Logos/Dive Alert - Matt's Version (USA, Europe).png</marquee></game>
<game><path>./NGP Color NoIntro/Dive Alert - Rebecca Hen (Japan).zip</path><name>Dive Alert - Rebecca Hen (Japan)</name><image>~/../thumbs/SNK - Neo Geo Pocket Color/Named_Snaps/Dive Alert - Rebecca Hen (Japan).png</image><titleshot>~/../thumbs/SNK - Neo Geo Pocket Color/Named_Titles/Dive Alert - Rebecca Hen (Japan).png</titleshot><thumbnail>~/../thumbs/SNK - Neo Geo Pocket Color/Named_Boxarts/Dive Alert - Rebecca Hen (Japan).png</thumbnail><marquee>~/../thumbs/SNK - Neo Geo Pocket Color/Named_Logos/Dive Alert - Rebecca Hen (Japan).png</marquee></game>
<game><path>./NGP Color NoIntro/Dokodemo Mahjong (Japan).zip</path><name>Dokodemo Mahjong (Japan)</name><image>~/../thumbs/SNK - Neo Geo Pocket Color/Named_Snaps/Dokodemo Mahjong (Japan).png</image><titleshot>~/../thumbs/SNK - Neo Geo Pocket Color/Named_Titles/Dokodemo Mahjong (Japan).png</titleshot><thumbnail>~/../thumbs/SNK - Neo Geo Pocket Color/Named_Boxarts/Dokodemo Mahjong (Japan).png</thumbnail><marquee>~/../thumbs/SNK - Neo Geo Pocket Color/Named_Logos/Dokodemo Mahjong (Japan).png</marquee></game>
<game><path>./NGP Color NoIntro/Dynamite Slugger (Japan, Europe) (En,Ja).zip</path><name>Dynamite Slugger (Japan, Europe) (En,Ja)</name><image>~/../thumbs/SNK - Neo Geo Pocket Color/Named_Snaps/Dynamite Slugger (Japan, Europe) (En,Ja).png</image><titleshot>~/../thumbs/SNK - Neo Geo Pocket Color/Named_Titles/Dynamite Slugger (Japan, Europe) (En,Ja).png</titleshot><thumbnail>~/../thumbs/SNK - Neo Geo Pocket Color/Named_Boxarts/Dynamite Slugger (Japan, Europe) (En,Ja).png</thumbnail><marquee>~/../thumbs/SNK - Neo Geo Pocket Color/Named_Logos/Dynamite Slugger (Japan, Europe) (En,Ja).png</marquee></game>
<game><path>./NGP Color NoIntro/Evolution - Eternal Dungeons (Europe) (v03).zip</path><name>Evolution - Eternal Dungeons (Europe) (v03)</name><image>~/../thumbs/SNK - Neo Geo Pocket Color/Named_Snaps/Evolution - Eternal Dungeons (Europe) (v03).png</image><titleshot>~/../thumbs/SNK - Neo Geo Pocket Color/Named_Titles/Evolution - Eternal Dungeons (Europe) (v03).png</titleshot><thumbnail>~/../thumbs/SNK - Neo Geo Pocket Color/Named_Boxarts/Evolution - Eternal Dungeons (Europe) (v03).png</thumbnail><marquee>~/../thumbs/SNK - Neo Geo Pocket Color/Named_Logos/Evolution - Eternal Dungeons (Europe) (v03).png</marquee></game>
<game><path>./NGP Color NoIntro/Evolution - Eternal Dungeons (Europe) (vA1).zip</path><name>Evolution - Eternal Dungeons (Europe) (vA1)</name><image>~/../thumbs/SNK - Neo Geo Pocket Color/Named_Snaps/Evolution - Eternal Dungeons (Europe) (vA1).png</image><titleshot>~/../thumbs/SNK - Neo Geo Pocket Color/Named_Titles/Evolution - Eternal Dungeons (Europe) (vA1).png</titleshot><thumbnail>~/../thumbs/SNK - Neo Geo Pocket Color/Named_Boxarts/Evolution - Eternal Dungeons (Europe) (vA1).png</thumbnail><marquee>~/../thumbs/SNK - Neo Geo Pocket Color/Named_Logos/Evolution - Eternal Dungeons (Europe) (vA1).png</marquee></game>
<game><path>./NGP Color NoIntro/Fantastic Night Dreams - Cotton (Europe).zip</path><name>Fantastic Night Dreams - Cotton (Europe)</name><image>~/../thumbs/SNK - Neo Geo Pocket Color/Named_Snaps/Fantastic Night Dreams - Cotton (Europe).png</image><titleshot>~/../thumbs/SNK - Neo Geo Pocket Color/Named_Titles/Fantastic Night Dreams - Cotton (Europe).png</titleshot><thumbnail>~/../thumbs/SNK - Neo Geo Pocket Color/Named_Boxarts/Fantastic Night Dreams - Cotton (Europe).png</thumbnail><marquee>~/../thumbs/SNK - Neo Geo Pocket Color/Named_Logos/Fantastic Night Dreams - Cotton (Europe).png</marquee></game>
<game><path>./NGP Color NoIntro/Fantastic Night Dreams - Cotton (Japan).zip</path><name>Fantastic Night Dreams - Cotton (Japan)</name><image>~/../thumbs/SNK - Neo Geo Pocket Color/Named_Snaps/Fantastic Night Dreams - Cotton (Japan).png</image><titleshot>~/../thumbs/SNK - Neo Geo Pocket Color/Named_Titles/Fantastic Night Dreams - Cotton (Japan).png</titleshot><thumbnail>~/../thumbs/SNK - Neo Geo Pocket Color/Named_Boxarts/Fantastic Night Dreams - Cotton (Japan).png</thumbnail><marquee>~/../thumbs/SNK - Neo Geo Pocket Color/Named_Logos/Fantastic Night Dreams - Cotton (Japan).png</marquee></game>
<game><path>./NGP Color NoIntro/Faselei! (Japan).zip</path><name>Faselei! (Japan)</name><image>~/../thumbs/SNK - Neo Geo Pocket Color/Named_Snaps/Faselei! (Japan).png</image><titleshot>~/../thumbs/SNK - Neo Geo Pocket Color/Named_Titles/Faselei! (Japan).png</titleshot><thumbnail>~/../thumbs/SNK - Neo Geo Pocket Color/Named_Boxarts/Faselei! (Japan).png</thumbnail><marquee>~/../thumbs/SNK - Neo Geo Pocket Color/Named_Logos/Faselei! (Japan).png</marquee></game>
<game><path>./NGP Color NoIntro/Faselei! (USA, Europe).zip</path><name>Faselei! (USA, Europe)</name><image>~/../thumbs/SNK - Neo Geo Pocket Color/Named_Snaps/Faselei! (USA, Europe).png</image><titleshot>~/../thumbs/SNK - Neo Geo Pocket Color/Named_Titles/Faselei! (USA, Europe).png</titleshot><thumbnail>~/../thumbs/SNK - Neo Geo Pocket Color/Named_Boxarts/Faselei! (USA, Europe).png</thumbnail><marquee>~/../thumbs/SNK - Neo Geo Pocket Color/Named_Logos/Faselei! (USA, Europe).png</marquee></game>
<game><path>./NGP Color NoIntro/Fatal Fury F-Contact - Pocket Fighting Series (World) (En,Ja).zip</path><name>Fatal Fury F-Contact - Pocket Fighting Series (World) (En,Ja)</name><image>~/../thumbs/SNK - Neo Geo Pocket Color/Named_Snaps/Fatal Fury F-Contact - Pocket Fighting Series (World) (En,Ja).png</image><titleshot>~/../thumbs/SNK - Neo Geo Pocket Color/Named_Titles/Fatal Fury F-Contact - Pocket Fighting Series (World) (En,Ja).png</titleshot><thumbnail>~/../thumbs/SNK - Neo Geo Pocket Color/Named_Boxarts/Fatal Fury F-Contact - Pocket Fighting Series (World) (En,Ja).png</thumbnail><marquee>~/../thumbs/SNK - Neo Geo Pocket Color/Named_Logos/Fatal Fury F-Contact - Pocket Fighting Series (World) (En,Ja).png</marquee></game>
<game><path>./NGP Color NoIntro/Ganbare Neo Poke-kun (Kari) (Japan).zip</path><name>Ganbare Neo Poke-kun (Kari) (Japan)</name><image>~/../thumbs/SNK - Neo Geo Pocket Color/Named_Snaps/Ganbare Neo Poke-kun (Kari) (Japan).png</image><titleshot>~/../thumbs/SNK - Neo Geo Pocket Color/Named_Titles/Ganbare Neo Poke-kun (Kari) (Japan).png</titleshot><thumbnail>~/../thumbs/SNK - Neo Geo Pocket Color/Named_Boxarts/Ganbare Neo Poke-kun (Kari) (Japan).png</thumbnail><marquee>~/../thumbs/SNK - Neo Geo Pocket Color/Named_Logos/Ganbare Neo Poke-kun (Kari) (Japan).png</marquee></game>
<game><path>./NGP Color NoIntro/Infinity Cure (Japan).zip</path><name>Infinity Cure (Japan)</name><image>~/../thumbs/SNK - Neo Geo Pocket Color/Named_Snaps/Infinity Cure (Japan).png</image><titleshot>~/../thumbs/SNK - Neo Geo Pocket Color/Named_Titles/Infinity Cure (Japan).png</titleshot><thumbnail>~/../thumbs/SNK - Neo Geo Pocket Color/Named_Boxarts/Infinity Cure (Japan).png</thumbnail><marquee>~/../thumbs/SNK - Neo Geo Pocket Color/Named_Logos/Infinity Cure (Japan).png</marquee></game>
<game><path>./NGP Color NoIntro/Kikou Seiki Unitron - Sono Tsuide. Hikari Umareru Chi Yori. (Japan).zip</path><name>Kikou Seiki Unitron - Sono Tsuide. Hikari Umareru Chi Yori. (Japan)</name><image>~/../thumbs/SNK - Neo Geo Pocket Color/Named_Snaps/Kikou Seiki Unitron - Sono Tsuide. Hikari Umareru Chi Yori. (Japan).png</image><titleshot>~/../thumbs/SNK - Neo Geo Pocket Color/Named_Titles/Kikou Seiki Unitron - Sono Tsuide. Hikari Umareru Chi Yori. (Japan).png</titleshot><thumbnail>~/../thumbs/SNK - Neo Geo Pocket Color/Named_Boxarts/Kikou Seiki Unitron - Sono Tsuide. Hikari Umareru Chi Yori. (Japan).png</thumbnail><marquee>~/../thumbs/SNK - Neo Geo Pocket Color/Named_Logos/Kikou Seiki Unitron - Sono Tsuide. Hikari Umareru Chi Yori. (Japan).png</marquee></game>
<game><path>./NGP Color NoIntro/King of Fighters R-2 - Pocket Fighting Series (Japan) (En,Ja) (Demo 1).zip</path><name>King of Fighters R-2 - Pocket Fighting Series (Japan) (En,Ja) (Demo 1)</name><image>~/../thumbs/SNK - Neo Geo Pocket Color/Named_Snaps/King of Fighters R-2 - Pocket Fighting Series (Japan) (En,Ja) (Demo 1).png</image><titleshot>~/../thumbs/SNK - Neo Geo Pocket Color/Named_Titles/King of Fighters R-2 - Pocket Fighting Series (Japan) (En,Ja) (Demo 1).png</titleshot><thumbnail>~/../thumbs/SNK - Neo Geo Pocket Color/Named_Boxarts/King of Fighters R-2 - Pocket Fighting Series (Japan) (En,Ja) (Demo 1).png</thumbnail><marquee>~/../thumbs/SNK - Neo Geo Pocket Color/Named_Logos/King of Fighters R-2 - Pocket Fighting Series (Japan) (En,Ja) (Demo 1).png</marquee><hidden>true</hidden></game>
<game><path>./NGP Color NoIntro/King of Fighters R-2 - Pocket Fighting Series (Japan) (En,Ja) (Demo 2).zip</path><name>King of Fighters R-2 - Pocket Fighting Series (Japan) (En,Ja) (Demo 2)</name><image>~/../thumbs/SNK - Neo Geo Pocket Color/Named_Snaps/King of Fighters R-2 - Pocket Fighting Series (Japan) (En,Ja) (Demo 2).png</image><titleshot>~/../thumbs/SNK - Neo Geo Pocket Color/Named_Titles/King of Fighters R-2 - Pocket Fighting Series (Japan) (En,Ja) (Demo 2).png</titleshot><thumbnail>~/../thumbs/SNK - Neo Geo Pocket Color/Named_Boxarts/King of Fighters R-2 - Pocket Fighting Series (Japan) (En,Ja) (Demo 2).png</thumbnail><marquee>~/../thumbs/SNK - Neo Geo Pocket Color/Named_Logos/King of Fighters R-2 - Pocket Fighting Series (Japan) (En,Ja) (Demo 2).png</marquee><hidden>true</hidden></game>
<game><path>./NGP Color NoIntro/King of Fighters R-2 - Pocket Fighting Series (World) (En,Ja).zip</path><name>King of Fighters R-2 - Pocket Fighting Series (World) (En,Ja)</name><image>~/../thumbs/SNK - Neo Geo Pocket Color/Named_Snaps/King of Fighters R-2 - Pocket Fighting Series (World) (En,Ja).png</image><titleshot>~/../thumbs/SNK - Neo Geo Pocket Color/Named_Titles/King of Fighters R-2 - Pocket Fighting Series (World) (En,Ja).png</titleshot><thumbnail>~/../thumbs/SNK - Neo Geo Pocket Color/Named_Boxarts/King of Fighters R-2 - Pocket Fighting Series (World) (En,Ja).png</thumbnail><marquee>~/../thumbs/SNK - Neo Geo Pocket Color/Named_Logos/King of Fighters R-2 - Pocket Fighting Series (World) (En,Ja).png</marquee></game>
<game><path>./NGP Color NoIntro/King of Fighters, The - Battle de Paradise (Japan).zip</path><name>King of Fighters, The - Battle de Paradise (Japan)</name><image>~/../thumbs/SNK - Neo Geo Pocket Color/Named_Snaps/King of Fighters, The - Battle de Paradise (Japan).png</image><titleshot>~/../thumbs/SNK - Neo Geo Pocket Color/Named_Titles/King of Fighters, The - Battle de Paradise (Japan).png</titleshot><thumbnail>~/../thumbs/SNK - Neo Geo Pocket Color/Named_Boxarts/King of Fighters, The - Battle de Paradise (Japan).png</thumbnail><marquee>~/../thumbs/SNK - Neo Geo Pocket Color/Named_Logos/King of Fighters, The - Battle de Paradise (Japan).png</marquee></game>
<game><path>./NGP Color NoIntro/Koi Koi Mahjong (Japan) (v08).zip</path><name>Koi Koi Mahjong (Japan) (v08)</name><image>~/../thumbs/SNK - Neo Geo Pocket Color/Named_Snaps/Koi Koi Mahjong (Japan) (v08).png</image><titleshot>~/../thumbs/SNK - Neo Geo Pocket Color/Named_Titles/Koi Koi Mahjong (Japan) (v08).png</titleshot><thumbnail>~/../thumbs/SNK - Neo Geo Pocket Color/Named_Boxarts/Koi Koi Mahjong (Japan) (v08).png</thumbnail><marquee>~/../thumbs/SNK - Neo Geo Pocket Color/Named_Logos/Koi Koi Mahjong (Japan) (v08).png</marquee></game>
<game><path>./NGP Color NoIntro/Koi Koi Mahjong (Japan) (v0B).zip</path><name>Koi Koi Mahjong (Japan) (v0B)</name><image>~/../thumbs/SNK - Neo Geo Pocket Color/Named_Snaps/Koi Koi Mahjong (Japan) (v0B).png</image><titleshot>~/../thumbs/SNK - Neo Geo Pocket Color/Named_Titles/Koi Koi Mahjong (Japan) (v0B).png</titleshot><thumbnail>~/../thumbs/SNK - Neo Geo Pocket Color/Named_Boxarts/Koi Koi Mahjong (Japan) (v0B).png</thumbnail><marquee>~/../thumbs/SNK - Neo Geo Pocket Color/Named_Logos/Koi Koi Mahjong (Japan) (v0B).png</marquee></game>
<game><path>./NGP Color NoIntro/Last Blade, The - Beyond the Destiny (USA, Europe).zip</path><name>Last Blade, The - Beyond the Destiny (USA, Europe)</name><image>~/../thumbs/SNK - Neo Geo Pocket Color/Named_Snaps/Last Blade, The - Beyond the Destiny (USA, Europe).png</image><titleshot>~/../thumbs/SNK - Neo Geo Pocket Color/Named_Titles/Last Blade, The - Beyond the Destiny (USA, Europe).png</titleshot><thumbnail>~/../thumbs/SNK - Neo Geo Pocket Color/Named_Boxarts/Last Blade, The - Beyond the Destiny (USA, Europe).png</thumbnail><marquee>~/../thumbs/SNK - Neo Geo Pocket Color/Named_Logos/Last Blade, The - Beyond the Destiny (USA, Europe).png</marquee></game>
<game><path>./NGP Color NoIntro/Magical Drop Pocket (Japan) (Demo).zip</path><name>Magical Drop Pocket (Japan) (Demo)</name><image>~/../thumbs/SNK - Neo Geo Pocket Color/Named_Snaps/Magical Drop Pocket (Japan) (Demo).png</image><titleshot>~/../thumbs/SNK - Neo Geo Pocket Color/Named_Titles/Magical Drop Pocket (Japan) (Demo).png</titleshot><thumbnail>~/../thumbs/SNK - Neo Geo Pocket Color/Named_Boxarts/Magical Drop Pocket (Japan) (Demo).png</thumbnail><marquee>~/../thumbs/SNK - Neo Geo Pocket Color/Named_Logos/Magical Drop Pocket (Japan) (Demo).png</marquee><hidden>true</hidden></game>
<game><path>./NGP Color NoIntro/Magical Drop Pocket (Japan).zip</path><name>Magical Drop Pocket (Japan)</name><image>~/../thumbs/SNK - Neo Geo Pocket Color/Named_Snaps/Magical Drop Pocket (Japan).png</image><titleshot>~/../thumbs/SNK - Neo Geo Pocket Color/Named_Titles/Magical Drop Pocket (Japan).png</titleshot><thumbnail>~/../thumbs/SNK - Neo Geo Pocket Color/Named_Boxarts/Magical Drop Pocket (Japan).png</thumbnail><marquee>~/../thumbs/SNK - Neo Geo Pocket Color/Named_Logos/Magical Drop Pocket (Japan).png</marquee></game>
<game><path>./NGP Color NoIntro/Magical Drop Pocket (USA, Europe).zip</path><name>Magical Drop Pocket (USA, Europe)</name><image>~/../thumbs/SNK - Neo Geo Pocket Color/Named_Snaps/Magical Drop Pocket (USA, Europe).png</image><titleshot>~/../thumbs/SNK - Neo Geo Pocket Color/Named_Titles/Magical Drop Pocket (USA, Europe).png</titleshot><thumbnail>~/../thumbs/SNK - Neo Geo Pocket Color/Named_Boxarts/Magical Drop Pocket (USA, Europe).png</thumbnail><marquee>~/../thumbs/SNK - Neo Geo Pocket Color/Named_Logos/Magical Drop Pocket (USA, Europe).png</marquee></game>
<game><path>./NGP Color NoIntro/Memories Off - Pure (Japan).zip</path><name>Memories Off - Pure (Japan)</name><image>~/../thumbs/SNK - Neo Geo Pocket Color/Named_Snaps/Memories Off - Pure (Japan).png</image><titleshot>~/../thumbs/SNK - Neo Geo Pocket Color/Named_Titles/Memories Off - Pure (Japan).png</titleshot><thumbnail>~/../thumbs/SNK - Neo Geo Pocket Color/Named_Boxarts/Memories Off - Pure (Japan).png</thumbnail><marquee>~/../thumbs/SNK - Neo Geo Pocket Color/Named_Logos/Memories Off - Pure (Japan).png</marquee></game>
<game><path>./NGP Color NoIntro/Metal Slug - 1st Mission (World) (En,Ja).zip</path><name>Metal Slug - 1st Mission (World) (En,Ja)</name><image>~/../thumbs/SNK - Neo Geo Pocket Color/Named_Snaps/Metal Slug - 1st Mission (World) (En,Ja).png</image><titleshot>~/../thumbs/SNK - Neo Geo Pocket Color/Named_Titles/Metal Slug - 1st Mission (World) (En,Ja).png</titleshot><thumbnail>~/../thumbs/SNK - Neo Geo Pocket Color/Named_Boxarts/Metal Slug - 1st Mission (World) (En,Ja).png</thumbnail><marquee>~/../thumbs/SNK - Neo Geo Pocket Color/Named_Logos/Metal Slug - 1st Mission (World) (En,Ja).png</marquee></game>
<game><path>./NGP Color NoIntro/Metal Slug - 2nd Mission (World) (En,Ja) (Demo).zip</path><name>Metal Slug - 2nd Mission (World) (En,Ja) (Demo)</name><image>~/../thumbs/SNK - Neo Geo Pocket Color/Named_Snaps/Metal Slug - 2nd Mission (World) (En,Ja) (Demo).png</image><titleshot>~/../thumbs/SNK - Neo Geo Pocket Color/Named_Titles/Metal Slug - 2nd Mission (World) (En,Ja) (Demo).png</titleshot><thumbnail>~/../thumbs/SNK - Neo Geo Pocket Color/Named_Boxarts/Metal Slug - 2nd Mission (World) (En,Ja) (Demo).png</thumbnail><marquee>~/../thumbs/SNK - Neo Geo Pocket Color/Named_Logos/Metal Slug - 2nd Mission (World) (En,Ja) (Demo).png</marquee><hidden>true</hidden></game>
<game><path>./NGP Color NoIntro/Metal Slug - 2nd Mission (World) (En,Ja).zip</path><name>Metal Slug - 2nd Mission (World) (En,Ja)</name><image>~/../thumbs/SNK - Neo Geo Pocket Color/Named_Snaps/Metal Slug - 2nd Mission (World) (En,Ja).png</image><titleshot>~/../thumbs/SNK - Neo Geo Pocket Color/Named_Titles/Metal Slug - 2nd Mission (World) (En,Ja).png</titleshot><thumbnail>~/../thumbs/SNK - Neo Geo Pocket Color/Named_Boxarts/Metal Slug - 2nd Mission (World) (En,Ja).png</thumbnail><marquee>~/../thumbs/SNK - Neo Geo Pocket Color/Named_Logos/Metal Slug - 2nd Mission (World) (En,Ja).png</marquee></game>
<game><path>./NGP Color NoIntro/Mezase! Kanji Ou (Japan).zip</path><name>Mezase! Kanji Ou (Japan)</name><image>~/../thumbs/SNK - Neo Geo Pocket Color/Named_Snaps/Mezase! Kanji Ou (Japan).png</image><titleshot>~/../thumbs/SNK - Neo Geo Pocket Color/Named_Titles/Mezase! Kanji Ou (Japan).png</titleshot><thumbnail>~/../thumbs/SNK - Neo Geo Pocket Color/Named_Boxarts/Mezase! Kanji Ou (Japan).png</thumbnail><marquee>~/../thumbs/SNK - Neo Geo Pocket Color/Named_Logos/Mezase! Kanji Ou (Japan).png</marquee></game>
<game><path>./NGP Color NoIntro/Mizuki Shigeru no Youkai Shashinkan (Japan).zip</path><name>Mizuki Shigeru no Youkai Shashinkan (Japan)</name><image>~/../thumbs/SNK - Neo Geo Pocket Color/Named_Snaps/Mizuki Shigeru no Youkai Shashinkan (Japan).png</image><titleshot>~/../thumbs/SNK - Neo Geo Pocket Color/Named_Titles/Mizuki Shigeru no Youkai Shashinkan (Japan).png</titleshot><thumbnail>~/../thumbs/SNK - Neo Geo Pocket Color/Named_Boxarts/Mizuki Shigeru no Youkai Shashinkan (Japan).png</thumbnail><marquee>~/../thumbs/SNK - Neo Geo Pocket Color/Named_Logos/Mizuki Shigeru no Youkai Shashinkan (Japan).png</marquee></game>
<game><path>./NGP Color NoIntro/Neo 21 - Pocket Casino Series (World).zip</path><name>Neo 21 - Pocket Casino Series (World)</name><image>~/../thumbs/SNK - Neo Geo Pocket Color/Named_Snaps/Neo 21 - Pocket Casino Series (World).png</image><titleshot>~/../thumbs/SNK - Neo Geo Pocket Color/Named_Titles/Neo 21 - Pocket Casino Series (World).png</titleshot><thumbnail>~/../thumbs/SNK - Neo Geo Pocket Color/Named_Boxarts/Neo 21 - Pocket Casino Series (World).png</thumbnail><marquee>~/../thumbs/SNK - Neo Geo Pocket Color/Named_Logos/Neo 21 - Pocket Casino Series (World).png</marquee></game>
<game><path>./NGP Color NoIntro/Neo Baccarat - Pocket Casino Series (Japan, Europe) (En) (Beta).zip</path><name>Neo Baccarat - Pocket Casino Series (Japan, Europe) (En) (Beta)</name><image>~/../thumbs/SNK - Neo Geo Pocket Color/Named_Snaps/Neo Baccarat - Pocket Casino Series (Japan, Europe) (En) (Beta).png</image><titleshot>~/../thumbs/SNK - Neo Geo Pocket Color/Named_Titles/Neo Baccarat - Pocket Casino Series (Japan, Europe) (En) (Beta).png</titleshot><thumbnail>~/../thumbs/SNK - Neo Geo Pocket Color/Named_Boxarts/Neo Baccarat - Pocket Casino Series (Japan, Europe) (En) (Beta).png</thumbnail><marquee>~/../thumbs/SNK - Neo Geo Pocket Color/Named_Logos/Neo Baccarat - Pocket Casino Series (Japan, Europe) (En) (Beta).png</marquee><hidden>true</hidden></game>
<game><path>./NGP Color NoIntro/Neo Baccarat - Pocket Casino Series (Japan, Europe) (En) (v11).zip</path><name>Neo Baccarat - Pocket Casino Series (Japan, Europe) (En) (v11)</name><image>~/../thumbs/SNK - Neo Geo Pocket Color/Named_Snaps/Neo Baccarat - Pocket Casino Series (Japan, Europe) (En) (v11).png</image><titleshot>~/../thumbs/SNK - Neo Geo Pocket Color/Named_Titles/Neo Baccarat - Pocket Casino Series (Japan, Europe) (En) (v11).png</titleshot><thumbnail>~/../thumbs/SNK - Neo Geo Pocket Color/Named_Boxarts/Neo Baccarat - Pocket Casino Series (Japan, Europe) (En) (v11).png</thumbnail><marquee>~/../thumbs/SNK - Neo Geo Pocket Color/Named_Logos/Neo Baccarat - Pocket Casino Series (Japan, Europe) (En) (v11).png</marquee></game>
<game><path>./NGP Color NoIntro/Neo Baccarat - Pocket Casino Series (Japan, Europe) (En) (v16).zip</path><name>Neo Baccarat - Pocket Casino Series (Japan, Europe) (En) (v16)</name><image>~/../thumbs/SNK - Neo Geo Pocket Color/Named_Snaps/Neo Baccarat - Pocket Casino Series (Japan, Europe) (En) (v16).png</image><titleshot>~/../thumbs/SNK - Neo Geo Pocket Color/Named_Titles/Neo Baccarat - Pocket Casino Series (Japan, Europe) (En) (v16).png</titleshot><thumbnail>~/../thumbs/SNK - Neo Geo Pocket Color/Named_Boxarts/Neo Baccarat - Pocket Casino Series (Japan, Europe) (En) (v16).png</thumbnail><marquee>~/../thumbs/SNK - Neo Geo Pocket Color/Named_Logos/Neo Baccarat - Pocket Casino Series (Japan, Europe) (En) (v16).png</marquee></game>
<game><path>./NGP Color NoIntro/Neo Cherry Master Color - Pocket Casino Series (World) (En,Ja) (Demo).zip</path><name>Neo Cherry Master Color - Pocket Casino Series (World) (En,Ja) (Demo)</name><image>~/../thumbs/SNK - Neo Geo Pocket Color/Named_Snaps/Neo Cherry Master Color - Pocket Casino Series (World) (En,Ja) (Demo).png</image><titleshot>~/../thumbs/SNK - Neo Geo Pocket Color/Named_Titles/Neo Cherry Master Color - Pocket Casino Series (World) (En,Ja) (Demo).png</titleshot><thumbnail>~/../thumbs/SNK - Neo Geo Pocket Color/Named_Boxarts/Neo Cherry Master Color - Pocket Casino Series (World) (En,Ja) (Demo).png</thumbnail><marquee>~/../thumbs/SNK - Neo Geo Pocket Color/Named_Logos/Neo Cherry Master Color - Pocket Casino Series (World) (En,Ja) (Demo).png</marquee><hidden>true</hidden></game>
<game><path>./NGP Color NoIntro/Neo Cherry Master Color - Pocket Casino Series (World) (En,Ja).zip</path><name>Neo Cherry Master Color - Pocket Casino Series (World) (En,Ja)</name><image>~/../thumbs/SNK - Neo Geo Pocket Color/Named_Snaps/Neo Cherry Master Color - Pocket Casino Series (World) (En,Ja).png</image><titleshot>~/../thumbs/SNK - Neo Geo Pocket Color/Named_Titles/Neo Cherry Master Color - Pocket Casino Series (World) (En,Ja).png</titleshot><thumbnail>~/../thumbs/SNK - Neo Geo Pocket Color/Named_Boxarts/Neo Cherry Master Color - Pocket Casino Series (World) (En,Ja).png</thumbnail><marquee>~/../thumbs/SNK - Neo Geo Pocket Color/Named_Logos/Neo Cherry Master Color - Pocket Casino Series (World) (En,Ja).png</marquee></game>
<game><path>./NGP Color NoIntro/Neo Derby Champ Daiyosou (Japan).zip</path><name>Neo Derby Champ Daiyosou (Japan)</name><image>~/../thumbs/SNK - Neo Geo Pocket Color/Named_Snaps/Neo Derby Champ Daiyosou (Japan).png</image><titleshot>~/../thumbs/SNK - Neo Geo Pocket Color/Named_Titles/Neo Derby Champ Daiyosou (Japan).png</titleshot><thumbnail>~/../thumbs/SNK - Neo Geo Pocket Color/Named_Boxarts/Neo Derby Champ Daiyosou (Japan).png</thumbnail><marquee>~/../thumbs/SNK - Neo Geo Pocket Color/Named_Logos/Neo Derby Champ Daiyosou (Japan).png</marquee></game>
<game><path>./NGP Color NoIntro/Neo Dragon's Wild - Real Casino Series (World) (En,Ja) (v11).zip</path><name>Neo Dragon's Wild - Real Casino Series (World) (En,Ja) (v11)</name><image>~/../thumbs/SNK - Neo Geo Pocket Color/Named_Snaps/Neo Dragon's Wild - Real Casino Series (World) (En,Ja) (v11).png</image><titleshot>~/../thumbs/SNK - Neo Geo Pocket Color/Named_Titles/Neo Dragon's Wild - Real Casino Series (World) (En,Ja) (v11).png</titleshot><thumbnail>~/../thumbs/SNK - Neo Geo Pocket Color/Named_Boxarts/Neo Dragon's Wild - Real Casino Series (World) (En,Ja) (v11).png</thumbnail><marquee>~/../thumbs/SNK - Neo Geo Pocket Color/Named_Logos/Neo Dragon's Wild - Real Casino Series (World) (En,Ja) (v11).png</marquee></game>
<game><path>./NGP Color NoIntro/Neo Dragon's Wild - Real Casino Series (World) (En,Ja) (v13).zip</path><name>Neo Dragon's Wild - Real Casino Series (World) (En,Ja) (v13)</name><image>~/../thumbs/SNK - Neo Geo Pocket Color/Named_Snaps/Neo Dragon's Wild - Real Casino Series (World) (En,Ja) (v13).png</image><titleshot>~/../thumbs/SNK - Neo Geo Pocket Color/Named_Titles/Neo Dragon's Wild - Real Casino Series (World) (En,Ja) (v13).png</titleshot><thumbnail>~/../thumbs/SNK - Neo Geo Pocket Color/Named_Boxarts/Neo Dragon's Wild - Real Casino Series (World) (En,Ja) (v13).png</thumbnail><marquee>~/../thumbs/SNK - Neo Geo Pocket Color/Named_Logos/Neo Dragon's Wild - Real Casino Series (World) (En,Ja) (v13).png</marquee></game>
<game><path>./NGP Color NoIntro/Neo Mystery Bonus - Pocket Casino Series (World) (En,Ja).zip</path><name>Neo Mystery Bonus - Pocket Casino Series (World) (En,Ja)</name><image>~/../thumbs/SNK - Neo Geo Pocket Color/Named_Snaps/Neo Mystery Bonus - Pocket Casino Series (World) (En,Ja).png</image><titleshot>~/../thumbs/SNK - Neo Geo Pocket Color/Named_Titles/Neo Mystery Bonus - Pocket Casino Series (World) (En,Ja).png</titleshot><thumbnail>~/../thumbs/SNK - Neo Geo Pocket Color/Named_Boxarts/Neo Mystery Bonus - Pocket Casino Series (World) (En,Ja).png</thumbnail><marquee>~/../thumbs/SNK - Neo Geo Pocket Color/Named_Logos/Neo Mystery Bonus - Pocket Casino Series (World) (En,Ja).png</marquee></game>
<game><path>./NGP Color NoIntro/Neo Poke Pro Yakyuu (Japan) (v1F).zip</path><name>Neo Poke Pro Yakyuu (Japan) (v1F)</name><image>~/../thumbs/SNK - Neo Geo Pocket Color/Named_Snaps/Neo Poke Pro Yakyuu (Japan) (v1F).png</image><titleshot>~/../thumbs/SNK - Neo Geo Pocket Color/Named_Titles/Neo Poke Pro Yakyuu (Japan) (v1F).png</titleshot><thumbnail>~/../thumbs/SNK - Neo Geo Pocket Color/Named_Boxarts/Neo Poke Pro Yakyuu (Japan) (v1F).png</thumbnail><marquee>~/../thumbs/SNK - Neo Geo Pocket Color/Named_Logos/Neo Poke Pro Yakyuu (Japan) (v1F).png</marquee></game>
<game><path>./NGP Color NoIntro/Neo Poke Pro Yakyuu (Japan) (v32).zip</path><name>Neo Poke Pro Yakyuu (Japan) (v32)</name><image>~/../thumbs/SNK - Neo Geo Pocket Color/Named_Snaps/Neo Poke Pro Yakyuu (Japan) (v32).png</image><titleshot>~/../thumbs/SNK - Neo Geo Pocket Color/Named_Titles/Neo Poke Pro Yakyuu (Japan) (v32).png</titleshot><thumbnail>~/../thumbs/SNK - Neo Geo Pocket Color/Named_Boxarts/Neo Poke Pro Yakyuu (Japan) (v32).png</thumbnail><marquee>~/../thumbs/SNK - Neo Geo Pocket Color/Named_Logos/Neo Poke Pro Yakyuu (Japan) (v32).png</marquee></game>
<game><path>./NGP Color NoIntro/Neo Turf Masters (World) (En,Ja).zip</path><name>Neo Turf Masters (World) (En,Ja)</name><image>~/../thumbs/SNK - Neo Geo Pocket Color/Named_Snaps/Neo Turf Masters (World) (En,Ja).png</image><titleshot>~/../thumbs/SNK - Neo Geo Pocket Color/Named_Titles/Neo Turf Masters (World) (En,Ja).png</titleshot><thumbnail>~/../thumbs/SNK - Neo Geo Pocket Color/Named_Boxarts/Neo Turf Masters (World) (En,Ja).png</thumbnail><marquee>~/../thumbs/SNK - Neo Geo Pocket Color/Named_Logos/Neo Turf Masters (World) (En,Ja).png</marquee></game>
<game><path>./NGP Color NoIntro/NeoGeo Cup '98 Plus Color - Pocket Sports Series (World) (En,Ja).zip</path><name>NeoGeo Cup '98 Plus Color - Pocket Sports Series (World) (En,Ja)</name><image>~/../thumbs/SNK - Neo Geo Pocket Color/Named_Snaps/NeoGeo Cup '98 Plus Color - Pocket Sports Series (World) (En,Ja).png</image><titleshot>~/../thumbs/SNK - Neo Geo Pocket Color/Named_Titles/NeoGeo Cup '98 Plus Color - Pocket Sports Series (World) (En,Ja).png</titleshot><thumbnail>~/../thumbs/SNK - Neo Geo Pocket Color/Named_Boxarts/NeoGeo Cup '98 Plus Color - Pocket Sports Series (World) (En,Ja).png</thumbnail><marquee>~/../thumbs/SNK - Neo Geo Pocket Color/Named_Logos/NeoGeo Cup '98 Plus Color - Pocket Sports Series (World) (En,Ja).png</marquee></game>
<game><path>./NGP Color NoIntro/Nige-ron-pa (Japan).zip</path><name>Nige-ron-pa (Japan)</name><image>~/../thumbs/SNK - Neo Geo Pocket Color/Named_Snaps/Nige-ron-pa (Japan).png</image><titleshot>~/../thumbs/SNK - Neo Geo Pocket Color/Named_Titles/Nige-ron-pa (Japan).png</titleshot><thumbnail>~/../thumbs/SNK - Neo Geo Pocket Color/Named_Boxarts/Nige-ron-pa (Japan).png</thumbnail><marquee>~/../thumbs/SNK - Neo Geo Pocket Color/Named_Logos/Nige-ron-pa (Japan).png</marquee></game>
<game><path>./NGP Color NoIntro/Oekaki Puzzle (Japan).zip</path><name>Oekaki Puzzle (Japan)</name><image>~/../thumbs/SNK - Neo Geo Pocket Color/Named_Snaps/Oekaki Puzzle (Japan).png</image><titleshot>~/../thumbs/SNK - Neo Geo Pocket Color/Named_Titles/Oekaki Puzzle (Japan).png</titleshot><thumbnail>~/../thumbs/SNK - Neo Geo Pocket Color/Named_Boxarts/Oekaki Puzzle (Japan).png</thumbnail><marquee>~/../thumbs/SNK - Neo Geo Pocket Color/Named_Logos/Oekaki Puzzle (Japan).png</marquee></game>
<game><path>./NGP Color NoIntro/PP-AA01 - Pusher - Program - Hontai Controller Gawa (Japan).zip</path><name>PP-AA01 - Pusher - Program - Hontai Controller Gawa (Japan)</name><image>~/../thumbs/SNK - Neo Geo Pocket Color/Named_Snaps/PP-AA01 - Pusher - Program - Hontai Controller Gawa (Japan).png</image><titleshot>~/../thumbs/SNK - Neo Geo Pocket Color/Named_Titles/PP-AA01 - Pusher - Program - Hontai Controller Gawa (Japan).png</titleshot><thumbnail>~/../thumbs/SNK - Neo Geo Pocket Color/Named_Boxarts/PP-AA01 - Pusher - Program - Hontai Controller Gawa (Japan).png</thumbnail><marquee>~/../thumbs/SNK - Neo Geo Pocket Color/Named_Logos/PP-AA01 - Pusher - Program - Hontai Controller Gawa (Japan).png</marquee></game>
<game><path>./NGP Color NoIntro/Pac-Man (World) (En,Ja).zip</path><name>Pac-Man (World) (En,Ja)</name><image>~/../thumbs/SNK - Neo Geo Pocket Color/Named_Snaps/Pac-Man (World) (En,Ja).png</image><titleshot>~/../thumbs/SNK - Neo Geo Pocket Color/Named_Titles/Pac-Man (World) (En,Ja).png</titleshot><thumbnail>~/../thumbs/SNK - Neo Geo Pocket Color/Named_Boxarts/Pac-Man (World) (En,Ja).png</thumbnail><marquee>~/../thumbs/SNK - Neo Geo Pocket Color/Named_Logos/Pac-Man (World) (En,Ja).png</marquee></game>
<game><path>./NGP Color NoIntro/Pachi-Slot Aruze Oukoku - Porcano 2 (Japan).zip</path><name>Pachi-Slot Aruze Oukoku - Porcano 2 (Japan)</name><image>~/../thumbs/SNK - Neo Geo Pocket Color/Named_Snaps/Pachi-Slot Aruze Oukoku - Porcano 2 (Japan).png</image><titleshot>~/../thumbs/SNK - Neo Geo Pocket Color/Named_Titles/Pachi-Slot Aruze Oukoku - Porcano 2 (Japan).png</titleshot><thumbnail>~/../thumbs/SNK - Neo Geo Pocket Color/Named_Boxarts/Pachi-Slot Aruze Oukoku - Porcano 2 (Japan).png</thumbnail><marquee>~/../thumbs/SNK - Neo Geo Pocket Color/Named_Logos/Pachi-Slot Aruze Oukoku - Porcano 2 (Japan).png</marquee></game>
<game><path>./NGP Color NoIntro/Pachi-Slot Aruze Oukoku Pocket - Azteca (Japan) (v03).zip</path><name>Pachi-Slot Aruze Oukoku Pocket - Azteca (Japan) (v03)</name><image>~/../thumbs/SNK - Neo Geo Pocket Color/Named_Snaps/Pachi-Slot Aruze Oukoku Pocket - Azteca (Japan) (v03).png</image><titleshot>~/../thumbs/SNK - Neo Geo Pocket Color/Named_Titles/Pachi-Slot Aruze Oukoku Pocket - Azteca (Japan) (v03).png</titleshot><thumbnail>~/../thumbs/SNK - Neo Geo Pocket Color/Named_Boxarts/Pachi-Slot Aruze Oukoku Pocket - Azteca (Japan) (v03).png</thumbnail><marquee>~/../thumbs/SNK - Neo Geo Pocket Color/Named_Logos/Pachi-Slot Aruze Oukoku Pocket - Azteca (Japan) (v03).png</marquee></game>
<game><path>./NGP Color NoIntro/Pachi-Slot Aruze Oukoku Pocket - Azteca (Japan) (v04).zip</path><name>Pachi-Slot Aruze Oukoku Pocket - Azteca (Japan) (v04)</name><image>~/../thumbs/SNK - Neo Geo Pocket Color/Named_Snaps/Pachi-Slot Aruze Oukoku Pocket - Azteca (Japan) (v04).png</image><titleshot>~/../thumbs/SNK - Neo Geo Pocket Color/Named_Titles/Pachi-Slot Aruze Oukoku Pocket - Azteca (Japan) (v04).png</titleshot><thumbnail>~/../thumbs/SNK - Neo Geo Pocket Color/Named_Boxarts/Pachi-Slot Aruze Oukoku Pocket - Azteca (Japan) (v04).png</thumbnail><marquee>~/../thumbs/SNK - Neo Geo Pocket Color/Named_Logos/Pachi-Slot Aruze Oukoku Pocket - Azteca (Japan) (v04).png</marquee></game>
<game><path>./NGP Color NoIntro/Pachi-Slot Aruze Oukoku Pocket - Azteca (Japan) (v06).zip</path><name>Pachi-Slot Aruze Oukoku Pocket - Azteca (Japan) (v06)</name><image>~/../thumbs/SNK - Neo Geo Pocket Color/Named_Snaps/Pachi-Slot Aruze Oukoku Pocket - Azteca (Japan) (v06).png</image><titleshot>~/../thumbs/SNK - Neo Geo Pocket Color/Named_Titles/Pachi-Slot Aruze Oukoku Pocket - Azteca (Japan) (v06).png</titleshot><thumbnail>~/../thumbs/SNK - Neo Geo Pocket Color/Named_Boxarts/Pachi-Slot Aruze Oukoku Pocket - Azteca (Japan) (v06).png</thumbnail><marquee>~/../thumbs/SNK - Neo Geo Pocket Color/Named_Logos/Pachi-Slot Aruze Oukoku Pocket - Azteca (Japan) (v06).png</marquee></game>
<game><path>./NGP Color NoIntro/Pachi-Slot Aruze Oukoku Pocket - Dekahel 2 (Japan).zip</path><name>Pachi-Slot Aruze Oukoku Pocket - Dekahel 2 (Japan)</name><image>~/../thumbs/SNK - Neo Geo Pocket Color/Named_Snaps/Pachi-Slot Aruze Oukoku Pocket - Dekahel 2 (Japan).png</image><titleshot>~/../thumbs/SNK - Neo Geo Pocket Color/Named_Titles/Pachi-Slot Aruze Oukoku Pocket - Dekahel 2 (Japan).png</titleshot><thumbnail>~/../thumbs/SNK - Neo Geo Pocket Color/Named_Boxarts/Pachi-Slot Aruze Oukoku Pocket - Dekahel 2 (Japan).png</thumbnail><marquee>~/../thumbs/SNK - Neo Geo Pocket Color/Named_Logos/Pachi-Slot Aruze Oukoku Pocket - Dekahel 2 (Japan).png</marquee></game>
<game><path>./NGP Color NoIntro/Pachi-Slot Aruze Oukoku Pocket - Delsol 2 (Japan).zip</path><name>Pachi-Slot Aruze Oukoku Pocket - Delsol 2 (Japan)</name><image>~/../thumbs/SNK - Neo Geo Pocket Color/Named_Snaps/Pachi-Slot Aruze Oukoku Pocket - Delsol 2 (Japan).png</image><titleshot>~/../thumbs/SNK - Neo Geo Pocket Color/Named_Titles/Pachi-Slot Aruze Oukoku Pocket - Delsol 2 (Japan).png</titleshot><thumbnail>~/../thumbs/SNK - Neo Geo Pocket Color/Named_Boxarts/Pachi-Slot Aruze Oukoku Pocket - Delsol 2 (Japan).png</thumbnail><marquee>~/../thumbs/SNK - Neo Geo Pocket Color/Named_Logos/Pachi-Slot Aruze Oukoku Pocket - Delsol 2 (Japan).png</marquee></game>
<game><path>./NGP Color NoIntro/Pachi-Slot Aruze Oukoku Pocket - Hanabi (Japan) (v03).zip</path><name>Pachi-Slot Aruze Oukoku Pocket - Hanabi (Japan) (v03)</name><image>~/../thumbs/SNK - Neo Geo Pocket Color/Named_Snaps/Pachi-Slot Aruze Oukoku Pocket - Hanabi (Japan) (v03).png</image><titleshot>~/../thumbs/SNK - Neo Geo Pocket Color/Named_Titles/Pachi-Slot Aruze Oukoku Pocket - Hanabi (Japan) (v03).png</titleshot><thumbnail>~/../thumbs/SNK - Neo Geo Pocket Color/Named_Boxarts/Pachi-Slot Aruze Oukoku Pocket - Hanabi (Japan) (v03).png</thumbnail><marquee>~/../thumbs/SNK - Neo Geo Pocket Color/Named_Logos/Pachi-Slot Aruze Oukoku Pocket - Hanabi (Japan) (v03).png</marquee></game>
<game><path>./NGP Color NoIntro/Pachi-Slot Aruze Oukoku Pocket - Hanabi (Japan) (v04).zip</path><name>Pachi-Slot Aruze Oukoku Pocket - Hanabi (Japan) (v04)</name><image>~/../thumbs/SNK - Neo Geo Pocket Color/Named_Snaps/Pachi-Slot Aruze Oukoku Pocket - Hanabi (Japan) (v04).png</image><titleshot>~/../thumbs/SNK - Neo Geo Pocket Color/Named_Titles/Pachi-Slot Aruze Oukoku Pocket - Hanabi (Japan) (v04).png</titleshot><thumbnail>~/../thumbs/SNK - Neo Geo Pocket Color/Named_Boxarts/Pachi-Slot Aruze Oukoku Pocket - Hanabi (Japan) (v04).png</thumbnail><marquee>~/../thumbs/SNK - Neo Geo Pocket Color/Named_Logos/Pachi-Slot Aruze Oukoku Pocket - Hanabi (Japan) (v04).png</marquee></game>
<game><path>./NGP Color NoIntro/Pachi-Slot Aruze Oukoku Pocket - Hanabi (Japan) (v05).zip</path><name>Pachi-Slot Aruze Oukoku Pocket - Hanabi (Japan) (v05)</name><image>~/../thumbs/SNK - Neo Geo Pocket Color/Named_Snaps/Pachi-Slot Aruze Oukoku Pocket - Hanabi (Japan) (v05).png</image><titleshot>~/../thumbs/SNK - Neo Geo Pocket Color/Named_Titles/Pachi-Slot Aruze Oukoku Pocket - Hanabi (Japan) (v05).png</titleshot><thumbnail>~/../thumbs/SNK - Neo Geo Pocket Color/Named_Boxarts/Pachi-Slot Aruze Oukoku Pocket - Hanabi (Japan) (v05).png</thumbnail><marquee>~/../thumbs/SNK - Neo Geo Pocket Color/Named_Logos/Pachi-Slot Aruze Oukoku Pocket - Hanabi (Japan) (v05).png</marquee></game>
<game><path>./NGP Color NoIntro/Pachi-Slot Aruze Oukoku Pocket - Ohanabi (Japan).zip</path><name>Pachi-Slot Aruze Oukoku Pocket - Ohanabi (Japan)</name><image>~/../thumbs/SNK - Neo Geo Pocket Color/Named_Snaps/Pachi-Slot Aruze Oukoku Pocket - Ohanabi (Japan).png</image><titleshot>~/../thumbs/SNK - Neo Geo Pocket Color/Named_Titles/Pachi-Slot Aruze Oukoku Pocket - Ohanabi (Japan).png</titleshot><thumbnail>~/../thumbs/SNK - Neo Geo Pocket Color/Named_Boxarts/Pachi-Slot Aruze Oukoku Pocket - Ohanabi (Japan).png</thumbnail><marquee>~/../thumbs/SNK - Neo Geo Pocket Color/Named_Logos/Pachi-Slot Aruze Oukoku Pocket - Ohanabi (Japan).png</marquee></game>
<game><path>./NGP Color NoIntro/Pachi-Slot Aruze Oukoku Pocket - Ward of Lights (Japan) (v03).zip</path><name>Pachi-Slot Aruze Oukoku Pocket - Ward of Lights (Japan) (v03)</name><image>~/../thumbs/SNK - Neo Geo Pocket Color/Named_Snaps/Pachi-Slot Aruze Oukoku Pocket - Ward of Lights (Japan) (v03).png</image><titleshot>~/../thumbs/SNK - Neo Geo Pocket Color/Named_Titles/Pachi-Slot Aruze Oukoku Pocket - Ward of Lights (Japan) (v03).png</titleshot><thumbnail>~/../thumbs/SNK - Neo Geo Pocket Color/Named_Boxarts/Pachi-Slot Aruze Oukoku Pocket - Ward of Lights (Japan) (v03).png</thumbnail><marquee>~/../thumbs/SNK - Neo Geo Pocket Color/Named_Logos/Pachi-Slot Aruze Oukoku Pocket - Ward of Lights (Japan) (v03).png</marquee></game>
<game><path>./NGP Color NoIntro/Pachi-Slot Aruze Oukoku Pocket - Ward of Lights (Japan) (v04).zip</path><name>Pachi-Slot Aruze Oukoku Pocket - Ward of Lights (Japan) (v04)</name><image>~/../thumbs/SNK - Neo Geo Pocket Color/Named_Snaps/Pachi-Slot Aruze Oukoku Pocket - Ward of Lights (Japan) (v04).png</image><titleshot>~/../thumbs/SNK - Neo Geo Pocket Color/Named_Titles/Pachi-Slot Aruze Oukoku Pocket - Ward of Lights (Japan) (v04).png</titleshot><thumbnail>~/../thumbs/SNK - Neo Geo Pocket Color/Named_Boxarts/Pachi-Slot Aruze Oukoku Pocket - Ward of Lights (Japan) (v04).png</thumbnail><marquee>~/../thumbs/SNK - Neo Geo Pocket Color/Named_Logos/Pachi-Slot Aruze Oukoku Pocket - Ward of Lights (Japan) (v04).png</marquee></game>
<game><path>./NGP Color NoIntro/Pachi-Slot Aruze Oukoku Pocket - e-CUP (Japan) (v03).zip</path><name>Pachi-Slot Aruze Oukoku Pocket - e-CUP (Japan) (v03)</name><image>~/../thumbs/SNK - Neo Geo Pocket Color/Named_Snaps/Pachi-Slot Aruze Oukoku Pocket - e-CUP (Japan) (v03).png</image><titleshot>~/../thumbs/SNK - Neo Geo Pocket Color/Named_Titles/Pachi-Slot Aruze Oukoku Pocket - e-CUP (Japan) (v03).png</titleshot><thumbnail>~/../thumbs/SNK - Neo Geo Pocket Color/Named_Boxarts/Pachi-Slot Aruze Oukoku Pocket - e-CUP (Japan) (v03).png</thumbnail><marquee>~/../thumbs/SNK - Neo Geo Pocket Color/Named_Logos/Pachi-Slot Aruze Oukoku Pocket - e-CUP (Japan) (v03).png</marquee></game>
<game><path>./NGP Color NoIntro/Pachi-Slot Aruze Oukoku Pocket - e-CUP (Japan) (v04).zip</path><name>Pachi-Slot Aruze Oukoku Pocket - e-CUP (Japan) (v04)</name><image>~/../thumbs/SNK - Neo Geo Pocket Color/Named_Snaps/Pachi-Slot Aruze Oukoku Pocket - e-CUP (Japan) (v04).png</image><titleshot>~/../thumbs/SNK - Neo Geo Pocket Color/Named_Titles/Pachi-Slot Aruze Oukoku Pocket - e-CUP (Japan) (v04).png</titleshot><thumbnail>~/../thumbs/SNK - Neo Geo Pocket Color/Named_Boxarts/Pachi-Slot Aruze Oukoku Pocket - e-CUP (Japan) (v04).png</thumbnail><marquee>~/../thumbs/SNK - Neo Geo Pocket Color/Named_Logos/Pachi-Slot Aruze Oukoku Pocket - e-CUP (Japan) (v04).png</marquee></game>
<game><path>./NGP Color NoIntro/Pachinko Hisshou Guide - Pocket Parlor (Japan) (Beta).zip</path><name>Pachinko Hisshou Guide - Pocket Parlor (Japan) (Beta)</name><image>~/../thumbs/SNK - Neo Geo Pocket Color/Named_Snaps/Pachinko Hisshou Guide - Pocket Parlor (Japan) (Beta).png</image><titleshot>~/../thumbs/SNK - Neo Geo Pocket Color/Named_Titles/Pachinko Hisshou Guide - Pocket Parlor (Japan) (Beta).png</titleshot><thumbnail>~/../thumbs/SNK - Neo Geo Pocket Color/Named_Boxarts/Pachinko Hisshou Guide - Pocket Parlor (Japan) (Beta).png</thumbnail><marquee>~/../thumbs/SNK - Neo Geo Pocket Color/Named_Logos/Pachinko Hisshou Guide - Pocket Parlor (Japan) (Beta).png</marquee><hidden>true</hidden></game>
<game><path>./NGP Color NoIntro/Pachinko Hisshou Guide - Pocket Parlor (Japan).zip</path><name>Pachinko Hisshou Guide - Pocket Parlor (Japan)</name><image>~/../thumbs/SNK - Neo Geo Pocket Color/Named_Snaps/Pachinko Hisshou Guide - Pocket Parlor (Japan).png</image><titleshot>~/../thumbs/SNK - Neo Geo Pocket Color/Named_Titles/Pachinko Hisshou Guide - Pocket Parlor (Japan).png</titleshot><thumbnail>~/../thumbs/SNK - Neo Geo Pocket Color/Named_Boxarts/Pachinko Hisshou Guide - Pocket Parlor (Japan).png</thumbnail><marquee>~/../thumbs/SNK - Neo Geo Pocket Color/Named_Logos/Pachinko Hisshou Guide - Pocket Parlor (Japan).png</marquee></game>
<game><path>./NGP Color NoIntro/Party Mail (Japan) (Beta).zip</path><name>Party Mail (Japan) (Beta)</name><image>~/../thumbs/SNK - Neo Geo Pocket Color/Named_Snaps/Party Mail (Japan) (Beta).png</image><titleshot>~/../thumbs/SNK - Neo Geo Pocket Color/Named_Titles/Party Mail (Japan) (Beta).png</titleshot><thumbnail>~/../thumbs/SNK - Neo Geo Pocket Color/Named_Boxarts/Party Mail (Japan) (Beta).png</thumbnail><marquee>~/../thumbs/SNK - Neo Geo Pocket Color/Named_Logos/Party Mail (Japan) (Beta).png</marquee><hidden>true</hidden></game>
<game><path>./NGP Color NoIntro/Party Mail (Japan).zip</path><name>Party Mail (Japan)</name><image>~/../thumbs/SNK - Neo Geo Pocket Color/Named_Snaps/Party Mail (Japan).png</image><titleshot>~/../thumbs/SNK - Neo Geo Pocket Color/Named_Titles/Party Mail (Japan).png</titleshot><thumbnail>~/../thumbs/SNK - Neo Geo Pocket Color/Named_Boxarts/Party Mail (Japan).png</thumbnail><marquee>~/../thumbs/SNK - Neo Geo Pocket Color/Named_Logos/Party Mail (Japan).png</marquee></game>
<game><path>./NGP Color NoIntro/Picture Puzzle (Europe).zip</path><name>Picture Puzzle (Europe)</name><image>~/../thumbs/SNK - Neo Geo Pocket Color/Named_Snaps/Picture Puzzle (Europe).png</image><titleshot>~/../thumbs/SNK - Neo Geo Pocket Color/Named_Titles/Picture Puzzle (Europe).png</titleshot><thumbnail>~/../thumbs/SNK - Neo Geo Pocket Color/Named_Boxarts/Picture Puzzle (Europe).png</thumbnail><marquee>~/../thumbs/SNK - Neo Geo Pocket Color/Named_Logos/Picture Puzzle (Europe).png</marquee></game>
<game><path>./NGP Color NoIntro/Pocket Love - if (Japan).zip</path><name>Pocket Love - if (Japan)</name><image>~/../thumbs/SNK - Neo Geo Pocket Color/Named_Snaps/Pocket Love - if (Japan).png</image><titleshot>~/../thumbs/SNK - Neo Geo Pocket Color/Named_Titles/Pocket Love - if (Japan).png</titleshot><thumbnail>~/../thumbs/SNK - Neo Geo Pocket Color/Named_Boxarts/Pocket Love - if (Japan).png</thumbnail><marquee>~/../thumbs/SNK - Neo Geo Pocket Color/Named_Logos/Pocket Love - if (Japan).png</marquee></game>
<game><path>./NGP Color NoIntro/Pocket Reversi (Europe) (v03).zip</path><name>Pocket Reversi (Europe) (v03)</name><image>~/../thumbs/SNK - Neo Geo Pocket Color/Named_Snaps/Pocket Reversi (Europe) (v03).png</image><titleshot>~/../thumbs/SNK - Neo Geo Pocket Color/Named_Titles/Pocket Reversi (Europe) (v03).png</titleshot><thumbnail>~/../thumbs/SNK - Neo Geo Pocket Color/Named_Boxarts/Pocket Reversi (Europe) (v03).png</thumbnail><marquee>~/../thumbs/SNK - Neo Geo Pocket Color/Named_Logos/Pocket Reversi (Europe) (v03).png</marquee></game>
<game><path>./NGP Color NoIntro/Pocket Reversi (Europe) (vA1).zip</path><name>Pocket Reversi (Europe) (vA1)</name><image>~/../thumbs/SNK - Neo Geo Pocket Color/Named_Snaps/Pocket Reversi (Europe) (vA1).png</image><titleshot>~/../thumbs/SNK - Neo Geo Pocket Color/Named_Titles/Pocket Reversi (Europe) (vA1).png</titleshot><thumbnail>~/../thumbs/SNK - Neo Geo Pocket Color/Named_Boxarts/Pocket Reversi (Europe) (vA1).png</thumbnail><marquee>~/../thumbs/SNK - Neo Geo Pocket Color/Named_Logos/Pocket Reversi (Europe) (vA1).png</marquee></game>
<game><path>./NGP Color NoIntro/Pocket Reversi (Japan).zip</path><name>Pocket Reversi (Japan)</name><image>~/../thumbs/SNK - Neo Geo Pocket Color/Named_Snaps/Pocket Reversi (Japan).png</image><titleshot>~/../thumbs/SNK - Neo Geo Pocket Color/Named_Titles/Pocket Reversi (Japan).png</titleshot><thumbnail>~/../thumbs/SNK - Neo Geo Pocket Color/Named_Boxarts/Pocket Reversi (Japan).png</thumbnail><marquee>~/../thumbs/SNK - Neo Geo Pocket Color/Named_Logos/Pocket Reversi (Japan).png</marquee></game>
<game><path>./NGP Color NoIntro/Pocket Tennis Color - Pocket Sports Series (World) (En,Ja).zip</path><name>Pocket Tennis Color - Pocket Sports Series (World) (En,Ja)</name><image>~/../thumbs/SNK - Neo Geo Pocket Color/Named_Snaps/Pocket Tennis Color - Pocket Sports Series (World) (En,Ja).png</image><titleshot>~/../thumbs/SNK - Neo Geo Pocket Color/Named_Titles/Pocket Tennis Color - Pocket Sports Series (World) (En,Ja).png</titleshot><thumbnail>~/../thumbs/SNK - Neo Geo Pocket Color/Named_Boxarts/Pocket Tennis Color - Pocket Sports Series (World) (En,Ja).png</thumbnail><marquee>~/../thumbs/SNK - Neo Geo Pocket Color/Named_Logos/Pocket Tennis Color - Pocket Sports Series (World) (En,Ja).png</marquee></game>
<game><path>./NGP Color NoIntro/Puyo Pop (World) (En,Ja) (v05).zip</path><name>Puyo Pop (World) (En,Ja) (v05)</name><image>~/../thumbs/SNK - Neo Geo Pocket Color/Named_Snaps/Puyo Pop (World) (En,Ja) (v05).png</image><titleshot>~/../thumbs/SNK - Neo Geo Pocket Color/Named_Titles/Puyo Pop (World) (En,Ja) (v05).png</titleshot><thumbnail>~/../thumbs/SNK - Neo Geo Pocket Color/Named_Boxarts/Puyo Pop (World) (En,Ja) (v05).png</thumbnail><marquee>~/../thumbs/SNK - Neo Geo Pocket Color/Named_Logos/Puyo Pop (World) (En,Ja) (v05).png</marquee></game>
<game><path>./NGP Color NoIntro/Puyo Pop (World) (En,Ja) (v06).zip</path><name>Puyo Pop (World) (En,Ja) (v06)</name><image>~/../thumbs/SNK - Neo Geo Pocket Color/Named_Snaps/Puyo Pop (World) (En,Ja) (v06).png</image><titleshot>~/../thumbs/SNK - Neo Geo Pocket Color/Named_Titles/Puyo Pop (World) (En,Ja) (v06).png</titleshot><thumbnail>~/../thumbs/SNK - Neo Geo Pocket Color/Named_Boxarts/Puyo Pop (World) (En,Ja) (v06).png</thumbnail><marquee>~/../thumbs/SNK - Neo Geo Pocket Color/Named_Logos/Puyo Pop (World) (En,Ja) (v06).png</marquee></game>
<game><path>./NGP Color NoIntro/Puzzle Bobble Mini (Europe).zip</path><name>Puzzle Bobble Mini (Europe)</name><image>~/../thumbs/SNK - Neo Geo Pocket Color/Named_Snaps/Puzzle Bobble Mini (Europe).png</image><titleshot>~/../thumbs/SNK - Neo Geo Pocket Color/Named_Titles/Puzzle Bobble Mini (Europe).png</titleshot><thumbnail>~/../thumbs/SNK - Neo Geo Pocket Color/Named_Boxarts/Puzzle Bobble Mini (Europe).png</thumbnail><marquee>~/../thumbs/SNK - Neo Geo Pocket Color/Named_Logos/Puzzle Bobble Mini (Europe).png</marquee></game>
<game><path>./NGP Color NoIntro/Puzzle Bobble Mini (Japan) (En).zip</path><name>Puzzle Bobble Mini (Japan) (En)</name><image>~/../thumbs/SNK - Neo Geo Pocket Color/Named_Snaps/Puzzle Bobble Mini (Japan) (En).png</image><titleshot>~/../thumbs/SNK - Neo Geo Pocket Color/Named_Titles/Puzzle Bobble Mini (Japan) (En).png</titleshot><thumbnail>~/../thumbs/SNK - Neo Geo Pocket Color/Named_Boxarts/Puzzle Bobble Mini (Japan) (En).png</thumbnail><marquee>~/../thumbs/SNK - Neo Geo Pocket Color/Named_Logos/Puzzle Bobble Mini (Japan) (En).png</marquee></game>
<game><path>./NGP Color NoIntro/Puzzle Link (USA, Europe).zip</path><name>Puzzle Link (USA, Europe)</name><image>~/../thumbs/SNK - Neo Geo Pocket Color/Named_Snaps/Puzzle Link (USA, Europe).png</image><titleshot>~/../thumbs/SNK - Neo Geo Pocket Color/Named_Titles/Puzzle Link (USA, Europe).png</titleshot><thumbnail>~/../thumbs/SNK - Neo Geo Pocket Color/Named_Boxarts/Puzzle Link (USA, Europe).png</thumbnail><marquee>~/../thumbs/SNK - Neo Geo Pocket Color/Named_Logos/Puzzle Link (USA, Europe).png</marquee></game>
<game><path>./NGP Color NoIntro/Puzzle Link 2 (USA, Europe).zip</path><name>Puzzle Link 2 (USA, Europe)</name><image>~/../thumbs/SNK - Neo Geo Pocket Color/Named_Snaps/Puzzle Link 2 (USA, Europe).png</image><titleshot>~/../thumbs/SNK - Neo Geo Pocket Color/Named_Titles/Puzzle Link 2 (USA, Europe).png</titleshot><thumbnail>~/../thumbs/SNK - Neo Geo Pocket Color/Named_Boxarts/Puzzle Link 2 (USA, Europe).png</thumbnail><marquee>~/../thumbs/SNK - Neo Geo Pocket Color/Named_Logos/Puzzle Link 2 (USA, Europe).png</marquee></game>
<game><path>./NGP Color NoIntro/Renketsu Puzzle Tsunagete Pon! Color (Japan).zip</path><name>Renketsu Puzzle Tsunagete Pon! Color (Japan)</name><image>~/../thumbs/SNK - Neo Geo Pocket Color/Named_Snaps/Renketsu Puzzle Tsunagete Pon! Color (Japan).png</image><titleshot>~/../thumbs/SNK - Neo Geo Pocket Color/Named_Titles/Renketsu Puzzle Tsunagete Pon! Color (Japan).png</titleshot><thumbnail>~/../thumbs/SNK - Neo Geo Pocket Color/Named_Boxarts/Renketsu Puzzle Tsunagete Pon! Color (Japan).png</thumbnail><marquee>~/../thumbs/SNK - Neo Geo Pocket Color/Named_Logos/Renketsu Puzzle Tsunagete Pon! Color (Japan).png</marquee></game>
<game><path>./NGP Color NoIntro/Rockman - Battle & Fighters (Japan) (Demo).zip</path><name>Rockman - Battle & Fighters (Japan) (Demo)</name><image>~/../thumbs/SNK - Neo Geo Pocket Color/Named_Snaps/Rockman - Battle & Fighters (Japan) (Demo).png</image><titleshot>~/../thumbs/SNK - Neo Geo Pocket Color/Named_Titles/Rockman - Battle & Fighters (Japan) (Demo).png</titleshot><thumbnail>~/../thumbs/SNK - Neo Geo Pocket Color/Named_Boxarts/Rockman - Battle & Fighters (Japan) (Demo).png</thumbnail><marquee>~/../thumbs/SNK - Neo Geo Pocket Color/Named_Logos/Rockman - Battle & Fighters (Japan) (Demo).png</marquee><hidden>true</hidden></game>
<game><path>./NGP Color NoIntro/Rockman - Battle & Fighters (Japan).zip</path><name>Rockman - Battle & Fighters (Japan)</name><image>~/../thumbs/SNK - Neo Geo Pocket Color/Named_Snaps/Rockman - Battle & Fighters (Japan).png</image><titleshot>~/../thumbs/SNK - Neo Geo Pocket Color/Named_Titles/Rockman - Battle & Fighters (Japan).png</titleshot><thumbnail>~/../thumbs/SNK - Neo Geo Pocket Color/Named_Boxarts/Rockman - Battle & Fighters (Japan).png</thumbnail><marquee>~/../thumbs/SNK - Neo Geo Pocket Color/Named_Logos/Rockman - Battle & Fighters (Japan).png</marquee></game>
<game><path>./NGP Color NoIntro/SNK Gals' Fighters (Japan).zip</path><name>SNK Gals' Fighters (Japan)</name><image>~/../thumbs/SNK - Neo Geo Pocket Color/Named_Snaps/SNK Gals' Fighters (Japan).png</image><titleshot>~/../thumbs/SNK - Neo Geo Pocket Color/Named_Titles/SNK Gals' Fighters (Japan).png</titleshot><thumbnail>~/../thumbs/SNK - Neo Geo Pocket Color/Named_Boxarts/SNK Gals' Fighters (Japan).png</thumbnail><marquee>~/../thumbs/SNK - Neo Geo Pocket Color/Named_Logos/SNK Gals' Fighters (Japan).png</marquee></game>
<game><path>./NGP Color NoIntro/SNK Gals' Fighters (USA, Europe).zip</path><name>SNK Gals' Fighters (USA, Europe)</name><image>~/../thumbs/SNK - Neo Geo Pocket Color/Named_Snaps/SNK Gals' Fighters (USA, Europe).png</image><titleshot>~/../thumbs/SNK - Neo Geo Pocket Color/Named_Titles/SNK Gals' Fighters (USA, Europe).png</titleshot><thumbnail>~/../thumbs/SNK - Neo Geo Pocket Color/Named_Boxarts/SNK Gals' Fighters (USA, Europe).png</thumbnail><marquee>~/../thumbs/SNK - Neo Geo Pocket Color/Named_Logos/SNK Gals' Fighters (USA, Europe).png</marquee></game>
<game><path>./NGP Color NoIntro/SNK vs. Capcom - Card Fighters 2 - Expand Edition (Japan).zip</path><name>SNK vs. Capcom - Card Fighters 2 - Expand Edition (Japan)</name><image>~/../thumbs/SNK - Neo Geo Pocket Color/Named_Snaps/SNK vs. Capcom - Card Fighters 2 - Expand Edition (Japan).png</image><titleshot>~/../thumbs/SNK - Neo Geo Pocket Color/Named_Titles/SNK vs. Capcom - Card Fighters 2 - Expand Edition (Japan).png</titleshot><thumbnail>~/../thumbs/SNK - Neo Geo Pocket Color/Named_Boxarts/SNK vs. Capcom - Card Fighters 2 - Expand Edition (Japan).png</thumbnail><marquee>~/../thumbs/SNK - Neo Geo Pocket Color/Named_Logos/SNK vs. Capcom - Card Fighters 2 - Expand Edition (Japan).png</marquee></game>
<game><path>./NGP Color NoIntro/SNK vs. Capcom - Card Fighters' Clash - Capcom Version (USA, Europe).zip</path><name>SNK vs. Capcom - Card Fighters' Clash - Capcom Version (USA, Europe)</name><image>~/../thumbs/SNK - Neo Geo Pocket Color/Named_Snaps/SNK vs. Capcom - Card Fighters' Clash - Capcom Version (USA, Europe).png</image><titleshot>~/../thumbs/SNK - Neo Geo Pocket Color/Named_Titles/SNK vs. Capcom - Card Fighters' Clash - Capcom Version (USA, Europe).png</titleshot><thumbnail>~/../thumbs/SNK - Neo Geo Pocket Color/Named_Boxarts/SNK vs. Capcom - Card Fighters' Clash - Capcom Version (USA, Europe).png</thumbnail><marquee>~/../thumbs/SNK - Neo Geo Pocket Color/Named_Logos/SNK vs. Capcom - Card Fighters' Clash - Capcom Version (USA, Europe).png</marquee></game>
<game><path>./NGP Color NoIntro/SNK vs. Capcom - Card Fighters' Clash - SNK Version (USA, Europe).zip</path><name>SNK vs. Capcom - Card Fighters' Clash - SNK Version (USA, Europe)</name><image>~/../thumbs/SNK - Neo Geo Pocket Color/Named_Snaps/SNK vs. Capcom - Card Fighters' Clash - SNK Version (USA, Europe).png</image><titleshot>~/../thumbs/SNK - Neo Geo Pocket Color/Named_Titles/SNK vs. Capcom - Card Fighters' Clash - SNK Version (USA, Europe).png</titleshot><thumbnail>~/../thumbs/SNK - Neo Geo Pocket Color/Named_Boxarts/SNK vs. Capcom - Card Fighters' Clash - SNK Version (USA, Europe).png</thumbnail><marquee>~/../thumbs/SNK - Neo Geo Pocket Color/Named_Logos/SNK vs. Capcom - Card Fighters' Clash - SNK Version (USA, Europe).png</marquee></game>
<game><path>./NGP Color NoIntro/SNK vs. Capcom - Gekitotsu Card Fighters (Japan) (Demo).zip</path><name>SNK vs. Capcom - Gekitotsu Card Fighters (Japan) (Demo)</name><image>~/../thumbs/SNK - Neo Geo Pocket Color/Named_Snaps/SNK vs. Capcom - Gekitotsu Card Fighters (Japan) (Demo).png</image><titleshot>~/../thumbs/SNK - Neo Geo Pocket Color/Named_Titles/SNK vs. Capcom - Gekitotsu Card Fighters (Japan) (Demo).png</titleshot><thumbnail>~/../thumbs/SNK - Neo Geo Pocket Color/Named_Boxarts/SNK vs. Capcom - Gekitotsu Card Fighters (Japan) (Demo).png</thumbnail><marquee>~/../thumbs/SNK - Neo Geo Pocket Color/Named_Logos/SNK vs. Capcom - Gekitotsu Card Fighters (Japan) (Demo).png</marquee><hidden>true</hidden></game>
<game><path>./NGP Color NoIntro/SNK vs. Capcom - Gekitotsu Card Fighters - Capcom Supporter Version (Japan).zip</path><name>SNK vs. Capcom - Gekitotsu Card Fighters - Capcom Supporter Version (Japan)</name><image>~/../thumbs/SNK - Neo Geo Pocket Color/Named_Snaps/SNK vs. Capcom - Gekitotsu Card Fighters - Capcom Supporter Version (Japan).png</image><titleshot>~/../thumbs/SNK - Neo Geo Pocket Color/Named_Titles/SNK vs. Capcom - Gekitotsu Card Fighters - Capcom Supporter Version (Japan).png</titleshot><thumbnail>~/../thumbs/SNK - Neo Geo Pocket Color/Named_Boxarts/SNK vs. Capcom - Gekitotsu Card Fighters - Capcom Supporter Version (Japan).png</thumbnail><marquee>~/../thumbs/SNK - Neo Geo Pocket Color/Named_Logos/SNK vs. Capcom - Gekitotsu Card Fighters - Capcom Supporter Version (Japan).png</marquee></game>
<game><path>./NGP Color NoIntro/SNK vs. Capcom - Gekitotsu Card Fighters - SNK Supporter Version (Japan) (Demo).zip</path><name>SNK vs. Capcom - Gekitotsu Card Fighters - SNK Supporter Version (Japan) (Demo)</name><image>~/../thumbs/SNK - Neo Geo Pocket Color/Named_Snaps/SNK vs. Capcom - Gekitotsu Card Fighters - SNK Supporter Version (Japan) (Demo).png</image><titleshot>~/../thumbs/SNK - Neo Geo Pocket Color/Named_Titles/SNK vs. Capcom - Gekitotsu Card Fighters - SNK Supporter Version (Japan) (Demo).png</titleshot><thumbnail>~/../thumbs/SNK - Neo Geo Pocket Color/Named_Boxarts/SNK vs. Capcom - Gekitotsu Card Fighters - SNK Supporter Version (Japan) (Demo).png</thumbnail><marquee>~/../thumbs/SNK - Neo Geo Pocket Color/Named_Logos/SNK vs. Capcom - Gekitotsu Card Fighters - SNK Supporter Version (Japan) (Demo).png</marquee><hidden>true</hidden></game>
<game><path>./NGP Color NoIntro/SNK vs. Capcom - Gekitotsu Card Fighters - SNK Supporter Version (Japan).zip</path><name>SNK vs. Capcom - Gekitotsu Card Fighters - SNK Supporter Version (Japan)</name><image>~/../thumbs/SNK - Neo Geo Pocket Color/Named_Snaps/SNK vs. Capcom - Gekitotsu Card Fighters - SNK Supporter Version (Japan).png</image><titleshot>~/../thumbs/SNK - Neo Geo Pocket Color/Named_Titles/SNK vs. Capcom - Gekitotsu Card Fighters - SNK Supporter Version (Japan).png</titleshot><thumbnail>~/../thumbs/SNK - Neo Geo Pocket Color/Named_Boxarts/SNK vs. Capcom - Gekitotsu Card Fighters - SNK Supporter Version (Japan).png</thumbnail><marquee>~/../thumbs/SNK - Neo Geo Pocket Color/Named_Logos/SNK vs. Capcom - Gekitotsu Card Fighters - SNK Supporter Version (Japan).png</marquee></game>
<game><path>./NGP Color NoIntro/SNK vs. Capcom - The Match of the Millennium (Japan) (Demo).zip</path><name>SNK vs. Capcom - The Match of the Millennium (Japan) (Demo)</name><image>~/../thumbs/SNK - Neo Geo Pocket Color/Named_Snaps/SNK vs. Capcom - The Match of the Millennium (Japan) (Demo).png</image><titleshot>~/../thumbs/SNK - Neo Geo Pocket Color/Named_Titles/SNK vs. Capcom - The Match of the Millennium (Japan) (Demo).png</titleshot><thumbnail>~/../thumbs/SNK - Neo Geo Pocket Color/Named_Boxarts/SNK vs. Capcom - The Match of the Millennium (Japan) (Demo).png</thumbnail><marquee>~/../thumbs/SNK - Neo Geo Pocket Color/Named_Logos/SNK vs. Capcom - The Match of the Millennium (Japan) (Demo).png</marquee><hidden>true</hidden></game>
<game><path>./NGP Color NoIntro/SNK vs. Capcom - The Match of the Millennium (World) (En,Ja).zip</path><name>SNK vs. Capcom - The Match of the Millennium (World) (En,Ja)</name><image>~/../thumbs/SNK - Neo Geo Pocket Color/Named_Snaps/SNK vs. Capcom - The Match of the Millennium (World) (En,Ja).png</image><titleshot>~/../thumbs/SNK - Neo Geo Pocket Color/Named_Titles/SNK vs. Capcom - The Match of the Millennium (World) (En,Ja).png</titleshot><thumbnail>~/../thumbs/SNK - Neo Geo Pocket Color/Named_Boxarts/SNK vs. Capcom - The Match of the Millennium (World) (En,Ja).png</thumbnail><marquee>~/../thumbs/SNK - Neo Geo Pocket Color/Named_Logos/SNK vs. Capcom - The Match of the Millennium (World) (En,Ja).png</marquee></game>
<game><path>./NGP Color NoIntro/Samurai Shodown! 2 - Pocket Fighting Series (World) (En,Ja).zip</path><name>Samurai Shodown! 2 - Pocket Fighting Series (World) (En,Ja)</name><image>~/../thumbs/SNK - Neo Geo Pocket Color/Named_Snaps/Samurai Shodown! 2 - Pocket Fighting Series (World) (En,Ja).png</image><titleshot>~/../thumbs/SNK - Neo Geo Pocket Color/Named_Titles/Samurai Shodown! 2 - Pocket Fighting Series (World) (En,Ja).png</titleshot><thumbnail>~/../thumbs/SNK - Neo Geo Pocket Color/Named_Boxarts/Samurai Shodown! 2 - Pocket Fighting Series (World) (En,Ja).png</thumbnail><marquee>~/../thumbs/SNK - Neo Geo Pocket Color/Named_Logos/Samurai Shodown! 2 - Pocket Fighting Series (World) (En,Ja).png</marquee></game>
<game><path>./NGP Color NoIntro/Shanghai Mini (World) (En,Ja) (Beta 1).zip</path><name>Shanghai Mini (World) (En,Ja) (Beta 1)</name><image>~/../thumbs/SNK - Neo Geo Pocket Color/Named_Snaps/Shanghai Mini (World) (En,Ja) (Beta 1).png</image><titleshot>~/../thumbs/SNK - Neo Geo Pocket Color/Named_Titles/Shanghai Mini (World) (En,Ja) (Beta 1).png</titleshot><thumbnail>~/../thumbs/SNK - Neo Geo Pocket Color/Named_Boxarts/Shanghai Mini (World) (En,Ja) (Beta 1).png</thumbnail><marquee>~/../thumbs/SNK - Neo Geo Pocket Color/Named_Logos/Shanghai Mini (World) (En,Ja) (Beta 1).png</marquee><hidden>true</hidden></game>
<game><path>./NGP Color NoIntro/Shanghai Mini (World) (En,Ja) (Beta 2).zip</path><name>Shanghai Mini (World) (En,Ja) (Beta 2)</name><image>~/../thumbs/SNK - Neo Geo Pocket Color/Named_Snaps/Shanghai Mini (World) (En,Ja) (Beta 2).png</image><titleshot>~/../thumbs/SNK - Neo Geo Pocket Color/Named_Titles/Shanghai Mini (World) (En,Ja) (Beta 2).png</titleshot><thumbnail>~/../thumbs/SNK - Neo Geo Pocket Color/Named_Boxarts/Shanghai Mini (World) (En,Ja) (Beta 2).png</thumbnail><marquee>~/../thumbs/SNK - Neo Geo Pocket Color/Named_Logos/Shanghai Mini (World) (En,Ja) (Beta 2).png</marquee><hidden>true</hidden></game>
<game><path>./NGP Color NoIntro/Shanghai Mini (World) (En,Ja).zip</path><name>Shanghai Mini (World) (En,Ja)</name><image>~/../thumbs/SNK - Neo Geo Pocket Color/Named_Snaps/Shanghai Mini (World) (En,Ja).png</image><titleshot>~/../thumbs/SNK - Neo Geo Pocket Color/Named_Titles/Shanghai Mini (World) (En,Ja).png</titleshot><thumbnail>~/../thumbs/SNK - Neo Geo Pocket Color/Named_Boxarts/Shanghai Mini (World) (En,Ja).png</thumbnail><marquee>~/../thumbs/SNK - Neo Geo Pocket Color/Named_Logos/Shanghai Mini (World) (En,Ja).png</marquee></game>
<game><path>./NGP Color NoIntro/Shinki Sekai Evolution - Hateshinai Dungeon (Japan).zip</path><name>Shinki Sekai Evolution - Hateshinai Dungeon (Japan)</name><image>~/../thumbs/SNK - Neo Geo Pocket Color/Named_Snaps/Shinki Sekai Evolution - Hateshinai Dungeon (Japan).png</image><titleshot>~/../thumbs/SNK - Neo Geo Pocket Color/Named_Titles/Shinki Sekai Evolution - Hateshinai Dungeon (Japan).png</titleshot><thumbnail>~/../thumbs/SNK - Neo Geo Pocket Color/Named_Boxarts/Shinki Sekai Evolution - Hateshinai Dungeon (Japan).png</thumbnail><marquee>~/../thumbs/SNK - Neo Geo Pocket Color/Named_Logos/Shinki Sekai Evolution - Hateshinai Dungeon (Japan).png</marquee></game>
<game><path>./NGP Color NoIntro/Shougi no Tatsujin Color (Japan).zip</path><name>Shougi no Tatsujin Color (Japan)</name><image>~/../thumbs/SNK - Neo Geo Pocket Color/Named_Snaps/Shougi no Tatsujin Color (Japan).png</image><titleshot>~/../thumbs/SNK - Neo Geo Pocket Color/Named_Titles/Shougi no Tatsujin Color (Japan).png</titleshot><thumbnail>~/../thumbs/SNK - Neo Geo Pocket Color/Named_Boxarts/Shougi no Tatsujin Color (Japan).png</thumbnail><marquee>~/../thumbs/SNK - Neo Geo Pocket Color/Named_Logos/Shougi no Tatsujin Color (Japan).png</marquee></game>
<game><path>./NGP Color NoIntro/Sonic The Hedgehog - Pocket Adventure (World) (Beta) (1999-10-22).zip</path><name>Sonic The Hedgehog - Pocket Adventure (World) (Beta) (1999-10-22)</name><image>~/../thumbs/SNK - Neo Geo Pocket Color/Named_Snaps/Sonic The Hedgehog - Pocket Adventure (World) (Beta) (1999-10-22).png</image><titleshot>~/../thumbs/SNK - Neo Geo Pocket Color/Named_Titles/Sonic The Hedgehog - Pocket Adventure (World) (Beta) (1999-10-22).png</titleshot><thumbnail>~/../thumbs/SNK - Neo Geo Pocket Color/Named_Boxarts/Sonic The Hedgehog - Pocket Adventure (World) (Beta) (1999-10-22).png</thumbnail><marquee>~/../thumbs/SNK - Neo Geo Pocket Color/Named_Logos/Sonic The Hedgehog - Pocket Adventure (World) (Beta) (1999-10-22).png</marquee><hidden>true</hidden></game>
<game><path>./NGP Color NoIntro/Sonic The Hedgehog - Pocket Adventure (World) (Demo).zip</path><name>Sonic The Hedgehog - Pocket Adventure (World) (Demo)</name><image>~/../thumbs/SNK - Neo Geo Pocket Color/Named_Snaps/Sonic The Hedgehog - Pocket Adventure (World) (Demo).png</image><titleshot>~/../thumbs/SNK - Neo Geo Pocket Color/Named_Titles/Sonic The Hedgehog - Pocket Adventure (World) (Demo).png</titleshot><thumbnail>~/../thumbs/SNK - Neo Geo Pocket Color/Named_Boxarts/Sonic The Hedgehog - Pocket Adventure (World) (Demo).png</thumbnail><marquee>~/../thumbs/SNK - Neo Geo Pocket Color/Named_Logos/Sonic The Hedgehog - Pocket Adventure (World) (Demo).png</marquee><hidden>true</hidden></game>
<game><path>./NGP Color NoIntro/Sonic The Hedgehog - Pocket Adventure (World) (En,Ja).zip</path><name>Sonic The Hedgehog - Pocket Adventure (World) (En,Ja)</name><image>~/../thumbs/SNK - Neo Geo Pocket Color/Named_Snaps/Sonic The Hedgehog - Pocket Adventure (World) (En,Ja).png</image><titleshot>~/../thumbs/SNK - Neo Geo Pocket Color/Named_Titles/Sonic The Hedgehog - Pocket Adventure (World) (En,Ja).png</titleshot><thumbnail>~/../thumbs/SNK - Neo Geo Pocket Color/Named_Boxarts/Sonic The Hedgehog - Pocket Adventure (World) (En,Ja).png</thumbnail><marquee>~/../thumbs/SNK - Neo Geo Pocket Color/Named_Logos/Sonic The Hedgehog - Pocket Adventure (World) (En,Ja).png</marquee></game>
<game><path>./NGP Color NoIntro/Soreike!! Hanafuda Doujou (Japan).zip</path><name>Soreike!! Hanafuda Doujou (Japan)</name><image>~/../thumbs/SNK - Neo Geo Pocket Color/Named_Snaps/Soreike!! Hanafuda Doujou (Japan).png</image><titleshot>~/../thumbs/SNK - Neo Geo Pocket Color/Named_Titles/Soreike!! Hanafuda Doujou (Japan).png</titleshot><thumbnail>~/../thumbs/SNK - Neo Geo Pocket Color/Named_Boxarts/Soreike!! Hanafuda Doujou (Japan).png</thumbnail><marquee>~/../thumbs/SNK - Neo Geo Pocket Color/Named_Logos/Soreike!! Hanafuda Doujou (Japan).png</marquee></game>
<game><path>./NGP Color NoIntro/Super Real Mahjong - Premium Collection (Japan).zip</path><name>Super Real Mahjong - Premium Collection (Japan)</name><image>~/../thumbs/SNK - Neo Geo Pocket Color/Named_Snaps/Super Real Mahjong - Premium Collection (Japan).png</image><titleshot>~/../thumbs/SNK - Neo Geo Pocket Color/Named_Titles/Super Real Mahjong - Premium Collection (Japan).png</titleshot><thumbnail>~/../thumbs/SNK - Neo Geo Pocket Color/Named_Boxarts/Super Real Mahjong - Premium Collection (Japan).png</thumbnail><marquee>~/../thumbs/SNK - Neo Geo Pocket Color/Named_Logos/Super Real Mahjong - Premium Collection (Japan).png</marquee></game>
<game><path>./NGP Color NoIntro/Tsunagete Pon! 2 (Japan).zip</path><name>Tsunagete Pon! 2 (Japan)</name><image>~/../thumbs/SNK - Neo Geo Pocket Color/Named_Snaps/Tsunagete Pon! 2 (Japan).png</image><titleshot>~/../thumbs/SNK - Neo Geo Pocket Color/Named_Titles/Tsunagete Pon! 2 (Japan).png</titleshot><thumbnail>~/../thumbs/SNK - Neo Geo Pocket Color/Named_Boxarts/Tsunagete Pon! 2 (Japan).png</thumbnail><marquee>~/../thumbs/SNK - Neo Geo Pocket Color/Named_Logos/Tsunagete Pon! 2 (Japan).png</marquee></game>
<game><path>./NGP Color NoIntro/Wrestling Madness (Japan) (En) (Beta).zip</path><name>Wrestling Madness (Japan) (En) (Beta)</name><image>~/../thumbs/SNK - Neo Geo Pocket Color/Named_Snaps/Wrestling Madness (Japan) (En) (Beta).png</image><titleshot>~/../thumbs/SNK - Neo Geo Pocket Color/Named_Titles/Wrestling Madness (Japan) (En) (Beta).png</titleshot><thumbnail>~/../thumbs/SNK - Neo Geo Pocket Color/Named_Boxarts/Wrestling Madness (Japan) (En) (Beta).png</thumbnail><marquee>~/../thumbs/SNK - Neo Geo Pocket Color/Named_Logos/Wrestling Madness (Japan) (En) (Beta).png</marquee><hidden>true</hidden></game>
<game><path>./NGP Color NoIntro/[BIOS] SNK NeoGeo Pocket Color (World) (En,Ja).zip</path><name>[BIOS] SNK NeoGeo Pocket Color (World) (En,Ja)</name><image>~/../thumbs/SNK - Neo Geo Pocket Color/Named_Snaps/[BIOS] SNK NeoGeo Pocket Color (World) (En,Ja).png</image><titleshot>~/../thumbs/SNK - Neo Geo Pocket Color/Named_Titles/[BIOS] SNK NeoGeo Pocket Color (World) (En,Ja).png</titleshot><thumbnail>~/../thumbs/SNK - Neo Geo Pocket Color/Named_Boxarts/[BIOS] SNK NeoGeo Pocket Color (World) (En,Ja).png</thumbnail><marquee>~/../thumbs/SNK - Neo Geo Pocket Color/Named_Logos/[BIOS] SNK NeoGeo Pocket Color (World) (En,Ja).png</marquee><hidden>true</hidden></game>
<folder><path>./NGP Color NoIntro</path><name>NGP Color NoIntro</name><image>~/../thumb/ngpc.png</image></folder>
<game><path>./NGP Color TOSEC//home/runner/rom/TOSEC/SNK/Neo-Geo Pocket Color/Games/SNK Neo-Geo Pocket Color - Games.zip</path><name>/home/runner/rom/TOSEC/SNK/Neo-Geo Pocket Color/Games/SNK Neo-Geo Pocket Color - Games</name><image>~/../thumbs/SNK - Neo Geo Pocket Color/Named_Snaps//home/runner/rom/TOSEC/SNK/Neo-Geo Pocket Color/Games/SNK Neo-Geo Pocket Color - Games.png</image><titleshot>~/../thumbs/SNK - Neo Geo Pocket Color/Named_Titles//home/runner/rom/TOSEC/SNK/Neo-Geo Pocket Color/Games/SNK Neo-Geo Pocket Color - Games.png</titleshot><thumbnail>~/../thumbs/SNK - Neo Geo Pocket Color/Named_Boxarts//home/runner/rom/TOSEC/SNK/Neo-Geo Pocket Color/Games/SNK Neo-Geo Pocket Color - Games.png</thumbnail><marquee>~/../thumbs/SNK - Neo Geo Pocket Color/Named_Logos//home/runner/rom/TOSEC/SNK/Neo-Geo Pocket Color/Games/SNK Neo-Geo Pocket Color - Games.png</marquee></game>
<folder><path>./NGP Color TOSEC</path><name>NGP Color TOSEC</name><image>~/../thumb/ngpc.png</image></folder>
</gameList>
