<gameList>
<game><path>./Neo Geo AES/2020bb.zip</path><name>2020 Super Baseball (set 1)</name><image>~/../thumbs/MAME/Named_Snaps/2020bb.png</image><titleshot>~/../thumbs/MAME/Named_Titles/2020bb.png</titleshot><thumbnail>~/../thumbs/MAME/Named_Boxarts/2020bb.png</thumbnail><marquee>~/../thumbs/MAME/Named_Logos/2020bb.png</marquee></game>
<game><path>./Neo Geo AES/3countb.zip</path><name>3 Count Bout _ Fire Suplex (NGM-043)(NGH-043)</name><image>~/../thumbs/MAME/Named_Snaps/3countb.png</image><titleshot>~/../thumbs/MAME/Named_Titles/3countb.png</titleshot><thumbnail>~/../thumbs/MAME/Named_Boxarts/3countb.png</thumbnail><marquee>~/../thumbs/MAME/Named_Logos/3countb.png</marquee></game>
<game><path>./Neo Geo AES/alpham2.zip</path><name>Alpha Mission II / ASO II - Last Guardian (NGM-007)(NGH-007)</name><image>~/../thumbs/MAME/Named_Snaps/alpham2.png</image><titleshot>~/../thumbs/MAME/Named_Titles/alpham2.png</titleshot><thumbnail>~/../thumbs/MAME/Named_Boxarts/alpham2.png</thumbnail><marquee>~/../thumbs/MAME/Named_Logos/alpham2.png</marquee></game>
<game><path>./Neo Geo AES/androdun.zip</path><name>Andro Dunos (NGM-049)(NGH-049)</name><image>~/../thumbs/MAME/Named_Snaps/androdun.png</image><titleshot>~/../thumbs/MAME/Named_Titles/androdun.png</titleshot><thumbnail>~/../thumbs/MAME/Named_Boxarts/androdun.png</thumbnail><marquee>~/../thumbs/MAME/Named_Logos/androdun.png</marquee></game>
<game><path>./Neo Geo AES/aodk.zip</path><name>Aggressors of Dark Kombat / Tsuukai GANGAN Koushinkyoku (ADM-008)(ADH-008)</name><image>~/../thumbs/MAME/Named_Snaps/aodk.png</image><titleshot>~/../thumbs/MAME/Named_Titles/aodk.png</titleshot><thumbnail>~/../thumbs/MAME/Named_Boxarts/aodk.png</thumbnail><marquee>~/../thumbs/MAME/Named_Logos/aodk.png</marquee></game>
<game><path>./Neo Geo AES/aof.zip</path><name>Art of Fighting / Ryuuko no Ken (NGM-044)(NGH-044)</name><image>~/../thumbs/MAME/Named_Snaps/aof.png</image><titleshot>~/../thumbs/MAME/Named_Titles/aof.png</titleshot><thumbnail>~/../thumbs/MAME/Named_Boxarts/aof.png</thumbnail><marquee>~/../thumbs/MAME/Named_Logos/aof.png</marquee></game>
<game><path>./Neo Geo AES/aof2.zip</path><name>Art of Fighting 2 / Ryuuko no Ken 2 (NGM-056)</name><image>~/../thumbs/MAME/Named_Snaps/aof2.png</image><titleshot>~/../thumbs/MAME/Named_Titles/aof2.png</titleshot><thumbnail>~/../thumbs/MAME/Named_Boxarts/aof2.png</thumbnail><marquee>~/../thumbs/MAME/Named_Logos/aof2.png</marquee></game>
<game><path>./Neo Geo AES/aof3.zip</path><name>aof3</name><image>~/../thumbs/MAME/Named_Snaps/aof3.png</image><titleshot>~/../thumbs/MAME/Named_Titles/aof3.png</titleshot><thumbnail>~/../thumbs/MAME/Named_Boxarts/aof3.png</thumbnail><marquee>~/../thumbs/MAME/Named_Logos/aof3.png</marquee></game>
<game><path>./Neo Geo AES/b2b.zip</path><name>Bang Bang Busters (2010 NCI release)</name><image>~/../thumbs/MAME/Named_Snaps/b2b.png</image><titleshot>~/../thumbs/MAME/Named_Titles/b2b.png</titleshot><thumbnail>~/../thumbs/MAME/Named_Boxarts/b2b.png</thumbnail><marquee>~/../thumbs/MAME/Named_Logos/b2b.png</marquee></game>
<game><path>./Neo Geo AES/bjourney.zip</path><name>Blue's Journey / Raguy (ALM-001)(ALH-001)</name><image>~/../thumbs/MAME/Named_Snaps/bjourney.png</image><titleshot>~/../thumbs/MAME/Named_Titles/bjourney.png</titleshot><thumbnail>~/../thumbs/MAME/Named_Boxarts/bjourney.png</thumbnail><marquee>~/../thumbs/MAME/Named_Logos/bjourney.png</marquee></game>
<game><path>./Neo Geo AES/blazstar.zip</path><name>Blazing Star</name><image>~/../thumbs/MAME/Named_Snaps/blazstar.png</image><titleshot>~/../thumbs/MAME/Named_Titles/blazstar.png</titleshot><thumbnail>~/../thumbs/MAME/Named_Boxarts/blazstar.png</thumbnail><marquee>~/../thumbs/MAME/Named_Logos/blazstar.png</marquee></game>
<game><path>./Neo Geo AES/breakers.zip</path><name>Breakers</name><image>~/../thumbs/MAME/Named_Snaps/breakers.png</image><titleshot>~/../thumbs/MAME/Named_Titles/breakers.png</titleshot><thumbnail>~/../thumbs/MAME/Named_Boxarts/breakers.png</thumbnail><marquee>~/../thumbs/MAME/Named_Logos/breakers.png</marquee></game>
<game><path>./Neo Geo AES/bstars.zip</path><name>Baseball Stars Professional (NGM-002)</name><image>~/../thumbs/MAME/Named_Snaps/bstars.png</image><titleshot>~/../thumbs/MAME/Named_Titles/bstars.png</titleshot><thumbnail>~/../thumbs/MAME/Named_Boxarts/bstars.png</thumbnail><marquee>~/../thumbs/MAME/Named_Logos/bstars.png</marquee></game>
<game><path>./Neo Geo AES/bstars2.zip</path><name>Baseball Stars 2</name><image>~/../thumbs/MAME/Named_Snaps/bstars2.png</image><titleshot>~/../thumbs/MAME/Named_Titles/bstars2.png</titleshot><thumbnail>~/../thumbs/MAME/Named_Boxarts/bstars2.png</thumbnail><marquee>~/../thumbs/MAME/Named_Logos/bstars2.png</marquee></game>
<game><path>./Neo Geo AES/burningf.zip</path><name>Burning Fight (NGM-018)(NGH-018)</name><image>~/../thumbs/MAME/Named_Snaps/burningf.png</image><titleshot>~/../thumbs/MAME/Named_Titles/burningf.png</titleshot><thumbnail>~/../thumbs/MAME/Named_Boxarts/burningf.png</thumbnail><marquee>~/../thumbs/MAME/Named_Logos/burningf.png</marquee></game>
<game><path>./Neo Geo AES/crsword.zip</path><name>Crossed Swords (ALM-002)(ALH-002)</name><image>~/../thumbs/MAME/Named_Snaps/crsword.png</image><titleshot>~/../thumbs/MAME/Named_Titles/crsword.png</titleshot><thumbnail>~/../thumbs/MAME/Named_Boxarts/crsword.png</thumbnail><marquee>~/../thumbs/MAME/Named_Logos/crsword.png</marquee></game>
<game><path>./Neo Geo AES/cyberlip.zip</path><name>Cyber-Lip (NGM-010)</name><image>~/../thumbs/MAME/Named_Snaps/cyberlip.png</image><titleshot>~/../thumbs/MAME/Named_Titles/cyberlip.png</titleshot><thumbnail>~/../thumbs/MAME/Named_Boxarts/cyberlip.png</thumbnail><marquee>~/../thumbs/MAME/Named_Logos/cyberlip.png</marquee></game>
<game><path>./Neo Geo AES/diggerma.zip</path><name>Digger Man [Homebrew]</name><image>~/../thumbs/MAME/Named_Snaps/diggerma.png</image><titleshot>~/../thumbs/MAME/Named_Titles/diggerma.png</titleshot><thumbnail>~/../thumbs/MAME/Named_Boxarts/diggerma.png</thumbnail><marquee>~/../thumbs/MAME/Named_Logos/diggerma.png</marquee></game>
<game><path>./Neo Geo AES/doubledr.zip</path><name>Double Dragon (Neo-Geo)</name><image>~/../thumbs/MAME/Named_Snaps/doubledr.png</image><titleshot>~/../thumbs/MAME/Named_Titles/doubledr.png</titleshot><thumbnail>~/../thumbs/MAME/Named_Boxarts/doubledr.png</thumbnail><marquee>~/../thumbs/MAME/Named_Logos/doubledr.png</marquee></game>
<game><path>./Neo Geo AES/eightman.zip</path><name>Eight Man (NGM-025)(NGH-025)</name><image>~/../thumbs/MAME/Named_Snaps/eightman.png</image><titleshot>~/../thumbs/MAME/Named_Titles/eightman.png</titleshot><thumbnail>~/../thumbs/MAME/Named_Boxarts/eightman.png</thumbnail><marquee>~/../thumbs/MAME/Named_Logos/eightman.png</marquee></game>
<game><path>./Neo Geo AES/fatfursp.zip</path><name>Fatal Fury Special _ Garou Densetsu Special (set 1)(NGM-058)(NGH-058)</name><image>~/../thumbs/MAME/Named_Snaps/fatfursp.png</image><titleshot>~/../thumbs/MAME/Named_Titles/fatfursp.png</titleshot><thumbnail>~/../thumbs/MAME/Named_Boxarts/fatfursp.png</thumbnail><marquee>~/../thumbs/MAME/Named_Logos/fatfursp.png</marquee></game>
<game><path>./Neo Geo AES/fatfury1.zip</path><name>Fatal Fury - King of Fighters _ Garou Densetsu - shukumei no tatakai (NGM-033)(NGH-033)</name><image>~/../thumbs/MAME/Named_Snaps/fatfury1.png</image><titleshot>~/../thumbs/MAME/Named_Titles/fatfury1.png</titleshot><thumbnail>~/../thumbs/MAME/Named_Boxarts/fatfury1.png</thumbnail><marquee>~/../thumbs/MAME/Named_Logos/fatfury1.png</marquee></game>
<game><path>./Neo Geo AES/fatfury2.zip</path><name>Fatal Fury 2 _ Garou Densetsu 2 - arata-naru tatakai (NGM-047)(NGH-047)</name><image>~/../thumbs/MAME/Named_Snaps/fatfury2.png</image><titleshot>~/../thumbs/MAME/Named_Titles/fatfury2.png</titleshot><thumbnail>~/../thumbs/MAME/Named_Boxarts/fatfury2.png</thumbnail><marquee>~/../thumbs/MAME/Named_Logos/fatfury2.png</marquee></game>
<game><path>./Neo Geo AES/fatfury3.zip</path><name>Fatal Fury 3 - Road to the Final Victory _ Garou Densetsu 3 - haruka-naru tatakai (NGM-069)(NGH-069)</name><image>~/../thumbs/MAME/Named_Snaps/fatfury3.png</image><titleshot>~/../thumbs/MAME/Named_Titles/fatfury3.png</titleshot><thumbnail>~/../thumbs/MAME/Named_Boxarts/fatfury3.png</thumbnail><marquee>~/../thumbs/MAME/Named_Logos/fatfury3.png</marquee></game>
<game><path>./Neo Geo AES/fbfrenzy.zip</path><name>Football Frenzy (NGM-034)(NGH-034)</name><image>~/../thumbs/MAME/Named_Snaps/fbfrenzy.png</image><titleshot>~/../thumbs/MAME/Named_Titles/fbfrenzy.png</titleshot><thumbnail>~/../thumbs/MAME/Named_Boxarts/fbfrenzy.png</thumbnail><marquee>~/../thumbs/MAME/Named_Logos/fbfrenzy.png</marquee></game>
<game><path>./Neo Geo AES/galaxyfg.zip</path><name>Galaxy Fight - Universal Warriors</name><image>~/../thumbs/MAME/Named_Snaps/galaxyfg.png</image><titleshot>~/../thumbs/MAME/Named_Titles/galaxyfg.png</titleshot><thumbnail>~/../thumbs/MAME/Named_Boxarts/galaxyfg.png</thumbnail><marquee>~/../thumbs/MAME/Named_Logos/galaxyfg.png</marquee></game>
<game><path>./Neo Geo AES/garou.zip</path><name>Garou - Mark of the Wolves (NGM-2530)</name><image>~/../thumbs/MAME/Named_Snaps/garou.png</image><titleshot>~/../thumbs/MAME/Named_Titles/garou.png</titleshot><thumbnail>~/../thumbs/MAME/Named_Boxarts/garou.png</thumbnail><marquee>~/../thumbs/MAME/Named_Logos/garou.png</marquee></game>
<game><path>./Neo Geo AES/gowcaizr.zip</path><name>Voltage Fighter - Gowcaizer / Choujin Gakuen Gowcaizer</name><image>~/../thumbs/MAME/Named_Snaps/gowcaizr.png</image><titleshot>~/../thumbs/MAME/Named_Titles/gowcaizr.png</titleshot><thumbnail>~/../thumbs/MAME/Named_Boxarts/gowcaizr.png</thumbnail><marquee>~/../thumbs/MAME/Named_Logos/gowcaizr.png</marquee></game>
<game><path>./Neo Geo AES/gpilots.zip</path><name>Ghost Pilots (NGM-020)(NGH-020)</name><image>~/../thumbs/MAME/Named_Snaps/gpilots.png</image><titleshot>~/../thumbs/MAME/Named_Titles/gpilots.png</titleshot><thumbnail>~/../thumbs/MAME/Named_Boxarts/gpilots.png</thumbnail><marquee>~/../thumbs/MAME/Named_Logos/gpilots.png</marquee></game>
<game><path>./Neo Geo AES/joyjoy.zip</path><name>Puzzled / Joy Joy Kid (NGM-021)(NGH-021)</name><image>~/../thumbs/MAME/Named_Snaps/joyjoy.png</image><titleshot>~/../thumbs/MAME/Named_Titles/joyjoy.png</titleshot><thumbnail>~/../thumbs/MAME/Named_Boxarts/joyjoy.png</thumbnail><marquee>~/../thumbs/MAME/Named_Logos/joyjoy.png</marquee></game>
<game><path>./Neo Geo AES/kabukikl.zip</path><name>Far East of Eden - Kabuki Klash _ Tengai Makyou - Shin Den</name><image>~/../thumbs/MAME/Named_Snaps/kabukikl.png</image><titleshot>~/../thumbs/MAME/Named_Titles/kabukikl.png</titleshot><thumbnail>~/../thumbs/MAME/Named_Boxarts/kabukikl.png</thumbnail><marquee>~/../thumbs/MAME/Named_Logos/kabukikl.png</marquee></game>
<game><path>./Neo Geo AES/karnovr.zip</path><name>Karnov's Revenge _ Fighter's History Dynamite</name><image>~/../thumbs/MAME/Named_Snaps/karnovr.png</image><titleshot>~/../thumbs/MAME/Named_Titles/karnovr.png</titleshot><thumbnail>~/../thumbs/MAME/Named_Boxarts/karnovr.png</thumbnail><marquee>~/../thumbs/MAME/Named_Logos/karnovr.png</marquee></game>
<game><path>./Neo Geo AES/kizuna.zip</path><name>Kizuna Encounter - Super Tag Battle / Fu'un Super Tag Battle</name><image>~/../thumbs/MAME/Named_Snaps/kizuna.png</image><titleshot>~/../thumbs/MAME/Named_Titles/kizuna.png</titleshot><thumbnail>~/../thumbs/MAME/Named_Boxarts/kizuna.png</thumbnail><marquee>~/../thumbs/MAME/Named_Logos/kizuna.png</marquee></game>
<game><path>./Neo Geo AES/kof2000.zip</path><name>The King of Fighters 2000 (NGM-2570) (NGH-2570)</name><image>~/../thumbs/MAME/Named_Snaps/kof2000.png</image><titleshot>~/../thumbs/MAME/Named_Titles/kof2000.png</titleshot><thumbnail>~/../thumbs/MAME/Named_Boxarts/kof2000.png</thumbnail><marquee>~/../thumbs/MAME/Named_Logos/kof2000.png</marquee></game>
<game><path>./Neo Geo AES/kof2001.zip</path><name>The King of Fighters 2001 (NGM-262_)</name><image>~/../thumbs/MAME/Named_Snaps/kof2001.png</image><titleshot>~/../thumbs/MAME/Named_Titles/kof2001.png</titleshot><thumbnail>~/../thumbs/MAME/Named_Boxarts/kof2001.png</thumbnail><marquee>~/../thumbs/MAME/Named_Logos/kof2001.png</marquee></game>
<game><path>./Neo Geo AES/kof2002.zip</path><name>The King of Fighters 2002 (NGM-2650)(NGH-2650)</name><image>~/../thumbs/MAME/Named_Snaps/kof2002.png</image><titleshot>~/../thumbs/MAME/Named_Titles/kof2002.png</titleshot><thumbnail>~/../thumbs/MAME/Named_Boxarts/kof2002.png</thumbnail><marquee>~/../thumbs/MAME/Named_Logos/kof2002.png</marquee></game>
<game><path>./Neo Geo AES/kof2003.zip</path><name>The King of Fighters 2003 (NGM-2710, Export)</name><image>~/../thumbs/MAME/Named_Snaps/kof2003.png</image><titleshot>~/../thumbs/MAME/Named_Titles/kof2003.png</titleshot><thumbnail>~/../thumbs/MAME/Named_Boxarts/kof2003.png</thumbnail><marquee>~/../thumbs/MAME/Named_Logos/kof2003.png</marquee></game>
<game><path>./Neo Geo AES/kof94.zip</path><name>The King of Fighters '94 (NGM-055)(NGH-055)</name><image>~/../thumbs/MAME/Named_Snaps/kof94.png</image><titleshot>~/../thumbs/MAME/Named_Titles/kof94.png</titleshot><thumbnail>~/../thumbs/MAME/Named_Boxarts/kof94.png</thumbnail><marquee>~/../thumbs/MAME/Named_Logos/kof94.png</marquee></game>
<game><path>./Neo Geo AES/kof95.zip</path><name>The King of Fighters '95 (NGM-084)</name><image>~/../thumbs/MAME/Named_Snaps/kof95.png</image><titleshot>~/../thumbs/MAME/Named_Titles/kof95.png</titleshot><thumbnail>~/../thumbs/MAME/Named_Boxarts/kof95.png</thumbnail><marquee>~/../thumbs/MAME/Named_Logos/kof95.png</marquee></game>
<game><path>./Neo Geo AES/kof96.zip</path><name>The King of Fighters '96 (NGM-214)</name><image>~/../thumbs/MAME/Named_Snaps/kof96.png</image><titleshot>~/../thumbs/MAME/Named_Titles/kof96.png</titleshot><thumbnail>~/../thumbs/MAME/Named_Boxarts/kof96.png</thumbnail><marquee>~/../thumbs/MAME/Named_Logos/kof96.png</marquee></game>
<game><path>./Neo Geo AES/kof97.zip</path><name>The King of Fighters '97 (NGM-2320)</name><image>~/../thumbs/MAME/Named_Snaps/kof97.png</image><titleshot>~/../thumbs/MAME/Named_Titles/kof97.png</titleshot><thumbnail>~/../thumbs/MAME/Named_Boxarts/kof97.png</thumbnail><marquee>~/../thumbs/MAME/Named_Logos/kof97.png</marquee></game>
<game><path>./Neo Geo AES/kof98.zip</path><name>The King of Fighters '98 - The Slugfest _ King of Fighters '98 - Dream Match Never Ends (NGM-2420)</name><image>~/../thumbs/MAME/Named_Snaps/kof98.png</image><titleshot>~/../thumbs/MAME/Named_Titles/kof98.png</titleshot><thumbnail>~/../thumbs/MAME/Named_Boxarts/kof98.png</thumbnail><marquee>~/../thumbs/MAME/Named_Logos/kof98.png</marquee></game>
<game><path>./Neo Geo AES/kof99.zip</path><name>The King of Fighters '99 - Millennium Battle (NGM-2510)</name><image>~/../thumbs/MAME/Named_Snaps/kof99.png</image><titleshot>~/../thumbs/MAME/Named_Titles/kof99.png</titleshot><thumbnail>~/../thumbs/MAME/Named_Boxarts/kof99.png</thumbnail><marquee>~/../thumbs/MAME/Named_Logos/kof99.png</marquee></game>
<game><path>./Neo Geo AES/kotm.zip</path><name>King of the Monsters (set 1)</name><image>~/../thumbs/MAME/Named_Snaps/kotm.png</image><titleshot>~/../thumbs/MAME/Named_Titles/kotm.png</titleshot><thumbnail>~/../thumbs/MAME/Named_Boxarts/kotm.png</thumbnail><marquee>~/../thumbs/MAME/Named_Logos/kotm.png</marquee></game>
<game><path>./Neo Geo AES/kotm2.zip</path><name>King of the Monsters 2 - The Next Thing (NGM-039)(NGH-039)</name><image>~/../thumbs/MAME/Named_Snaps/kotm2.png</image><titleshot>~/../thumbs/MAME/Named_Titles/kotm2.png</titleshot><thumbnail>~/../thumbs/MAME/Named_Boxarts/kotm2.png</thumbnail><marquee>~/../thumbs/MAME/Named_Logos/kotm2.png</marquee></game>
<game><path>./Neo Geo AES/lastblad.zip</path><name>The Last Blade / Bakumatsu Roman - Gekka no Kenshi (NGM-2340)</name><image>~/../thumbs/MAME/Named_Snaps/lastblad.png</image><titleshot>~/../thumbs/MAME/Named_Titles/lastblad.png</titleshot><thumbnail>~/../thumbs/MAME/Named_Boxarts/lastblad.png</thumbnail><marquee>~/../thumbs/MAME/Named_Logos/lastblad.png</marquee></game>
<game><path>./Neo Geo AES/lastbld2.zip</path><name>The Last Blade 2 / Bakumatsu Roman - Dai Ni Maku Gekka no Kenshi (NGM-2430)(NGH-2430)</name><image>~/../thumbs/MAME/Named_Snaps/lastbld2.png</image><titleshot>~/../thumbs/MAME/Named_Titles/lastbld2.png</titleshot><thumbnail>~/../thumbs/MAME/Named_Boxarts/lastbld2.png</thumbnail><marquee>~/../thumbs/MAME/Named_Logos/lastbld2.png</marquee></game>
<game><path>./Neo Geo AES/lasthope.zip</path><name>Last Hope (bootleg AES to MVS conversion, no coin support)</name><image>~/../thumbs/MAME/Named_Snaps/lasthope.png</image><titleshot>~/../thumbs/MAME/Named_Titles/lasthope.png</titleshot><thumbnail>~/../thumbs/MAME/Named_Boxarts/lasthope.png</thumbnail><marquee>~/../thumbs/MAME/Named_Logos/lasthope.png</marquee></game>
<game><path>./Neo Geo AES/lbowling.zip</path><name>League Bowling (NGM-019)(NGH-019)</name><image>~/../thumbs/MAME/Named_Snaps/lbowling.png</image><titleshot>~/../thumbs/MAME/Named_Titles/lbowling.png</titleshot><thumbnail>~/../thumbs/MAME/Named_Boxarts/lbowling.png</thumbnail><marquee>~/../thumbs/MAME/Named_Logos/lbowling.png</marquee></game>
<game><path>./Neo Geo AES/legendos.zip</path><name>Legend of Success Joe _ Ashitano Joe Densetsu</name><image>~/../thumbs/MAME/Named_Snaps/legendos.png</image><titleshot>~/../thumbs/MAME/Named_Titles/legendos.png</titleshot><thumbnail>~/../thumbs/MAME/Named_Boxarts/legendos.png</thumbnail><marquee>~/../thumbs/MAME/Named_Logos/legendos.png</marquee></game>
<game><path>./Neo Geo AES/lresort.zip</path><name>Last Resort</name><image>~/../thumbs/MAME/Named_Snaps/lresort.png</image><titleshot>~/../thumbs/MAME/Named_Titles/lresort.png</titleshot><thumbnail>~/../thumbs/MAME/Named_Boxarts/lresort.png</thumbnail><marquee>~/../thumbs/MAME/Named_Logos/lresort.png</marquee></game>
<game><path>./Neo Geo AES/magdrop2.zip</path><name>Magical Drop II</name><image>~/../thumbs/MAME/Named_Snaps/magdrop2.png</image><titleshot>~/../thumbs/MAME/Named_Titles/magdrop2.png</titleshot><thumbnail>~/../thumbs/MAME/Named_Boxarts/magdrop2.png</thumbnail><marquee>~/../thumbs/MAME/Named_Logos/magdrop2.png</marquee></game>
<game><path>./Neo Geo AES/magdrop3.zip</path><name>Magical Drop III</name><image>~/../thumbs/MAME/Named_Snaps/magdrop3.png</image><titleshot>~/../thumbs/MAME/Named_Titles/magdrop3.png</titleshot><thumbnail>~/../thumbs/MAME/Named_Boxarts/magdrop3.png</thumbnail><marquee>~/../thumbs/MAME/Named_Logos/magdrop3.png</marquee></game>
<game><path>./Neo Geo AES/maglord.zip</path><name>Magician Lord (NGM-005)</name><image>~/../thumbs/MAME/Named_Snaps/maglord.png</image><titleshot>~/../thumbs/MAME/Named_Titles/maglord.png</titleshot><thumbnail>~/../thumbs/MAME/Named_Boxarts/maglord.png</thumbnail><marquee>~/../thumbs/MAME/Named_Logos/maglord.png</marquee></game>
<game><path>./Neo Geo AES/matrim.zip</path><name>Matrimelee _ Shin Gouketsuji Ichizoku Toukon (NGM-2660) (NGH-2660)</name><image>~/../thumbs/MAME/Named_Snaps/matrim.png</image><titleshot>~/../thumbs/MAME/Named_Titles/matrim.png</titleshot><thumbnail>~/../thumbs/MAME/Named_Boxarts/matrim.png</thumbnail><marquee>~/../thumbs/MAME/Named_Logos/matrim.png</marquee></game>
<game><path>./Neo Geo AES/mslug.zip</path><name>Metal Slug - Super Vehicle-001</name><image>~/../thumbs/MAME/Named_Snaps/mslug.png</image><titleshot>~/../thumbs/MAME/Named_Titles/mslug.png</titleshot><thumbnail>~/../thumbs/MAME/Named_Boxarts/mslug.png</thumbnail><marquee>~/../thumbs/MAME/Named_Logos/mslug.png</marquee></game>
<game><path>./Neo Geo AES/mslug2.zip</path><name>Metal Slug 2 - Super Vehicle-001_II (NGM-2410) (NGH-2410)</name><image>~/../thumbs/MAME/Named_Snaps/mslug2.png</image><titleshot>~/../thumbs/MAME/Named_Titles/mslug2.png</titleshot><thumbnail>~/../thumbs/MAME/Named_Boxarts/mslug2.png</thumbnail><marquee>~/../thumbs/MAME/Named_Logos/mslug2.png</marquee></game>
<game><path>./Neo Geo AES/mslug3.zip</path><name>Metal Slug 3 (NGM-2560)</name><image>~/../thumbs/MAME/Named_Snaps/mslug3.png</image><titleshot>~/../thumbs/MAME/Named_Titles/mslug3.png</titleshot><thumbnail>~/../thumbs/MAME/Named_Boxarts/mslug3.png</thumbnail><marquee>~/../thumbs/MAME/Named_Logos/mslug3.png</marquee></game>
<game><path>./Neo Geo AES/mslug4.zip</path><name>Metal Slug 4 (NGM-2630)</name><image>~/../thumbs/MAME/Named_Snaps/mslug4.png</image><titleshot>~/../thumbs/MAME/Named_Titles/mslug4.png</titleshot><thumbnail>~/../thumbs/MAME/Named_Boxarts/mslug4.png</thumbnail><marquee>~/../thumbs/MAME/Named_Logos/mslug4.png</marquee></game>
<game><path>./Neo Geo AES/mslug5.zip</path><name>Metal Slug 5 (NGM-2680)</name><image>~/../thumbs/MAME/Named_Snaps/mslug5.png</image><titleshot>~/../thumbs/MAME/Named_Titles/mslug5.png</titleshot><thumbnail>~/../thumbs/MAME/Named_Boxarts/mslug5.png</thumbnail><marquee>~/../thumbs/MAME/Named_Logos/mslug5.png</marquee></game>
<game><path>./Neo Geo AES/mslugx.zip</path><name>Metal Slug X - Super Vehicle-001 (NGM-2500)(NGH-2500)</name><image>~/../thumbs/MAME/Named_Snaps/mslugx.png</image><titleshot>~/../thumbs/MAME/Named_Titles/mslugx.png</titleshot><thumbnail>~/../thumbs/MAME/Named_Boxarts/mslugx.png</thumbnail><marquee>~/../thumbs/MAME/Named_Logos/mslugx.png</marquee></game>
<game><path>./Neo Geo AES/mutnat.zip</path><name>Mutation Nation (NGM-014)(NGH-014)</name><image>~/../thumbs/MAME/Named_Snaps/mutnat.png</image><titleshot>~/../thumbs/MAME/Named_Titles/mutnat.png</titleshot><thumbnail>~/../thumbs/MAME/Named_Boxarts/mutnat.png</thumbnail><marquee>~/../thumbs/MAME/Named_Logos/mutnat.png</marquee></game>
<game><path>./Neo Geo AES/nam1975.zip</path><name>NAM-1975 (NGM-001)(NGH-001)</name><image>~/../thumbs/MAME/Named_Snaps/nam1975.png</image><titleshot>~/../thumbs/MAME/Named_Titles/nam1975.png</titleshot><thumbnail>~/../thumbs/MAME/Named_Boxarts/nam1975.png</thumbnail><marquee>~/../thumbs/MAME/Named_Logos/nam1975.png</marquee></game>
<game><path>./Neo Geo AES/ncombat.zip</path><name>Ninja Combat (NGM-009)</name><image>~/../thumbs/MAME/Named_Snaps/ncombat.png</image><titleshot>~/../thumbs/MAME/Named_Titles/ncombat.png</titleshot><thumbnail>~/../thumbs/MAME/Named_Boxarts/ncombat.png</thumbnail><marquee>~/../thumbs/MAME/Named_Logos/ncombat.png</marquee></game>
<game><path>./Neo Geo AES/ncommand.zip</path><name>Ninja Commando</name><image>~/../thumbs/MAME/Named_Snaps/ncommand.png</image><titleshot>~/../thumbs/MAME/Named_Titles/ncommand.png</titleshot><thumbnail>~/../thumbs/MAME/Named_Boxarts/ncommand.png</thumbnail><marquee>~/../thumbs/MAME/Named_Logos/ncommand.png</marquee></game>
<game><path>./Neo Geo AES/neocup98.zip</path><name>Neo-Geo Cup '98 - The Road to the Victory</name><image>~/../thumbs/MAME/Named_Snaps/neocup98.png</image><titleshot>~/../thumbs/MAME/Named_Titles/neocup98.png</titleshot><thumbnail>~/../thumbs/MAME/Named_Boxarts/neocup98.png</thumbnail><marquee>~/../thumbs/MAME/Named_Logos/neocup98.png</marquee></game>
<game><path>./Neo Geo AES/ninjamas.zip</path><name>Ninja Master's - Haoh-ninpo-cho</name><image>~/../thumbs/MAME/Named_Snaps/ninjamas.png</image><titleshot>~/../thumbs/MAME/Named_Titles/ninjamas.png</titleshot><thumbnail>~/../thumbs/MAME/Named_Boxarts/ninjamas.png</thumbnail><marquee>~/../thumbs/MAME/Named_Logos/ninjamas.png</marquee></game>
<game><path>./Neo Geo AES/overtop.zip</path><name>Over Top</name><image>~/../thumbs/MAME/Named_Snaps/overtop.png</image><titleshot>~/../thumbs/MAME/Named_Titles/overtop.png</titleshot><thumbnail>~/../thumbs/MAME/Named_Boxarts/overtop.png</thumbnail><marquee>~/../thumbs/MAME/Named_Logos/overtop.png</marquee></game>
<game><path>./Neo Geo AES/pulstar.zip</path><name>Pulstar</name><image>~/../thumbs/MAME/Named_Snaps/pulstar.png</image><titleshot>~/../thumbs/MAME/Named_Titles/pulstar.png</titleshot><thumbnail>~/../thumbs/MAME/Named_Boxarts/pulstar.png</thumbnail><marquee>~/../thumbs/MAME/Named_Logos/pulstar.png</marquee></game>
<game><path>./Neo Geo AES/ragnagrd.zip</path><name>Ragnagard / Shin-Oh-Ken</name><image>~/../thumbs/MAME/Named_Snaps/ragnagrd.png</image><titleshot>~/../thumbs/MAME/Named_Titles/ragnagrd.png</titleshot><thumbnail>~/../thumbs/MAME/Named_Boxarts/ragnagrd.png</thumbnail><marquee>~/../thumbs/MAME/Named_Logos/ragnagrd.png</marquee></game>
<game><path>./Neo Geo AES/rbff1a.zip</path><name>Real Bout Fatal Fury / Real Bout Garou Densetsu (bug fix revision)</name><image>~/../thumbs/MAME/Named_Snaps/rbff1a.png</image><titleshot>~/../thumbs/MAME/Named_Titles/rbff1a.png</titleshot><thumbnail>~/../thumbs/MAME/Named_Boxarts/rbff1a.png</thumbnail><marquee>~/../thumbs/MAME/Named_Logos/rbff1a.png</marquee></game>
<game><path>./Neo Geo AES/rbff2.zip</path><name>Real Bout Fatal Fury 2 - The Newcomers _ Real Bout Garou Densetsu 2 - the newcomers (NGM-2400)</name><image>~/../thumbs/MAME/Named_Snaps/rbff2.png</image><titleshot>~/../thumbs/MAME/Named_Titles/rbff2.png</titleshot><thumbnail>~/../thumbs/MAME/Named_Boxarts/rbff2.png</thumbnail><marquee>~/../thumbs/MAME/Named_Logos/rbff2.png</marquee></game>
<game><path>./Neo Geo AES/rbffspec.zip</path><name>Real Bout Fatal Fury Special / Real Bout Garou Densetsu Special</name><image>~/../thumbs/MAME/Named_Snaps/rbffspec.png</image><titleshot>~/../thumbs/MAME/Named_Titles/rbffspec.png</titleshot><thumbnail>~/../thumbs/MAME/Named_Boxarts/rbffspec.png</thumbnail><marquee>~/../thumbs/MAME/Named_Logos/rbffspec.png</marquee></game>
<game><path>./Neo Geo AES/ridhero.zip</path><name>Riding Hero (NGM-006)(NGH-006)</name><image>~/../thumbs/MAME/Named_Snaps/ridhero.png</image><titleshot>~/../thumbs/MAME/Named_Titles/ridhero.png</titleshot><thumbnail>~/../thumbs/MAME/Named_Boxarts/ridhero.png</thumbnail><marquee>~/../thumbs/MAME/Named_Logos/ridhero.png</marquee></game>
<game><path>./Neo Geo AES/roboarmy.zip</path><name>Robo Army (set 1)</name><image>~/../thumbs/MAME/Named_Snaps/roboarmy.png</image><titleshot>~/../thumbs/MAME/Named_Titles/roboarmy.png</titleshot><thumbnail>~/../thumbs/MAME/Named_Boxarts/roboarmy.png</thumbnail><marquee>~/../thumbs/MAME/Named_Logos/roboarmy.png</marquee></game>
<game><path>./Neo Geo AES/rotd.zip</path><name>Rage of the Dragons (NGM-2640)</name><image>~/../thumbs/MAME/Named_Snaps/rotd.png</image><titleshot>~/../thumbs/MAME/Named_Titles/rotd.png</titleshot><thumbnail>~/../thumbs/MAME/Named_Boxarts/rotd.png</thumbnail><marquee>~/../thumbs/MAME/Named_Logos/rotd.png</marquee></game>
<game><path>./Neo Geo AES/samsh5sp.zip</path><name>Samurai Shodown V Special / Samurai Spirits Zero Special (NGM-2720)</name><image>~/../thumbs/MAME/Named_Snaps/samsh5sp.png</image><titleshot>~/../thumbs/MAME/Named_Titles/samsh5sp.png</titleshot><thumbnail>~/../thumbs/MAME/Named_Boxarts/samsh5sp.png</thumbnail><marquee>~/../thumbs/MAME/Named_Logos/samsh5sp.png</marquee></game>
<game><path>./Neo Geo AES/samsho.zip</path><name>Samurai Shodown / Samurai Spirits (NGM-045)</name><image>~/../thumbs/MAME/Named_Snaps/samsho.png</image><titleshot>~/../thumbs/MAME/Named_Titles/samsho.png</titleshot><thumbnail>~/../thumbs/MAME/Named_Boxarts/samsho.png</thumbnail><marquee>~/../thumbs/MAME/Named_Logos/samsho.png</marquee></game>
<game><path>./Neo Geo AES/samsho2.zip</path><name>Samurai Shodown II _ Shin Samurai Spirits - Haohmaru jigokuhen (NGM-063)(NGH-063)</name><image>~/../thumbs/MAME/Named_Snaps/samsho2.png</image><titleshot>~/../thumbs/MAME/Named_Titles/samsho2.png</titleshot><thumbnail>~/../thumbs/MAME/Named_Boxarts/samsho2.png</thumbnail><marquee>~/../thumbs/MAME/Named_Logos/samsho2.png</marquee></game>
<game><path>./Neo Geo AES/samsho3.zip</path><name>Samurai Shodown III / Samurai Spirits - Zankurou Musouken (NGM-087)</name><image>~/../thumbs/MAME/Named_Snaps/samsho3.png</image><titleshot>~/../thumbs/MAME/Named_Titles/samsho3.png</titleshot><thumbnail>~/../thumbs/MAME/Named_Boxarts/samsho3.png</thumbnail><marquee>~/../thumbs/MAME/Named_Logos/samsho3.png</marquee></game>
<game><path>./Neo Geo AES/samsho4.zip</path><name>Samurai Shodown IV - Amakusa's Revenge / Samurai Spirits - Amakusa Kourin (NGM-222)(NGH-222)</name><image>~/../thumbs/MAME/Named_Snaps/samsho4.png</image><titleshot>~/../thumbs/MAME/Named_Titles/samsho4.png</titleshot><thumbnail>~/../thumbs/MAME/Named_Boxarts/samsho4.png</thumbnail><marquee>~/../thumbs/MAME/Named_Logos/samsho4.png</marquee></game>
<game><path>./Neo Geo AES/samsho5.zip</path><name>Samurai Shodown V / Samurai Spirits Zero (NGM-2700, set 1)</name><image>~/../thumbs/MAME/Named_Snaps/samsho5.png</image><titleshot>~/../thumbs/MAME/Named_Titles/samsho5.png</titleshot><thumbnail>~/../thumbs/MAME/Named_Boxarts/samsho5.png</thumbnail><marquee>~/../thumbs/MAME/Named_Logos/samsho5.png</marquee></game>
<game><path>./Neo Geo AES/savagere.zip</path><name>savagere</name><image>~/../thumbs/MAME/Named_Snaps/savagere.png</image><titleshot>~/../thumbs/MAME/Named_Titles/savagere.png</titleshot><thumbnail>~/../thumbs/MAME/Named_Boxarts/savagere.png</thumbnail><marquee>~/../thumbs/MAME/Named_Logos/savagere.png</marquee></game>
<game><path>./Neo Geo AES/sengoku.zip</path><name>Sengoku / Sengoku Denshou (NGM-017)(NGH-017)</name><image>~/../thumbs/MAME/Named_Snaps/sengoku.png</image><titleshot>~/../thumbs/MAME/Named_Titles/sengoku.png</titleshot><thumbnail>~/../thumbs/MAME/Named_Boxarts/sengoku.png</thumbnail><marquee>~/../thumbs/MAME/Named_Logos/sengoku.png</marquee></game>
<game><path>./Neo Geo AES/sengoku2.zip</path><name>sengoku2</name><image>~/../thumbs/MAME/Named_Snaps/sengoku2.png</image><titleshot>~/../thumbs/MAME/Named_Titles/sengoku2.png</titleshot><thumbnail>~/../thumbs/MAME/Named_Boxarts/sengoku2.png</thumbnail><marquee>~/../thumbs/MAME/Named_Logos/sengoku2.png</marquee></game>
<game><path>./Neo Geo AES/sengoku3.zip</path><name>Sengoku 3 / Sengoku Densho 2001 (set 1)</name><image>~/../thumbs/MAME/Named_Snaps/sengoku3.png</image><titleshot>~/../thumbs/MAME/Named_Titles/sengoku3.png</titleshot><thumbnail>~/../thumbs/MAME/Named_Boxarts/sengoku3.png</thumbnail><marquee>~/../thumbs/MAME/Named_Logos/sengoku3.png</marquee></game>
<game><path>./Neo Geo AES/shocktr2.zip</path><name>Shock Troopers - 2nd Squad</name><image>~/../thumbs/MAME/Named_Snaps/shocktr2.png</image><titleshot>~/../thumbs/MAME/Named_Titles/shocktr2.png</titleshot><thumbnail>~/../thumbs/MAME/Named_Boxarts/shocktr2.png</thumbnail><marquee>~/../thumbs/MAME/Named_Logos/shocktr2.png</marquee></game>
<game><path>./Neo Geo AES/socbrawl.zip</path><name>Soccer Brawl (NGM-031)</name><image>~/../thumbs/MAME/Named_Snaps/socbrawl.png</image><titleshot>~/../thumbs/MAME/Named_Titles/socbrawl.png</titleshot><thumbnail>~/../thumbs/MAME/Named_Boxarts/socbrawl.png</thumbnail><marquee>~/../thumbs/MAME/Named_Logos/socbrawl.png</marquee></game>
<game><path>./Neo Geo AES/sonicwi2.zip</path><name>Aero Fighters 2 / Sonic Wings 2</name><image>~/../thumbs/MAME/Named_Snaps/sonicwi2.png</image><titleshot>~/../thumbs/MAME/Named_Titles/sonicwi2.png</titleshot><thumbnail>~/../thumbs/MAME/Named_Boxarts/sonicwi2.png</thumbnail><marquee>~/../thumbs/MAME/Named_Logos/sonicwi2.png</marquee></game>
<game><path>./Neo Geo AES/sonicwi3.zip</path><name>Aero Fighters 3 / Sonic Wings 3</name><image>~/../thumbs/MAME/Named_Snaps/sonicwi3.png</image><titleshot>~/../thumbs/MAME/Named_Titles/sonicwi3.png</titleshot><thumbnail>~/../thumbs/MAME/Named_Boxarts/sonicwi3.png</thumbnail><marquee>~/../thumbs/MAME/Named_Logos/sonicwi3.png</marquee></game>
<game><path>./Neo Geo AES/spinmast.zip</path><name>Spin Master / Miracle Adventure</name><image>~/../thumbs/MAME/Named_Snaps/spinmast.png</image><titleshot>~/../thumbs/MAME/Named_Titles/spinmast.png</titleshot><thumbnail>~/../thumbs/MAME/Named_Boxarts/spinmast.png</thumbnail><marquee>~/../thumbs/MAME/Named_Logos/spinmast.png</marquee></game>
<game><path>./Neo Geo AES/ssideki.zip</path><name>Super Sidekicks / Tokuten Ou</name><image>~/../thumbs/MAME/Named_Snaps/ssideki.png</image><titleshot>~/../thumbs/MAME/Named_Titles/ssideki.png</titleshot><thumbnail>~/../thumbs/MAME/Named_Boxarts/ssideki.png</thumbnail><marquee>~/../thumbs/MAME/Named_Logos/ssideki.png</marquee></game>
<game><path>./Neo Geo AES/ssideki2.zip</path><name>Super Sidekicks 2 - The World Championship _ Tokuten Ou 2 - real fight football (NGM-061)(NGH-061)</name><image>~/../thumbs/MAME/Named_Snaps/ssideki2.png</image><titleshot>~/../thumbs/MAME/Named_Titles/ssideki2.png</titleshot><thumbnail>~/../thumbs/MAME/Named_Boxarts/ssideki2.png</thumbnail><marquee>~/../thumbs/MAME/Named_Logos/ssideki2.png</marquee></game>
<game><path>./Neo Geo AES/ssideki3.zip</path><name>Super Sidekicks 3 - The Next Glory _ Tokuten Ou 3 - eikou e no michi</name><image>~/../thumbs/MAME/Named_Snaps/ssideki3.png</image><titleshot>~/../thumbs/MAME/Named_Titles/ssideki3.png</titleshot><thumbnail>~/../thumbs/MAME/Named_Boxarts/ssideki3.png</thumbnail><marquee>~/../thumbs/MAME/Named_Logos/ssideki3.png</marquee></game>
<game><path>./Neo Geo AES/ssideki4.zip</path><name>The Ultimate 11 - The SNK Football Championship / Tokuten Ou - Honoo no Libero</name><image>~/../thumbs/MAME/Named_Snaps/ssideki4.png</image><titleshot>~/../thumbs/MAME/Named_Titles/ssideki4.png</titleshot><thumbnail>~/../thumbs/MAME/Named_Boxarts/ssideki4.png</thumbnail><marquee>~/../thumbs/MAME/Named_Logos/ssideki4.png</marquee></game>
<game><path>./Neo Geo AES/stakwin.zip</path><name>Stakes Winner _ Stakes Winner - GI kinzen seiha e no michi</name><image>~/../thumbs/MAME/Named_Snaps/stakwin.png</image><titleshot>~/../thumbs/MAME/Named_Titles/stakwin.png</titleshot><thumbnail>~/../thumbs/MAME/Named_Boxarts/stakwin.png</thumbnail><marquee>~/../thumbs/MAME/Named_Logos/stakwin.png</marquee></game>
<game><path>./Neo Geo AES/stakwin2.zip</path><name>Stakes Winner 2</name><image>~/../thumbs/MAME/Named_Snaps/stakwin2.png</image><titleshot>~/../thumbs/MAME/Named_Titles/stakwin2.png</titleshot><thumbnail>~/../thumbs/MAME/Named_Boxarts/stakwin2.png</thumbnail><marquee>~/../thumbs/MAME/Named_Logos/stakwin2.png</marquee></game>
<game><path>./Neo Geo AES/strhoop.zip</path><name>Street Hoop _ Street Slam _ Dunk Dream (DEM-004) (DEH-004)</name><image>~/../thumbs/MAME/Named_Snaps/strhoop.png</image><titleshot>~/../thumbs/MAME/Named_Titles/strhoop.png</titleshot><thumbnail>~/../thumbs/MAME/Named_Boxarts/strhoop.png</thumbnail><marquee>~/../thumbs/MAME/Named_Logos/strhoop.png</marquee></game>
<game><path>./Neo Geo AES/superspy.zip</path><name>The Super Spy (NGM-011)(NGH-011)</name><image>~/../thumbs/MAME/Named_Snaps/superspy.png</image><titleshot>~/../thumbs/MAME/Named_Titles/superspy.png</titleshot><thumbnail>~/../thumbs/MAME/Named_Boxarts/superspy.png</thumbnail><marquee>~/../thumbs/MAME/Named_Logos/superspy.png</marquee></game>
<game><path>./Neo Geo AES/svc.zip</path><name>SNK vs. Capcom - SVC Chaos (NGM-2690)(NGH-2690)</name><image>~/../thumbs/MAME/Named_Snaps/svc.png</image><titleshot>~/../thumbs/MAME/Named_Titles/svc.png</titleshot><thumbnail>~/../thumbs/MAME/Named_Boxarts/svc.png</thumbnail><marquee>~/../thumbs/MAME/Named_Logos/svc.png</marquee></game>
<game><path>./Neo Geo AES/tophuntr.zip</path><name>Top Hunter - Roddy & Cathy (NGM-046)</name><image>~/../thumbs/MAME/Named_Snaps/tophuntr.png</image><titleshot>~/../thumbs/MAME/Named_Titles/tophuntr.png</titleshot><thumbnail>~/../thumbs/MAME/Named_Boxarts/tophuntr.png</thumbnail><marquee>~/../thumbs/MAME/Named_Logos/tophuntr.png</marquee></game>
<game><path>./Neo Geo AES/totc.zip</path><name>totc</name><image>~/../thumbs/MAME/Named_Snaps/totc.png</image><titleshot>~/../thumbs/MAME/Named_Titles/totc.png</titleshot><thumbnail>~/../thumbs/MAME/Named_Boxarts/totc.png</thumbnail><marquee>~/../thumbs/MAME/Named_Logos/totc.png</marquee></game>
<game><path>./Neo Geo AES/tpgolf.zip</path><name>Top Player's Golf (NGM-003)(NGH-003)</name><image>~/../thumbs/MAME/Named_Snaps/tpgolf.png</image><titleshot>~/../thumbs/MAME/Named_Titles/tpgolf.png</titleshot><thumbnail>~/../thumbs/MAME/Named_Boxarts/tpgolf.png</thumbnail><marquee>~/../thumbs/MAME/Named_Logos/tpgolf.png</marquee></game>
<game><path>./Neo Geo AES/trally.zip</path><name>Thrash Rally (ALM-003)(ALH-003)</name><image>~/../thumbs/MAME/Named_Snaps/trally.png</image><titleshot>~/../thumbs/MAME/Named_Titles/trally.png</titleshot><thumbnail>~/../thumbs/MAME/Named_Boxarts/trally.png</thumbnail><marquee>~/../thumbs/MAME/Named_Logos/trally.png</marquee></game>
<game><path>./Neo Geo AES/turfmast.zip</path><name>Neo Turf Masters / Big Tournament Golf</name><image>~/../thumbs/MAME/Named_Snaps/turfmast.png</image><titleshot>~/../thumbs/MAME/Named_Titles/turfmast.png</titleshot><thumbnail>~/../thumbs/MAME/Named_Boxarts/turfmast.png</thumbnail><marquee>~/../thumbs/MAME/Named_Logos/turfmast.png</marquee></game>
<game><path>./Neo Geo AES/twinspri.zip</path><name>Twinkle Star Sprites</name><image>~/../thumbs/MAME/Named_Snaps/twinspri.png</image><titleshot>~/../thumbs/MAME/Named_Titles/twinspri.png</titleshot><thumbnail>~/../thumbs/MAME/Named_Boxarts/twinspri.png</thumbnail><marquee>~/../thumbs/MAME/Named_Logos/twinspri.png</marquee></game>
<game><path>./Neo Geo AES/viewpoin.zip</path><name>Viewpoint</name><image>~/../thumbs/MAME/Named_Snaps/viewpoin.png</image><titleshot>~/../thumbs/MAME/Named_Titles/viewpoin.png</titleshot><thumbnail>~/../thumbs/MAME/Named_Boxarts/viewpoin.png</thumbnail><marquee>~/../thumbs/MAME/Named_Logos/viewpoin.png</marquee></game>
<game><path>./Neo Geo AES/wakuwak7.zip</path><name>Waku Waku 7</name><image>~/../thumbs/MAME/Named_Snaps/wakuwak7.png</image><titleshot>~/../thumbs/MAME/Named_Titles/wakuwak7.png</titleshot><thumbnail>~/../thumbs/MAME/Named_Boxarts/wakuwak7.png</thumbnail><marquee>~/../thumbs/MAME/Named_Logos/wakuwak7.png</marquee></game>
<game><path>./Neo Geo AES/wh1.zip</path><name>World Heroes (ALM-005)</name><image>~/../thumbs/MAME/Named_Snaps/wh1.png</image><titleshot>~/../thumbs/MAME/Named_Titles/wh1.png</titleshot><thumbnail>~/../thumbs/MAME/Named_Boxarts/wh1.png</thumbnail><marquee>~/../thumbs/MAME/Named_Logos/wh1.png</marquee></game>
<game><path>./Neo Geo AES/wh2.zip</path><name>World Heroes 2 (ALM-006)(ALH-006)</name><image>~/../thumbs/MAME/Named_Snaps/wh2.png</image><titleshot>~/../thumbs/MAME/Named_Titles/wh2.png</titleshot><thumbnail>~/../thumbs/MAME/Named_Boxarts/wh2.png</thumbnail><marquee>~/../thumbs/MAME/Named_Logos/wh2.png</marquee></game>
<game><path>./Neo Geo AES/wh2j.zip</path><name>World Heroes 2 Jet (ADM-007)(ADH-007)</name><image>~/../thumbs/MAME/Named_Snaps/wh2j.png</image><titleshot>~/../thumbs/MAME/Named_Titles/wh2j.png</titleshot><thumbnail>~/../thumbs/MAME/Named_Boxarts/wh2j.png</thumbnail><marquee>~/../thumbs/MAME/Named_Logos/wh2j.png</marquee></game>
<game><path>./Neo Geo AES/whp.zip</path><name>World Heroes Perfect</name><image>~/../thumbs/MAME/Named_Snaps/whp.png</image><titleshot>~/../thumbs/MAME/Named_Titles/whp.png</titleshot><thumbnail>~/../thumbs/MAME/Named_Boxarts/whp.png</thumbnail><marquee>~/../thumbs/MAME/Named_Logos/whp.png</marquee></game>
<game><path>./Neo Geo AES/wjammers.zip</path><name>Windjammers / Flying Power Disc</name><image>~/../thumbs/MAME/Named_Snaps/wjammers.png</image><titleshot>~/../thumbs/MAME/Named_Titles/wjammers.png</titleshot><thumbnail>~/../thumbs/MAME/Named_Boxarts/wjammers.png</thumbnail><marquee>~/../thumbs/MAME/Named_Logos/wjammers.png</marquee></game>
<folder><path>./Neo Geo AES</path><name>Neo Geo AES</name><image>~/../thumb/neogeo.png</image></folder>
<game><path>./Neo Geo MVS/2020bb.zip</path><name>2020 Super Baseball (set 1)</name><image>~/../thumbs/MAME/Named_Snaps/2020bb.png</image><titleshot>~/../thumbs/MAME/Named_Titles/2020bb.png</titleshot><thumbnail>~/../thumbs/MAME/Named_Boxarts/2020bb.png</thumbnail><marquee>~/../thumbs/MAME/Named_Logos/2020bb.png</marquee></game>
<game><path>./Neo Geo MVS/alpham2.zip</path><name>Alpha Mission II / ASO II - Last Guardian (NGM-007)(NGH-007)</name><image>~/../thumbs/MAME/Named_Snaps/alpham2.png</image><titleshot>~/../thumbs/MAME/Named_Titles/alpham2.png</titleshot><thumbnail>~/../thumbs/MAME/Named_Boxarts/alpham2.png</thumbnail><marquee>~/../thumbs/MAME/Named_Logos/alpham2.png</marquee></game>
<game><path>./Neo Geo MVS/androdun.zip</path><name>Andro Dunos (NGM-049)(NGH-049)</name><image>~/../thumbs/MAME/Named_Snaps/androdun.png</image><titleshot>~/../thumbs/MAME/Named_Titles/androdun.png</titleshot><thumbnail>~/../thumbs/MAME/Named_Boxarts/androdun.png</thumbnail><marquee>~/../thumbs/MAME/Named_Logos/androdun.png</marquee></game>
<game><path>./Neo Geo MVS/aodk.zip</path><name>Aggressors of Dark Kombat / Tsuukai GANGAN Koushinkyoku (ADM-008)(ADH-008)</name><image>~/../thumbs/MAME/Named_Snaps/aodk.png</image><titleshot>~/../thumbs/MAME/Named_Titles/aodk.png</titleshot><thumbnail>~/../thumbs/MAME/Named_Boxarts/aodk.png</thumbnail><marquee>~/../thumbs/MAME/Named_Logos/aodk.png</marquee></game>
<game><path>./Neo Geo MVS/aof.zip</path><name>Art of Fighting / Ryuuko no Ken (NGM-044)(NGH-044)</name><image>~/../thumbs/MAME/Named_Snaps/aof.png</image><titleshot>~/../thumbs/MAME/Named_Titles/aof.png</titleshot><thumbnail>~/../thumbs/MAME/Named_Boxarts/aof.png</thumbnail><marquee>~/../thumbs/MAME/Named_Logos/aof.png</marquee></game>
<game><path>./Neo Geo MVS/aof2.zip</path><name>Art of Fighting 2 / Ryuuko no Ken 2 (NGM-056)</name><image>~/../thumbs/MAME/Named_Snaps/aof2.png</image><titleshot>~/../thumbs/MAME/Named_Titles/aof2.png</titleshot><thumbnail>~/../thumbs/MAME/Named_Boxarts/aof2.png</thumbnail><marquee>~/../thumbs/MAME/Named_Logos/aof2.png</marquee></game>
<game><path>./Neo Geo MVS/aof3.zip</path><name>aof3</name><image>~/../thumbs/MAME/Named_Snaps/aof3.png</image><titleshot>~/../thumbs/MAME/Named_Titles/aof3.png</titleshot><thumbnail>~/../thumbs/MAME/Named_Boxarts/aof3.png</thumbnail><marquee>~/../thumbs/MAME/Named_Logos/aof3.png</marquee></game>
<game><path>./Neo Geo MVS/bangbead.zip</path><name>Bang Bead</name><image>~/../thumbs/MAME/Named_Snaps/bangbead.png</image><titleshot>~/../thumbs/MAME/Named_Titles/bangbead.png</titleshot><thumbnail>~/../thumbs/MAME/Named_Boxarts/bangbead.png</thumbnail><marquee>~/../thumbs/MAME/Named_Logos/bangbead.png</marquee></game>
<game><path>./Neo Geo MVS/bjourney.zip</path><name>Blue's Journey / Raguy (ALM-001)(ALH-001)</name><image>~/../thumbs/MAME/Named_Snaps/bjourney.png</image><titleshot>~/../thumbs/MAME/Named_Titles/bjourney.png</titleshot><thumbnail>~/../thumbs/MAME/Named_Boxarts/bjourney.png</thumbnail><marquee>~/../thumbs/MAME/Named_Logos/bjourney.png</marquee></game>
<game><path>./Neo Geo MVS/blazstar.zip</path><name>Blazing Star</name><image>~/../thumbs/MAME/Named_Snaps/blazstar.png</image><titleshot>~/../thumbs/MAME/Named_Titles/blazstar.png</titleshot><thumbnail>~/../thumbs/MAME/Named_Boxarts/blazstar.png</thumbnail><marquee>~/../thumbs/MAME/Named_Logos/blazstar.png</marquee></game>
<game><path>./Neo Geo MVS/breakers.zip</path><name>Breakers</name><image>~/../thumbs/MAME/Named_Snaps/breakers.png</image><titleshot>~/../thumbs/MAME/Named_Titles/breakers.png</titleshot><thumbnail>~/../thumbs/MAME/Named_Boxarts/breakers.png</thumbnail><marquee>~/../thumbs/MAME/Named_Logos/breakers.png</marquee></game>
<game><path>./Neo Geo MVS/breakrev.zip</path><name>Breakers Revenge</name><image>~/../thumbs/MAME/Named_Snaps/breakrev.png</image><titleshot>~/../thumbs/MAME/Named_Titles/breakrev.png</titleshot><thumbnail>~/../thumbs/MAME/Named_Boxarts/breakrev.png</thumbnail><marquee>~/../thumbs/MAME/Named_Logos/breakrev.png</marquee></game>
<game><path>./Neo Geo MVS/bstars.zip</path><name>Baseball Stars Professional (NGM-002)</name><image>~/../thumbs/MAME/Named_Snaps/bstars.png</image><titleshot>~/../thumbs/MAME/Named_Titles/bstars.png</titleshot><thumbnail>~/../thumbs/MAME/Named_Boxarts/bstars.png</thumbnail><marquee>~/../thumbs/MAME/Named_Logos/bstars.png</marquee></game>
<game><path>./Neo Geo MVS/bstars2.zip</path><name>Baseball Stars 2</name><image>~/../thumbs/MAME/Named_Snaps/bstars2.png</image><titleshot>~/../thumbs/MAME/Named_Titles/bstars2.png</titleshot><thumbnail>~/../thumbs/MAME/Named_Boxarts/bstars2.png</thumbnail><marquee>~/../thumbs/MAME/Named_Logos/bstars2.png</marquee></game>
<game><path>./Neo Geo MVS/burningf.zip</path><name>Burning Fight (NGM-018)(NGH-018)</name><image>~/../thumbs/MAME/Named_Snaps/burningf.png</image><titleshot>~/../thumbs/MAME/Named_Titles/burningf.png</titleshot><thumbnail>~/../thumbs/MAME/Named_Boxarts/burningf.png</thumbnail><marquee>~/../thumbs/MAME/Named_Logos/burningf.png</marquee></game>
<game><path>./Neo Geo MVS/crsword.zip</path><name>Crossed Swords (ALM-002)(ALH-002)</name><image>~/../thumbs/MAME/Named_Snaps/crsword.png</image><titleshot>~/../thumbs/MAME/Named_Titles/crsword.png</titleshot><thumbnail>~/../thumbs/MAME/Named_Boxarts/crsword.png</thumbnail><marquee>~/../thumbs/MAME/Named_Logos/crsword.png</marquee></game>
<game><path>./Neo Geo MVS/ctomaday.zip</path><name>Captain Tomaday</name><image>~/../thumbs/MAME/Named_Snaps/ctomaday.png</image><titleshot>~/../thumbs/MAME/Named_Titles/ctomaday.png</titleshot><thumbnail>~/../thumbs/MAME/Named_Boxarts/ctomaday.png</thumbnail><marquee>~/../thumbs/MAME/Named_Logos/ctomaday.png</marquee></game>
<game><path>./Neo Geo MVS/cyberlip.zip</path><name>Cyber-Lip (NGM-010)</name><image>~/../thumbs/MAME/Named_Snaps/cyberlip.png</image><titleshot>~/../thumbs/MAME/Named_Titles/cyberlip.png</titleshot><thumbnail>~/../thumbs/MAME/Named_Boxarts/cyberlip.png</thumbnail><marquee>~/../thumbs/MAME/Named_Logos/cyberlip.png</marquee></game>
<game><path>./Neo Geo MVS/doubledr.zip</path><name>Double Dragon (Neo-Geo)</name><image>~/../thumbs/MAME/Named_Snaps/doubledr.png</image><titleshot>~/../thumbs/MAME/Named_Titles/doubledr.png</titleshot><thumbnail>~/../thumbs/MAME/Named_Boxarts/doubledr.png</thumbnail><marquee>~/../thumbs/MAME/Named_Logos/doubledr.png</marquee></game>
<game><path>./Neo Geo MVS/eightman.zip</path><name>Eight Man (NGM-025)(NGH-025)</name><image>~/../thumbs/MAME/Named_Snaps/eightman.png</image><titleshot>~/../thumbs/MAME/Named_Titles/eightman.png</titleshot><thumbnail>~/../thumbs/MAME/Named_Boxarts/eightman.png</thumbnail><marquee>~/../thumbs/MAME/Named_Logos/eightman.png</marquee></game>
<game><path>./Neo Geo MVS/fatfursp.zip</path><name>Fatal Fury Special _ Garou Densetsu Special (set 1)(NGM-058)(NGH-058)</name><image>~/../thumbs/MAME/Named_Snaps/fatfursp.png</image><titleshot>~/../thumbs/MAME/Named_Titles/fatfursp.png</titleshot><thumbnail>~/../thumbs/MAME/Named_Boxarts/fatfursp.png</thumbnail><marquee>~/../thumbs/MAME/Named_Logos/fatfursp.png</marquee></game>
<game><path>./Neo Geo MVS/fatfury1.zip</path><name>Fatal Fury - King of Fighters _ Garou Densetsu - shukumei no tatakai (NGM-033)(NGH-033)</name><image>~/../thumbs/MAME/Named_Snaps/fatfury1.png</image><titleshot>~/../thumbs/MAME/Named_Titles/fatfury1.png</titleshot><thumbnail>~/../thumbs/MAME/Named_Boxarts/fatfury1.png</thumbnail><marquee>~/../thumbs/MAME/Named_Logos/fatfury1.png</marquee></game>
<game><path>./Neo Geo MVS/fatfury2.zip</path><name>Fatal Fury 2 _ Garou Densetsu 2 - arata-naru tatakai (NGM-047)(NGH-047)</name><image>~/../thumbs/MAME/Named_Snaps/fatfury2.png</image><titleshot>~/../thumbs/MAME/Named_Titles/fatfury2.png</titleshot><thumbnail>~/../thumbs/MAME/Named_Boxarts/fatfury2.png</thumbnail><marquee>~/../thumbs/MAME/Named_Logos/fatfury2.png</marquee></game>
<game><path>./Neo Geo MVS/fatfury3.zip</path><name>Fatal Fury 3 - Road to the Final Victory _ Garou Densetsu 3 - haruka-naru tatakai (NGM-069)(NGH-069)</name><image>~/../thumbs/MAME/Named_Snaps/fatfury3.png</image><titleshot>~/../thumbs/MAME/Named_Titles/fatfury3.png</titleshot><thumbnail>~/../thumbs/MAME/Named_Boxarts/fatfury3.png</thumbnail><marquee>~/../thumbs/MAME/Named_Logos/fatfury3.png</marquee></game>
<game><path>./Neo Geo MVS/fbfrenzy.zip</path><name>Football Frenzy (NGM-034)(NGH-034)</name><image>~/../thumbs/MAME/Named_Snaps/fbfrenzy.png</image><titleshot>~/../thumbs/MAME/Named_Titles/fbfrenzy.png</titleshot><thumbnail>~/../thumbs/MAME/Named_Boxarts/fbfrenzy.png</thumbnail><marquee>~/../thumbs/MAME/Named_Logos/fbfrenzy.png</marquee></game>
<game><path>./Neo Geo MVS/fightfev.zip</path><name>Fight Fever (set 1)</name><image>~/../thumbs/MAME/Named_Snaps/fightfev.png</image><titleshot>~/../thumbs/MAME/Named_Titles/fightfev.png</titleshot><thumbnail>~/../thumbs/MAME/Named_Boxarts/fightfev.png</thumbnail><marquee>~/../thumbs/MAME/Named_Logos/fightfev.png</marquee></game>
<game><path>./Neo Geo MVS/flipshot.zip</path><name>Battle Flip Shot</name><image>~/../thumbs/MAME/Named_Snaps/flipshot.png</image><titleshot>~/../thumbs/MAME/Named_Titles/flipshot.png</titleshot><thumbnail>~/../thumbs/MAME/Named_Boxarts/flipshot.png</thumbnail><marquee>~/../thumbs/MAME/Named_Logos/flipshot.png</marquee></game>
<game><path>./Neo Geo MVS/galaxyfg.zip</path><name>Galaxy Fight - Universal Warriors</name><image>~/../thumbs/MAME/Named_Snaps/galaxyfg.png</image><titleshot>~/../thumbs/MAME/Named_Titles/galaxyfg.png</titleshot><thumbnail>~/../thumbs/MAME/Named_Boxarts/galaxyfg.png</thumbnail><marquee>~/../thumbs/MAME/Named_Logos/galaxyfg.png</marquee></game>
<game><path>./Neo Geo MVS/ganryu.zip</path><name>Ganryu / Musashi Ganryuki</name><image>~/../thumbs/MAME/Named_Snaps/ganryu.png</image><titleshot>~/../thumbs/MAME/Named_Titles/ganryu.png</titleshot><thumbnail>~/../thumbs/MAME/Named_Boxarts/ganryu.png</thumbnail><marquee>~/../thumbs/MAME/Named_Logos/ganryu.png</marquee></game>
<game><path>./Neo Geo MVS/garou.zip</path><name>Garou - Mark of the Wolves (NGM-2530)</name><image>~/../thumbs/MAME/Named_Snaps/garou.png</image><titleshot>~/../thumbs/MAME/Named_Titles/garou.png</titleshot><thumbnail>~/../thumbs/MAME/Named_Boxarts/garou.png</thumbnail><marquee>~/../thumbs/MAME/Named_Logos/garou.png</marquee></game>
<game><path>./Neo Geo MVS/ghostlop.zip</path><name>Ghostlop (prototype)</name><image>~/../thumbs/MAME/Named_Snaps/ghostlop.png</image><titleshot>~/../thumbs/MAME/Named_Titles/ghostlop.png</titleshot><thumbnail>~/../thumbs/MAME/Named_Boxarts/ghostlop.png</thumbnail><marquee>~/../thumbs/MAME/Named_Logos/ghostlop.png</marquee></game>
<game><path>./Neo Geo MVS/goalx3.zip</path><name>Goal! Goal! Goal!</name><image>~/../thumbs/MAME/Named_Snaps/goalx3.png</image><titleshot>~/../thumbs/MAME/Named_Titles/goalx3.png</titleshot><thumbnail>~/../thumbs/MAME/Named_Boxarts/goalx3.png</thumbnail><marquee>~/../thumbs/MAME/Named_Logos/goalx3.png</marquee></game>
<game><path>./Neo Geo MVS/gowcaizr.zip</path><name>Voltage Fighter - Gowcaizer / Choujin Gakuen Gowcaizer</name><image>~/../thumbs/MAME/Named_Snaps/gowcaizr.png</image><titleshot>~/../thumbs/MAME/Named_Titles/gowcaizr.png</titleshot><thumbnail>~/../thumbs/MAME/Named_Boxarts/gowcaizr.png</thumbnail><marquee>~/../thumbs/MAME/Named_Logos/gowcaizr.png</marquee></game>
<game><path>./Neo Geo MVS/gpilots.zip</path><name>Ghost Pilots (NGM-020)(NGH-020)</name><image>~/../thumbs/MAME/Named_Snaps/gpilots.png</image><titleshot>~/../thumbs/MAME/Named_Titles/gpilots.png</titleshot><thumbnail>~/../thumbs/MAME/Named_Boxarts/gpilots.png</thumbnail><marquee>~/../thumbs/MAME/Named_Logos/gpilots.png</marquee></game>
<game><path>./Neo Geo MVS/gururin.zip</path><name>Gururin</name><image>~/../thumbs/MAME/Named_Snaps/gururin.png</image><titleshot>~/../thumbs/MAME/Named_Titles/gururin.png</titleshot><thumbnail>~/../thumbs/MAME/Named_Boxarts/gururin.png</thumbnail><marquee>~/../thumbs/MAME/Named_Logos/gururin.png</marquee></game>
<game><path>./Neo Geo MVS/irrmaze.zip</path><name>The Irritating Maze / Ultra Denryu Iraira Bou</name><image>~/../thumbs/MAME/Named_Snaps/irrmaze.png</image><titleshot>~/../thumbs/MAME/Named_Titles/irrmaze.png</titleshot><thumbnail>~/../thumbs/MAME/Named_Boxarts/irrmaze.png</thumbnail><marquee>~/../thumbs/MAME/Named_Logos/irrmaze.png</marquee></game>
<game><path>./Neo Geo MVS/joyjoy.zip</path><name>Puzzled / Joy Joy Kid (NGM-021)(NGH-021)</name><image>~/../thumbs/MAME/Named_Snaps/joyjoy.png</image><titleshot>~/../thumbs/MAME/Named_Titles/joyjoy.png</titleshot><thumbnail>~/../thumbs/MAME/Named_Boxarts/joyjoy.png</thumbnail><marquee>~/../thumbs/MAME/Named_Logos/joyjoy.png</marquee></game>
<game><path>./Neo Geo MVS/kabukikl.zip</path><name>Far East of Eden - Kabuki Klash _ Tengai Makyou - Shin Den</name><image>~/../thumbs/MAME/Named_Snaps/kabukikl.png</image><titleshot>~/../thumbs/MAME/Named_Titles/kabukikl.png</titleshot><thumbnail>~/../thumbs/MAME/Named_Boxarts/kabukikl.png</thumbnail><marquee>~/../thumbs/MAME/Named_Logos/kabukikl.png</marquee></game>
<game><path>./Neo Geo MVS/karnovr.zip</path><name>Karnov's Revenge _ Fighter's History Dynamite</name><image>~/../thumbs/MAME/Named_Snaps/karnovr.png</image><titleshot>~/../thumbs/MAME/Named_Titles/karnovr.png</titleshot><thumbnail>~/../thumbs/MAME/Named_Boxarts/karnovr.png</thumbnail><marquee>~/../thumbs/MAME/Named_Logos/karnovr.png</marquee></game>
<game><path>./Neo Geo MVS/kizuna.zip</path><name>Kizuna Encounter - Super Tag Battle / Fu'un Super Tag Battle</name><image>~/../thumbs/MAME/Named_Snaps/kizuna.png</image><titleshot>~/../thumbs/MAME/Named_Titles/kizuna.png</titleshot><thumbnail>~/../thumbs/MAME/Named_Boxarts/kizuna.png</thumbnail><marquee>~/../thumbs/MAME/Named_Logos/kizuna.png</marquee></game>
<game><path>./Neo Geo MVS/kof2000.zip</path><name>The King of Fighters 2000 (NGM-2570) (NGH-2570)</name><image>~/../thumbs/MAME/Named_Snaps/kof2000.png</image><titleshot>~/../thumbs/MAME/Named_Titles/kof2000.png</titleshot><thumbnail>~/../thumbs/MAME/Named_Boxarts/kof2000.png</thumbnail><marquee>~/../thumbs/MAME/Named_Logos/kof2000.png</marquee></game>
<game><path>./Neo Geo MVS/kof2001.zip</path><name>The King of Fighters 2001 (NGM-262_)</name><image>~/../thumbs/MAME/Named_Snaps/kof2001.png</image><titleshot>~/../thumbs/MAME/Named_Titles/kof2001.png</titleshot><thumbnail>~/../thumbs/MAME/Named_Boxarts/kof2001.png</thumbnail><marquee>~/../thumbs/MAME/Named_Logos/kof2001.png</marquee></game>
<game><path>./Neo Geo MVS/kof2002.zip</path><name>The King of Fighters 2002 (NGM-2650)(NGH-2650)</name><image>~/../thumbs/MAME/Named_Snaps/kof2002.png</image><titleshot>~/../thumbs/MAME/Named_Titles/kof2002.png</titleshot><thumbnail>~/../thumbs/MAME/Named_Boxarts/kof2002.png</thumbnail><marquee>~/../thumbs/MAME/Named_Logos/kof2002.png</marquee></game>
<game><path>./Neo Geo MVS/kof2003.zip</path><name>The King of Fighters 2003 (NGM-2710, Export)</name><image>~/../thumbs/MAME/Named_Snaps/kof2003.png</image><titleshot>~/../thumbs/MAME/Named_Titles/kof2003.png</titleshot><thumbnail>~/../thumbs/MAME/Named_Boxarts/kof2003.png</thumbnail><marquee>~/../thumbs/MAME/Named_Logos/kof2003.png</marquee></game>
<game><path>./Neo Geo MVS/kof94.zip</path><name>The King of Fighters '94 (NGM-055)(NGH-055)</name><image>~/../thumbs/MAME/Named_Snaps/kof94.png</image><titleshot>~/../thumbs/MAME/Named_Titles/kof94.png</titleshot><thumbnail>~/../thumbs/MAME/Named_Boxarts/kof94.png</thumbnail><marquee>~/../thumbs/MAME/Named_Logos/kof94.png</marquee></game>
<game><path>./Neo Geo MVS/kof95.zip</path><name>The King of Fighters '95 (NGM-084)</name><image>~/../thumbs/MAME/Named_Snaps/kof95.png</image><titleshot>~/../thumbs/MAME/Named_Titles/kof95.png</titleshot><thumbnail>~/../thumbs/MAME/Named_Boxarts/kof95.png</thumbnail><marquee>~/../thumbs/MAME/Named_Logos/kof95.png</marquee></game>
<game><path>./Neo Geo MVS/kof96.zip</path><name>The King of Fighters '96 (NGM-214)</name><image>~/../thumbs/MAME/Named_Snaps/kof96.png</image><titleshot>~/../thumbs/MAME/Named_Titles/kof96.png</titleshot><thumbnail>~/../thumbs/MAME/Named_Boxarts/kof96.png</thumbnail><marquee>~/../thumbs/MAME/Named_Logos/kof96.png</marquee></game>
<game><path>./Neo Geo MVS/kof97.zip</path><name>The King of Fighters '97 (NGM-2320)</name><image>~/../thumbs/MAME/Named_Snaps/kof97.png</image><titleshot>~/../thumbs/MAME/Named_Titles/kof97.png</titleshot><thumbnail>~/../thumbs/MAME/Named_Boxarts/kof97.png</thumbnail><marquee>~/../thumbs/MAME/Named_Logos/kof97.png</marquee></game>
<game><path>./Neo Geo MVS/kof98.zip</path><name>The King of Fighters '98 - The Slugfest _ King of Fighters '98 - Dream Match Never Ends (NGM-2420)</name><image>~/../thumbs/MAME/Named_Snaps/kof98.png</image><titleshot>~/../thumbs/MAME/Named_Titles/kof98.png</titleshot><thumbnail>~/../thumbs/MAME/Named_Boxarts/kof98.png</thumbnail><marquee>~/../thumbs/MAME/Named_Logos/kof98.png</marquee></game>
<game><path>./Neo Geo MVS/kof99.zip</path><name>The King of Fighters '99 - Millennium Battle (NGM-2510)</name><image>~/../thumbs/MAME/Named_Snaps/kof99.png</image><titleshot>~/../thumbs/MAME/Named_Titles/kof99.png</titleshot><thumbnail>~/../thumbs/MAME/Named_Boxarts/kof99.png</thumbnail><marquee>~/../thumbs/MAME/Named_Logos/kof99.png</marquee></game>
<game><path>./Neo Geo MVS/kotm.zip</path><name>King of the Monsters (set 1)</name><image>~/../thumbs/MAME/Named_Snaps/kotm.png</image><titleshot>~/../thumbs/MAME/Named_Titles/kotm.png</titleshot><thumbnail>~/../thumbs/MAME/Named_Boxarts/kotm.png</thumbnail><marquee>~/../thumbs/MAME/Named_Logos/kotm.png</marquee></game>
<game><path>./Neo Geo MVS/kotm2.zip</path><name>King of the Monsters 2 - The Next Thing (NGM-039)(NGH-039)</name><image>~/../thumbs/MAME/Named_Snaps/kotm2.png</image><titleshot>~/../thumbs/MAME/Named_Titles/kotm2.png</titleshot><thumbnail>~/../thumbs/MAME/Named_Boxarts/kotm2.png</thumbnail><marquee>~/../thumbs/MAME/Named_Logos/kotm2.png</marquee></game>
<game><path>./Neo Geo MVS/lastblad.zip</path><name>The Last Blade / Bakumatsu Roman - Gekka no Kenshi (NGM-2340)</name><image>~/../thumbs/MAME/Named_Snaps/lastblad.png</image><titleshot>~/../thumbs/MAME/Named_Titles/lastblad.png</titleshot><thumbnail>~/../thumbs/MAME/Named_Boxarts/lastblad.png</thumbnail><marquee>~/../thumbs/MAME/Named_Logos/lastblad.png</marquee></game>
<game><path>./Neo Geo MVS/lastbld2.zip</path><name>The Last Blade 2 / Bakumatsu Roman - Dai Ni Maku Gekka no Kenshi (NGM-2430)(NGH-2430)</name><image>~/../thumbs/MAME/Named_Snaps/lastbld2.png</image><titleshot>~/../thumbs/MAME/Named_Titles/lastbld2.png</titleshot><thumbnail>~/../thumbs/MAME/Named_Boxarts/lastbld2.png</thumbnail><marquee>~/../thumbs/MAME/Named_Logos/lastbld2.png</marquee></game>
<game><path>./Neo Geo MVS/lbowling.zip</path><name>League Bowling (NGM-019)(NGH-019)</name><image>~/../thumbs/MAME/Named_Snaps/lbowling.png</image><titleshot>~/../thumbs/MAME/Named_Titles/lbowling.png</titleshot><thumbnail>~/../thumbs/MAME/Named_Boxarts/lbowling.png</thumbnail><marquee>~/../thumbs/MAME/Named_Logos/lbowling.png</marquee></game>
<game><path>./Neo Geo MVS/legendos.zip</path><name>Legend of Success Joe _ Ashitano Joe Densetsu</name><image>~/../thumbs/MAME/Named_Snaps/legendos.png</image><titleshot>~/../thumbs/MAME/Named_Titles/legendos.png</titleshot><thumbnail>~/../thumbs/MAME/Named_Boxarts/legendos.png</thumbnail><marquee>~/../thumbs/MAME/Named_Logos/legendos.png</marquee></game>
<game><path>./Neo Geo MVS/lresort.zip</path><name>Last Resort</name><image>~/../thumbs/MAME/Named_Snaps/lresort.png</image><titleshot>~/../thumbs/MAME/Named_Titles/lresort.png</titleshot><thumbnail>~/../thumbs/MAME/Named_Boxarts/lresort.png</thumbnail><marquee>~/../thumbs/MAME/Named_Logos/lresort.png</marquee></game>
<game><path>./Neo Geo MVS/magdrop2.zip</path><name>Magical Drop II</name><image>~/../thumbs/MAME/Named_Snaps/magdrop2.png</image><titleshot>~/../thumbs/MAME/Named_Titles/magdrop2.png</titleshot><thumbnail>~/../thumbs/MAME/Named_Boxarts/magdrop2.png</thumbnail><marquee>~/../thumbs/MAME/Named_Logos/magdrop2.png</marquee></game>
<game><path>./Neo Geo MVS/magdrop3.zip</path><name>Magical Drop III</name><image>~/../thumbs/MAME/Named_Snaps/magdrop3.png</image><titleshot>~/../thumbs/MAME/Named_Titles/magdrop3.png</titleshot><thumbnail>~/../thumbs/MAME/Named_Boxarts/magdrop3.png</thumbnail><marquee>~/../thumbs/MAME/Named_Logos/magdrop3.png</marquee></game>
<game><path>./Neo Geo MVS/maglord.zip</path><name>Magician Lord (NGM-005)</name><image>~/../thumbs/MAME/Named_Snaps/maglord.png</image><titleshot>~/../thumbs/MAME/Named_Titles/maglord.png</titleshot><thumbnail>~/../thumbs/MAME/Named_Boxarts/maglord.png</thumbnail><marquee>~/../thumbs/MAME/Named_Logos/maglord.png</marquee></game>
<game><path>./Neo Geo MVS/matrim.zip</path><name>Matrimelee _ Shin Gouketsuji Ichizoku Toukon (NGM-2660) (NGH-2660)</name><image>~/../thumbs/MAME/Named_Snaps/matrim.png</image><titleshot>~/../thumbs/MAME/Named_Titles/matrim.png</titleshot><thumbnail>~/../thumbs/MAME/Named_Boxarts/matrim.png</thumbnail><marquee>~/../thumbs/MAME/Named_Logos/matrim.png</marquee></game>
<game><path>./Neo Geo MVS/mslug.zip</path><name>Metal Slug - Super Vehicle-001</name><image>~/../thumbs/MAME/Named_Snaps/mslug.png</image><titleshot>~/../thumbs/MAME/Named_Titles/mslug.png</titleshot><thumbnail>~/../thumbs/MAME/Named_Boxarts/mslug.png</thumbnail><marquee>~/../thumbs/MAME/Named_Logos/mslug.png</marquee></game>
<game><path>./Neo Geo MVS/mslug2.zip</path><name>Metal Slug 2 - Super Vehicle-001_II (NGM-2410) (NGH-2410)</name><image>~/../thumbs/MAME/Named_Snaps/mslug2.png</image><titleshot>~/../thumbs/MAME/Named_Titles/mslug2.png</titleshot><thumbnail>~/../thumbs/MAME/Named_Boxarts/mslug2.png</thumbnail><marquee>~/../thumbs/MAME/Named_Logos/mslug2.png</marquee></game>
<game><path>./Neo Geo MVS/mslug3.zip</path><name>Metal Slug 3 (NGM-2560)</name><image>~/../thumbs/MAME/Named_Snaps/mslug3.png</image><titleshot>~/../thumbs/MAME/Named_Titles/mslug3.png</titleshot><thumbnail>~/../thumbs/MAME/Named_Boxarts/mslug3.png</thumbnail><marquee>~/../thumbs/MAME/Named_Logos/mslug3.png</marquee></game>
<game><path>./Neo Geo MVS/mslug4.zip</path><name>Metal Slug 4 (NGM-2630)</name><image>~/../thumbs/MAME/Named_Snaps/mslug4.png</image><titleshot>~/../thumbs/MAME/Named_Titles/mslug4.png</titleshot><thumbnail>~/../thumbs/MAME/Named_Boxarts/mslug4.png</thumbnail><marquee>~/../thumbs/MAME/Named_Logos/mslug4.png</marquee></game>
<game><path>./Neo Geo MVS/mslug5.zip</path><name>Metal Slug 5 (NGM-2680)</name><image>~/../thumbs/MAME/Named_Snaps/mslug5.png</image><titleshot>~/../thumbs/MAME/Named_Titles/mslug5.png</titleshot><thumbnail>~/../thumbs/MAME/Named_Boxarts/mslug5.png</thumbnail><marquee>~/../thumbs/MAME/Named_Logos/mslug5.png</marquee></game>
<game><path>./Neo Geo MVS/mslugx.zip</path><name>Metal Slug X - Super Vehicle-001 (NGM-2500)(NGH-2500)</name><image>~/../thumbs/MAME/Named_Snaps/mslugx.png</image><titleshot>~/../thumbs/MAME/Named_Titles/mslugx.png</titleshot><thumbnail>~/../thumbs/MAME/Named_Boxarts/mslugx.png</thumbnail><marquee>~/../thumbs/MAME/Named_Logos/mslugx.png</marquee></game>
<game><path>./Neo Geo MVS/mutnat.zip</path><name>Mutation Nation (NGM-014)(NGH-014)</name><image>~/../thumbs/MAME/Named_Snaps/mutnat.png</image><titleshot>~/../thumbs/MAME/Named_Titles/mutnat.png</titleshot><thumbnail>~/../thumbs/MAME/Named_Boxarts/mutnat.png</thumbnail><marquee>~/../thumbs/MAME/Named_Logos/mutnat.png</marquee></game>
<game><path>./Neo Geo MVS/nam1975.zip</path><name>NAM-1975 (NGM-001)(NGH-001)</name><image>~/../thumbs/MAME/Named_Snaps/nam1975.png</image><titleshot>~/../thumbs/MAME/Named_Titles/nam1975.png</titleshot><thumbnail>~/../thumbs/MAME/Named_Boxarts/nam1975.png</thumbnail><marquee>~/../thumbs/MAME/Named_Logos/nam1975.png</marquee></game>
<game><path>./Neo Geo MVS/ncombat.zip</path><name>Ninja Combat (NGM-009)</name><image>~/../thumbs/MAME/Named_Snaps/ncombat.png</image><titleshot>~/../thumbs/MAME/Named_Titles/ncombat.png</titleshot><thumbnail>~/../thumbs/MAME/Named_Boxarts/ncombat.png</thumbnail><marquee>~/../thumbs/MAME/Named_Logos/ncombat.png</marquee></game>
<game><path>./Neo Geo MVS/ncommand.zip</path><name>Ninja Commando</name><image>~/../thumbs/MAME/Named_Snaps/ncommand.png</image><titleshot>~/../thumbs/MAME/Named_Titles/ncommand.png</titleshot><thumbnail>~/../thumbs/MAME/Named_Boxarts/ncommand.png</thumbnail><marquee>~/../thumbs/MAME/Named_Logos/ncommand.png</marquee></game>
<game><path>./Neo Geo MVS/neobombe.zip</path><name>Neo Bomberman</name><image>~/../thumbs/MAME/Named_Snaps/neobombe.png</image><titleshot>~/../thumbs/MAME/Named_Titles/neobombe.png</titleshot><thumbnail>~/../thumbs/MAME/Named_Boxarts/neobombe.png</thumbnail><marquee>~/../thumbs/MAME/Named_Logos/neobombe.png</marquee></game>
<game><path>./Neo Geo MVS/neocup98.zip</path><name>Neo-Geo Cup '98 - The Road to the Victory</name><image>~/../thumbs/MAME/Named_Snaps/neocup98.png</image><titleshot>~/../thumbs/MAME/Named_Titles/neocup98.png</titleshot><thumbnail>~/../thumbs/MAME/Named_Boxarts/neocup98.png</thumbnail><marquee>~/../thumbs/MAME/Named_Logos/neocup98.png</marquee></game>
<game><path>./Neo Geo MVS/neodrift.zip</path><name>Neo Drift Out - New Technology</name><image>~/../thumbs/MAME/Named_Snaps/neodrift.png</image><titleshot>~/../thumbs/MAME/Named_Titles/neodrift.png</titleshot><thumbnail>~/../thumbs/MAME/Named_Boxarts/neodrift.png</thumbnail><marquee>~/../thumbs/MAME/Named_Logos/neodrift.png</marquee></game>
<game><path>./Neo Geo MVS/neogeo.zip</path><name>neogeo</name><image>~/../thumbs/MAME/Named_Snaps/neogeo.png</image><titleshot>~/../thumbs/MAME/Named_Titles/neogeo.png</titleshot><thumbnail>~/../thumbs/MAME/Named_Boxarts/neogeo.png</thumbnail><marquee>~/../thumbs/MAME/Named_Logos/neogeo.png</marquee></game>
<game><path>./Neo Geo MVS/neomrdo.zip</path><name>Neo Mr. Do!</name><image>~/../thumbs/MAME/Named_Snaps/neomrdo.png</image><titleshot>~/../thumbs/MAME/Named_Titles/neomrdo.png</titleshot><thumbnail>~/../thumbs/MAME/Named_Boxarts/neomrdo.png</thumbnail><marquee>~/../thumbs/MAME/Named_Logos/neomrdo.png</marquee></game>
<game><path>./Neo Geo MVS/ninjamas.zip</path><name>Ninja Master's - Haoh-ninpo-cho</name><image>~/../thumbs/MAME/Named_Snaps/ninjamas.png</image><titleshot>~/../thumbs/MAME/Named_Titles/ninjamas.png</titleshot><thumbnail>~/../thumbs/MAME/Named_Boxarts/ninjamas.png</thumbnail><marquee>~/../thumbs/MAME/Named_Logos/ninjamas.png</marquee></game>
<game><path>./Neo Geo MVS/nitd.zip</path><name>Nightmare in the Dark</name><image>~/../thumbs/MAME/Named_Snaps/nitd.png</image><titleshot>~/../thumbs/MAME/Named_Titles/nitd.png</titleshot><thumbnail>~/../thumbs/MAME/Named_Boxarts/nitd.png</thumbnail><marquee>~/../thumbs/MAME/Named_Logos/nitd.png</marquee></game>
<game><path>./Neo Geo MVS/overtop.zip</path><name>Over Top</name><image>~/../thumbs/MAME/Named_Snaps/overtop.png</image><titleshot>~/../thumbs/MAME/Named_Titles/overtop.png</titleshot><thumbnail>~/../thumbs/MAME/Named_Boxarts/overtop.png</thumbnail><marquee>~/../thumbs/MAME/Named_Logos/overtop.png</marquee></game>
<game><path>./Neo Geo MVS/panicbom.zip</path><name>Panic Bomber</name><image>~/../thumbs/MAME/Named_Snaps/panicbom.png</image><titleshot>~/../thumbs/MAME/Named_Titles/panicbom.png</titleshot><thumbnail>~/../thumbs/MAME/Named_Boxarts/panicbom.png</thumbnail><marquee>~/../thumbs/MAME/Named_Logos/panicbom.png</marquee></game>
<game><path>./Neo Geo MVS/pbobbl2n.zip</path><name>Puzzle Bobble 2 / Bust-A-Move Again (Neo-Geo)</name><image>~/../thumbs/MAME/Named_Snaps/pbobbl2n.png</image><titleshot>~/../thumbs/MAME/Named_Titles/pbobbl2n.png</titleshot><thumbnail>~/../thumbs/MAME/Named_Boxarts/pbobbl2n.png</thumbnail><marquee>~/../thumbs/MAME/Named_Logos/pbobbl2n.png</marquee></game>
<game><path>./Neo Geo MVS/pbobblen.zip</path><name>Puzzle Bobble _ Bust-A-Move (Neo-Geo) (NGM-083)</name><image>~/../thumbs/MAME/Named_Snaps/pbobblen.png</image><titleshot>~/../thumbs/MAME/Named_Titles/pbobblen.png</titleshot><thumbnail>~/../thumbs/MAME/Named_Boxarts/pbobblen.png</thumbnail><marquee>~/../thumbs/MAME/Named_Logos/pbobblen.png</marquee></game>
<game><path>./Neo Geo MVS/pgoal.zip</path><name>Pleasure Goal / Futsal - 5 on 5 Mini Soccer (NGM-219)</name><image>~/../thumbs/MAME/Named_Snaps/pgoal.png</image><titleshot>~/../thumbs/MAME/Named_Titles/pgoal.png</titleshot><thumbnail>~/../thumbs/MAME/Named_Boxarts/pgoal.png</thumbnail><marquee>~/../thumbs/MAME/Named_Logos/pgoal.png</marquee></game>
<game><path>./Neo Geo MVS/pnyaa.zip</path><name>Pochi and Nyaa (Ver 2.02)</name><image>~/../thumbs/MAME/Named_Snaps/pnyaa.png</image><titleshot>~/../thumbs/MAME/Named_Titles/pnyaa.png</titleshot><thumbnail>~/../thumbs/MAME/Named_Boxarts/pnyaa.png</thumbnail><marquee>~/../thumbs/MAME/Named_Logos/pnyaa.png</marquee></game>
<game><path>./Neo Geo MVS/popbounc.zip</path><name>Pop 'n Bounce / Gapporin</name><image>~/../thumbs/MAME/Named_Snaps/popbounc.png</image><titleshot>~/../thumbs/MAME/Named_Titles/popbounc.png</titleshot><thumbnail>~/../thumbs/MAME/Named_Boxarts/popbounc.png</thumbnail><marquee>~/../thumbs/MAME/Named_Logos/popbounc.png</marquee></game>
<game><path>./Neo Geo MVS/preisle2.zip</path><name>Prehistoric Isle 2</name><image>~/../thumbs/MAME/Named_Snaps/preisle2.png</image><titleshot>~/../thumbs/MAME/Named_Titles/preisle2.png</titleshot><thumbnail>~/../thumbs/MAME/Named_Boxarts/preisle2.png</thumbnail><marquee>~/../thumbs/MAME/Named_Logos/preisle2.png</marquee></game>
<game><path>./Neo Geo MVS/pspikes2.zip</path><name>Power Spikes II (NGM-068)</name><image>~/../thumbs/MAME/Named_Snaps/pspikes2.png</image><titleshot>~/../thumbs/MAME/Named_Titles/pspikes2.png</titleshot><thumbnail>~/../thumbs/MAME/Named_Boxarts/pspikes2.png</thumbnail><marquee>~/../thumbs/MAME/Named_Logos/pspikes2.png</marquee></game>
<game><path>./Neo Geo MVS/pulstar.zip</path><name>Pulstar</name><image>~/../thumbs/MAME/Named_Snaps/pulstar.png</image><titleshot>~/../thumbs/MAME/Named_Titles/pulstar.png</titleshot><thumbnail>~/../thumbs/MAME/Named_Boxarts/pulstar.png</thumbnail><marquee>~/../thumbs/MAME/Named_Logos/pulstar.png</marquee></game>
<game><path>./Neo Geo MVS/puzzledp.zip</path><name>Puzzle De Pon!</name><image>~/../thumbs/MAME/Named_Snaps/puzzledp.png</image><titleshot>~/../thumbs/MAME/Named_Titles/puzzledp.png</titleshot><thumbnail>~/../thumbs/MAME/Named_Boxarts/puzzledp.png</thumbnail><marquee>~/../thumbs/MAME/Named_Logos/puzzledp.png</marquee></game>
<game><path>./Neo Geo MVS/ragnagrd.zip</path><name>Ragnagard / Shin-Oh-Ken</name><image>~/../thumbs/MAME/Named_Snaps/ragnagrd.png</image><titleshot>~/../thumbs/MAME/Named_Titles/ragnagrd.png</titleshot><thumbnail>~/../thumbs/MAME/Named_Boxarts/ragnagrd.png</thumbnail><marquee>~/../thumbs/MAME/Named_Logos/ragnagrd.png</marquee></game>
<game><path>./Neo Geo MVS/rbff1.zip</path><name>Real Bout Fatal Fury / Real Bout Garou Densetsu (NGM-095)(NGH-095)</name><image>~/../thumbs/MAME/Named_Snaps/rbff1.png</image><titleshot>~/../thumbs/MAME/Named_Titles/rbff1.png</titleshot><thumbnail>~/../thumbs/MAME/Named_Boxarts/rbff1.png</thumbnail><marquee>~/../thumbs/MAME/Named_Logos/rbff1.png</marquee></game>
<game><path>./Neo Geo MVS/rbff2.zip</path><name>Real Bout Fatal Fury 2 - The Newcomers _ Real Bout Garou Densetsu 2 - the newcomers (NGM-2400)</name><image>~/../thumbs/MAME/Named_Snaps/rbff2.png</image><titleshot>~/../thumbs/MAME/Named_Titles/rbff2.png</titleshot><thumbnail>~/../thumbs/MAME/Named_Boxarts/rbff2.png</thumbnail><marquee>~/../thumbs/MAME/Named_Logos/rbff2.png</marquee></game>
<game><path>./Neo Geo MVS/rbffspec.zip</path><name>Real Bout Fatal Fury Special / Real Bout Garou Densetsu Special</name><image>~/../thumbs/MAME/Named_Snaps/rbffspec.png</image><titleshot>~/../thumbs/MAME/Named_Titles/rbffspec.png</titleshot><thumbnail>~/../thumbs/MAME/Named_Boxarts/rbffspec.png</thumbnail><marquee>~/../thumbs/MAME/Named_Logos/rbffspec.png</marquee></game>
<game><path>./Neo Geo MVS/ridhero.zip</path><name>Riding Hero (NGM-006)(NGH-006)</name><image>~/../thumbs/MAME/Named_Snaps/ridhero.png</image><titleshot>~/../thumbs/MAME/Named_Titles/ridhero.png</titleshot><thumbnail>~/../thumbs/MAME/Named_Boxarts/ridhero.png</thumbnail><marquee>~/../thumbs/MAME/Named_Logos/ridhero.png</marquee></game>
<game><path>./Neo Geo MVS/roboarmy.zip</path><name>Robo Army (set 1)</name><image>~/../thumbs/MAME/Named_Snaps/roboarmy.png</image><titleshot>~/../thumbs/MAME/Named_Titles/roboarmy.png</titleshot><thumbnail>~/../thumbs/MAME/Named_Boxarts/roboarmy.png</thumbnail><marquee>~/../thumbs/MAME/Named_Logos/roboarmy.png</marquee></game>
<game><path>./Neo Geo MVS/rotd.zip</path><name>Rage of the Dragons (NGM-2640)</name><image>~/../thumbs/MAME/Named_Snaps/rotd.png</image><titleshot>~/../thumbs/MAME/Named_Titles/rotd.png</titleshot><thumbnail>~/../thumbs/MAME/Named_Boxarts/rotd.png</thumbnail><marquee>~/../thumbs/MAME/Named_Logos/rotd.png</marquee></game>
<game><path>./Neo Geo MVS/s1945p.zip</path><name>Strikers 1945 Plus</name><image>~/../thumbs/MAME/Named_Snaps/s1945p.png</image><titleshot>~/../thumbs/MAME/Named_Titles/s1945p.png</titleshot><thumbnail>~/../thumbs/MAME/Named_Boxarts/s1945p.png</thumbnail><marquee>~/../thumbs/MAME/Named_Logos/s1945p.png</marquee></game>
<game><path>./Neo Geo MVS/samsh5sp.zip</path><name>Samurai Shodown V Special / Samurai Spirits Zero Special (NGM-2720)</name><image>~/../thumbs/MAME/Named_Snaps/samsh5sp.png</image><titleshot>~/../thumbs/MAME/Named_Titles/samsh5sp.png</titleshot><thumbnail>~/../thumbs/MAME/Named_Boxarts/samsh5sp.png</thumbnail><marquee>~/../thumbs/MAME/Named_Logos/samsh5sp.png</marquee></game>
<game><path>./Neo Geo MVS/samsho.zip</path><name>Samurai Shodown / Samurai Spirits (NGM-045)</name><image>~/../thumbs/MAME/Named_Snaps/samsho.png</image><titleshot>~/../thumbs/MAME/Named_Titles/samsho.png</titleshot><thumbnail>~/../thumbs/MAME/Named_Boxarts/samsho.png</thumbnail><marquee>~/../thumbs/MAME/Named_Logos/samsho.png</marquee></game>
<game><path>./Neo Geo MVS/samsho2.zip</path><name>Samurai Shodown II _ Shin Samurai Spirits - Haohmaru jigokuhen (NGM-063)(NGH-063)</name><image>~/../thumbs/MAME/Named_Snaps/samsho2.png</image><titleshot>~/../thumbs/MAME/Named_Titles/samsho2.png</titleshot><thumbnail>~/../thumbs/MAME/Named_Boxarts/samsho2.png</thumbnail><marquee>~/../thumbs/MAME/Named_Logos/samsho2.png</marquee></game>
<game><path>./Neo Geo MVS/samsho3.zip</path><name>Samurai Shodown III / Samurai Spirits - Zankurou Musouken (NGM-087)</name><image>~/../thumbs/MAME/Named_Snaps/samsho3.png</image><titleshot>~/../thumbs/MAME/Named_Titles/samsho3.png</titleshot><thumbnail>~/../thumbs/MAME/Named_Boxarts/samsho3.png</thumbnail><marquee>~/../thumbs/MAME/Named_Logos/samsho3.png</marquee></game>
<game><path>./Neo Geo MVS/samsho4.zip</path><name>Samurai Shodown IV - Amakusa's Revenge / Samurai Spirits - Amakusa Kourin (NGM-222)(NGH-222)</name><image>~/../thumbs/MAME/Named_Snaps/samsho4.png</image><titleshot>~/../thumbs/MAME/Named_Titles/samsho4.png</titleshot><thumbnail>~/../thumbs/MAME/Named_Boxarts/samsho4.png</thumbnail><marquee>~/../thumbs/MAME/Named_Logos/samsho4.png</marquee></game>
<game><path>./Neo Geo MVS/samsho5.zip</path><name>Samurai Shodown V / Samurai Spirits Zero (NGM-2700, set 1)</name><image>~/../thumbs/MAME/Named_Snaps/samsho5.png</image><titleshot>~/../thumbs/MAME/Named_Titles/samsho5.png</titleshot><thumbnail>~/../thumbs/MAME/Named_Boxarts/samsho5.png</thumbnail><marquee>~/../thumbs/MAME/Named_Logos/samsho5.png</marquee></game>
<game><path>./Neo Geo MVS/savagere.zip</path><name>savagere</name><image>~/../thumbs/MAME/Named_Snaps/savagere.png</image><titleshot>~/../thumbs/MAME/Named_Titles/savagere.png</titleshot><thumbnail>~/../thumbs/MAME/Named_Boxarts/savagere.png</thumbnail><marquee>~/../thumbs/MAME/Named_Logos/savagere.png</marquee></game>
<game><path>./Neo Geo MVS/sdodgeb.zip</path><name>sdodgeb</name><image>~/../thumbs/MAME/Named_Snaps/sdodgeb.png</image><titleshot>~/../thumbs/MAME/Named_Titles/sdodgeb.png</titleshot><thumbnail>~/../thumbs/MAME/Named_Boxarts/sdodgeb.png</thumbnail><marquee>~/../thumbs/MAME/Named_Logos/sdodgeb.png</marquee></game>
<game><path>./Neo Geo MVS/sengoku.zip</path><name>Sengoku / Sengoku Denshou (NGM-017)(NGH-017)</name><image>~/../thumbs/MAME/Named_Snaps/sengoku.png</image><titleshot>~/../thumbs/MAME/Named_Titles/sengoku.png</titleshot><thumbnail>~/../thumbs/MAME/Named_Boxarts/sengoku.png</thumbnail><marquee>~/../thumbs/MAME/Named_Logos/sengoku.png</marquee></game>
<game><path>./Neo Geo MVS/sengoku2.zip</path><name>sengoku2</name><image>~/../thumbs/MAME/Named_Snaps/sengoku2.png</image><titleshot>~/../thumbs/MAME/Named_Titles/sengoku2.png</titleshot><thumbnail>~/../thumbs/MAME/Named_Boxarts/sengoku2.png</thumbnail><marquee>~/../thumbs/MAME/Named_Logos/sengoku2.png</marquee></game>
<game><path>./Neo Geo MVS/sengoku3.zip</path><name>Sengoku 3 / Sengoku Densho 2001 (set 1)</name><image>~/../thumbs/MAME/Named_Snaps/sengoku3.png</image><titleshot>~/../thumbs/MAME/Named_Titles/sengoku3.png</titleshot><thumbnail>~/../thumbs/MAME/Named_Boxarts/sengoku3.png</thumbnail><marquee>~/../thumbs/MAME/Named_Logos/sengoku3.png</marquee></game>
<game><path>./Neo Geo MVS/shocktr2.zip</path><name>Shock Troopers - 2nd Squad</name><image>~/../thumbs/MAME/Named_Snaps/shocktr2.png</image><titleshot>~/../thumbs/MAME/Named_Titles/shocktr2.png</titleshot><thumbnail>~/../thumbs/MAME/Named_Boxarts/shocktr2.png</thumbnail><marquee>~/../thumbs/MAME/Named_Logos/shocktr2.png</marquee></game>
<game><path>./Neo Geo MVS/shocktro.zip</path><name>Shock Troopers (set 1)</name><image>~/../thumbs/MAME/Named_Snaps/shocktro.png</image><titleshot>~/../thumbs/MAME/Named_Titles/shocktro.png</titleshot><thumbnail>~/../thumbs/MAME/Named_Boxarts/shocktro.png</thumbnail><marquee>~/../thumbs/MAME/Named_Logos/shocktro.png</marquee></game>
<game><path>./Neo Geo MVS/socbrawl.zip</path><name>Soccer Brawl (NGM-031)</name><image>~/../thumbs/MAME/Named_Snaps/socbrawl.png</image><titleshot>~/../thumbs/MAME/Named_Titles/socbrawl.png</titleshot><thumbnail>~/../thumbs/MAME/Named_Boxarts/socbrawl.png</thumbnail><marquee>~/../thumbs/MAME/Named_Logos/socbrawl.png</marquee></game>
<game><path>./Neo Geo MVS/sonicwi2.zip</path><name>Aero Fighters 2 / Sonic Wings 2</name><image>~/../thumbs/MAME/Named_Snaps/sonicwi2.png</image><titleshot>~/../thumbs/MAME/Named_Titles/sonicwi2.png</titleshot><thumbnail>~/../thumbs/MAME/Named_Boxarts/sonicwi2.png</thumbnail><marquee>~/../thumbs/MAME/Named_Logos/sonicwi2.png</marquee></game>
<game><path>./Neo Geo MVS/sonicwi3.zip</path><name>Aero Fighters 3 / Sonic Wings 3</name><image>~/../thumbs/MAME/Named_Snaps/sonicwi3.png</image><titleshot>~/../thumbs/MAME/Named_Titles/sonicwi3.png</titleshot><thumbnail>~/../thumbs/MAME/Named_Boxarts/sonicwi3.png</thumbnail><marquee>~/../thumbs/MAME/Named_Logos/sonicwi3.png</marquee></game>
<game><path>./Neo Geo MVS/spinmast.zip</path><name>Spin Master / Miracle Adventure</name><image>~/../thumbs/MAME/Named_Snaps/spinmast.png</image><titleshot>~/../thumbs/MAME/Named_Titles/spinmast.png</titleshot><thumbnail>~/../thumbs/MAME/Named_Boxarts/spinmast.png</thumbnail><marquee>~/../thumbs/MAME/Named_Logos/spinmast.png</marquee></game>
<game><path>./Neo Geo MVS/ssideki.zip</path><name>Super Sidekicks / Tokuten Ou</name><image>~/../thumbs/MAME/Named_Snaps/ssideki.png</image><titleshot>~/../thumbs/MAME/Named_Titles/ssideki.png</titleshot><thumbnail>~/../thumbs/MAME/Named_Boxarts/ssideki.png</thumbnail><marquee>~/../thumbs/MAME/Named_Logos/ssideki.png</marquee></game>
<game><path>./Neo Geo MVS/ssideki2.zip</path><name>Super Sidekicks 2 - The World Championship _ Tokuten Ou 2 - real fight football (NGM-061)(NGH-061)</name><image>~/../thumbs/MAME/Named_Snaps/ssideki2.png</image><titleshot>~/../thumbs/MAME/Named_Titles/ssideki2.png</titleshot><thumbnail>~/../thumbs/MAME/Named_Boxarts/ssideki2.png</thumbnail><marquee>~/../thumbs/MAME/Named_Logos/ssideki2.png</marquee></game>
<game><path>./Neo Geo MVS/ssideki3.zip</path><name>Super Sidekicks 3 - The Next Glory _ Tokuten Ou 3 - eikou e no michi</name><image>~/../thumbs/MAME/Named_Snaps/ssideki3.png</image><titleshot>~/../thumbs/MAME/Named_Titles/ssideki3.png</titleshot><thumbnail>~/../thumbs/MAME/Named_Boxarts/ssideki3.png</thumbnail><marquee>~/../thumbs/MAME/Named_Logos/ssideki3.png</marquee></game>
<game><path>./Neo Geo MVS/ssideki4.zip</path><name>The Ultimate 11 - The SNK Football Championship / Tokuten Ou - Honoo no Libero</name><image>~/../thumbs/MAME/Named_Snaps/ssideki4.png</image><titleshot>~/../thumbs/MAME/Named_Titles/ssideki4.png</titleshot><thumbnail>~/../thumbs/MAME/Named_Boxarts/ssideki4.png</thumbnail><marquee>~/../thumbs/MAME/Named_Logos/ssideki4.png</marquee></game>
<game><path>./Neo Geo MVS/stakwin.zip</path><name>Stakes Winner _ Stakes Winner - GI kinzen seiha e no michi</name><image>~/../thumbs/MAME/Named_Snaps/stakwin.png</image><titleshot>~/../thumbs/MAME/Named_Titles/stakwin.png</titleshot><thumbnail>~/../thumbs/MAME/Named_Boxarts/stakwin.png</thumbnail><marquee>~/../thumbs/MAME/Named_Logos/stakwin.png</marquee></game>
<game><path>./Neo Geo MVS/stakwin2.zip</path><name>Stakes Winner 2</name><image>~/../thumbs/MAME/Named_Snaps/stakwin2.png</image><titleshot>~/../thumbs/MAME/Named_Titles/stakwin2.png</titleshot><thumbnail>~/../thumbs/MAME/Named_Boxarts/stakwin2.png</thumbnail><marquee>~/../thumbs/MAME/Named_Logos/stakwin2.png</marquee></game>
<game><path>./Neo Geo MVS/strhoop.zip</path><name>Street Hoop _ Street Slam _ Dunk Dream (DEM-004) (DEH-004)</name><image>~/../thumbs/MAME/Named_Snaps/strhoop.png</image><titleshot>~/../thumbs/MAME/Named_Titles/strhoop.png</titleshot><thumbnail>~/../thumbs/MAME/Named_Boxarts/strhoop.png</thumbnail><marquee>~/../thumbs/MAME/Named_Logos/strhoop.png</marquee></game>
<game><path>./Neo Geo MVS/superspy.zip</path><name>The Super Spy (NGM-011)(NGH-011)</name><image>~/../thumbs/MAME/Named_Snaps/superspy.png</image><titleshot>~/../thumbs/MAME/Named_Titles/superspy.png</titleshot><thumbnail>~/../thumbs/MAME/Named_Boxarts/superspy.png</thumbnail><marquee>~/../thumbs/MAME/Named_Logos/superspy.png</marquee></game>
<game><path>./Neo Geo MVS/svc.zip</path><name>SNK vs. Capcom - SVC Chaos (NGM-2690)(NGH-2690)</name><image>~/../thumbs/MAME/Named_Snaps/svc.png</image><titleshot>~/../thumbs/MAME/Named_Titles/svc.png</titleshot><thumbnail>~/../thumbs/MAME/Named_Boxarts/svc.png</thumbnail><marquee>~/../thumbs/MAME/Named_Logos/svc.png</marquee></game>
<game><path>./Neo Geo MVS/tophuntr.zip</path><name>Top Hunter - Roddy & Cathy (NGM-046)</name><image>~/../thumbs/MAME/Named_Snaps/tophuntr.png</image><titleshot>~/../thumbs/MAME/Named_Titles/tophuntr.png</titleshot><thumbnail>~/../thumbs/MAME/Named_Boxarts/tophuntr.png</thumbnail><marquee>~/../thumbs/MAME/Named_Logos/tophuntr.png</marquee></game>
<game><path>./Neo Geo MVS/totc.zip</path><name>totc</name><image>~/../thumbs/MAME/Named_Snaps/totc.png</image><titleshot>~/../thumbs/MAME/Named_Titles/totc.png</titleshot><thumbnail>~/../thumbs/MAME/Named_Boxarts/totc.png</thumbnail><marquee>~/../thumbs/MAME/Named_Logos/totc.png</marquee></game>
<game><path>./Neo Geo MVS/tpgolf.zip</path><name>Top Player's Golf (NGM-003)(NGH-003)</name><image>~/../thumbs/MAME/Named_Snaps/tpgolf.png</image><titleshot>~/../thumbs/MAME/Named_Titles/tpgolf.png</titleshot><thumbnail>~/../thumbs/MAME/Named_Boxarts/tpgolf.png</thumbnail><marquee>~/../thumbs/MAME/Named_Logos/tpgolf.png</marquee></game>
<game><path>./Neo Geo MVS/trally.zip</path><name>Thrash Rally (ALM-003)(ALH-003)</name><image>~/../thumbs/MAME/Named_Snaps/trally.png</image><titleshot>~/../thumbs/MAME/Named_Titles/trally.png</titleshot><thumbnail>~/../thumbs/MAME/Named_Boxarts/trally.png</thumbnail><marquee>~/../thumbs/MAME/Named_Logos/trally.png</marquee></game>
<game><path>./Neo Geo MVS/turfmast.zip</path><name>Neo Turf Masters / Big Tournament Golf</name><image>~/../thumbs/MAME/Named_Snaps/turfmast.png</image><titleshot>~/../thumbs/MAME/Named_Titles/turfmast.png</titleshot><thumbnail>~/../thumbs/MAME/Named_Boxarts/turfmast.png</thumbnail><marquee>~/../thumbs/MAME/Named_Logos/turfmast.png</marquee></game>
<game><path>./Neo Geo MVS/twinspri.zip</path><name>Twinkle Star Sprites</name><image>~/../thumbs/MAME/Named_Snaps/twinspri.png</image><titleshot>~/../thumbs/MAME/Named_Titles/twinspri.png</titleshot><thumbnail>~/../thumbs/MAME/Named_Boxarts/twinspri.png</thumbnail><marquee>~/../thumbs/MAME/Named_Logos/twinspri.png</marquee></game>
<game><path>./Neo Geo MVS/viewpoin.zip</path><name>Viewpoint</name><image>~/../thumbs/MAME/Named_Snaps/viewpoin.png</image><titleshot>~/../thumbs/MAME/Named_Titles/viewpoin.png</titleshot><thumbnail>~/../thumbs/MAME/Named_Boxarts/viewpoin.png</thumbnail><marquee>~/../thumbs/MAME/Named_Logos/viewpoin.png</marquee></game>
<game><path>./Neo Geo MVS/vliner.zip</path><name>V-Liner (v0.7a)</name><image>~/../thumbs/MAME/Named_Snaps/vliner.png</image><titleshot>~/../thumbs/MAME/Named_Titles/vliner.png</titleshot><thumbnail>~/../thumbs/MAME/Named_Boxarts/vliner.png</thumbnail><marquee>~/../thumbs/MAME/Named_Logos/vliner.png</marquee></game>
<game><path>./Neo Geo MVS/wakuwak7.zip</path><name>Waku Waku 7</name><image>~/../thumbs/MAME/Named_Snaps/wakuwak7.png</image><titleshot>~/../thumbs/MAME/Named_Titles/wakuwak7.png</titleshot><thumbnail>~/../thumbs/MAME/Named_Boxarts/wakuwak7.png</thumbnail><marquee>~/../thumbs/MAME/Named_Logos/wakuwak7.png</marquee></game>
<game><path>./Neo Geo MVS/wh1.zip</path><name>World Heroes (ALM-005)</name><image>~/../thumbs/MAME/Named_Snaps/wh1.png</image><titleshot>~/../thumbs/MAME/Named_Titles/wh1.png</titleshot><thumbnail>~/../thumbs/MAME/Named_Boxarts/wh1.png</thumbnail><marquee>~/../thumbs/MAME/Named_Logos/wh1.png</marquee></game>
<game><path>./Neo Geo MVS/wh2.zip</path><name>World Heroes 2 (ALM-006)(ALH-006)</name><image>~/../thumbs/MAME/Named_Snaps/wh2.png</image><titleshot>~/../thumbs/MAME/Named_Titles/wh2.png</titleshot><thumbnail>~/../thumbs/MAME/Named_Boxarts/wh2.png</thumbnail><marquee>~/../thumbs/MAME/Named_Logos/wh2.png</marquee></game>
<game><path>./Neo Geo MVS/wh2j.zip</path><name>World Heroes 2 Jet (ADM-007)(ADH-007)</name><image>~/../thumbs/MAME/Named_Snaps/wh2j.png</image><titleshot>~/../thumbs/MAME/Named_Titles/wh2j.png</titleshot><thumbnail>~/../thumbs/MAME/Named_Boxarts/wh2j.png</thumbnail><marquee>~/../thumbs/MAME/Named_Logos/wh2j.png</marquee></game>
<game><path>./Neo Geo MVS/whp.zip</path><name>World Heroes Perfect</name><image>~/../thumbs/MAME/Named_Snaps/whp.png</image><titleshot>~/../thumbs/MAME/Named_Titles/whp.png</titleshot><thumbnail>~/../thumbs/MAME/Named_Boxarts/whp.png</thumbnail><marquee>~/../thumbs/MAME/Named_Logos/whp.png</marquee></game>
<game><path>./Neo Geo MVS/wjammers.zip</path><name>Windjammers / Flying Power Disc</name><image>~/../thumbs/MAME/Named_Snaps/wjammers.png</image><titleshot>~/../thumbs/MAME/Named_Titles/wjammers.png</titleshot><thumbnail>~/../thumbs/MAME/Named_Boxarts/wjammers.png</thumbnail><marquee>~/../thumbs/MAME/Named_Logos/wjammers.png</marquee></game>
<game><path>./Neo Geo MVS/zedblade.zip</path><name>Zed Blade / Operation Ragnarok</name><image>~/../thumbs/MAME/Named_Snaps/zedblade.png</image><titleshot>~/../thumbs/MAME/Named_Titles/zedblade.png</titleshot><thumbnail>~/../thumbs/MAME/Named_Boxarts/zedblade.png</thumbnail><marquee>~/../thumbs/MAME/Named_Logos/zedblade.png</marquee></game>
<game><path>./Neo Geo MVS/zupapa.zip</path><name>Zupapa!</name><image>~/../thumbs/MAME/Named_Snaps/zupapa.png</image><titleshot>~/../thumbs/MAME/Named_Titles/zupapa.png</titleshot><thumbnail>~/../thumbs/MAME/Named_Boxarts/zupapa.png</thumbnail><marquee>~/../thumbs/MAME/Named_Logos/zupapa.png</marquee></game>
<folder><path>./Neo Geo MVS</path><name>Neo Geo MVS</name><image>~/../thumb/neogeo.png</image></folder>
</gameList>
