<gameList>
<game><path>./Amstrad CPC DSK//home/runner/rom/TOSEC/Amstrad/CPC/Games/[DSK]/Amstrad CPC - Games - [DSK].zip</path><name>/home/runner/rom/TOSEC/Amstrad/CPC/Games/[DSK]/Amstrad CPC - Games - [DSK]</name><image>~/../thumbs/Amstrad - CPC/Named_Snaps//home/runner/rom/TOSEC/Amstrad/CPC/Games/[DSK]/Amstrad CPC - Games - [DSK].png</image><titleshot>~/../thumbs/Amstrad - CPC/Named_Titles//home/runner/rom/TOSEC/Amstrad/CPC/Games/[DSK]/Amstrad CPC - Games - [DSK].png</titleshot><thumbnail>~/../thumbs/Amstrad - CPC/Named_Boxarts//home/runner/rom/TOSEC/Amstrad/CPC/Games/[DSK]/Amstrad CPC - Games - [DSK].png</thumbnail><marquee>~/../thumbs/Amstrad - CPC/Named_Logos//home/runner/rom/TOSEC/Amstrad/CPC/Games/[DSK]/Amstrad CPC - Games - [DSK].png</marquee></game>
<folder><path>./Amstrad CPC DSK</path><name>Amstrad CPC DSK</name><image>~/../thumb/amstradcpc.png</image></folder>
<game><path>./Amstrad CPC CDT//home/runner/rom/TOSEC/Amstrad/CPC/Games/[CDT]/Amstrad CPC - Games - [CDT].zip</path><name>/home/runner/rom/TOSEC/Amstrad/CPC/Games/[CDT]/Amstrad CPC - Games - [CDT]</name><image>~/../thumbs/Amstrad - CPC/Named_Snaps//home/runner/rom/TOSEC/Amstrad/CPC/Games/[CDT]/Amstrad CPC - Games - [CDT].png</image><titleshot>~/../thumbs/Amstrad - CPC/Named_Titles//home/runner/rom/TOSEC/Amstrad/CPC/Games/[CDT]/Amstrad CPC - Games - [CDT].png</titleshot><thumbnail>~/../thumbs/Amstrad - CPC/Named_Boxarts//home/runner/rom/TOSEC/Amstrad/CPC/Games/[CDT]/Amstrad CPC - Games - [CDT].png</thumbnail><marquee>~/../thumbs/Amstrad - CPC/Named_Logos//home/runner/rom/TOSEC/Amstrad/CPC/Games/[CDT]/Amstrad CPC - Games - [CDT].png</marquee></game>
<folder><path>./Amstrad CPC CDT</path><name>Amstrad CPC CDT</name><image>~/../thumb/amstradcpc.png</image></folder>
<game><path>./Amstrad CPC SNA//home/runner/rom/TOSEC/Amstrad/CPC/Games/[SNA]/Amstrad CPC - Games - [SNA].zip</path><name>/home/runner/rom/TOSEC/Amstrad/CPC/Games/[SNA]/Amstrad CPC - Games - [SNA]</name><image>~/../thumbs/Amstrad - CPC/Named_Snaps//home/runner/rom/TOSEC/Amstrad/CPC/Games/[SNA]/Amstrad CPC - Games - [SNA].png</image><titleshot>~/../thumbs/Amstrad - CPC/Named_Titles//home/runner/rom/TOSEC/Amstrad/CPC/Games/[SNA]/Amstrad CPC - Games - [SNA].png</titleshot><thumbnail>~/../thumbs/Amstrad - CPC/Named_Boxarts//home/runner/rom/TOSEC/Amstrad/CPC/Games/[SNA]/Amstrad CPC - Games - [SNA].png</thumbnail><marquee>~/../thumbs/Amstrad - CPC/Named_Logos//home/runner/rom/TOSEC/Amstrad/CPC/Games/[SNA]/Amstrad CPC - Games - [SNA].png</marquee></game>
<folder><path>./Amstrad CPC SNA</path><name>Amstrad CPC SNA</name><image>~/../thumb/amstradcpc.png</image></folder>
</gameList>
