<gameList>
<game><path>./Sharp X68000 TOSEC//home/runner/rom/TOSEC/Sharp/X68000/Games/[DIM]/Sharp X68000 - Games - [DIM].zip</path><name>/home/runner/rom/TOSEC/Sharp/X68000/Games/[DIM]/Sharp X68000 - Games - [DIM]</name><image>~/../thumbs/Sharp - X68000/Named_Snaps//home/runner/rom/TOSEC/Sharp/X68000/Games/[DIM]/Sharp X68000 - Games - [DIM].png</image><titleshot>~/../thumbs/Sharp - X68000/Named_Titles//home/runner/rom/TOSEC/Sharp/X68000/Games/[DIM]/Sharp X68000 - Games - [DIM].png</titleshot><thumbnail>~/../thumbs/Sharp - X68000/Named_Boxarts//home/runner/rom/TOSEC/Sharp/X68000/Games/[DIM]/Sharp X68000 - Games - [DIM].png</thumbnail><marquee>~/../thumbs/Sharp - X68000/Named_Logos//home/runner/rom/TOSEC/Sharp/X68000/Games/[DIM]/Sharp X68000 - Games - [DIM].png</marquee></game>
<folder><path>./Sharp X68000 TOSEC</path><name>Sharp X68000 TOSEC</name><image>~/../thumb/x68000.png</image></folder>
</gameList>
