<gameList>
<game><path>./CreatiVision NoIntro/Air Sea Attack (Europe, Asia) (En).zip</path><name>Air Sea Attack (Europe, Asia) (En)</name><image>~/../thumbs/VTech - CreatiVision/Named_Snaps/Air Sea Attack (Europe, Asia) (En).png</image><titleshot>~/../thumbs/VTech - CreatiVision/Named_Titles/Air Sea Attack (Europe, Asia) (En).png</titleshot><thumbnail>~/../thumbs/VTech - CreatiVision/Named_Boxarts/Air Sea Attack (Europe, Asia) (En).png</thumbnail><marquee>~/../thumbs/VTech - CreatiVision/Named_Logos/Air Sea Attack (Europe, Asia) (En).png</marquee></game>
<game><path>./CreatiVision NoIntro/Astro Pinball (Europe, Asia) (En).zip</path><name>Astro Pinball (Europe, Asia) (En)</name><image>~/../thumbs/VTech - CreatiVision/Named_Snaps/Astro Pinball (Europe, Asia) (En).png</image><titleshot>~/../thumbs/VTech - CreatiVision/Named_Titles/Astro Pinball (Europe, Asia) (En).png</titleshot><thumbnail>~/../thumbs/VTech - CreatiVision/Named_Boxarts/Astro Pinball (Europe, Asia) (En).png</thumbnail><marquee>~/../thumbs/VTech - CreatiVision/Named_Logos/Astro Pinball (Europe, Asia) (En).png</marquee></game>
<game><path>./CreatiVision NoIntro/Auto Chase (Europe, Asia) (En).zip</path><name>Auto Chase (Europe, Asia) (En)</name><image>~/../thumbs/VTech - CreatiVision/Named_Snaps/Auto Chase (Europe, Asia) (En).png</image><titleshot>~/../thumbs/VTech - CreatiVision/Named_Titles/Auto Chase (Europe, Asia) (En).png</titleshot><thumbnail>~/../thumbs/VTech - CreatiVision/Named_Boxarts/Auto Chase (Europe, Asia) (En).png</thumbnail><marquee>~/../thumbs/VTech - CreatiVision/Named_Logos/Auto Chase (Europe, Asia) (En).png</marquee></game>
<game><path>./CreatiVision NoIntro/BASIC (Europe, Asia) (En) (Rev 1).zip</path><name>BASIC (Europe, Asia) (En) (Rev 1)</name><image>~/../thumbs/VTech - CreatiVision/Named_Snaps/BASIC (Europe, Asia) (En) (Rev 1).png</image><titleshot>~/../thumbs/VTech - CreatiVision/Named_Titles/BASIC (Europe, Asia) (En) (Rev 1).png</titleshot><thumbnail>~/../thumbs/VTech - CreatiVision/Named_Boxarts/BASIC (Europe, Asia) (En) (Rev 1).png</thumbnail><marquee>~/../thumbs/VTech - CreatiVision/Named_Logos/BASIC (Europe, Asia) (En) (Rev 1).png</marquee></game>
<game><path>./CreatiVision NoIntro/BASIC (Europe, Asia) (En) (Rev 2).zip</path><name>BASIC (Europe, Asia) (En) (Rev 2)</name><image>~/../thumbs/VTech - CreatiVision/Named_Snaps/BASIC (Europe, Asia) (En) (Rev 2).png</image><titleshot>~/../thumbs/VTech - CreatiVision/Named_Titles/BASIC (Europe, Asia) (En) (Rev 2).png</titleshot><thumbnail>~/../thumbs/VTech - CreatiVision/Named_Boxarts/BASIC (Europe, Asia) (En) (Rev 2).png</thumbnail><marquee>~/../thumbs/VTech - CreatiVision/Named_Logos/BASIC (Europe, Asia) (En) (Rev 2).png</marquee></game>
<game><path>./CreatiVision NoIntro/BASIC (Europe, Asia) (En) (Rev 3).zip</path><name>BASIC (Europe, Asia) (En) (Rev 3)</name><image>~/../thumbs/VTech - CreatiVision/Named_Snaps/BASIC (Europe, Asia) (En) (Rev 3).png</image><titleshot>~/../thumbs/VTech - CreatiVision/Named_Titles/BASIC (Europe, Asia) (En) (Rev 3).png</titleshot><thumbnail>~/../thumbs/VTech - CreatiVision/Named_Boxarts/BASIC (Europe, Asia) (En) (Rev 3).png</thumbnail><marquee>~/../thumbs/VTech - CreatiVision/Named_Logos/BASIC (Europe, Asia) (En) (Rev 3).png</marquee></game>
<game><path>./CreatiVision NoIntro/BASIC (Europe, Asia) (En).zip</path><name>BASIC (Europe, Asia) (En)</name><image>~/../thumbs/VTech - CreatiVision/Named_Snaps/BASIC (Europe, Asia) (En).png</image><titleshot>~/../thumbs/VTech - CreatiVision/Named_Titles/BASIC (Europe, Asia) (En).png</titleshot><thumbnail>~/../thumbs/VTech - CreatiVision/Named_Boxarts/BASIC (Europe, Asia) (En).png</thumbnail><marquee>~/../thumbs/VTech - CreatiVision/Named_Logos/BASIC (Europe, Asia) (En).png</marquee></game>
<game><path>./CreatiVision NoIntro/Chopper Rescue (Europe, Asia) (En).zip</path><name>Chopper Rescue (Europe, Asia) (En)</name><image>~/../thumbs/VTech - CreatiVision/Named_Snaps/Chopper Rescue (Europe, Asia) (En).png</image><titleshot>~/../thumbs/VTech - CreatiVision/Named_Titles/Chopper Rescue (Europe, Asia) (En).png</titleshot><thumbnail>~/../thumbs/VTech - CreatiVision/Named_Boxarts/Chopper Rescue (Europe, Asia) (En).png</thumbnail><marquee>~/../thumbs/VTech - CreatiVision/Named_Logos/Chopper Rescue (Europe, Asia) (En).png</marquee></game>
<game><path>./CreatiVision NoIntro/Crazy Chicky (Europe, Asia) (En).zip</path><name>Crazy Chicky (Europe, Asia) (En)</name><image>~/../thumbs/VTech - CreatiVision/Named_Snaps/Crazy Chicky (Europe, Asia) (En).png</image><titleshot>~/../thumbs/VTech - CreatiVision/Named_Titles/Crazy Chicky (Europe, Asia) (En).png</titleshot><thumbnail>~/../thumbs/VTech - CreatiVision/Named_Boxarts/Crazy Chicky (Europe, Asia) (En).png</thumbnail><marquee>~/../thumbs/VTech - CreatiVision/Named_Logos/Crazy Chicky (Europe, Asia) (En).png</marquee></game>
<game><path>./CreatiVision NoIntro/Crazy Pucker ~ Crazy Moonie ~ Crazy Chewy (Europe, Asia) (En).zip</path><name>Crazy Pucker ~ Crazy Moonie ~ Crazy Chewy (Europe, Asia) (En)</name><image>~/../thumbs/VTech - CreatiVision/Named_Snaps/Crazy Pucker ~ Crazy Moonie ~ Crazy Chewy (Europe, Asia) (En).png</image><titleshot>~/../thumbs/VTech - CreatiVision/Named_Titles/Crazy Pucker ~ Crazy Moonie ~ Crazy Chewy (Europe, Asia) (En).png</titleshot><thumbnail>~/../thumbs/VTech - CreatiVision/Named_Boxarts/Crazy Pucker ~ Crazy Moonie ~ Crazy Chewy (Europe, Asia) (En).png</thumbnail><marquee>~/../thumbs/VTech - CreatiVision/Named_Logos/Crazy Pucker ~ Crazy Moonie ~ Crazy Chewy (Europe, Asia) (En).png</marquee></game>
<game><path>./CreatiVision NoIntro/Deep Sea Adventure (Europe, Asia) (En) (6K).zip</path><name>Deep Sea Adventure (Europe, Asia) (En) (6K)</name><image>~/../thumbs/VTech - CreatiVision/Named_Snaps/Deep Sea Adventure (Europe, Asia) (En) (6K).png</image><titleshot>~/../thumbs/VTech - CreatiVision/Named_Titles/Deep Sea Adventure (Europe, Asia) (En) (6K).png</titleshot><thumbnail>~/../thumbs/VTech - CreatiVision/Named_Boxarts/Deep Sea Adventure (Europe, Asia) (En) (6K).png</thumbnail><marquee>~/../thumbs/VTech - CreatiVision/Named_Logos/Deep Sea Adventure (Europe, Asia) (En) (6K).png</marquee></game>
<game><path>./CreatiVision NoIntro/Deep Sea Adventure (Europe, Asia) (En) (8K).zip</path><name>Deep Sea Adventure (Europe, Asia) (En) (8K)</name><image>~/../thumbs/VTech - CreatiVision/Named_Snaps/Deep Sea Adventure (Europe, Asia) (En) (8K).png</image><titleshot>~/../thumbs/VTech - CreatiVision/Named_Titles/Deep Sea Adventure (Europe, Asia) (En) (8K).png</titleshot><thumbnail>~/../thumbs/VTech - CreatiVision/Named_Boxarts/Deep Sea Adventure (Europe, Asia) (En) (8K).png</thumbnail><marquee>~/../thumbs/VTech - CreatiVision/Named_Logos/Deep Sea Adventure (Europe, Asia) (En) (8K).png</marquee></game>
<game><path>./CreatiVision NoIntro/Diagnostic A (Europe, Asia) (Program).zip</path><name>Diagnostic A (Europe, Asia) (Program)</name><image>~/../thumbs/VTech - CreatiVision/Named_Snaps/Diagnostic A (Europe, Asia) (Program).png</image><titleshot>~/../thumbs/VTech - CreatiVision/Named_Titles/Diagnostic A (Europe, Asia) (Program).png</titleshot><thumbnail>~/../thumbs/VTech - CreatiVision/Named_Boxarts/Diagnostic A (Europe, Asia) (Program).png</thumbnail><marquee>~/../thumbs/VTech - CreatiVision/Named_Logos/Diagnostic A (Europe, Asia) (Program).png</marquee></game>
<game><path>./CreatiVision NoIntro/Diagnostic B (Europe, Asia) (Program).zip</path><name>Diagnostic B (Europe, Asia) (Program)</name><image>~/../thumbs/VTech - CreatiVision/Named_Snaps/Diagnostic B (Europe, Asia) (Program).png</image><titleshot>~/../thumbs/VTech - CreatiVision/Named_Titles/Diagnostic B (Europe, Asia) (Program).png</titleshot><thumbnail>~/../thumbs/VTech - CreatiVision/Named_Boxarts/Diagnostic B (Europe, Asia) (Program).png</thumbnail><marquee>~/../thumbs/VTech - CreatiVision/Named_Logos/Diagnostic B (Europe, Asia) (Program).png</marquee></game>
<game><path>./CreatiVision NoIntro/Hapmon (Europe, Asia) (En) (Program) (Homebrew).zip</path><name>Hapmon (Europe, Asia) (En) (Program) (Homebrew)</name><image>~/../thumbs/VTech - CreatiVision/Named_Snaps/Hapmon (Europe, Asia) (En) (Program) (Homebrew).png</image><titleshot>~/../thumbs/VTech - CreatiVision/Named_Titles/Hapmon (Europe, Asia) (En) (Program) (Homebrew).png</titleshot><thumbnail>~/../thumbs/VTech - CreatiVision/Named_Boxarts/Hapmon (Europe, Asia) (En) (Program) (Homebrew).png</thumbnail><marquee>~/../thumbs/VTech - CreatiVision/Named_Logos/Hapmon (Europe, Asia) (En) (Program) (Homebrew).png</marquee></game>
<game><path>./CreatiVision NoIntro/Locomotive (Europe, Asia) (En) (10K).zip</path><name>Locomotive (Europe, Asia) (En) (10K)</name><image>~/../thumbs/VTech - CreatiVision/Named_Snaps/Locomotive (Europe, Asia) (En) (10K).png</image><titleshot>~/../thumbs/VTech - CreatiVision/Named_Titles/Locomotive (Europe, Asia) (En) (10K).png</titleshot><thumbnail>~/../thumbs/VTech - CreatiVision/Named_Boxarts/Locomotive (Europe, Asia) (En) (10K).png</thumbnail><marquee>~/../thumbs/VTech - CreatiVision/Named_Logos/Locomotive (Europe, Asia) (En) (10K).png</marquee></game>
<game><path>./CreatiVision NoIntro/Locomotive (Europe, Asia) (En) (12K).zip</path><name>Locomotive (Europe, Asia) (En) (12K)</name><image>~/../thumbs/VTech - CreatiVision/Named_Snaps/Locomotive (Europe, Asia) (En) (12K).png</image><titleshot>~/../thumbs/VTech - CreatiVision/Named_Titles/Locomotive (Europe, Asia) (En) (12K).png</titleshot><thumbnail>~/../thumbs/VTech - CreatiVision/Named_Boxarts/Locomotive (Europe, Asia) (En) (12K).png</thumbnail><marquee>~/../thumbs/VTech - CreatiVision/Named_Logos/Locomotive (Europe, Asia) (En) (12K).png</marquee></game>
<game><path>./CreatiVision NoIntro/Mouse Puzzle (Europe, Asia) (En).zip</path><name>Mouse Puzzle (Europe, Asia) (En)</name><image>~/../thumbs/VTech - CreatiVision/Named_Snaps/Mouse Puzzle (Europe, Asia) (En).png</image><titleshot>~/../thumbs/VTech - CreatiVision/Named_Titles/Mouse Puzzle (Europe, Asia) (En).png</titleshot><thumbnail>~/../thumbs/VTech - CreatiVision/Named_Boxarts/Mouse Puzzle (Europe, Asia) (En).png</thumbnail><marquee>~/../thumbs/VTech - CreatiVision/Named_Logos/Mouse Puzzle (Europe, Asia) (En).png</marquee></game>
<game><path>./CreatiVision NoIntro/Music Maker (Europe, Asia) (En).zip</path><name>Music Maker (Europe, Asia) (En)</name><image>~/../thumbs/VTech - CreatiVision/Named_Snaps/Music Maker (Europe, Asia) (En).png</image><titleshot>~/../thumbs/VTech - CreatiVision/Named_Titles/Music Maker (Europe, Asia) (En).png</titleshot><thumbnail>~/../thumbs/VTech - CreatiVision/Named_Boxarts/Music Maker (Europe, Asia) (En).png</thumbnail><marquee>~/../thumbs/VTech - CreatiVision/Named_Logos/Music Maker (Europe, Asia) (En).png</marquee></game>
<game><path>./CreatiVision NoIntro/Planet Defender (Europe, Asia) (En) (6K).zip</path><name>Planet Defender (Europe, Asia) (En) (6K)</name><image>~/../thumbs/VTech - CreatiVision/Named_Snaps/Planet Defender (Europe, Asia) (En) (6K).png</image><titleshot>~/../thumbs/VTech - CreatiVision/Named_Titles/Planet Defender (Europe, Asia) (En) (6K).png</titleshot><thumbnail>~/../thumbs/VTech - CreatiVision/Named_Boxarts/Planet Defender (Europe, Asia) (En) (6K).png</thumbnail><marquee>~/../thumbs/VTech - CreatiVision/Named_Logos/Planet Defender (Europe, Asia) (En) (6K).png</marquee></game>
<game><path>./CreatiVision NoIntro/Planet Defender (Europe, Asia) (En) (8K).zip</path><name>Planet Defender (Europe, Asia) (En) (8K)</name><image>~/../thumbs/VTech - CreatiVision/Named_Snaps/Planet Defender (Europe, Asia) (En) (8K).png</image><titleshot>~/../thumbs/VTech - CreatiVision/Named_Titles/Planet Defender (Europe, Asia) (En) (8K).png</titleshot><thumbnail>~/../thumbs/VTech - CreatiVision/Named_Boxarts/Planet Defender (Europe, Asia) (En) (8K).png</thumbnail><marquee>~/../thumbs/VTech - CreatiVision/Named_Logos/Planet Defender (Europe, Asia) (En) (8K).png</marquee></game>
<game><path>./CreatiVision NoIntro/Police Jump (Europe, Asia) (En) (Rev 1).zip</path><name>Police Jump (Europe, Asia) (En) (Rev 1)</name><image>~/../thumbs/VTech - CreatiVision/Named_Snaps/Police Jump (Europe, Asia) (En) (Rev 1).png</image><titleshot>~/../thumbs/VTech - CreatiVision/Named_Titles/Police Jump (Europe, Asia) (En) (Rev 1).png</titleshot><thumbnail>~/../thumbs/VTech - CreatiVision/Named_Boxarts/Police Jump (Europe, Asia) (En) (Rev 1).png</thumbnail><marquee>~/../thumbs/VTech - CreatiVision/Named_Logos/Police Jump (Europe, Asia) (En) (Rev 1).png</marquee></game>
<game><path>./CreatiVision NoIntro/Police Jump (Europe, Asia) (En).zip</path><name>Police Jump (Europe, Asia) (En)</name><image>~/../thumbs/VTech - CreatiVision/Named_Snaps/Police Jump (Europe, Asia) (En).png</image><titleshot>~/../thumbs/VTech - CreatiVision/Named_Titles/Police Jump (Europe, Asia) (En).png</titleshot><thumbnail>~/../thumbs/VTech - CreatiVision/Named_Boxarts/Police Jump (Europe, Asia) (En).png</thumbnail><marquee>~/../thumbs/VTech - CreatiVision/Named_Logos/Police Jump (Europe, Asia) (En).png</marquee></game>
<game><path>./CreatiVision NoIntro/Soccer (Europe, Asia) (En).zip</path><name>Soccer (Europe, Asia) (En)</name><image>~/../thumbs/VTech - CreatiVision/Named_Snaps/Soccer (Europe, Asia) (En).png</image><titleshot>~/../thumbs/VTech - CreatiVision/Named_Titles/Soccer (Europe, Asia) (En).png</titleshot><thumbnail>~/../thumbs/VTech - CreatiVision/Named_Boxarts/Soccer (Europe, Asia) (En).png</thumbnail><marquee>~/../thumbs/VTech - CreatiVision/Named_Logos/Soccer (Europe, Asia) (En).png</marquee></game>
<game><path>./CreatiVision NoIntro/Sonic Invader (Europe, Asia) (En).zip</path><name>Sonic Invader (Europe, Asia) (En)</name><image>~/../thumbs/VTech - CreatiVision/Named_Snaps/Sonic Invader (Europe, Asia) (En).png</image><titleshot>~/../thumbs/VTech - CreatiVision/Named_Titles/Sonic Invader (Europe, Asia) (En).png</titleshot><thumbnail>~/../thumbs/VTech - CreatiVision/Named_Boxarts/Sonic Invader (Europe, Asia) (En).png</thumbnail><marquee>~/../thumbs/VTech - CreatiVision/Named_Logos/Sonic Invader (Europe, Asia) (En).png</marquee></game>
<game><path>./CreatiVision NoIntro/Stone Age (Europe, Asia) (En).zip</path><name>Stone Age (Europe, Asia) (En)</name><image>~/../thumbs/VTech - CreatiVision/Named_Snaps/Stone Age (Europe, Asia) (En).png</image><titleshot>~/../thumbs/VTech - CreatiVision/Named_Titles/Stone Age (Europe, Asia) (En).png</titleshot><thumbnail>~/../thumbs/VTech - CreatiVision/Named_Boxarts/Stone Age (Europe, Asia) (En).png</thumbnail><marquee>~/../thumbs/VTech - CreatiVision/Named_Logos/Stone Age (Europe, Asia) (En).png</marquee></game>
<game><path>./CreatiVision NoIntro/Tank Attack (Europe, Asia) (En) (6K).zip</path><name>Tank Attack (Europe, Asia) (En) (6K)</name><image>~/../thumbs/VTech - CreatiVision/Named_Snaps/Tank Attack (Europe, Asia) (En) (6K).png</image><titleshot>~/../thumbs/VTech - CreatiVision/Named_Titles/Tank Attack (Europe, Asia) (En) (6K).png</titleshot><thumbnail>~/../thumbs/VTech - CreatiVision/Named_Boxarts/Tank Attack (Europe, Asia) (En) (6K).png</thumbnail><marquee>~/../thumbs/VTech - CreatiVision/Named_Logos/Tank Attack (Europe, Asia) (En) (6K).png</marquee></game>
<game><path>./CreatiVision NoIntro/Tank Attack (Europe, Asia) (En) (8K).zip</path><name>Tank Attack (Europe, Asia) (En) (8K)</name><image>~/../thumbs/VTech - CreatiVision/Named_Snaps/Tank Attack (Europe, Asia) (En) (8K).png</image><titleshot>~/../thumbs/VTech - CreatiVision/Named_Titles/Tank Attack (Europe, Asia) (En) (8K).png</titleshot><thumbnail>~/../thumbs/VTech - CreatiVision/Named_Boxarts/Tank Attack (Europe, Asia) (En) (8K).png</thumbnail><marquee>~/../thumbs/VTech - CreatiVision/Named_Logos/Tank Attack (Europe, Asia) (En) (8K).png</marquee></game>
<game><path>./CreatiVision NoIntro/Tennis (Europe, Asia) (En) (Coca-Cola ~ Sprite).zip</path><name>Tennis (Europe, Asia) (En) (Coca-Cola ~ Sprite)</name><image>~/../thumbs/VTech - CreatiVision/Named_Snaps/Tennis (Europe, Asia) (En) (Coca-Cola ~ Sprite).png</image><titleshot>~/../thumbs/VTech - CreatiVision/Named_Titles/Tennis (Europe, Asia) (En) (Coca-Cola ~ Sprite).png</titleshot><thumbnail>~/../thumbs/VTech - CreatiVision/Named_Boxarts/Tennis (Europe, Asia) (En) (Coca-Cola ~ Sprite).png</thumbnail><marquee>~/../thumbs/VTech - CreatiVision/Named_Logos/Tennis (Europe, Asia) (En) (Coca-Cola ~ Sprite).png</marquee></game>
<game><path>./CreatiVision NoIntro/Tennis (Europe, Asia) (En) (DSE) (Rev 1) (6K).zip</path><name>Tennis (Europe, Asia) (En) (DSE) (Rev 1) (6K)</name><image>~/../thumbs/VTech - CreatiVision/Named_Snaps/Tennis (Europe, Asia) (En) (DSE) (Rev 1) (6K).png</image><titleshot>~/../thumbs/VTech - CreatiVision/Named_Titles/Tennis (Europe, Asia) (En) (DSE) (Rev 1) (6K).png</titleshot><thumbnail>~/../thumbs/VTech - CreatiVision/Named_Boxarts/Tennis (Europe, Asia) (En) (DSE) (Rev 1) (6K).png</thumbnail><marquee>~/../thumbs/VTech - CreatiVision/Named_Logos/Tennis (Europe, Asia) (En) (DSE) (Rev 1) (6K).png</marquee></game>
<game><path>./CreatiVision NoIntro/Tennis (Europe, Asia) (En) (DSE) (Rev 1) (8K).zip</path><name>Tennis (Europe, Asia) (En) (DSE) (Rev 1) (8K)</name><image>~/../thumbs/VTech - CreatiVision/Named_Snaps/Tennis (Europe, Asia) (En) (DSE) (Rev 1) (8K).png</image><titleshot>~/../thumbs/VTech - CreatiVision/Named_Titles/Tennis (Europe, Asia) (En) (DSE) (Rev 1) (8K).png</titleshot><thumbnail>~/../thumbs/VTech - CreatiVision/Named_Boxarts/Tennis (Europe, Asia) (En) (DSE) (Rev 1) (8K).png</thumbnail><marquee>~/../thumbs/VTech - CreatiVision/Named_Logos/Tennis (Europe, Asia) (En) (DSE) (Rev 1) (8K).png</marquee></game>
<game><path>./CreatiVision NoIntro/Tennis (Europe, Asia) (En) (DSE).zip</path><name>Tennis (Europe, Asia) (En) (DSE)</name><image>~/../thumbs/VTech - CreatiVision/Named_Snaps/Tennis (Europe, Asia) (En) (DSE).png</image><titleshot>~/../thumbs/VTech - CreatiVision/Named_Titles/Tennis (Europe, Asia) (En) (DSE).png</titleshot><thumbnail>~/../thumbs/VTech - CreatiVision/Named_Boxarts/Tennis (Europe, Asia) (En) (DSE).png</thumbnail><marquee>~/../thumbs/VTech - CreatiVision/Named_Logos/Tennis (Europe, Asia) (En) (DSE).png</marquee></game>
<game><path>./CreatiVision NoIntro/Tennis (Europe, Asia) (En) (Wimbledon) (6K).zip</path><name>Tennis (Europe, Asia) (En) (Wimbledon) (6K)</name><image>~/../thumbs/VTech - CreatiVision/Named_Snaps/Tennis (Europe, Asia) (En) (Wimbledon) (6K).png</image><titleshot>~/../thumbs/VTech - CreatiVision/Named_Titles/Tennis (Europe, Asia) (En) (Wimbledon) (6K).png</titleshot><thumbnail>~/../thumbs/VTech - CreatiVision/Named_Boxarts/Tennis (Europe, Asia) (En) (Wimbledon) (6K).png</thumbnail><marquee>~/../thumbs/VTech - CreatiVision/Named_Logos/Tennis (Europe, Asia) (En) (Wimbledon) (6K).png</marquee></game>
<game><path>./CreatiVision NoIntro/Tennis (Europe, Asia) (En) (Wimbledon) (8K).zip</path><name>Tennis (Europe, Asia) (En) (Wimbledon) (8K)</name><image>~/../thumbs/VTech - CreatiVision/Named_Snaps/Tennis (Europe, Asia) (En) (Wimbledon) (8K).png</image><titleshot>~/../thumbs/VTech - CreatiVision/Named_Titles/Tennis (Europe, Asia) (En) (Wimbledon) (8K).png</titleshot><thumbnail>~/../thumbs/VTech - CreatiVision/Named_Boxarts/Tennis (Europe, Asia) (En) (Wimbledon) (8K).png</thumbnail><marquee>~/../thumbs/VTech - CreatiVision/Named_Logos/Tennis (Europe, Asia) (En) (Wimbledon) (8K).png</marquee></game>
<game><path>./CreatiVision NoIntro/Werben Informieren (Germany) (Program).zip</path><name>Werben Informieren (Germany) (Program)</name><image>~/../thumbs/VTech - CreatiVision/Named_Snaps/Werben Informieren (Germany) (Program).png</image><titleshot>~/../thumbs/VTech - CreatiVision/Named_Titles/Werben Informieren (Germany) (Program).png</titleshot><thumbnail>~/../thumbs/VTech - CreatiVision/Named_Boxarts/Werben Informieren (Germany) (Program).png</thumbnail><marquee>~/../thumbs/VTech - CreatiVision/Named_Logos/Werben Informieren (Germany) (Program).png</marquee></game>
<game><path>./CreatiVision NoIntro/[BIOS] CreatiVision - Dick Smith Wizzard (Europe, Asia).zip</path><name>[BIOS] CreatiVision - Dick Smith Wizzard (Europe, Asia)</name><image>~/../thumbs/VTech - CreatiVision/Named_Snaps/[BIOS] CreatiVision - Dick Smith Wizzard (Europe, Asia).png</image><titleshot>~/../thumbs/VTech - CreatiVision/Named_Titles/[BIOS] CreatiVision - Dick Smith Wizzard (Europe, Asia).png</titleshot><thumbnail>~/../thumbs/VTech - CreatiVision/Named_Boxarts/[BIOS] CreatiVision - Dick Smith Wizzard (Europe, Asia).png</thumbnail><marquee>~/../thumbs/VTech - CreatiVision/Named_Logos/[BIOS] CreatiVision - Dick Smith Wizzard (Europe, Asia).png</marquee><hidden>true</hidden></game>
<game><path>./CreatiVision NoIntro/[BIOS] Laser 2001 (Europe, Asia).zip</path><name>[BIOS] Laser 2001 (Europe, Asia)</name><image>~/../thumbs/VTech - CreatiVision/Named_Snaps/[BIOS] Laser 2001 (Europe, Asia).png</image><titleshot>~/../thumbs/VTech - CreatiVision/Named_Titles/[BIOS] Laser 2001 (Europe, Asia).png</titleshot><thumbnail>~/../thumbs/VTech - CreatiVision/Named_Boxarts/[BIOS] Laser 2001 (Europe, Asia).png</thumbnail><marquee>~/../thumbs/VTech - CreatiVision/Named_Logos/[BIOS] Laser 2001 (Europe, Asia).png</marquee><hidden>true</hidden></game>
<game><path>./CreatiVision NoIntro/[BIOS] Rameses - Funvision - VZ 2000 (Europe, Asia).zip</path><name>[BIOS] Rameses - Funvision - VZ 2000 (Europe, Asia)</name><image>~/../thumbs/VTech - CreatiVision/Named_Snaps/[BIOS] Rameses - Funvision - VZ 2000 (Europe, Asia).png</image><titleshot>~/../thumbs/VTech - CreatiVision/Named_Titles/[BIOS] Rameses - Funvision - VZ 2000 (Europe, Asia).png</titleshot><thumbnail>~/../thumbs/VTech - CreatiVision/Named_Boxarts/[BIOS] Rameses - Funvision - VZ 2000 (Europe, Asia).png</thumbnail><marquee>~/../thumbs/VTech - CreatiVision/Named_Logos/[BIOS] Rameses - Funvision - VZ 2000 (Europe, Asia).png</marquee><hidden>true</hidden></game>
<game><path>./CreatiVision NoIntro/[BIOS] Salora Manager (Finland).zip</path><name>[BIOS] Salora Manager (Finland)</name><image>~/../thumbs/VTech - CreatiVision/Named_Snaps/[BIOS] Salora Manager (Finland).png</image><titleshot>~/../thumbs/VTech - CreatiVision/Named_Titles/[BIOS] Salora Manager (Finland).png</titleshot><thumbnail>~/../thumbs/VTech - CreatiVision/Named_Boxarts/[BIOS] Salora Manager (Finland).png</thumbnail><marquee>~/../thumbs/VTech - CreatiVision/Named_Logos/[BIOS] Salora Manager (Finland).png</marquee><hidden>true</hidden></game>
<folder><path>./CreatiVision NoIntro</path><name>CreatiVision NoIntro</name><image>~/../thumb/creativision.png</image></folder>
<game><path>./CreatiVision TOSEC//home/runner/rom/TOSEC/VTech/Laser 2001 & CreatiVision/Games/VTech Laser 2001 & CreatiVision - Games.zip</path><name>/home/runner/rom/TOSEC/VTech/Laser 2001 & CreatiVision/Games/VTech Laser 2001 & CreatiVision - Games</name><image>~/../thumbs/VTech - CreatiVision/Named_Snaps//home/runner/rom/TOSEC/VTech/Laser 2001 & CreatiVision/Games/VTech Laser 2001 & CreatiVision - Games.png</image><titleshot>~/../thumbs/VTech - CreatiVision/Named_Titles//home/runner/rom/TOSEC/VTech/Laser 2001 & CreatiVision/Games/VTech Laser 2001 & CreatiVision - Games.png</titleshot><thumbnail>~/../thumbs/VTech - CreatiVision/Named_Boxarts//home/runner/rom/TOSEC/VTech/Laser 2001 & CreatiVision/Games/VTech Laser 2001 & CreatiVision - Games.png</thumbnail><marquee>~/../thumbs/VTech - CreatiVision/Named_Logos//home/runner/rom/TOSEC/VTech/Laser 2001 & CreatiVision/Games/VTech Laser 2001 & CreatiVision - Games.png</marquee></game>
<folder><path>./CreatiVision TOSEC</path><name>CreatiVision TOSEC</name><image>~/../thumb/creativision.png</image></folder>
</gameList>
