<gameList>
<game><path>./Thomson MO5 K7//home/runner/rom/TOSEC/Thomson/MO5/Games/[K7]/Thomson MO5 - Games - [K7].zip</path><name>/home/runner/rom/TOSEC/Thomson/MO5/Games/[K7]/Thomson MO5 - Games - [K7]</name><image>~/../thumbs/Thomson - MOTO/Named_Snaps//home/runner/rom/TOSEC/Thomson/MO5/Games/[K7]/Thomson MO5 - Games - [K7].png</image><titleshot>~/../thumbs/Thomson - MOTO/Named_Titles//home/runner/rom/TOSEC/Thomson/MO5/Games/[K7]/Thomson MO5 - Games - [K7].png</titleshot><thumbnail>~/../thumbs/Thomson - MOTO/Named_Boxarts//home/runner/rom/TOSEC/Thomson/MO5/Games/[K7]/Thomson MO5 - Games - [K7].png</thumbnail><marquee>~/../thumbs/Thomson - MOTO/Named_Logos//home/runner/rom/TOSEC/Thomson/MO5/Games/[K7]/Thomson MO5 - Games - [K7].png</marquee></game>
<folder><path>./Thomson MO5 K7</path><name>Thomson MO5 K7</name><image>~/../thumb/thomson.png</image></folder>
<game><path>./Thomson MO6 K7//home/runner/rom/TOSEC/Thomson/MO6/Games/Thomson MO6 - Games.zip</path><name>/home/runner/rom/TOSEC/Thomson/MO6/Games/Thomson MO6 - Games</name><image>~/../thumbs/Thomson - MOTO/Named_Snaps//home/runner/rom/TOSEC/Thomson/MO6/Games/Thomson MO6 - Games.png</image><titleshot>~/../thumbs/Thomson - MOTO/Named_Titles//home/runner/rom/TOSEC/Thomson/MO6/Games/Thomson MO6 - Games.png</titleshot><thumbnail>~/../thumbs/Thomson - MOTO/Named_Boxarts//home/runner/rom/TOSEC/Thomson/MO6/Games/Thomson MO6 - Games.png</thumbnail><marquee>~/../thumbs/Thomson - MOTO/Named_Logos//home/runner/rom/TOSEC/Thomson/MO6/Games/Thomson MO6 - Games.png</marquee></game>
<folder><path>./Thomson MO6 K7</path><name>Thomson MO6 K7</name><image>~/../thumb/thomson.png</image></folder>
<game><path>./Thomson TO7 K7//home/runner/rom/TOSEC/Thomson/TO7/Games/[K7]/Thomson TO7 - Games - [K7].zip</path><name>/home/runner/rom/TOSEC/Thomson/TO7/Games/[K7]/Thomson TO7 - Games - [K7]</name><image>~/../thumbs/Thomson - MOTO/Named_Snaps//home/runner/rom/TOSEC/Thomson/TO7/Games/[K7]/Thomson TO7 - Games - [K7].png</image><titleshot>~/../thumbs/Thomson - MOTO/Named_Titles//home/runner/rom/TOSEC/Thomson/TO7/Games/[K7]/Thomson TO7 - Games - [K7].png</titleshot><thumbnail>~/../thumbs/Thomson - MOTO/Named_Boxarts//home/runner/rom/TOSEC/Thomson/TO7/Games/[K7]/Thomson TO7 - Games - [K7].png</thumbnail><marquee>~/../thumbs/Thomson - MOTO/Named_Logos//home/runner/rom/TOSEC/Thomson/TO7/Games/[K7]/Thomson TO7 - Games - [K7].png</marquee></game>
<folder><path>./Thomson TO7 K7</path><name>Thomson TO7 K7</name><image>~/../thumb/thomson.png</image></folder>
<game><path>./Thomson TO7 M7//home/runner/rom/TOSEC/Thomson/TO7/Games/[M7]/Thomson TO7 - Games - [M7].zip</path><name>/home/runner/rom/TOSEC/Thomson/TO7/Games/[M7]/Thomson TO7 - Games - [M7]</name><image>~/../thumbs/Thomson - MOTO/Named_Snaps//home/runner/rom/TOSEC/Thomson/TO7/Games/[M7]/Thomson TO7 - Games - [M7].png</image><titleshot>~/../thumbs/Thomson - MOTO/Named_Titles//home/runner/rom/TOSEC/Thomson/TO7/Games/[M7]/Thomson TO7 - Games - [M7].png</titleshot><thumbnail>~/../thumbs/Thomson - MOTO/Named_Boxarts//home/runner/rom/TOSEC/Thomson/TO7/Games/[M7]/Thomson TO7 - Games - [M7].png</thumbnail><marquee>~/../thumbs/Thomson - MOTO/Named_Logos//home/runner/rom/TOSEC/Thomson/TO7/Games/[M7]/Thomson TO7 - Games - [M7].png</marquee></game>
<folder><path>./Thomson TO7 M7</path><name>Thomson TO7 M7</name><image>~/../thumb/thomson.png</image></folder>
<game><path>./Thomson TO8 FD//home/runner/rom/TOSEC/Thomson/TO8, TO8D, TO9, TO9+/Games/[FD]/Thomson TO8, TO8D, TO9, TO9+ - Games - [FD].zip</path><name>/home/runner/rom/TOSEC/Thomson/TO8, TO8D, TO9, TO9+/Games/[FD]/Thomson TO8, TO8D, TO9, TO9+ - Games - [FD]</name><image>~/../thumbs/Thomson - MOTO/Named_Snaps//home/runner/rom/TOSEC/Thomson/TO8, TO8D, TO9, TO9+/Games/[FD]/Thomson TO8, TO8D, TO9, TO9+ - Games - [FD].png</image><titleshot>~/../thumbs/Thomson - MOTO/Named_Titles//home/runner/rom/TOSEC/Thomson/TO8, TO8D, TO9, TO9+/Games/[FD]/Thomson TO8, TO8D, TO9, TO9+ - Games - [FD].png</titleshot><thumbnail>~/../thumbs/Thomson - MOTO/Named_Boxarts//home/runner/rom/TOSEC/Thomson/TO8, TO8D, TO9, TO9+/Games/[FD]/Thomson TO8, TO8D, TO9, TO9+ - Games - [FD].png</thumbnail><marquee>~/../thumbs/Thomson - MOTO/Named_Logos//home/runner/rom/TOSEC/Thomson/TO8, TO8D, TO9, TO9+/Games/[FD]/Thomson TO8, TO8D, TO9, TO9+ - Games - [FD].png</marquee></game>
<folder><path>./Thomson TO8 FD</path><name>Thomson TO8 FD</name><image>~/../thumb/thomson.png</image></folder>
<game><path>./Thomson TO8 K7//home/runner/rom/TOSEC/Thomson/TO8, TO8D, TO9, TO9+/Games/[K7]/Thomson TO8, TO8D, TO9, TO9+ - Games - [K7].zip</path><name>/home/runner/rom/TOSEC/Thomson/TO8, TO8D, TO9, TO9+/Games/[K7]/Thomson TO8, TO8D, TO9, TO9+ - Games - [K7]</name><image>~/../thumbs/Thomson - MOTO/Named_Snaps//home/runner/rom/TOSEC/Thomson/TO8, TO8D, TO9, TO9+/Games/[K7]/Thomson TO8, TO8D, TO9, TO9+ - Games - [K7].png</image><titleshot>~/../thumbs/Thomson - MOTO/Named_Titles//home/runner/rom/TOSEC/Thomson/TO8, TO8D, TO9, TO9+/Games/[K7]/Thomson TO8, TO8D, TO9, TO9+ - Games - [K7].png</titleshot><thumbnail>~/../thumbs/Thomson - MOTO/Named_Boxarts//home/runner/rom/TOSEC/Thomson/TO8, TO8D, TO9, TO9+/Games/[K7]/Thomson TO8, TO8D, TO9, TO9+ - Games - [K7].png</thumbnail><marquee>~/../thumbs/Thomson - MOTO/Named_Logos//home/runner/rom/TOSEC/Thomson/TO8, TO8D, TO9, TO9+/Games/[K7]/Thomson TO8, TO8D, TO9, TO9+ - Games - [K7].png</marquee></game>
<folder><path>./Thomson TO8 K7</path><name>Thomson TO8 K7</name><image>~/../thumb/thomson.png</image></folder>
<game><path>./Thomson TO8 SAP//home/runner/rom/TOSEC/Thomson/TO8, TO8D, TO9, TO9+/Games/[SAP]/Thomson TO8, TO8D, TO9, TO9+ - Games - [SAP].zip</path><name>/home/runner/rom/TOSEC/Thomson/TO8, TO8D, TO9, TO9+/Games/[SAP]/Thomson TO8, TO8D, TO9, TO9+ - Games - [SAP]</name><image>~/../thumbs/Thomson - MOTO/Named_Snaps//home/runner/rom/TOSEC/Thomson/TO8, TO8D, TO9, TO9+/Games/[SAP]/Thomson TO8, TO8D, TO9, TO9+ - Games - [SAP].png</image><titleshot>~/../thumbs/Thomson - MOTO/Named_Titles//home/runner/rom/TOSEC/Thomson/TO8, TO8D, TO9, TO9+/Games/[SAP]/Thomson TO8, TO8D, TO9, TO9+ - Games - [SAP].png</titleshot><thumbnail>~/../thumbs/Thomson - MOTO/Named_Boxarts//home/runner/rom/TOSEC/Thomson/TO8, TO8D, TO9, TO9+/Games/[SAP]/Thomson TO8, TO8D, TO9, TO9+ - Games - [SAP].png</thumbnail><marquee>~/../thumbs/Thomson - MOTO/Named_Logos//home/runner/rom/TOSEC/Thomson/TO8, TO8D, TO9, TO9+/Games/[SAP]/Thomson TO8, TO8D, TO9, TO9+ - Games - [SAP].png</marquee></game>
<folder><path>./Thomson TO8 SAP</path><name>Thomson TO8 SAP</name><image>~/../thumb/thomson.png</image></folder>
</gameList>
