<gameList>
<folder><path>./ZX Spectrum DSK</path><name>ZX Spectrum DSK</name><image>~/../thumb/zxspectrum.png</image></folder>
<folder><path>./ZX Spectrum SCL</path><name>ZX Spectrum SCL</name><image>~/../thumb/zxspectrum.png</image></folder>
<folder><path>./ZX Spectrum TAP</path><name>ZX Spectrum TAP</name><image>~/../thumb/zxspectrum.png</image></folder>
<folder><path>./ZX Spectrum TRD</path><name>ZX Spectrum TRD</name><image>~/../thumb/zxspectrum.png</image></folder>
<folder><path>./ZX Spectrum TZX</path><name>ZX Spectrum TZX</name><image>~/../thumb/zxspectrum.png</image></folder>
<folder><path>./ZX Spectrum Z80</path><name>ZX Spectrum Z80</name><image>~/../thumb/zxspectrum.png</image></folder>
<folder><path>./ZX Spectrum Edu TAP</path><name>ZX Spectrum Edu TAP</name><image>~/../thumb/zxspectrum.png</image></folder>
<folder><path>./ZX Spectrum Edu TZX</path><name>ZX Spectrum Edu TZX</name><image>~/../thumb/zxspectrum.png</image></folder>
<folder><path>./ZX Spectrum Edu Z80</path><name>ZX Spectrum Edu Z80</name><image>~/../thumb/zxspectrum.png</image></folder>
<folder><path>./ZX Spectrum App TAP</path><name>ZX Spectrum App TAP</name><image>~/../thumb/zxspectrum.png</image></folder>
<folder><path>./ZX Spectrum App TZX</path><name>ZX Spectrum App TZX</name><image>~/../thumb/zxspectrum.png</image></folder>
<folder><path>./ZX Spectrum App Z80</path><name>ZX Spectrum App Z80</name><image>~/../thumb/zxspectrum.png</image></folder>
</gameList>
