<gameList>
<game><path>./Sufami Turbo NoIntro/Bishoujo Senshi Sailor Moon Sailor Stars - Fuwafuwa Panic 2 (Japan).zip</path><name>Bishoujo Senshi Sailor Moon Sailor Stars - Fuwafuwa Panic 2 (Japan)</name><image>~/../thumbs/Nintendo - Sufami Turbo/Named_Snaps/Bishoujo Senshi Sailor Moon Sailor Stars - Fuwafuwa Panic 2 (Japan).png</image><titleshot>~/../thumbs/Nintendo - Sufami Turbo/Named_Titles/Bishoujo Senshi Sailor Moon Sailor Stars - Fuwafuwa Panic 2 (Japan).png</titleshot><thumbnail>~/../thumbs/Nintendo - Sufami Turbo/Named_Boxarts/Bishoujo Senshi Sailor Moon Sailor Stars - Fuwafuwa Panic 2 (Japan).png</thumbnail><marquee>~/../thumbs/Nintendo - Sufami Turbo/Named_Logos/Bishoujo Senshi Sailor Moon Sailor Stars - Fuwafuwa Panic 2 (Japan).png</marquee></game>
<game><path>./Sufami Turbo NoIntro/Crayon Shin-chan - Nagagutsu Dobon!! (Japan).zip</path><name>Crayon Shin-chan - Nagagutsu Dobon!! (Japan)</name><image>~/../thumbs/Nintendo - Sufami Turbo/Named_Snaps/Crayon Shin-chan - Nagagutsu Dobon!! (Japan).png</image><titleshot>~/../thumbs/Nintendo - Sufami Turbo/Named_Titles/Crayon Shin-chan - Nagagutsu Dobon!! (Japan).png</titleshot><thumbnail>~/../thumbs/Nintendo - Sufami Turbo/Named_Boxarts/Crayon Shin-chan - Nagagutsu Dobon!! (Japan).png</thumbnail><marquee>~/../thumbs/Nintendo - Sufami Turbo/Named_Logos/Crayon Shin-chan - Nagagutsu Dobon!! (Japan).png</marquee></game>
<game><path>./Sufami Turbo NoIntro/Gegege no Kitarou - Youkai Donjara (Japan).zip</path><name>Gegege no Kitarou - Youkai Donjara (Japan)</name><image>~/../thumbs/Nintendo - Sufami Turbo/Named_Snaps/Gegege no Kitarou - Youkai Donjara (Japan).png</image><titleshot>~/../thumbs/Nintendo - Sufami Turbo/Named_Titles/Gegege no Kitarou - Youkai Donjara (Japan).png</titleshot><thumbnail>~/../thumbs/Nintendo - Sufami Turbo/Named_Boxarts/Gegege no Kitarou - Youkai Donjara (Japan).png</thumbnail><marquee>~/../thumbs/Nintendo - Sufami Turbo/Named_Logos/Gegege no Kitarou - Youkai Donjara (Japan).png</marquee></game>
<game><path>./Sufami Turbo NoIntro/Gekisou Sentai Carranger - Zenkai! Racer Senshi (Japan).zip</path><name>Gekisou Sentai Carranger - Zenkai! Racer Senshi (Japan)</name><image>~/../thumbs/Nintendo - Sufami Turbo/Named_Snaps/Gekisou Sentai Carranger - Zenkai! Racer Senshi (Japan).png</image><titleshot>~/../thumbs/Nintendo - Sufami Turbo/Named_Titles/Gekisou Sentai Carranger - Zenkai! Racer Senshi (Japan).png</titleshot><thumbnail>~/../thumbs/Nintendo - Sufami Turbo/Named_Boxarts/Gekisou Sentai Carranger - Zenkai! Racer Senshi (Japan).png</thumbnail><marquee>~/../thumbs/Nintendo - Sufami Turbo/Named_Logos/Gekisou Sentai Carranger - Zenkai! Racer Senshi (Japan).png</marquee></game>
<game><path>./Sufami Turbo NoIntro/Poi Poi Ninja World (Japan).zip</path><name>Poi Poi Ninja World (Japan)</name><image>~/../thumbs/Nintendo - Sufami Turbo/Named_Snaps/Poi Poi Ninja World (Japan).png</image><titleshot>~/../thumbs/Nintendo - Sufami Turbo/Named_Titles/Poi Poi Ninja World (Japan).png</titleshot><thumbnail>~/../thumbs/Nintendo - Sufami Turbo/Named_Boxarts/Poi Poi Ninja World (Japan).png</thumbnail><marquee>~/../thumbs/Nintendo - Sufami Turbo/Named_Logos/Poi Poi Ninja World (Japan).png</marquee></game>
<game><path>./Sufami Turbo NoIntro/SD Gundam Generation - Axis Senki (Japan).zip</path><name>SD Gundam Generation - Axis Senki (Japan)</name><image>~/../thumbs/Nintendo - Sufami Turbo/Named_Snaps/SD Gundam Generation - Axis Senki (Japan).png</image><titleshot>~/../thumbs/Nintendo - Sufami Turbo/Named_Titles/SD Gundam Generation - Axis Senki (Japan).png</titleshot><thumbnail>~/../thumbs/Nintendo - Sufami Turbo/Named_Boxarts/SD Gundam Generation - Axis Senki (Japan).png</thumbnail><marquee>~/../thumbs/Nintendo - Sufami Turbo/Named_Logos/SD Gundam Generation - Axis Senki (Japan).png</marquee></game>
<game><path>./Sufami Turbo NoIntro/SD Gundam Generation - Babylonia Kenkoku Senki (Japan).zip</path><name>SD Gundam Generation - Babylonia Kenkoku Senki (Japan)</name><image>~/../thumbs/Nintendo - Sufami Turbo/Named_Snaps/SD Gundam Generation - Babylonia Kenkoku Senki (Japan).png</image><titleshot>~/../thumbs/Nintendo - Sufami Turbo/Named_Titles/SD Gundam Generation - Babylonia Kenkoku Senki (Japan).png</titleshot><thumbnail>~/../thumbs/Nintendo - Sufami Turbo/Named_Boxarts/SD Gundam Generation - Babylonia Kenkoku Senki (Japan).png</thumbnail><marquee>~/../thumbs/Nintendo - Sufami Turbo/Named_Logos/SD Gundam Generation - Babylonia Kenkoku Senki (Japan).png</marquee></game>
<game><path>./Sufami Turbo NoIntro/SD Gundam Generation - Colony Kakutouki (Japan).zip</path><name>SD Gundam Generation - Colony Kakutouki (Japan)</name><image>~/../thumbs/Nintendo - Sufami Turbo/Named_Snaps/SD Gundam Generation - Colony Kakutouki (Japan).png</image><titleshot>~/../thumbs/Nintendo - Sufami Turbo/Named_Titles/SD Gundam Generation - Colony Kakutouki (Japan).png</titleshot><thumbnail>~/../thumbs/Nintendo - Sufami Turbo/Named_Boxarts/SD Gundam Generation - Colony Kakutouki (Japan).png</thumbnail><marquee>~/../thumbs/Nintendo - Sufami Turbo/Named_Logos/SD Gundam Generation - Colony Kakutouki (Japan).png</marquee></game>
<game><path>./Sufami Turbo NoIntro/SD Gundam Generation - Gryps Senki (Japan).zip</path><name>SD Gundam Generation - Gryps Senki (Japan)</name><image>~/../thumbs/Nintendo - Sufami Turbo/Named_Snaps/SD Gundam Generation - Gryps Senki (Japan).png</image><titleshot>~/../thumbs/Nintendo - Sufami Turbo/Named_Titles/SD Gundam Generation - Gryps Senki (Japan).png</titleshot><thumbnail>~/../thumbs/Nintendo - Sufami Turbo/Named_Boxarts/SD Gundam Generation - Gryps Senki (Japan).png</thumbnail><marquee>~/../thumbs/Nintendo - Sufami Turbo/Named_Logos/SD Gundam Generation - Gryps Senki (Japan).png</marquee></game>
<game><path>./Sufami Turbo NoIntro/SD Gundam Generation - Ichinen Sensouki (Japan).zip</path><name>SD Gundam Generation - Ichinen Sensouki (Japan)</name><image>~/../thumbs/Nintendo - Sufami Turbo/Named_Snaps/SD Gundam Generation - Ichinen Sensouki (Japan).png</image><titleshot>~/../thumbs/Nintendo - Sufami Turbo/Named_Titles/SD Gundam Generation - Ichinen Sensouki (Japan).png</titleshot><thumbnail>~/../thumbs/Nintendo - Sufami Turbo/Named_Boxarts/SD Gundam Generation - Ichinen Sensouki (Japan).png</thumbnail><marquee>~/../thumbs/Nintendo - Sufami Turbo/Named_Logos/SD Gundam Generation - Ichinen Sensouki (Japan).png</marquee></game>
<game><path>./Sufami Turbo NoIntro/SD Gundam Generation - Zanscare Senki (Japan).zip</path><name>SD Gundam Generation - Zanscare Senki (Japan)</name><image>~/../thumbs/Nintendo - Sufami Turbo/Named_Snaps/SD Gundam Generation - Zanscare Senki (Japan).png</image><titleshot>~/../thumbs/Nintendo - Sufami Turbo/Named_Titles/SD Gundam Generation - Zanscare Senki (Japan).png</titleshot><thumbnail>~/../thumbs/Nintendo - Sufami Turbo/Named_Boxarts/SD Gundam Generation - Zanscare Senki (Japan).png</thumbnail><marquee>~/../thumbs/Nintendo - Sufami Turbo/Named_Logos/SD Gundam Generation - Zanscare Senki (Japan).png</marquee></game>
<game><path>./Sufami Turbo NoIntro/SD Ultra Battle - Seven Densetsu (Japan).zip</path><name>SD Ultra Battle - Seven Densetsu (Japan)</name><image>~/../thumbs/Nintendo - Sufami Turbo/Named_Snaps/SD Ultra Battle - Seven Densetsu (Japan).png</image><titleshot>~/../thumbs/Nintendo - Sufami Turbo/Named_Titles/SD Ultra Battle - Seven Densetsu (Japan).png</titleshot><thumbnail>~/../thumbs/Nintendo - Sufami Turbo/Named_Boxarts/SD Ultra Battle - Seven Densetsu (Japan).png</thumbnail><marquee>~/../thumbs/Nintendo - Sufami Turbo/Named_Logos/SD Ultra Battle - Seven Densetsu (Japan).png</marquee></game>
<game><path>./Sufami Turbo NoIntro/SD Ultra Battle - Ultraman Densetsu (Japan).zip</path><name>SD Ultra Battle - Ultraman Densetsu (Japan)</name><image>~/../thumbs/Nintendo - Sufami Turbo/Named_Snaps/SD Ultra Battle - Ultraman Densetsu (Japan).png</image><titleshot>~/../thumbs/Nintendo - Sufami Turbo/Named_Titles/SD Ultra Battle - Ultraman Densetsu (Japan).png</titleshot><thumbnail>~/../thumbs/Nintendo - Sufami Turbo/Named_Boxarts/SD Ultra Battle - Ultraman Densetsu (Japan).png</thumbnail><marquee>~/../thumbs/Nintendo - Sufami Turbo/Named_Logos/SD Ultra Battle - Ultraman Densetsu (Japan).png</marquee></game>
<folder><path>./Sufami Turbo NoIntro</path><name>Sufami Turbo NoIntro</name><image>~/../thumb/sufami.png</image></folder>
<game><path>./Sufami Turbo TOSEC//home/runner/rom/TOSEC/Nintendo/Sufami Turbo/Games/Nintendo Sufami Turbo - Games.zip</path><name>/home/runner/rom/TOSEC/Nintendo/Sufami Turbo/Games/Nintendo Sufami Turbo - Games</name><image>~/../thumbs/Nintendo - Sufami Turbo/Named_Snaps//home/runner/rom/TOSEC/Nintendo/Sufami Turbo/Games/Nintendo Sufami Turbo - Games.png</image><titleshot>~/../thumbs/Nintendo - Sufami Turbo/Named_Titles//home/runner/rom/TOSEC/Nintendo/Sufami Turbo/Games/Nintendo Sufami Turbo - Games.png</titleshot><thumbnail>~/../thumbs/Nintendo - Sufami Turbo/Named_Boxarts//home/runner/rom/TOSEC/Nintendo/Sufami Turbo/Games/Nintendo Sufami Turbo - Games.png</thumbnail><marquee>~/../thumbs/Nintendo - Sufami Turbo/Named_Logos//home/runner/rom/TOSEC/Nintendo/Sufami Turbo/Games/Nintendo Sufami Turbo - Games.png</marquee></game>
<folder><path>./Sufami Turbo TOSEC</path><name>Sufami Turbo TOSEC</name><image>~/../thumb/sufami.png</image></folder>
</gameList>
