<gameList>
<game><path>./Merged/4ados.zip</path><name>4ados</name><image>~/../thumbs/Texas Instruments - TI-99/Named_Snaps/4ados.png</image></game>
<game><path>./Merged/4aflyer.zip</path><name>4aflyer</name><image>~/../thumbs/Texas Instruments - TI-99/Named_Snaps/4aflyer.png</image></game>
<game><path>./Merged/acctasst.zip</path><name>acctasst</name><image>~/../thumbs/Texas Instruments - TI-99/Named_Snaps/acctasst.png</image></game>
<game><path>./Merged/actacct.zip</path><name>actacct</name><image>~/../thumbs/Texas Instruments - TI-99/Named_Snaps/actacct.png</image></game>
<game><path>./Merged/addseq.zip</path><name>addseq</name><image>~/../thumbs/Texas Instruments - TI-99/Named_Snaps/addseq.png</image></game>
<game><path>./Merged/addsub1.zip</path><name>addsub1</name><image>~/../thumbs/Texas Instruments - TI-99/Named_Snaps/addsub1.png</image></game>
<game><path>./Merged/addsub2.zip</path><name>addsub2</name><image>~/../thumbs/Texas Instruments - TI-99/Named_Snaps/addsub2.png</image></game>
<game><path>./Merged/addsub3.zip</path><name>addsub3</name><image>~/../thumbs/Texas Instruments - TI-99/Named_Snaps/addsub3.png</image></game>
<game><path>./Merged/advent.zip</path><name>advent</name><image>~/../thumbs/Texas Instruments - TI-99/Named_Snaps/advent.png</image></game>
<game><path>./Merged/alienadd.zip</path><name>alienadd</name><image>~/../thumbs/Texas Instruments - TI-99/Named_Snaps/alienadd.png</image></game>
<game><path>./Merged/alligmix.zip</path><name>alligmix</name><image>~/../thumbs/Texas Instruments - TI-99/Named_Snaps/alligmix.png</image></game>
<game><path>./Merged/alpiner.zip</path><name>alpiner</name><image>~/../thumbs/Texas Instruments - TI-99/Named_Snaps/alpiner.png</image></game>
<game><path>./Merged/amazeing.zip</path><name>amazeing</name><image>~/../thumbs/Texas Instruments - TI-99/Named_Snaps/amazeing.png</image></game>
<game><path>./Merged/ambulnc.zip</path><name>ambulnc</name><image>~/../thumbs/Texas Instruments - TI-99/Named_Snaps/ambulnc.png</image></game>
<game><path>./Merged/anglerdg.zip</path><name>anglerdg</name><image>~/../thumbs/Texas Instruments - TI-99/Named_Snaps/anglerdg.png</image></game>
<game><path>./Merged/antcolb.zip</path><name>antcolb</name><image>~/../thumbs/Texas Instruments - TI-99/Named_Snaps/antcolb.png</image></game>
<game><path>./Merged/anteater.zip</path><name>anteater</name><image>~/../thumbs/Texas Instruments - TI-99/Named_Snaps/anteater.png</image></game>
<game><path>./Merged/arithseq.zip</path><name>arithseq</name><image>~/../thumbs/Texas Instruments - TI-99/Named_Snaps/arithseq.png</image></game>
<game><path>./Merged/asglink.zip</path><name>asglink</name><image>~/../thumbs/Texas Instruments - TI-99/Named_Snaps/asglink.png</image></game>
<game><path>./Merged/astroftr.zip</path><name>astroftr</name><image>~/../thumbs/Texas Instruments - TI-99/Named_Snaps/astroftr.png</image></game>
<game><path>./Merged/attack.zip</path><name>attack</name><image>~/../thumbs/Texas Instruments - TI-99/Named_Snaps/attack.png</image></game>
<game><path>./Merged/attackb.zip</path><name>attackb</name><image>~/../thumbs/Texas Instruments - TI-99/Named_Snaps/attackb.png</image></game>
<game><path>./Merged/attrec.zip</path><name>attrec</name><image>~/../thumbs/Texas Instruments - TI-99/Named_Snaps/attrec.png</image></game>
<game><path>./Merged/barrage.zip</path><name>barrage</name><image>~/../thumbs/Texas Instruments - TI-99/Named_Snaps/barrage.png</image></game>
<game><path>./Merged/baseball.zip</path><name>baseball</name><image>~/../thumbs/Texas Instruments - TI-99/Named_Snaps/baseball.png</image></game>
<game><path>./Merged/beyspace.zip</path><name>beyspace</name><image>~/../thumbs/Texas Instruments - TI-99/Named_Snaps/beyspace.png</image></game>
<game><path>./Merged/bgrammar.zip</path><name>bgrammar</name><image>~/../thumbs/Texas Instruments - TI-99/Named_Snaps/bgrammar.png</image></game>
<game><path>./Merged/bigfoot.zip</path><name>bigfoot</name><image>~/../thumbs/Texas Instruments - TI-99/Named_Snaps/bigfoot.png</image></game>
<game><path>./Merged/blackhl.zip</path><name>blackhl</name><image>~/../thumbs/Texas Instruments - TI-99/Named_Snaps/blackhl.png</image></game>
<game><path>./Merged/blasto.zip</path><name>blasto</name><image>~/../thumbs/Texas Instruments - TI-99/Named_Snaps/blasto.png</image></game>
<game><path>./Merged/bljpoker.zip</path><name>bljpoker</name><image>~/../thumbs/Texas Instruments - TI-99/Named_Snaps/bljpoker.png</image></game>
<game><path>./Merged/boxer.zip</path><name>boxer</name><image>~/../thumbs/Texas Instruments - TI-99/Named_Snaps/boxer.png</image></game>
<game><path>./Merged/bparsec.zip</path><name>bparsec</name><image>~/../thumbs/Texas Instruments - TI-99/Named_Snaps/bparsec.png</image></game>
<game><path>./Merged/breakth.zip</path><name>breakth</name><image>~/../thumbs/Texas Instruments - TI-99/Named_Snaps/breakth.png</image></game>
<game><path>./Merged/buckrog.zip</path><name>buckrog</name><image>~/../thumbs/Texas Instruments - TI-99/Named_Snaps/buckrog.png</image></game>
<game><path>./Merged/burgerbd.zip</path><name>burgerbd</name><image>~/../thumbs/Texas Instruments - TI-99/Named_Snaps/burgerbd.png</image></game>
<game><path>./Merged/burgertb.zip</path><name>burgertb</name><image>~/../thumbs/Texas Instruments - TI-99/Named_Snaps/burgertb.png</image></game>
<game><path>./Merged/burgertm.zip</path><name>burgertm</name><image>~/../thumbs/Texas Instruments - TI-99/Named_Snaps/burgertm.png</image></game>
<game><path>./Merged/canballb.zip</path><name>canballb</name><image>~/../thumbs/Texas Instruments - TI-99/Named_Snaps/canballb.png</image></game>
<game><path>./Merged/cardshp.zip</path><name>cardshp</name><image>~/../thumbs/Texas Instruments - TI-99/Named_Snaps/cardshp.png</image></game>
<game><path>./Merged/carwars.zip</path><name>carwars</name><image>~/../thumbs/Texas Instruments - TI-99/Named_Snaps/carwars.png</image></game>
<game><path>./Merged/castlep.zip</path><name>castlep</name><image>~/../thumbs/Texas Instruments - TI-99/Named_Snaps/castlep.png</image></game>
<game><path>./Merged/cavecrt.zip</path><name>cavecrt</name><image>~/../thumbs/Texas Instruments - TI-99/Named_Snaps/cavecrt.png</image></game>
<game><path>./Merged/centipd.zip</path><name>centipd</name><image>~/../thumbs/Texas Instruments - TI-99/Named_Snaps/centipd.png</image></game>
<game><path>./Merged/chess.zip</path><name>chess</name><image>~/../thumbs/Texas Instruments - TI-99/Named_Snaps/chess.png</image></game>
<game><path>./Merged/chessd.zip</path><name>chessd</name><image>~/../thumbs/Texas Instruments - TI-99/Named_Snaps/chessd.png</image></game>
<game><path>./Merged/chessf.zip</path><name>chessf</name><image>~/../thumbs/Texas Instruments - TI-99/Named_Snaps/chessf.png</image></game>
<game><path>./Merged/chickenc.zip</path><name>chickenc</name><image>~/../thumbs/Texas Instruments - TI-99/Named_Snaps/chickenc.png</image></game>
<game><path>./Merged/chisholm.zip</path><name>chisholm</name><image>~/../thumbs/Texas Instruments - TI-99/Named_Snaps/chisholm.png</image></game>
<game><path>./Merged/cldata.zip</path><name>cldata</name><image>~/../thumbs/Texas Instruments - TI-99/Named_Snaps/cldata.png</image></game>
<game><path>./Merged/compwar.zip</path><name>compwar</name><image>~/../thumbs/Texas Instruments - TI-99/Named_Snaps/compwar.png</image></game>
<game><path>./Merged/congobng.zip</path><name>congobng</name><image>~/../thumbs/Texas Instruments - TI-99/Named_Snaps/congobng.png</image></game>
<game><path>./Merged/connect4.zip</path><name>connect4</name><image>~/../thumbs/Texas Instruments - TI-99/Named_Snaps/connect4.png</image></game>
<game><path>./Merged/conswr1.zip</path><name>conswr1</name><image>~/../thumbs/Texas Instruments - TI-99/Named_Snaps/conswr1.png</image></game>
<game><path>./Merged/conswr2.zip</path><name>conswr2</name><image>~/../thumbs/Texas Instruments - TI-99/Named_Snaps/conswr2.png</image></game>
<game><path>./Merged/coursem.zip</path><name>coursem</name><image>~/../thumbs/Texas Instruments - TI-99/Named_Snaps/coursem.png</image></game>
<game><path>./Merged/crossfr.zip</path><name>crossfr</name><image>~/../thumbs/Texas Instruments - TI-99/Named_Snaps/crossfr.png</image></game>
<game><path>./Merged/dbmsys.zip</path><name>dbmsys</name><image>~/../thumbs/Texas Instruments - TI-99/Named_Snaps/dbmsys.png</image></game>
<game><path>./Merged/decim1.zip</path><name>decim1</name><image>~/../thumbs/Texas Instruments - TI-99/Named_Snaps/decim1.png</image></game>
<game><path>./Merged/decim2.zip</path><name>decim2</name><image>~/../thumbs/Texas Instruments - TI-99/Named_Snaps/decim2.png</image></game>
<game><path>./Merged/decseq.zip</path><name>decseq</name><image>~/../thumbs/Texas Instruments - TI-99/Named_Snaps/decseq.png</image></game>
<game><path>./Merged/defender.zip</path><name>defender</name><image>~/../thumbs/Texas Instruments - TI-99/Named_Snaps/defender.png</image></game>
<game><path>./Merged/demo.zip</path><name>demo</name><image>~/../thumbs/Texas Instruments - TI-99/Named_Snaps/demo.png</image></game>
<game><path>./Merged/demode.zip</path><name>demode</name><image>~/../thumbs/Texas Instruments - TI-99/Named_Snaps/demode.png</image></game>
<game><path>./Merged/demoldiv.zip</path><name>demoldiv</name><image>~/../thumbs/Texas Instruments - TI-99/Named_Snaps/demoldiv.png</image></game>
<game><path>./Merged/demonat.zip</path><name>demonat</name><image>~/../thumbs/Texas Instruments - TI-99/Named_Snaps/demonat.png</image></game>
<game><path>./Merged/demonatb.zip</path><name>demonatb</name><image>~/../thumbs/Texas Instruments - TI-99/Named_Snaps/demonatb.png</image></game>
<game><path>./Merged/diag.zip</path><name>diag</name><image>~/../thumbs/Texas Instruments - TI-99/Named_Snaps/diag.png</image></game>
<game><path>./Merged/diagfr.zip</path><name>diagfr</name><image>~/../thumbs/Texas Instruments - TI-99/Named_Snaps/diagfr.png</image></game>
<game><path>./Merged/digdug.zip</path><name>digdug</name><image>~/../thumbs/Texas Instruments - TI-99/Named_Snaps/digdug.png</image></game>
<game><path>./Merged/diskfx20.zip</path><name>diskfx20</name><image>~/../thumbs/Texas Instruments - TI-99/Named_Snaps/diskfx20.png</image></game>
<game><path>./Merged/diskfx21.zip</path><name>diskfx21</name><image>~/../thumbs/Texas Instruments - TI-99/Named_Snaps/diskfx21.png</image></game>
<game><path>./Merged/diskman.zip</path><name>diskman</name><image>~/../thumbs/Texas Instruments - TI-99/Named_Snaps/diskman.png</image></game>
<game><path>./Merged/diskman2.zip</path><name>diskman2</name><image>~/../thumbs/Texas Instruments - TI-99/Named_Snaps/diskman2.png</image></game>
<game><path>./Merged/diskman3.zip</path><name>diskman3</name><image>~/../thumbs/Texas Instruments - TI-99/Named_Snaps/diskman3.png</image></game>
<game><path>./Merged/diskmn1i.zip</path><name>diskmn1i</name><image>~/../thumbs/Texas Instruments - TI-99/Named_Snaps/diskmn1i.png</image></game>
<game><path>./Merged/divis1.zip</path><name>divis1</name><image>~/../thumbs/Texas Instruments - TI-99/Named_Snaps/divis1.png</image></game>
<game><path>./Merged/divseq.zip</path><name>divseq</name><image>~/../thumbs/Texas Instruments - TI-99/Named_Snaps/divseq.png</image></game>
<game><path>./Merged/donkeykg.zip</path><name>donkeykg</name><image>~/../thumbs/Texas Instruments - TI-99/Named_Snaps/donkeykg.png</image></game>
<game><path>./Merged/dragonmx.zip</path><name>dragonmx</name><image>~/../thumbs/Texas Instruments - TI-99/Named_Snaps/dragonmx.png</image></game>
<game><path>./Merged/drvdemon.zip</path><name>drvdemon</name><image>~/../thumbs/Texas Instruments - TI-99/Named_Snaps/drvdemon.png</image></game>
<game><path>./Merged/dstatn1.zip</path><name>dstatn1</name><image>~/../thumbs/Texas Instruments - TI-99/Named_Snaps/dstatn1.png</image></game>
<game><path>./Merged/dstatn2.zip</path><name>dstatn2</name><image>~/../thumbs/Texas Instruments - TI-99/Named_Snaps/dstatn2.png</image></game>
<game><path>./Merged/earlylf.zip</path><name>earlylf</name><image>~/../thumbs/Texas Instruments - TI-99/Named_Snaps/earlylf.png</image></game>
<game><path>./Merged/earlylog.zip</path><name>earlylog</name><image>~/../thumbs/Texas Instruments - TI-99/Named_Snaps/earlylog.png</image></game>
<game><path>./Merged/earlyrd.zip</path><name>earlyrd</name><image>~/../thumbs/Texas Instruments - TI-99/Named_Snaps/earlyrd.png</image></game>
<game><path>./Merged/editass.zip</path><name>editass</name><image>~/../thumbs/Texas Instruments - TI-99/Named_Snaps/editass.png</image></game>
<game><path>./Merged/edupack.zip</path><name>edupack</name><image>~/../thumbs/Texas Instruments - TI-99/Named_Snaps/edupack.png</image></game>
<game><path>./Merged/eleceng.zip</path><name>eleceng</name><image>~/../thumbs/Texas Instruments - TI-99/Named_Snaps/eleceng.png</image></game>
<game><path>./Merged/equseq.zip</path><name>equseq</name><image>~/../thumbs/Texas Instruments - TI-99/Named_Snaps/equseq.png</image></game>
<game><path>./Merged/escape.zip</path><name>escape</name><image>~/../thumbs/Texas Instruments - TI-99/Named_Snaps/escape.png</image></game>
<game><path>./Merged/espial.zip</path><name>espial</name><image>~/../thumbs/Texas Instruments - TI-99/Named_Snaps/espial.png</image></game>
<game><path>./Merged/et.zip</path><name>et</name><image>~/../thumbs/Texas Instruments - TI-99/Named_Snaps/et.png</image></game>
<game><path>./Merged/etatsea.zip</path><name>etatsea</name><image>~/../thumbs/Texas Instruments - TI-99/Named_Snaps/etatsea.png</image></game>
<game><path>./Merged/exbas25.zip</path><name>exbas25</name><image>~/../thumbs/Texas Instruments - TI-99/Named_Snaps/exbas25.png</image></game>
<game><path>./Merged/exbasic.zip</path><name>exbasic</name><image>~/../thumbs/Texas Instruments - TI-99/Named_Snaps/exbasic.png</image></game>
<game><path>./Merged/exbasic1.zip</path><name>exbasic1</name><image>~/../thumbs/Texas Instruments - TI-99/Named_Snaps/exbasic1.png</image></game>
<game><path>./Merged/exbasm.zip</path><name>exbasm</name><image>~/../thumbs/Texas Instruments - TI-99/Named_Snaps/exbasm.png</image></game>
<game><path>./Merged/exbaspl.zip</path><name>exbaspl</name><image>~/../thumbs/Texas Instruments - TI-99/Named_Snaps/exbaspl.png</image></game>
<game><path>./Merged/facechs.zip</path><name>facechs</name><image>~/../thumbs/Texas Instruments - TI-99/Named_Snaps/facechs.png</image></game>
<game><path>./Merged/facemake.zip</path><name>facemake</name><image>~/../thumbs/Texas Instruments - TI-99/Named_Snaps/facemake.png</image></game>
<game><path>./Merged/fantasy.zip</path><name>fantasy</name><image>~/../thumbs/Texas Instruments - TI-99/Named_Snaps/fantasy.png</image></game>
<game><path>./Merged/fathom.zip</path><name>fathom</name><image>~/../thumbs/Texas Instruments - TI-99/Named_Snaps/fathom.png</image></game>
<game><path>./Merged/fathomb.zip</path><name>fathomb</name><image>~/../thumbs/Texas Instruments - TI-99/Named_Snaps/fathomb.png</image></game>
<game><path>./Merged/figforth.zip</path><name>figforth</name><image>~/../thumbs/Texas Instruments - TI-99/Named_Snaps/figforth.png</image></game>
<game><path>./Merged/fitness.zip</path><name>fitness</name><image>~/../thumbs/Texas Instruments - TI-99/Named_Snaps/fitness.png</image></game>
<game><path>./Merged/football.zip</path><name>football</name><image>~/../thumbs/Texas Instruments - TI-99/Named_Snaps/football.png</image></game>
<game><path>./Merged/fracseq.zip</path><name>fracseq</name><image>~/../thumbs/Texas Instruments - TI-99/Named_Snaps/fracseq.png</image></game>
<game><path>./Merged/fract1.zip</path><name>fract1</name><image>~/../thumbs/Texas Instruments - TI-99/Named_Snaps/fract1.png</image></game>
<game><path>./Merged/fract2.zip</path><name>fract2</name><image>~/../thumbs/Texas Instruments - TI-99/Named_Snaps/fract2.png</image></game>
<game><path>./Merged/frogger.zip</path><name>frogger</name><image>~/../thumbs/Texas Instruments - TI-99/Named_Snaps/frogger.png</image></game>
<game><path>./Merged/frogjump.zip</path><name>frogjump</name><image>~/../thumbs/Texas Instruments - TI-99/Named_Snaps/frogjump.png</image></game>
<game><path>./Merged/frogstk.zip</path><name>frogstk</name><image>~/../thumbs/Texas Instruments - TI-99/Named_Snaps/frogstk.png</image></game>
<game><path>./Merged/gamevis.zip</path><name>gamevis</name><image>~/../thumbs/Texas Instruments - TI-99/Named_Snaps/gamevis.png</image></game>
<game><path>./Merged/genetics.zip</path><name>genetics</name><image>~/../thumbs/Texas Instruments - TI-99/Named_Snaps/genetics.png</image></game>
<game><path>./Merged/germpat.zip</path><name>germpat</name><image>~/../thumbs/Texas Instruments - TI-99/Named_Snaps/germpat.png</image></game>
<game><path>./Merged/gestprv.zip</path><name>gestprv</name><image>~/../thumbs/Texas Instruments - TI-99/Named_Snaps/gestprv.png</image></game>
<game><path>./Merged/gramdis.zip</path><name>gramdis</name><image>~/../thumbs/Texas Instruments - TI-99/Named_Snaps/gramdis.png</image></game>
<game><path>./Merged/gramdisn.zip</path><name>gramdisn</name><image>~/../thumbs/Texas Instruments - TI-99/Named_Snaps/gramdisn.png</image></game>
<game><path>./Merged/hangman.zip</path><name>hangman</name><image>~/../thumbs/Texas Instruments - TI-99/Named_Snaps/hangman.png</image></game>
<game><path>./Merged/hbudget.zip</path><name>hbudget</name><image>~/../thumbs/Texas Instruments - TI-99/Named_Snaps/hbudget.png</image></game>
<game><path>./Merged/hbudgetf.zip</path><name>hbudgetf</name><image>~/../thumbs/Texas Instruments - TI-99/Named_Snaps/hbudgetf.png</image></game>
<game><path>./Merged/henhouse.zip</path><name>henhouse</name><image>~/../thumbs/Texas Instruments - TI-99/Named_Snaps/henhouse.png</image></game>
<game><path>./Merged/henpeck.zip</path><name>henpeck</name><image>~/../thumbs/Texas Instruments - TI-99/Named_Snaps/henpeck.png</image></game>
<game><path>./Merged/hiding.zip</path><name>hiding</name><image>~/../thumbs/Texas Instruments - TI-99/Named_Snaps/hiding.png</image></game>
<game><path>./Merged/homefin.zip</path><name>homefin</name><image>~/../thumbs/Texas Instruments - TI-99/Named_Snaps/homefin.png</image></game>
<game><path>./Merged/homesent.zip</path><name>homesent</name><image>~/../thumbs/Texas Instruments - TI-99/Named_Snaps/homesent.png</image></game>
<game><path>./Merged/homework.zip</path><name>homework</name><image>~/../thumbs/Texas Instruments - TI-99/Named_Snaps/homework.png</image></game>
<game><path>./Merged/honeyhnt.zip</path><name>honeyhnt</name><image>~/../thumbs/Texas Instruments - TI-99/Named_Snaps/honeyhnt.png</image></game>
<game><path>./Merged/hopper.zip</path><name>hopper</name><image>~/../thumbs/Texas Instruments - TI-99/Named_Snaps/hopper.png</image></game>
<game><path>./Merged/hustle.zip</path><name>hustle</name><image>~/../thumbs/Texas Instruments - TI-99/Named_Snaps/hustle.png</image></game>
<game><path>./Merged/ibmcopy.zip</path><name>ibmcopy</name><image>~/../thumbs/Texas Instruments - TI-99/Named_Snaps/ibmcopy.png</image></game>
<game><path>./Merged/intseq.zip</path><name>intseq</name><image>~/../thumbs/Texas Instruments - TI-99/Named_Snaps/intseq.png</image></game>
<game><path>./Merged/invaders.zip</path><name>invaders</name><image>~/../thumbs/Texas Instruments - TI-99/Named_Snaps/invaders.png</image></game>
<game><path>./Merged/jawbreak.zip</path><name>jawbreak</name><image>~/../thumbs/Texas Instruments - TI-99/Named_Snaps/jawbreak.png</image></game>
<game><path>./Merged/jumpy.zip</path><name>jumpy</name><image>~/../thumbs/Texas Instruments - TI-99/Named_Snaps/jumpy.png</image></game>
<game><path>./Merged/jungleht.zip</path><name>jungleht</name><image>~/../thumbs/Texas Instruments - TI-99/Named_Snaps/jungleht.png</image></game>
<game><path>./Merged/junkmnj.zip</path><name>junkmnj</name><image>~/../thumbs/Texas Instruments - TI-99/Named_Snaps/junkmnj.png</image></game>
<game><path>./Merged/kingcast.zip</path><name>kingcast</name><image>~/../thumbs/Texas Instruments - TI-99/Named_Snaps/kingcast.png</image></game>
<game><path>./Merged/lasso.zip</path><name>lasso</name><image>~/../thumbs/Texas Instruments - TI-99/Named_Snaps/lasso.png</image></game>
<game><path>./Merged/logo1.zip</path><name>logo1</name><image>~/../thumbs/Texas Instruments - TI-99/Named_Snaps/logo1.png</image></game>
<game><path>./Merged/logo2.zip</path><name>logo2</name><image>~/../thumbs/Texas Instruments - TI-99/Named_Snaps/logo2.png</image></game>
<game><path>./Merged/logo2d.zip</path><name>logo2d</name><image>~/../thumbs/Texas Instruments - TI-99/Named_Snaps/logo2d.png</image></game>
<game><path>./Merged/logo2i.zip</path><name>logo2i</name><image>~/../thumbs/Texas Instruments - TI-99/Named_Snaps/logo2i.png</image></game>
<game><path>./Merged/mancala.zip</path><name>mancala</name><image>~/../thumbs/Texas Instruments - TI-99/Named_Snaps/mancala.png</image></game>
<game><path>./Merged/mash.zip</path><name>mash</name><image>~/../thumbs/Texas Instruments - TI-99/Named_Snaps/mash.png</image></game>
<game><path>./Merged/mathgm1.zip</path><name>mathgm1</name><image>~/../thumbs/Texas Instruments - TI-99/Named_Snaps/mathgm1.png</image></game>
<game><path>./Merged/mathgm2.zip</path><name>mathgm2</name><image>~/../thumbs/Texas Instruments - TI-99/Named_Snaps/mathgm2.png</image></game>
<game><path>./Merged/mathgm3.zip</path><name>mathgm3</name><image>~/../thumbs/Texas Instruments - TI-99/Named_Snaps/mathgm3.png</image></game>
<game><path>./Merged/mathgm4.zip</path><name>mathgm4</name><image>~/../thumbs/Texas Instruments - TI-99/Named_Snaps/mathgm4.png</image></game>
<game><path>./Merged/mathgm6.zip</path><name>mathgm6</name><image>~/../thumbs/Texas Instruments - TI-99/Named_Snaps/mathgm6.png</image></game>
<game><path>./Merged/measseq.zip</path><name>measseq</name><image>~/../thumbs/Texas Instruments - TI-99/Named_Snaps/measseq.png</image></game>
<game><path>./Merged/meteorbt.zip</path><name>meteorbt</name><image>~/../thumbs/Texas Instruments - TI-99/Named_Snaps/meteorbt.png</image></game>
<game><path>./Merged/meteormt.zip</path><name>meteormt</name><image>~/../thumbs/Texas Instruments - TI-99/Named_Snaps/meteormt.png</image></game>
<game><path>./Merged/micropb2.zip</path><name>micropb2</name><image>~/../thumbs/Texas Instruments - TI-99/Named_Snaps/micropb2.png</image></game>
<game><path>./Merged/microsur.zip</path><name>microsur</name><image>~/../thumbs/Texas Instruments - TI-99/Named_Snaps/microsur.png</image></game>
<game><path>./Merged/midnitem.zip</path><name>midnitem</name><image>~/../thumbs/Texas Instruments - TI-99/Named_Snaps/midnitem.png</image></game>
<game><path>./Merged/millmgr.zip</path><name>millmgr</name><image>~/../thumbs/Texas Instruments - TI-99/Named_Snaps/millmgr.png</image></game>
<game><path>./Merged/miner.zip</path><name>miner</name><image>~/../thumbs/Texas Instruments - TI-99/Named_Snaps/miner.png</image></game>
<game><path>./Merged/minimem.zip</path><name>minimem</name><image>~/../thumbs/Texas Instruments - TI-99/Named_Snaps/minimem.png</image></game>
<game><path>./Merged/miniwr2.zip</path><name>miniwr2</name><image>~/../thumbs/Texas Instruments - TI-99/Named_Snaps/miniwr2.png</image></game>
<game><path>./Merged/minusmis.zip</path><name>minusmis</name><image>~/../thumbs/Texas Instruments - TI-99/Named_Snaps/minusmis.png</image></game>
<game><path>./Merged/missionx.zip</path><name>missionx</name><image>~/../thumbs/Texas Instruments - TI-99/Named_Snaps/missionx.png</image></game>
<game><path>./Merged/molmiss.zip</path><name>molmiss</name><image>~/../thumbs/Texas Instruments - TI-99/Named_Snaps/molmiss.png</image></game>
<game><path>./Merged/moonmine.zip</path><name>moonmine</name><image>~/../thumbs/Texas Instruments - TI-99/Named_Snaps/moonmine.png</image></game>
<game><path>./Merged/moonpatr.zip</path><name>moonpatr</name><image>~/../thumbs/Texas Instruments - TI-99/Named_Snaps/moonpatr.png</image></game>
<game><path>./Merged/moonswp.zip</path><name>moonswp</name><image>~/../thumbs/Texas Instruments - TI-99/Named_Snaps/moonswp.png</image></game>
<game><path>./Merged/mouskat.zip</path><name>mouskat</name><image>~/../thumbs/Texas Instruments - TI-99/Named_Snaps/mouskat.png</image></game>
<game><path>./Merged/mspacman.zip</path><name>mspacman</name><image>~/../thumbs/Texas Instruments - TI-99/Named_Snaps/mspacman.png</image></game>
<game><path>./Merged/multip1.zip</path><name>multip1</name><image>~/../thumbs/Texas Instruments - TI-99/Named_Snaps/multip1.png</image></game>
<game><path>./Merged/multip2.zip</path><name>multip2</name><image>~/../thumbs/Texas Instruments - TI-99/Named_Snaps/multip2.png</image></game>
<game><path>./Merged/multipln.zip</path><name>multipln</name><image>~/../thumbs/Texas Instruments - TI-99/Named_Snaps/multipln.png</image></game>
<game><path>./Merged/multseq.zip</path><name>multseq</name><image>~/../thumbs/Texas Instruments - TI-99/Named_Snaps/multseq.png</image></game>
<game><path>./Merged/munchman.zip</path><name>munchman</name><image>~/../thumbs/Texas Instruments - TI-99/Named_Snaps/munchman.png</image></game>
<game><path>./Merged/munchmn2.zip</path><name>munchmn2</name><image>~/../thumbs/Texas Instruments - TI-99/Named_Snaps/munchmn2.png</image></game>
<game><path>./Merged/munchmnb.zip</path><name>munchmnb</name><image>~/../thumbs/Texas Instruments - TI-99/Named_Snaps/munchmnb.png</image></game>
<game><path>./Merged/munchmob.zip</path><name>munchmob</name><image>~/../thumbs/Texas Instruments - TI-99/Named_Snaps/munchmob.png</image></game>
<game><path>./Merged/musicmak.zip</path><name>musicmak</name><image>~/../thumbs/Texas Instruments - TI-99/Named_Snaps/musicmak.png</image></game>
<game><path>./Merged/musicsda.zip</path><name>musicsda</name><image>~/../thumbs/Texas Instruments - TI-99/Named_Snaps/musicsda.png</image></game>
<game><path>./Merged/nature.zip</path><name>nature</name><image>~/../thumbs/Texas Instruments - TI-99/Named_Snaps/nature.png</image></game>
<game><path>./Merged/nbrdyseq.zip</path><name>nbrdyseq</name><image>~/../thumbs/Texas Instruments - TI-99/Named_Snaps/nbrdyseq.png</image></game>
<game><path>./Merged/numbbwl.zip</path><name>numbbwl</name><image>~/../thumbs/Texas Instruments - TI-99/Named_Snaps/numbbwl.png</image></game>
<game><path>./Merged/numbmag.zip</path><name>numbmag</name><image>~/../thumbs/Texas Instruments - TI-99/Named_Snaps/numbmag.png</image></game>
<game><path>./Merged/numbmagi.zip</path><name>numbmagi</name><image>~/../thumbs/Texas Instruments - TI-99/Named_Snaps/numbmagi.png</image></game>
<game><path>./Merged/numerat1.zip</path><name>numerat1</name><image>~/../thumbs/Texas Instruments - TI-99/Named_Snaps/numerat1.png</image></game>
<game><path>./Merged/numerat2.zip</path><name>numerat2</name><image>~/../thumbs/Texas Instruments - TI-99/Named_Snaps/numerat2.png</image></game>
<game><path>./Merged/os99.zip</path><name>os99</name><image>~/../thumbs/Texas Instruments - TI-99/Named_Snaps/os99.png</image></game>
<game><path>./Merged/othello.zip</path><name>othello</name><image>~/../thumbs/Texas Instruments - TI-99/Named_Snaps/othello.png</image></game>
<game><path>./Merged/pacman.zip</path><name>pacman</name><image>~/../thumbs/Texas Instruments - TI-99/Named_Snaps/pacman.png</image></game>
<game><path>./Merged/paddlebl.zip</path><name>paddlebl</name><image>~/../thumbs/Texas Instruments - TI-99/Named_Snaps/paddlebl.png</image></game>
<game><path>./Merged/parsec.zip</path><name>parsec</name><image>~/../thumbs/Texas Instruments - TI-99/Named_Snaps/parsec.png</image></game>
<game><path>./Merged/pascdev.zip</path><name>pascdev</name><image>~/../thumbs/Texas Instruments - TI-99/Named_Snaps/pascdev.png</image></game>
<game><path>./Merged/payroll.zip</path><name>payroll</name><image>~/../thumbs/Texas Instruments - TI-99/Named_Snaps/payroll.png</image></game>
<game><path>./Merged/percseq.zip</path><name>percseq</name><image>~/../thumbs/Texas Instruments - TI-99/Named_Snaps/percseq.png</image></game>
<game><path>./Merged/perrec.zip</path><name>perrec</name><image>~/../thumbs/Texas Instruments - TI-99/Named_Snaps/perrec.png</image></game>
<game><path>./Merged/perrecdi.zip</path><name>perrecdi</name><image>~/../thumbs/Texas Instruments - TI-99/Named_Snaps/perrecdi.png</image></game>
<game><path>./Merged/perreped.zip</path><name>perreped</name><image>~/../thumbs/Texas Instruments - TI-99/Named_Snaps/perreped.png</image></game>
<game><path>./Merged/pertest.zip</path><name>pertest</name><image>~/../thumbs/Texas Instruments - TI-99/Named_Snaps/pertest.png</image></game>
<game><path>./Merged/peterpan.zip</path><name>peterpan</name><image>~/../thumbs/Texas Instruments - TI-99/Named_Snaps/peterpan.png</image></game>
<game><path>./Merged/picnicpr.zip</path><name>picnicpr</name><image>~/../thumbs/Texas Instruments - TI-99/Named_Snaps/picnicpr.png</image></game>
<game><path>./Merged/picparts.zip</path><name>picparts</name><image>~/../thumbs/Texas Instruments - TI-99/Named_Snaps/picparts.png</image></game>
<game><path>./Merged/pinocesc.zip</path><name>pinocesc</name><image>~/../thumbs/Texas Instruments - TI-99/Named_Snaps/pinocesc.png</image></game>
<game><path>./Merged/plato.zip</path><name>plato</name><image>~/../thumbs/Texas Instruments - TI-99/Named_Snaps/plato.png</image></game>
<game><path>./Merged/polepos.zip</path><name>polepos</name><image>~/../thumbs/Texas Instruments - TI-99/Named_Snaps/polepos.png</image></game>
<game><path>./Merged/popeye.zip</path><name>popeye</name><image>~/../thumbs/Texas Instruments - TI-99/Named_Snaps/popeye.png</image></game>
<game><path>./Merged/prestate.zip</path><name>prestate</name><image>~/../thumbs/Texas Instruments - TI-99/Named_Snaps/prestate.png</image></game>
<game><path>./Merged/prfrog.zip</path><name>prfrog</name><image>~/../thumbs/Texas Instruments - TI-99/Named_Snaps/prfrog.png</image></game>
<game><path>./Merged/protect2.zip</path><name>protect2</name><image>~/../thumbs/Texas Instruments - TI-99/Named_Snaps/protect2.png</image></game>
<game><path>./Merged/protyper.zip</path><name>protyper</name><image>~/../thumbs/Texas Instruments - TI-99/Named_Snaps/protyper.png</image></game>
<game><path>./Merged/ptprgp.zip</path><name>ptprgp</name><image>~/../thumbs/Texas Instruments - TI-99/Named_Snaps/ptprgp.png</image></game>
<game><path>./Merged/ptpribm.zip</path><name>ptpribm</name><image>~/../thumbs/Texas Instruments - TI-99/Named_Snaps/ptpribm.png</image></game>
<game><path>./Merged/pyramidp.zip</path><name>pyramidp</name><image>~/../thumbs/Texas Instruments - TI-99/Named_Snaps/pyramidp.png</image></game>
<game><path>./Merged/qbert.zip</path><name>qbert</name><image>~/../thumbs/Texas Instruments - TI-99/Named_Snaps/qbert.png</image></game>
<game><path>./Merged/rabbit.zip</path><name>rabbit</name><image>~/../thumbs/Texas Instruments - TI-99/Named_Snaps/rabbit.png</image></game>
<game><path>./Merged/readadv.zip</path><name>readadv</name><image>~/../thumbs/Texas Instruments - TI-99/Named_Snaps/readadv.png</image></game>
<game><path>./Merged/readchrs.zip</path><name>readchrs</name><image>~/../thumbs/Texas Instruments - TI-99/Named_Snaps/readchrs.png</image></game>
<game><path>./Merged/readflt.zip</path><name>readflt</name><image>~/../thumbs/Texas Instruments - TI-99/Named_Snaps/readflt.png</image></game>
<game><path>./Merged/readfun.zip</path><name>readfun</name><image>~/../thumbs/Texas Instruments - TI-99/Named_Snaps/readfun.png</image></game>
<game><path>./Merged/readon.zip</path><name>readon</name><image>~/../thumbs/Texas Instruments - TI-99/Named_Snaps/readon.png</image></game>
<game><path>./Merged/readpow.zip</path><name>readpow</name><image>~/../thumbs/Texas Instruments - TI-99/Named_Snaps/readpow.png</image></game>
<game><path>./Merged/readrbow.zip</path><name>readrbow</name><image>~/../thumbs/Texas Instruments - TI-99/Named_Snaps/readrbow.png</image></game>
<game><path>./Merged/readrly.zip</path><name>readrly</name><image>~/../thumbs/Texas Instruments - TI-99/Named_Snaps/readrly.png</image></game>
<game><path>./Merged/readrnd.zip</path><name>readrnd</name><image>~/../thumbs/Texas Instruments - TI-99/Named_Snaps/readrnd.png</image></game>
<game><path>./Merged/readtrl.zip</path><name>readtrl</name><image>~/../thumbs/Texas Instruments - TI-99/Named_Snaps/readtrl.png</image></game>
<game><path>./Merged/readwon.zip</path><name>readwon</name><image>~/../thumbs/Texas Instruments - TI-99/Named_Snaps/readwon.png</image></game>
<game><path>./Merged/retpirat.zip</path><name>retpirat</name><image>~/../thumbs/Texas Instruments - TI-99/Named_Snaps/retpirat.png</image></game>
<game><path>./Merged/riverres.zip</path><name>riverres</name><image>~/../thumbs/Texas Instruments - TI-99/Named_Snaps/riverres.png</image></game>
<game><path>./Merged/robotron.zip</path><name>robotron</name><image>~/../thumbs/Texas Instruments - TI-99/Named_Snaps/robotron.png</image></game>
<game><path>./Merged/romoxdem.zip</path><name>romoxdem</name><image>~/../thumbs/Texas Instruments - TI-99/Named_Snaps/romoxdem.png</image></game>
<game><path>./Merged/rotorrd.zip</path><name>rotorrd</name><image>~/../thumbs/Texas Instruments - TI-99/Named_Snaps/rotorrd.png</image></game>
<game><path>./Merged/saguaro.zip</path><name>saguaro</name><image>~/../thumbs/Texas Instruments - TI-99/Named_Snaps/saguaro.png</image></game>
<game><path>./Merged/salaryp.zip</path><name>salaryp</name><image>~/../thumbs/Texas Instruments - TI-99/Named_Snaps/salaryp.png</image></game>
<game><path>./Merged/schnoz.zip</path><name>schnoz</name><image>~/../thumbs/Texas Instruments - TI-99/Named_Snaps/schnoz.png</image></game>
<game><path>./Merged/scholsp3.zip</path><name>scholsp3</name><image>~/../thumbs/Texas Instruments - TI-99/Named_Snaps/scholsp3.png</image></game>
<game><path>./Merged/scholsp4.zip</path><name>scholsp4</name><image>~/../thumbs/Texas Instruments - TI-99/Named_Snaps/scholsp4.png</image></game>
<game><path>./Merged/scholsp5.zip</path><name>scholsp5</name><image>~/../thumbs/Texas Instruments - TI-99/Named_Snaps/scholsp5.png</image></game>
<game><path>./Merged/scholsp6.zip</path><name>scholsp6</name><image>~/../thumbs/Texas Instruments - TI-99/Named_Snaps/scholsp6.png</image></game>
<game><path>./Merged/schoolm.zip</path><name>schoolm</name><image>~/../thumbs/Texas Instruments - TI-99/Named_Snaps/schoolm.png</image></game>
<game><path>./Merged/sdiskmn.zip</path><name>sdiskmn</name><image>~/../thumbs/Texas Instruments - TI-99/Named_Snaps/sdiskmn.png</image></game>
<game><path>./Merged/securana.zip</path><name>securana</name><image>~/../thumbs/Texas Instruments - TI-99/Named_Snaps/securana.png</image></game>
<game><path>./Merged/sewerman.zip</path><name>sewerman</name><image>~/../thumbs/Texas Instruments - TI-99/Named_Snaps/sewerman.png</image></game>
<game><path>./Merged/shamus.zip</path><name>shamus</name><image>~/../thumbs/Texas Instruments - TI-99/Named_Snaps/shamus.png</image></game>
<game><path>./Merged/shanghai.zip</path><name>shanghai</name><image>~/../thumbs/Texas Instruments - TI-99/Named_Snaps/shanghai.png</image></game>
<game><path>./Merged/simon.zip</path><name>simon</name><image>~/../thumbs/Texas Instruments - TI-99/Named_Snaps/simon.png</image></game>
<game><path>./Merged/slymoids.zip</path><name>slymoids</name><image>~/../thumbs/Texas Instruments - TI-99/Named_Snaps/slymoids.png</image></game>
<game><path>./Merged/sneggit.zip</path><name>sneggit</name><image>~/../thumbs/Texas Instruments - TI-99/Named_Snaps/sneggit.png</image></game>
<game><path>./Merged/soccer.zip</path><name>soccer</name><image>~/../thumbs/Texas Instruments - TI-99/Named_Snaps/soccer.png</image></game>
<game><path>./Merged/sorgan2.zip</path><name>sorgan2</name><image>~/../thumbs/Texas Instruments - TI-99/Named_Snaps/sorgan2.png</image></game>
<game><path>./Merged/soundtro.zip</path><name>soundtro</name><image>~/../thumbs/Texas Instruments - TI-99/Named_Snaps/soundtro.png</image></game>
<game><path>./Merged/spaceban.zip</path><name>spaceban</name><image>~/../thumbs/Texas Instruments - TI-99/Named_Snaps/spaceban.png</image></game>
<game><path>./Merged/spacepat.zip</path><name>spacepat</name><image>~/../thumbs/Texas Instruments - TI-99/Named_Snaps/spacepat.png</image></game>
<game><path>./Merged/span12.zip</path><name>span12</name><image>~/../thumbs/Texas Instruments - TI-99/Named_Snaps/span12.png</image></game>
<game><path>./Merged/span34.zip</path><name>span34</name><image>~/../thumbs/Texas Instruments - TI-99/Named_Snaps/span34.png</image></game>
<game><path>./Merged/span56.zip</path><name>span56</name><image>~/../thumbs/Texas Instruments - TI-99/Named_Snaps/span56.png</image></game>
<game><path>./Merged/spcjourn.zip</path><name>spcjourn</name><image>~/../thumbs/Texas Instruments - TI-99/Named_Snaps/spcjourn.png</image></game>
<game><path>./Merged/speeched.zip</path><name>speeched</name><image>~/../thumbs/Texas Instruments - TI-99/Named_Snaps/speeched.png</image></game>
<game><path>./Merged/speedrda.zip</path><name>speedrda</name><image>~/../thumbs/Texas Instruments - TI-99/Named_Snaps/speedrda.png</image></game>
<game><path>./Merged/speedrdb.zip</path><name>speedrdb</name><image>~/../thumbs/Texas Instruments - TI-99/Named_Snaps/speedrdb.png</image></game>
<game><path>./Merged/springer.zip</path><name>springer</name><image>~/../thumbs/Texas Instruments - TI-99/Named_Snaps/springer.png</image></game>
<game><path>./Merged/spysdem.zip</path><name>spysdem</name><image>~/../thumbs/Texas Instruments - TI-99/Named_Snaps/spysdem.png</image></game>
<game><path>./Merged/stargz1.zip</path><name>stargz1</name><image>~/../thumbs/Texas Instruments - TI-99/Named_Snaps/stargz1.png</image></game>
<game><path>./Merged/stargz2.zip</path><name>stargz2</name><image>~/../thumbs/Texas Instruments - TI-99/Named_Snaps/stargz2.png</image></game>
<game><path>./Merged/stargz3.zip</path><name>stargz3</name><image>~/../thumbs/Texas Instruments - TI-99/Named_Snaps/stargz3.png</image></game>
<game><path>./Merged/starmaze.zip</path><name>starmaze</name><image>~/../thumbs/Texas Instruments - TI-99/Named_Snaps/starmaze.png</image></game>
<game><path>./Merged/starrun.zip</path><name>starrun</name><image>~/../thumbs/Texas Instruments - TI-99/Named_Snaps/starrun.png</image></game>
<game><path>./Merged/startrek.zip</path><name>startrek</name><image>~/../thumbs/Texas Instruments - TI-99/Named_Snaps/startrek.png</image></game>
<game><path>./Merged/starwars.zip</path><name>starwars</name><image>~/../thumbs/Texas Instruments - TI-99/Named_Snaps/starwars.png</image></game>
<game><path>./Merged/statisd.zip</path><name>statisd</name><image>~/../thumbs/Texas Instruments - TI-99/Named_Snaps/statisd.png</image></game>
<game><path>./Merged/statistc.zip</path><name>statistc</name><image>~/../thumbs/Texas Instruments - TI-99/Named_Snaps/statistc.png</image></game>
<game><path>./Merged/stnick.zip</path><name>stnick</name><image>~/../thumbs/Texas Instruments - TI-99/Named_Snaps/stnick.png</image></game>
<game><path>./Merged/storymch.zip</path><name>storymch</name><image>~/../thumbs/Texas Instruments - TI-99/Named_Snaps/storymch.png</image></game>
<game><path>./Merged/strike3.zip</path><name>strike3</name><image>~/../thumbs/Texas Instruments - TI-99/Named_Snaps/strike3.png</image></game>
<game><path>./Merged/subcomm.zip</path><name>subcomm</name><image>~/../thumbs/Texas Instruments - TI-99/Named_Snaps/subcomm.png</image></game>
<game><path>./Merged/submarin.zip</path><name>submarin</name><image>~/../thumbs/Texas Instruments - TI-99/Named_Snaps/submarin.png</image></game>
<game><path>./Merged/subseq.zip</path><name>subseq</name><image>~/../thumbs/Texas Instruments - TI-99/Named_Snaps/subseq.png</image></game>
<game><path>./Merged/sudoku.zip</path><name>sudoku</name><image>~/../thumbs/Texas Instruments - TI-99/Named_Snaps/sudoku.png</image></game>
<game><path>./Merged/supduper.zip</path><name>supduper</name><image>~/../thumbs/Texas Instruments - TI-99/Named_Snaps/supduper.png</image></game>
<game><path>./Merged/superfly.zip</path><name>superfly</name><image>~/../thumbs/Texas Instruments - TI-99/Named_Snaps/superfly.png</image></game>
<game><path>./Merged/supersk.zip</path><name>supersk</name><image>~/../thumbs/Texas Instruments - TI-99/Named_Snaps/supersk.png</image></game>
<game><path>./Merged/supersp2.zip</path><name>supersp2</name><image>~/../thumbs/Texas Instruments - TI-99/Named_Snaps/supersp2.png</image></game>
<game><path>./Merged/superst.zip</path><name>superst</name><image>~/../thumbs/Texas Instruments - TI-99/Named_Snaps/superst.png</image></game>
<game><path>./Merged/superxb.zip</path><name>superxb</name><image>~/../thumbs/Texas Instruments - TI-99/Named_Snaps/superxb.png</image></game>
<game><path>./Merged/supsort.zip</path><name>supsort</name><image>~/../thumbs/Texas Instruments - TI-99/Named_Snaps/supsort.png</image></game>
<game><path>./Merged/taxrec.zip</path><name>taxrec</name><image>~/../thumbs/Texas Instruments - TI-99/Named_Snaps/taxrec.png</image></game>
<game><path>./Merged/tennis.zip</path><name>tennis</name><image>~/../thumbs/Texas Instruments - TI-99/Named_Snaps/tennis.png</image></game>
<game><path>./Merged/tennisv.zip</path><name>tennisv</name><image>~/../thumbs/Texas Instruments - TI-99/Named_Snaps/tennisv.png</image></game>
<game><path>./Merged/termemu1.zip</path><name>termemu1</name><image>~/../thumbs/Texas Instruments - TI-99/Named_Snaps/termemu1.png</image></game>
<game><path>./Merged/termemu2.zip</path><name>termemu2</name><image>~/../thumbs/Texas Instruments - TI-99/Named_Snaps/termemu2.png</image></game>
<game><path>./Merged/terrytur.zip</path><name>terrytur</name><image>~/../thumbs/Texas Instruments - TI-99/Named_Snaps/terrytur.png</image></game>
<game><path>./Merged/testtrai.zip</path><name>testtrai</name><image>~/../thumbs/Texas Instruments - TI-99/Named_Snaps/testtrai.png</image></game>
<game><path>./Merged/ticalc.zip</path><name>ticalc</name><image>~/../thumbs/Texas Instruments - TI-99/Named_Snaps/ticalc.png</image></game>
<game><path>./Merged/tilebrk.zip</path><name>tilebrk</name><image>~/../thumbs/Texas Instruments - TI-99/Named_Snaps/tilebrk.png</image></game>
<game><path>./Merged/tiplanr.zip</path><name>tiplanr</name><image>~/../thumbs/Texas Instruments - TI-99/Named_Snaps/tiplanr.png</image></game>
<game><path>./Merged/titoad.zip</path><name>titoad</name><image>~/../thumbs/Texas Instruments - TI-99/Named_Snaps/titoad.png</image></game>
<game><path>./Merged/tombstn.zip</path><name>tombstn</name><image>~/../thumbs/Texas Instruments - TI-99/Named_Snaps/tombstn.png</image></game>
<game><path>./Merged/topper.zip</path><name>topper</name><image>~/../thumbs/Texas Instruments - TI-99/Named_Snaps/topper.png</image></game>
<game><path>./Merged/touchtyp.zip</path><name>touchtyp</name><image>~/../thumbs/Texas Instruments - TI-99/Named_Snaps/touchtyp.png</image></game>
<game><path>./Merged/treaislb.zip</path><name>treaislb</name><image>~/../thumbs/Texas Instruments - TI-99/Named_Snaps/treaislb.png</image></game>
<game><path>./Merged/treasure.zip</path><name>treasure</name><image>~/../thumbs/Texas Instruments - TI-99/Named_Snaps/treasure.png</image></game>
<game><path>./Merged/tundoom.zip</path><name>tundoom</name><image>~/../thumbs/Texas Instruments - TI-99/Named_Snaps/tundoom.png</image></game>
<game><path>./Merged/typo2.zip</path><name>typo2</name><image>~/../thumbs/Texas Instruments - TI-99/Named_Snaps/typo2.png</image></game>
<game><path>./Merged/typoman.zip</path><name>typoman</name><image>~/../thumbs/Texas Instruments - TI-99/Named_Snaps/typoman.png</image></game>
<game><path>./Merged/vatacct.zip</path><name>vatacct</name><image>~/../thumbs/Texas Instruments - TI-99/Named_Snaps/vatacct.png</image></game>
<game><path>./Merged/verbvip.zip</path><name>verbvip</name><image>~/../thumbs/Texas Instruments - TI-99/Named_Snaps/verbvip.png</image></game>
<game><path>./Merged/vgames1.zip</path><name>vgames1</name><image>~/../thumbs/Texas Instruments - TI-99/Named_Snaps/vgames1.png</image></game>
<game><path>./Merged/vgames2.zip</path><name>vgames2</name><image>~/../thumbs/Texas Instruments - TI-99/Named_Snaps/vgames2.png</image></game>
<game><path>./Merged/vgraphs.zip</path><name>vgraphs</name><image>~/../thumbs/Texas Instruments - TI-99/Named_Snaps/vgraphs.png</image></game>
<game><path>./Merged/videovg.zip</path><name>videovg</name><image>~/../thumbs/Texas Instruments - TI-99/Named_Snaps/videovg.png</image></game>
<game><path>./Merged/weight.zip</path><name>weight</name><image>~/../thumbs/Texas Instruments - TI-99/Named_Snaps/weight.png</image></game>
<game><path>./Merged/wingwar.zip</path><name>wingwar</name><image>~/../thumbs/Texas Instruments - TI-99/Named_Snaps/wingwar.png</image></game>
<game><path>./Merged/wingwarb.zip</path><name>wingwarb</name><image>~/../thumbs/Texas Instruments - TI-99/Named_Snaps/wingwarb.png</image></game>
<game><path>./Merged/wordinva.zip</path><name>wordinva</name><image>~/../thumbs/Texas Instruments - TI-99/Named_Snaps/wordinva.png</image></game>
<game><path>./Merged/wordradr.zip</path><name>wordradr</name><image>~/../thumbs/Texas Instruments - TI-99/Named_Snaps/wordradr.png</image></game>
<game><path>./Merged/writer.zip</path><name>writer</name><image>~/../thumbs/Texas Instruments - TI-99/Named_Snaps/writer.png</image></game>
<game><path>./Merged/writerg.zip</path><name>writerg</name><image>~/../thumbs/Texas Instruments - TI-99/Named_Snaps/writerg.png</image></game>
<game><path>./Merged/wumpus.zip</path><name>wumpus</name><image>~/../thumbs/Texas Instruments - TI-99/Named_Snaps/wumpus.png</image></game>
<game><path>./Merged/yahtzee.zip</path><name>yahtzee</name><image>~/../thumbs/Texas Instruments - TI-99/Named_Snaps/yahtzee.png</image></game>
<game><path>./Merged/zerozap.zip</path><name>zerozap</name><image>~/../thumbs/Texas Instruments - TI-99/Named_Snaps/zerozap.png</image></game>
<folder><path>./Merged</path><name>Merged</name><image>~/../thumb/ti99.png</image></folder>
<game><path>./Split/4ados.zip</path><name>4ados</name><image>~/../thumbs/Texas Instruments - TI-99/Named_Snaps/4ados.png</image></game>
<game><path>./Split/4aflyer.zip</path><name>4aflyer</name><image>~/../thumbs/Texas Instruments - TI-99/Named_Snaps/4aflyer.png</image></game>
<game><path>./Split/acctasst.zip</path><name>acctasst</name><image>~/../thumbs/Texas Instruments - TI-99/Named_Snaps/acctasst.png</image></game>
<game><path>./Split/actacct.zip</path><name>actacct</name><image>~/../thumbs/Texas Instruments - TI-99/Named_Snaps/actacct.png</image></game>
<game><path>./Split/addseq.zip</path><name>addseq</name><image>~/../thumbs/Texas Instruments - TI-99/Named_Snaps/addseq.png</image></game>
<game><path>./Split/addsub1.zip</path><name>addsub1</name><image>~/../thumbs/Texas Instruments - TI-99/Named_Snaps/addsub1.png</image></game>
<game><path>./Split/addsub2.zip</path><name>addsub2</name><image>~/../thumbs/Texas Instruments - TI-99/Named_Snaps/addsub2.png</image></game>
<game><path>./Split/addsub3.zip</path><name>addsub3</name><image>~/../thumbs/Texas Instruments - TI-99/Named_Snaps/addsub3.png</image></game>
<game><path>./Split/advent.zip</path><name>advent</name><image>~/../thumbs/Texas Instruments - TI-99/Named_Snaps/advent.png</image></game>
<game><path>./Split/alienadd.zip</path><name>alienadd</name><image>~/../thumbs/Texas Instruments - TI-99/Named_Snaps/alienadd.png</image></game>
<game><path>./Split/alligmix.zip</path><name>alligmix</name><image>~/../thumbs/Texas Instruments - TI-99/Named_Snaps/alligmix.png</image></game>
<game><path>./Split/alpiner.zip</path><name>alpiner</name><image>~/../thumbs/Texas Instruments - TI-99/Named_Snaps/alpiner.png</image></game>
<game><path>./Split/amazeing.zip</path><name>amazeing</name><image>~/../thumbs/Texas Instruments - TI-99/Named_Snaps/amazeing.png</image></game>
<game><path>./Split/ambulnc.zip</path><name>ambulnc</name><image>~/../thumbs/Texas Instruments - TI-99/Named_Snaps/ambulnc.png</image></game>
<game><path>./Split/anglerdg.zip</path><name>anglerdg</name><image>~/../thumbs/Texas Instruments - TI-99/Named_Snaps/anglerdg.png</image></game>
<game><path>./Split/antcolb.zip</path><name>antcolb</name><image>~/../thumbs/Texas Instruments - TI-99/Named_Snaps/antcolb.png</image></game>
<game><path>./Split/anteater.zip</path><name>anteater</name><image>~/../thumbs/Texas Instruments - TI-99/Named_Snaps/anteater.png</image></game>
<game><path>./Split/arithseq.zip</path><name>arithseq</name><image>~/../thumbs/Texas Instruments - TI-99/Named_Snaps/arithseq.png</image></game>
<game><path>./Split/asglink.zip</path><name>asglink</name><image>~/../thumbs/Texas Instruments - TI-99/Named_Snaps/asglink.png</image></game>
<game><path>./Split/astroftr.zip</path><name>astroftr</name><image>~/../thumbs/Texas Instruments - TI-99/Named_Snaps/astroftr.png</image></game>
<game><path>./Split/attack.zip</path><name>attack</name><image>~/../thumbs/Texas Instruments - TI-99/Named_Snaps/attack.png</image></game>
<game><path>./Split/attackb.zip</path><name>attackb</name><image>~/../thumbs/Texas Instruments - TI-99/Named_Snaps/attackb.png</image></game>
<game><path>./Split/attrec.zip</path><name>attrec</name><image>~/../thumbs/Texas Instruments - TI-99/Named_Snaps/attrec.png</image></game>
<game><path>./Split/barrage.zip</path><name>barrage</name><image>~/../thumbs/Texas Instruments - TI-99/Named_Snaps/barrage.png</image></game>
<game><path>./Split/baseball.zip</path><name>baseball</name><image>~/../thumbs/Texas Instruments - TI-99/Named_Snaps/baseball.png</image></game>
<game><path>./Split/beyspace.zip</path><name>beyspace</name><image>~/../thumbs/Texas Instruments - TI-99/Named_Snaps/beyspace.png</image></game>
<game><path>./Split/bgrammar.zip</path><name>bgrammar</name><image>~/../thumbs/Texas Instruments - TI-99/Named_Snaps/bgrammar.png</image></game>
<game><path>./Split/bigfoot.zip</path><name>bigfoot</name><image>~/../thumbs/Texas Instruments - TI-99/Named_Snaps/bigfoot.png</image></game>
<game><path>./Split/blackhl.zip</path><name>blackhl</name><image>~/../thumbs/Texas Instruments - TI-99/Named_Snaps/blackhl.png</image></game>
<game><path>./Split/blasto.zip</path><name>blasto</name><image>~/../thumbs/Texas Instruments - TI-99/Named_Snaps/blasto.png</image></game>
<game><path>./Split/bljpoker.zip</path><name>bljpoker</name><image>~/../thumbs/Texas Instruments - TI-99/Named_Snaps/bljpoker.png</image></game>
<game><path>./Split/boxer.zip</path><name>boxer</name><image>~/../thumbs/Texas Instruments - TI-99/Named_Snaps/boxer.png</image></game>
<game><path>./Split/bparsec.zip</path><name>bparsec</name><image>~/../thumbs/Texas Instruments - TI-99/Named_Snaps/bparsec.png</image></game>
<game><path>./Split/breakth.zip</path><name>breakth</name><image>~/../thumbs/Texas Instruments - TI-99/Named_Snaps/breakth.png</image></game>
<game><path>./Split/buckrog.zip</path><name>buckrog</name><image>~/../thumbs/Texas Instruments - TI-99/Named_Snaps/buckrog.png</image></game>
<game><path>./Split/burgerbd.zip</path><name>burgerbd</name><image>~/../thumbs/Texas Instruments - TI-99/Named_Snaps/burgerbd.png</image></game>
<game><path>./Split/burgertb.zip</path><name>burgertb</name><image>~/../thumbs/Texas Instruments - TI-99/Named_Snaps/burgertb.png</image></game>
<game><path>./Split/burgertm.zip</path><name>burgertm</name><image>~/../thumbs/Texas Instruments - TI-99/Named_Snaps/burgertm.png</image></game>
<game><path>./Split/canballb.zip</path><name>canballb</name><image>~/../thumbs/Texas Instruments - TI-99/Named_Snaps/canballb.png</image></game>
<game><path>./Split/cardshp.zip</path><name>cardshp</name><image>~/../thumbs/Texas Instruments - TI-99/Named_Snaps/cardshp.png</image></game>
<game><path>./Split/carwars.zip</path><name>carwars</name><image>~/../thumbs/Texas Instruments - TI-99/Named_Snaps/carwars.png</image></game>
<game><path>./Split/castlep.zip</path><name>castlep</name><image>~/../thumbs/Texas Instruments - TI-99/Named_Snaps/castlep.png</image></game>
<game><path>./Split/cavecrt.zip</path><name>cavecrt</name><image>~/../thumbs/Texas Instruments - TI-99/Named_Snaps/cavecrt.png</image></game>
<game><path>./Split/centipd.zip</path><name>centipd</name><image>~/../thumbs/Texas Instruments - TI-99/Named_Snaps/centipd.png</image></game>
<game><path>./Split/chess.zip</path><name>chess</name><image>~/../thumbs/Texas Instruments - TI-99/Named_Snaps/chess.png</image></game>
<game><path>./Split/chessd.zip</path><name>chessd</name><image>~/../thumbs/Texas Instruments - TI-99/Named_Snaps/chessd.png</image></game>
<game><path>./Split/chessf.zip</path><name>chessf</name><image>~/../thumbs/Texas Instruments - TI-99/Named_Snaps/chessf.png</image></game>
<game><path>./Split/chickenc.zip</path><name>chickenc</name><image>~/../thumbs/Texas Instruments - TI-99/Named_Snaps/chickenc.png</image></game>
<game><path>./Split/chisholm.zip</path><name>chisholm</name><image>~/../thumbs/Texas Instruments - TI-99/Named_Snaps/chisholm.png</image></game>
<game><path>./Split/cldata.zip</path><name>cldata</name><image>~/../thumbs/Texas Instruments - TI-99/Named_Snaps/cldata.png</image></game>
<game><path>./Split/compwar.zip</path><name>compwar</name><image>~/../thumbs/Texas Instruments - TI-99/Named_Snaps/compwar.png</image></game>
<game><path>./Split/congobng.zip</path><name>congobng</name><image>~/../thumbs/Texas Instruments - TI-99/Named_Snaps/congobng.png</image></game>
<game><path>./Split/connect4.zip</path><name>connect4</name><image>~/../thumbs/Texas Instruments - TI-99/Named_Snaps/connect4.png</image></game>
<game><path>./Split/conswr1.zip</path><name>conswr1</name><image>~/../thumbs/Texas Instruments - TI-99/Named_Snaps/conswr1.png</image></game>
<game><path>./Split/conswr2.zip</path><name>conswr2</name><image>~/../thumbs/Texas Instruments - TI-99/Named_Snaps/conswr2.png</image></game>
<game><path>./Split/coursem.zip</path><name>coursem</name><image>~/../thumbs/Texas Instruments - TI-99/Named_Snaps/coursem.png</image></game>
<game><path>./Split/crossfr.zip</path><name>crossfr</name><image>~/../thumbs/Texas Instruments - TI-99/Named_Snaps/crossfr.png</image></game>
<game><path>./Split/dbmsys.zip</path><name>dbmsys</name><image>~/../thumbs/Texas Instruments - TI-99/Named_Snaps/dbmsys.png</image></game>
<game><path>./Split/decim1.zip</path><name>decim1</name><image>~/../thumbs/Texas Instruments - TI-99/Named_Snaps/decim1.png</image></game>
<game><path>./Split/decim2.zip</path><name>decim2</name><image>~/../thumbs/Texas Instruments - TI-99/Named_Snaps/decim2.png</image></game>
<game><path>./Split/decseq.zip</path><name>decseq</name><image>~/../thumbs/Texas Instruments - TI-99/Named_Snaps/decseq.png</image></game>
<game><path>./Split/defender.zip</path><name>defender</name><image>~/../thumbs/Texas Instruments - TI-99/Named_Snaps/defender.png</image></game>
<game><path>./Split/demo.zip</path><name>demo</name><image>~/../thumbs/Texas Instruments - TI-99/Named_Snaps/demo.png</image></game>
<game><path>./Split/demode.zip</path><name>demode</name><image>~/../thumbs/Texas Instruments - TI-99/Named_Snaps/demode.png</image></game>
<game><path>./Split/demoldiv.zip</path><name>demoldiv</name><image>~/../thumbs/Texas Instruments - TI-99/Named_Snaps/demoldiv.png</image></game>
<game><path>./Split/demonat.zip</path><name>demonat</name><image>~/../thumbs/Texas Instruments - TI-99/Named_Snaps/demonat.png</image></game>
<game><path>./Split/demonatb.zip</path><name>demonatb</name><image>~/../thumbs/Texas Instruments - TI-99/Named_Snaps/demonatb.png</image></game>
<game><path>./Split/diag.zip</path><name>diag</name><image>~/../thumbs/Texas Instruments - TI-99/Named_Snaps/diag.png</image></game>
<game><path>./Split/diagfr.zip</path><name>diagfr</name><image>~/../thumbs/Texas Instruments - TI-99/Named_Snaps/diagfr.png</image></game>
<game><path>./Split/digdug.zip</path><name>digdug</name><image>~/../thumbs/Texas Instruments - TI-99/Named_Snaps/digdug.png</image></game>
<game><path>./Split/diskfx20.zip</path><name>diskfx20</name><image>~/../thumbs/Texas Instruments - TI-99/Named_Snaps/diskfx20.png</image></game>
<game><path>./Split/diskfx21.zip</path><name>diskfx21</name><image>~/../thumbs/Texas Instruments - TI-99/Named_Snaps/diskfx21.png</image></game>
<game><path>./Split/diskman.zip</path><name>diskman</name><image>~/../thumbs/Texas Instruments - TI-99/Named_Snaps/diskman.png</image></game>
<game><path>./Split/diskman2.zip</path><name>diskman2</name><image>~/../thumbs/Texas Instruments - TI-99/Named_Snaps/diskman2.png</image></game>
<game><path>./Split/diskman3.zip</path><name>diskman3</name><image>~/../thumbs/Texas Instruments - TI-99/Named_Snaps/diskman3.png</image></game>
<game><path>./Split/diskmn1i.zip</path><name>diskmn1i</name><image>~/../thumbs/Texas Instruments - TI-99/Named_Snaps/diskmn1i.png</image></game>
<game><path>./Split/divis1.zip</path><name>divis1</name><image>~/../thumbs/Texas Instruments - TI-99/Named_Snaps/divis1.png</image></game>
<game><path>./Split/divseq.zip</path><name>divseq</name><image>~/../thumbs/Texas Instruments - TI-99/Named_Snaps/divseq.png</image></game>
<game><path>./Split/donkeykg.zip</path><name>donkeykg</name><image>~/../thumbs/Texas Instruments - TI-99/Named_Snaps/donkeykg.png</image></game>
<game><path>./Split/dragonmx.zip</path><name>dragonmx</name><image>~/../thumbs/Texas Instruments - TI-99/Named_Snaps/dragonmx.png</image></game>
<game><path>./Split/drvdemon.zip</path><name>drvdemon</name><image>~/../thumbs/Texas Instruments - TI-99/Named_Snaps/drvdemon.png</image></game>
<game><path>./Split/dstatn1.zip</path><name>dstatn1</name><image>~/../thumbs/Texas Instruments - TI-99/Named_Snaps/dstatn1.png</image></game>
<game><path>./Split/dstatn2.zip</path><name>dstatn2</name><image>~/../thumbs/Texas Instruments - TI-99/Named_Snaps/dstatn2.png</image></game>
<game><path>./Split/earlylf.zip</path><name>earlylf</name><image>~/../thumbs/Texas Instruments - TI-99/Named_Snaps/earlylf.png</image></game>
<game><path>./Split/earlylog.zip</path><name>earlylog</name><image>~/../thumbs/Texas Instruments - TI-99/Named_Snaps/earlylog.png</image></game>
<game><path>./Split/earlyrd.zip</path><name>earlyrd</name><image>~/../thumbs/Texas Instruments - TI-99/Named_Snaps/earlyrd.png</image></game>
<game><path>./Split/editass.zip</path><name>editass</name><image>~/../thumbs/Texas Instruments - TI-99/Named_Snaps/editass.png</image></game>
<game><path>./Split/edupack.zip</path><name>edupack</name><image>~/../thumbs/Texas Instruments - TI-99/Named_Snaps/edupack.png</image></game>
<game><path>./Split/eleceng.zip</path><name>eleceng</name><image>~/../thumbs/Texas Instruments - TI-99/Named_Snaps/eleceng.png</image></game>
<game><path>./Split/equseq.zip</path><name>equseq</name><image>~/../thumbs/Texas Instruments - TI-99/Named_Snaps/equseq.png</image></game>
<game><path>./Split/escape.zip</path><name>escape</name><image>~/../thumbs/Texas Instruments - TI-99/Named_Snaps/escape.png</image></game>
<game><path>./Split/espial.zip</path><name>espial</name><image>~/../thumbs/Texas Instruments - TI-99/Named_Snaps/espial.png</image></game>
<game><path>./Split/et.zip</path><name>et</name><image>~/../thumbs/Texas Instruments - TI-99/Named_Snaps/et.png</image></game>
<game><path>./Split/etatsea.zip</path><name>etatsea</name><image>~/../thumbs/Texas Instruments - TI-99/Named_Snaps/etatsea.png</image></game>
<game><path>./Split/exbas25.zip</path><name>exbas25</name><image>~/../thumbs/Texas Instruments - TI-99/Named_Snaps/exbas25.png</image></game>
<game><path>./Split/exbasic.zip</path><name>exbasic</name><image>~/../thumbs/Texas Instruments - TI-99/Named_Snaps/exbasic.png</image></game>
<game><path>./Split/exbasic1.zip</path><name>exbasic1</name><image>~/../thumbs/Texas Instruments - TI-99/Named_Snaps/exbasic1.png</image></game>
<game><path>./Split/exbasm.zip</path><name>exbasm</name><image>~/../thumbs/Texas Instruments - TI-99/Named_Snaps/exbasm.png</image></game>
<game><path>./Split/exbaspl.zip</path><name>exbaspl</name><image>~/../thumbs/Texas Instruments - TI-99/Named_Snaps/exbaspl.png</image></game>
<game><path>./Split/facechs.zip</path><name>facechs</name><image>~/../thumbs/Texas Instruments - TI-99/Named_Snaps/facechs.png</image></game>
<game><path>./Split/facemake.zip</path><name>facemake</name><image>~/../thumbs/Texas Instruments - TI-99/Named_Snaps/facemake.png</image></game>
<game><path>./Split/fantasy.zip</path><name>fantasy</name><image>~/../thumbs/Texas Instruments - TI-99/Named_Snaps/fantasy.png</image></game>
<game><path>./Split/fathom.zip</path><name>fathom</name><image>~/../thumbs/Texas Instruments - TI-99/Named_Snaps/fathom.png</image></game>
<game><path>./Split/fathomb.zip</path><name>fathomb</name><image>~/../thumbs/Texas Instruments - TI-99/Named_Snaps/fathomb.png</image></game>
<game><path>./Split/figforth.zip</path><name>figforth</name><image>~/../thumbs/Texas Instruments - TI-99/Named_Snaps/figforth.png</image></game>
<game><path>./Split/fitness.zip</path><name>fitness</name><image>~/../thumbs/Texas Instruments - TI-99/Named_Snaps/fitness.png</image></game>
<game><path>./Split/football.zip</path><name>football</name><image>~/../thumbs/Texas Instruments - TI-99/Named_Snaps/football.png</image></game>
<game><path>./Split/fracseq.zip</path><name>fracseq</name><image>~/../thumbs/Texas Instruments - TI-99/Named_Snaps/fracseq.png</image></game>
<game><path>./Split/fract1.zip</path><name>fract1</name><image>~/../thumbs/Texas Instruments - TI-99/Named_Snaps/fract1.png</image></game>
<game><path>./Split/fract2.zip</path><name>fract2</name><image>~/../thumbs/Texas Instruments - TI-99/Named_Snaps/fract2.png</image></game>
<game><path>./Split/frogger.zip</path><name>frogger</name><image>~/../thumbs/Texas Instruments - TI-99/Named_Snaps/frogger.png</image></game>
<game><path>./Split/frogjump.zip</path><name>frogjump</name><image>~/../thumbs/Texas Instruments - TI-99/Named_Snaps/frogjump.png</image></game>
<game><path>./Split/frogstk.zip</path><name>frogstk</name><image>~/../thumbs/Texas Instruments - TI-99/Named_Snaps/frogstk.png</image></game>
<game><path>./Split/gamevis.zip</path><name>gamevis</name><image>~/../thumbs/Texas Instruments - TI-99/Named_Snaps/gamevis.png</image></game>
<game><path>./Split/genetics.zip</path><name>genetics</name><image>~/../thumbs/Texas Instruments - TI-99/Named_Snaps/genetics.png</image></game>
<game><path>./Split/germpat.zip</path><name>germpat</name><image>~/../thumbs/Texas Instruments - TI-99/Named_Snaps/germpat.png</image></game>
<game><path>./Split/gestprv.zip</path><name>gestprv</name><image>~/../thumbs/Texas Instruments - TI-99/Named_Snaps/gestprv.png</image></game>
<game><path>./Split/gramdis.zip</path><name>gramdis</name><image>~/../thumbs/Texas Instruments - TI-99/Named_Snaps/gramdis.png</image></game>
<game><path>./Split/gramdisn.zip</path><name>gramdisn</name><image>~/../thumbs/Texas Instruments - TI-99/Named_Snaps/gramdisn.png</image></game>
<game><path>./Split/hangman.zip</path><name>hangman</name><image>~/../thumbs/Texas Instruments - TI-99/Named_Snaps/hangman.png</image></game>
<game><path>./Split/hbudget.zip</path><name>hbudget</name><image>~/../thumbs/Texas Instruments - TI-99/Named_Snaps/hbudget.png</image></game>
<game><path>./Split/hbudgetf.zip</path><name>hbudgetf</name><image>~/../thumbs/Texas Instruments - TI-99/Named_Snaps/hbudgetf.png</image></game>
<game><path>./Split/henhouse.zip</path><name>henhouse</name><image>~/../thumbs/Texas Instruments - TI-99/Named_Snaps/henhouse.png</image></game>
<game><path>./Split/henpeck.zip</path><name>henpeck</name><image>~/../thumbs/Texas Instruments - TI-99/Named_Snaps/henpeck.png</image></game>
<game><path>./Split/hiding.zip</path><name>hiding</name><image>~/../thumbs/Texas Instruments - TI-99/Named_Snaps/hiding.png</image></game>
<game><path>./Split/homefin.zip</path><name>homefin</name><image>~/../thumbs/Texas Instruments - TI-99/Named_Snaps/homefin.png</image></game>
<game><path>./Split/homesent.zip</path><name>homesent</name><image>~/../thumbs/Texas Instruments - TI-99/Named_Snaps/homesent.png</image></game>
<game><path>./Split/homework.zip</path><name>homework</name><image>~/../thumbs/Texas Instruments - TI-99/Named_Snaps/homework.png</image></game>
<game><path>./Split/honeyhnt.zip</path><name>honeyhnt</name><image>~/../thumbs/Texas Instruments - TI-99/Named_Snaps/honeyhnt.png</image></game>
<game><path>./Split/hopper.zip</path><name>hopper</name><image>~/../thumbs/Texas Instruments - TI-99/Named_Snaps/hopper.png</image></game>
<game><path>./Split/hustle.zip</path><name>hustle</name><image>~/../thumbs/Texas Instruments - TI-99/Named_Snaps/hustle.png</image></game>
<game><path>./Split/ibmcopy.zip</path><name>ibmcopy</name><image>~/../thumbs/Texas Instruments - TI-99/Named_Snaps/ibmcopy.png</image></game>
<game><path>./Split/intseq.zip</path><name>intseq</name><image>~/../thumbs/Texas Instruments - TI-99/Named_Snaps/intseq.png</image></game>
<game><path>./Split/invaders.zip</path><name>invaders</name><image>~/../thumbs/Texas Instruments - TI-99/Named_Snaps/invaders.png</image></game>
<game><path>./Split/jawbreak.zip</path><name>jawbreak</name><image>~/../thumbs/Texas Instruments - TI-99/Named_Snaps/jawbreak.png</image></game>
<game><path>./Split/jumpy.zip</path><name>jumpy</name><image>~/../thumbs/Texas Instruments - TI-99/Named_Snaps/jumpy.png</image></game>
<game><path>./Split/jungleht.zip</path><name>jungleht</name><image>~/../thumbs/Texas Instruments - TI-99/Named_Snaps/jungleht.png</image></game>
<game><path>./Split/junkmnj.zip</path><name>junkmnj</name><image>~/../thumbs/Texas Instruments - TI-99/Named_Snaps/junkmnj.png</image></game>
<game><path>./Split/kingcast.zip</path><name>kingcast</name><image>~/../thumbs/Texas Instruments - TI-99/Named_Snaps/kingcast.png</image></game>
<game><path>./Split/lasso.zip</path><name>lasso</name><image>~/../thumbs/Texas Instruments - TI-99/Named_Snaps/lasso.png</image></game>
<game><path>./Split/logo1.zip</path><name>logo1</name><image>~/../thumbs/Texas Instruments - TI-99/Named_Snaps/logo1.png</image></game>
<game><path>./Split/logo2.zip</path><name>logo2</name><image>~/../thumbs/Texas Instruments - TI-99/Named_Snaps/logo2.png</image></game>
<game><path>./Split/logo2d.zip</path><name>logo2d</name><image>~/../thumbs/Texas Instruments - TI-99/Named_Snaps/logo2d.png</image></game>
<game><path>./Split/logo2i.zip</path><name>logo2i</name><image>~/../thumbs/Texas Instruments - TI-99/Named_Snaps/logo2i.png</image></game>
<game><path>./Split/mancala.zip</path><name>mancala</name><image>~/../thumbs/Texas Instruments - TI-99/Named_Snaps/mancala.png</image></game>
<game><path>./Split/mash.zip</path><name>mash</name><image>~/../thumbs/Texas Instruments - TI-99/Named_Snaps/mash.png</image></game>
<game><path>./Split/mathgm1.zip</path><name>mathgm1</name><image>~/../thumbs/Texas Instruments - TI-99/Named_Snaps/mathgm1.png</image></game>
<game><path>./Split/mathgm2.zip</path><name>mathgm2</name><image>~/../thumbs/Texas Instruments - TI-99/Named_Snaps/mathgm2.png</image></game>
<game><path>./Split/mathgm3.zip</path><name>mathgm3</name><image>~/../thumbs/Texas Instruments - TI-99/Named_Snaps/mathgm3.png</image></game>
<game><path>./Split/mathgm4.zip</path><name>mathgm4</name><image>~/../thumbs/Texas Instruments - TI-99/Named_Snaps/mathgm4.png</image></game>
<game><path>./Split/mathgm6.zip</path><name>mathgm6</name><image>~/../thumbs/Texas Instruments - TI-99/Named_Snaps/mathgm6.png</image></game>
<game><path>./Split/measseq.zip</path><name>measseq</name><image>~/../thumbs/Texas Instruments - TI-99/Named_Snaps/measseq.png</image></game>
<game><path>./Split/meteorbt.zip</path><name>meteorbt</name><image>~/../thumbs/Texas Instruments - TI-99/Named_Snaps/meteorbt.png</image></game>
<game><path>./Split/meteormt.zip</path><name>meteormt</name><image>~/../thumbs/Texas Instruments - TI-99/Named_Snaps/meteormt.png</image></game>
<game><path>./Split/micropb2.zip</path><name>micropb2</name><image>~/../thumbs/Texas Instruments - TI-99/Named_Snaps/micropb2.png</image></game>
<game><path>./Split/microsur.zip</path><name>microsur</name><image>~/../thumbs/Texas Instruments - TI-99/Named_Snaps/microsur.png</image></game>
<game><path>./Split/midnitem.zip</path><name>midnitem</name><image>~/../thumbs/Texas Instruments - TI-99/Named_Snaps/midnitem.png</image></game>
<game><path>./Split/millmgr.zip</path><name>millmgr</name><image>~/../thumbs/Texas Instruments - TI-99/Named_Snaps/millmgr.png</image></game>
<game><path>./Split/miner.zip</path><name>miner</name><image>~/../thumbs/Texas Instruments - TI-99/Named_Snaps/miner.png</image></game>
<game><path>./Split/minimem.zip</path><name>minimem</name><image>~/../thumbs/Texas Instruments - TI-99/Named_Snaps/minimem.png</image></game>
<game><path>./Split/miniwr2.zip</path><name>miniwr2</name><image>~/../thumbs/Texas Instruments - TI-99/Named_Snaps/miniwr2.png</image></game>
<game><path>./Split/minusmis.zip</path><name>minusmis</name><image>~/../thumbs/Texas Instruments - TI-99/Named_Snaps/minusmis.png</image></game>
<game><path>./Split/missionx.zip</path><name>missionx</name><image>~/../thumbs/Texas Instruments - TI-99/Named_Snaps/missionx.png</image></game>
<game><path>./Split/molmiss.zip</path><name>molmiss</name><image>~/../thumbs/Texas Instruments - TI-99/Named_Snaps/molmiss.png</image></game>
<game><path>./Split/moonmine.zip</path><name>moonmine</name><image>~/../thumbs/Texas Instruments - TI-99/Named_Snaps/moonmine.png</image></game>
<game><path>./Split/moonpatr.zip</path><name>moonpatr</name><image>~/../thumbs/Texas Instruments - TI-99/Named_Snaps/moonpatr.png</image></game>
<game><path>./Split/moonswp.zip</path><name>moonswp</name><image>~/../thumbs/Texas Instruments - TI-99/Named_Snaps/moonswp.png</image></game>
<game><path>./Split/mouskat.zip</path><name>mouskat</name><image>~/../thumbs/Texas Instruments - TI-99/Named_Snaps/mouskat.png</image></game>
<game><path>./Split/mspacman.zip</path><name>mspacman</name><image>~/../thumbs/Texas Instruments - TI-99/Named_Snaps/mspacman.png</image></game>
<game><path>./Split/multip1.zip</path><name>multip1</name><image>~/../thumbs/Texas Instruments - TI-99/Named_Snaps/multip1.png</image></game>
<game><path>./Split/multip2.zip</path><name>multip2</name><image>~/../thumbs/Texas Instruments - TI-99/Named_Snaps/multip2.png</image></game>
<game><path>./Split/multipln.zip</path><name>multipln</name><image>~/../thumbs/Texas Instruments - TI-99/Named_Snaps/multipln.png</image></game>
<game><path>./Split/multseq.zip</path><name>multseq</name><image>~/../thumbs/Texas Instruments - TI-99/Named_Snaps/multseq.png</image></game>
<game><path>./Split/munchman.zip</path><name>munchman</name><image>~/../thumbs/Texas Instruments - TI-99/Named_Snaps/munchman.png</image></game>
<game><path>./Split/munchmn2.zip</path><name>munchmn2</name><image>~/../thumbs/Texas Instruments - TI-99/Named_Snaps/munchmn2.png</image></game>
<game><path>./Split/munchmnb.zip</path><name>munchmnb</name><image>~/../thumbs/Texas Instruments - TI-99/Named_Snaps/munchmnb.png</image></game>
<game><path>./Split/munchmob.zip</path><name>munchmob</name><image>~/../thumbs/Texas Instruments - TI-99/Named_Snaps/munchmob.png</image></game>
<game><path>./Split/musicmak.zip</path><name>musicmak</name><image>~/../thumbs/Texas Instruments - TI-99/Named_Snaps/musicmak.png</image></game>
<game><path>./Split/musicsda.zip</path><name>musicsda</name><image>~/../thumbs/Texas Instruments - TI-99/Named_Snaps/musicsda.png</image></game>
<game><path>./Split/nature.zip</path><name>nature</name><image>~/../thumbs/Texas Instruments - TI-99/Named_Snaps/nature.png</image></game>
<game><path>./Split/nbrdyseq.zip</path><name>nbrdyseq</name><image>~/../thumbs/Texas Instruments - TI-99/Named_Snaps/nbrdyseq.png</image></game>
<game><path>./Split/numbbwl.zip</path><name>numbbwl</name><image>~/../thumbs/Texas Instruments - TI-99/Named_Snaps/numbbwl.png</image></game>
<game><path>./Split/numbmag.zip</path><name>numbmag</name><image>~/../thumbs/Texas Instruments - TI-99/Named_Snaps/numbmag.png</image></game>
<game><path>./Split/numbmagi.zip</path><name>numbmagi</name><image>~/../thumbs/Texas Instruments - TI-99/Named_Snaps/numbmagi.png</image></game>
<game><path>./Split/numerat1.zip</path><name>numerat1</name><image>~/../thumbs/Texas Instruments - TI-99/Named_Snaps/numerat1.png</image></game>
<game><path>./Split/numerat2.zip</path><name>numerat2</name><image>~/../thumbs/Texas Instruments - TI-99/Named_Snaps/numerat2.png</image></game>
<game><path>./Split/os99.zip</path><name>os99</name><image>~/../thumbs/Texas Instruments - TI-99/Named_Snaps/os99.png</image></game>
<game><path>./Split/othello.zip</path><name>othello</name><image>~/../thumbs/Texas Instruments - TI-99/Named_Snaps/othello.png</image></game>
<game><path>./Split/pacman.zip</path><name>pacman</name><image>~/../thumbs/Texas Instruments - TI-99/Named_Snaps/pacman.png</image></game>
<game><path>./Split/paddlebl.zip</path><name>paddlebl</name><image>~/../thumbs/Texas Instruments - TI-99/Named_Snaps/paddlebl.png</image></game>
<game><path>./Split/parsec.zip</path><name>parsec</name><image>~/../thumbs/Texas Instruments - TI-99/Named_Snaps/parsec.png</image></game>
<game><path>./Split/pascdev.zip</path><name>pascdev</name><image>~/../thumbs/Texas Instruments - TI-99/Named_Snaps/pascdev.png</image></game>
<game><path>./Split/payroll.zip</path><name>payroll</name><image>~/../thumbs/Texas Instruments - TI-99/Named_Snaps/payroll.png</image></game>
<game><path>./Split/percseq.zip</path><name>percseq</name><image>~/../thumbs/Texas Instruments - TI-99/Named_Snaps/percseq.png</image></game>
<game><path>./Split/perrec.zip</path><name>perrec</name><image>~/../thumbs/Texas Instruments - TI-99/Named_Snaps/perrec.png</image></game>
<game><path>./Split/perrecdi.zip</path><name>perrecdi</name><image>~/../thumbs/Texas Instruments - TI-99/Named_Snaps/perrecdi.png</image></game>
<game><path>./Split/perreped.zip</path><name>perreped</name><image>~/../thumbs/Texas Instruments - TI-99/Named_Snaps/perreped.png</image></game>
<game><path>./Split/pertest.zip</path><name>pertest</name><image>~/../thumbs/Texas Instruments - TI-99/Named_Snaps/pertest.png</image></game>
<game><path>./Split/peterpan.zip</path><name>peterpan</name><image>~/../thumbs/Texas Instruments - TI-99/Named_Snaps/peterpan.png</image></game>
<game><path>./Split/picnicpr.zip</path><name>picnicpr</name><image>~/../thumbs/Texas Instruments - TI-99/Named_Snaps/picnicpr.png</image></game>
<game><path>./Split/picparts.zip</path><name>picparts</name><image>~/../thumbs/Texas Instruments - TI-99/Named_Snaps/picparts.png</image></game>
<game><path>./Split/pinocesc.zip</path><name>pinocesc</name><image>~/../thumbs/Texas Instruments - TI-99/Named_Snaps/pinocesc.png</image></game>
<game><path>./Split/plato.zip</path><name>plato</name><image>~/../thumbs/Texas Instruments - TI-99/Named_Snaps/plato.png</image></game>
<game><path>./Split/polepos.zip</path><name>polepos</name><image>~/../thumbs/Texas Instruments - TI-99/Named_Snaps/polepos.png</image></game>
<game><path>./Split/popeye.zip</path><name>popeye</name><image>~/../thumbs/Texas Instruments - TI-99/Named_Snaps/popeye.png</image></game>
<game><path>./Split/prestate.zip</path><name>prestate</name><image>~/../thumbs/Texas Instruments - TI-99/Named_Snaps/prestate.png</image></game>
<game><path>./Split/prfrog.zip</path><name>prfrog</name><image>~/../thumbs/Texas Instruments - TI-99/Named_Snaps/prfrog.png</image></game>
<game><path>./Split/protect2.zip</path><name>protect2</name><image>~/../thumbs/Texas Instruments - TI-99/Named_Snaps/protect2.png</image></game>
<game><path>./Split/protyper.zip</path><name>protyper</name><image>~/../thumbs/Texas Instruments - TI-99/Named_Snaps/protyper.png</image></game>
<game><path>./Split/ptprgp.zip</path><name>ptprgp</name><image>~/../thumbs/Texas Instruments - TI-99/Named_Snaps/ptprgp.png</image></game>
<game><path>./Split/ptpribm.zip</path><name>ptpribm</name><image>~/../thumbs/Texas Instruments - TI-99/Named_Snaps/ptpribm.png</image></game>
<game><path>./Split/pyramidp.zip</path><name>pyramidp</name><image>~/../thumbs/Texas Instruments - TI-99/Named_Snaps/pyramidp.png</image></game>
<game><path>./Split/qbert.zip</path><name>qbert</name><image>~/../thumbs/Texas Instruments - TI-99/Named_Snaps/qbert.png</image></game>
<game><path>./Split/rabbit.zip</path><name>rabbit</name><image>~/../thumbs/Texas Instruments - TI-99/Named_Snaps/rabbit.png</image></game>
<game><path>./Split/readadv.zip</path><name>readadv</name><image>~/../thumbs/Texas Instruments - TI-99/Named_Snaps/readadv.png</image></game>
<game><path>./Split/readchrs.zip</path><name>readchrs</name><image>~/../thumbs/Texas Instruments - TI-99/Named_Snaps/readchrs.png</image></game>
<game><path>./Split/readflt.zip</path><name>readflt</name><image>~/../thumbs/Texas Instruments - TI-99/Named_Snaps/readflt.png</image></game>
<game><path>./Split/readfun.zip</path><name>readfun</name><image>~/../thumbs/Texas Instruments - TI-99/Named_Snaps/readfun.png</image></game>
<game><path>./Split/readon.zip</path><name>readon</name><image>~/../thumbs/Texas Instruments - TI-99/Named_Snaps/readon.png</image></game>
<game><path>./Split/readpow.zip</path><name>readpow</name><image>~/../thumbs/Texas Instruments - TI-99/Named_Snaps/readpow.png</image></game>
<game><path>./Split/readrbow.zip</path><name>readrbow</name><image>~/../thumbs/Texas Instruments - TI-99/Named_Snaps/readrbow.png</image></game>
<game><path>./Split/readrly.zip</path><name>readrly</name><image>~/../thumbs/Texas Instruments - TI-99/Named_Snaps/readrly.png</image></game>
<game><path>./Split/readrnd.zip</path><name>readrnd</name><image>~/../thumbs/Texas Instruments - TI-99/Named_Snaps/readrnd.png</image></game>
<game><path>./Split/readtrl.zip</path><name>readtrl</name><image>~/../thumbs/Texas Instruments - TI-99/Named_Snaps/readtrl.png</image></game>
<game><path>./Split/readwon.zip</path><name>readwon</name><image>~/../thumbs/Texas Instruments - TI-99/Named_Snaps/readwon.png</image></game>
<game><path>./Split/retpirat.zip</path><name>retpirat</name><image>~/../thumbs/Texas Instruments - TI-99/Named_Snaps/retpirat.png</image></game>
<game><path>./Split/riverres.zip</path><name>riverres</name><image>~/../thumbs/Texas Instruments - TI-99/Named_Snaps/riverres.png</image></game>
<game><path>./Split/robotron.zip</path><name>robotron</name><image>~/../thumbs/Texas Instruments - TI-99/Named_Snaps/robotron.png</image></game>
<game><path>./Split/romoxdem.zip</path><name>romoxdem</name><image>~/../thumbs/Texas Instruments - TI-99/Named_Snaps/romoxdem.png</image></game>
<game><path>./Split/rotorrd.zip</path><name>rotorrd</name><image>~/../thumbs/Texas Instruments - TI-99/Named_Snaps/rotorrd.png</image></game>
<game><path>./Split/saguaro.zip</path><name>saguaro</name><image>~/../thumbs/Texas Instruments - TI-99/Named_Snaps/saguaro.png</image></game>
<game><path>./Split/salaryp.zip</path><name>salaryp</name><image>~/../thumbs/Texas Instruments - TI-99/Named_Snaps/salaryp.png</image></game>
<game><path>./Split/schnoz.zip</path><name>schnoz</name><image>~/../thumbs/Texas Instruments - TI-99/Named_Snaps/schnoz.png</image></game>
<game><path>./Split/scholsp3.zip</path><name>scholsp3</name><image>~/../thumbs/Texas Instruments - TI-99/Named_Snaps/scholsp3.png</image></game>
<game><path>./Split/scholsp4.zip</path><name>scholsp4</name><image>~/../thumbs/Texas Instruments - TI-99/Named_Snaps/scholsp4.png</image></game>
<game><path>./Split/scholsp5.zip</path><name>scholsp5</name><image>~/../thumbs/Texas Instruments - TI-99/Named_Snaps/scholsp5.png</image></game>
<game><path>./Split/scholsp6.zip</path><name>scholsp6</name><image>~/../thumbs/Texas Instruments - TI-99/Named_Snaps/scholsp6.png</image></game>
<game><path>./Split/schoolm.zip</path><name>schoolm</name><image>~/../thumbs/Texas Instruments - TI-99/Named_Snaps/schoolm.png</image></game>
<game><path>./Split/sdiskmn.zip</path><name>sdiskmn</name><image>~/../thumbs/Texas Instruments - TI-99/Named_Snaps/sdiskmn.png</image></game>
<game><path>./Split/securana.zip</path><name>securana</name><image>~/../thumbs/Texas Instruments - TI-99/Named_Snaps/securana.png</image></game>
<game><path>./Split/sewerman.zip</path><name>sewerman</name><image>~/../thumbs/Texas Instruments - TI-99/Named_Snaps/sewerman.png</image></game>
<game><path>./Split/shamus.zip</path><name>shamus</name><image>~/../thumbs/Texas Instruments - TI-99/Named_Snaps/shamus.png</image></game>
<game><path>./Split/shanghai.zip</path><name>shanghai</name><image>~/../thumbs/Texas Instruments - TI-99/Named_Snaps/shanghai.png</image></game>
<game><path>./Split/simon.zip</path><name>simon</name><image>~/../thumbs/Texas Instruments - TI-99/Named_Snaps/simon.png</image></game>
<game><path>./Split/slymoids.zip</path><name>slymoids</name><image>~/../thumbs/Texas Instruments - TI-99/Named_Snaps/slymoids.png</image></game>
<game><path>./Split/sneggit.zip</path><name>sneggit</name><image>~/../thumbs/Texas Instruments - TI-99/Named_Snaps/sneggit.png</image></game>
<game><path>./Split/soccer.zip</path><name>soccer</name><image>~/../thumbs/Texas Instruments - TI-99/Named_Snaps/soccer.png</image></game>
<game><path>./Split/sorgan2.zip</path><name>sorgan2</name><image>~/../thumbs/Texas Instruments - TI-99/Named_Snaps/sorgan2.png</image></game>
<game><path>./Split/soundtro.zip</path><name>soundtro</name><image>~/../thumbs/Texas Instruments - TI-99/Named_Snaps/soundtro.png</image></game>
<game><path>./Split/spaceban.zip</path><name>spaceban</name><image>~/../thumbs/Texas Instruments - TI-99/Named_Snaps/spaceban.png</image></game>
<game><path>./Split/spacepat.zip</path><name>spacepat</name><image>~/../thumbs/Texas Instruments - TI-99/Named_Snaps/spacepat.png</image></game>
<game><path>./Split/span12.zip</path><name>span12</name><image>~/../thumbs/Texas Instruments - TI-99/Named_Snaps/span12.png</image></game>
<game><path>./Split/span34.zip</path><name>span34</name><image>~/../thumbs/Texas Instruments - TI-99/Named_Snaps/span34.png</image></game>
<game><path>./Split/span56.zip</path><name>span56</name><image>~/../thumbs/Texas Instruments - TI-99/Named_Snaps/span56.png</image></game>
<game><path>./Split/spcjourn.zip</path><name>spcjourn</name><image>~/../thumbs/Texas Instruments - TI-99/Named_Snaps/spcjourn.png</image></game>
<game><path>./Split/speeched.zip</path><name>speeched</name><image>~/../thumbs/Texas Instruments - TI-99/Named_Snaps/speeched.png</image></game>
<game><path>./Split/speedrda.zip</path><name>speedrda</name><image>~/../thumbs/Texas Instruments - TI-99/Named_Snaps/speedrda.png</image></game>
<game><path>./Split/speedrdb.zip</path><name>speedrdb</name><image>~/../thumbs/Texas Instruments - TI-99/Named_Snaps/speedrdb.png</image></game>
<game><path>./Split/springer.zip</path><name>springer</name><image>~/../thumbs/Texas Instruments - TI-99/Named_Snaps/springer.png</image></game>
<game><path>./Split/spysdem.zip</path><name>spysdem</name><image>~/../thumbs/Texas Instruments - TI-99/Named_Snaps/spysdem.png</image></game>
<game><path>./Split/stargz1.zip</path><name>stargz1</name><image>~/../thumbs/Texas Instruments - TI-99/Named_Snaps/stargz1.png</image></game>
<game><path>./Split/stargz2.zip</path><name>stargz2</name><image>~/../thumbs/Texas Instruments - TI-99/Named_Snaps/stargz2.png</image></game>
<game><path>./Split/stargz3.zip</path><name>stargz3</name><image>~/../thumbs/Texas Instruments - TI-99/Named_Snaps/stargz3.png</image></game>
<game><path>./Split/starmaze.zip</path><name>starmaze</name><image>~/../thumbs/Texas Instruments - TI-99/Named_Snaps/starmaze.png</image></game>
<game><path>./Split/starrun.zip</path><name>starrun</name><image>~/../thumbs/Texas Instruments - TI-99/Named_Snaps/starrun.png</image></game>
<game><path>./Split/startrek.zip</path><name>startrek</name><image>~/../thumbs/Texas Instruments - TI-99/Named_Snaps/startrek.png</image></game>
<game><path>./Split/starwars.zip</path><name>starwars</name><image>~/../thumbs/Texas Instruments - TI-99/Named_Snaps/starwars.png</image></game>
<game><path>./Split/statisd.zip</path><name>statisd</name><image>~/../thumbs/Texas Instruments - TI-99/Named_Snaps/statisd.png</image></game>
<game><path>./Split/statistc.zip</path><name>statistc</name><image>~/../thumbs/Texas Instruments - TI-99/Named_Snaps/statistc.png</image></game>
<game><path>./Split/stnick.zip</path><name>stnick</name><image>~/../thumbs/Texas Instruments - TI-99/Named_Snaps/stnick.png</image></game>
<game><path>./Split/storymch.zip</path><name>storymch</name><image>~/../thumbs/Texas Instruments - TI-99/Named_Snaps/storymch.png</image></game>
<game><path>./Split/strike3.zip</path><name>strike3</name><image>~/../thumbs/Texas Instruments - TI-99/Named_Snaps/strike3.png</image></game>
<game><path>./Split/subcomm.zip</path><name>subcomm</name><image>~/../thumbs/Texas Instruments - TI-99/Named_Snaps/subcomm.png</image></game>
<game><path>./Split/submarin.zip</path><name>submarin</name><image>~/../thumbs/Texas Instruments - TI-99/Named_Snaps/submarin.png</image></game>
<game><path>./Split/subseq.zip</path><name>subseq</name><image>~/../thumbs/Texas Instruments - TI-99/Named_Snaps/subseq.png</image></game>
<game><path>./Split/sudoku.zip</path><name>sudoku</name><image>~/../thumbs/Texas Instruments - TI-99/Named_Snaps/sudoku.png</image></game>
<game><path>./Split/supduper.zip</path><name>supduper</name><image>~/../thumbs/Texas Instruments - TI-99/Named_Snaps/supduper.png</image></game>
<game><path>./Split/superfly.zip</path><name>superfly</name><image>~/../thumbs/Texas Instruments - TI-99/Named_Snaps/superfly.png</image></game>
<game><path>./Split/supersk.zip</path><name>supersk</name><image>~/../thumbs/Texas Instruments - TI-99/Named_Snaps/supersk.png</image></game>
<game><path>./Split/supersp2.zip</path><name>supersp2</name><image>~/../thumbs/Texas Instruments - TI-99/Named_Snaps/supersp2.png</image></game>
<game><path>./Split/superst.zip</path><name>superst</name><image>~/../thumbs/Texas Instruments - TI-99/Named_Snaps/superst.png</image></game>
<game><path>./Split/superxb.zip</path><name>superxb</name><image>~/../thumbs/Texas Instruments - TI-99/Named_Snaps/superxb.png</image></game>
<game><path>./Split/supsort.zip</path><name>supsort</name><image>~/../thumbs/Texas Instruments - TI-99/Named_Snaps/supsort.png</image></game>
<game><path>./Split/taxrec.zip</path><name>taxrec</name><image>~/../thumbs/Texas Instruments - TI-99/Named_Snaps/taxrec.png</image></game>
<game><path>./Split/tennis.zip</path><name>tennis</name><image>~/../thumbs/Texas Instruments - TI-99/Named_Snaps/tennis.png</image></game>
<game><path>./Split/tennisv.zip</path><name>tennisv</name><image>~/../thumbs/Texas Instruments - TI-99/Named_Snaps/tennisv.png</image></game>
<game><path>./Split/termemu1.zip</path><name>termemu1</name><image>~/../thumbs/Texas Instruments - TI-99/Named_Snaps/termemu1.png</image></game>
<game><path>./Split/termemu2.zip</path><name>termemu2</name><image>~/../thumbs/Texas Instruments - TI-99/Named_Snaps/termemu2.png</image></game>
<game><path>./Split/terrytur.zip</path><name>terrytur</name><image>~/../thumbs/Texas Instruments - TI-99/Named_Snaps/terrytur.png</image></game>
<game><path>./Split/testtrai.zip</path><name>testtrai</name><image>~/../thumbs/Texas Instruments - TI-99/Named_Snaps/testtrai.png</image></game>
<game><path>./Split/ticalc.zip</path><name>ticalc</name><image>~/../thumbs/Texas Instruments - TI-99/Named_Snaps/ticalc.png</image></game>
<game><path>./Split/tilebrk.zip</path><name>tilebrk</name><image>~/../thumbs/Texas Instruments - TI-99/Named_Snaps/tilebrk.png</image></game>
<game><path>./Split/tiplanr.zip</path><name>tiplanr</name><image>~/../thumbs/Texas Instruments - TI-99/Named_Snaps/tiplanr.png</image></game>
<game><path>./Split/titoad.zip</path><name>titoad</name><image>~/../thumbs/Texas Instruments - TI-99/Named_Snaps/titoad.png</image></game>
<game><path>./Split/tombstn.zip</path><name>tombstn</name><image>~/../thumbs/Texas Instruments - TI-99/Named_Snaps/tombstn.png</image></game>
<game><path>./Split/topper.zip</path><name>topper</name><image>~/../thumbs/Texas Instruments - TI-99/Named_Snaps/topper.png</image></game>
<game><path>./Split/touchtyp.zip</path><name>touchtyp</name><image>~/../thumbs/Texas Instruments - TI-99/Named_Snaps/touchtyp.png</image></game>
<game><path>./Split/treaislb.zip</path><name>treaislb</name><image>~/../thumbs/Texas Instruments - TI-99/Named_Snaps/treaislb.png</image></game>
<game><path>./Split/treasure.zip</path><name>treasure</name><image>~/../thumbs/Texas Instruments - TI-99/Named_Snaps/treasure.png</image></game>
<game><path>./Split/tundoom.zip</path><name>tundoom</name><image>~/../thumbs/Texas Instruments - TI-99/Named_Snaps/tundoom.png</image></game>
<game><path>./Split/typo2.zip</path><name>typo2</name><image>~/../thumbs/Texas Instruments - TI-99/Named_Snaps/typo2.png</image></game>
<game><path>./Split/typoman.zip</path><name>typoman</name><image>~/../thumbs/Texas Instruments - TI-99/Named_Snaps/typoman.png</image></game>
<game><path>./Split/vatacct.zip</path><name>vatacct</name><image>~/../thumbs/Texas Instruments - TI-99/Named_Snaps/vatacct.png</image></game>
<game><path>./Split/verbvip.zip</path><name>verbvip</name><image>~/../thumbs/Texas Instruments - TI-99/Named_Snaps/verbvip.png</image></game>
<game><path>./Split/vgames1.zip</path><name>vgames1</name><image>~/../thumbs/Texas Instruments - TI-99/Named_Snaps/vgames1.png</image></game>
<game><path>./Split/vgames2.zip</path><name>vgames2</name><image>~/../thumbs/Texas Instruments - TI-99/Named_Snaps/vgames2.png</image></game>
<game><path>./Split/vgraphs.zip</path><name>vgraphs</name><image>~/../thumbs/Texas Instruments - TI-99/Named_Snaps/vgraphs.png</image></game>
<game><path>./Split/videovg.zip</path><name>videovg</name><image>~/../thumbs/Texas Instruments - TI-99/Named_Snaps/videovg.png</image></game>
<game><path>./Split/weight.zip</path><name>weight</name><image>~/../thumbs/Texas Instruments - TI-99/Named_Snaps/weight.png</image></game>
<game><path>./Split/wingwar.zip</path><name>wingwar</name><image>~/../thumbs/Texas Instruments - TI-99/Named_Snaps/wingwar.png</image></game>
<game><path>./Split/wingwarb.zip</path><name>wingwarb</name><image>~/../thumbs/Texas Instruments - TI-99/Named_Snaps/wingwarb.png</image></game>
<game><path>./Split/wordinva.zip</path><name>wordinva</name><image>~/../thumbs/Texas Instruments - TI-99/Named_Snaps/wordinva.png</image></game>
<game><path>./Split/wordradr.zip</path><name>wordradr</name><image>~/../thumbs/Texas Instruments - TI-99/Named_Snaps/wordradr.png</image></game>
<game><path>./Split/writer.zip</path><name>writer</name><image>~/../thumbs/Texas Instruments - TI-99/Named_Snaps/writer.png</image></game>
<game><path>./Split/writerg.zip</path><name>writerg</name><image>~/../thumbs/Texas Instruments - TI-99/Named_Snaps/writerg.png</image></game>
<game><path>./Split/wumpus.zip</path><name>wumpus</name><image>~/../thumbs/Texas Instruments - TI-99/Named_Snaps/wumpus.png</image></game>
<game><path>./Split/yahtzee.zip</path><name>yahtzee</name><image>~/../thumbs/Texas Instruments - TI-99/Named_Snaps/yahtzee.png</image></game>
<game><path>./Split/zerozap.zip</path><name>zerozap</name><image>~/../thumbs/Texas Instruments - TI-99/Named_Snaps/zerozap.png</image></game>
<folder><path>./Split</path><name>Split</name><image>~/../thumb/ti99.png</image></folder>
</gameList>
